{"type":"FeatureCollection","features":[{"type":"Feature","properties":{"id":"repentigny","name":"Repentigny","type":"city"},"geometry":{"type":"MultiPolygon","coordinates":[[[[-73.4868217,45.7310285],[-73.5010021,45.738065],[-73.5019162,45.7366336],[-73.517022,45.7439889],[-73.5171187,45.7459827],[-73.5167949,45.7471438],[-73.520958,45.7491773],[-73.5208762,45.749841],[-73.5280034,45.7533584],[-73.526877,45.7660399],[-73.5266701,45.7693624],[-73.5261594,45.7746106],[-73.5260514,45.7763203],[-73.5260931,45.7771853],[-73.5239361,45.8061609],[-73.5238934,45.8086808],[-73.523518,45.813621],[-73.5153512,45.8132911],[-73.5119567,45.8108032],[-73.510846,45.8116054],[-73.5113646,45.8120169],[-73.5093726,45.8133126],[-73.5116748,45.8151477],[-73.5093681,45.8161332],[-73.50995,45.816597],[-73.5094352,45.8169678],[-73.5074963,45.8191477],[-73.5043179,45.8174789],[-73.5032369,45.8184903],[-73.4939752,45.8121045],[-73.4942946,45.8089098],[-73.4740777,45.7931061],[-73.4585395,45.7807887],[-73.45046383160971,45.77451867105185],[-73.450698,45.7732498],[-73.4517758,45.769507],[-73.452641,45.7675749],[-73.4534611,45.7666669],[-73.4543525,45.7659645],[-73.4546792,45.7655558],[-73.4552725,45.7650717],[-73.4552969,45.7648895],[-73.4556434,45.7644951],[-73.4562042,45.7640218],[-73.4576845,45.7620156],[-73.4589758,45.7605181],[-73.4599758,45.7589581],[-73.4608314,45.7578989],[-73.4626201,45.7560535],[-73.4651072,45.7538347],[-73.4672601,45.7523332],[-73.4691822,45.750756],[-73.4709294,45.7494461],[-73.4719351,45.7481652],[-73.4733485,45.7469268],[-73.4748174,45.7460847],[-73.476192,45.7454734],[-73.4769353,45.745037],[-73.4784288,45.743928],[-73.4792666,45.7430877],[-73.4804664,45.7412035],[-73.4811662,45.739532],[-73.482205,45.7359406],[-73.4823133,45.7350667],[-73.4824817,45.7347958],[-73.4824361,45.7347042],[-73.4828141,45.7330593],[-73.484105,45.7304618],[-73.4842191,45.7298993],[-73.48428175640953,45.72986525053697],[-73.4848213,45.730128],[-73.4855416,45.7303215],[-73.4868217,45.7310285]],[[-73.4922004,45.7379733],[-73.4929436,45.7372491],[-73.4904877,45.7360215],[-73.4897446,45.7367458],[-73.4922004,45.7379733]],[[-73.4921262,45.7380643],[-73.4896583,45.7368366],[-73.4889186,45.7375609],[-73.4913864,45.7387886],[-73.4921262,45.7380643]],[[-73.4955021,45.7385394],[-73.4930462,45.7373136],[-73.492306,45.738036],[-73.4947619,45.7392617],[-73.4955021,45.7385394]],[[-73.4939542,45.7400578],[-73.4946851,45.7393372],[-73.4922247,45.7381216],[-73.4914939,45.7388422],[-73.4939542,45.7400578]],[[-73.5207987,45.7600324],[-73.5210811,45.7602177],[-73.5211178,45.7601058],[-73.5210343,45.7598599],[-73.5208088,45.7598878],[-73.5207987,45.7600324]]],[[[-73.4730585,45.7026926],[-73.4730343,45.7030346],[-73.4725839,45.7034502],[-73.4715344,45.7051384],[-73.4714392,45.7054347],[-73.4714152,45.7059367],[-73.4712294,45.7061731],[-73.470754,45.706291],[-73.4706566,45.7065115],[-73.4681014,45.7080165],[-73.4677965,45.7080353],[-73.4665706,45.7085513],[-73.4656104,45.7086719],[-73.4650242,45.7090634],[-73.464645,45.7091768],[-73.4626275,45.7091305],[-73.4619026,45.7092904],[-73.461921,45.7086929],[-73.4616751,45.7085946],[-73.4611306,45.7085825],[-73.4604297,45.7087482],[-73.4601531,45.7089245],[-73.4599136,45.7088936],[-73.4597771,45.7087377],[-73.4589846,45.7085515],[-73.4590351,45.7084511],[-73.4596732,45.708063],[-73.4596819,45.7075383],[-73.4590183,45.7069889],[-73.4595435,45.7067987],[-73.460341,45.7062806],[-73.4606517,45.7056894],[-73.4607545,45.7052444],[-73.4611635,45.7047245],[-73.4618778,45.7046656],[-73.4624513,45.7042992],[-73.4627176,45.7043837],[-73.4631313,45.7043353],[-73.4637295,45.7047745],[-73.4641763,45.7048471],[-73.465171,45.7042836],[-73.4667131,45.7039398],[-73.4676096,45.7034649],[-73.4683287,45.7033695],[-73.4687225,45.7031468],[-73.4699081,45.7031383],[-73.4698292,45.7029213],[-73.4706703,45.7025832],[-73.4714043,45.7020306],[-73.4722541,45.7019957],[-73.47252880119625,45.7018321495768],[-73.47308187952322,45.70195055251217],[-73.4729358,45.7022955],[-73.4730585,45.7026926]],[[-73.4683197,45.7040821],[-73.4682934,45.7038405],[-73.4680244,45.7038682],[-73.4678949,45.7042595],[-73.4680712,45.704256],[-73.4683197,45.7040821]],[[-73.466427,45.7063524],[-73.4659972,45.7064063],[-73.4655724,45.7065837],[-73.4659216,45.7067169],[-73.4660455,45.7068979],[-73.4662373,45.706917],[-73.4663488,45.7067752],[-73.4663044,45.7066232],[-73.466444,45.7064789],[-73.466427,45.7063524]]],[[[-73.4231894,45.7844155],[-73.4247605,45.7850872],[-73.4235619,45.7864661],[-73.4254589,45.7872676],[-73.4240204,45.7885259],[-73.4257146,45.7893145],[-73.4246656,45.7906476],[-73.4257806,45.7911482],[-73.4245913,45.7924982],[-73.4220489,45.7914224],[-73.4212048,45.792973],[-73.4237829,45.794075],[-73.4222837,45.7972042],[-73.4168394,45.7948653],[-73.4162106,45.7955639],[-73.3997465,45.7837959],[-73.39901341490292,45.78348759516446],[-73.4007385,45.7811958],[-73.4012522,45.7806746],[-73.4014895,45.7803379],[-73.4015733,45.7800386],[-73.4020174,45.7797718],[-73.4021307,45.7795739],[-73.4025819,45.7791866],[-73.4034026,45.778307],[-73.4041754,45.7772555],[-73.4046335,45.7770675],[-73.405079,45.7767447],[-73.4053682,45.7764114],[-73.4056294,45.7759206],[-73.4061783,45.7753127],[-73.4068834,45.7748752],[-73.4085637,45.7736244],[-73.4093186,45.7732745],[-73.4099152,45.7731584],[-73.4103922,45.7728527],[-73.4111372,45.7727356],[-73.4118675,45.7722478],[-73.4123931,45.7717659],[-73.4131515,45.7714356],[-73.4135293,45.7710866],[-73.4136299,45.7709138],[-73.4136053,45.770776],[-73.4141231,45.7702827],[-73.4146956,45.7700874],[-73.4153303,45.7691692],[-73.4156869,45.7690221],[-73.416057,45.7681817],[-73.416166,45.7681522],[-73.4160469,45.7679909],[-73.4166744,45.7675002],[-73.4164372,45.7672565],[-73.4171143,45.7663254],[-73.4171593,45.7659695],[-73.4181363,45.765072],[-73.4181525,45.7649066],[-73.4182847,45.7647511],[-73.4186568,45.7644666],[-73.4188601,45.7641968],[-73.4189452,45.7638414],[-73.4190964,45.7637281],[-73.4191815,45.7635327],[-73.4191484,45.7634116],[-73.4185464,45.7631123],[-73.4183044,45.7626855],[-73.418341,45.7625063],[-73.4185042,45.762716],[-73.419294,45.7630429],[-73.4194839,45.7629863],[-73.4198518,45.7625501],[-73.4189642,45.7621238],[-73.4185372,45.7620372],[-73.4187672,45.7619811],[-73.4202417,45.7625157],[-73.4206943,45.7620524],[-73.420598,45.7618969],[-73.4202308,45.761665],[-73.4201598,45.7612993],[-73.4213139,45.7610103],[-73.4217499,45.7607321],[-73.4218624,45.7604023],[-73.4221978,45.759977],[-73.4226022,45.7596816],[-73.422553,45.7594059],[-73.423837,45.7580856],[-73.423877,45.7577662],[-73.4241193,45.7575186],[-73.4242469,45.7572458],[-73.4244592,45.7570912],[-73.4245858,45.7568402],[-73.4248593,45.7566442],[-73.4249746,45.7562022],[-73.4257572,45.7556897],[-73.426108,45.755287],[-73.4261811,45.7550886],[-73.4261396,45.7549843],[-73.4257859,45.7548592],[-73.4256621,45.7546781],[-73.4262367,45.7547918],[-73.4264933,45.7547893],[-73.4266199,45.7546982],[-73.4268989,45.7539578],[-73.427152,45.7536157],[-73.428184,45.7524214],[-73.4287887,45.7521285],[-73.4290509,45.7517415],[-73.4290909,45.751422],[-73.4294993,45.7509583],[-73.4295239,45.7507762],[-73.4302437,45.7502011],[-73.4307099,45.7501563],[-73.430798,45.75],[-73.4313465,45.7498398],[-73.4316941,45.7494301],[-73.4322974,45.7489121],[-73.4324022,45.7487804],[-73.4323792,45.7485925],[-73.4327402,45.748224],[-73.4327271,45.748016],[-73.4324824,45.7478567],[-73.4328241,45.7478569],[-73.4328396,45.7476899],[-73.4330125,45.7475067],[-73.4334869,45.7472578],[-73.4335911,45.7470371],[-73.433401,45.7468362],[-73.4335849,45.746795],[-73.4339333,45.7468711],[-73.4340273,45.7466699],[-73.4337748,45.7464047],[-73.4339,45.7463697],[-73.4342072,45.7465499],[-73.4346187,45.7462258],[-73.4340242,45.7459269],[-73.433958,45.7456847],[-73.4341514,45.7456478],[-73.4343644,45.7457851],[-73.4348406,45.7458786],[-73.4353822,45.7456141],[-73.435706,45.7452524],[-73.435752,45.74512],[-73.4355518,45.7450003],[-73.4359286,45.7448393],[-73.4358913,45.7447266],[-73.4356297,45.7446055],[-73.4354897,45.7444298],[-73.4356936,45.7444519],[-73.4356162,45.7443387],[-73.4353547,45.7442177],[-73.4352858,45.7442477],[-73.4353228,45.7443267],[-73.4348938,45.7441022],[-73.4357855,45.7439759],[-73.4362285,45.744217],[-73.4364486,45.7442337],[-73.4366186,45.7440028],[-73.4367048,45.74358],[-73.4373056,45.7433157],[-73.4372447,45.74316],[-73.4373279,45.7430152],[-73.4369568,45.7427205],[-73.4376331,45.7430295],[-73.4378509,45.7429159],[-73.4378468,45.7427775],[-73.4371463,45.7424386],[-73.4372292,45.7422631],[-73.4379758,45.7421602],[-73.4378467,45.7423446],[-73.4380747,45.7424993],[-73.4385205,45.7421416],[-73.4384182,45.7420197],[-73.4388408,45.741777],[-73.438991,45.7417871],[-73.4402177,45.7408778],[-73.440407,45.7408788],[-73.4405477,45.7407105],[-73.4413808,45.7403069],[-73.4415516,45.7401547],[-73.4418774,45.7401605],[-73.441845,45.7399311],[-73.442892,45.7392568],[-73.442911,45.7390397],[-73.4435131,45.7386185],[-73.4443666,45.7381785],[-73.4451571,45.7379285],[-73.4461842,45.7373385],[-73.4461143,45.7372485],[-73.445928,45.7372466],[-73.4455178,45.7375056],[-73.4436603,45.7381015],[-73.443219,45.7384715],[-73.4383337,45.7415702],[-73.4380249,45.7416499],[-73.4375606,45.7414315],[-73.4375628,45.7413146],[-73.4382937,45.7406041],[-73.4385096,45.7401785],[-73.4388408,45.7399554],[-73.4389631,45.7396878],[-73.4389093,45.7394199],[-73.4397173,45.7389656],[-73.4399704,45.7389214],[-73.4404017,45.7385714],[-73.440702,45.7379588],[-73.441539,45.7369183],[-73.4430962,45.7359954],[-73.4457615,45.7342254],[-73.4462503,45.7340266],[-73.4474096,45.7333272],[-73.4474105,45.7331499],[-73.4473164,45.7331431],[-73.4466344,45.733397],[-73.4458525,45.7339096],[-73.444946,45.7342692],[-73.4448123,45.7341609],[-73.4458642,45.7335926],[-73.4459506,45.733501],[-73.4456502,45.73344],[-73.4463656,45.7329899],[-73.4468513,45.732886],[-73.4466192,45.7327064],[-73.447344,45.7328947],[-73.4477417,45.7326918],[-73.4480713,45.7326508],[-73.4479443,45.7329299],[-73.4480025,45.7329759],[-73.4486688,45.7327983],[-73.4493686,45.7323688],[-73.449476,45.7322354],[-73.4486,45.7318405],[-73.4486562,45.7316132],[-73.4490001,45.7315866],[-73.4496719,45.7319262],[-73.4499854,45.7318353],[-73.4511576,45.7306656],[-73.4506796,45.7304114],[-73.4503649,45.730384],[-73.4493935,45.7312733],[-73.4492382,45.731235],[-73.4492971,45.7311178],[-73.4502821,45.7302974],[-73.4511822,45.7302244],[-73.4516536,45.7300255],[-73.4518412,45.7297732],[-73.4518689,45.7295546],[-73.4523733,45.7296011],[-73.4525299,45.7294234],[-73.4523118,45.7291626],[-73.4527209,45.7293106],[-73.4533489,45.7288634],[-73.4528512,45.7286014],[-73.4525088,45.7285682],[-73.4527856,45.7283848],[-73.4534331,45.7286961],[-73.4536031,45.7286251],[-73.4535932,45.728538],[-73.4531686,45.7283674],[-73.4529527,45.7281824],[-73.4531574,45.7278286],[-73.453478,45.7279091],[-73.4540688,45.7282602],[-73.4542016,45.7282365],[-73.4542893,45.7280888],[-73.4533623,45.7277097],[-73.4533755,45.7274318],[-73.4540215,45.7268175],[-73.4557663,45.7256934],[-73.4560045,45.7256263],[-73.4568293,45.7257399],[-73.4569206,45.7256489],[-73.4566036,45.7253739],[-73.4565096,45.7250271],[-73.4582435,45.7234146],[-73.4585689,45.7231835],[-73.4587252,45.7232754],[-73.4598451,45.7223569],[-73.4597783,45.7223028],[-73.4609561,45.7216432],[-73.4634945,45.71988],[-73.466484,45.7170052],[-73.4673486,45.7163094],[-73.4674743,45.7160442],[-73.4677298,45.7161708],[-73.4678681,45.7160489],[-73.4676759,45.7159482],[-73.4697363,45.714208],[-73.4711137,45.7133601],[-73.4723105,45.7127324],[-73.4733681,45.7123912],[-73.4744081,45.7122289],[-73.4766039,45.7123642],[-73.4773413,45.7125924],[-73.4774186,45.7126938],[-73.4781258,45.7129762],[-73.4791486,45.7135606],[-73.4794979,45.7139914],[-73.4800071,45.715093],[-73.4803766,45.715621],[-73.4806768,45.7162289],[-73.4810306,45.7173182],[-73.4810353,45.7178945],[-73.4804114,45.7192705],[-73.4802919,45.7198181],[-73.4802029,45.7205407],[-73.4802609,45.7214995],[-73.480473,45.7225069],[-73.4819142,45.7269289],[-73.4822605,45.7285043],[-73.4820375,45.7298039],[-73.4814822,45.7310705],[-73.4810507,45.7318252],[-73.4806504,45.733046],[-73.4805074,45.7353624],[-73.4803839,45.7358934],[-73.4800959,45.7365152],[-73.4797056,45.7379116],[-73.478849,45.7403748],[-73.4778448,45.7420433],[-73.4770676,45.7430181],[-73.4764057,45.7436829],[-73.475606,45.744309],[-73.4744957,45.7449509],[-73.4734771,45.7453254],[-73.4720548,45.746201],[-73.4702001,45.7477803],[-73.4690517,45.7491715],[-73.4674955,45.7504904],[-73.4664496,45.7511926],[-73.4647451,45.7525506],[-73.4633342,45.7535388],[-73.4625936,45.7541559],[-73.4620738,45.7547616],[-73.4614717,45.7552906],[-73.4594142,45.7569756],[-73.4560136,45.7614625],[-73.454862,45.7628157],[-73.4543,45.7636651],[-73.451531,45.7665484],[-73.4507792,45.7677745],[-73.4502637,45.7688518],[-73.4501641,45.7693165],[-73.4498677,45.7699586],[-73.4492181,45.7725837],[-73.4489694,45.7740656],[-73.4490595,45.7762898],[-73.4492332,45.7772266],[-73.4493842,45.7777813],[-73.4497307,45.7783749],[-73.4500578,45.7792743],[-73.4501912,45.7798906],[-73.4502781,45.7811849],[-73.4500605,45.7817711],[-73.4494092,45.7825114],[-73.448229,45.7831991],[-73.4467783,45.7836225],[-73.4437156,45.7841752],[-73.4421488,45.7847487],[-73.4410071,45.7854929],[-73.4398634,45.7864812],[-73.4389597,45.7876606],[-73.43833371606596,45.788981536855694],[-73.4246747,45.783127],[-73.4231894,45.7844155]]],[[[-73.4796026,45.7114733],[-73.4790968,45.7109588],[-73.4785082,45.7107292],[-73.4784159,45.7106118],[-73.479956,45.708739],[-73.4810229,45.7078166],[-73.4840837,45.705886],[-73.4842783,45.7056633],[-73.4850274,45.7052954],[-73.4853939,45.7052071],[-73.4857202,45.7049583],[-73.4860908,45.7049511],[-73.4876054,45.7044918],[-73.48768,45.7045572],[-73.4875552,45.7047522],[-73.4876164,45.7048605],[-73.4878358,45.7049154],[-73.4887299,45.7048724],[-73.4887853,45.7046327],[-73.4894479,45.7058487],[-73.4898087,45.7061728],[-73.4902662,45.7063043],[-73.4921632,45.7065366],[-73.4922733,45.7064509],[-73.4924693,45.7064615],[-73.4928538,45.7066315],[-73.4933647,45.7067103],[-73.49384,45.7065923],[-73.494755,45.7068553],[-73.4951309,45.7068821],[-73.4951905,45.7069749],[-73.4946204,45.7070193],[-73.494348,45.7071618],[-73.4942082,45.7074636],[-73.4934088,45.7079062],[-73.4917016,45.7094889],[-73.491343,45.7097485],[-73.4900078,45.7103225],[-73.4881821,45.7108037],[-73.486499,45.7111291],[-73.4851004,45.7112676],[-73.4843787,45.7114761],[-73.4834784,45.7121253],[-73.482612,45.712431],[-73.482056,45.7124606],[-73.4813974,45.7128207],[-73.4822902,45.71227],[-73.4822824,45.7120542],[-73.4816543,45.7121401],[-73.4815036,45.7120923],[-73.4811329,45.7116996],[-73.480856,45.7116094],[-73.4805509,45.7117172],[-73.4799513,45.7116215],[-73.4796026,45.7114733]],[[-73.4866986,45.7070208],[-73.4871594,45.7066852],[-73.4864605,45.7065479],[-73.4862781,45.7066268],[-73.4864693,45.7069706],[-73.4866986,45.7070208]],[[-73.4849336,45.7094002],[-73.4842697,45.7094636],[-73.484198,45.7097017],[-73.4843898,45.7100807],[-73.4850456,45.709865],[-73.4852218,45.709579],[-73.4849336,45.7094002]]],[[[-73.4806278,45.7120068],[-73.48105692742946,45.7121937397223],[-73.4811422,45.712498],[-73.48097841368867,45.71254411608328],[-73.4802877,45.7123761],[-73.480183,45.7122722],[-73.4801772,45.7121285],[-73.4806278,45.7120068]]],[[[-73.4631624,45.7123667],[-73.4641059,45.7116118],[-73.4647661,45.7114736],[-73.4651832,45.7112849],[-73.4652665,45.7109857],[-73.4654815,45.7110387],[-73.4660166,45.7114435],[-73.4660529,45.7119322],[-73.4657502,45.7120268],[-73.4653151,45.7124651],[-73.464547,45.7129246],[-73.4637171,45.7141215],[-73.4618077,45.7150615],[-73.4612254,45.7151248],[-73.4606821,45.7148966],[-73.4606325,45.7144611],[-73.4608698,45.7142562],[-73.4617202,45.7138734],[-73.4625248,45.7133947],[-73.4627712,45.713145],[-73.462786,45.7125278],[-73.4631624,45.7123667]]],[[[-73.4608641,45.7105015],[-73.4621302,45.710654],[-73.4623444,45.7105752],[-73.4626233,45.7106346],[-73.4628147,45.7110016],[-73.4623901,45.711339],[-73.4623427,45.711807],[-73.4622655,45.7118538],[-73.461943,45.7117743],[-73.4617316,45.7119008],[-73.4618294,45.7120002],[-73.4612791,45.7125605],[-73.460843,45.7127069],[-73.4604247,45.7131117],[-73.4604262,45.7132155],[-73.459404,45.7140733],[-73.4592729,45.7143608],[-73.4592325,45.7147083],[-73.458557,45.7151437],[-73.458037,45.7157773],[-73.4569166,45.7160559],[-73.456217,45.7163254],[-73.4543941,45.7166657],[-73.45371,45.7169578],[-73.4535392,45.7168969],[-73.4533835,45.7163787],[-73.4539718,45.7157431],[-73.4540474,45.7154325],[-73.454362,45.7151808],[-73.454782,45.7150399],[-73.4548901,45.7148784],[-73.4548487,45.7141063],[-73.4552846,45.71364],[-73.4555508,45.7127368],[-73.4557045,45.7125113],[-73.4569009,45.7117342],[-73.4574544,45.7115415],[-73.4579387,45.711059],[-73.4588757,45.7109045],[-73.4593652,45.7107055],[-73.4607014,45.7107718],[-73.4608641,45.7105015]],[[-73.4581055,45.7137717],[-73.4584493,45.7141294],[-73.4590352,45.7140858],[-73.4591581,45.713975],[-73.4587043,45.7140229],[-73.4583985,45.7139099],[-73.4583414,45.713623],[-73.4587428,45.7130918],[-73.4587649,45.7126739],[-73.458665,45.7124987],[-73.458274,45.7121012],[-73.4576492,45.7117683],[-73.4572881,45.7117921],[-73.458391,45.7125628],[-73.4584217,45.713116],[-73.4581131,45.7136231],[-73.4581055,45.7137717]],[[-73.4556244,45.714166],[-73.4558113,45.7142215],[-73.4568221,45.7140006],[-73.4568248,45.7138884],[-73.4573039,45.7137903],[-73.4575699,45.7135549],[-73.4575523,45.7134565],[-73.4567007,45.7133874],[-73.4563128,45.7131976],[-73.455972,45.7132076],[-73.4556822,45.713597],[-73.4556244,45.714166]]],[[[-73.4595394,45.7192524],[-73.4600957,45.7189475],[-73.4602784,45.7190114],[-73.4600771,45.719385],[-73.4596572,45.7196859],[-73.4589625,45.7199191],[-73.4595394,45.7192524]]],[[[-73.4540891,45.7189541],[-73.4540841,45.7191114],[-73.4537233,45.7192309],[-73.4535682,45.7194292],[-73.4524582,45.7201673],[-73.4513615,45.7210819],[-73.4512125,45.7214008],[-73.4512143,45.7216932],[-73.4508853,45.7218366],[-73.4501645,45.7225947],[-73.4499718,45.7229618],[-73.4495231,45.7233009],[-73.4490345,45.7234636],[-73.4487335,45.7236917],[-73.4482112,45.7243832],[-73.4477278,45.7253782],[-73.4473569,45.7256347],[-73.4454199,45.7263608],[-73.4450394,45.7263945],[-73.4441729,45.7255684],[-73.4444415,45.7247551],[-73.4444678,45.7241689],[-73.4448099,45.7239429],[-73.4456291,45.7239728],[-73.4461188,45.7235369],[-73.446573,45.72332],[-73.4468101,45.7231062],[-73.4482024,45.7215252],[-73.4487643,45.7207832],[-73.4492387,45.7199855],[-73.4501109,45.7189937],[-73.4504938,45.7188899],[-73.4512716,45.7185136],[-73.4525192,45.7182548],[-73.453011,45.7183252],[-73.453413,45.7185279],[-73.4543121,45.7187245],[-73.4540891,45.7189541]],[[-73.4509421,45.7195609],[-73.4516053,45.7194815],[-73.4517828,45.7193928],[-73.4520304,45.7191078],[-73.4520117,45.7189958],[-73.4514372,45.718851],[-73.4508861,45.7190985],[-73.450816,45.7194862],[-73.4509421,45.7195609]]],[[[-73.445385,45.7231525],[-73.4452487,45.7231565],[-73.4452227,45.7230748],[-73.4454979,45.7226347],[-73.4457192,45.7225953],[-73.4457375,45.7226656],[-73.445385,45.7231525]]],[[[-73.4528707,45.721693],[-73.4526736,45.7219429],[-73.4526834,45.7224431],[-73.4515858,45.7234234],[-73.4513032,45.7238445],[-73.4501682,45.7245766],[-73.4501173,45.7245673],[-73.4503389,45.7243577],[-73.4503668,45.7241647],[-73.4501357,45.7238709],[-73.4496413,45.7247631],[-73.4489308,45.7252972],[-73.4486854,45.7252776],[-73.4487859,45.7249686],[-73.4493688,45.7242013],[-73.4494251,45.7240218],[-73.4500384,45.7237589],[-73.4508732,45.7231845],[-73.4523267,45.7216899],[-73.4529937,45.7212873],[-73.4528707,45.721693]]],[[[-73.443967,45.7295679],[-73.443972,45.7296914],[-73.4437066,45.7300587],[-73.4429166,45.7300801],[-73.4430021,45.7296966],[-73.4435621,45.7294115],[-73.443967,45.7295679]]],[[[-73.4469361,45.7325306],[-73.4475776,45.7321903],[-73.4476824,45.732329],[-73.4473355,45.7327515],[-73.4469361,45.7325306]]],[[[-73.4298109,45.7373474],[-73.4300766,45.7370616],[-73.4302599,45.7366176],[-73.4309352,45.7357305],[-73.4309858,45.7357901],[-73.430929,45.735983],[-73.4305643,45.7364669],[-73.4301891,45.7372117],[-73.4299423,45.7373799],[-73.4298109,45.7373474]]],[[[-73.4285717,45.7389819],[-73.429109,45.7384222],[-73.4291996,45.7381623],[-73.429305,45.738361],[-73.4292102,45.7389492],[-73.4287818,45.7399786],[-73.4286356,45.7400554],[-73.4279799,45.7400271],[-73.4284772,45.7393294],[-73.4285717,45.7389819]]],[[[-73.4109962,45.7703761],[-73.4116118,45.7699823],[-73.4118756,45.7700192],[-73.4119501,45.7705647],[-73.4115385,45.7709806],[-73.4102735,45.7718351],[-73.409506,45.7720502],[-73.4096172,45.7716165],[-73.4109962,45.7703761]]]]}},{"type":"Feature","properties":{"id":"terrebonne","name":"Terrebonne","type":"city"},"geometry":{"type":"MultiPolygon","coordinates":[[[[-73.7590757,45.6801926],[-73.7602149,45.6810683],[-73.7670299,45.6858327],[-73.7723035,45.681846],[-73.7775585,45.6856002],[-73.7772492,45.6831078],[-73.7785901,45.6815524],[-73.7806683,45.6807599],[-73.7816241,45.6816251],[-73.7834467,45.680278],[-73.8009992,45.6920051],[-73.8124658,45.6994654],[-73.8283125,45.710151],[-73.8447776,45.7209704],[-73.8439012,45.7213322],[-73.8429403,45.7213291],[-73.8410279,45.7215449],[-73.8392651,45.7219576],[-73.8370682,45.7219032],[-73.8357957,45.7220689],[-73.8339044,45.7214687],[-73.8323208,45.7213502],[-73.8311893,45.7209155],[-73.8296089,45.7209692],[-73.8280183,45.7209105],[-73.8252921,45.7206428],[-73.8233576,45.7204346],[-73.8217801,45.7201336],[-73.821479,45.7199065],[-73.8168661,45.7198382],[-73.8137172,45.7195563],[-73.8121801,45.7198352],[-73.8109884,45.7196687],[-73.8097208,45.7193746],[-73.8067319,45.7191729],[-73.8044062,45.7191856],[-73.8014234,45.7193494],[-73.7995856,45.7185295],[-73.7993511,45.717756],[-73.7991092,45.7176494],[-73.797334,45.716227],[-73.7942277,45.7174312],[-73.7925516,45.7163784],[-73.7909759,45.7157604],[-73.7893782,45.7153614],[-73.7878113,45.7152936],[-73.7863458,45.7156547],[-73.7846615,45.7152333],[-73.7803319,45.7146305],[-73.7797168,45.7144189],[-73.7796944,45.714348],[-73.7772829,45.713715],[-73.7736266,45.7136229],[-73.7670756,45.7130195],[-73.7647668,45.7131942],[-73.7592069,45.7152155],[-73.7580568,45.7164852],[-73.7561856,45.7179043],[-73.75912257826764,45.728131990358534],[-73.7589838,45.7283908],[-73.7586355,45.7286067],[-73.7582652,45.7287045],[-73.757738,45.7290648],[-73.7576964,45.7296089],[-73.7576112,45.7296727],[-73.7572157,45.7296047],[-73.7553828,45.7297041],[-73.75512923737203,45.730110171224396],[-73.7544874,45.7302661],[-73.75426565318212,45.730417598043545],[-73.75393163784672,45.73050502527451],[-73.7532369,45.7305163],[-73.7525177,45.7303978],[-73.7517017,45.7307724],[-73.7511647,45.7312336],[-73.7510728,45.7314461],[-73.7510494,45.7325488],[-73.75086914353129,45.73275335190579],[-73.7501884,45.7327434],[-73.749742,45.7328321],[-73.7491518,45.7326699],[-73.74851009657148,45.73264824918575],[-73.7481282,45.7325432],[-73.7467885,45.7326203],[-73.7456897,45.7323812],[-73.74571062044436,45.73245206351082],[-73.745374,45.7323902],[-73.7448545,45.7327617],[-73.7446472,45.7331528],[-73.7445224,45.7331882],[-73.7435344,45.732638],[-73.7423272,45.732692],[-73.7419967,45.732574],[-73.7410957,45.7327682],[-73.7402584,45.7327525],[-73.7393928,45.7329834],[-73.7372074,45.7330625],[-73.7360805,45.7324408],[-73.7349002,45.7321161],[-73.7325218,45.7320166],[-73.730654,45.7322667],[-73.730527,45.7321982],[-73.7301213,45.7315828],[-73.7297705,45.7312626],[-73.7294119,45.7311472],[-73.7287673,45.7311218],[-73.7281253,45.7313883],[-73.7274798,45.7318513],[-73.7266021,45.7320792],[-73.7244907,45.7322792],[-73.7229079,45.7322791],[-73.7216279,45.7321554],[-73.7210507,45.7317237],[-73.7208154,45.7312249],[-73.720576,45.7309506],[-73.7197075,45.7306734],[-73.7190441,45.7307937],[-73.7185509,45.7310306],[-73.7179401,45.7311261],[-73.7168006,45.7309896],[-73.7156575,45.7312655],[-73.7148886,45.7316795],[-73.7145592,45.7317215],[-73.7138932,45.7315499],[-73.7119764,45.7316279],[-73.7109258,45.7318794],[-73.7105622,45.7320445],[-73.7097661,45.732837],[-73.7090725,45.7332881],[-73.7085995,45.7332951],[-73.7082009,45.7331792],[-73.7078695,45.7326851],[-73.7080807,45.7323138],[-73.7084408,45.732129],[-73.7087759,45.7317785],[-73.708791,45.731397],[-73.7086427,45.7311824],[-73.7079742,45.7310539],[-73.7073815,45.7311288],[-73.7064069,45.7316054],[-73.7057976,45.7316167],[-73.7054152,45.7314953],[-73.7051727,45.7311732],[-73.7051795,45.7308084],[-73.7054132,45.7303111],[-73.7053362,45.730142],[-73.7048206,45.7296406],[-73.7041625,45.7294802],[-73.7037165,45.7299728],[-73.703319,45.7300169],[-73.7027414,45.7306935],[-73.7027148,45.7310441],[-73.7031221,45.7317634],[-73.7030591,45.7319172],[-73.7028546,45.7319237],[-73.7024691,45.7317546],[-73.70194,45.7311183],[-73.7015015,45.730786],[-73.7007132,45.7307254],[-73.7001552,45.730765],[-73.6994972,45.7312559],[-73.6989925,45.7312456],[-73.6984049,45.731591],[-73.6976301,45.7318813],[-73.6974729,45.7321436],[-73.6974505,45.7324858],[-73.6975498,45.7327449],[-73.6981267,45.7333928],[-73.6994325,45.7342748],[-73.6995277,45.7345423],[-73.6994324,45.734707],[-73.6991093,45.7346282],[-73.6989491,45.7344107],[-73.6975782,45.7335786],[-73.6970866,45.733083],[-73.6966157,45.7329776],[-73.6962026,45.7329991],[-73.6958934,45.7332432],[-73.6957851,45.733461],[-73.6960097,45.734305],[-73.6959893,45.7345349],[-73.6956885,45.7347623],[-73.694108,45.7352696],[-73.6934731,45.7353592],[-73.692339,45.7362102],[-73.6919559,45.7363329],[-73.6900351,45.7366069],[-73.6893054,45.7370491],[-73.6888425,45.7375752],[-73.6882767,45.7378225],[-73.685975,45.7378908],[-73.68545675907146,45.7380045829808],[-73.6847601,45.737366],[-73.6842157,45.7370379],[-73.6832222,45.7362237],[-73.6831727,45.736251],[-73.6685252,45.7264142],[-73.6664837,45.7263659],[-73.6644848,45.7261943],[-73.5833229504506,45.716340095248135],[-73.5835621,45.7158939],[-73.5838688,45.7156024],[-73.5850493,45.7150929],[-73.5859764,45.7144459],[-73.5865884,45.7131671],[-73.5866123,45.712421],[-73.586326,45.7113825],[-73.5861658,45.7098768],[-73.5862417,45.709698],[-73.5869009,45.7090231],[-73.5871597,45.7085319],[-73.5871632,45.7083636],[-73.5869786,45.7080081],[-73.5867395,45.7077615],[-73.5861897,45.7074386],[-73.5847207,45.707022],[-73.5845193,45.706888],[-73.5840131,45.7063973],[-73.5839127,45.7058463],[-73.584003,45.7055582],[-73.5842617,45.7052551],[-73.5852012,45.704959],[-73.5866408,45.7043063],[-73.5870973,45.7037414],[-73.5872228,45.7034902],[-73.5871869,45.7027294],[-73.5867793,45.7017459],[-73.586572,45.7015164],[-73.5865475,45.7005986],[-73.5869215,45.7003332],[-73.5889125,45.699919],[-73.5932721,45.6997848],[-73.5943362,45.6992655],[-73.5946713,45.6987555],[-73.5947328,45.698498],[-73.5945038,45.6977745],[-73.5939163,45.6971511],[-73.5937239,45.6967844],[-73.5936778,45.6963125],[-73.5937727,45.6958],[-73.5942434,45.6955018],[-73.5958602,45.695541],[-73.5983119,45.6966214],[-73.599648,45.6968736],[-73.6014702,45.6964743],[-73.6020789,45.6960878],[-73.6031334,45.6958292],[-73.6048642,45.695586],[-73.606579,45.6945682],[-73.6070026,45.6944182],[-73.6074757,45.6943838],[-73.6110125,45.6948373],[-73.6112254,45.6946204],[-73.6111615,45.6945089],[-73.6109135,45.694465],[-73.6073884,45.6941556],[-73.606846,45.6942483],[-73.6056817,45.6947807],[-73.6049465,45.6952866],[-73.6042493,45.6955012],[-73.6024068,45.6957264],[-73.6006875,45.6965645],[-73.5994621,45.6965743],[-73.598653,45.6963948],[-73.5957956,45.6953748],[-73.5945762,45.695292],[-73.5936985,45.6955186],[-73.5935569,45.6953993],[-73.593171,45.692438],[-73.5932002,45.6921914],[-73.5934159,45.6920281],[-73.5978999,45.6910784],[-73.6005207,45.6909595],[-73.6030043,45.6910803],[-73.6047996,45.6913879],[-73.6054681,45.6913919],[-73.6066563,45.6915691],[-73.6094302,45.6924284],[-73.6104066,45.6928368],[-73.611469,45.6931535],[-73.6119227,45.6934807],[-73.6122515,45.6938432],[-73.6123371,45.6941555],[-73.6123349,45.6946678],[-73.6124606,45.6948255],[-73.6127331,45.694948],[-73.6136195,45.6944884],[-73.6139134,45.69441],[-73.6149404,45.6943138],[-73.6168576,45.6943417],[-73.6174388,45.6941175],[-73.6177112,45.694109],[-73.6178564,45.69406],[-73.6178609,45.6936475],[-73.6180454,45.693627],[-73.6182388,45.6933736],[-73.6187676,45.6933621],[-73.6188036,45.6935589],[-73.6191895,45.6934842],[-73.6195185,45.6932546],[-73.6197347,45.6932512],[-73.6199373,45.693329],[-73.6200145,45.6934701],[-73.6210236,45.6934634],[-73.6214186,45.6935319],[-73.6218543,45.6937607],[-73.6226388,45.6937742],[-73.6228298,45.6936331],[-73.6234458,45.6936617],[-73.6248973,45.6934131],[-73.6252808,45.6932087],[-73.6266098,45.6928292],[-73.6272248,45.6925099],[-73.6285014,45.6917511],[-73.6291691,45.6910563],[-73.6299922,45.6905523],[-73.6305416,45.6905706],[-73.6319519,45.6903966],[-73.6322554,45.6904333],[-73.6329099,45.6907344],[-73.6335969,45.6912126],[-73.6341166,45.6912458],[-73.6348997,45.6911273],[-73.6358341,45.6914703],[-73.6371532,45.6921485],[-73.6376349,45.6927287],[-73.6381031,45.692691],[-73.6376306,45.6922852],[-73.6377417,45.6921644],[-73.6381482,45.6922993],[-73.6383436,45.6924773],[-73.63975,45.692632],[-73.6400959,45.6929435],[-73.640592,45.6931588],[-73.6412427,45.6936563],[-73.6416633,45.6946424],[-73.6416758,45.6950213],[-73.6415929,45.6951608],[-73.6412779,45.6950932],[-73.6408072,45.6947036],[-73.6395398,45.6945177],[-73.6389008,45.6942392],[-73.6386133,45.6941971],[-73.6380622,45.6929347],[-73.6377588,45.6929724],[-73.6374861,45.6931569],[-73.6375694,45.6937678],[-73.6376697,45.6939452],[-73.6386627,45.6945287],[-73.6394797,45.6947191],[-73.6400876,45.6949524],[-73.6409892,45.6954802],[-73.641308,45.6961906],[-73.6414021,45.6968901],[-73.6415296,45.6971187],[-73.6426846,45.6976267],[-73.6434214,45.6976283],[-73.6450146,45.6978487],[-73.6455019,45.6981089],[-73.6465439,45.6980629],[-73.6471594,45.6981195],[-73.6487616,45.697891],[-73.6520247,45.6964532],[-73.6527099,45.6960497],[-73.6534766,45.6954645],[-73.654041,45.69482],[-73.6544443,45.694534],[-73.6557476,45.6932844],[-73.6566529,45.6926507],[-73.6577078,45.6921474],[-73.6584441,45.6919609],[-73.6595135,45.6919404],[-73.6616175,45.6922384],[-73.6622752,45.6922646],[-73.6632497,45.6924787],[-73.6653999,45.6926796],[-73.6672596,45.6934373],[-73.6686243,45.6938003],[-73.6717895,45.6941172],[-73.6750336,45.6941061],[-73.6759329,45.6941847],[-73.6787829,45.6942229],[-73.681118,45.6945956],[-73.6826039,45.694357],[-73.6841999,45.6944365],[-73.6845425,45.6945295],[-73.6870088,45.6945302],[-73.6885182,45.6941093],[-73.6896783,45.6935281],[-73.6901651,45.6929799],[-73.6909462,45.692325],[-73.6912282,45.6918114],[-73.691431,45.691673],[-73.6917569,45.6917995],[-73.6925925,45.6927079],[-73.6929694,45.6926777],[-73.6926123,45.6925061],[-73.6920065,45.6917289],[-73.6937762,45.6912963],[-73.6945384,45.6907872],[-73.6957456,45.6904616],[-73.6957898,45.6902376],[-73.6954668,45.6897905],[-73.6954755,45.6895693],[-73.6959093,45.6887825],[-73.6961549,45.6880721],[-73.6973402,45.6871965],[-73.6980131,45.6863273],[-73.6981442,45.6857393],[-73.6985565,45.6853139],[-73.7021837,45.6837845],[-73.7027342,45.6834585],[-73.7039052,45.6831241],[-73.7052675,45.6830524],[-73.7062509,45.682475],[-73.7078766,45.6817912],[-73.709625,45.6811843],[-73.711068,45.6809018],[-73.7126096,45.6810053],[-73.7132683,45.6812317],[-73.7141548,45.6813708],[-73.7148801,45.6816898],[-73.7150701,45.6818921],[-73.7165485,45.6823271],[-73.7181146,45.6829248],[-73.7203512,45.6831974],[-73.7218335,45.6831266],[-73.7220247,45.6829571],[-73.7231067,45.6826666],[-73.723679,45.6826745],[-73.7241203,45.6828384],[-73.7251333,45.6829241],[-73.7269782,45.6825086],[-73.7287622,45.6817996],[-73.72982,45.6810711],[-73.7305948,45.6807245],[-73.7321207,45.6797813],[-73.7333325,45.6793908],[-73.7335434,45.6792355],[-73.7344413,45.6789376],[-73.7347015,45.6787099],[-73.7351317,45.6785987],[-73.7372998,45.6768727],[-73.7376906,45.676733],[-73.7389845,45.676663],[-73.7392583,45.67657],[-73.7396718,45.6762763],[-73.7405866,45.6759168],[-73.7409923,45.6756117],[-73.7412716,45.6752102],[-73.741371,45.674793],[-73.7423848,45.6733683],[-73.7432588,45.6726044],[-73.7436896,45.672005],[-73.7443173,45.6713596],[-73.7459486,45.6703105],[-73.74649112762322,45.669874054668455],[-73.7570256,45.681605],[-73.7590757,45.6801926]],[[-73.7870414,45.6969946],[-73.7876293,45.6972688],[-73.788738,45.6982515],[-73.7890376,45.698296],[-73.7893041,45.6981635],[-73.7891376,45.6978227],[-73.7872386,45.6962162],[-73.7870177,45.6962565],[-73.7865363,45.6965527],[-73.7870414,45.6969946]],[[-73.7749987,45.6995067],[-73.7751378,45.6993339],[-73.7748419,45.699309],[-73.7740704,45.6997038],[-73.7741867,45.6999292],[-73.7744279,45.6998751],[-73.7746614,45.6995656],[-73.7749987,45.6995067]],[[-73.8000754,45.7029931],[-73.800242,45.7028458],[-73.800983,45.7025936],[-73.8007736,45.7024208],[-73.8005177,45.7023963],[-73.8000368,45.7026645],[-73.7998315,45.7029715],[-73.8000754,45.7029931]],[[-73.7706706,45.7064934],[-73.7703453,45.7063111],[-73.7701422,45.7064778],[-73.770247,45.7066722],[-73.7707956,45.7066741],[-73.7710981,45.7065503],[-73.7710282,45.7064207],[-73.7706706,45.7064934]],[[-73.7893062,45.7128775],[-73.7890065,45.7130771],[-73.7888121,45.713443],[-73.7891634,45.7132748],[-73.7892942,45.7131187],[-73.7893062,45.7128775]],[[-73.7823838,45.713158],[-73.7816663,45.7136899],[-73.7818739,45.7137309],[-73.7821768,45.7135791],[-73.782356,45.7134066],[-73.7823838,45.713158]],[[-73.7880142,45.7139724],[-73.7883673,45.713936],[-73.7886702,45.7137842],[-73.7885617,45.7135701],[-73.7880723,45.7136109],[-73.787831,45.7139092],[-73.7880142,45.7139724]],[[-73.7402665,45.6824313],[-73.7406047,45.6823164],[-73.7411454,45.681847],[-73.741,45.6812481],[-73.7409251,45.6811829],[-73.740417,45.6813973],[-73.7401033,45.681706],[-73.7400448,45.6820674],[-73.7402665,45.6824313]],[[-73.7249404,45.6855205],[-73.7251961,45.6854854],[-73.7252444,45.6853518],[-73.7249042,45.6854164],[-73.7249404,45.6855205]],[[-73.7239747,45.6893879],[-73.724201,45.6895568],[-73.724412,45.6895407],[-73.7245348,45.6894013],[-73.7244082,45.6884902],[-73.724155,45.6883535],[-73.7239862,45.6883937],[-73.7237483,45.688667],[-73.7237176,45.6889565],[-73.7239747,45.6893879]],[[-73.7327674,45.6910711],[-73.7327336,45.6914338],[-73.7326238,45.6915695],[-73.7326534,45.6917759],[-73.7332233,45.6916462],[-73.7333626,45.6915459],[-73.7333838,45.6914604],[-73.7332149,45.69131],[-73.7332107,45.6911537],[-73.7333415,45.6909413],[-73.7332318,45.6908558],[-73.7328518,45.6909502],[-73.7327674,45.6910711]],[[-73.7343098,45.6949157],[-73.7340644,45.6948399],[-73.733896,45.6948897],[-73.7338032,45.6950656],[-73.7339607,45.6952173],[-73.7341456,45.6952329],[-73.734307,45.6951635],[-73.7343703,45.6950387],[-73.7343098,45.6949157]],[[-73.733798,45.6953409],[-73.7337374,45.6952179],[-73.7334921,45.6951421],[-73.7333236,45.6951919],[-73.7332308,45.6953677],[-73.7333883,45.6955195],[-73.7335732,45.6955351],[-73.7337346,45.6954657],[-73.733798,45.6953409]],[[-73.7342359,45.6957402],[-73.7341754,45.6956172],[-73.73393,45.6955413],[-73.7337032,45.6956415],[-73.7336961,45.6958289],[-73.7340111,45.6959343],[-73.7341725,45.6958649],[-73.7342359,45.6957402]],[[-73.7585282,45.6971955],[-73.7587406,45.6970341],[-73.7590654,45.6972086],[-73.7592529,45.6974311],[-73.7592636,45.6975892],[-73.7595512,45.6980911],[-73.7596902,45.6981904],[-73.7602837,45.6978457],[-73.76029,45.6976624],[-73.7595902,45.6968159],[-73.758347,45.6961657],[-73.7573474,45.6975664],[-73.7572724,45.6978064],[-73.7582283,45.6986616],[-73.7586156,45.6985918],[-73.7585781,45.6983824],[-73.758397,45.6981948],[-73.7580659,45.6981773],[-73.7580284,45.6981162],[-73.7582908,45.69785],[-73.7584258,45.6978738],[-73.7586143,45.6976285],[-73.7585282,45.6971955]],[[-73.7316228,45.6978484],[-73.7324421,45.6985814],[-73.7330221,45.6983796],[-73.7332049,45.6981857],[-73.7323089,45.6973298],[-73.7318869,45.6971454],[-73.7313655,45.6970697],[-73.7306501,45.6972163],[-73.7298421,45.6976482],[-73.7298737,45.6978421],[-73.7303318,45.6982015],[-73.7311353,45.6978421],[-73.7314445,45.6977917],[-73.7316228,45.6978484]],[[-73.7333988,45.6981139],[-73.734032,45.6987507],[-73.734177,45.6988066],[-73.7360729,45.6978421],[-73.7360907,45.697708],[-73.7357321,45.6970926],[-73.7355019,45.696994],[-73.7333988,45.6981139]],[[-73.7360255,45.6979969],[-73.7343072,45.6989231],[-73.7343142,45.6990214],[-73.735016,45.6996921],[-73.7351918,45.6997645],[-73.7367519,45.6989477],[-73.7362383,45.6980006],[-73.7360255,45.6979969]],[[-73.7305124,45.6983576],[-73.7305124,45.6984427],[-73.7322728,45.700123],[-73.7325346,45.7001262],[-73.7332139,45.6997794],[-73.733223,45.6995556],[-73.731528,45.697943],[-73.7312955,45.6979115],[-73.7305124,45.6983576]],[[-73.7282509,45.6993538],[-73.7291853,45.7002554],[-73.7294133,45.700246],[-73.7299346,45.6999512],[-73.7299594,45.6998219],[-73.7292553,45.6991457],[-73.7291853,45.6989455],[-73.7293568,45.6987627],[-73.7300362,45.698397],[-73.7300046,45.6981763],[-73.7296525,45.6978768],[-73.7294674,45.6978468],[-73.7286933,45.698222],[-73.7283796,45.6984616],[-73.7281968,45.6987595],[-73.7281652,45.6991173],[-73.7282509,45.6993538]],[[-73.7344526750076,45.699678242674054],[-73.7343266,45.6992308],[-73.7335638,45.6984868],[-73.7332433,45.6983954],[-73.732731,45.6986618],[-73.7326768,45.6988257],[-73.7333855,45.6995177],[-73.7334137527442,45.69971271080539],[-73.7325888,45.7002617],[-73.7325594,45.7003689],[-73.732916,45.7007425],[-73.7331169,45.7008181],[-73.7339745,45.7003989],[-73.7343085,45.7001041],[-73.7344526750076,45.699678242674054]],[[-73.7313497,45.7007393],[-73.7321193,45.7003027],[-73.732081,45.7001656],[-73.7303747,45.6985404],[-73.7300903,45.6985373],[-73.7293636,45.6989329],[-73.729393,45.6991079],[-73.7311466,45.7007314],[-73.7313497,45.7007393]],[[-73.7294279,45.7003994],[-73.7295591,45.700645],[-73.7302912,45.7013115],[-73.7309476,45.7015489],[-73.7314374,45.7015712],[-73.7318733,45.7014749],[-73.7327703,45.7010376],[-73.7328259,45.7009071],[-73.7325044,45.700551],[-73.7322822,45.7004464],[-73.7314218826796,45.70082399354197],[-73.73101666565157,45.70079740162863],[-73.7301919,45.7000667],[-73.729958,45.7000961],[-73.7294279,45.7003994]],[[-73.7528453,45.72132],[-73.7529032,45.7214468],[-73.7533074,45.7214699],[-73.7533509,45.7212739],[-73.7517802,45.7210611],[-73.7516918,45.7210772],[-73.7516696,45.7212032],[-73.7525425,45.7212276],[-73.7528453,45.72132]],[[-73.703994,45.6870434],[-73.7036913,45.687032],[-73.7036815,45.687096],[-73.7037829,45.6871314],[-73.703994,45.6870434]],[[-73.716186,45.6898655],[-73.7162525,45.6897314],[-73.7166148,45.6896225],[-73.7167577,45.6894694],[-73.716753,45.6892898],[-73.7166506,45.6891991],[-73.7165508,45.6891842],[-73.7162389,45.6893806],[-73.7155534,45.6903031],[-73.715528,45.6908135],[-73.71625,45.6905198],[-73.7163529,45.6903664],[-73.7163227,45.6900491],[-73.7163804,45.6899598],[-73.716186,45.6898655]],[[-73.7123258,45.6905685],[-73.7125769,45.6908457],[-73.7127963,45.6908898],[-73.714324,45.6905389],[-73.7142564,45.690297],[-73.713892,45.6900861],[-73.7130478,45.6900588],[-73.7129183,45.6901306],[-73.7129495,45.6901757],[-73.7123081,45.6904421],[-73.7123258,45.6905685]],[[-73.7082197,45.6912383],[-73.7083838,45.6913263],[-73.7086429,45.6912333],[-73.7087499,45.6911021],[-73.7085264,45.6909078],[-73.7083124,45.6908995],[-73.708196,45.6909842],[-73.7082197,45.6912383]],[[-73.7073769,45.6914662],[-73.7072703,45.6913839],[-73.7067297,45.691393],[-73.70673177504518,45.691866110303245],[-73.7065767,45.6920772],[-73.7067832,45.6921384],[-73.7072729,45.6917803],[-73.7073769,45.6914662]],[[-73.704199,45.6920629],[-73.7044168,45.6919751],[-73.7045499,45.691707],[-73.7041008,45.6917478],[-73.7038881,45.6919871],[-73.704199,45.6920629]],[[-73.71585,45.6922445],[-73.7163226,45.6924536],[-73.7167681,45.6923931],[-73.7167291,45.6921206],[-73.716531,45.6920066],[-73.7162538,45.6916197],[-73.715945,45.6914317],[-73.7156679,45.6914769],[-73.7155702,45.6915658],[-73.71585,45.6922445]],[[-73.7064225,45.6921029],[-73.7062318,45.692235],[-73.7063625,45.6923682],[-73.7066054,45.6922703],[-73.7064225,45.6921029]],[[-73.7033104,45.6938725],[-73.7032253,45.6931043],[-73.7028602,45.6931356],[-73.7027124,45.6932326],[-73.7027281,45.6935142],[-73.7030506,45.6938866],[-73.7031984,45.6939351],[-73.7033104,45.6938725]],[[-73.7058707,45.6947436],[-73.705514,45.6942607],[-73.7052094,45.6941625],[-73.7051467,45.694239],[-73.70542,45.6946526],[-73.7058707,45.6947436]],[[-73.70375002541083,45.69482162700472],[-73.7039455,45.6950409],[-73.7042464,45.6950046],[-73.7045622,45.6946179],[-73.7044767,45.6944337],[-73.7039455,45.6942806],[-73.7037003,45.6944129],[-73.70375002541083,45.69482162700472]],[[-73.7080974,45.6962445],[-73.7082759,45.6961938],[-73.7082153,45.6959825],[-73.7075864,45.6956903],[-73.707291,45.6954468],[-73.7070498,45.6955007],[-73.707004,45.6955929],[-73.7073772,45.6960357],[-73.7080974,45.6962445]],[[-73.7013621,45.6959785],[-73.7013978,45.6960757],[-73.7016191,45.6961928],[-73.7020438,45.695971],[-73.7019831,45.6956569],[-73.7018189,45.6956021],[-73.7014549,45.6958189],[-73.7013621,45.6959785]],[[-73.704421,45.6963669],[-73.7040346,45.6955729],[-73.7040272,45.6952745],[-73.7039789,45.6951992],[-73.703756,45.6951603],[-73.7036185,45.6953809],[-73.7038006,45.6958583],[-73.7040086,45.6961022],[-73.7039566,45.6965927],[-73.7040643,45.6967043],[-73.7042947,45.6967328],[-73.704421,45.6963669]],[[-73.7090678,45.6965533],[-73.7092601,45.6968752],[-73.7095464,45.6969877],[-73.7097455,45.696908],[-73.709542,45.6967158],[-73.7093832,45.6966924],[-73.7092534,45.6964908],[-73.7090678,45.6965533]],[[-73.7119038,45.6973486],[-73.7117608,45.6971459],[-73.7114092,45.6970802],[-73.7112743,45.6971402],[-73.7115318,45.6974971],[-73.7118834,45.6974343],[-73.7119038,45.6973486]],[[-73.70983725639128,45.6972205228162],[-73.7102689,45.6975594],[-73.7104166,45.6974813],[-73.7103495,45.6973142],[-73.7101392,45.6971329],[-73.7099424,45.6970986],[-73.70983725639128,45.6972205228162]],[[-73.7104321,45.6978825],[-73.7111966,45.6982023],[-73.7114255,45.698091],[-73.710657,45.697557],[-73.7104567,45.6975399],[-73.7104321,45.6978825]],[[-73.7066397,45.6983351],[-73.7067748,45.6981964],[-73.7067165,45.6981242],[-73.7064252,45.698139],[-73.7063457,45.6982278],[-73.7063404,45.6985201],[-73.7064755,45.6987662],[-73.7068172,45.698855],[-73.7066397,45.6983351]],[[-73.707578,45.6987569],[-73.7077992,45.6994426],[-73.7080343,45.6994329],[-73.7079698,45.6987794],[-73.7074996,45.6982096],[-73.7073337,45.6982772],[-73.7073245,45.6983577],[-73.707578,45.6987569]],[[-73.7106139,45.7015264],[-73.7106763,45.7016168],[-73.7109368,45.7016051],[-73.7114453,45.7013908],[-73.711241,45.7011814],[-73.7109274,45.7012459],[-73.7106139,45.7015264]],[[-73.7110945,45.7029493],[-73.7114013,45.7024712],[-73.7112217,45.7024685],[-73.7111282,45.7025469],[-73.7109524,45.7029336],[-73.7110945,45.7029493]],[[-73.687776,45.7055716],[-73.6870241,45.7056317],[-73.6876923,45.7058165],[-73.6878203,45.7057881],[-73.687776,45.7055716]],[[-73.7141003,45.7085884],[-73.7141756,45.7084471],[-73.7140056,45.7083134],[-73.7138442,45.708345],[-73.7141003,45.7085884]],[[-73.7158129,45.7098328],[-73.7156768,45.7093865],[-73.7155775,45.7093232],[-73.7155883,45.7098644],[-73.71572,45.7099519],[-73.7158129,45.7098328]],[[-73.7147635,45.7104901],[-73.7148585,45.7105188],[-73.7151738,45.7102353],[-73.7150636,45.7101464],[-73.7148823,45.7102082],[-73.7147635,45.7104901]],[[-73.6776592,45.7124759],[-73.6778804,45.7122198],[-73.6779284,45.7120154],[-73.6775819,45.7114986],[-73.677336,45.7113729],[-73.6770268,45.7115423],[-73.6766704,45.7114425],[-73.6761514,45.7114948],[-73.6757452,45.7118208],[-73.675393,45.7118712],[-73.674894,45.7121514],[-73.674824,45.7124298],[-73.6751018,45.7125752],[-73.6745543,45.7131368],[-73.6761808,45.7129137],[-73.6770772,45.7125405],[-73.6776592,45.7124759]],[[-73.6953407,45.729269],[-73.6960369,45.7291916],[-73.6961496,45.7290965],[-73.6961836,45.7289463],[-73.6959266,45.7282905],[-73.6954817,45.7282948],[-73.6949489,45.7285031],[-73.6951162,45.7290932],[-73.6953407,45.729269]],[[-73.6543176,45.7121252],[-73.6535359,45.7123035],[-73.6537597,45.7128657],[-73.6545653,45.7126993],[-73.6543176,45.7121252]],[[-73.6365697,45.7141469],[-73.6364732,45.7140271],[-73.6363659,45.7140496],[-73.6362908,45.7143867],[-73.6364839,45.714529],[-73.6365805,45.7144016],[-73.6365697,45.7141469]],[[-73.6300416,45.7156786],[-73.6302719,45.7157819],[-73.6303838,45.7159879],[-73.6306839,45.7160049],[-73.6307075,45.7156347],[-73.6303434,45.7156114],[-73.6300025,45.7154341],[-73.6293042,45.7153008],[-73.6287986,45.7153463],[-73.6288769,45.7160233],[-73.6290888,45.7162443],[-73.6291298,45.7165927],[-73.6297981,45.7166246],[-73.6298636,45.7163587],[-73.630445,45.7161344],[-73.6301388,45.7160219],[-73.6297444,45.7161134],[-73.6296212,45.7160644],[-73.6296867,45.7157985],[-73.6300416,45.7156786]],[[-73.6371188,45.7171182],[-73.6372854,45.7169992],[-73.6373418,45.71659],[-73.6374884,45.7162688],[-73.637086,45.716161],[-73.636775,45.716489],[-73.6363614,45.7165383],[-73.6363424,45.716684],[-73.6369311,45.7170911],[-73.6371188,45.7171182]],[[-73.6320047,45.7174463],[-73.6326914,45.7179526],[-73.6331391,45.7184004],[-73.6332074,45.7185863],[-73.6330936,45.7189486],[-73.6332652,45.7191434],[-73.6337588,45.7193232],[-73.6348209,45.7193007],[-73.6349068,45.7193531],[-73.6349282,45.7195554],[-73.6353574,45.7195629],[-73.635529,45.7194206],[-73.6353145,45.7192857],[-73.6352286,45.7190385],[-73.6359296,45.7184814],[-73.6358075,45.7183764],[-73.635639,45.7183915],[-73.6354239,45.7185269],[-73.634579,45.7183109],[-73.6344955,45.7184784],[-73.6343915,45.7184718],[-73.6341479,45.7182337],[-73.6341242,45.7178237],[-73.6337578,45.7179127],[-73.6336607,45.7181615],[-73.6334437,45.718193],[-73.6326204,45.7175029],[-73.6321366,45.7172624],[-73.6320159,45.7172893],[-73.6320047,45.7174463]],[[-73.6320958,45.7185516],[-73.6322675,45.7187089],[-73.6325142,45.7184917],[-73.6322675,45.7181846],[-73.6320958,45.7185516]],[[-73.6324069,45.7193756],[-73.6326322,45.7192558],[-73.6325679,45.7191284],[-73.6324177,45.719061],[-73.6322782,45.7191434],[-73.6321816,45.719046],[-73.6319992,45.719031],[-73.6311302,45.7192707],[-73.6306903,45.7192558],[-73.6308191,45.719458],[-73.6311517,45.7194805],[-73.6317203,45.7193681],[-73.632128,45.7191284],[-73.6324069,45.7193756]],[[-73.628684,45.7196827],[-73.6292634,45.7195853],[-73.6293063,45.719488],[-73.629199,45.7193157],[-73.6289737,45.7191958],[-73.6286518,45.7190835],[-73.6284051,45.7191284],[-73.6282334,45.7188288],[-73.6279223,45.7191209],[-73.6274395,45.7191659],[-73.6272464,45.7193307],[-73.6274931,45.7195554],[-73.6280725,45.719503],[-73.628684,45.7196827]],[[-73.6210917,45.7196614],[-73.6209571,45.7195807],[-73.6208985,45.719834],[-73.6209753,45.719897],[-73.6210917,45.7196614]],[[-73.6212628,45.7199551],[-73.6213277,45.7199031],[-73.6212485,45.7198201],[-73.6211535,45.7199047],[-73.6212628,45.7199551]]],[[[-73.5737602,45.7200561],[-73.5703607,45.7205941],[-73.5641689,45.7217418],[-73.5641478,45.7220948],[-73.5637839,45.7221607],[-73.5631909,45.7235079],[-73.562827,45.7235739],[-73.5617354,45.726668],[-73.5618324,45.7281554],[-73.5569927,45.7275648],[-73.5547268,45.7545261],[-73.5378718,45.7538457],[-73.5279765,45.7536717],[-73.5280034,45.7533584],[-73.5208762,45.749841],[-73.520958,45.7491773],[-73.5167949,45.7471438],[-73.5171187,45.7459827],[-73.517022,45.7439889],[-73.5022974,45.7368192],[-73.5023133,45.7365099],[-73.501055,45.7357057],[-73.5001553,45.7349677],[-73.5003255,45.7287104],[-73.4969696,45.7262197],[-73.4970476,45.7239458],[-73.4969904,45.7219522],[-73.4932716,45.7192031],[-73.4932015,45.7199175],[-73.4928991,45.7205356],[-73.4878941,45.7168929],[-73.4877469,45.7156594],[-73.487795,45.7155603],[-73.48741778774274,45.713962605198894],[-73.4892041,45.7138489],[-73.4898924,45.7137081],[-73.4917047,45.71312],[-73.4948634,45.711481],[-73.4954525,45.7112969],[-73.4963636,45.7108724],[-73.4966175,45.710634],[-73.4969082,45.7105363],[-73.4978519,45.7099129],[-73.4985098,45.7093508],[-73.4991997,45.7089658],[-73.5002499,45.7085849],[-73.5019133,45.7081858],[-73.5029257,45.7076986],[-73.5029489,45.7075944],[-73.5026741,45.7076027],[-73.5015602,45.7080866],[-73.4991561,45.7085662],[-73.4988544,45.7087435],[-73.4986394,45.7091168],[-73.4985349,45.709121],[-73.4986902,45.7087081],[-73.4989112,45.7084411],[-73.4996608,45.7079177],[-73.5023486,45.7070209],[-73.5038926,45.7062576],[-73.5043316,45.706122],[-73.5046096,45.7061688],[-73.5048184,45.7059447],[-73.5057532,45.7056048],[-73.5062848,45.7056819],[-73.5065625,45.7055964],[-73.5072524,45.7055756],[-73.5082051,45.7052711],[-73.5085426,45.7051355],[-73.5087964,45.7047518],[-73.5089249,45.7046829],[-73.5093698,45.7047059],[-73.5093707,45.7050658],[-73.5094176,45.7049812],[-73.5096177,45.7049353],[-73.5104838,45.7048685],[-73.5113917,45.704635],[-73.5120308,45.7045724],[-73.5123922,45.7043889],[-73.5127344,45.7044216],[-73.5127924,45.7043325],[-73.5131478,45.7043221],[-73.5136823,45.7040093],[-73.513984,45.7041469],[-73.5145036,45.7041344],[-73.5178056,45.7036342],[-73.5187997,45.703418],[-73.5191862,45.7031558],[-73.5202094,45.703069],[-73.5204905,45.7028561],[-73.5211479,45.7028298],[-73.523269,45.7021856],[-73.5243108,45.7019812],[-73.5247037,45.7017863],[-73.5261436,45.7015105],[-73.5275818,45.7011308],[-73.5282152,45.7010986],[-73.5318192,45.7014583],[-73.5333754,45.701352],[-73.5342199,45.701193],[-73.5348731,45.7011749],[-73.5359364,45.7009004],[-73.5365621,45.7008568],[-73.5375001,45.7004575],[-73.5378507,45.7005343],[-73.5388537,45.7002731],[-73.5393771,45.7003265],[-73.5403561,45.7000595],[-73.5411629,45.6999757],[-73.5421883,45.6999645],[-73.5435012,45.6998077],[-73.5439336,45.6999892],[-73.5444255,45.6998374],[-73.5460475,45.700189],[-73.5474104,45.7003076],[-73.5515393,45.7011999],[-73.552116,45.7012005],[-73.5531011,45.7015647],[-73.5539507,45.701717],[-73.5545029,45.7015518],[-73.5554097,45.7020189],[-73.5561151,45.7016281],[-73.558628,45.7013521],[-73.5589084,45.7011671],[-73.559393,45.7011639],[-73.5598944,45.7009392],[-73.560614,45.7008151],[-73.5655367,45.700576],[-73.5656078,45.7004336],[-73.5655505,45.7003067],[-73.5629344,45.7005481],[-73.5617369,45.7005549],[-73.5615666,45.7004661],[-73.5648029,45.6993335],[-73.566151,45.6990252],[-73.5671047,45.6989961],[-73.5687702,45.6984555],[-73.5693593,45.6984309],[-73.5705873,45.6981213],[-73.5709877,45.6979375],[-73.5729877,45.6974789],[-73.5739163,45.697124],[-73.5745102,45.6970629],[-73.5752452,45.6967733],[-73.5770138,45.6966432],[-73.5778025,45.6964608],[-73.5787358,45.6964453],[-73.5814066,45.6956906],[-73.5835263,45.6952169],[-73.5850345,45.6945502],[-73.586205,45.6943015],[-73.5883199,45.6935042],[-73.5894975,45.6932949],[-73.5921631,45.6923882],[-73.5927188,45.6924305],[-73.5929973,45.6934575],[-73.5932504,45.6953148],[-73.5933343,45.6968392],[-73.5936313,45.6973726],[-73.5941758,45.6979479],[-73.594547,45.6985746],[-73.5940577,45.6991784],[-73.5934172,45.6995478],[-73.5906214,45.6995861],[-73.5891121,45.6997612],[-73.5874766,45.6998395],[-73.5872388,45.6999128],[-73.5863766,45.7005379],[-73.5862624,45.7008201],[-73.5862302,45.701207],[-73.586817,45.7024225],[-73.5869778,45.7031481],[-73.5869264,45.7034927],[-73.5866617,45.7038884],[-73.5863563,45.7041237],[-73.5854976,45.7045805],[-73.5850153,45.7046597],[-73.5845181,45.7048761],[-73.5838811,45.7052651],[-73.5836701,45.70558],[-73.5836593,45.7058969],[-73.5838368,45.7065891],[-73.5839952,45.7068629],[-73.5842432,45.7070647],[-73.5848031,45.7072867],[-73.586146,45.7076065],[-73.5865853,45.7078553],[-73.586816,45.7081186],[-73.5868907,45.70856],[-73.5859536,45.7094958],[-73.5857809,45.7098953],[-73.5858311,45.7107348],[-73.5863362,45.7125977],[-73.5863739,45.7130863],[-73.5859088,45.7138559],[-73.5847965,45.7149275],[-73.5845526,45.7150933],[-73.5834659,45.7155225],[-73.583274,45.7156916],[-73.582608,45.7176152],[-73.5814303,45.7187366],[-73.58143356932898,45.718959618533454],[-73.580862,45.7189165],[-73.57967649509763,45.71926823831642],[-73.5797496,45.719061],[-73.5796444,45.7189311],[-73.5786135,45.7187872],[-73.57828630409483,45.71968070682822],[-73.57801934188618,45.719759914293014],[-73.5783497,45.7187467],[-73.5782527,45.7186705],[-73.5772217,45.7185265],[-73.57661787717738,45.720175727703996],[-73.5760828,45.7203534],[-73.5737602,45.7200561]],[[-73.4897226,45.7167209],[-73.4904991,45.7173431],[-73.4908194,45.717249],[-73.4908033,45.7169681],[-73.4905512,45.7167471],[-73.490519,45.7165112],[-73.4898607,45.7161547],[-73.4896311,45.7162479],[-73.4895308,45.7164778],[-73.4897226,45.7167209]],[[-73.4995453,45.7189156],[-73.4995034,45.7185221],[-73.4992483,45.7184948],[-73.4992433,45.7186291],[-73.4994711,45.7188871],[-73.4994407,45.7189967],[-73.4991218,45.7192476],[-73.4987725,45.7192865],[-73.4990509,45.7194172],[-73.4994862,45.719859],[-73.4994761,45.7200534],[-73.4996533,45.72017],[-73.4996482,45.7203326],[-73.4993445,45.7204739],[-73.4986156,45.7205587],[-73.4984587,45.7207672],[-73.4985953,45.720845],[-73.4986004,45.7207072],[-73.4987978,45.7205693],[-73.4996482,45.7205305],[-73.4998355,45.7199791],[-73.4992834,45.7195023],[-73.4993078,45.7192472],[-73.4995453,45.7189156]],[[-73.5251322,45.7246333],[-73.5251112,45.7244476],[-73.5248101,45.7244704],[-73.5247891,45.72456],[-73.5249502,45.7247344],[-73.5251322,45.7246333]],[[-73.5336027,45.7263543],[-73.5336383,45.7265511],[-73.5347683,45.7265467],[-73.5348187,45.7259103],[-73.5340045,45.7257666],[-73.5335381,45.72584],[-73.5335035,45.7263111],[-73.5336027,45.7263543]],[[-73.5020356,45.7264865],[-73.5021904,45.7265815],[-73.5028051,45.7265389],[-73.5027301,45.7261753],[-73.5024813,45.7259263],[-73.5019042,45.725887],[-73.5016648,45.7259722],[-73.5020356,45.7264865]],[[-73.5349026,45.7268148],[-73.5348791,45.7269689],[-73.5356395,45.7270053],[-73.5356035,45.7266485],[-73.5349026,45.7268148]],[[-73.5348927,45.7270757],[-73.534908,45.7272863],[-73.5356924,45.7273286],[-73.535701,45.7271239],[-73.5348927,45.7270757]],[[-73.5431572,45.7287254],[-73.5431952,45.7277437],[-73.541827,45.7278133],[-73.5417889,45.7286955],[-73.5431572,45.7287254]],[[-73.5391463,45.7280107],[-73.5390922,45.7281172],[-73.5391414,45.7283198],[-73.5399828,45.728598],[-73.5416162,45.7286839],[-73.5416458,45.7278218],[-73.5391463,45.7280107]],[[-73.5343536,45.7284196],[-73.533361,45.7280157],[-73.5332877,45.7287783],[-73.5335585,45.7288542],[-73.5338834,45.7286613],[-73.5342817,45.72859],[-73.5343536,45.7284196]],[[-73.5402238,45.7288007],[-73.5401697,45.7290892],[-73.5409422,45.7297039],[-73.5429053,45.7298928],[-73.5430726,45.7298345],[-73.5431366,45.7289518],[-73.5430136,45.7288247],[-73.5403272,45.7287148],[-73.5402238,45.7288007]],[[-73.5332338,45.7299311],[-73.5338464,45.7295926],[-73.5336847,45.729299],[-73.5335042,45.729311],[-73.5332338,45.7299311]],[[-73.5360301,45.7301386],[-73.5363195,45.7300969],[-73.5369228,45.7301793],[-73.5369863,45.7294897],[-73.5360559,45.7295243],[-73.5360301,45.7301386]],[[-73.5261195,45.7285867],[-73.5256839,45.7283573],[-73.5249487,45.7286186],[-73.5246073,45.7286569],[-73.524408,45.7287865],[-73.5243396,45.7289766],[-73.5243757,45.7305654],[-73.5245373,45.730859],[-73.5245365,45.7314231],[-73.524717,45.7319471],[-73.5246525,45.7323168],[-73.524462,45.7325897],[-73.5238001,45.7329724],[-73.5239285,45.7334931],[-73.5243028,45.7339519],[-73.52454,45.7340948],[-73.5251409,45.7337535],[-73.5250956,45.7336295],[-73.5247418,45.7335049],[-73.5246357,45.7332343],[-73.5256446,45.7327488],[-73.5259452,45.7323901],[-73.5259243,45.731896],[-73.5256665,45.7310708],[-73.5258462,45.7303909],[-73.5258479,45.7296108],[-73.5259845,45.7294186],[-73.5261195,45.7285867]],[[-73.534024,45.7327489],[-73.5339084,45.7318271],[-73.533735,45.7318786],[-73.5336991,45.7324058],[-73.5335692,45.7324773],[-73.533538,45.7326201],[-73.534024,45.7327489]],[[-73.5246467,45.7405255],[-73.5244098,45.7405425],[-73.523788,45.7403897],[-73.5237645,45.7405437],[-73.5239327,45.7409048],[-73.5246992,45.7410369],[-73.5248001,45.7411839],[-73.525089,45.7411703],[-73.5246467,45.7405255]],[[-73.5476344,45.746248],[-73.5462999,45.7462307],[-73.5459768,45.7463395],[-73.545607,45.7465684],[-73.5454218,45.7469649],[-73.5454168,45.7471894],[-73.5457546,45.7473193],[-73.5463516,45.7473342],[-73.5469239,45.7468353],[-73.5476175,45.7464696],[-73.5476344,45.746248]]],[[[-73.7553798,45.8134451],[-73.75562,45.8116868],[-73.7516395,45.8111351],[-73.7472706,45.8100139],[-73.7456672,45.8085338],[-73.7403672,45.8057133],[-73.6965565,45.8043829],[-73.7004261,45.7969971],[-73.6962901,45.7958214],[-73.6957049,45.7969347],[-73.69358,45.7966783],[-73.6942153,45.7954504],[-73.6899005,45.7943166],[-73.6876711,45.7942099],[-73.6952182,45.779637],[-73.6957065,45.7786227],[-73.6956536,45.7785981],[-73.7010495,45.7686331],[-73.6989477,45.7680553],[-73.699196,45.7675984],[-73.6965639,45.7669781],[-73.696705,45.766695],[-73.6924235,45.7657096],[-73.6925556,45.7654442],[-73.690361,45.7649688],[-73.6992987,45.7470397],[-73.6888609,45.7400432],[-73.6858513,45.7384893],[-73.6855765083197,45.73815170206138],[-73.6858074,45.7380661],[-73.6880118,45.7380586],[-73.6886394,45.7379297],[-73.6889757,45.7377392],[-73.6894755,45.7371658],[-73.6900631,45.7368205],[-73.6922421,45.736459],[-73.6926866,45.7362667],[-73.6938025,45.7355334],[-73.6946508,45.7351764],[-73.6962177,45.7347503],[-73.6962802,45.7346246],[-73.6961206,45.7339468],[-73.696114,45.7334472],[-73.696343,45.7332024],[-73.6966001,45.7331711],[-73.697061,45.7333774],[-73.697678,45.7340257],[-73.6991254,45.7348388],[-73.6995505,45.7348203],[-73.6998638,45.7345678],[-73.6998587,45.7344162],[-73.6994576,45.7340084],[-73.6986777,45.7334989],[-73.6979842,45.7328696],[-73.6978584,45.7325288],[-73.697935,45.7320778],[-73.6988488,45.7316428],[-73.6998072,45.7315089],[-73.7005071,45.7310322],[-73.7009343,45.7309015],[-73.7014891,45.731003],[-73.7023744,45.7318912],[-73.7027594,45.7320884],[-73.7031632,45.7321398],[-73.7033734,45.7320407],[-73.7034234,45.7317241],[-73.7029448,45.7311753],[-73.7029401,45.7307795],[-73.7034256,45.7303153],[-73.7039621,45.7301266],[-73.7043992,45.7296788],[-73.7045854,45.72979],[-73.7045792,45.7299106],[-73.7050048,45.73008],[-73.7050125,45.7303074],[-73.7047849,45.7308429],[-73.70491,45.7312971],[-73.7055151,45.7317263],[-73.7064589,45.7318247],[-73.7067971,45.731738],[-73.7074423,45.7313033],[-73.7078534,45.731178],[-73.7081702,45.7311612],[-73.7083914,45.7313372],[-73.7083466,45.7318055],[-73.7076962,45.7323047],[-73.7076187,45.7328119],[-73.7077586,45.7332594],[-73.7079995,45.7334496],[-73.7084424,45.7335574],[-73.7091968,45.7334969],[-73.7098342,45.7330509],[-73.7102645,45.7325357],[-73.710687,45.7322252],[-73.7118718,45.7318655],[-73.7127839,45.7317307],[-73.7138667,45.7316843],[-73.7143397,45.7318935],[-73.7148449,45.7318756],[-73.7158147,45.7314353],[-73.7164182,45.7313005],[-73.7169084,45.7312319],[-73.7182575,45.7312974],[-73.7193309,45.7308917],[-73.7195718,45.7308658],[-73.7200125,45.7308697],[-73.7201431,45.7309579],[-73.720826,45.7319602],[-73.7217242,45.7323668],[-73.7226967,45.7324344],[-73.7246848,45.7324016],[-73.7266912,45.7322511],[-73.7276531,45.7320156],[-73.7285983,45.7313813],[-73.7292684,45.7313283],[-73.7297587,45.7316919],[-73.7302606,45.7323025],[-73.7309485,45.7323759],[-73.732142,45.7321872],[-73.7347291,45.7322718],[-73.7354598,45.7324213],[-73.7370134,45.7331562],[-73.737309,45.7332093],[-73.7392253,45.7331588],[-73.740436,45.7329084],[-73.741768,45.732819],[-73.7434986,45.7328453],[-73.7439285,45.7330062],[-73.7444632,45.7333616],[-73.7447666,45.733426],[-73.7449616,45.7332762],[-73.7452384,45.7325826],[-73.745448,45.7325115],[-73.74574384949989,45.73256461979772],[-73.7510834,45.7506512],[-73.7301492,45.7544924],[-73.7675251,45.7793468],[-73.7765453,45.7852335],[-73.7798253,45.7875793],[-73.8250903,45.8175999],[-73.8125647,45.8202781],[-73.8099615,45.8205535],[-73.8095154,45.8202465],[-73.8004242,45.8266546],[-73.800426,45.8264489],[-73.7982034,45.8268989],[-73.7982019,45.8270772],[-73.7977463,45.8271638],[-73.779504,45.8150378],[-73.7767123,45.8105161],[-73.7708289,45.8102769],[-73.76985222521756,45.816821224427414],[-73.7616556,45.8149243],[-73.7615952,45.8149745],[-73.7553798,45.8134451]],[[-73.7748577,45.7878816],[-73.7746998,45.7879124],[-73.7746826,45.788059],[-73.7748313,45.7881072],[-73.7749626,45.7880466],[-73.7749677,45.7879463],[-73.7748577,45.7878816]],[[-73.7997136,45.8196585],[-73.7998008,45.8197266],[-73.8001206,45.8195691],[-73.8003093,45.8195678],[-73.8002567,45.8193485],[-73.7999918,45.8193407],[-73.7997722,45.819513],[-73.7997136,45.8196585]],[[-73.7459387,45.7347297],[-73.7459141,45.7341313],[-73.7453859,45.7341419],[-73.7454105,45.7347403],[-73.7459387,45.7347297]],[[-73.726442,45.7362675],[-73.7264309,45.7359924],[-73.7266743,45.7356101],[-73.7263038,45.7354917],[-73.7262471,45.735741],[-73.7261244,45.7358802],[-73.7262786,45.7364344],[-73.726442,45.7362675]],[[-73.7185941,45.7378614],[-73.7189413,45.738162],[-73.7194809,45.7380209],[-73.7188214,45.7374846],[-73.7174944,45.7375092],[-73.7173763,45.7376119],[-73.717519,45.7379191],[-73.718339,45.7375645],[-73.7185269,45.7375914],[-73.7185941,45.7378614]],[[-73.7313015,45.7399111],[-73.7313704,45.7394206],[-73.731159,45.7391437],[-73.7311719,45.7388744],[-73.730917,45.7390096],[-73.7308812,45.739217],[-73.7311358,45.739542],[-73.7311537,45.7398845],[-73.7313015,45.7399111]],[[-73.723641,45.7399917],[-73.7233735,45.739936],[-73.7230263,45.7396354],[-73.7227302,45.7396104],[-73.7227318,45.7397423],[-73.723017,45.7399244],[-73.7236549,45.7409909],[-73.7234266,45.7414239],[-73.7235572,45.741512],[-73.723897,45.7413411],[-73.7238212,45.7402235],[-73.723641,45.7399917]],[[-73.7183503,45.7415411],[-73.7188307,45.7415735],[-73.7190585,45.7411686],[-73.7186546,45.7409012],[-73.7185131,45.7409701],[-73.7182405,45.7414111],[-73.7183503,45.7415411]],[[-73.7265465,45.7413282],[-73.7264169,45.7411839],[-73.7264125,45.7407601],[-73.7262975,45.7406945],[-73.7259691,45.7406804],[-73.7256409,45.7410984],[-73.7257529,45.7413323],[-73.7259429,45.7414631],[-73.7259394,45.7418756],[-73.7260295,45.7419915],[-73.7263578,45.7417896],[-73.7264618,45.74158],[-73.7270307,45.7418124],[-73.7272243,45.7417467],[-73.7271232,45.7415719],[-73.7265465,45.7413282]],[[-73.7183115,45.7427812],[-73.7180174,45.7424278],[-73.7179663,45.7419362],[-73.7175734,45.7419439],[-73.7174131,45.7421585],[-73.7173315,45.7426742],[-73.7175091,45.7432623],[-73.7183713,45.7436588],[-73.7185229,45.7434678],[-73.7184376,45.743338],[-73.7181696,45.7433103],[-73.7180514,45.743197],[-73.7183115,45.7427812]],[[-73.7208464,45.7437834],[-73.7215822,45.7434364],[-73.7213433,45.74335],[-73.7207427,45.7433166],[-73.7203837,45.7436614],[-73.7204248,45.7438217],[-73.7206565,45.7440848],[-73.7208298,45.744033],[-73.7208464,45.7437834]],[[-73.7213484,45.7448262],[-73.7215269,45.74471],[-73.7214524,45.7446167],[-73.7212963,45.7446069],[-73.7208311,45.7448412],[-73.7208213,45.7451583],[-73.7211398,45.7452734],[-73.7209707,45.7455329],[-73.7211186,45.7457755],[-73.7213914,45.7457668],[-73.7213428,45.745351],[-73.7216478,45.7453313],[-73.7213578,45.7449694],[-73.7213484,45.7448262]],[[-73.7246311,45.745052],[-73.7245763,45.7445408],[-73.7242733,45.7444483],[-73.723984,45.7447067],[-73.7233428,45.7447009],[-73.7228182,45.7448927],[-73.72257,45.7448793],[-73.7222177,45.7450754],[-73.7228444,45.7454346],[-73.7230491,45.7456441],[-73.7230991,45.7457596],[-73.7229841,45.7459101],[-73.7232153,45.7462012],[-73.7233641,45.7461717],[-73.7235009,45.7459231],[-73.7234238,45.7457541],[-73.7234644,45.7455103],[-73.7236996,45.7453608],[-73.7243335,45.7453272],[-73.7246311,45.745052]],[[-73.7262025,45.7479145],[-73.7262232,45.7476565],[-73.7258093,45.747274],[-73.7255844,45.7472944],[-73.725672,45.7477667],[-73.7259938,45.7479295],[-73.7258836,45.7482597],[-73.7259893,45.7483981],[-73.7262126,45.7484619],[-73.7264207,45.7482588],[-73.7262025,45.7479145]],[[-73.7215182,45.7489167],[-73.7219335,45.7485668],[-73.7219319,45.7484349],[-73.7217325,45.7481609],[-73.7214404,45.7481274],[-73.7212036,45.7479288],[-73.7210563,45.7480903],[-73.7208928,45.7480411],[-73.7207163,45.7476129],[-73.7202191,45.7471819],[-73.7199374,45.7470194],[-73.7198646,45.7470581],[-73.7198501,45.7474115],[-73.7204727,45.7477791],[-73.720718,45.748177],[-73.7211725,45.7485319],[-73.721398,45.7489156],[-73.7215182,45.7489167]],[[-73.7218432,45.7495595],[-73.7217531,45.7492275],[-73.7213096,45.7491478],[-73.7215205,45.7494527],[-73.7215367,45.7496634],[-73.7212266,45.7501798],[-73.7213193,45.7503715],[-73.7217477,45.7504006],[-73.721846,45.7502836],[-73.721976,45.75],[-73.7218027,45.7498033],[-73.7218432,45.7495595]],[[-73.7198962,45.7508049],[-73.7201201,45.7508406],[-73.7201382,45.7505068],[-73.7202376,45.7503337],[-73.7199262,45.7500418],[-73.7197336,45.7500513],[-73.7197119,45.7503655],[-73.7198962,45.7508049]],[[-73.7239267,45.7520394],[-73.7241323,45.7519766],[-73.72424,45.7517868],[-73.723735,45.7515605],[-73.7236745,45.7513579],[-73.7234829,45.7513113],[-73.7231148,45.7510526],[-73.7227911,45.7512181],[-73.7227558,45.7513974],[-73.7231529,45.7513813],[-73.7232676,45.7516911],[-73.7236783,45.7518098],[-73.7239267,45.7520394]],[[-73.7328057,45.753861],[-73.7341675,45.753713],[-73.7347764,45.7535135],[-73.7348227,45.7533932],[-73.7346732,45.7532348],[-73.7344462,45.7531514],[-73.7338371,45.7531348],[-73.7331641,45.7533281],[-73.7327671,45.7535603],[-73.7328057,45.753861]],[[-73.7245892,45.7546244],[-73.7244809,45.7544102],[-73.724487,45.7540734],[-73.7248087,45.7540202],[-73.7247039,45.7536095],[-73.7248923,45.7533923],[-73.7245602,45.7533584],[-73.724073,45.7536909],[-73.7241296,45.7547663],[-73.7242353,45.7549047],[-73.7244821,45.7547863],[-73.7248022,45.7548172],[-73.7247331,45.7550916],[-73.7247899,45.7552745],[-73.7252267,45.7552868],[-73.7254135,45.7551538],[-73.7254239,45.7550248],[-73.7250996,45.7550022],[-73.7251364,45.7547388],[-73.725266,45.7546669],[-73.7259875,45.7546734],[-73.7258828,45.7544788],[-73.725432,45.7543597],[-73.7247444,45.7546904],[-73.7245892,45.7546244]],[[-73.7185434,45.7882352],[-73.7187016,45.7880107],[-73.7183516,45.7878574],[-73.7181048,45.7879313],[-73.7179935,45.7881071],[-73.7182939,45.788267],[-73.7185434,45.7882352]],[[-73.75138,45.7885192],[-73.7498862,45.7874851],[-73.7489579,45.7881372],[-73.750452,45.7891711],[-73.75138,45.7885192]],[[-73.7515281,45.7885468],[-73.750561,45.7892253],[-73.7520881,45.7902838],[-73.7530555,45.7896051],[-73.7515281,45.7885468]],[[-73.7309998,45.7941695],[-73.7314166,45.7941957],[-73.7317456,45.7935333],[-73.7312156,45.7933293],[-73.7309334,45.7938433],[-73.7309998,45.7941695]],[[-73.6980908,45.7421174],[-73.6977666,45.7413625],[-73.6966486,45.740832],[-73.6962546,45.7403404],[-73.6959192,45.7402331],[-73.6953546,45.740395],[-73.6954496,45.7405218],[-73.6959164,45.740635],[-73.6960254,45.7409295],[-73.6970343,45.7413781],[-73.6975681,45.74146],[-73.6977945,45.7419906],[-73.6980908,45.7421174]],[[-73.7093427,45.7455206],[-73.709171,45.7452721],[-73.7090107,45.7452706],[-73.7089872,45.7450206],[-73.7082539,45.7450111],[-73.7080905,45.745178],[-73.7079926,45.745483],[-73.7080993,45.7455654],[-73.7080639,45.7459608],[-73.7092756,45.7456827],[-73.7093427,45.7455206]],[[-73.7118707,45.7603421],[-73.7117942,45.760145],[-73.7115812,45.7601683],[-73.7113662,45.7603039],[-73.7113193,45.7604522],[-73.7114195,45.7605847],[-73.7116821,45.7605587],[-73.7118707,45.7603421]]],[[[-73.7407749,45.6732111],[-73.7400376,45.6732664],[-73.7399949,45.6731903],[-73.7399974,45.67305],[-73.7402123,45.6726703],[-73.7402281,45.6722328],[-73.7404255,45.6721588],[-73.74175763193543,45.67212626602356],[-73.7419818,45.6721808],[-73.74201926191814,45.67232138218038],[-73.74194437290335,45.67247262641057],[-73.7415463,45.6728167],[-73.7407749,45.6732111]]],[[[-73.7409879,45.6733288],[-73.7420145,45.672818],[-73.742081,45.6728999],[-73.7416626,45.6734742],[-73.7408095,45.6750883],[-73.7402906,45.6754597],[-73.7398106,45.6756715],[-73.7391923,45.6757839],[-73.738577,45.675728],[-73.7383819,45.6754458],[-73.7387436,45.6746886],[-73.7389103,45.6745414],[-73.7390535,45.6741443],[-73.73947576136729,45.67377534285048],[-73.7400675,45.6734927],[-73.7409879,45.6733288]]],[[[-73.6858,45.6875747],[-73.6857824,45.6874482],[-73.686007,45.6874279],[-73.6867007,45.6877851],[-73.6868654,45.6879662],[-73.6861034,45.6878272],[-73.6858,45.6875747]]],[[[-73.6895134,45.6889224],[-73.6902447,45.6892042],[-73.6902987,45.6893113],[-73.6895115,45.6896547],[-73.68879479378586,45.68974269344699],[-73.687977,45.6897217],[-73.68671278117495,45.6893545824126],[-73.6860602,45.6890473],[-73.6858784,45.6887117],[-73.6862912,45.6886903],[-73.6864212,45.6885905],[-73.6864832,45.6882769],[-73.6873544,45.6883579],[-73.6875213,45.6882108],[-73.6882665,45.6885993],[-73.6895134,45.6889224]]],[[[-73.6686819,45.6863636],[-73.6692941,45.6859682],[-73.6706771,45.6854511],[-73.6716701,45.6852333],[-73.6729088,45.6851413],[-73.6751339,45.685168],[-73.6756365,45.6852625],[-73.6770951,45.6858066],[-73.678801,45.6857722],[-73.6803098,45.6859996],[-73.6821936,45.6867132],[-73.683568,45.6874808],[-73.6842043,45.6883313],[-73.6849436,45.6890284],[-73.685335,45.689077],[-73.6862959,45.689706],[-73.6872584,45.6900349],[-73.6872952,45.6904196],[-73.6874405,45.6907745],[-73.6874855,45.6913585],[-73.6870616,45.6917529],[-73.6871089,45.6917927],[-73.6850188,45.6932742],[-73.6839505,45.6932389],[-73.6836491,45.6930902],[-73.6822134,45.6927962],[-73.6796583,45.6934595],[-73.6745916,45.693566],[-73.6723583,45.693528],[-73.6718437,45.6934305],[-73.6703439,45.6933461],[-73.6696542,45.6931964],[-73.6680916,45.6924295],[-73.6667805,45.691912],[-73.6637456,45.6919222],[-73.66294,45.6917629],[-73.6613307,45.6911442],[-73.6589278,45.6907732],[-73.6575596,45.6899126],[-73.6572154,45.6894996],[-73.6577307,45.6889491],[-73.6580691,45.6880265],[-73.6584365,45.6876653],[-73.6590654,45.6876405],[-73.6598791,45.687999],[-73.6603863,45.6880572],[-73.6605493,45.6883226],[-73.6611302,45.6885021],[-73.662348,45.6886681],[-73.6643503,45.6886312],[-73.6665167,45.6877794],[-73.6677055,45.6871679],[-73.6686819,45.6863636]]],[[[-73.6944609,45.689378],[-73.694752,45.6894396],[-73.6954322,45.69031],[-73.6941512,45.6907303],[-73.69263661484604,45.69098074523909],[-73.6920899,45.6909132],[-73.6944609,45.689378]]],[[[-73.6879627,45.6913152],[-73.6880803,45.6910245],[-73.6880768,45.6907888],[-73.6879274,45.6902263],[-73.6890351,45.6902899],[-73.6889903,45.690542],[-73.6883443,45.6912487],[-73.6879627,45.6913152]]],[[[-73.665964,45.6923138],[-73.6659339,45.6922125],[-73.666303,45.6921712],[-73.6674195,45.6924063],[-73.6679875,45.692639],[-73.66835763431081,45.69295229584011],[-73.6684024,45.6931255],[-73.6678067,45.6930834],[-73.6665781,45.6926423],[-73.665964,45.6923138]]],[[[-73.6820738,45.6931849],[-73.6824282,45.6934968],[-73.6814241,45.6938718],[-73.6795235,45.6938118],[-73.6814467,45.6935297],[-73.6820322,45.6932686],[-73.6820738,45.6931849]]],[[[-73.6595804,45.6854738],[-73.6596418,45.6854043],[-73.6598969,45.6854573],[-73.6608635,45.686182],[-73.66126232178563,45.68696249395486],[-73.66125174427675,45.687237837555294],[-73.6611486,45.6873604],[-73.6604523,45.6871432],[-73.6596911,45.6863559],[-73.6595757,45.6859143],[-73.6595804,45.6854738]]],[[[-73.6519036,45.6880509],[-73.6524681,45.6876439],[-73.6527257,45.6869646],[-73.6530203,45.686642],[-73.6556178,45.6848435],[-73.65674013038412,45.68437462382927],[-73.65748987078862,45.68419425962071],[-73.6580199,45.6842187],[-73.658625,45.6845921],[-73.6587131,45.6847921],[-73.6587086,45.6864446],[-73.6590167,45.6870648],[-73.6587402,45.6874858],[-73.6584314,45.6875137],[-73.6581468,45.6877354],[-73.6579037,45.6880894],[-73.6574894,45.6890029],[-73.6571439,45.6892661],[-73.6567025,45.6893179],[-73.6558445,45.6891834],[-73.6529426,45.6885492],[-73.6525576,45.6883799],[-73.6520384,45.6883187],[-73.6518697,45.6881459],[-73.6519036,45.6880509]]],[[[-73.6675346,45.6864873],[-73.6675719,45.6866279],[-73.6674017,45.6869434],[-73.6665173,45.6871313],[-73.6651629,45.6876201],[-73.6650969,45.6875077],[-73.6651771,45.6872924],[-73.66583060904252,45.6864352430694],[-73.6662182,45.6861887],[-73.6672302,45.6862663],[-73.6675346,45.6864873]]],[[[-73.6607699,45.6880946],[-73.6605781,45.6880759],[-73.6595619,45.6876397],[-73.659347,45.687371],[-73.6595249,45.6872463],[-73.6608102,45.687879],[-73.6607699,45.6880946]]],[[[-73.6643993,45.6879668],[-73.6642693,45.6880665],[-73.6634503,45.6879808],[-73.66424216685215,45.6877892178336],[-73.66432917007894,45.68780355359255],[-73.6643993,45.6879668]]],[[[-73.6544783,45.6892347],[-73.6555604,45.689377],[-73.6556372,45.6895461],[-73.65528145294456,45.68956118492821],[-73.6546585,45.6894384],[-73.6544783,45.6892347]]],[[[-73.6560305,45.6896986],[-73.656172,45.6896298],[-73.6566662,45.6897412],[-73.6571451,45.690018],[-73.6577039,45.6905116],[-73.6577545,45.6907871],[-73.656962,45.6905746],[-73.6566613,45.6903977],[-73.6560305,45.6896986]]],[[[-73.6596251,45.6911502],[-73.6610691,45.6912119],[-73.6613352,45.6913238],[-73.6613641,45.6914812],[-73.6600234,45.6914543],[-73.6596851,45.6913528],[-73.65956,45.6912001],[-73.6596251,45.6911502]]],[[[-73.641353,45.6923438],[-73.6416518,45.6924538],[-73.6415771,45.6924908],[-73.641353,45.6923438]]],[[[-73.643906,45.6941225],[-73.6438085,45.6937389],[-73.6433189,45.6933447],[-73.6419581,45.6925768],[-73.6416668,45.6922331],[-73.641312,45.6922064],[-73.6396213,45.6912277],[-73.6394943,45.6911239],[-73.6395172,45.6910164],[-73.6397401,45.6909105],[-73.6411061,45.6908957],[-73.6425144,45.6910576],[-73.6433411,45.6910311],[-73.6462048,45.6907729],[-73.6471752,45.6904934],[-73.6476922,45.6902628],[-73.6492791,45.6894332],[-73.650438,45.6886791],[-73.6513477,45.6886291],[-73.6547324,45.6897478],[-73.6554971,45.6898276],[-73.6560297,45.6903467],[-73.6563333,45.6907874],[-73.6566435,45.6908914],[-73.6568267,45.6911429],[-73.6568056,45.6914008],[-73.6565029,45.6915241],[-73.6547627,45.6926773],[-73.6539691,45.6933289],[-73.6527499,45.6945104],[-73.6510347,45.6955316],[-73.64981,45.6960647],[-73.6484623,45.6962772],[-73.6474068,45.6962965],[-73.6463472,45.6965322],[-73.6453387,45.6965211],[-73.6443996,45.6960589],[-73.6436088,45.6948625],[-73.6435898,45.694566],[-73.643906,45.6941225]]],[[[-73.6422452,45.6931779],[-73.64333496989381,45.69373718414316],[-73.6434582866525,45.693984485878616],[-73.6432599,45.6942906],[-73.64308720602723,45.694260300578314],[-73.6420922,45.6936197],[-73.6417846,45.6931874],[-73.6419189520503,45.693113785766286],[-73.6422452,45.6931779]]],[[[-73.6523611,45.6956164],[-73.6521213,45.695888],[-73.6520399,45.6958496],[-73.6522192,45.6956295],[-73.6523611,45.6956164]]],[[[-73.6420704,45.6957098],[-73.6422166,45.6956047],[-73.6423929,45.6956008],[-73.6426352,45.695895],[-73.6426218,45.6961642],[-73.6422615,45.6961607],[-73.6420892,45.6959682],[-73.6420704,45.6957098]]],[[[-73.6426295,45.6965795],[-73.6425923,45.6964389],[-73.6426699,45.6963639],[-73.6429192,45.6965094],[-73.6431694,45.6964109],[-73.6437482,45.6967028],[-73.6437454,45.696843],[-73.6430887,45.6968422],[-73.6426295,45.6965795]]],[[[-73.6502275,45.6969083],[-73.650714,45.6967112],[-73.6506631,45.6968138],[-73.6502275,45.6969083]]],[[[-73.496525,45.709304],[-73.4978419,45.7087174],[-73.497881,45.709034],[-73.4975644,45.7093917],[-73.4954647,45.7106052],[-73.4938432,45.7113217],[-73.4935848,45.7115141],[-73.4936206,45.71139],[-73.4952445,45.7100795],[-73.496525,45.709304]]],[[[-73.6347314,45.718836],[-73.6345227,45.71872],[-73.63458452119706,45.71861597036201],[-73.6349129,45.7186369],[-73.634983,45.7187386],[-73.6347314,45.718836]]]]}},{"type":"Feature","properties":{"id":"mascouche","name":"Mascouche","type":"city"},"geometry":{"type":"MultiPolygon","coordinates":[[[[-73.6992987,45.7470397],[-73.690361,45.7649688],[-73.6925556,45.7654442],[-73.6924235,45.7657096],[-73.696705,45.766695],[-73.6965639,45.7669781],[-73.699196,45.7675984],[-73.6989477,45.7680553],[-73.7010495,45.7686331],[-73.6956536,45.7785981],[-73.6957065,45.7786227],[-73.6952182,45.779637],[-73.6876711,45.7942099],[-73.6859318,45.7926048],[-73.6817822,45.7911736],[-73.6798381,45.7902403],[-73.6777141,45.7896971],[-73.6775178,45.7900703],[-73.6757244,45.7896046],[-73.6754614,45.7893655],[-73.673483,45.7888983],[-73.6735551,45.7886372],[-73.669087,45.7874151],[-73.6694684,45.7866789],[-73.6692778,45.7864919],[-73.66919930770841,45.786538285385014],[-73.6692006,45.7862676],[-73.6695275,45.785962],[-73.669566,45.7854262],[-73.6697626,45.7852204],[-73.6697793,45.7845665],[-73.6695392,45.7845362],[-73.669439,45.7847373],[-73.6688249,45.7851609],[-73.6692429,45.7855354],[-73.6690681,45.7858594],[-73.6684669,45.7864459],[-73.6685319,45.7866121],[-73.66892908266924,45.786697976129524],[-73.6608978,45.7914441],[-73.6614927,45.7920279],[-73.6536779,45.7959529],[-73.6533586,45.7986836],[-73.6540543,45.7993617],[-73.6528256,45.7999785],[-73.6540135,45.8011359],[-73.6535602,45.8029088],[-73.6538181,45.8031619],[-73.6504632,45.8063877],[-73.6505718,45.8064888],[-73.6496102,45.808212],[-73.6499653,45.8085622],[-73.6486012,45.8099991],[-73.6490499,45.8103864],[-73.647444,45.8115181],[-73.6459406,45.8127447],[-73.6442406,45.8135193],[-73.6193136,45.7962364],[-73.6108811,45.8019199],[-73.610756,45.8019287],[-73.5944839,45.8132763],[-73.5938243,45.8124755],[-73.5912799,45.8121934],[-73.5908625,45.8171384],[-73.5803577,45.8160509],[-73.5799516,45.8192193],[-73.5806972,45.8192958],[-73.5805568,45.8203925],[-73.5705093,45.8192981],[-73.5705325,45.8191941],[-73.550072,45.8169565],[-73.5517525,45.7934174],[-73.5249409,45.7924024],[-73.5260931,45.7771853],[-73.5260514,45.7763203],[-73.5261594,45.7746106],[-73.5266701,45.7693624],[-73.526877,45.7660399],[-73.5279765,45.7536717],[-73.5378718,45.7538457],[-73.5547268,45.7545261],[-73.5569927,45.7275648],[-73.5618324,45.7281554],[-73.5617354,45.726668],[-73.562827,45.7235739],[-73.5631909,45.7235079],[-73.5637839,45.7221607],[-73.5641478,45.7220948],[-73.5641689,45.7217418],[-73.5703607,45.7205941],[-73.5737602,45.7200561],[-73.5760828,45.7203534],[-73.5762422,45.7202466],[-73.57661787717738,45.720175727703996],[-73.57649,45.720525],[-73.5774845,45.7207593],[-73.5776907,45.7206916],[-73.57801934188618,45.719759914293014],[-73.57828630409483,45.71968070682822],[-73.5778817,45.7207856],[-73.5788763,45.7210199],[-73.5790825,45.7209521],[-73.57967649509763,45.71926823831642],[-73.580862,45.7189165],[-73.58143356932898,45.718959618533454],[-73.5816167,45.71976],[-73.5819072,45.720226],[-73.581674,45.7204509],[-73.5816148,45.7207842],[-73.5817356,45.7209454],[-73.5820548,45.7210049],[-73.5821044,45.7211205],[-73.5827247,45.7243373],[-73.5817829,45.7265976],[-73.5809661,45.7275067],[-73.580877,45.7281147],[-73.5808804,45.7300146],[-73.5808134,45.7303366],[-73.5801399,45.7316569],[-73.579711,45.7329714],[-73.5791906,45.733878],[-73.578424,45.7343105],[-73.5771932,45.7347045],[-73.5753208,45.7351197],[-73.5743011,45.7355748],[-73.574054,45.7358808],[-73.5741196,45.7365551],[-73.5746063,45.7370317],[-73.5761712,45.7376881],[-73.5771848,45.7382657],[-73.5783838,45.7386066],[-73.5793347,45.7387457],[-73.5799405,45.7390917],[-73.5800403,45.7392948],[-73.5800355,45.7395192],[-73.5798579,45.7397672],[-73.5793926,45.7397847],[-73.5779466,45.7389977],[-73.5765956,45.7386383],[-73.5759707,45.7386261],[-73.5751256,45.7387856],[-73.5746788,45.7390615],[-73.5745543,45.7394446],[-73.5747043,45.7399233],[-73.57524,45.7405436],[-73.575631,45.7411848],[-73.5759902,45.7421848],[-73.5761551,45.7432783],[-73.5761238,45.7439852],[-73.5757464,45.7442029],[-73.575083,45.7442941],[-73.5741662,45.7440599],[-73.5731118,45.7435099],[-73.5721489,45.7433678],[-73.5718582,45.7434658],[-73.5714837,45.7437312],[-73.5712378,45.7439812],[-73.5712012,45.7441885],[-73.5715917,45.7444817],[-73.5718423,45.7445714],[-73.5729398,45.7447935],[-73.5733578,45.7451122],[-73.5738636,45.7460072],[-73.5741692,45.746336],[-73.5743406,45.7471208],[-73.5748143,45.7476507],[-73.5759225,45.7483079],[-73.5762682,45.7486371],[-73.5768358,45.7494626],[-73.5768315,45.749847],[-73.5769517,45.7502244],[-73.5773984,45.7507006],[-73.57809,45.7506068],[-73.5784035,45.7503828],[-73.57844,45.75],[-73.578598,45.7497253],[-73.5791125,45.7492873],[-73.5796784,45.7490687],[-73.580443,45.7489364],[-73.5817099,45.7489273],[-73.5826215,45.7492259],[-73.5832772,45.7493113],[-73.5894439,45.7485001],[-73.5908592,45.7484895],[-73.5916339,45.7486323],[-73.5922028,45.7488375],[-73.5930504,45.7489417],[-73.5939268,45.7492033],[-73.5944497,45.7495006],[-73.5953943,45.7493841],[-73.5956449,45.7492857],[-73.5967902,45.748391],[-73.5970144,45.7480229],[-73.5970897,45.747684],[-73.5967014,45.7472787],[-73.594893,45.7465444],[-73.5946614,45.746309],[-73.5946135,45.7459212],[-73.5965225,45.7445462],[-73.5970787,45.7444004],[-73.5983736,45.7443884],[-73.5987667,45.7445693],[-73.5991042,45.7451032],[-73.5992359,45.7455115],[-73.5997259,45.7460357],[-73.6006527,45.7467609],[-73.6008265,45.7476496],[-73.6005599,45.7483176],[-73.6000876,45.749048],[-73.6000297,45.7493253],[-73.6001733,45.7495485],[-73.6002309,45.7498634],[-73.6006156,45.750249],[-73.6015203,45.7506961],[-73.6039067,45.7510265],[-73.6043011,45.7515273],[-73.6040795,45.7521593],[-73.603875,45.7523537],[-73.6034413,45.7525766],[-73.6025464,45.7526207],[-73.6012852,45.7523496],[-73.6007886,45.752322],[-73.6003125,45.7524687],[-73.5998172,45.7527611],[-73.5997272,45.7536134],[-73.5998877,45.7541791],[-73.600531,45.7546657],[-73.6020036,45.755374],[-73.6021121,45.7559365],[-73.6018794,45.7561333],[-73.6011771,45.7563563],[-73.60086,45.7563727],[-73.6002444,45.7562878],[-73.5991608,45.7559566],[-73.598733,45.7558989],[-73.5981867,45.7559438],[-73.5979606,45.7560201],[-73.5967696,45.7567908],[-73.5965585,45.7571058],[-73.5967446,45.7574052],[-73.5970582,45.7575572],[-73.5987377,45.757771],[-73.5999977,45.7577222],[-73.6005423,45.7579495],[-73.6006243,45.7580542],[-73.6006101,45.7585396],[-73.6004456,45.7587344],[-73.6000526,45.7589296],[-73.5985946,45.7594282],[-73.597772,45.7598379],[-73.5970865,45.7604034],[-73.5958171,45.7618414],[-73.595804,45.7620826],[-73.5959214,45.7624122],[-73.5968597,45.7627924],[-73.5988846,45.7627992],[-73.5990241,45.7628427],[-73.5991821,45.7631447],[-73.5990667,45.7632951],[-73.5985019,45.7636457],[-73.5979234,45.7642656],[-73.5977735,45.7651033],[-73.5975449,45.7652918],[-73.5973817,45.7656185],[-73.5967367,45.7663444],[-73.5961278,45.7674552],[-73.5959424,45.7680679],[-73.5957913,45.7693378],[-73.5958333,45.7698182],[-73.5962685,45.7702915],[-73.5963016,45.7708167],[-73.5958241,45.7712075],[-73.5954596,45.7713721],[-73.5938743,45.771802],[-73.5935721,45.7720571],[-73.5926433,45.7725443],[-73.5923142,45.7729338],[-73.5922801,45.773217],[-73.5923699,45.773333],[-73.5935467,45.774016],[-73.594219,45.7746601],[-73.5942502,45.7750815],[-73.5938344,45.7759669],[-73.5934233,45.7766279],[-73.5927812,45.7774016],[-73.5918123,45.7790167],[-73.59171,45.7793019],[-73.5916348,45.7805811],[-73.5916925,45.7822125],[-73.5922756,45.7827126],[-73.5931838,45.7830195],[-73.5941417,45.783066],[-73.5950942,45.7833649],[-73.5958011,45.7831336],[-73.5960615,45.7829623],[-73.5962476,45.7826976],[-73.5961152,45.7823172],[-73.5961846,45.782071],[-73.5963552,45.7819717],[-73.5970526,45.7820013],[-73.5976319,45.7813533],[-73.5977019,45.7810789],[-73.5976408,45.7809323],[-73.5973708,45.7808004],[-73.5965495,45.7809379],[-73.5953864,45.7809259],[-73.5951618,45.7807299],[-73.5952402,45.7802507],[-73.5962996,45.7798519],[-73.5974657,45.7797236],[-73.5991825,45.77973],[-73.5995452,45.7796495],[-73.5999875,45.7794099],[-73.6010589,45.779202],[-73.6012929,45.7789489],[-73.6013161,45.7786067],[-73.6010484,45.7783626],[-73.6004385,45.7783732],[-73.5994222,45.7786322],[-73.5993114,45.7785581],[-73.5995332,45.7777379],[-73.5994814,45.7765782],[-73.5995423,45.7761606],[-73.5998241,45.7757312],[-73.600401,45.7753835],[-73.6007079,45.7750919],[-73.6026762,45.7741915],[-73.6036205,45.7739149],[-73.604629,45.7738326],[-73.6052795,45.7736063],[-73.6054243,45.7733972],[-73.6054187,45.7728976],[-73.6051269,45.7722715],[-73.6050518,45.771642],[-73.6051272,45.7714912],[-73.6054515,45.7713261],[-73.6060571,45.7713239],[-73.6075032,45.7716025],[-73.6086697,45.771634],[-73.6091724,45.771569],[-73.6098091,45.7712358],[-73.6097808,45.7710503],[-73.6096814,45.7710072],[-73.6080313,45.7707069],[-73.6075392,45.7704549],[-73.6069955,45.7699834],[-73.6070086,45.7697421],[-73.6072299,45.7695142],[-73.6077774,45.7692251],[-73.6103791,45.7685078],[-73.6116044,45.7680179],[-73.6120082,45.7676936],[-73.6122676,45.7671742],[-73.6122196,45.7669744],[-73.611895,45.7665754],[-73.6117008,45.7660766],[-73.6117185,45.7656109],[-73.6118602,45.7653541],[-73.6126108,45.7647386],[-73.613114,45.7646455],[-73.6152509,45.7646699],[-73.6161308,45.7649791],[-73.6164199,45.7651533],[-73.6168618,45.7655058],[-73.6172399,45.7662281],[-73.61745,45.7671256],[-73.617448,45.7676139],[-73.6175361,45.7678141],[-73.6179265,45.7681352],[-73.6183467,45.7681815],[-73.6187595,45.7680004],[-73.6193892,45.7674118],[-73.6203595,45.7662483],[-73.6208208,45.7660509],[-73.6216401,45.7661854],[-73.6220957,45.7664566],[-73.6222484,45.7672272],[-73.6226711,45.7675374],[-73.6228914,45.7675536],[-73.6231128,45.7675137],[-73.6236116,45.7672409],[-73.6239524,45.7668542],[-73.6240501,45.7663892],[-73.62434,45.7659431],[-73.626048,45.7653736],[-73.6260896,45.7651017],[-73.6259163,45.7647492],[-73.6250125,45.763842],[-73.6250246,45.7632527],[-73.6253598,45.7627424],[-73.626735,45.7615746],[-73.6271179,45.760888],[-73.6273695,45.7599531],[-73.627787,45.7597355],[-73.6289754,45.7598568],[-73.6295644,45.760076],[-73.629382,45.7601724],[-73.6290708,45.7600963],[-73.629069,45.7601805],[-73.6295484,45.7602695],[-73.6300846,45.7603253],[-73.6304112,45.760236],[-73.6304783,45.76029],[-73.6306863,45.7601152],[-73.6314524,45.7603025],[-73.6322247,45.7607732],[-73.6330729,45.7610651],[-73.6337862,45.761089],[-73.6347278,45.7609244],[-73.6360411,45.7608223],[-73.6377175,45.7612037],[-73.6385302,45.7612707],[-73.6398109,45.7609914],[-73.6420668,45.7610725],[-73.6442426,45.7607487],[-73.6465066,45.7606249],[-73.6467911,45.7604312],[-73.6469092,45.7601404],[-73.6471303,45.7599125],[-73.647772,45.7597026],[-73.6483488,45.7597307],[-73.6496035,45.7601499],[-73.6497806,45.7601179],[-73.6501537,45.7599083],[-73.6501849,45.7591452],[-73.6503107,45.7588657],[-73.6506526,45.7586109],[-73.6517647,45.7581305],[-73.6523271,45.7580798],[-73.6532352,45.7583862],[-73.653775,45.7584616],[-73.6541177,45.7583667],[-73.6545074,45.7581234],[-73.6547886,45.757694],[-73.6547679,45.7571156],[-73.6548734,45.75685],[-73.6554048,45.756538],[-73.6565108,45.7567704],[-73.6580386,45.7569648],[-73.6585957,45.7573827],[-73.6588908,45.7574642],[-73.6592802,45.757437],[-73.6598417,45.7572263],[-73.6602628,45.7568122],[-73.6600791,45.7553482],[-73.6602672,45.7551592],[-73.6605823,45.7550387],[-73.6610388,45.7550656],[-73.6614598,45.7552717],[-73.6619576,45.7556469],[-73.6622675,45.7559951],[-73.6625932,45.7561498],[-73.6639431,45.7562161],[-73.664607,45.7560961],[-73.664981,45.7558303],[-73.6653016,45.7554292],[-73.6654156,45.7549307],[-73.6654237,45.7541057],[-73.6655828,45.7537592],[-73.6660058,45.7534489],[-73.6666359,45.753208],[-73.6678636,45.7529531],[-73.6685062,45.752687],[-73.6688563,45.7524153],[-73.6691772,45.751582],[-73.670379,45.75],[-73.6723057,45.7483983],[-73.673016,45.747942],[-73.6734201,45.7477774],[-73.6738758,45.7474281],[-73.673992,45.7472216],[-73.6740101,45.7460795],[-73.6742638,45.7458125],[-73.6756147,45.7453903],[-73.6761651,45.7451205],[-73.676711,45.7444549],[-73.6770634,45.7436388],[-73.6772545,45.7434974],[-73.6774487,45.7434038],[-73.6779708,45.7433526],[-73.6788099,45.7430687],[-73.6798132,45.7425898],[-73.6803454,45.7420055],[-73.6806764,45.7412593],[-73.6810493,45.7408334],[-73.6816177,45.740662],[-73.6833865,45.740802],[-73.6836317,45.7407679],[-73.6839841,45.7405719],[-73.684258,45.740291],[-73.6843627,45.7400535],[-73.6843244,45.7397528],[-73.6840457,45.7392339],[-73.6840798,45.7387066],[-73.6855765083197,45.73815170206138],[-73.6858513,45.7384893],[-73.6888609,45.7400432],[-73.6992987,45.7470397]],[[-73.6761089,45.745877],[-73.6760199,45.7460055],[-73.676211,45.7460603],[-73.6762892,45.7459474],[-73.6761089,45.745877]],[[-73.684799,45.7591977],[-73.6851476,45.7585779],[-73.6854216,45.758297],[-73.6854332,45.7581118],[-73.6851603,45.7581205],[-73.68461041351004,45.758814059666435],[-73.6842633,45.7591141],[-73.6846854,45.759264],[-73.684799,45.7591977]],[[-73.5778627,45.7213626],[-73.5786141,45.7214936],[-73.5787097,45.7212263],[-73.5779583,45.7210953],[-73.5778627,45.7213626]],[[-73.5757156,45.722738],[-73.5767102,45.7229723],[-73.5769164,45.7229046],[-73.5775754,45.7209598],[-73.5774783,45.7208836],[-73.5764474,45.7207397],[-73.5757156,45.722738]],[[-73.5776458,45.7213702],[-73.5770906,45.7229806],[-73.5780852,45.7232148],[-73.5782914,45.7231471],[-73.5788507,45.7215706],[-73.5776458,45.7213702]],[[-73.5632047,45.7252558],[-73.5634367,45.7252751],[-73.5644819,45.7249299],[-73.5651935,45.7246345],[-73.5652312,45.7245591],[-73.5647949,45.724358],[-73.5638832,45.7242753],[-73.5628726,45.7246854],[-73.5628391,45.7247524],[-73.5632047,45.7252558]],[[-73.5699182,45.7321775],[-73.5717276,45.7324521],[-73.5721754,45.7324961],[-73.5716798,45.7322524],[-73.5707381,45.7320684],[-73.5701341,45.7320143],[-73.5699182,45.7321775]],[[-73.6244578,45.7760683],[-73.6247461,45.7758943],[-73.6245892,45.7757243],[-73.6242934,45.7756709],[-73.6240185,45.7761677],[-73.6241298,45.776806],[-73.6242747,45.776785],[-73.6244433,45.7765818],[-73.6245024,45.7764364],[-73.6244578,45.7760683]],[[-73.5567759,45.7519993],[-73.5568083,45.7518004],[-73.556931,45.7516894],[-73.5573492,45.7516322],[-73.5574205,45.7514898],[-73.556863,45.7515035],[-73.5562306,45.7516398],[-73.5560898,45.7518403],[-73.5563619,45.7520482],[-73.5567759,45.7519993]]],[[[-73.6685252,45.7264142],[-73.6831727,45.736251],[-73.6832222,45.7362237],[-73.6842157,45.7370379],[-73.6847601,45.737366],[-73.68545675907146,45.7380045829808],[-73.6849206,45.7381223],[-73.6840315,45.7385069],[-73.6838352,45.7387127],[-73.6837726,45.7390545],[-73.6840314,45.7397754],[-73.6840306,45.7402356],[-73.6836037,45.7405543],[-73.6815819,45.7404371],[-73.6809896,45.7406028],[-73.6805006,45.7410191],[-73.6797368,45.7423927],[-73.6788835,45.7427859],[-73.6770824,45.7432769],[-73.6766943,45.7438682],[-73.6766285,45.7441622],[-73.6760867,45.7448194],[-73.6754223,45.7451836],[-73.6743582,45.7454879],[-73.6739801,45.7457621],[-73.6737421,45.7460517],[-73.6736933,45.7471205],[-73.6735109,45.7474331],[-73.6720273,45.7482834],[-73.6709325,45.7491346],[-73.669998,45.75],[-73.6690406,45.7511822],[-73.6685014,45.7523193],[-73.6681742,45.7526529],[-73.6670193,45.7528692],[-73.6661638,45.7531586],[-73.6654727,45.753441],[-73.665171,45.7536963],[-73.6650072,45.7540793],[-73.6649537,45.7555887],[-73.6646915,45.7558724],[-73.6640469,45.7560346],[-73.6630661,45.7559551],[-73.6626051,45.7557486],[-73.6615023,45.7549437],[-73.6607721,45.7547655],[-73.6603905,45.7548039],[-73.6600623,45.7549776],[-73.6597823,45.755351],[-73.6599022,45.7561885],[-73.6598489,45.7568616],[-73.6591664,45.7573153],[-73.6590216,45.7573363],[-73.6587713,45.7572188],[-73.658271,45.7567678],[-73.6572524,45.7565755],[-73.6567713,45.7565709],[-73.6557617,45.7563338],[-73.6554087,45.7563416],[-73.6548327,45.7564735],[-73.6546039,45.7566902],[-73.6545288,45.756841],[-73.6544876,45.7577051],[-73.6544072,45.7579204],[-73.6541956,45.7580755],[-73.6536681,45.7581911],[-73.6533012,45.7580921],[-73.6528413,45.7578294],[-73.6523082,45.7578215],[-73.6509482,45.7582601],[-73.6501376,45.7587013],[-73.6499917,45.7591826],[-73.6500164,45.7597526],[-73.6496236,45.759948],[-73.6491019,45.7595668],[-73.6476025,45.7595578],[-73.6473686,45.7596229],[-73.6466867,45.7602365],[-73.6451792,45.7604323],[-73.6432479,45.7605621],[-73.6420713,45.7607546],[-73.6395604,45.7606858],[-73.6389619,45.7608753],[-73.6381007,45.7608931],[-73.6375765,45.7608403],[-73.6368121,45.7605689],[-73.6358391,45.7605003],[-73.6351492,45.7605103],[-73.6339809,45.7607794],[-73.6334675,45.7607856],[-73.6322962,45.7604147],[-73.631673,45.7601026],[-73.6314921,45.7599268],[-73.6308839,45.7596653],[-73.6301575,45.7596946],[-73.6295152,45.7599324],[-73.6293028,45.7599274],[-73.6276777,45.7593892],[-73.6269787,45.7598481],[-73.626695,45.760982],[-73.6264369,45.7614453],[-73.6248472,45.7629085],[-73.6247813,45.7635786],[-73.624875,45.7639023],[-73.6250925,45.7642469],[-73.6255639,45.7647288],[-73.6257738,45.7652501],[-73.6255855,45.7654391],[-73.6246808,45.7655563],[-73.6241741,45.7658179],[-73.6238136,45.7661904],[-73.6236407,45.7669942],[-73.6231563,45.7673458],[-73.6228829,45.7673823],[-73.6226123,45.7672786],[-73.6223327,45.7664394],[-73.6221249,45.7662099],[-73.6216848,45.7659613],[-73.6207967,45.765857],[-73.6203714,45.7660632],[-73.6201657,45.7663137],[-73.6195813,45.7666503],[-73.6190899,45.7673386],[-73.618383,45.7679742],[-73.6178899,45.7679664],[-73.6175438,45.7676373],[-73.6175271,45.7661103],[-73.6171909,45.7654923],[-73.6166119,45.764984],[-73.6156979,45.7645818],[-73.6139127,45.7644178],[-73.6129427,45.7643968],[-73.6124353,45.7644983],[-73.6117678,45.7649742],[-73.6115543,45.7652134],[-73.6114193,45.7655377],[-73.6114777,45.7662006],[-73.6119084,45.7668983],[-73.6119044,45.7672827],[-73.6117585,45.7675479],[-73.6111244,45.7679569],[-73.6108911,45.7679938],[-73.6107278,45.7681325],[-73.609628,45.7685591],[-73.6090171,45.7686259],[-73.6075194,45.7690962],[-73.6071257,45.7693195],[-73.6068098,45.7696559],[-73.6067532,45.7700651],[-73.6073896,45.7705123],[-73.6079972,45.770802],[-73.6095037,45.7710671],[-73.6096384,45.7711471],[-73.6095882,45.7712476],[-73.6094859,45.7713448],[-73.608708,45.7715305],[-73.6079431,45.771475],[-73.6076168,45.7713482],[-73.6071757,45.7713437],[-73.6064329,45.7711902],[-73.6055274,45.7711472],[-73.60516,45.7712642],[-73.6048339,45.7715134],[-73.6047843,45.771774],[-73.6048036,45.7720043],[-73.6051044,45.7727737],[-73.6051136,45.773293],[-73.6049455,45.7734681],[-73.604775,45.7735674],[-73.6033679,45.7737214],[-73.6021847,45.7740994],[-73.6000908,45.7750631],[-73.5995547,45.7755713],[-73.599076,45.7762063],[-73.5990983,45.7764844],[-73.599266,45.7769015],[-73.599244,45.7775637],[-73.5989671,45.7783328],[-73.5990379,45.7785945],[-73.5991911,45.7787449],[-73.599415,45.7787809],[-73.6005235,45.7785256],[-73.6008605,45.7785235],[-73.601012,45.7785699],[-73.6010121,45.7789461],[-73.600829,45.7790705],[-73.6001532,45.779159],[-73.5992908,45.7795403],[-73.5981187,45.7795731],[-73.5975757,45.7794496],[-73.5965228,45.7795398],[-73.5956304,45.7798197],[-73.5952652,45.7800124],[-73.5950354,45.780257],[-73.5949906,45.7806692],[-73.5951451,45.7809515],[-73.5954714,45.7810784],[-73.5959802,45.7811089],[-73.5973349,45.7809797],[-73.5974541,45.7812251],[-73.5973823,45.7813956],[-73.5969724,45.7818124],[-73.5961055,45.7818259],[-73.5959057,45.7821719],[-73.5960471,45.7826955],[-73.5955676,45.7829825],[-73.5949349,45.7831191],[-73.5942578,45.7828875],[-73.593176,45.7828202],[-73.5921067,45.7823516],[-73.5919151,45.7821166],[-73.5918474,45.7815264],[-73.5918633,45.7794523],[-73.5922163,45.7786925],[-73.5924461,45.7784479],[-73.592731,45.7778782],[-73.5930314,45.7775192],[-73.5935311,45.7766543],[-73.5941187,45.7759895],[-73.5943693,45.7751388],[-73.594395,45.7746844],[-73.5943178,45.7745433],[-73.5938855,45.7741178],[-73.5927823,45.7733681],[-73.5925626,45.7731357],[-73.5925356,45.772894],[-73.5927577,45.7726381],[-73.5934459,45.7723365],[-73.5941173,45.7718803],[-73.5957302,45.771476],[-73.596328,45.7710864],[-73.5964722,45.7709054],[-73.5965391,45.7703953],[-73.5962314,45.7701507],[-73.5960804,45.769324],[-73.5960934,45.7685186],[-73.5964814,45.7672315],[-73.5978812,45.7651297],[-73.5983076,45.7641152],[-73.5987149,45.7636226],[-73.5994407,45.7632456],[-73.5994879,45.7630973],[-73.5991275,45.7626894],[-73.596953,45.7625519],[-73.5961224,45.7621982],[-73.596029,45.7620625],[-73.5961079,45.7617433],[-73.5976937,45.760129],[-73.5986802,45.7595526],[-73.6002034,45.7590041],[-73.6007166,45.7586221],[-73.6007555,45.7584906],[-73.6007816,45.7580081],[-73.6004698,45.757772],[-73.6000073,45.7576493],[-73.5990123,45.7576784],[-73.5979903,45.7574658],[-73.5973292,45.7574449],[-73.5969504,45.7573428],[-73.5968415,45.7571845],[-73.5968839,45.7568846],[-73.5974612,45.7565089],[-73.5985739,45.7560292],[-73.6007159,45.7565536],[-73.6017324,45.7564546],[-73.6022091,45.7560918],[-73.602246,45.7556684],[-73.6021825,45.755446],[-73.6014213,45.754846],[-73.6001156,45.7542067],[-73.6000276,45.7540066],[-73.6000161,45.7535995],[-73.6001325,45.7528289],[-73.600288,45.7526789],[-73.6007319,45.7525432],[-73.6014007,45.7525753],[-73.6024387,45.7527824],[-73.6035856,45.7527717],[-73.6041179,45.752432],[-73.6043641,45.7519658],[-73.604458,45.7516973],[-73.6043967,45.7511747],[-73.6042566,45.7509712],[-73.6038348,45.7508209],[-73.6012546,45.7503679],[-73.6008381,45.7501531],[-73.600733,45.75],[-73.6005378,45.7499479],[-73.600357,45.7497721],[-73.600226,45.7495237],[-73.6002797,45.7492549],[-73.6011478,45.7480009],[-73.6010956,45.7474334],[-73.6008005,45.7467877],[-73.6004887,45.7463635],[-73.5994805,45.7453176],[-73.599317,45.7448921],[-73.5989,45.7445174],[-73.5984233,45.744316],[-73.5969405,45.7443007],[-73.5964255,45.7443908],[-73.594623,45.7454723],[-73.5943527,45.7457445],[-73.5943019,45.7462492],[-73.5944695,45.7464782],[-73.5949038,45.7467914],[-73.5966631,45.7473822],[-73.596921,45.7476991],[-73.5969151,45.7479797],[-73.59682,45.7481163],[-73.5957884,45.7489448],[-73.5953218,45.7492066],[-73.5942912,45.7492268],[-73.5935092,45.7488566],[-73.5916817,45.748456],[-73.5910698,45.7483907],[-73.58953,45.7484084],[-73.5878952,45.7485625],[-73.5837348,45.7490944],[-73.5829888,45.7491091],[-73.5816286,45.7487945],[-73.5812362,45.7487735],[-73.5801229,45.748905],[-73.578893,45.7492429],[-73.5784162,45.7496055],[-73.5781965,45.7503133],[-73.5778226,45.7505507],[-73.5775905,45.7505314],[-73.5772017,45.7503421],[-73.5770845,45.7502005],[-73.5769764,45.749262],[-73.5763448,45.7484302],[-73.5750895,45.7475301],[-73.5747469,45.7466845],[-73.5735761,45.7450247],[-73.573249,45.7447659],[-73.5728316,45.7446071],[-73.5717353,45.7443289],[-73.5715057,45.7440093],[-73.5718234,45.7435889],[-73.5721788,45.7434692],[-73.5728779,45.7435748],[-73.5742134,45.7442878],[-73.5750441,45.7444256],[-73.57597,45.744427],[-73.5763038,45.7441892],[-73.5764792,45.7438655],[-73.5764673,45.7432984],[-73.5760544,45.741251],[-73.5757232,45.7406245],[-73.5751755,45.7400013],[-73.5748443,45.7397508],[-73.5746978,45.7394798],[-73.5747595,45.7392223],[-73.5753193,45.7389083],[-73.5759234,45.7387743],[-73.5767367,45.7387857],[-73.5776284,45.7390702],[-73.5782713,45.7393688],[-73.5793519,45.7400004],[-73.5797639,45.7400356],[-73.5801078,45.7398848],[-73.5802819,45.7396173],[-73.5801307,45.7390067],[-73.5798436,45.7387483],[-73.5784544,45.7383043],[-73.5748641,45.7367846],[-73.5744282,45.7365555],[-73.5743307,45.7364282],[-73.574338,45.7360915],[-73.5745288,45.7357905],[-73.5750085,45.7354756],[-73.5762184,45.7351235],[-73.5768284,45.7350851],[-73.5782917,45.7346824],[-73.5791176,45.7342925],[-73.5796469,45.7337172],[-73.5800387,45.7330141],[-73.5803462,45.7319425],[-73.5807983,45.7312261],[-73.5811673,45.730273],[-73.5811191,45.7284091],[-73.5811807,45.7277755],[-73.5815993,45.7273141],[-73.5821662,45.7264754],[-73.5830159,45.7245873],[-73.5829902,45.7241015],[-73.5827272,45.7229089],[-73.5826854,45.7222406],[-73.5823943,45.7212386],[-73.582255,45.721195],[-73.5822108,45.7210149],[-73.5824009,45.72093],[-73.5824775,45.7205351],[-73.582034,45.7199187],[-73.5817728,45.719394],[-73.5819611,45.7186411],[-73.5823688,45.7183087],[-73.582984,45.7174536],[-73.5831658,45.7166333],[-73.5833229504506,45.716340095248135],[-73.6644848,45.7261943],[-73.6664837,45.7263659],[-73.6685252,45.7264142]],[[-73.666315,45.7379544],[-73.6664765,45.7379451],[-73.6663325,45.737722],[-73.6661536,45.7376501],[-73.6656681,45.737682],[-73.6656305,45.7377574],[-73.6658017,45.737818],[-73.6657463,45.737983],[-73.6663909,45.7384414],[-73.6661146,45.7381688],[-73.666315,45.7379544]],[[-73.6198558,45.7209088],[-73.6196225,45.7213456],[-73.6202868,45.7215309],[-73.6202428,45.7216127],[-73.6206198,45.7217175],[-73.6208066,45.7215039],[-73.6206989,45.7215419],[-73.6208163,45.7213249],[-73.6206313,45.721276],[-73.6206839,45.7210222],[-73.6198558,45.7209088]],[[-73.6352685,45.7272535],[-73.635056,45.7269156],[-73.6345922,45.7269613],[-73.6344107,45.7272907],[-73.6339986,45.7273213],[-73.6336153,45.7275345],[-73.633715,45.7276621],[-73.6336659,45.7277175],[-73.6337399,45.7281197],[-73.6342388,45.7280862],[-73.6351569,45.7276257],[-73.6350912,45.7274136],[-73.6352685,45.7272535]],[[-73.627984,45.7344135],[-73.6279394,45.7345895],[-73.6288944,45.7346331],[-73.6291202,45.7345599],[-73.6287679,45.7335943],[-73.6287244,45.7330605],[-73.6288734,45.731579],[-73.6288064,45.7313838],[-73.6286394,45.7313673],[-73.6283771,45.7317673],[-73.6283221,45.7336857],[-73.6286921,45.7343448],[-73.6286283,45.7344828],[-73.627984,45.7344135]],[[-73.6196746,45.7335247],[-73.619784,45.7334216],[-73.6196582,45.7331926],[-73.6188377,45.7333434],[-73.6185998,45.7334808],[-73.6196746,45.7335247]],[[-73.6261217,45.734638],[-73.626012,45.7345608],[-73.6255864,45.7345602],[-73.6253944,45.7344478],[-73.6254324,45.7345559],[-73.6256404,45.7346448],[-73.6261217,45.734638]],[[-73.6401443,45.742301],[-73.6401704,45.7420936],[-73.6398014,45.7417449],[-73.6400757,45.741599],[-73.6401671,45.7414258],[-73.6399353,45.7413985],[-73.6393115,45.7416013],[-73.6392821,45.7417176],[-73.6398765,45.742219],[-73.6401443,45.742301]],[[-73.6205449,45.7417966],[-73.6214863,45.7418201],[-73.6215156,45.7417615],[-73.6205877,45.7414687],[-73.6201589,45.7414672],[-73.619627,45.741995],[-73.6194138,45.7424223],[-73.6196963,45.742717],[-73.6200163,45.7427483],[-73.6205449,45.7417966]],[[-73.6369419,45.7429758],[-73.636609,45.7426753],[-73.6361105,45.742842],[-73.6360583,45.7429672],[-73.6367728,45.7430828],[-73.6369419,45.7429758]],[[-73.6218032,45.7423958],[-73.6212606,45.7422725],[-73.6207757,45.7424641],[-73.6207067,45.7428984],[-73.6210701,45.7433538],[-73.6210297,45.7436358],[-73.6215369,45.7437007],[-73.621919,45.7436117],[-73.6220619,45.7434649],[-73.6219481,45.7425628],[-73.6218032,45.7423958]],[[-73.6410175,45.7440294],[-73.6416028,45.7442288],[-73.6416259,45.7440746],[-73.6414456,45.7438708],[-73.6409506,45.7435713],[-73.6407766,45.7436509],[-73.6407504,45.7437573],[-73.6410175,45.7440294]],[[-73.6437533,45.7444392],[-73.6436159,45.744018],[-73.6433787,45.7440383],[-73.6434078,45.744596],[-73.6436576,45.7446483],[-73.6437533,45.7444392]],[[-73.64115400566017,45.74601806325248],[-73.6413989,45.746222],[-73.6417608,45.7462021],[-73.6418218,45.7461269],[-73.6416957,45.7459553],[-73.6418461,45.7456985],[-73.641653,45.7457014],[-73.64115400566017,45.74601806325248]],[[-73.6202525,45.7546464],[-73.6201871,45.7546629],[-73.62021,45.7547037],[-73.6202525,45.7546464]]],[[[-73.6342088,45.728059],[-73.63387194103542,45.72802287001642],[-73.6338535987957,45.72795764440271],[-73.6343778,45.7278793],[-73.6342088,45.728059]]]]}},{"type":"Feature","properties":{"id":"saint-eustache","name":"Saint-Eustache","type":"city"},"geometry":{"type":"MultiPolygon","coordinates":[[[[-73.9024234,45.55479],[-73.9034126,45.555516],[-73.9050656,45.5543933],[-73.9006644,45.551132],[-73.9015149,45.5505707],[-73.9020343,45.5509503],[-73.9028674,45.5503865],[-73.9032442,45.5506602],[-73.9030384,45.5508004],[-73.9041126,45.5515458],[-73.904411,45.5515076],[-73.9126259,45.5576548],[-73.9127544,45.5575555],[-73.9147506,45.5580253],[-73.9147832,45.55795],[-73.915483,45.5580926],[-73.9156394,45.5575091],[-73.9159375,45.5574379],[-73.9163513,45.5582625],[-73.9176396,45.5584301],[-73.9177571,45.5587357],[-73.9181082,45.5586306],[-73.9202961,45.5591838],[-73.918041,45.5505273],[-73.917897,45.5498735],[-73.9178535,45.5491099],[-73.9180749,45.5479481],[-73.9186874,45.5467473],[-73.9196633,45.5457116],[-73.9207535,45.5449846],[-73.9217723,45.5444989],[-73.9231485,45.5440543],[-73.9263293,45.5435717],[-73.9281415,45.5450198],[-73.9323751,45.5444638],[-73.9320947,45.5434898],[-73.9344655,45.5431324],[-73.9341651,45.5421589],[-73.9380755,45.5416023],[-73.9381445,45.5418574],[-73.9564148,45.5392627],[-73.9593244,45.5386573],[-73.9610243,45.5380429],[-73.9614927,45.5383142],[-73.9615907,45.5387051],[-73.9686242,45.5379736],[-73.9687597,45.5385399],[-73.9707302,45.5382737],[-73.9712714,45.5402757],[-73.973477,45.5399772],[-73.9714745,45.5324463],[-73.9994418,45.5527319],[-74.0117105,45.5615417],[-74.01878,45.5668974],[-74.0194562,45.565622],[-74.0216011,45.5661811],[-74.0214881,45.5663921],[-74.0258183,45.5674817],[-74.0203674,45.5775177],[-74.0199702,45.5775015],[-74.0193408,45.5773334],[-74.017771,45.5766206],[-74.0166023,45.576329],[-74.0148317,45.576067],[-74.0121918,45.5760249],[-74.0098922,45.576773],[-74.009561,45.5769905],[-74.0096025,45.5773322],[-74.0096932,45.5774398],[-74.0110822,45.5780095],[-74.0117751,45.5781144],[-74.0119301,45.5782486],[-74.0116567,45.5791857],[-74.0114674,45.5795015],[-74.0112383,45.5796735],[-74.0106102,45.5796493],[-74.0097873,45.579347],[-74.0090313,45.5793414],[-74.0075944,45.5791498],[-74.0066936,45.5787219],[-74.0060132,45.578581],[-74.0053985,45.5786197],[-74.0042364,45.5790657],[-74.003903,45.5790402],[-74.0036714,45.5789332],[-74.0034762,45.5785922],[-74.003431,45.5778365],[-74.0035944,45.5774849],[-74.0034002,45.5772607],[-74.0020701,45.5775366],[-73.9999329,45.5778429],[-73.9992556,45.5780438],[-73.9986533,45.5780374],[-73.9983827,45.5778676],[-73.9982142,45.5776524],[-73.9981588,45.5771847],[-73.9983867,45.5768688],[-73.998934,45.5764525],[-73.9989703,45.5762094],[-73.9988409,45.576075],[-73.9982134,45.5761047],[-73.9970503,45.5764337],[-73.9953478,45.5766211],[-73.9931379,45.5774045],[-73.9918551,45.5772391],[-73.9911087,45.5768643],[-73.9905671,45.5764707],[-73.9899322,45.5756546],[-73.9888652,45.5752543],[-73.9883629,45.5749505],[-73.9882451,45.574663],[-73.9883819,45.5742382],[-73.9893336,45.5731876],[-73.9890998,45.5727468],[-73.9887216,45.5723518],[-73.9880743,45.5720677],[-73.9876252,45.5719978],[-73.980097,45.5797827],[-73.9782534,45.581597],[-73.9780581,45.5815387],[-73.9785314,45.5835498],[-73.9806086,45.5912562],[-73.9803911,45.5912872],[-73.9814331,45.5952568],[-73.982392,45.595699],[-73.982612,45.5997301],[-73.9801855,45.6022872],[-73.9610397,45.6048433],[-73.9612598,45.6061193],[-73.9596089,45.6062213],[-73.9594295,45.6066811],[-73.9586954,45.6065929],[-73.9585634,45.6064555],[-73.9586378,45.6062622],[-73.9585749,45.6061621],[-73.9583834,45.6061963],[-73.9583167,45.606417],[-73.9579707,45.606472],[-73.9578453,45.6056273],[-73.9575145,45.6055464],[-73.9567781,45.6048475],[-73.9564433,45.6046689],[-73.9554712,45.6049337],[-73.9532057,45.6053746],[-73.9528724,45.605376],[-73.9527174,45.6052416],[-73.9525865,45.6049002],[-73.9523275,45.6045773],[-73.9519232,45.603724],[-73.9513287,45.6031235],[-73.9509913,45.6026029],[-73.9505425,45.602383],[-73.9506377,45.6052686],[-73.9505094,45.6054146],[-73.9506034,45.6055978],[-73.9510655,45.6166859],[-73.9444497,45.6216329],[-73.9443034,45.6185519],[-73.9420929,45.6185943],[-73.9420886,45.6184907],[-73.9396905,45.618539],[-73.9396984,45.6187954],[-73.9375353,45.6188282],[-73.9375483,45.6191489],[-73.9342082,45.6193254],[-73.9329906,45.6192026],[-73.9328777,45.6163129],[-73.9162091,45.6056572],[-73.9143432,45.6058198],[-73.9053506,45.6129019],[-73.9053356,45.6113278],[-73.9031952,45.6113561],[-73.9031562,45.6101583],[-73.900884,45.6101848],[-73.900777,45.6069968],[-73.8984398,45.6070357],[-73.898429,45.6066367],[-73.8961418,45.6066671],[-73.896503,45.6169323],[-73.8804308,45.6066406],[-73.8803071,45.6023691],[-73.8750996,45.5970526],[-73.8713708,45.5989787],[-73.871576,45.5992392],[-73.8700488,45.5999922],[-73.8657653,45.5976574],[-73.8655676,45.5971259],[-73.8634484,45.5957084],[-73.8539014,45.5897763],[-73.8532796,45.5900874],[-73.8496807,45.5876261],[-73.8477096,45.5892404],[-73.8407516,45.5831055],[-73.8412539,45.5828492],[-73.84132969803836,45.58266562662584],[-73.8416019386468,45.58256380922691],[-73.8418603,45.5825354],[-73.842749,45.5827283],[-73.8437623,45.5824084],[-73.8440104,45.5821099],[-73.8445294,45.5819719],[-73.8452804,45.581986],[-73.8458249,45.5818565],[-73.8466331,45.5818598],[-73.8473095,45.5816012],[-73.8481244,45.5815397],[-73.8490672,45.5812095],[-73.8494714,45.5812085],[-73.8498624,45.5810328],[-73.8511777,45.5815187],[-73.8522966,45.5814711],[-73.8530556,45.5817207],[-73.8534232,45.5817067],[-73.853619,45.5819605],[-73.8537664,45.5819869],[-73.8539324,45.5818395],[-73.8539598,45.581349],[-73.8538476,45.5811154],[-73.854231,45.5808518],[-73.8548126,45.5807004],[-73.8554876,45.5801415],[-73.855543,45.580003],[-73.8559808,45.5801421],[-73.8561011,45.5800452],[-73.8563036,45.5800598],[-73.8565186,45.5798398],[-73.8566665,45.5795661],[-73.8567322,45.579188],[-73.8562644,45.5786994],[-73.8562435,45.5784973],[-73.8556636,45.5775031],[-73.8557037,45.5772314],[-73.8561962,45.5764572],[-73.8563627,45.5756463],[-73.856518,45.5754119],[-73.8576601,45.5747507],[-73.8581738,45.5741348],[-73.8586109,45.5737899],[-73.8591215,45.5736396],[-73.8595584,45.5737858],[-73.8599856,45.5737509],[-73.860738,45.5739011],[-73.8610771,45.5738812],[-73.8612908,45.5737454],[-73.8617821,45.5736373],[-73.8625027,45.573073],[-73.8643309,45.5720434],[-73.8644146,45.5715196],[-73.8645677,45.5714254],[-73.8652315,45.5716238],[-73.8654637,45.5715863],[-73.8658734,45.5708883],[-73.8661982,45.5705261],[-73.8662514,45.5701732],[-73.8661494,45.5700547],[-73.8662087,45.5698252],[-73.8664203,45.5695575],[-73.8662253,45.5692476],[-73.8658859,45.5689872],[-73.8657806,45.5688209],[-73.8657946,45.5686836],[-73.8663227,45.5683426],[-73.867173,45.5680797],[-73.8676607,45.5680384],[-73.8678269,45.568135],[-73.8681936,45.568177],[-73.8689727,45.5681406],[-73.8706703,45.567811],[-73.8726071,45.5669671],[-73.8747348,45.5656255],[-73.8750917,45.5649803],[-73.8756534,45.5645161],[-73.8759674,45.564067],[-73.8763958,45.5642552],[-73.8766674,45.5645179],[-73.8770603,45.5643974],[-73.8772994,45.5641552],[-73.8774196,45.5638503],[-73.8787668,45.5639948],[-73.8790557,45.5638959],[-73.8795108,45.5638936],[-73.8807021,45.5635068],[-73.8818572,45.5634114],[-73.8842947,45.5624167],[-73.8853838,45.5616394],[-73.886031,45.5610573],[-73.8860928,45.560735],[-73.8858835,45.5602582],[-73.8852265,45.5598296],[-73.8852997,45.5597782],[-73.8863526,45.5600381],[-73.8865252,45.5599998],[-73.8868018,45.5597521],[-73.8867031,45.5595986],[-73.8871958,45.5593646],[-73.8871862,45.5592365],[-73.8869932,45.5590497],[-73.8868971,45.5583107],[-73.8871248,45.5575593],[-73.8876612,45.5565356],[-73.8877914,45.5564245],[-73.8885982,45.5564743],[-73.8896483,45.5568905],[-73.8905961,45.5573711],[-73.8911408,45.5578378],[-73.891525,45.5579426],[-73.8918941,45.557899],[-73.8922624,45.5576238],[-73.8928843,45.5575164],[-73.893705,45.5576667],[-73.894342,45.5576935],[-73.8953159,45.5579552],[-73.8967798,45.5577584],[-73.8975599,45.5579097],[-73.8980388,45.557913],[-73.8994092,45.5575413],[-73.9003511,45.5578255],[-73.901092,45.5584924],[-73.9013456,45.5586288],[-73.9022483,45.5585846],[-73.9030291,45.5584078],[-73.9034924,45.5583886],[-73.9060525,45.5585579],[-73.9065531,45.5584352],[-73.9077538,45.5579191],[-73.9085297,45.5578067],[-73.9095114,45.5578191],[-73.9106625,45.5582752],[-73.9113094,45.5582633],[-73.9136244,45.5591232],[-73.9139885,45.5596333],[-73.9152476,45.5606597],[-73.9158232,45.560602],[-73.9168861,45.5602307],[-73.9172938,45.5601886],[-73.9178,45.5602453],[-73.9181371,45.5604019],[-73.9184261,45.5605749],[-73.9187803,45.5609418],[-73.9204832,45.5616347],[-73.9204901,45.5620021],[-73.9203665,45.5622817],[-73.9203605,45.5624475],[-73.92042766923082,45.5624475],[-73.9203601,45.5624583],[-73.9206323,45.5626929],[-73.9212485,45.5628793],[-73.9216197,45.5628846],[-73.9218906,45.5626313],[-73.9220922,45.5621924],[-73.9223974,45.5620774],[-73.9229629,45.5621591],[-73.9232451,45.5625367],[-73.9232472,45.5629685],[-73.9231045,45.5634779],[-73.9225504,45.5637351],[-73.922276,45.5642154],[-73.9222168,45.5649261],[-73.922482,45.5652837],[-73.9232705,45.5658243],[-73.9239677,45.5660512],[-73.925961,45.5665311],[-73.9291286,45.566987],[-73.9302045,45.5668343],[-73.9314596,45.5664249],[-73.9338137,45.5662247],[-73.9352336,45.5657237],[-73.9381394,45.5657597],[-73.9384874,45.5657031],[-73.9387814,45.5655116],[-73.9389605,45.5652548],[-73.9391389,45.563854],[-73.939262,45.5636024],[-73.9395705,45.5632175],[-73.9400424,45.5628533],[-73.9409772,45.5624977],[-73.9413073,45.5625868],[-73.9418535,45.5629436],[-73.942087,45.5633938],[-73.9420728,45.5635592],[-73.9422803,45.5638718],[-73.9424425,45.5639766],[-73.9427578,45.563987],[-73.9441447,45.5638531],[-73.9448624,45.5636138],[-73.9453015,45.5633167],[-73.9463402,45.5623392],[-73.9468304,45.5621012],[-73.9482072,45.5621242],[-73.9492279,45.5625206],[-73.9526284,45.5622537],[-73.9530189,45.562001],[-73.9529435,45.5619641],[-73.9524542,45.562146],[-73.9518861,45.5622433],[-73.9495692,45.5623685],[-73.9491544,45.5623434],[-73.9485795,45.5620453],[-73.948002,45.5619434],[-73.9467763,45.5619663],[-73.9464156,45.5620761],[-73.9449329,45.5634152],[-73.9441108,45.5637043],[-73.9432748,45.5638306],[-73.9427921,45.5638078],[-73.9426055,45.5637253],[-73.9422049,45.5629347],[-73.9417591,45.5625364],[-73.9412704,45.5623622],[-73.9408589,45.5623847],[-73.9400689,45.5626628],[-73.9391612,45.5633718],[-73.9388837,45.5638299],[-73.9386889,45.5652642],[-73.9383901,45.5655202],[-73.9378335,45.5656484],[-73.9360107,45.565527],[-73.9352956,45.5655699],[-73.9339406,45.5659928],[-73.9320931,45.5662216],[-73.9313865,45.5662197],[-73.9299863,45.5667347],[-73.9294025,45.5668094],[-73.9286522,45.5667875],[-73.9252413,45.5662139],[-73.9239254,45.5659173],[-73.9233816,45.5656922],[-73.9224298,45.564937],[-73.9224484,45.5641633],[-73.9227037,45.5638874],[-73.9232511,45.5635602],[-73.9234407,45.5631184],[-73.9234406,45.5625464],[-73.9233568,45.5622542],[-73.9231714,45.5620876],[-73.9225108,45.5619373],[-73.9221751,45.5619687],[-73.921965,45.5621007],[-73.9215764,45.5627336],[-73.9213918,45.5627707],[-73.920996,45.5626589],[-73.9205353,45.5624435],[-73.9206792,45.5619072],[-73.9205896,45.5614448],[-73.9191198,45.5609301],[-73.9187278,45.5606947],[-73.9184523,45.5604124],[-73.9177747,45.5600517],[-73.9170217,45.559954],[-73.9159979,45.5603817],[-73.9154898,45.5604651],[-73.9152791,45.5604048],[-73.9148201,45.5601156],[-73.9144473,45.5596504],[-73.913894,45.5592541],[-73.9135743,45.5587079],[-73.9125673,45.5585019],[-73.9103703,45.5578196],[-73.9098227,45.5577005],[-73.9086802,45.5576087],[-73.9071022,45.5579959],[-73.9063663,45.5583806],[-73.9036828,45.5582789],[-73.9017985,45.5584946],[-73.9011607,45.558434],[-73.9010383,45.5580575],[-73.8999337,45.5574244],[-73.8994597,45.5573566],[-73.8984674,45.5575291],[-73.8978091,45.5575105],[-73.8970648,45.5576398],[-73.8961967,45.5575047],[-73.8954861,45.5577426],[-73.894837,45.5576976],[-73.8942413,45.5575342],[-73.8938527,45.5575894],[-73.8936301,45.5574497],[-73.8937856,45.5572431],[-73.8939644,45.5571731],[-73.8939846,45.5570068],[-73.893713,45.5567441],[-73.8930264,45.557028],[-73.8927224,45.5570637],[-73.8920848,45.5574322],[-73.891377,45.5575761],[-73.8909258,45.557374],[-73.8906261,45.5570683],[-73.8894994,45.5563805],[-73.8889204,45.5558464],[-73.888522,45.5552435],[-73.8885116,45.5545845],[-73.889295,45.5531237],[-73.8898178,45.552575],[-73.8900995,45.5524088],[-73.8902669,45.5521492],[-73.8904214,45.5513989],[-73.8906206,45.5483431],[-73.89056999647468,45.54814588519803],[-73.900887,45.5558884],[-73.9024234,45.55479]],[[-73.966181,45.5407467],[-73.9663122,45.5407056],[-73.9663337,45.5406151],[-73.9660752,45.5400609],[-73.9659655,45.5403558],[-73.9660439,45.5406672],[-73.966181,45.5407467]],[[-73.9698285,45.5470272],[-73.9697148,45.5469456],[-73.9697545,45.5473634],[-73.9700839,45.5473598],[-73.9701426,45.5472954],[-73.970112,45.5470343],[-73.9698285,45.5470272]],[[-73.9721191,45.5485186],[-73.9722263,45.5484524],[-73.9721226,45.5480565],[-73.9719812,45.5482396],[-73.9721191,45.5485186]],[[-73.9757531,45.5491324],[-73.975728,45.5492337],[-73.9755385,45.5492701],[-73.9755848,45.5493655],[-73.9758376,45.5493154],[-73.9757531,45.5491324]],[[-73.982159,45.5584066],[-73.9819471,45.5585077],[-73.9819519,45.5587839],[-73.9824332,45.5588288],[-73.9828218,45.5587163],[-73.9828433,45.5585902],[-73.982568,45.5585801],[-73.9823985,45.558408],[-73.982159,45.5584066]],[[-73.98846200684363,45.55945319632693],[-73.988423,45.559597],[-73.9885294,45.559707],[-73.9889415,45.5596282],[-73.9893942,45.5591654],[-73.9886706,45.5592536],[-73.98846200684363,45.55945319632693]],[[-73.9928297,45.5592618],[-73.9925022,45.5599328],[-73.9927212,45.5599761],[-73.9930285,45.5593191],[-73.9928297,45.5592618]],[[-74.0157161,45.5739231],[-74.0160771,45.5740166],[-74.0161507,45.5738622],[-74.0161407,45.5735136],[-74.0156994,45.5735159],[-74.0156226,45.5738084],[-74.0157161,45.5739231]],[[-73.9783075,45.5750643],[-73.9788688,45.5751995],[-73.9790982,45.5750579],[-73.9791084,45.5748729],[-73.9786393,45.574713],[-73.9783079,45.5747081],[-73.9783075,45.5750643]],[[-73.932527,45.5580857],[-73.9325243,45.5579071],[-73.9322075,45.5576767],[-73.932043,45.557694],[-73.9316344,45.5579705],[-73.931633,45.558102],[-73.9319174,45.5583479],[-73.9324009,45.5582105],[-73.932527,45.5580857]],[[-73.9322763,45.5619847],[-73.9323129,45.5620717],[-73.9328142,45.562115],[-73.9328304,45.5618228],[-73.9327265,45.561782],[-73.932801,45.561557],[-73.9327498,45.561424],[-73.9324941,45.5614086],[-73.9324702,45.5617513],[-73.9322763,45.5619847]],[[-73.9323591,45.5636527],[-73.932434,45.5633271],[-73.9322015,45.5630702],[-73.9320597,45.5630756],[-73.9321243,45.5634559],[-73.9323591,45.5636527]],[[-73.9326485,45.5646548],[-73.9326046,45.5642985],[-73.9324315,45.5641827],[-73.9323643,45.5643491],[-73.9325245,45.5646874],[-73.9325064,45.5648104],[-73.93264231133675,45.564880896067194],[-73.9327286,45.5650564],[-73.9329094,45.5650057],[-73.9329094,45.5648085],[-73.9326485,45.5646548]],[[-73.9341399,45.5650093],[-73.9340075,45.5648682],[-73.9333409,45.564814],[-73.9332424,45.5649578],[-73.9334144,45.565126],[-73.9340831,45.5650749],[-73.9341399,45.5650093]],[[-73.94071852119897,45.59830596499778],[-73.9406767,45.5981826],[-73.9404583,45.5981179],[-73.9402325,45.5982628],[-73.9403057,45.5984206],[-73.9405338,45.5984661],[-73.94071852119897,45.59830596499778]],[[-73.9262129,45.6008011],[-73.9258549,45.6006865],[-73.9256988,45.6007051],[-73.9256887,45.6008621],[-73.9258354,45.6009444],[-73.9262393,45.6009106],[-73.9262129,45.6008011]]],[[[-73.8859448,45.5548914],[-73.8857872,45.5547501],[-73.8858649,45.5543469],[-73.8863117,45.5540893],[-73.8865495,45.5542032],[-73.8865911,45.5543633],[-73.8865084,45.554559],[-73.8862176,45.5547981],[-73.8859448,45.5548914]]],[[[-73.888068,45.5560058],[-73.8879137,45.5559121],[-73.887921,45.5556795],[-73.8881177,45.5556052],[-73.8883641,45.5556742],[-73.8884094,45.555854],[-73.8882955,45.5560046],[-73.888068,45.5560058]]],[[[-73.8590995,45.5699967],[-73.8590041,45.5697016],[-73.8591097,45.5693238],[-73.8594003,45.5691129],[-73.8597781,45.5692138],[-73.8600027,45.569409],[-73.8592262,45.570065],[-73.8590995,45.5699967]]],[[[-73.8512288,45.5795917],[-73.8508242,45.5798798],[-73.8502146,45.5801356],[-73.8500738,45.5800969],[-73.8502877,45.5796191],[-73.8503946,45.5789766],[-73.8503501,45.5788194],[-73.8501487,45.5786198],[-73.8501701,45.5783653],[-73.8500756,45.5782343],[-73.850211,45.5777927],[-73.8501807,45.5776629],[-73.8505622,45.5770404],[-73.8506477,45.5766985],[-73.8508177,45.5765636],[-73.8509295,45.5763364],[-73.8512265,45.5762099],[-73.8515034,45.5762466],[-73.8524857,45.5771923],[-73.8530924,45.5773409],[-73.8531542,45.5774558],[-73.8529066,45.5778928],[-73.8526166,45.5782161],[-73.8515443,45.5790203],[-73.8512288,45.5795917]]],[[[-73.8524855,45.5806659],[-73.8524821,45.5803084],[-73.8521421,45.5799521],[-73.8522301,45.5795185],[-73.8536244,45.5782443],[-73.8539851,45.5776645],[-73.8541766,45.5776271],[-73.8546581,45.5780027],[-73.8546965,45.5782528],[-73.8551737,45.5791115],[-73.8552396,45.5794855],[-73.8551473,45.5796347],[-73.8551539,45.5799207],[-73.8546421,45.5803674],[-73.8541676,45.5804837],[-73.8538999,45.5803706],[-73.8538626,45.580483],[-73.8539852,45.5807402],[-73.8539367,45.5807711],[-73.853464,45.5807369],[-73.8531805,45.5809183],[-73.8528044,45.5806668],[-73.8526529,45.580736],[-73.8524855,45.5806659]],[[-73.8529834,45.5794124],[-73.8526777,45.5794177],[-73.8525592,45.5795531],[-73.8528588,45.5801324],[-73.8531632,45.580053],[-73.8531344,45.5796604],[-73.8529834,45.5794124]]],[[[-73.8466961,45.5784618],[-73.8471423,45.5785325],[-73.8472903,45.5787747],[-73.8467611,45.5791717],[-73.8463338,45.5796873],[-73.845838,45.5799892],[-73.8455415,45.5800486],[-73.8452054,45.5803517],[-73.8440726,45.5807806],[-73.8438537,45.5807368],[-73.843432,45.5803719],[-73.8433927,45.5800715],[-73.8436087,45.5797955],[-73.8441414,45.5796902],[-73.8459145,45.5789101],[-73.8462209,45.5787218],[-73.8463676,45.5785322],[-73.8466961,45.5784618]]],[[[-73.8474874,45.5789445],[-73.8481445,45.5793196],[-73.8487179,45.5799465],[-73.8488444,45.5802868],[-73.8486776,45.5804903],[-73.8477623,45.580803],[-73.8475409,45.5806555],[-73.8465353,45.5806086],[-73.8464547,45.5803921],[-73.8468347,45.5798369],[-73.8469054,45.5793944],[-73.8474874,45.5789445]]],[[[-73.8520371,45.5807553],[-73.851567,45.5808973],[-73.8509413,45.5807884],[-73.8509016,45.5807008],[-73.8510237,45.5804839],[-73.8518433,45.5801143],[-73.8519669,45.580188],[-73.8521424,45.5805074],[-73.8520371,45.5807553]]]]}},{"type":"Feature","properties":{"id":"boisbriand","name":"Boisbriand","type":"city"},"geometry":{"type":"MultiPolygon","coordinates":[[[[-73.8477096,45.5892404],[-73.8496807,45.5876261],[-73.8532796,45.5900874],[-73.8539014,45.5897763],[-73.8634484,45.5957084],[-73.8655676,45.5971259],[-73.8657653,45.5976574],[-73.8700488,45.5999922],[-73.871576,45.5992392],[-73.8713708,45.5989787],[-73.8750996,45.5970526],[-73.8803071,45.6023691],[-73.8804308,45.6066406],[-73.896503,45.6169323],[-73.9021979,45.6206211],[-73.9024716,45.6208886],[-73.9092652,45.6252282],[-73.9097861,45.625541],[-73.909831,45.6255073],[-73.9317721,45.6397859],[-73.9310856,45.6399791],[-73.9300446,45.6406672],[-73.9194621,45.6333671],[-73.9183548,45.6337981],[-73.9167892,45.6336958],[-73.9163152,45.6337695],[-73.9161113,45.6339502],[-73.9159565,45.6338248],[-73.913368,45.6341492],[-73.9077973,45.6353659],[-73.9051451,45.6357713],[-73.904261,45.6358914],[-73.9034515,45.6356963],[-73.9026431,45.6356632],[-73.90062,45.6361472],[-73.8998383,45.6362579],[-73.8997761,45.6365281],[-73.8985204,45.6367124],[-73.8961772,45.6372965],[-73.8934397,45.6375614],[-73.8930645,45.6373029],[-73.8927336,45.6368185],[-73.8920004,45.6367056],[-73.8917605,45.6365514],[-73.8915173,45.6365591],[-73.8950545,45.6389907],[-73.8931376,45.6396795],[-73.8925477,45.6392221],[-73.8900306,45.6400185],[-73.8905345,45.6403672],[-73.8897336,45.640739],[-73.8879018,45.6410593],[-73.8877279,45.6407945],[-73.8848441,45.6388171],[-73.8841838,45.6391641],[-73.8839276,45.6392189],[-73.8830155,45.639015],[-73.8817195,45.6389564],[-73.8801907,45.6386195],[-73.8799098,45.6388094],[-73.8799121,45.6391424],[-73.8796711,45.6395571],[-73.8792243,45.6398645],[-73.8790157,45.639934],[-73.8774655,45.6399267],[-73.877297,45.640046],[-73.8775217,45.6403994],[-73.8765241,45.6408362],[-73.8763468,45.6408727],[-73.8761188,45.6405684],[-73.8758651,45.640679],[-73.8758907,45.6407528],[-73.8753322,45.6407905],[-73.8754219,45.6410499],[-73.875187,45.6411011],[-73.8753347,45.6411878],[-73.875172,45.6416285],[-73.8740472,45.6418306],[-73.8738036,45.6414008],[-73.8716247,45.6418427],[-73.8825047,45.649222],[-73.8815592,45.64991],[-73.8804252,45.649142],[-73.8788767,45.6503011],[-73.8671353,45.6425026],[-73.8662804,45.6426325],[-73.8657609,45.6431398],[-73.8651363,45.6434628],[-73.8635854,45.6438082],[-73.8577029,45.6397714],[-73.8567706,45.6398121],[-73.8564415,45.6395872],[-73.8562967,45.6394866],[-73.8572181,45.6394385],[-73.8446098,45.6307739],[-73.8432223,45.6303958],[-73.8407636,45.6302217],[-73.8402495,45.6298915],[-73.8406049,45.6296063],[-73.8390516,45.6286338],[-73.8378749,45.6277596],[-73.8360907,45.6290955],[-73.8285468,45.6302962],[-73.8105785366522,45.618243150539364],[-73.811359,45.617458],[-73.8116473,45.6173309],[-73.8136433,45.6155914],[-73.8143777,45.6151597],[-73.8152352,45.6150207],[-73.8154005,45.6149294],[-73.8153785,45.6148114],[-73.8156048,45.6144066],[-73.8158597,45.6144591],[-73.8157477,45.6147134],[-73.8158038,45.6149522],[-73.8161599,45.6151794],[-73.8167203,45.6153718],[-73.8172039,45.6153672],[-73.8178749,45.6151454],[-73.8185069,45.6151111],[-73.8186271,45.614596],[-73.81914,45.6142606],[-73.8200806,45.6139259],[-73.8206072,45.6134813],[-73.8215713,45.6134244],[-73.8222167,45.6125488],[-73.8223581,45.6124517],[-73.8227021,45.612432],[-73.8232296,45.6119313],[-73.8236477,45.6112727],[-73.8250891,45.6105996],[-73.8254563,45.6101257],[-73.8261582,45.610465],[-73.82628,45.6105977],[-73.8263283,45.6108253],[-73.8264979,45.6109696],[-73.8266983,45.6114312],[-73.827259,45.6114419],[-73.827568,45.6111134],[-73.828175,45.6108853],[-73.8283488,45.6105052],[-73.8286384,45.6101345],[-73.8286294,45.6098677],[-73.8291772,45.6094207],[-73.8296406,45.6094299],[-73.8301041,45.6096831],[-73.8306368,45.6096059],[-73.8318188,45.6092083],[-73.8320325,45.608781],[-73.8321377,45.6081872],[-73.8319388,45.607279],[-73.8316644,45.6069789],[-73.8317159,45.6067922],[-73.8318258,45.6067425],[-73.8318077,45.6066484],[-73.8319469,45.6065779],[-73.8317224,45.6063069],[-73.8317058,45.6059202],[-73.832111,45.605735],[-73.8319719,45.6055476],[-73.8316172,45.6053366],[-73.8312267,45.6054645],[-73.8313161,45.605763],[-73.8316016,45.6059738],[-73.8316725,45.6061544],[-73.8316743,45.6063227],[-73.831427,45.6064071],[-73.8313855,45.6066381],[-73.8315229,45.6067934],[-73.8315344,45.6069862],[-73.8313694,45.6069745],[-73.8302227,45.6066375],[-73.8295792,45.6056368],[-73.829192,45.6053646],[-73.8291816,45.6050055],[-73.8294008,45.6043493],[-73.8296293,45.6040596],[-73.8297156,45.6037666],[-73.8295243,45.6027898],[-73.8291024,45.6021807],[-73.8291564,45.6013045],[-73.8290306,45.6012498],[-73.8289343,45.6005226],[-73.8289906,45.6002454],[-73.829447,45.5994273],[-73.8302583,45.5994083],[-73.8306299,45.5995675],[-73.8311293,45.5993134],[-73.8315098,45.5990022],[-73.8316815,45.5990064],[-73.8318423,45.5991955],[-73.831998,45.5992051],[-73.8320631,45.5991271],[-73.8318224,45.5989373],[-73.8317571,45.5987714],[-73.8318429,45.5986514],[-73.832362,45.5984115],[-73.8332105,45.5983703],[-73.8333225,45.5983067],[-73.8333709,45.5972582],[-73.8336569,45.5971118],[-73.8342689,45.5970633],[-73.8351542,45.5966494],[-73.8346702,45.5964382],[-73.834632,45.5963257],[-73.8350202,45.5960258],[-73.8355399,45.5960018],[-73.8356554,45.5957671],[-73.836061,45.5953776],[-73.8364466,45.5947299],[-73.8364992,45.5944331],[-73.8367474,45.5941461],[-73.8368968,45.5937883],[-73.8361885,45.5933537],[-73.8354939,45.593326],[-73.8353355,45.5932406],[-73.8351916,45.5929899],[-73.8354137,45.5928374],[-73.8358103,45.5927647],[-73.8360041,45.5928868],[-73.8360566,45.5931059],[-73.8367249,45.5935402],[-73.8369728,45.5935253],[-73.8371751,45.5933585],[-73.8371921,45.593297],[-73.8369049,45.5930115],[-73.8362243,45.5926024],[-73.8351156,45.5919769],[-73.8346081,45.5917318],[-73.8344484,45.5917306],[-73.8339319,45.5910423],[-73.8338368,45.5902311],[-73.8339775,45.5899181],[-73.8341909,45.5898104],[-73.8341894,45.5896505],[-73.8336395,45.5890573],[-73.8334653,45.5887054],[-73.8334467,45.5883632],[-73.8337195,45.587782],[-73.8341934,45.5873622],[-73.834494,45.5872944],[-73.8346207,45.5873627],[-73.8353326,45.5873009],[-73.8369593,45.5864665],[-73.8371225,45.5862434],[-73.8384281,45.5852467],[-73.8387253,45.5848872],[-73.8399739,45.5839517],[-73.8400041,45.583639],[-73.8401299,45.583558],[-73.8401543,45.5833951],[-73.8406062,45.5831202],[-73.8407011,45.5829082],[-73.84132969803836,45.58266562662584],[-73.8412539,45.5828492],[-73.8407516,45.5831055],[-73.8477096,45.5892404]],[[-73.8798133,45.6061765],[-73.8801399,45.6062461],[-73.8803298,45.6061045],[-73.8802993,45.6057312],[-73.8800072,45.6057544],[-73.8802338,45.6055653],[-73.8803569,45.6053418],[-73.8802444,45.60402],[-73.8797675,45.6043924],[-73.8793099,45.6045349],[-73.878938,45.6042855],[-73.8787345,45.6042643],[-73.8782485,45.6038934],[-73.8770026,45.6041172],[-73.8768239,45.6043178],[-73.8775907,45.6048787],[-73.8798133,45.6061765]],[[-73.85447002916858,45.62944962825064],[-73.8547487,45.6293993],[-73.854797,45.629208],[-73.854512,45.6289432],[-73.854284,45.6289356],[-73.8542015,45.6290111],[-73.8542149,45.6292962],[-73.85447002916858,45.62944962825064]],[[-73.8556338,45.6296994],[-73.8555346,45.6295906],[-73.854917,45.6293558],[-73.8547675,45.6295137],[-73.8550411,45.6298664],[-73.8555661,45.6298303],[-73.8556338,45.6296994]],[[-73.8800945,45.6363213],[-73.8810767,45.6366902],[-73.8811818,45.6366125],[-73.8811554,45.6365029],[-73.8805227,45.6362936],[-73.8801909,45.6360163],[-73.8799943,45.6360625],[-73.8800945,45.6363213]],[[-73.8362917,45.5913522],[-73.8360332,45.5917961],[-73.8360394,45.5921635],[-73.836266,45.5924906],[-73.8366931,45.5927631],[-73.8369199,45.5928181],[-73.8370448,45.5927546],[-73.8369234,45.5925938],[-73.8367931,45.5919898],[-73.8367186,45.5918967],[-73.8363959,45.5918466],[-73.8365051,45.5912445],[-73.8362917,45.5913522]]],[[[-73.8416019386468,45.58256380922691],[-73.84143551332818,45.582624792944664],[-73.8415902,45.5825651],[-73.8416019386468,45.58256380922691]]],[[[-73.8425024,45.5827259],[-73.84243996965115,45.5826995222461],[-73.8430103,45.5826532],[-73.8425024,45.5827259]]],[[[-73.8020771,45.6120795],[-73.8020088231785,45.61202999646427],[-73.8023432,45.6117958],[-73.8026606,45.6116946],[-73.8029518,45.6117278],[-73.80305396710469,45.61182756944121],[-73.8027994,45.6117302],[-73.8025816,45.6117488],[-73.8020771,45.6120795]]],[[[-73.80305637438468,45.611829920227024],[-73.803192,45.6121897],[-73.80306436683594,45.61279541345606],[-73.8028729,45.6126566],[-73.8030465,45.6123774],[-73.80305637438468,45.611829920227024]]],[[[-73.80349632459337,45.61310858283019],[-73.8035576,45.613048],[-73.8035670778885,45.6127613013474],[-73.8035929,45.6131786],[-73.80349632459337,45.61310858283019]]],[[[-73.8035418,45.6115032],[-73.8035814,45.6117101],[-73.803814,45.6120424],[-73.80356857438228,45.61271603359101],[-73.8035893,45.6120891],[-73.8035139,45.611808],[-73.8033495,45.6115991],[-73.8033766,45.6114086],[-73.8037941,45.6110502],[-73.80430958110145,45.61102731505911],[-73.8038478,45.6111785],[-73.8035418,45.6115032]]],[[[-73.80500822012493,45.61092412079443],[-73.80443585502302,45.61100866344641],[-73.8048959,45.6108768],[-73.80500822012493,45.61092412079443]]],[[[-73.80532177678019,45.61118313058998],[-73.8050197091553,45.61092896115625],[-73.8051062,45.6109654],[-73.80532177678019,45.61118313058998]]],[[[-73.80533320891965,45.611194676947],[-73.80538654371057,45.611248544601416],[-73.80542042680482,45.61128276621886],[-73.80533320891965,45.611194676947]]],[[[-73.80595307848583,45.61131409438502],[-73.80567922814458,45.61129798774479],[-73.8058921,45.6112971],[-73.80595307848583,45.61131409438502]]],[[[-73.80673900032805,45.61160224759287],[-73.80656854850123,45.61148562265873],[-73.8066797,45.6115166],[-73.80673900032805,45.61160224759287]]],[[[-73.80675695699713,45.61164016150188],[-73.8067561424447,45.61162700598927],[-73.8067578,45.6116294],[-73.80675695699713,45.61164016150188]]],[[[-73.80686657993833,45.612379718929354],[-73.8070477,45.6127227],[-73.80694312465401,45.61294485295524],[-73.80686657993833,45.612379718929354]]],[[[-73.80676468186297,45.61333897623013],[-73.8067066,45.6140382],[-73.80619071834973,45.614327725197505],[-73.8066202,45.6140865],[-73.80676468186297,45.61333897623013]]],[[[-73.80544139930412,45.6144612079495],[-73.8053461,45.6144499],[-73.80566548139078,45.61442129024852],[-73.80544139930412,45.6144612079495]]],[[[-73.80640338909018,45.615216367910925],[-73.8065275,45.6152148],[-73.806495,45.6152828],[-73.80640338909018,45.615216367910925]]],[[[-73.8423084,45.5796959],[-73.8428207,45.5798764],[-73.8431126,45.5808854],[-73.843067,45.5812496],[-73.8429648,45.5814031],[-73.8423289,45.5817179],[-73.8417415,45.5817443],[-73.8418578,45.5814535],[-73.8418214,45.5807129],[-73.8419036,45.5797853],[-73.8423084,45.5796959]]],[[[-73.8374806,45.580338],[-73.8369036,45.5808238],[-73.8364085,45.5815855],[-73.8361424,45.5817461],[-73.8358102,45.5817968],[-73.834933,45.5817059],[-73.8347553,45.5815784],[-73.8347313,45.5813286],[-73.8352813,45.5808898],[-73.8353981,45.580571],[-73.8353723,45.5804334],[-73.8355745,45.5802667],[-73.8369626,45.5799236],[-73.837484,45.5801012],[-73.8374806,45.580338]]],[[[-73.8402559,45.5802017],[-73.84084,45.5806437],[-73.8408528,45.5811065],[-73.8407254,45.5813383],[-73.8399246,45.5819883],[-73.8389864,45.5824831],[-73.8372827,45.5826326],[-73.8371747,45.5823906],[-73.8376053,45.5819228],[-73.8386172,45.5805453],[-73.8396124,45.5802333],[-73.8402559,45.5802017]]],[[[-73.8385881,45.5826679],[-73.8387561,45.5826524],[-73.8388783,45.5827571],[-73.8388715,45.5829337],[-73.8386343,45.5830356],[-73.838391,45.5830141],[-73.8384015,45.5828572],[-73.8385881,45.5826679]]],[[[-73.8357487,45.5798586],[-73.8360028,45.5796951],[-73.8361879,45.579862],[-73.8357267,45.5799846],[-73.8357487,45.5798586]]],[[[-73.8349411,45.5827212],[-73.8352855,45.5824013],[-73.8355746,45.5823026],[-73.8360377,45.5823118],[-73.8361562,45.5823968],[-73.8363222,45.5827655],[-73.8358164,45.5831645],[-73.8356692,45.5836578],[-73.8352579,45.5841678],[-73.8345141,45.5844846],[-73.8340904,45.5845037],[-73.8342762,45.5836106],[-73.8346658,45.5829546],[-73.8349306,45.5828781],[-73.8349411,45.5827212]]],[[[-73.8352722,45.5926904],[-73.8351237,45.5924762],[-73.8350183,45.5920659],[-73.8354685,45.5924003],[-73.8355164,45.5926559],[-73.8352722,45.5926904]]],[[[-73.8297084,45.6086643],[-73.8290898,45.6084763],[-73.8287454,45.6085241],[-73.828189,45.6094094],[-73.8277754,45.6097876],[-73.8271201,45.6100321],[-73.8263038,45.6095995],[-73.8256048,45.60958],[-73.825775,45.6091802],[-73.8258299,45.6087431],[-73.8260506,45.6084307],[-73.8261615,45.6079885],[-73.8262749,45.607894],[-73.8261986,45.606909],[-73.8268223,45.6051273],[-73.8268991,45.6045642],[-73.8262839,45.603805],[-73.8262562,45.6035355],[-73.8264088,45.6029814],[-73.8264237,45.602544],[-73.8260909,45.6018627],[-73.826049,45.6014866],[-73.8261444,45.6012658],[-73.8261515,45.6008171],[-73.8265529,45.600192],[-73.8265649,45.5994349],[-73.8268518,45.5992324],[-73.8277454,45.5993179],[-73.8281491,45.5995566],[-73.8282465,45.5997116],[-73.828294,45.5999953],[-73.8280323,45.6008794],[-73.8282654,45.6015459],[-73.8283798,45.6031595],[-73.8282212,45.6038341],[-73.8278406,45.6046613],[-73.8278632,45.6049952],[-73.8283052,45.6053464],[-73.8285778,45.6057973],[-73.8285611,45.6063469],[-73.8282245,45.607166],[-73.8282586,45.6075309],[-73.8285384,45.6081963],[-73.8287069,45.6082899],[-73.8298428,45.6079246],[-73.8302215,45.6077256],[-73.8307162,45.60778],[-73.8305415,45.6082161],[-73.8306327,45.6084714],[-73.8304158,45.6086342],[-73.8300635,45.6085967],[-73.8297084,45.6086643]]],[[[-73.8180684,45.6086147],[-73.8181143,45.6087385],[-73.8180046,45.6088526],[-73.8177203,45.6088868],[-73.8177758,45.6086657],[-73.8180684,45.6086147]]],[[[-73.8240645,45.60869],[-73.8252438,45.6086572],[-73.825161,45.6093409],[-73.8239879,45.6099852],[-73.8236122,45.6099879],[-73.8233288,45.609722],[-73.8233691,45.6094503],[-73.8238671,45.6087923],[-73.8240645,45.60869]]],[[[-73.8215003,45.6109044],[-73.8212793,45.6119514],[-73.8209853,45.6126456],[-73.8200207,45.6129886],[-73.8179327,45.6133469],[-73.8175177,45.6131389],[-73.8169962,45.6134329],[-73.8162912,45.6136471],[-73.8153018,45.6136969],[-73.8146333,45.6139651],[-73.8143306,45.6140102],[-73.8142071,45.6139322],[-73.81338,45.6143174],[-73.812517,45.6144245],[-73.8122449,45.6143322],[-73.8115496,45.6145762],[-73.8104969,45.6146772],[-73.8101501,45.6148652],[-73.808976,45.6143173],[-73.8090215,45.6139811],[-73.8092506,45.6136519],[-73.8097576,45.6131932],[-73.8098292,45.6127226],[-73.8099867,45.6126201],[-73.8103427,45.6126033],[-73.8115937,45.6121],[-73.8116143,45.6115701],[-73.8123513,45.6112142],[-73.8125118,45.6112367],[-73.8125488,45.611112],[-73.8131976,45.6105282],[-73.8137932,45.6102693],[-73.8169242,45.6094296],[-73.8173335,45.6091101],[-73.8177749,45.608981],[-73.8181215,45.6090442],[-73.8186053,45.6089945],[-73.8187967,45.608893],[-73.8189039,45.6084727],[-73.8193336,45.6080954],[-73.8199125,45.6080674],[-73.8205356,45.6085467],[-73.821172,45.6092045],[-73.8211077,45.6102102],[-73.8215003,45.6109044]]],[[[-73.8172708,45.6147443],[-73.816847,45.6147818],[-73.8171125,45.6146317],[-73.8173861,45.6146054],[-73.8172708,45.6147443]]],[[[-73.8108236,45.6154792],[-73.8109379,45.6150846],[-73.8110711,45.6152483],[-73.8112897,45.6153202],[-73.811355,45.6157302],[-73.8110735,45.6158858],[-73.8105097,45.6158639],[-73.8105089,45.6156562],[-73.8108236,45.6154792]]],[[[-73.8129401,45.6155802],[-73.8121175,45.615784],[-73.8119025,45.6154878],[-73.8123425,45.6152192],[-73.812721,45.6152924],[-73.8129856,45.615488],[-73.8129401,45.6155802]]]]}},{"type":"Feature","properties":{"id":"sainte-therese","name":"Sainte-Thérèse","type":"city"},"geometry":{"type":"Polygon","coordinates":[[[-73.8748485,45.6596637],[-73.8701021,45.6632498],[-73.8637568,45.659147],[-73.8554942,45.6536152],[-73.8551344,45.6538798],[-73.8448715,45.6469841],[-73.8435327,45.6477501],[-73.8424773,45.6486947],[-73.84175,45.6498237],[-73.841412,45.6509057],[-73.8402222,45.6501433],[-73.8400998,45.6502645],[-73.8400351,45.650517],[-73.8402212,45.6508013],[-73.8402419,45.6509785],[-73.840347,45.6509907],[-73.8401585,45.6511913],[-73.8400962,45.6514413],[-73.8401441,45.6516266],[-73.8398133,45.6514796],[-73.8380756,45.6502938],[-73.8355251,45.652141],[-73.8337489,45.6533116],[-73.8347589,45.653865],[-73.8345092,45.654159],[-73.8424745,45.6592375],[-73.8401071,45.660925],[-73.8335368,45.6567334],[-73.8130918,45.6428786],[-73.8134458,45.6424844],[-73.8135343,45.6422592],[-73.8133926,45.6421516],[-73.8130206,45.6421617],[-73.8127636,45.6420814],[-73.8126466,45.6417938],[-73.8126106,45.6412377],[-73.8121285,45.640416],[-73.8204357,45.6332683],[-73.821724,45.6323445],[-73.8227917,45.6317614],[-73.8243964,45.6311243],[-73.8258871,45.6307329],[-73.8360907,45.6290955],[-73.8378749,45.6277596],[-73.8390516,45.6286338],[-73.8406049,45.6296063],[-73.8402495,45.6298915],[-73.8407636,45.6302217],[-73.8432223,45.6303958],[-73.8446098,45.6307739],[-73.8572181,45.6394385],[-73.8562967,45.6394866],[-73.8564415,45.6395872],[-73.8567706,45.6398121],[-73.8577029,45.6397714],[-73.8804755,45.6553819],[-73.875067,45.6593938],[-73.8748485,45.6596637]],[[-73.862185,45.6461329],[-73.8615466,45.6464365],[-73.8615202,45.6465361],[-73.8617194,45.6465351],[-73.8618184,45.6463751],[-73.8620022,45.6463794],[-73.8626249,45.6458779],[-73.8627071,45.6456181],[-73.8625288,45.6456026],[-73.862185,45.6461329]],[[-73.8590348,45.6465084],[-73.8587102,45.646634],[-73.8594425,45.6465947],[-73.8590348,45.6465084]],[[-73.857184,45.6470842],[-73.8565161,45.647082],[-73.8560769,45.6472947],[-73.8554993,45.6474082],[-73.8553125,45.6475599],[-73.8557882,45.6476096],[-73.857184,45.6470842]],[[-73.8544977,45.6476421],[-73.8545992,45.6477605],[-73.855034,45.6477665],[-73.8550631,45.6476574],[-73.8549491,45.647524],[-73.8547124,45.6475074],[-73.8544977,45.6476421]],[[-73.8399751,45.643468],[-73.8398886,45.643456],[-73.8398731,45.6435106],[-73.8399751,45.643468]]]}},{"type":"Feature","properties":{"id":"deux-montagnes","name":"Deux-Montagnes","type":"city"},"geometry":{"type":"MultiPolygon","coordinates":[[[[-73.9103582,45.5323173],[-73.9107884,45.5322453],[-73.9263293,45.5435717],[-73.9231485,45.5440543],[-73.9217723,45.5444989],[-73.9207535,45.5449846],[-73.9196633,45.5457116],[-73.9190221,45.5463437],[-73.9184778,45.5470719],[-73.9180749,45.5479481],[-73.9178622,45.5488407],[-73.9179345,45.5500746],[-73.9202961,45.5591838],[-73.9181082,45.5586306],[-73.9177571,45.5587357],[-73.9176396,45.5584301],[-73.9163513,45.5582625],[-73.9159375,45.5574379],[-73.9156394,45.5575091],[-73.915483,45.5580926],[-73.9147832,45.55795],[-73.9147506,45.5580253],[-73.9127544,45.5575555],[-73.9126259,45.5576548],[-73.904411,45.5515076],[-73.9041126,45.5515458],[-73.9030384,45.5508004],[-73.9032442,45.5506602],[-73.9028674,45.5503865],[-73.9020343,45.5509503],[-73.9015149,45.5505707],[-73.9006644,45.551132],[-73.9050656,45.5543933],[-73.9034126,45.555516],[-73.9024234,45.55479],[-73.900887,45.5558884],[-73.8921678,45.5494276],[-73.89056999647468,45.54814588519803],[-73.8905077,45.5479031],[-73.8906498,45.5473645],[-73.890571,45.5465908],[-73.8904449,45.5461609],[-73.8904799,45.5459331],[-73.8903648,45.5457663],[-73.8903855,45.5447507],[-73.8899869,45.5444479],[-73.8898968,45.5435918],[-73.8897883,45.5432745],[-73.8890861,45.5427199],[-73.888363,45.5425073],[-73.8876144,45.542129],[-73.8874457,45.5419288],[-73.8865597,45.5413953],[-73.8849328,45.539407],[-73.8846867,45.538766],[-73.8846784,45.5382388],[-73.8833397,45.5370236],[-73.8816708,45.536291],[-73.8819623,45.5359959],[-73.8826367,45.5357092],[-73.8828748,45.5355231],[-73.8836031,45.5345055],[-73.8834202,45.5343306],[-73.8835287,45.5342666],[-73.8836484,45.5343092],[-73.8839242,45.5342404],[-73.8853069,45.5336624],[-73.8854777,45.533753],[-73.8860608,45.5337067],[-73.8867323,45.5336162],[-73.8872298,45.5334179],[-73.8877615,45.5330685],[-73.8883194,45.5328285],[-73.8902686,45.5312752],[-73.8906,45.5312523],[-73.8916595,45.5305337],[-73.8921621,45.5305273],[-73.8929172,45.5307066],[-73.8930397,45.5308177],[-73.893375,45.5307898],[-73.8945285,45.5309634],[-73.8945817,45.5311223],[-73.8962802,45.530987],[-73.897017,45.5307903],[-73.8976305,45.5308451],[-73.8981391,45.5307057],[-73.8987828,45.5303177],[-73.8994223,45.53051],[-73.9000494,45.5304556],[-73.9001196,45.530285],[-73.9006446,45.5301121],[-73.9021338,45.5305851],[-73.9037612,45.531513],[-73.9046642,45.5319008],[-73.9052287,45.5317562],[-73.9055554,45.5314977],[-73.9058931,45.5315982],[-73.9069231,45.531538],[-73.90865444975846,45.531048357969816],[-73.9103582,45.5323173]],[[-73.89340452033632,45.534734351034444],[-73.8928889,45.5343784],[-73.8926672,45.5344282],[-73.8919422,45.5348442],[-73.8917652,45.534689],[-73.8916481,45.534769],[-73.8925292,45.5353833],[-73.8932653,45.5349214],[-73.89340452033632,45.534734351034444]]],[[[-73.9082934,45.5310988],[-73.90852157318118,45.530926747711895],[-73.90862360881376,45.53102013196253],[-73.9082934,45.5310988]]],[[[-73.8928276,45.5346802],[-73.8930011241634,45.53480847565568],[-73.892914,45.5349136],[-73.8927634,45.534729],[-73.8928276,45.5346802]]]]}},{"type":"Feature","properties":{"id":"sainte-marthe-sur-le-lac","name":"Sainte-Marthe-sur-le-Lac","type":"city"},"geometry":{"type":"MultiPolygon","coordinates":[[[[-73.9663551,45.5289547],[-73.9714745,45.5324463],[-73.973477,45.5399772],[-73.9712714,45.5402757],[-73.9707302,45.5382737],[-73.9687597,45.5385399],[-73.9686242,45.5379736],[-73.9615907,45.5387051],[-73.9614927,45.5383142],[-73.9610243,45.5380429],[-73.9593244,45.5386573],[-73.9564148,45.5392627],[-73.9381445,45.5418574],[-73.9380755,45.5416023],[-73.9341651,45.5421589],[-73.9344655,45.5431324],[-73.9320947,45.5434898],[-73.9323751,45.5444638],[-73.9281415,45.5450198],[-73.9263293,45.5435717],[-73.9107884,45.5322453],[-73.9103582,45.5323173],[-73.90865444975846,45.531048357969816],[-73.908905,45.5309775],[-73.9100806,45.5310594],[-73.9109786,45.5308446],[-73.91168,45.5308461],[-73.9119526,45.5307616],[-73.912723,45.5302798],[-73.9130797,45.5301879],[-73.9134193,45.5302738],[-73.9141099,45.5300699],[-73.9150087,45.5294362],[-73.9161958,45.5290244],[-73.9180335,45.5282488],[-73.9182447,45.5280009],[-73.9195247,45.5270938],[-73.9194173,45.5269474],[-73.9194989,45.5268655],[-73.9196369,45.5269378],[-73.919775,45.5268429],[-73.9210462,45.5251101],[-73.9216049,45.5246232],[-73.9220645,45.5240441],[-73.9232849,45.523458],[-73.9235083,45.5231652],[-73.9235504,45.5229876],[-73.9239338,45.5227418],[-73.924043,45.5225632],[-73.9244634,45.5224399],[-73.9245936,45.5222557],[-73.9244792,45.5220177],[-73.9248432,45.5218556],[-73.9251297,45.5220592],[-73.9253988,45.5220809],[-73.9253348,45.5219376],[-73.9256895,45.5216535],[-73.9263103,45.5218271],[-73.9267613,45.5218049],[-73.9280006,45.521289],[-73.9282884,45.5212461],[-73.9285217,45.5210963],[-73.9297189,45.5209287],[-73.9297865,45.5208491],[-73.9297287,45.5207],[-73.9302309,45.5202913],[-73.9328403,45.5198659],[-73.9346271,45.5200465],[-73.9347671,45.520239],[-73.9350256,45.5202515],[-73.935127,45.5201709],[-73.937701,45.5202966],[-73.9408718,45.5196755],[-73.9421802,45.5196448],[-73.9455577,45.5187642],[-73.946964,45.5182603],[-73.9481129,45.5176285],[-73.9487135,45.5171362],[-73.9492383,45.5169445],[-73.94956886207926,45.51694853683916],[-73.9663551,45.5289547]],[[-73.952963,45.521769],[-73.9534719,45.5222195],[-73.9536956,45.5223416],[-73.9538843,45.5223057],[-73.9541231,45.5224078],[-73.9556319,45.5235236],[-73.9559693,45.5238713],[-73.9561124,45.5238548],[-73.9575201,45.5247619],[-73.9577783,45.5248212],[-73.9580547,45.5247393],[-73.9588833,45.5242084],[-73.9588632,45.5240356],[-73.957269,45.5228194],[-73.9571598,45.5226504],[-73.954694,45.5209706],[-73.9543799,45.5208884],[-73.9535401,45.5210995],[-73.953082,45.5213634],[-73.952963,45.521769]],[[-73.9564683,45.5305103],[-73.9566804,45.530234],[-73.9566539,45.5301376],[-73.95617,45.5304151],[-73.9562545,45.5306345],[-73.9564683,45.5305103]],[[-73.9672723,45.5354812],[-73.9681474,45.5360575],[-73.9706157,45.5343482],[-73.969691,45.5336883],[-73.9672871,45.5353318],[-73.9672723,45.5354812]],[[-73.9716611,45.5351049],[-73.9708759,45.5344835],[-73.970735,45.5344502],[-73.968247,45.5361601],[-73.9691039,45.5367923],[-73.9692213,45.5367928],[-73.9716611,45.5351049]],[[-73.9672522,45.5355695],[-73.9669813,45.5355394],[-73.9659768,45.5362336],[-73.9659473,45.5363191],[-73.9678107,45.5376863],[-73.9680267,45.5376507],[-73.969007,45.5369377],[-73.968948,45.5368278],[-73.9672522,45.5355695]],[[-73.9406537,45.5250805],[-73.9405305,45.5252313],[-73.9405738,45.5254032],[-73.9414515,45.5260467],[-73.9421158,45.526201],[-73.9423406,45.5263306],[-73.9424477,45.5267431],[-73.9427712,45.5268508],[-73.9434604,45.5268895],[-73.9437769,45.5267534],[-73.9455307,45.525532],[-73.9437248,45.5242072],[-73.9434842,45.5241782],[-73.942276,45.5241943],[-73.9406537,45.5250805]],[[-73.9461921,45.5294791],[-73.9460456,45.5292531],[-73.9456701,45.5291103],[-73.9452302,45.5291779],[-73.9449834,45.5293114],[-73.9443917,45.5298705],[-73.9444875,45.5300803],[-73.9450792,45.5303155],[-73.9451309,45.5305711],[-73.945548,45.5307963],[-73.9458221,45.5308401],[-73.94592,45.5307419],[-73.9463069,45.5306374],[-73.9464657,45.5304206],[-73.9461921,45.5294791]],[[-73.9387071,45.5342398],[-73.938801,45.5341169],[-73.9386588,45.5339053],[-73.9383692,45.5338978],[-73.9383316,45.5340143],[-73.9384292,45.5341719],[-73.9387071,45.5342398]],[[-73.9158896,45.5350346],[-73.9162563,45.5350828],[-73.9166688,45.5348152],[-73.9163709,45.5345423],[-73.9162181,45.5345209],[-73.9158361,45.5347885],[-73.9158896,45.5350346]]],[[[-73.909014,45.5306711],[-73.9089255,45.5302553],[-73.9090368,45.5300634],[-73.9089997,45.5299675],[-73.9088342,45.5298955],[-73.9088856,45.5298375],[-73.9091624,45.5298595],[-73.9093336,45.5299835],[-73.9093735,45.5300614],[-73.909305,45.5301094],[-73.9095276,45.5303093],[-73.909559,45.5305792],[-73.9101583,45.531017],[-73.9090939,45.530941],[-73.90862360881376,45.53102013196253],[-73.90852157318118,45.530926747711895],[-73.9086573,45.5307411],[-73.909014,45.5306711]]],[[[-73.9234868,45.5229327],[-73.9234485,45.5231141],[-73.9232274,45.523408],[-73.9220032,45.5239914],[-73.9215472,45.5245721],[-73.9210175,45.5250224],[-73.9208606,45.5246547],[-73.9208437,45.5242696],[-73.9210636,45.5239614],[-73.9232119,45.5225037],[-73.923601,45.5223496],[-73.9244059,45.5223872],[-73.9239848,45.5225105],[-73.9238764,45.5226831],[-73.9234868,45.5229327]]]]}},{"type":"Feature","properties":{"id":"pointe-calumet","name":"Pointe-Calumet","type":"city"},"geometry":{"type":"MultiPolygon","coordinates":[[[[-73.98629115278602,45.485104551807],[-73.997086,45.4929829],[-73.9974879,45.4931401],[-73.9940096,45.4951652],[-73.9903163,45.4971909],[-73.9902677,45.4971554],[-73.9888225,45.4980246],[-73.9884427,45.4981772],[-73.9885215,45.4982341],[-73.97960064615955,45.50319295811144],[-73.9795613,45.503101],[-73.9805013,45.5018846],[-73.980872,45.5015617],[-73.9770487,45.4987181],[-73.9762061,45.4991615],[-73.9758841,45.4994118],[-73.9749777,45.4998491],[-73.9741829,45.4999759],[-73.9736454,45.5004511],[-73.9736439,45.5006777],[-73.9753912,45.5019504],[-73.9755529,45.5019741],[-73.9759663,45.5018159],[-73.9762611,45.5018358],[-73.9766105,45.5022111],[-73.976988,45.502404],[-73.9771375,45.5025897],[-73.9772447,45.5029867],[-73.9776904,45.5035212],[-73.9780309,45.5035739],[-73.9784604,45.5034727],[-73.97882487914266,45.50362794111632],[-73.9778009,45.5042021],[-73.9779518,45.5043101],[-73.9762611,45.5052688],[-73.9764874,45.5054317],[-73.9743157,45.5069046],[-73.973871,45.5065845],[-73.9719556,45.5076548],[-73.9718164,45.5075546],[-73.9519753,45.5186515],[-73.94956886207926,45.51694853683916],[-73.9513229,45.5158074],[-73.9508398,45.5152408],[-73.9505554,45.5150315],[-73.9497798,45.5145724],[-73.9490681,45.5144192],[-73.9488385,45.5142888],[-73.9486943,45.5140383],[-73.9502028,45.5130248],[-73.9513078,45.5136011],[-73.9515171,45.5134454],[-73.951529,45.5131483],[-73.9516832,45.5129419],[-73.9516749,45.5123587],[-73.9517721,45.5122416],[-73.9520679,45.5121818],[-73.9520522,45.5118594],[-73.9526556,45.5111428],[-73.9528206,45.5110233],[-73.9531601,45.5109834],[-73.9533344,45.5107631],[-73.9543437,45.5107163],[-73.9544164,45.5106495],[-73.9536648,45.5104961],[-73.9528529,45.5106239],[-73.9527508,45.5105659],[-73.9527003,45.5097936],[-73.9523341,45.5095902],[-73.9524993,45.5094818],[-73.9523829,45.5093681],[-73.9524048,45.5092889],[-73.9524943,45.5091737],[-73.9532127,45.5088969],[-73.9532951,45.5085905],[-73.9536653,45.5083128],[-73.9535454,45.5082311],[-73.9537895,45.5080522],[-73.9539386,45.5078237],[-73.954881,45.5073617],[-73.9558152,45.5067777],[-73.9560726,45.5065224],[-73.9567537,45.5056402],[-73.9571259,45.5053031],[-73.9571918,45.5050958],[-73.9576126,45.504696],[-73.9577227,45.5044369],[-73.9575013,45.504175],[-73.9577306,45.5041265],[-73.9579488,45.5038873],[-73.9579349,45.5035753],[-73.9583526,45.5028274],[-73.9589393,45.5024677],[-73.9591049,45.5021588],[-73.9593694,45.5019548],[-73.9594692,45.5017097],[-73.9594866,45.5013589],[-73.9594883,45.5008024],[-73.9593908,45.5004155],[-73.9592768,45.5001341],[-73.9584463,45.4989896],[-73.9580695,45.498628],[-73.9582649,45.4984086],[-73.9590843,45.4983365],[-73.959421,45.4981929],[-73.9596929,45.4979743],[-73.9596092,45.4979152],[-73.95966,45.4978778],[-73.9598499,45.4980068],[-73.9601117,45.4978321],[-73.9623111,45.4971684],[-73.9631741,45.4970216],[-73.9638193,45.496562],[-73.963878,45.4963932],[-73.964919,45.4958631],[-73.9654469,45.4958602],[-73.9686748,45.4949043],[-73.9689576,45.4947678],[-73.9693241,45.4943875],[-73.9693681,45.4941423],[-73.97034,45.4934433],[-73.970759,45.493251],[-73.971416,45.4926505],[-73.9714362,45.4925288],[-73.9711606,45.4921472],[-73.9715108,45.4918591],[-73.9756397,45.4904431],[-73.9758457,45.490272],[-73.9759529,45.4898992],[-73.9765575,45.4895821],[-73.9772628,45.4894877],[-73.9779415,45.4890832],[-73.9779273,45.4889109],[-73.9788072,45.4881564],[-73.9793762,45.4877984],[-73.9807492,45.4874341],[-73.9809609,45.4873071],[-73.9808372,45.4871532],[-73.9808955,45.4871182],[-73.9810918,45.4872224],[-73.9814112,45.4870306],[-73.9817641,45.4870224],[-73.9824937,45.486595],[-73.9829196,45.4861626],[-73.9832353,45.4860888],[-73.9833732,45.4862158],[-73.9835166,45.4862223],[-73.9840612,45.486007],[-73.9844393,45.4857234],[-73.9848429,45.4856333],[-73.98547,45.485222],[-73.9858657,45.4850929],[-73.98629115278602,45.485104551807]],[[-73.9726188,45.501679],[-73.9734918,45.5023207],[-73.974047,45.5025484],[-73.9744616,45.5025454],[-73.9748513,45.5026457],[-73.975008,45.5025798],[-73.9749964,45.502427],[-73.9746672,45.5023677],[-73.9731008,45.5010736],[-73.9724748,45.5006825],[-73.9722728,45.5006676],[-73.9717797,45.500886],[-73.9718726,45.5011053],[-73.9723097,45.5012201],[-73.9726188,45.501679]],[[-73.9722172,45.5047684],[-73.9719745,45.5049468],[-73.9716915,45.5047259],[-73.9718091,45.5045669],[-73.972259,45.5043006],[-73.972576,45.5038148],[-73.9732842,45.503448],[-73.9733415,45.5033101],[-73.9732867,45.5030505],[-73.9728781,45.5025305],[-73.972281,45.501974],[-73.9716984,45.501927],[-73.9709936,45.501268],[-73.9713975,45.50085],[-73.9711227,45.5005119],[-73.9713211,45.5002693],[-73.9712683,45.5001671],[-73.9704557,45.4996668],[-73.9693016,45.5001473],[-73.9696513,45.5005504],[-73.9691732,45.5008473],[-73.9672713,45.5018222],[-73.9670205,45.5017909],[-73.966196,45.5020593],[-73.9645626,45.5031814],[-73.9645534,45.5033216],[-73.9648709,45.5034358],[-73.9651426,45.5036982],[-73.9655505,45.5039191],[-73.9658192,45.5037952],[-73.9657803,45.5030728],[-73.9658476,45.5029885],[-73.9659361,45.5030044],[-73.9660924,45.5033089],[-73.9659641,45.5035052],[-73.965982,45.5038352],[-73.9660865,45.5040854],[-73.9664399,45.5045081],[-73.9673523,45.5051782],[-73.9683429,45.5056609],[-73.9690508,45.5057943],[-73.9697643,45.5058072],[-73.9702959,45.5057012],[-73.9705163,45.5056044],[-73.9707063,45.5053528],[-73.970685,45.5052469],[-73.9704115,45.5050638],[-73.9702755,45.5047872],[-73.9704118,45.5046599],[-73.9709099,45.5046291],[-73.971518,45.5048902],[-73.9717781,45.5050963],[-73.9716242,45.5052208],[-73.9710117,45.5052355],[-73.9708306,45.5053429],[-73.9707957,45.5055781],[-73.9709888,45.505756],[-73.9730362,45.5059033],[-73.9734861,45.5057085],[-73.9735093,45.5055667],[-73.9731738,45.5051024],[-73.9731941,45.5050209],[-73.9728871,45.5048566],[-73.9722172,45.5047684]],[[-73.9529427,45.5129836],[-73.9528067,45.5130164],[-73.9528082,45.5132042],[-73.9529484,45.513463],[-73.95326,45.5137258],[-73.9533438,45.5137179],[-73.9534026,45.5134884],[-73.9532513,45.5131706],[-73.9529427,45.5129836]]],[[[-73.9754997,45.5004604],[-73.9753936,45.5005739],[-73.9752512,45.5005368],[-73.97524,45.500163],[-73.9751116,45.5000005],[-73.9751925,45.4999692],[-73.9754801,45.5003176],[-73.9754997,45.5004604]]]]}},{"type":"Feature","properties":{"id":"saint-joseph-du-lac","name":"Saint-Joseph-du-Lac","type":"city"},"geometry":{"type":"MultiPolygon","coordinates":[[[[-74.0413765,45.5130801],[-74.0518019,45.5205001],[-74.0640811,45.528891],[-74.0643071,45.528728],[-74.08123,45.5412365],[-74.0492168,45.5627468],[-74.0468829,45.561063],[-74.0460771,45.5615991],[-74.0451995,45.5609676],[-74.0352234,45.5681882],[-74.0356376,45.5674213],[-74.033441,45.567008],[-74.0329903,45.5677916],[-74.0301448,45.5670706],[-74.0290963,45.5677876],[-74.026798,45.567241],[-74.0260849,45.5677317],[-74.0257448,45.5676172],[-74.0258183,45.5674817],[-74.0214881,45.5663921],[-74.0216011,45.5661811],[-74.0194562,45.565622],[-74.01878,45.5668974],[-74.0117105,45.5615417],[-73.9994418,45.5527319],[-73.9714745,45.5324463],[-73.9663551,45.5289547],[-73.9519753,45.5186515],[-73.9718164,45.5075546],[-73.9719556,45.5076548],[-73.973871,45.5065845],[-73.9743157,45.5069046],[-73.9764874,45.5054317],[-73.9762611,45.5052688],[-73.9779518,45.5043101],[-73.9778009,45.5042021],[-73.97882487914266,45.50362794111632],[-73.9793976,45.5037644],[-73.979678,45.503654],[-73.9797357,45.5035086],[-73.97960064615955,45.50319295811144],[-73.9885215,45.4982341],[-73.9884427,45.4981772],[-73.9888225,45.4980246],[-73.9902677,45.4971554],[-73.9903163,45.4971909],[-73.9940096,45.4951652],[-73.9974879,45.4931401],[-74.0165705905029,45.50688472458413],[-74.016105,45.5068949],[-74.0155368,45.5070766],[-74.0154429,45.5072695],[-74.0151748,45.5073549],[-74.0165741,45.5073545],[-74.01674998370044,45.50701293917267],[-74.0332609,45.5188135],[-74.0413765,45.5130801]],[[-74.0363979,45.51967],[-74.0361762,45.519855],[-74.0357471,45.5199277],[-74.0355454,45.5201386],[-74.0358594,45.5204929],[-74.0364468,45.5203812],[-74.0366437,45.5202506],[-74.0366456,45.5200824],[-74.0368189,45.5199179],[-74.0363979,45.51967]],[[-74.0262229,45.5236372],[-74.0261157,45.5235029],[-74.0259218,45.5235093],[-74.0258351,45.5238194],[-74.0261659,45.5238769],[-74.0262229,45.5236372]],[[-74.0259714,45.5251982],[-74.0257052,45.5251154],[-74.0254282,45.5252736],[-74.0250202,45.5253723],[-74.025506,45.5254423],[-74.0259714,45.5251982]],[[-74.0335562,45.5274441],[-74.0338281,45.5277343],[-74.0342957,45.52765],[-74.0345916,45.5272339],[-74.0345178,45.5270569],[-74.0341557,45.5269792],[-74.0338711,45.5267421],[-74.0336391,45.5268081],[-74.0336504,45.5272231],[-74.0335562,45.5274441]],[[-74.0452064,45.5533428],[-74.0449856,45.5533287],[-74.0448149,45.553638],[-74.0446242,45.5537821],[-74.0444385,45.5537083],[-74.0444184,45.5535501],[-74.0445188,45.5533814],[-74.0448099,45.5531881],[-74.0447698,45.5531038],[-74.0445539,45.5530862],[-74.0439617,45.5535501],[-74.0436104,45.5542109],[-74.044298,45.5542917],[-74.0446945,45.5541476],[-74.0451562,45.5537153],[-74.0452064,45.5533428]],[[-74.03850710251376,45.55967906469295],[-74.0385687,45.5595286],[-74.0383106,45.5593364],[-74.037474,45.5599679],[-74.037541,45.5601189],[-74.0377338,45.5601635],[-74.03850710251376,45.55967906469295]],[[-74.0193134,45.5657223],[-74.0194372,45.5655722],[-74.0193731,45.5654174],[-74.0190525,45.5655273],[-74.0193134,45.5657223]],[[-74.0026452,45.5029109],[-74.0031999,45.5029544],[-74.0034732,45.5028964],[-74.0023781,45.5027629],[-74.0021732,45.5026483],[-74.0020097,45.5027295],[-74.0026452,45.5029109]],[[-73.9815517,45.5046214],[-73.9818632,45.504256],[-73.9822668,45.5032101],[-73.98215,45.5029851],[-73.9822393,45.5025287],[-73.9815863,45.5021463],[-73.9809706,45.5026163],[-73.9808281,45.5028537],[-73.9801353,45.5034269],[-73.9805669,45.5039902],[-73.9815517,45.5046214]],[[-74.0022157,45.50621],[-74.0022719,45.5059912],[-74.0020492,45.5058979],[-74.0014456,45.5060379],[-74.0013811,45.50614],[-74.0014685,45.5064041],[-74.0017682,45.5064609],[-74.0022157,45.50621]],[[-74.005968,45.5067869],[-74.0060855,45.5067742],[-74.006237,45.5066079],[-74.005968,45.5067869]],[[-74.0056991,45.5072177],[-74.0055838,45.5070942],[-74.0054437,45.5072034],[-74.0054753,45.5072921],[-74.0056991,45.5072177]],[[-73.972065,45.5086304],[-73.9725904,45.508701],[-73.972637,45.5087966],[-73.9728278,45.5088426],[-73.9728691,45.5087307],[-73.9727438,45.5085506],[-73.972369,45.5085538],[-73.9719531,45.508013],[-73.9717136,45.5080396],[-73.9717503,45.5082921],[-73.972065,45.5086304]],[[-74.011059,45.5101961],[-74.0111686,45.5100258],[-74.0108088,45.5101078],[-74.0107591,45.5102645],[-74.0103167,45.5105983],[-74.0103995,45.5106745],[-74.0109985,45.5105939],[-74.0114165,45.5103103],[-74.0112828,45.510147],[-74.011059,45.5101961]],[[-73.9946415,45.5171973],[-73.9947557,45.5171534],[-73.9946783,45.5169379],[-73.9945789,45.5169444],[-73.9946415,45.5171973]],[[-73.9653415,45.5168864],[-73.9652402,45.5170119],[-73.965843,45.5172792],[-73.9660147,45.517255],[-73.9661082,45.5171183],[-73.9660139,45.5170111],[-73.9653415,45.5168864]],[[-73.99169,45.5196753],[-73.991456,45.5197671],[-73.9918412,45.5198618],[-73.99206293237025,45.51980643861907],[-73.9925158,45.5198611],[-73.992059,45.5197042],[-73.99169,45.5196753]],[[-73.9557488,45.5204439],[-73.9558303,45.5207161],[-73.9594119,45.5231169],[-73.9599672,45.5231891],[-73.9603743,45.5229871],[-73.9603308,45.5228553],[-73.9603998,45.5227996],[-73.9611016,45.5225765],[-73.961492,45.5222453],[-73.9623148,45.522268],[-73.9627281,45.5221522],[-73.9627505,45.5220448],[-73.9630444,45.5220097],[-73.9630069,45.5219034],[-73.9630708,45.5218623],[-73.9635489,45.5218802],[-73.9638039,45.5216721],[-73.9645137,45.521448],[-73.9653017,45.5208919],[-73.9660106,45.5206511],[-73.9662504,45.5204565],[-73.9663088,45.5198473],[-73.9649364,45.5187306],[-73.9647273,45.5186418],[-73.9644704,45.5183357],[-73.9638056,45.517992],[-73.9637818,45.5177799],[-73.964377,45.517469],[-73.9644293,45.5173578],[-73.9639972,45.5170359],[-73.9634544,45.5171554],[-73.9631828,45.5174541],[-73.9627657,45.5174925],[-73.9625122,45.5176147],[-73.9620627,45.5180392],[-73.9613873,45.5184567],[-73.9607415,45.5185849],[-73.9605065,45.5187248],[-73.96023,45.5190792],[-73.959572,45.5190469],[-73.9587308,45.5192121],[-73.9578309,45.5196727],[-73.9574009,45.5197067],[-73.9570377,45.5198995],[-73.9564718,45.5200548],[-73.9557488,45.5204439]],[[-73.994066,45.5204211],[-73.9945592,45.5202025],[-73.9940609,45.5201856],[-73.9935282,45.5203758],[-73.993611,45.520452],[-73.994066,45.5204211]],[[-73.997683,45.5204851],[-73.997478,45.5204747],[-73.9971394,45.520714],[-73.9971988,45.5208929],[-73.9974572,45.5208596],[-73.9976651,45.5206557],[-73.997683,45.5204851]],[[-73.9798275,45.5286554],[-73.9793296,45.5291072],[-73.980092,45.5287085],[-73.9800331,45.5286335],[-73.9798275,45.5286554]],[[-73.9730104,45.5333489],[-73.9733126,45.5331125],[-73.9732711,45.5329244],[-73.9729359,45.5329279],[-73.9726512,45.5330467],[-73.9725891,45.5332286],[-73.9727513,45.5333333],[-73.9730104,45.5333489]],[[-74.0102333,45.546378],[-74.0102221,45.5464724],[-74.0104487,45.5465367],[-74.0107427,45.5463111],[-74.0106509,45.5461642],[-74.0102333,45.546378]]],[[[-74.0018888,45.5060586],[-74.0020328,45.506041],[-74.0019625,45.5060997],[-74.0018888,45.5060586]]],[[[-74.0016241,45.50621],[-74.0017028,45.5062781],[-74.0016023,45.5063192],[-74.0015454,45.5062605],[-74.0016241,45.50621]]]]}},{"type":"Feature","properties":{"id":"oka","name":"Oka","type":"city"},"geometry":{"type":"MultiPolygon","coordinates":[[[[-73.9974879,45.4931401],[-73.997086,45.4929829],[-73.9954868,45.4918467],[-73.98629115278602,45.485104551807],[-73.9868155,45.4853033],[-73.9886003,45.4853309],[-73.9891119,45.4852107],[-73.989589,45.4852977],[-73.9901063,45.4850289],[-73.9910704,45.4850459],[-73.9913126,45.4847951],[-73.9914154,45.4842015],[-73.9920458,45.4844659],[-73.9926309,45.4845227],[-73.9930903,45.4847553],[-73.9938688,45.4843059],[-73.9939577,45.4842055],[-73.9939154,45.4840735],[-73.9939927,45.4839422],[-73.9947211,45.4833495],[-73.9955272,45.4829255],[-73.9965399,45.4828698],[-73.9970034,45.4827661],[-73.9977542,45.4822912],[-74.0,45.482394],[-74.0010493,45.4823079],[-74.0012424,45.4824857],[-74.0012272,45.4827631],[-74.0014915,45.4829861],[-74.0014057,45.4831622],[-74.0014442,45.4832745],[-74.0021063,45.4835559],[-74.0024087,45.4835913],[-74.002499,45.4837068],[-74.0024738,45.4838131],[-74.0023376,45.483874],[-74.0019037,45.483835],[-74.0015863,45.483721],[-74.001382,45.4838123],[-74.0007925,45.483792],[-74.0009097,45.4839889],[-74.0010895,45.4839479],[-74.0012121,45.4840243],[-74.0011962,45.4843578],[-74.0010399,45.4844326],[-74.0011636,45.4847528],[-74.0008909,45.4852305],[-74.0004809,45.4851973],[-74.0004703,45.4850823],[-74.0007539,45.4846915],[-74.00046,45.4846113],[-74.0005368,45.4841801],[-74.0003856,45.4841624],[-74.0001125,45.4843402],[-74.0,45.484515],[-73.999887,45.4853809],[-74.000151,45.4859662],[-74.0001283,45.4861848],[-73.9997937,45.4863256],[-73.9995361,45.4868903],[-74.0,45.487147],[-74.0002343,45.4871523],[-74.0007462,45.487004],[-74.0020517,45.4871406],[-74.0023929,45.4869324],[-74.0030543,45.4869419],[-74.0035278,45.4873033],[-74.0037015,45.4875431],[-74.0039129,45.4875687],[-74.0047134,45.4872192],[-74.0052937,45.4872942],[-74.005847,45.4870059],[-74.0060902,45.486999],[-74.0061807,45.4867584],[-74.0067541,45.4864562],[-74.0067131,45.4862121],[-74.0067842,45.4859294],[-74.0072913,45.4858455],[-74.0078676,45.485975],[-74.0082458,45.4856633],[-74.0083163,45.4854366],[-74.0081949,45.4852481],[-74.0083052,45.4850217],[-74.0092772,45.4850498],[-74.0097525,45.4849489],[-74.0103529,45.4847281],[-74.0104556,45.4844624],[-74.0112303,45.4843211],[-74.0113302,45.4839517],[-74.0111,45.4838775],[-74.0110654,45.4841128],[-74.0108683,45.4842714],[-74.010701,45.4842592],[-74.0106703,45.4841581],[-74.010323,45.484215],[-74.0096939,45.4848504],[-74.0092832,45.4848732],[-74.008834,45.4847837],[-74.0088067,45.4847303],[-74.0092552,45.4845479],[-74.0094941,45.4842214],[-74.0094038,45.4841059],[-74.0090748,45.4839611],[-74.0090601,45.4838545],[-74.0095729,45.483622],[-74.0095949,45.4834399],[-74.0093946,45.4831949],[-74.0089999,45.4832122],[-74.0088464,45.4833907],[-74.0089514,45.4836128],[-74.0089334,45.4837865],[-74.0084944,45.48384],[-74.0083316,45.4837914],[-74.0083628,45.4835084],[-74.0082154,45.4835104],[-74.0082054,45.4833393],[-74.0079476,45.4832397],[-74.0080367,45.4827834],[-74.0084779,45.4825337],[-74.0089519,45.4825448],[-74.0090367,45.4824528],[-74.009089,45.4820719],[-74.0100356,45.4818784],[-74.009696,45.4816186],[-74.0093098,45.4815911],[-74.009181,45.4813633],[-74.0089859,45.4813538],[-74.0087087,45.48154],[-74.0089149,45.4819644],[-74.008869,45.4821407],[-74.0080426,45.4822789],[-74.0070618,45.4830075],[-74.0066892,45.4828428],[-74.0063112,45.4831265],[-74.0059281,45.4831747],[-74.0057691,45.4831457],[-74.0056005,45.4829177],[-74.0051509,45.4828562],[-74.0045838,45.4826258],[-74.0045542,45.4824407],[-74.0046995,45.482279],[-74.0047427,45.4819989],[-74.0048717,45.4818707],[-74.005519,45.4817176],[-74.0057738,45.4817415],[-74.005816,45.4818735],[-74.0061018,45.4819704],[-74.006494,45.4818214],[-74.0070236,45.4818553],[-74.0072125,45.4817134],[-74.0072155,45.4814612],[-74.007621,45.4812029],[-74.007548,45.4809698],[-74.007082,45.4806139],[-74.0065208,45.480563],[-74.0053431,45.4810943],[-74.0049865,45.480924],[-74.0047396,45.4809113],[-74.0044752,45.4813723],[-74.0041977,45.4815865],[-74.0038936,45.4816912],[-74.0037432,45.4819454],[-74.0034912,45.4820252],[-74.0035798,45.4822808],[-74.0039497,45.4823418],[-74.0040042,45.4824487],[-74.0037999,45.48254],[-74.0034736,45.4824988],[-74.0033691,45.4825767],[-74.0027125,45.4825027],[-74.0026379,45.4824098],[-74.0026631,45.4823034],[-74.0029147,45.4822517],[-74.0029399,45.4821453],[-74.002156,45.4820594],[-74.0017726,45.4821356],[-74.0015546,45.4820362],[-74.0013622,45.4821304],[-74.001227,45.4821072],[-74.0,45.481632],[-73.9990294,45.4816149],[-73.9983163,45.4812743],[-73.9973338,45.4811311],[-73.9949276,45.4810944],[-73.9940903,45.4811454],[-73.9935829,45.4812573],[-73.9929774,45.4815704],[-73.9918809,45.4819619],[-73.990861,45.4819501],[-73.9901435,45.4816459],[-73.9894945,45.4816111],[-73.9890463,45.4817654],[-73.9889319,45.4820002],[-73.988449,45.4823897],[-73.9882061,45.4826965],[-73.9881305,45.4830156],[-73.9867438,45.4830184],[-73.9857692,45.4832143],[-73.9855243,45.4830335],[-73.9856504,45.4821737],[-73.9852419,45.4810444],[-73.9853309,45.4806161],[-73.9863257,45.4794225],[-73.9874899,45.4793567],[-73.9889303,45.4788608],[-73.989722,45.4783022],[-73.9898821,45.4779192],[-73.9901606,45.477621],[-73.9906642,45.4774894],[-73.9909611,45.4773175],[-73.9913241,45.4769553],[-73.9916718,45.4768705],[-73.9922608,45.4769188],[-73.9936348,45.4772971],[-73.9942007,45.4772836],[-73.9950019,45.4775799],[-73.9964685,45.4778774],[-73.9972891,45.4778878],[-73.9976058,45.47773],[-73.9984815,45.4777912],[-73.9987733,45.4777117],[-73.9992426,45.4777873],[-73.999546,45.4777387],[-74.0000215,45.4781386],[-74.0011559,45.4780425],[-74.0024468,45.4780445],[-74.0033988,45.4777305],[-74.00368,45.477536],[-74.0052178,45.4768667],[-74.0055735,45.4764371],[-74.0058302,45.4762929],[-74.0063341,45.4761333],[-74.006888,45.4761169],[-74.007748,45.4758276],[-74.0081701,45.4755077],[-74.0111935,45.4752058],[-74.012624,45.4748384],[-74.0142448,45.4742171],[-74.014594,45.4739921],[-74.0148266,45.4733837],[-74.0151331,45.4731471],[-74.0171738,45.4720988],[-74.0175618,45.4718087],[-74.018114,45.4712131],[-74.0181653,45.4710157],[-74.0183614,45.4707706],[-74.0188343,45.4707451],[-74.0193552,45.470365],[-74.020026,45.4704268],[-74.0209113,45.4702164],[-74.022538,45.4693967],[-74.0234397,45.469351],[-74.0237377,45.4691835],[-74.0253671,45.4687704],[-74.0262941,45.4682837],[-74.0264777,45.4680356],[-74.0269877,45.4677745],[-74.0281139,45.4677681],[-74.0283663,45.4674079],[-74.0296385,45.4666972],[-74.0316296,45.4666709],[-74.0318787,45.4665335],[-74.0321105,45.4665176],[-74.0331361,45.4667823],[-74.0344229,45.466934],[-74.0349881,45.4667944],[-74.0361309,45.4662587],[-74.0385975,45.4655294],[-74.0399739,45.464639],[-74.0401992,45.4642562],[-74.0406686,45.4642543],[-74.0419185,45.4638104],[-74.0427366,45.4634755],[-74.0434692,45.4628417],[-74.0439089,45.4625807],[-74.0451347,45.4621946],[-74.0457059,45.462139],[-74.0460627,45.4619251],[-74.0485165,45.4600521],[-74.0489149,45.4596703],[-74.0490392,45.4592226],[-74.0493859,45.4588377],[-74.0505257,45.4587653],[-74.0509254,45.4586273],[-74.0516065,45.4586225],[-74.0520501,45.4584764],[-74.0529936,45.4585066],[-74.0535965,45.4583613],[-74.0540227,45.4583608],[-74.054606,45.458557],[-74.0550241,45.4589294],[-74.0566743,45.4599163],[-74.0600904,45.4637628],[-74.0617631,45.4652794],[-74.0616093,45.465514],[-74.0608972,45.4661858],[-74.0608753,45.4663678],[-74.0610006,45.4665759],[-74.0614235,45.4668836],[-74.0614284,45.4671751],[-74.0619601,45.4673685],[-74.0618217,45.4676537],[-74.0621446,45.4680029],[-74.0621765,45.4683758],[-74.0619262,45.4686996],[-74.0619034,45.4689658],[-74.0621107,45.469334],[-74.0624203,45.4694366],[-74.0623693,45.4697334],[-74.0621963,45.4698978],[-74.062177,45.4701561],[-74.0615882,45.4705197],[-74.0614911,45.4706649],[-74.0614563,45.4709831],[-74.06106,45.4711689],[-74.0608411,45.4711537],[-74.060441,45.4709357],[-74.0598313,45.4709577],[-74.0591087,45.4711026],[-74.0584659,45.4719877],[-74.0579591,45.4720719],[-74.0581452,45.4721822],[-74.0584836,45.472198],[-74.0594419,45.4712389],[-74.0602429,45.471115],[-74.0608064,45.471417],[-74.0611009,45.471441],[-74.061613,45.4712362],[-74.061805,45.4707859],[-74.0620655,45.4706331],[-74.0625968,45.4704985],[-74.0626074,45.4702027],[-74.062934,45.4698316],[-74.0628459,45.469492],[-74.062989,45.4691424],[-74.0621338,45.4690401],[-74.0625047,45.4686046],[-74.0625226,45.4680469],[-74.062488,45.4679262],[-74.062183,45.4677593],[-74.0621206,45.4676412],[-74.0626215,45.4673495],[-74.062114,45.4671339],[-74.0622626,45.4670197],[-74.0624934,45.4670378],[-74.0640105,45.4667093],[-74.0644475,45.4664397],[-74.0650831,45.4658433],[-74.0654663,45.4653828],[-74.065566,45.4649853],[-74.0658713,45.4647403],[-74.0664408,45.464746],[-74.0676298,45.4653127],[-74.0697271,45.4654889],[-74.070369,45.4654277],[-74.071492,45.4650607],[-74.0717252,45.4648545],[-74.0720891,45.4647078],[-74.073029,45.4647183],[-74.0737078,45.4645536],[-74.0764758,45.4634017],[-74.0801706,45.462253],[-74.0811038,45.4618443],[-74.0822182,45.4615478],[-74.0826804,45.4614796],[-74.0827372,45.4615452],[-74.0828353,45.4615102],[-74.0828053,45.4614618],[-74.0831037,45.4613975],[-74.0846387,45.461223],[-74.0852328102898,45.46086972296921],[-74.0850029,45.4610482],[-74.0851981,45.4613811],[-74.0857135,45.4612376],[-74.08525982439843,45.460853659513894],[-74.0856484,45.4606226],[-74.08597665024469,45.46056002411004],[-74.0863797,45.4609606],[-74.0866875,45.4608234],[-74.086414,45.4605255],[-74.08630378752592,45.460497660389535],[-74.0870002,45.4603649],[-74.087809,45.4596999],[-74.0877137,45.4596159],[-74.0878654,45.4596444],[-74.0877977,45.4595464],[-74.0883762,45.4596037],[-74.088686,45.458764],[-74.0886724,45.458502],[-74.0885053,45.4584899],[-74.0886746,45.4584024],[-74.0907185,45.4590376],[-74.090811,45.4587994],[-74.0907666,45.4586345],[-74.0908925,45.4584283],[-74.0912061,45.4585171],[-74.0907703,45.4591589],[-74.0909796,45.4591902],[-74.0909109,45.4592521],[-74.0911502,45.4593276],[-74.0914081,45.4592945],[-74.0918165,45.4587748],[-74.0919311,45.4587382],[-74.0919523,45.4588317],[-74.0916823,45.4592639],[-74.0917165,45.459352],[-74.0944595,45.4602143],[-74.0947536,45.4601266],[-74.0950692,45.4596024],[-74.0951899,45.459608],[-74.0952486,45.4596413],[-74.0946963,45.4605017],[-74.0948286,45.4604194],[-74.0954824,45.4606516],[-74.0961036,45.4596445],[-74.0958561,45.4594823],[-74.0953157,45.4594521],[-74.0952723,45.459392],[-74.0954967,45.4593327],[-74.0959482,45.4593857],[-74.0962654,45.4596814],[-74.0958512,45.4603842],[-74.095994,45.4608201],[-74.0963096,45.4610914],[-74.0971767,45.4614662],[-74.0988979,45.4615087],[-74.0997329,45.4616528],[-74.1006023,45.4619457],[-74.1011241,45.4619398],[-74.101521,45.4620818],[-74.1022739,45.4620658],[-74.1042005,45.4630055],[-74.10536396407372,45.46335486473666],[-74.1050139,45.4638594],[-74.1042266,45.463612],[-74.1030713,45.4648095],[-74.1041806,45.4651895],[-74.1043749,45.4648812],[-74.1061079,45.4647449],[-74.106685,45.4639197],[-74.10643326441554,45.463744309268264],[-74.1076766,45.4643448],[-74.1086613,45.4646746],[-74.1092576,45.4647895],[-74.1102691,45.4648167],[-74.1150555,45.4657864],[-74.1156852,45.4657501],[-74.1159615,45.4655916],[-74.1164067,45.4656889],[-74.117023,45.4662299],[-74.11751,45.4665433],[-74.1192778,45.4670419],[-74.1209419,45.4680024],[-74.1229775,45.4688554],[-74.1235713,45.4692505],[-74.1233823,45.4691248],[-74.1230782,45.469562],[-74.1238928,45.4701287],[-74.12418558485255,45.46954677259449],[-74.1251141,45.4699946],[-74.1259231,45.4708251],[-74.1264018,45.4711832],[-74.1270681,45.4715113],[-74.12734291107289,45.471769587622305],[-74.1269551,45.4721022],[-74.1262353,45.4725371],[-74.125191,45.4726488],[-74.1247119,45.4729793],[-74.1279232,45.4761045],[-74.1283082,45.4769182],[-74.1284151,45.4774444],[-74.1285973,45.4797596],[-74.1303069,45.4824812],[-74.1300107,45.4825642],[-74.1289694,45.4809884],[-74.1268304,45.4813216],[-74.1261359,45.4798216],[-74.1281639,45.4795439],[-74.1280806,45.4789883],[-74.1281361,45.4781272],[-74.1279139,45.4767939],[-74.1273512,45.4757711],[-74.1241661,45.4727721],[-74.123431,45.4722948],[-74.1179451,45.4692414],[-74.1177667,45.4694731],[-74.116879,45.4720533],[-74.1180529,45.473694],[-74.1199429,45.4735203],[-74.12009,45.473736],[-74.1201248,45.4752393],[-74.1174677,45.4752153],[-74.1176717,45.4738091],[-74.1166464,45.4722824],[-74.1165687,45.4721405],[-74.1165876,45.4719348],[-74.1134788,45.4715453],[-74.1145149,45.470188],[-74.1160107,45.4705711],[-74.1171455,45.4688269],[-74.1146079,45.4675161],[-74.1140246,45.4673216],[-74.1069409,45.4661549],[-74.1065241,45.4676549],[-74.1062463,45.4681549],[-74.1063019,45.4683494],[-74.1061631,45.4683216],[-74.105913,45.4684604],[-74.1056908,45.4682938],[-74.1061353,45.4677938],[-74.1063853,45.4669605],[-74.1048019,45.4666827],[-74.1046351,45.4672383],[-74.1048574,45.4674049],[-74.1042741,45.4677938],[-74.1040519,45.4674882],[-74.1041629,45.4674327],[-74.1040519,45.4673493],[-74.1043574,45.4670994],[-74.1044686,45.466766],[-74.1038852,45.4668771],[-74.1038574,45.4666549],[-74.1046074,45.4664605],[-74.1064686,45.4667382],[-74.1066631,45.4660994],[-74.1049686,45.4657383],[-74.103524,45.465266],[-74.0976664,45.4691913],[-74.0968418,45.4688592],[-74.0965792,45.468877],[-74.0968571,45.4693216],[-74.0936347,45.4699326],[-74.094607,45.4711826],[-74.0938291,45.4716826],[-74.094218,45.4724882],[-74.0939681,45.4728771],[-74.0935513,45.4732104],[-74.0938569,45.4735437],[-74.0916009,45.4738123],[-74.0914122,45.4743292],[-74.0912855,45.4744679],[-74.0929203,45.4762802],[-74.0930534,45.4765539],[-74.0932736,45.4764604],[-74.0950236,45.4749049],[-74.0964404,45.4763493],[-74.0966348,45.4764326],[-74.0929674,45.4815509],[-74.1047854,45.4905734],[-74.106135,45.4895994],[-74.1063573,45.4900438],[-74.1074407,45.4899605],[-74.1109219,45.4925465],[-74.116691,45.4913494],[-74.1159688,45.4892938],[-74.1195244,45.4886272],[-74.1198022,45.4900439],[-74.1211078,45.4910994],[-74.1216912,45.490655],[-74.1227745,45.4902939],[-74.1232191,45.4902661],[-74.1242469,45.4904606],[-74.126358,45.4925439],[-74.1318205,45.4901066],[-74.1325047,45.4920207],[-74.1307144,45.4935146],[-74.1268519,45.4957442],[-74.1289793,45.4969862],[-74.1271873,45.4990281],[-74.1272717,45.4990492],[-74.126596,45.5005649],[-74.1286079,45.5011665],[-74.1294181,45.4996568],[-74.1309089,45.4999464],[-74.1327691,45.4980701],[-74.1347736,45.4941746],[-74.136898,45.4947793],[-74.1335277,45.5010464],[-74.1338574,45.5011364],[-74.1359131,45.5010129],[-74.1385483,45.5019169],[-74.1389997,45.5012742],[-74.1399591,45.5015483],[-74.1393833,45.5024837],[-74.1410279,45.5030087],[-74.1404896,45.5061281],[-74.143255,45.5069406],[-74.1436661,45.5048825],[-74.1522377,45.5033847],[-74.1524472,45.5037277],[-74.1560004,45.5034417],[-74.1557026,45.4965538],[-74.1551923,45.4963866],[-74.1568411,45.4969155],[-74.1579944,45.4968865],[-74.1580285,45.4964781],[-74.1582135,45.4961551],[-74.1584665,45.4960876],[-74.1585805,45.4959652],[-74.1587199,45.4962636],[-74.1583388,45.496467],[-74.1582387,45.4977026],[-74.1597086,45.4977603],[-74.1598027,45.4963474],[-74.1592585,45.496154],[-74.1592564,45.4959101],[-74.1593725,45.4958534],[-74.1593763,45.4956106],[-74.1594675,45.4956014],[-74.1595503,45.4958909],[-74.1598376,45.4959703],[-74.1600774,45.496197],[-74.1600597,45.4965846],[-74.1601885,45.4969757],[-74.161948,45.4965846],[-74.1626346,45.4965846],[-74.1646087,45.4961033],[-74.1650953,45.4961137],[-74.165604,45.4958046],[-74.1660474,45.4956859],[-74.1665054,45.4957298],[-74.1668738,45.4959521],[-74.1675653,45.4960346],[-74.1680145,45.4962469],[-74.1691379,45.4965397],[-74.1700369,45.4966275],[-74.1705412,45.4965921],[-74.170934,45.4963504],[-74.1717698,45.4962768],[-74.172004,45.4960853],[-74.1722547,45.4960831],[-74.1723709,45.4959478],[-74.1739069,45.4957815],[-74.1740435,45.4958801],[-74.1722154,45.4961296],[-74.1723597,45.4965763],[-74.1741249,45.4962587],[-74.1741088,45.4961839],[-74.1743102,45.4960726],[-74.174503,45.4962624],[-74.174307,45.4963541],[-74.1731901,45.49649],[-74.1730879,45.4965872],[-74.1728914,45.4971862],[-74.1722878,45.498318],[-74.1717756,45.4985098],[-74.1710433,45.4990672],[-74.1708315,45.499369],[-74.170814,45.4996948],[-74.1710047,45.5006155],[-74.1706545,45.5010233],[-74.169804,45.5010487],[-74.1693511,45.5016586],[-74.16924864204404,45.50441079509371],[-74.1602503,45.5103545],[-74.1594513,45.5108162],[-74.1429719,45.5218062],[-74.1379881,45.5182392],[-74.1388304,45.5181552],[-74.1401915,45.5188496],[-74.1405804,45.5187663],[-74.1414138,45.517183],[-74.1413305,45.5163219],[-74.1420249,45.5147941],[-74.1423028,45.5144886],[-74.137497,45.5108218],[-74.1366915,45.5090718],[-74.1324413,45.508044],[-74.1336637,45.505544],[-74.1354415,45.5063495],[-74.1367471,45.5033495],[-74.1358582,45.5030718],[-74.1348303,45.5042385],[-74.1325248,45.5034328],[-74.1315802,45.5052107],[-74.1296913,45.5069051],[-74.1282469,45.5057662],[-74.1281635,45.5059328],[-74.1244689,45.5040717],[-74.1256356,45.5002939],[-74.1236356,45.4998494],[-74.121691,45.5052939],[-74.1210521,45.5043217],[-74.1145241,45.5068495],[-74.1130935,45.5075362],[-74.1065046,45.5119978],[-74.1153714,45.518475],[-74.0911377,45.5346001],[-74.0740613,45.5220154],[-74.067645,45.5265523],[-74.0845563,45.5390125],[-74.08123,45.5412365],[-74.0643071,45.528728],[-74.0640811,45.528891],[-74.0518019,45.5205001],[-74.0413765,45.5130801],[-74.0332609,45.5188135],[-74.01674998370044,45.50701293917267],[-74.0168188,45.5068793],[-74.0165705905029,45.50688472458413],[-73.9974879,45.4931401]],[[-74.1171661,45.466322],[-74.1162055,45.4680771],[-74.1168799,45.468458],[-74.117891,45.4666908],[-74.11751,45.4665433],[-74.1171661,45.466322]],[[-74.0982955,45.4651684],[-74.0989958,45.4657831],[-74.1003038,45.46408],[-74.0993907,45.4637608],[-74.0982955,45.4651684]],[[-74.0930086,45.4597918],[-74.0928167,45.4601088],[-74.093523,45.4603365],[-74.093731,45.4599987],[-74.0930086,45.4597918]],[[-74.0932694,45.4607878],[-74.0929928,45.4607107],[-74.0928999,45.4614177],[-74.0931765,45.4615213],[-74.0934905,45.4610072],[-74.0931936,45.4609207],[-74.0932694,45.4607878]],[[-74.0921866,45.4601561],[-74.0932722,45.460491],[-74.0934227,45.4604301],[-74.0922716,45.4600475],[-74.0921866,45.4601561]],[[-74.0925391,45.462797],[-74.0931361,45.4628519],[-74.093296,45.4621655],[-74.0927039,45.4620854],[-74.0925391,45.462797]],[[-74.0924433,45.4605659],[-74.0928071,45.4606762],[-74.0929473,45.4604423],[-74.092593,45.4603267],[-74.0924433,45.4605659]],[[-74.0920498,45.4594732],[-74.0918299,45.4597771],[-74.092669,45.4600536],[-74.0928815,45.4597558],[-74.0920498,45.4594732]],[[-74.091988,45.4604892],[-74.0918967,45.4607611],[-74.0915484,45.4606744],[-74.0914164,45.4609413],[-74.0928137,45.4613924],[-74.0928825,45.4608034],[-74.091988,45.4604892]],[[-74.0914104,45.4616427],[-74.0916567,45.4617124],[-74.0918932,45.4612296],[-74.09166,45.4611621],[-74.0914104,45.4616427]],[[-74.0880802,45.4605633],[-74.088304,45.4607619],[-74.0884841,45.4606568],[-74.0882728,45.4604582],[-74.0880802,45.4605633]],[[-74.0877585,45.4603021],[-74.0880852,45.4604984],[-74.0882623,45.4603971],[-74.0881352,45.4602877],[-74.0883001,45.4601934],[-74.0881597,45.4600726],[-74.0877585,45.4603021]],[[-74.0875488,45.4601177],[-74.0876795,45.46024],[-74.0880755,45.4599875],[-74.0878483,45.4597784],[-74.0875488,45.4601177]],[[-74.0873791,45.4609342],[-74.0871047,45.4606976],[-74.08691,45.4608104],[-74.087118,45.4609885],[-74.0870152,45.4610529],[-74.0873453,45.4613302],[-74.0875013,45.4612327],[-74.0872413,45.4610215],[-74.0873791,45.4609342]],[[-74.0865519,45.4604863],[-74.0868399,45.4607561],[-74.087066,45.4606102],[-74.0868355,45.4604078],[-74.0865519,45.4604863]],[[-74.0864679,45.4610478],[-74.0867916,45.4613171],[-74.0869373,45.4612098],[-74.0868311,45.4611134],[-74.0869382,45.4610397],[-74.0867621,45.4608877],[-74.0864679,45.4610478]],[[-74.0861431,45.4635641],[-74.0864159,45.4640305],[-74.0868839,45.4639029],[-74.0865883,45.4633887],[-74.0861431,45.4635641]],[[-74.0857353,45.4627825],[-74.0861008,45.4634369],[-74.0865302,45.4632666],[-74.0861809,45.4626211],[-74.0857353,45.4627825]],[[-74.0853061,45.4614715],[-74.0855183,45.4617479],[-74.0859636,45.4615818],[-74.0857589,45.4613359],[-74.0853061,45.4614715]],[[-74.0825629,45.4635727],[-74.0833915,45.4645849],[-74.0836103,45.4644926],[-74.0830067,45.4633899],[-74.0825629,45.4635727]],[[-74.0704762,45.5193463],[-74.0740769,45.521879],[-74.0822567,45.5164081],[-74.0788004,45.5138539],[-74.0704762,45.5193463]],[[-74.0694762,45.5138257],[-74.0697693,45.5140867],[-74.0664437,45.5163372],[-74.0689398,45.5182055],[-74.0772877,45.5127266],[-74.074432,45.5106298],[-74.0694762,45.5138257]],[[-74.1467524,45.5062684],[-74.1467629,45.5064395],[-74.1470092,45.5065358],[-74.1472804,45.5065258],[-74.1473456,45.5063635],[-74.1472686,45.5055867],[-74.1471132,45.5055776],[-74.1467524,45.5062684]],[[-74.1437484,45.5199213],[-74.1436025,45.5197784],[-74.1434527,45.5198658],[-74.1435976,45.5199934],[-74.1437484,45.5199213]],[[-74.0867555,45.4753567],[-74.0866807,45.4752638],[-74.0863507,45.4752033],[-74.086091,45.4752721],[-74.0860332,45.4754736],[-74.0862069,45.475637],[-74.0866297,45.4755887],[-74.0867555,45.4753567]],[[-74.0850872,45.4875524],[-74.0849153,45.4876048],[-74.0847452,45.487873],[-74.0847107,45.4881363],[-74.084828,45.4883612],[-74.0849589,45.4884207],[-74.0852029,45.4883294],[-74.0855683,45.4884545],[-74.0859563,45.4883135],[-74.0858235,45.4880381],[-74.0850872,45.4875524]],[[-74.1148085,45.4954386],[-74.1146559,45.4955076],[-74.1147169,45.4956282],[-74.1149394,45.4955572],[-74.1148085,45.4954386]],[[-74.1215101,45.4956566],[-74.1217435,45.4956763],[-74.121752,45.4955904],[-74.1215334,45.4955696],[-74.1215101,45.4956566]],[[-74.121668,45.4959496],[-74.1219015,45.4959693],[-74.12191,45.4958835],[-74.1216913,45.4958627],[-74.121668,45.4959496]],[[-74.1011442,45.502633],[-74.1010048,45.5026183],[-74.1007125,45.5027543],[-74.1006327,45.503166],[-74.1007038,45.5032392],[-74.1010864,45.5032466],[-74.1012868,45.5031355],[-74.1011442,45.502633]],[[-74.1010308,45.5035633],[-74.1012403,45.5036193],[-74.101657,45.5033623],[-74.1015422,45.5032644],[-74.1011356,45.5033238],[-74.1009934,45.5034759],[-74.1010308,45.5035633]],[[-74.1076032,45.5071124],[-74.1073818,45.5069096],[-74.1072264,45.5069004],[-74.1072753,45.5072118],[-74.1074019,45.5073077],[-74.1083587,45.5073122],[-74.1083205,45.5071439],[-74.1076032,45.5071124]],[[-74.1067729,45.5084903],[-74.1066723,45.5085657],[-74.1067393,45.5090594],[-74.1065379,45.5093012],[-74.106597,45.5093531],[-74.1070207,45.5092466],[-74.1071933,45.509112],[-74.1072587,45.5089498],[-74.1071032,45.5085905],[-74.1067729,45.5084903]],[[-74.1047792,45.5141286],[-74.104745,45.5136249],[-74.1045668,45.513553],[-74.104152,45.5138768],[-74.1045325,45.5142722],[-74.1047792,45.5141286]],[[-74.0674159,45.4743479],[-74.0674824,45.474128],[-74.0673161,45.4740114],[-74.0671166,45.4740381],[-74.0665369,45.4746178],[-74.066879,45.4745312],[-74.0671498,45.4747677],[-74.0673731,45.4746511],[-74.0672354,45.4744379],[-74.0674159,45.4743479]],[[-74.0245004,45.472994],[-74.0239431,45.4734214],[-74.0233511,45.4741175],[-74.0214941,45.4756689],[-74.0214942,45.4759424],[-74.0224259,45.4765813],[-74.0226542,45.4765997],[-74.0229754,45.4760908],[-74.0232463,45.4760258],[-74.0242389,45.4761845],[-74.0248203,45.4764367],[-74.0256911,45.477959],[-74.0268323,45.4779687],[-74.0270709,45.4778082],[-74.0270315,45.4774355],[-74.0266214,45.4766656],[-74.0260762,45.474863],[-74.0251312,45.4729074],[-74.0250054,45.4728475],[-74.0245004,45.472994]],[[-74.0529751,45.4810035],[-74.053233,45.4810136],[-74.0534296,45.4808126],[-74.0531951,45.4807595],[-74.0529751,45.4810035]],[[-74.0329371,45.4823838],[-74.034549,45.4821468],[-74.0343723,45.4815117],[-74.0327353,45.4817827],[-74.0329371,45.4823838]],[[-74.0328051,45.4824047],[-74.0326161,45.4817769],[-74.0309802,45.4820103],[-74.0311547,45.4826396],[-74.0328051,45.4824047]],[[-74.0703972,45.4904917],[-74.0701034,45.4902488],[-74.0698565,45.4902628],[-74.0702536,45.4906413],[-74.0703818,45.4906473],[-74.0703972,45.4904917]],[[-74.026204,45.4943148],[-74.0264717,45.4941212],[-74.0262305,45.4939572],[-74.0259627,45.4941509],[-74.026204,45.4943148]],[[-74.0266384,45.4944931],[-74.026788,45.4943956],[-74.026589,45.4942456],[-74.0264394,45.4943432],[-74.0266384,45.4944931]],[[-74.0263049,45.4946903],[-74.0263974,45.4946272],[-74.0261781,45.494469],[-74.0260855,45.494532],[-74.0263049,45.4946903]],[[-74.0300349,45.5001758],[-74.0305851,45.5001677],[-74.0314558,45.4996651],[-74.031575,45.4993378],[-74.0315977,45.4987437],[-74.0312939,45.4984645],[-74.0307487,45.4983802],[-74.0295423,45.4989705],[-74.0294437,45.4995838],[-74.0300349,45.5001758]],[[-74.0319741,45.502132],[-74.0330036,45.5013304],[-74.0324126,45.5007104],[-74.0315175,45.5005513],[-74.0309394,45.5005621],[-74.0306965,45.5008971],[-74.0305599,45.5013421],[-74.0308621,45.5021174],[-74.031203,45.5022931],[-74.0310827,45.5027045],[-74.0312334,45.5027783],[-74.0314132,45.5023812],[-74.0319741,45.502132]],[[-74.0668483,45.5028534],[-74.066331,45.5030224],[-74.0662429,45.5031707],[-74.0663193,45.503249],[-74.0669777,45.5030183],[-74.0669953,45.50294],[-74.0668483,45.5028534]],[[-74.0275128,45.5046469],[-74.0274579,45.5045681],[-74.0269767,45.5044616],[-74.0265938,45.5044819],[-74.0263458,45.5045534],[-74.0261763,45.5047375],[-74.026346,45.5048814],[-74.0267004,45.5049198],[-74.0275128,45.5046469]],[[-74.0620817,45.5051021],[-74.0620285,45.5052303],[-74.062105,45.5052828],[-74.062431,45.5051196],[-74.0624176,45.5050182],[-74.0620817,45.5051021]],[[-74.0569149,45.5053926],[-74.0570848,45.5052062],[-74.0568123,45.5051747],[-74.0566008,45.5053746],[-74.0567514,45.5056374],[-74.0569373,45.5057767],[-74.0572578,45.5057834],[-74.0572738,45.5056397],[-74.0569149,45.5053926]],[[-74.024178,45.5065708],[-74.0245723,45.5062534],[-74.0248722,45.505829],[-74.0241427,45.5058221],[-74.0238162,45.506137],[-74.0229699,45.5062332],[-74.0234965,45.5065473],[-74.024178,45.5065708]],[[-74.0713352,45.508261],[-74.0710589,45.508166],[-74.0705755,45.5085495],[-74.0708146,45.5087021],[-74.0712475,45.5084229],[-74.0713352,45.508261]],[[-74.0621271,45.5141861],[-74.0619937,45.5143508],[-74.0619917,45.5145471],[-74.0622818,45.5146355],[-74.0627309,45.5143967],[-74.0627082,45.5142789],[-74.0621271,45.5141861]],[[-74.06688578017067,45.51846170624679],[-74.0674272,45.5188676],[-74.0675878,45.5187861],[-74.0671338,45.5183283],[-74.0670009,45.5183206],[-74.06688578017067,45.51846170624679]],[[-74.0634139,45.5210928],[-74.0640116,45.5210537],[-74.0639984,45.5208098],[-74.0633022,45.5208029],[-74.0632595,45.520865],[-74.0634139,45.5210928]],[[-74.0687017,45.5235744],[-74.0684793,45.5236184],[-74.0681357,45.5238655],[-74.0680458,45.5239662],[-74.068066,45.5240606],[-74.0683737,45.524122],[-74.0686994,45.5238781],[-74.068805,45.5237207],[-74.0687017,45.5235744]],[[-74.0153759,45.4817971],[-74.0142823,45.4822926],[-74.013718,45.482166],[-74.0135366,45.4823471],[-74.0128831,45.482349],[-74.0126144,45.4824904],[-74.0125114,45.4827841],[-74.0132162,45.4824854],[-74.0134628,45.4825261],[-74.0136236,45.4827429],[-74.0143408,45.482747],[-74.0147657,45.4825308],[-74.014868,45.4822931],[-74.015457,45.4820134],[-74.0157363,45.481987],[-74.0158101,45.481808],[-74.0153759,45.4817971]]],[[[-74.12744459918386,45.471865161574705],[-74.1277633,45.4721647],[-74.1275456,45.4720096],[-74.12744459918386,45.471865161574705]]],[[[-74.1284001,45.4726637],[-74.12828275549188,45.47253432362412],[-74.1287525,45.4728979],[-74.1284001,45.4726637]]],[[[-74.1302955,45.474522],[-74.13049740607677,45.47486792649604],[-74.1303576,45.4746961],[-74.1302955,45.474522]]],[[[-74.1309008899485,45.47555921704161],[-74.131547,45.4766662],[-74.1310557,45.4759213],[-74.1309008899485,45.47555921704161]]],[[[-74.13198417448352,45.4774323341106],[-74.1320708,45.4782241],[-74.1319873,45.4777641],[-74.13198417448352,45.4774323341106]]],[[[-74.1320708,45.4782241],[-74.13220916454777,45.478348821159805],[-74.1321457,45.478317],[-74.1320708,45.4782241]]],[[[-74.1341236,45.4830506],[-74.1332151,45.4833115],[-74.1337848,45.4831117],[-74.1341236,45.4830506]]],[[[-74.1319868,45.485135],[-74.1318857,45.4861142],[-74.1319639,45.4853316],[-74.1319868,45.485135]]],[[[-74.1321315,45.4878036],[-74.1326566,45.4901575],[-74.1322935,45.4886804],[-74.1321315,45.4878036]]],[[[-74.1373253,45.4937225],[-74.13817924872943,45.49240297922325],[-74.13823088974162,45.492521816016364],[-74.1374356,45.4937635],[-74.1373253,45.4937225]]],[[[-74.1385629,45.4927457],[-74.1391826108353,45.49283732617946],[-74.1386434,45.4927854],[-74.1385629,45.4927457]]],[[[-74.1399393,45.4934683],[-74.14025349887434,45.49348490087892],[-74.1401816,45.4934887],[-74.1399393,45.4934683]]],[[[-74.1408927,45.4935472],[-74.1407180010712,45.49350944312066],[-74.1419001,45.4935719],[-74.1408927,45.4935472]]],[[[-74.1417534,45.4948824],[-74.141802,45.494809],[-74.1415668,45.4946943],[-74.14227417412727,45.49385905063286],[-74.14253042368583,45.49422985258307],[-74.141894,45.4949505],[-74.1417534,45.4948824]]],[[[-74.143544,45.4948294],[-74.1429613,45.4954434],[-74.1424733,45.4951864],[-74.1430627,45.494543],[-74.14285354897213,45.49441858906417],[-74.1443677,45.495303],[-74.143544,45.4948294]]],[[[-74.1443677,45.495303],[-74.14481059372815,45.495427261720266],[-74.1446159,45.4954062],[-74.1443677,45.495303]]],[[[-74.14933593904108,45.497077009640265],[-74.14971152059347,45.496983572555024],[-74.15024945992691,45.496849744141365],[-74.1495628,45.4970606],[-74.14933593904108,45.497077009640265]]],[[[-74.15293879196369,45.49649531744574],[-74.15357300798023,45.49636064210368],[-74.1532785,45.4964627],[-74.15293879196369,45.49649531744574]]],[[[-74.1544308290886,45.49632384207537],[-74.1551923,45.4963866],[-74.1547938,45.496385],[-74.1544308290886,45.49632384207537]]],[[[-74.10566195029126,45.46344434397265],[-74.1060591,45.4635636],[-74.1057651,45.4634838],[-74.10566195029126,45.46344434397265]]],[[[-74.1424183,45.4962967],[-74.1425815,45.496124],[-74.1428469,45.496241],[-74.1426855,45.4964226],[-74.1424183,45.4962967]]],[[[-74.1414206,45.495819],[-74.1419046,45.4952848],[-74.1421919,45.4954128],[-74.1417077,45.4959469],[-74.1414206,45.495819]]],[[[-74.1363603,45.5262265],[-74.1206751,45.5147095],[-74.1253794,45.5115673],[-74.1413122,45.5229159],[-74.1363603,45.5262265]]],[[[-74.1392252,45.4801617],[-74.1394833,45.4802609],[-74.1396049,45.4804773],[-74.1395738,45.4808443],[-74.1391876,45.4812575],[-74.1384852,45.4813889],[-74.1384237,45.4811308],[-74.138174,45.4809867],[-74.1392252,45.4801617]]],[[[-74.1791889,45.4939016],[-74.1792972,45.4937461],[-74.1794625,45.4937624],[-74.1794785,45.4939091],[-74.1791889,45.4939016]]],[[[-74.1786256,45.4945257],[-74.1785142,45.4948477],[-74.1784031,45.4948889],[-74.1784969,45.4946235],[-74.1789475,45.4941346],[-74.1786256,45.4945257]]],[[[-74.1755561,45.4952325],[-74.1760799,45.4953661],[-74.1763342,45.495321],[-74.1763811,45.4951541],[-74.1762151,45.4948954],[-74.1765831,45.4953373],[-74.1764704,45.4953818],[-74.1763911,45.4956462],[-74.1765013,45.4957135],[-74.176432,45.4957574],[-74.1762771,45.4956841],[-74.1753439,45.4958903],[-74.1752026,45.4958011],[-74.1752253,45.4956616],[-74.1753075,45.4956594],[-74.1751366,45.4953618],[-74.1755561,45.4952325]]]]}},{"type":"Feature","properties":{"id":"blainville","name":"Blainville","type":"city"},"geometry":{"type":"Polygon","coordinates":[[[-73.9133592,45.694809],[-73.9160391,45.6965164],[-73.9138858,45.6981602],[-73.9127229,45.69895],[-73.9116869,45.6999909],[-73.909901,45.7014207],[-73.9070555,45.7028737],[-73.9037207,45.7038615],[-73.9008685,45.7050097],[-73.8990825,45.7081303],[-73.8958672,45.710463],[-73.895693,45.7103753],[-73.8939398,45.7114181],[-73.8908147,45.7137644],[-73.8901229,45.7133105],[-73.8885453,45.7144211],[-73.8871303,45.7134934],[-73.8855705,45.7146541],[-73.8846506,45.7140484],[-73.8830619,45.7151916],[-73.8820174,45.7145038],[-73.8802823,45.7156059],[-73.8795903,45.7151725],[-73.8779832,45.716247],[-73.8752025,45.7165907],[-73.8760889,45.7191206],[-73.8745397,45.7194043],[-73.87177,45.7209321],[-73.871169,45.7205359],[-73.8673797,45.7201625],[-73.8668881,45.7198458],[-73.8653702,45.7210666],[-73.8644253,45.7205021],[-73.8627818,45.7217291],[-73.8606402,45.7227147],[-73.8601143,45.7223443],[-73.8561989,45.7241674],[-73.8505244,45.7247461],[-73.8283125,45.710151],[-73.8124658,45.6994654],[-73.8009992,45.6920051],[-73.7890055,45.6839609],[-73.8078104,45.6694439],[-73.7971403,45.6621852],[-73.7976714,45.6618102],[-73.79774,45.6618569],[-73.8020973,45.658594],[-73.7988971,45.6563816],[-73.7905601,45.6510331],[-73.7923373,45.6511967],[-73.7928898,45.6513662],[-73.7933402,45.651608],[-73.7936482,45.6516252],[-73.7957501,45.6511879],[-73.796762,45.6508703],[-73.797248,45.6505811],[-73.7980785,45.6499221],[-73.7982799,45.6491927],[-73.7985869,45.6490209],[-73.7988565,45.6490652],[-73.799386,45.6497117],[-73.7996456,45.6502689],[-73.7996863,45.6506827],[-73.7998153,45.6508264],[-73.8003552,45.6510229],[-73.8021013,45.6512433],[-73.8027681,45.6511605],[-73.8040102,45.6507253],[-73.8049957,45.6502728],[-73.8055983,45.6501902],[-73.8064675,45.6495939],[-73.8072133,45.6499069],[-73.8074057,45.6498974],[-73.8075462,45.64978],[-73.8074943,45.6496812],[-73.8067859,45.6491702],[-73.8075783,45.6486102],[-73.8070107,45.6480448],[-73.8069197,45.6478381],[-73.8071757,45.6477204],[-73.8077149,45.647791],[-73.8084843,45.6477169],[-73.8097632,45.6469936],[-73.8101866,45.6470014],[-73.8104426,45.6468838],[-73.8106335,45.6466043],[-73.810734,45.6462171],[-73.8110406,45.6459823],[-73.8111424,45.6458381],[-73.8111539,45.6456041],[-73.8112815,45.6454778],[-73.8119218,45.645269],[-73.8127396,45.6446819],[-73.8128359,45.6435479],[-73.8129869,45.6430076],[-73.8130918,45.6428786],[-73.8335368,45.6567334],[-73.8401071,45.660925],[-73.8424745,45.6592375],[-73.8345092,45.654159],[-73.8347589,45.653865],[-73.8337489,45.6533116],[-73.8355251,45.652141],[-73.8380756,45.6502938],[-73.8398133,45.6514796],[-73.8401441,45.6516266],[-73.8400962,45.6514413],[-73.8401585,45.6511913],[-73.840347,45.6509907],[-73.8402419,45.6509785],[-73.8402212,45.6508013],[-73.8400351,45.650517],[-73.8400998,45.6502645],[-73.8402222,45.6501433],[-73.841412,45.6509057],[-73.84175,45.6498237],[-73.8424773,45.6486947],[-73.8435327,45.6477501],[-73.8448715,45.6469841],[-73.8551344,45.6538798],[-73.8554942,45.6536152],[-73.8637568,45.659147],[-73.8701021,45.6632498],[-73.8748485,45.6596637],[-73.875067,45.6593938],[-73.8804755,45.6553819],[-73.8864966,45.6593091],[-73.8869178,45.6597695],[-73.8882299,45.660435],[-73.9060741,45.6720241],[-73.9157473,45.6790582],[-73.9254873,45.6854945],[-73.9133592,45.694809]],[[-73.9019538,45.6946857],[-73.9036662,45.6933019],[-73.9029239,45.692883],[-73.9010869,45.694324],[-73.9017784,45.6946892],[-73.9019538,45.6946857]],[[-73.8492247,45.6499176],[-73.848953,45.6502146],[-73.8489674,45.6503213],[-73.8492291,45.6504691],[-73.8495827,45.6508408],[-73.8501586,45.650547],[-73.8492247,45.6499176]],[[-73.84290189976419,45.65323054206753],[-73.8424974,45.6532502],[-73.8424151,45.6534228],[-73.8429271,45.6536593],[-73.8433569,45.6540448],[-73.8434971,45.6540363],[-73.8433569,45.6536891],[-73.8430795,45.6533248],[-73.84290189976419,45.65323054206753]],[[-73.8459947,45.6542036],[-73.8458487,45.6545328],[-73.8459131,45.6547053],[-73.8460633,45.6548103],[-73.8462766,45.6548267],[-73.8464925,45.6546753],[-73.8464281,45.6544728],[-73.8461628,45.6542088],[-73.8459947,45.6542036]],[[-73.8475576,45.6667572],[-73.8474744,45.665806],[-73.847538,45.6656897],[-73.8475037,45.6650875],[-73.8473911,45.6645605],[-73.8469309,45.664167],[-73.846074,45.6636264],[-73.8460202,45.6634792],[-73.84641524357946,45.663323613538346],[-73.8471855,45.6633971],[-73.8476604,45.6633423],[-73.8478465,45.6632055],[-73.8483361,45.6625622],[-73.8484291,45.6619223],[-73.8482578,45.6615938],[-73.8475086,45.6617101],[-73.8471757,45.6616827],[-73.8468966,45.6614603],[-73.8466126,45.6601052],[-73.8464462,45.6597459],[-73.8461622,45.6595234],[-73.8452417,45.6592942],[-73.8449283,45.659609],[-73.8453543,45.6602181],[-73.8453347,45.660509],[-73.8454669,45.660728],[-73.8454522,45.66119],[-73.8452564,45.6612481],[-73.8448157,45.6621823],[-73.8448941,45.6623568],[-73.8447863,45.6630446],[-73.8448794,45.6631302],[-73.8448549,45.6633594],[-73.8449675,45.6637119],[-73.8451585,45.663924],[-73.8450409,45.6641978],[-73.8450507,45.664475],[-73.8453396,45.6647419],[-73.8453984,45.6649095],[-73.8451927,45.6651217],[-73.8451731,45.6652654],[-73.8452564,45.6654159],[-73.8454963,45.6655562],[-73.8455502,45.6657102],[-73.8455061,45.6658642],[-73.8451829,45.6661174],[-73.8450472,45.6663334],[-73.8453151,45.6667299],[-73.8452613,45.6670275],[-73.845555,45.6672602],[-73.8455942,45.6673868],[-73.8451731,45.6683483],[-73.8451731,45.6686049],[-73.8454865,45.6693337],[-73.8460251,45.6697271],[-73.8462797,45.6696347],[-73.8463678,45.6693063],[-73.8470141,45.6683175],[-73.8473911,45.6674005],[-73.8476213,45.6671507],[-73.8476506,45.667007],[-73.8475576,45.6667572]],[[-73.8459152,45.6703471],[-73.8457568,45.6700187],[-73.8450137,45.6695972],[-73.8449392,45.6695998],[-73.8448561,45.6697625],[-73.844872,45.6699203],[-73.8446241,45.6701537],[-73.8449863,45.6703747],[-73.8448988,45.6706783],[-73.8449715,45.6707673],[-73.8454301,45.6707274],[-73.8459152,45.6703471]],[[-73.8741429,45.6805621],[-73.8740726,45.6804943],[-73.873972,45.6805614],[-73.874316,45.6807982],[-73.8740648,45.6806154],[-73.8741429,45.6805621]],[[-73.8420713,45.6817897],[-73.8418275,45.6817682],[-73.841906,45.6816089],[-73.8424835,45.6812795],[-73.8431755,45.6810589],[-73.8425776,45.6808209],[-73.8425143,45.6807139],[-73.8425601,45.6806549],[-73.8435871,45.6803172],[-73.8453439,45.6800277],[-73.8458248,45.6792541],[-73.845375,45.6788354],[-73.8453361,45.6785069],[-73.8450244,45.6782639],[-73.8448639,45.6777098],[-73.8444861,45.6775433],[-73.84408,45.677672],[-73.8438195,45.6779707],[-73.843845,45.6781444],[-73.8439481,45.6782394],[-73.8440246,45.6787304],[-73.8436704,45.6793331],[-73.8436251,45.6796694],[-73.8434811,45.6799768],[-73.8433225,45.6800224],[-73.8429439,45.6803401],[-73.8425653,45.6804858],[-73.8423117,45.6809106],[-73.8420257,45.6809235],[-73.84181,45.6807695],[-73.8414841,45.6807439],[-73.8410643,45.6810056],[-73.8408063,45.6810663],[-73.8402091,45.6809965],[-73.8399345,45.6813513],[-73.8393261,45.6816329],[-73.8393028,45.681746],[-73.8396169,45.6818058],[-73.8398423,45.6819882],[-73.8396957,45.6822155],[-73.8403646,45.6823339],[-73.8400937,45.6825086],[-73.8400519,45.6829526],[-73.8398569,45.6829874],[-73.8396185,45.6832379],[-73.8394613,45.6832194],[-73.8392175,45.6833413],[-73.8389555,45.6835905],[-73.8389294,45.6836766],[-73.8390969,45.6837134],[-73.8389523,45.6838897],[-73.8389702,45.6839741],[-73.8392876,45.684103],[-73.8396635,45.6839345],[-73.8398604,45.6839387],[-73.840137,45.6836851],[-73.8407296,45.6833563],[-73.8421892,45.6819309],[-73.8420713,45.6817897]],[[-73.8519938,45.6804554],[-73.8508154,45.6796037],[-73.8476112,45.6816373],[-73.8487861,45.6825147],[-73.8519938,45.6804554]],[[-73.8532647,45.6814778],[-73.8521242,45.6806188],[-73.8489166,45.6826605],[-73.8501284,45.6835694],[-73.8532647,45.6814778]],[[-73.8735019,45.6823038],[-73.873699,45.6824135],[-73.8739778,45.682421],[-73.8739589,45.6825434],[-73.874046,45.6825845],[-73.8746094,45.6825326],[-73.8743705,45.6823218],[-73.8741151,45.6823335],[-73.8740815,45.6821112],[-73.8735936,45.6821777],[-73.8735019,45.6823038]],[[-73.83727336708658,45.682368479321866],[-73.8369717,45.6824107],[-73.8364247,45.6828544],[-73.8366269,45.6829524],[-73.8373356,45.6824207],[-73.83727336708658,45.682368479321866]],[[-73.8486478,45.6826665],[-73.8474511,45.6817545],[-73.8442825,45.6838731],[-73.8454656,45.6847566],[-73.8486478,45.6826665]],[[-73.8499323,45.683669],[-73.8487562,45.6827975],[-73.8456021,45.6848765],[-73.8467782,45.6857729],[-73.8499323,45.683669]],[[-73.8316818,45.6862294],[-73.8314298,45.6860479],[-73.8311204,45.6861827],[-73.8312865,45.6863841],[-73.8316474,45.6863561],[-73.8316818,45.6862294]],[[-73.8323613,45.6871158],[-73.8325701,45.6870726],[-73.8330438,45.6867367],[-73.8332919,45.6862337],[-73.8333017,45.6858606],[-73.8330719,45.6854576],[-73.8330043,45.6854318],[-73.8322571,45.686105],[-73.8316786,45.6864905],[-73.8320911,45.6869847],[-73.8323613,45.6871158]],[[-73.8316181,45.6875365],[-73.8319119,45.6871853],[-73.8318791,45.6869802],[-73.8316475,45.6866895],[-73.8312866,45.6864706],[-73.8302414,45.686499],[-73.8299388,45.686651],[-73.8298831,45.6871295],[-73.8301038,45.6874863],[-73.8304304,45.6877171],[-73.8308214,45.6877941],[-73.8316181,45.6875365]],[[-73.8332014,45.687362],[-73.8330394,45.6872661],[-73.8329598,45.6873847],[-73.8330955,45.6874377],[-73.8332014,45.687362]],[[-73.8327489,45.6876363],[-73.8328941,45.6874983],[-73.8328645,45.6874504],[-73.8326925,45.6875706],[-73.8327489,45.6876363]],[[-73.832841,45.6876415],[-73.8329391,45.6876922],[-73.8330426,45.6875692],[-73.833013,45.6875213],[-73.832841,45.6876415]],[[-73.8331213,45.687803],[-73.833266,45.6876285],[-73.8331423,45.6875784],[-73.8329976,45.6877529],[-73.8331213,45.687803]],[[-73.8324813,45.6878202],[-73.8327165,45.6879286],[-73.8328332,45.6877655],[-73.8326067,45.6876778],[-73.8324813,45.6878202]],[[-73.8329051,45.6880575],[-73.8330498,45.6878829],[-73.8329261,45.6878329],[-73.8327813,45.6880074],[-73.8329051,45.6880575]],[[-73.832436,45.687931],[-73.8322391,45.6881355],[-73.8325039,45.6879383],[-73.832436,45.687931]],[[-73.8319337,45.6883841],[-73.831993,45.6884268],[-73.8322154,45.6881821],[-73.8319337,45.6883841]],[[-73.8291877,45.6896422],[-73.8296329,45.6893438],[-73.8296464,45.689215],[-73.8286211,45.6886308],[-73.8280411,45.6887313],[-73.8280995,45.6889826],[-73.8290483,45.6896579],[-73.8291877,45.6896422]],[[-73.8757464,45.6885728],[-73.8754761,45.6887658],[-73.8750998,45.6888421],[-73.8747478,45.689367],[-73.8743538,45.6895587],[-73.8746567,45.6897424],[-73.8750161,45.6897383],[-73.87522,45.6894778],[-73.8753825,45.688948],[-73.8759072,45.6887404],[-73.8759487,45.688619],[-73.8757464,45.6885728]],[[-73.8304817,45.6890259],[-73.8306844,45.6893754],[-73.8307764,45.6893789],[-73.831061,45.6891006],[-73.8309625,45.6890016],[-73.8304817,45.6890259]],[[-73.8316114,45.6922752],[-73.8317117,45.692262],[-73.8318448,45.6916935],[-73.8314803,45.6915476],[-73.831322,45.6915856],[-73.8311101,45.6917214],[-73.8310241,45.6919452],[-73.8316114,45.6922752]],[[-73.8878949,45.7066347],[-73.8876004,45.7065538],[-73.8873236,45.706716],[-73.8869287,45.7067009],[-73.8866707,45.7068473],[-73.8862789,45.7068557],[-73.8861953,45.7069334],[-73.8862585,45.7071184],[-73.886437,45.7072534],[-73.887587,45.7068692],[-73.8878949,45.7066347]],[[-73.8770266,45.7109127],[-73.8771803,45.7109552],[-73.8777134,45.7108156],[-73.8778745,45.7104656],[-73.8781586,45.7104426],[-73.8782169,45.7103335],[-73.8784319,45.7103015],[-73.8785306,45.7101974],[-73.8789275,45.7101252],[-73.8796637,45.7097135],[-73.8797819,45.7095646],[-73.8791175,45.7096631],[-73.8788938,45.7100299],[-73.878445,45.710145],[-73.8783057,45.7100632],[-73.8778157,45.7102126],[-73.8777695,45.7102713],[-73.877848,45.7104324],[-73.8777714,45.7104962],[-73.8776,45.7104192],[-73.8773694,45.7105092],[-73.8770266,45.7109127]],[[-73.8882322,45.7104074],[-73.8881715,45.710314],[-73.8883345,45.7100205],[-73.888153,45.7100037],[-73.8881389,45.7101051],[-73.8880227,45.7101311],[-73.8879102,45.7103264],[-73.8877359,45.710431],[-73.8877293,45.7108147],[-73.8878858,45.7108182],[-73.8879064,45.7104974],[-73.8882322,45.7104074]],[[-73.8739752,45.7111859],[-73.8738878,45.711309],[-73.8740461,45.7113353],[-73.8743595,45.7111743],[-73.874901,45.7111331],[-73.8749606,45.7109923],[-73.8748913,45.7109008],[-73.8747256,45.7109092],[-73.8739752,45.7111859]],[[-73.8734372,45.711942],[-73.8732331,45.7117113],[-73.8730421,45.7118668],[-73.873212,45.7120814],[-73.8737084,45.712118],[-73.8743529,45.7123408],[-73.87481011918314,45.71224741597053],[-73.8750055,45.7122885],[-73.8752287,45.7124672],[-73.8754162,45.7120871],[-73.8750131,45.7121853],[-73.8743349,45.7120502],[-73.8741963,45.7116903],[-73.8735843,45.7119569],[-73.8734372,45.711942]],[[-73.881417,45.7124252],[-73.8809085,45.7125896],[-73.8810398,45.7126507],[-73.8814735,45.7125673],[-73.8816649,45.7123142],[-73.8815276,45.7122761],[-73.881417,45.7124252]],[[-73.8718649,45.7130021],[-73.8720034,45.7131572],[-73.8720281,45.7131354],[-73.8718649,45.7130021]],[[-73.8861107,45.7133835],[-73.8859666,45.7135831],[-73.885653,45.7136403],[-73.8856277,45.7137358],[-73.8857621,45.7138019],[-73.8863008,45.7136533],[-73.8863788,45.7135455],[-73.8863287,45.713374],[-73.886595,45.7132497],[-73.8870768,45.7132774],[-73.8878326,45.7130759],[-73.8875958,45.7130202],[-73.8872433,45.713117],[-73.8869684,45.7130256],[-73.8868435,45.713155],[-73.8865255,45.7131264],[-73.8861107,45.7133835]],[[-73.8670802,45.7141794],[-73.8670939,45.7142917],[-73.8672568,45.714147],[-73.8678809,45.7141107],[-73.8680681,45.7139732],[-73.8680269,45.7138253],[-73.8677395,45.7137128],[-73.8670747,45.7137298],[-73.8669459,45.7138278],[-73.8667451,45.7138265],[-73.8665667,45.7140359],[-73.8661071,45.7140469],[-73.8660358,45.7142391],[-73.8654532,45.7141961],[-73.8653383,45.7142843],[-73.8655941,45.7144476],[-73.8659715,45.7143872],[-73.8661083,45.7142383],[-73.8667161,45.7142418],[-73.8668244,45.7141296],[-73.8670802,45.7141794]],[[-73.8658137,45.7152341],[-73.8658973,45.715132],[-73.8658137,45.7148744],[-73.8656188,45.7148063],[-73.8656466,45.7148987],[-73.8653229,45.7150397],[-73.8645745,45.7151077],[-73.8637948,45.7154212],[-73.8631405,45.7155136],[-73.8635895,45.7157372],[-73.8658137,45.7152341]],[[-73.8561139,45.715134],[-73.8557364,45.7153094],[-73.8555635,45.7155359],[-73.8554842,45.7155321],[-73.8557051,45.7157651],[-73.8564383,45.7159207],[-73.8566683,45.7158241],[-73.8567449,45.7154469],[-73.856937,45.7152554],[-73.8577665,45.7150167],[-73.857817,45.7148344],[-73.8575618,45.7147487],[-73.8571594,45.7148974],[-73.856926,45.7151453],[-73.8565769,45.7151943],[-73.8563614,45.7150369],[-73.8564247,45.7147676],[-73.8563517,45.714752],[-73.8561688,45.7148965],[-73.8561139,45.715134]],[[-73.8593589,45.7170297],[-73.858332,45.717174],[-73.8587821,45.7172909],[-73.8590007,45.7171366],[-73.8593589,45.7170297]],[[-73.858959,45.7187132],[-73.8593565,45.7188621],[-73.859566,45.7187857],[-73.8600013,45.7187878],[-73.8605485,45.7184225],[-73.8605958,45.7182569],[-73.8607687,45.718227],[-73.8610251,45.718025],[-73.86111,45.7178001],[-73.8614623,45.7176786],[-73.8613063,45.7175456],[-73.861043,45.7174767],[-73.860608,45.7175491],[-73.8602822,45.7177569],[-73.8599663,45.7181491],[-73.8591518,45.7183915],[-73.8589587,45.7186145],[-73.858959,45.7187132]],[[-73.8147856,45.6613977],[-73.8144673,45.6612479],[-73.8142886,45.6612751],[-73.8142139,45.6615362],[-73.8144153,45.6617383],[-73.8140125,45.6618994],[-73.8139053,45.6620629],[-73.8145972,45.662299],[-73.8148635,45.6620742],[-73.8157438,45.6623489],[-73.8159062,45.6621401],[-73.8155976,45.6618041],[-73.8155197,45.661543],[-73.8147856,45.6613977]],[[-73.8229493,45.6633903],[-73.822225,45.663295],[-73.8220788,45.66369],[-73.8223224,45.6641009],[-73.8228227,45.6640646],[-73.8232612,45.6644051],[-73.8231053,45.6646298],[-73.8227999,45.6646411],[-73.8226538,45.6647705],[-73.8227382,45.6648659],[-73.8232612,45.6649499],[-73.8234528,45.6646775],[-73.8238848,45.6646934],[-73.8239693,45.6644573],[-73.8236347,45.6642984],[-73.8236997,45.6640941],[-73.823599,45.6639056],[-73.8232969,45.6639079],[-73.8228649,45.6637377],[-73.8229818,45.6635152],[-73.8229493,45.6633903]],[[-73.8180422,45.664274],[-73.817239,45.6642625],[-73.8170355,45.6644316],[-73.8170575,45.6646316],[-73.8168869,45.6649161],[-73.8169199,45.665016],[-73.8177451,45.6656888],[-73.8178441,45.6661271],[-73.8180477,45.6662194],[-73.8186198,45.6661578],[-73.8188564,45.6663962],[-73.8189774,45.6663924],[-73.819247,45.6661963],[-73.8198906,45.6661924],[-73.8200171,45.6660848],[-73.8198796,45.6658887],[-73.8199456,45.665735],[-73.8203747,45.6656465],[-73.8206828,45.665708],[-73.8209194,45.6654851],[-73.8204297,45.6651237],[-73.8194615,45.6651967],[-73.8190489,45.6649853],[-73.8186143,45.6649238],[-73.8180422,45.664274]],[[-73.7982784,45.6800626],[-73.7980599,45.6797797],[-73.7978797,45.6797368],[-73.7974494,45.6800021],[-73.7975061,45.6802153],[-73.798024,45.6802207],[-73.7982784,45.6800626]]]}},{"type":"Feature","properties":{"id":"rosemere","name":"Rosemère","type":"city"},"geometry":{"type":"MultiPolygon","coordinates":[[[[-73.8285468,45.6302962],[-73.8258871,45.6307329],[-73.8246096,45.6310582],[-73.8230915,45.631621],[-73.821724,45.6323445],[-73.8204357,45.6332683],[-73.8121285,45.640416],[-73.8126106,45.6412377],[-73.8126466,45.6417938],[-73.8127636,45.6420814],[-73.8130206,45.6421617],[-73.8133926,45.6421516],[-73.8135343,45.6422592],[-73.8134458,45.6424844],[-73.8129869,45.6430076],[-73.8128359,45.6435479],[-73.8127396,45.6446819],[-73.8119218,45.645269],[-73.8112815,45.6454778],[-73.8111539,45.6456041],[-73.8111424,45.6458381],[-73.8110406,45.6459823],[-73.810734,45.6462171],[-73.8106335,45.6466043],[-73.8104426,45.6468838],[-73.8101866,45.6470014],[-73.8097632,45.6469936],[-73.8084843,45.6477169],[-73.8077149,45.647791],[-73.8071757,45.6477204],[-73.8069197,45.6478381],[-73.8070107,45.6480448],[-73.8075783,45.6486102],[-73.8067859,45.6491702],[-73.8074943,45.6496812],[-73.8075462,45.64978],[-73.8074057,45.6498974],[-73.8072133,45.6499069],[-73.8064675,45.6495939],[-73.8055983,45.6501902],[-73.8049957,45.6502728],[-73.8040102,45.6507253],[-73.8027681,45.6511605],[-73.8021013,45.6512433],[-73.8003552,45.6510229],[-73.7998153,45.6508264],[-73.7996863,45.6506827],[-73.7996456,45.6502689],[-73.799386,45.6497117],[-73.7988565,45.6490652],[-73.7985869,45.6490209],[-73.7982799,45.6491927],[-73.7980785,45.6499221],[-73.797248,45.6505811],[-73.796762,45.6508703],[-73.7957501,45.6511879],[-73.7936482,45.6516252],[-73.7933402,45.651608],[-73.7928898,45.6513662],[-73.7923373,45.6511967],[-73.7905601,45.6510331],[-73.7988971,45.6563816],[-73.8020973,45.658594],[-73.79774,45.6618569],[-73.7976714,45.6618102],[-73.7936263,45.6646664],[-73.7902668,45.662528],[-73.7884647,45.6612257],[-73.7762317,45.6533172],[-73.7751407,45.6540514],[-73.7734325,45.6529437],[-73.7739297,45.6525511],[-73.7701953,45.6501641],[-73.7704679,45.6499453],[-73.7707336,45.6491189],[-73.7710022,45.6488638],[-73.7712515,45.6487494],[-73.771395,45.6485402],[-73.7718153,45.6482857],[-73.7725747,45.6469119],[-73.7732381,45.6467071],[-73.773555,45.6464181],[-73.7736758,45.6459029],[-73.7738971,45.6455906],[-73.7741799,45.6454247],[-73.775744,45.6454013],[-73.7766538,45.6450499],[-73.7775596,45.6444628],[-73.7786037,45.643975],[-73.778871,45.6435424],[-73.7791362,45.6434661],[-73.7796597,45.6434901],[-73.7807612,45.642913],[-73.7809342,45.6426171],[-73.7815358,45.6425099],[-73.7816207,45.641986],[-73.781771,45.6418442],[-73.7821852,45.6417102],[-73.7823247,45.6412653],[-73.7819242,45.640586],[-73.78145,45.6404895],[-73.78109,45.6407305],[-73.7806249,45.6408052],[-73.780345,45.6408029],[-73.7801392,45.6406778],[-73.7802165,45.6403586],[-73.7804759,45.6401588],[-73.7810651,45.6391287],[-73.7814426,45.638798],[-73.781559,45.6385353],[-73.7813546,45.638326],[-73.7811692,45.6383171],[-73.7812015,45.6383921],[-73.7809541,45.6385948],[-73.7804199,45.6389718],[-73.7803451,45.6389067],[-73.7804128,45.6377403],[-73.780216,45.6370823],[-73.7802629,45.636906],[-73.7809219,45.6360055],[-73.7819487,45.6355792],[-73.7825072,45.6351799],[-73.7825479,45.6346642],[-73.7826541,45.6345304],[-73.783406,45.6342814],[-73.7837897,45.6342902],[-73.7850176,45.6340255],[-73.78602,45.6336214],[-73.7865927,45.6330848],[-73.7871274,45.6324356],[-73.7877966,45.6318661],[-73.7880471,45.6317111],[-73.7882892,45.6318169],[-73.7884822,45.6317512],[-73.7885723,45.6316229],[-73.7885186,45.6314878],[-73.788372,45.6314053],[-73.788458,45.6312853],[-73.7892028,45.6312129],[-73.7900859,45.6314839],[-73.7903708,45.6314217],[-73.7904131,45.6312818],[-73.7901821,45.630991],[-73.7903066,45.6309555],[-73.7908114,45.6313692],[-73.7911818,45.6314592],[-73.7922901,45.6311653],[-73.7925369,45.6309907],[-73.7924285,45.6307766],[-73.7922117,45.6305925],[-73.7922655,45.6304835],[-73.7925683,45.6303037],[-73.7926474,45.6301164],[-73.7924425,45.6299352],[-73.7912742,45.6295105],[-73.7907245,45.6295798],[-73.7907064,45.6292787],[-73.7918518,45.6274733],[-73.7919948,45.6270481],[-73.7919949,45.6268041],[-73.792519,45.6255799],[-73.7930043,45.625003],[-73.7931785,45.6246232],[-73.7937128,45.6242181],[-73.7943902,45.6233877],[-73.7947297,45.6231605],[-73.7949862,45.6226409],[-73.7961908,45.6218261],[-73.7975515,45.6207669],[-73.7978296,45.6206194],[-73.7986707,45.6205625],[-73.7989737,45.6203759],[-73.7998782,45.6194021],[-73.8002911,45.6192089],[-73.801179,45.6191712],[-73.8017743,45.6194285],[-73.8022415,45.6192135],[-73.803931,45.619774],[-73.804406,45.6198143],[-73.8045585,45.6197763],[-73.8047946,45.6195145],[-73.8054134,45.6193176],[-73.8066449,45.6192882],[-73.8070388,45.6191428],[-73.8076858,45.6194284],[-73.8089335,45.6193935],[-73.8095173,45.6191317],[-73.8105785366522,45.618243150539364],[-73.8285468,45.6302962]],[[-73.808527,45.6288958],[-73.8089116,45.6288484],[-73.8090209,45.6287624],[-73.8088013,45.6285026],[-73.8082978,45.6287369],[-73.8083528,45.6282998],[-73.8078378,45.6285032],[-73.8078185,45.628705],[-73.808028,45.6286058],[-73.8080129,45.6287992],[-73.8078475,45.6288904],[-73.8080286,45.6290658],[-73.8082684,45.6290677],[-73.808527,45.6288958]],[[-73.7929431,45.6364897],[-73.7929958,45.6364675],[-73.7929709,45.6364351],[-73.7929431,45.6364897]],[[-73.7869411,45.6383152],[-73.7867933,45.6382404],[-73.7860216,45.6386655],[-73.7861028,45.6387824],[-73.7864222,45.6388816],[-73.7863556,45.6387882],[-73.7865402,45.6385652],[-73.7869411,45.6383152]]],[[[-73.80650356840331,45.61528901164436],[-73.8063599,45.6154462],[-73.8061495,45.6153576],[-73.8057738,45.6156042],[-73.8051633,45.6155404],[-73.8050044,45.615239],[-73.8050448,45.6149672],[-73.8051624,45.6148644],[-73.805658,45.6148628],[-73.8061238,45.6152199],[-73.80650356840331,45.61528901164436]]],[[[-73.8061907183497,45.61432772519751],[-73.8050329,45.6144763],[-73.8046581,45.6141788],[-73.8043421,45.6141959],[-73.8030192,45.6146817],[-73.8021406,45.6151345],[-73.8017883,45.615415],[-73.8013556,45.6154788],[-73.8004861,45.6153708],[-73.8004604,45.6152331],[-73.8007544,45.6148541],[-73.8012817,45.6146255],[-73.8016744,45.6143174],[-73.8020226,45.6142894],[-73.8025136,45.6140802],[-73.80349632459337,45.61310858283019],[-73.8035929,45.6131786],[-73.80356857438228,45.61271603359101],[-73.803814,45.6120424],[-73.8035814,45.6117101],[-73.8035418,45.6115032],[-73.8038478,45.6111785],[-73.8042061,45.6110426],[-73.80500822012493,45.61092412079443],[-73.8054365,45.611299],[-73.80595307848583,45.61131409438502],[-73.80656854850125,45.61148562265874],[-73.8067561424447,45.61162700598927],[-73.8067275,45.6120162],[-73.8069325,45.612574],[-73.80694312465401,45.61294485295524],[-73.8067065,45.6134474],[-73.8066711,45.6140144],[-73.8061907183497,45.61432772519751]]],[[[-73.8028729,45.6126566],[-73.80306436683594,45.61279541345606],[-73.8029926,45.613136],[-73.8028158,45.6134403],[-73.80217,45.6140718],[-73.800928,45.6140141],[-73.8007737,45.6139202],[-73.8008312,45.613587],[-73.8011779,45.613155],[-73.801274,45.6126622],[-73.8015872,45.6123253],[-73.8020088231785,45.61202999646427],[-73.8020771,45.6120795],[-73.8025816,45.6117488],[-73.8027994,45.6117302],[-73.80305637438468,45.611829920227024],[-73.8030465,45.6123774],[-73.8028729,45.6126566]]],[[[-73.8041014,45.6157141],[-73.8042061,45.6159085],[-73.804208,45.6162843],[-73.8036012,45.6167282],[-73.8027422,45.6171953],[-73.8016717,45.6173769],[-73.8010413,45.6173735],[-73.8004375,45.6171575],[-73.8014106,45.6166466],[-73.8018548,45.6165871],[-73.8027854,45.6162672],[-73.8038782,45.6156787],[-73.8041014,45.6157141]]],[[[-73.803603,45.6180801],[-73.804417,45.6176772],[-73.8048391,45.6170383],[-73.8052851,45.6166492],[-73.8055226,45.6163033],[-73.8064669,45.6162324],[-73.8068004,45.6163697],[-73.8070159,45.6166379],[-73.8081215,45.6167281],[-73.8084918,45.617062],[-73.8085525,45.6177525],[-73.808836,45.6185064],[-73.8087735,45.6186602],[-73.8084658,45.6189045],[-73.8081589,45.6188488],[-73.8071817,45.6188889],[-73.8070746,45.6190029],[-73.8069088,45.618933],[-73.806242,45.6189933],[-73.8058199,45.6189001],[-73.8049094,45.6190919],[-73.8034147,45.6188415],[-73.8033205,45.6187341],[-73.8033352,45.6185688],[-73.803603,45.6180801]]],[[[-73.7925069,45.6222168],[-73.7927978,45.62179],[-73.7928663,45.6215157],[-73.7933038,45.6209274],[-73.7938939,45.6195691],[-73.7944651,45.6177113],[-73.7945855,45.6175153],[-73.7951884,45.61719],[-73.795227,45.6170305],[-73.7961216,45.6168078],[-73.7969422,45.6170665],[-73.7976832,45.6166606],[-73.7979849,45.6167809],[-73.7982031,45.6171248],[-73.7988139,45.6176487],[-73.7988681,45.6182437],[-73.7990352,45.6187724],[-73.7985395,45.619506],[-73.7983412,45.6199599],[-73.7979367,45.6204071],[-73.7970888,45.6207689],[-73.7951269,45.621083],[-73.7948721,45.6212138],[-73.7937417,45.6224793],[-73.7932592,45.6231317],[-73.7930845,45.6235397],[-73.7930081,45.6240468],[-73.7928,45.6243059],[-73.7923636,45.6243917],[-73.7921151,45.6243581],[-73.791896,45.6242054],[-73.7917604,45.6239359],[-73.7923879,45.6230515],[-73.7925069,45.6222168]]],[[[-73.7910851,45.6223874],[-73.791132,45.6222111],[-73.7914384,45.6222949],[-73.7913813,45.6226002],[-73.7910767,45.6228922],[-73.7907611,45.6226372],[-73.7910851,45.6223874]]],[[[-73.7905412,45.6242123],[-73.7906868,45.6242624],[-73.7900663,45.6262382],[-73.7897523,45.6265072],[-73.7896478,45.6261117],[-73.7899684,45.624638],[-73.790235,45.6242803],[-73.7905412,45.6242123]]],[[[-73.7780076,45.6423374],[-73.7785952,45.6418795],[-73.7788859,45.6414808],[-73.7790592,45.6414009],[-73.7792701,45.6414615],[-73.7798526,45.6420162],[-73.7793682,45.6427527],[-73.7791503,45.6428687],[-73.7784742,45.6428827],[-73.7781204,45.6427591],[-73.7780076,45.6423374]]],[[[-73.7787926,45.6432135],[-73.778797,45.6434212],[-73.7775483,45.6434837],[-73.7774063,45.6433647],[-73.7774248,45.643219],[-73.777788,45.6430256],[-73.7787926,45.6432135]]]]}},{"type":"Feature","properties":{"id":"lorraine","name":"Lorraine","type":"city"},"geometry":{"type":"MultiPolygon","coordinates":[[[[-73.7739297,45.6525511],[-73.7734325,45.6529437],[-73.7751407,45.6540514],[-73.7762317,45.6533172],[-73.7884647,45.6612257],[-73.7902668,45.662528],[-73.7936263,45.6646664],[-73.7971403,45.6621852],[-73.8078104,45.6694439],[-73.7890055,45.6839609],[-73.7779921,45.6766625],[-73.7786649,45.6761649],[-73.7731279,45.6724858],[-73.7627836,45.6658065],[-73.7633755,45.6653689],[-73.7630264,45.6651398],[-73.7667696,45.6624688],[-73.7664988,45.6622905],[-73.7671741,45.6617888],[-73.7659269,45.6609592],[-73.767404,45.6600322],[-73.7685649,45.6590051],[-73.7707674,45.657802],[-73.7712459,45.658131],[-73.7725519,45.6567682],[-73.76790912772404,45.65370576532407],[-73.7684506,45.653195],[-73.7697569,45.6514747],[-73.7700096,45.6509635],[-73.7700817,45.6504928],[-73.7704339,45.6504488],[-73.7704319,45.6502686],[-73.7739297,45.6525511]],[[-73.7743513,45.655441],[-73.7741331,45.6554564],[-73.77367793421503,45.656206334309],[-73.7733875,45.6564506],[-73.7737216,45.6563444],[-73.7743126,45.6557016],[-73.7743513,45.655441]]],[[[-73.7652530744154,45.65195122452273],[-73.7664261,45.6509726],[-73.7671266,45.6500163],[-73.7675069,45.6497615],[-73.7679022,45.6498013],[-73.7679839,45.6499338],[-73.7673057,45.650764],[-73.7673823,45.6510579],[-73.7676436,45.6514092],[-73.7672493,45.6517373],[-73.766787,45.6520837],[-73.76582186242268,45.652326956550915],[-73.7652530744154,45.65195122452273]]]]}},{"type":"Feature","properties":{"id":"bois-des-filion","name":"Bois-des-Filion","type":"city"},"geometry":{"type":"MultiPolygon","coordinates":[[[[-73.7725519,45.6567682],[-73.7712459,45.658131],[-73.7707674,45.657802],[-73.7685649,45.6590051],[-73.767404,45.6600322],[-73.7659269,45.6609592],[-73.7671741,45.6617888],[-73.7664988,45.6622905],[-73.7667696,45.6624688],[-73.7630264,45.6651398],[-73.7633755,45.6653689],[-73.7627836,45.6658065],[-73.7731279,45.6724858],[-73.7786649,45.6761649],[-73.7779921,45.6766625],[-73.7834467,45.680278],[-73.7816241,45.6816251],[-73.7806683,45.6807599],[-73.7785901,45.6815524],[-73.7772492,45.6831078],[-73.7775585,45.6856002],[-73.7723035,45.681846],[-73.7670299,45.6858327],[-73.7602149,45.6810683],[-73.7590757,45.6801926],[-73.7570256,45.681605],[-73.74649112762322,45.669874054668455],[-73.7467725,45.6696477],[-73.7489097,45.6686154],[-73.7493146,45.6684869],[-73.7502304,45.6677433],[-73.7508732,45.6665342],[-73.7508373,45.6663331],[-73.750914,45.6663255],[-73.7509499,45.6657279],[-73.7506428,45.6646872],[-73.7504886,45.664495],[-73.7514234,45.6632661],[-73.7516901,45.6632737],[-73.7521031,45.663053],[-73.7520766,45.6629931],[-73.7521668,45.6629314],[-73.7522324,45.6629734],[-73.7523644,45.6628839],[-73.7536786,45.6628716],[-73.7540177,45.6627568],[-73.7549221,45.6621494],[-73.755662,45.6614589],[-73.75612,45.6612644],[-73.7568696,45.6611384],[-73.7574443,45.6612678],[-73.759086,45.6607917],[-73.760975,45.6598836],[-73.762199,45.6590303],[-73.7634806,45.6584524],[-73.7638102,45.6580971],[-73.764781,45.6573643],[-73.7658831,45.6562078],[-73.7660648,45.6561441],[-73.7662796,45.6557349],[-73.7673628,45.6546539],[-73.7679321,45.6537209],[-73.7725519,45.6567682]]],[[[-73.7654412,45.6524229],[-73.7650739,45.6523805],[-73.7652530744154,45.65195122452273],[-73.76582186242268,45.652326956550915],[-73.7654412,45.6524229]]],[[[-73.7566046,45.6597673],[-73.7568191,45.6591716],[-73.75697,45.6590018],[-73.7582388,45.6578176],[-73.7593559,45.6570754],[-73.7594802,45.656824],[-73.7617044,45.6549803],[-73.7626762,45.6545313],[-73.7639711,45.6536727],[-73.7647807,45.6535786],[-73.7651524,45.6533685],[-73.7662732,45.6533219],[-73.7663402,45.6533758],[-73.7662216,45.6539947],[-73.7654974,45.6551612],[-73.7636312,45.6569042],[-73.7611236,45.6584819],[-73.7584388,45.6596596],[-73.757972,45.6598183],[-73.7567715,45.6598361],[-73.7566046,45.6597673]]]]}},{"type":"Feature","properties":{"id":"sainte-anne-des-plaines","name":"Sainte-Anne-des-Plaines","type":"city"},"geometry":{"type":"MultiPolygon","coordinates":[[[[-73.7561856,45.7179043],[-73.7580568,45.7164852],[-73.7592069,45.7152155],[-73.7647668,45.7131942],[-73.7670756,45.7130195],[-73.7736266,45.7136229],[-73.7772829,45.713715],[-73.7796944,45.714348],[-73.7797168,45.7144189],[-73.7803319,45.7146305],[-73.7846615,45.7152333],[-73.7863458,45.7156547],[-73.7878113,45.7152936],[-73.7893782,45.7153614],[-73.7909759,45.7157604],[-73.7925516,45.7163784],[-73.7942277,45.7174312],[-73.797334,45.716227],[-73.7991092,45.7176494],[-73.7993511,45.717756],[-73.7995856,45.7185295],[-73.8014234,45.7193494],[-73.8044062,45.7191856],[-73.8067319,45.7191729],[-73.8097208,45.7193746],[-73.8109884,45.7196687],[-73.8121801,45.7198352],[-73.8137172,45.7195563],[-73.8168661,45.7198382],[-73.821479,45.7199065],[-73.8217801,45.7201336],[-73.8233576,45.7204346],[-73.8252921,45.7206428],[-73.8280183,45.7209105],[-73.8296089,45.7209692],[-73.8311893,45.7209155],[-73.8323208,45.7213502],[-73.8339044,45.7214687],[-73.8357957,45.7220689],[-73.8370682,45.7219032],[-73.8392651,45.7219576],[-73.8410279,45.7215449],[-73.8429403,45.7213291],[-73.8439012,45.7213322],[-73.8447776,45.7209704],[-73.8854156,45.7478642],[-73.9134547,45.7665638],[-73.8990145,45.7762112],[-73.8831252,45.7866191],[-73.8684165,45.7965395],[-73.8602261,45.8022879],[-73.8686804,45.8085879],[-73.8545166,45.8119028],[-73.8250903,45.8175999],[-73.7798253,45.7875793],[-73.7765453,45.7852335],[-73.7675251,45.7793468],[-73.7301492,45.7544924],[-73.7510834,45.7506512],[-73.74574384949989,45.73256461979772],[-73.7466304,45.7327238],[-73.7478126,45.73272],[-73.7489683,45.7328507],[-73.7495226,45.7330042],[-73.7510034,45.7328851],[-73.7513623,45.7327563],[-73.7514935,45.7323562],[-73.7513725,45.7314908],[-73.7517623,45.730975],[-73.7522646,45.7306651],[-73.7535737,45.7307296],[-73.7550151,45.7303379],[-73.7552513,45.7303484],[-73.7558118,45.729921],[-73.7563428,45.7297965],[-73.7577008,45.7298166],[-73.7579087,45.7296135],[-73.7579666,45.72928],[-73.7590278,45.7286269],[-73.7594787,45.7280414],[-73.7599267,45.7271641],[-73.7600682,45.7270952],[-73.7607399,45.7271738],[-73.7610707,45.7270476],[-73.7619934,45.7258463],[-73.763085,45.7250762],[-73.7636514,45.7250529],[-73.7639836,45.7249565],[-73.7660335,45.7238767],[-73.7669043,45.7237971],[-73.7672586,45.7234605],[-73.7682009,45.7231823],[-73.7699634,45.7231971],[-73.7704495,45.7233528],[-73.7708866,45.723797],[-73.7713014,45.7239071],[-73.7720698,45.7239529],[-73.7736745,45.723826],[-73.7740255,45.7236858],[-73.7745555,45.7236173],[-73.7762116,45.7242775],[-73.7769108,45.7242836],[-73.7775273,45.7241416],[-73.7784508,45.7240829],[-73.7799552,45.7241394],[-73.7848966,45.7254796],[-73.7854205,45.7255316],[-73.7860588,45.7254611],[-73.7866155,45.72523],[-73.7868642,45.7252152],[-73.7893655,45.7260944],[-73.790133,45.7264402],[-73.7908583,45.7264378],[-73.7913307,45.7262143],[-73.7924211,45.7261784],[-73.7941956,45.7266839],[-73.7959104,45.7266867],[-73.7971306,45.7270389],[-73.7972604,45.7271831],[-73.7973326,45.7279049],[-73.7978276,45.7282596],[-73.7981794,45.7283074],[-73.7984903,45.7281668],[-73.7988301,45.7277234],[-73.7992391,45.7274657],[-73.7997512,45.7267824],[-73.8001403,45.7267546],[-73.8009714,45.7271346],[-73.8012187,45.7274481],[-73.8022358,45.7282111],[-73.802612,45.7282366],[-73.8029063,45.7283737],[-73.8032438,45.7288029],[-73.8040188,45.7294321],[-73.8046064,45.7297624],[-73.805329,45.7299281],[-73.8061228,45.7296511],[-73.8064489,45.7293169],[-73.8074113,45.7295127],[-73.8078327,45.7297181],[-73.8081366,45.7297542],[-73.8095761,45.7296899],[-73.8102784,45.7298695],[-73.8134232,45.7299086],[-73.8136843,45.7301127],[-73.8140799,45.7301804],[-73.8146491,45.7301681],[-73.8156667,45.7299264],[-73.8165283,45.7299192],[-73.8187425,45.7300236],[-73.8205376,45.7302707],[-73.8220733,45.7302014],[-73.8232455,45.7305697],[-73.8253878,45.7306566],[-73.8261957,45.7310025],[-73.8284735,45.7311409],[-73.8327079,45.731199],[-73.8339072,45.7313766],[-73.8344932,45.7315748],[-73.8358872,45.7316023],[-73.8361663,45.7316887],[-73.8367999,45.7321706],[-73.8371389,45.7322714],[-73.8388885,45.7323662],[-73.839837,45.7321826],[-73.840043,45.7323358],[-73.840099,45.7326028],[-73.8404008,45.7327791],[-73.8410297,45.732738],[-73.8419851,45.7329371],[-73.8425866,45.7329136],[-73.8437722,45.7321678],[-73.8443823,45.7320994],[-73.8454119,45.7323767],[-73.8480104,45.7316241],[-73.8486465,45.7317522],[-73.848957,45.7319588],[-73.849865,45.7320884],[-73.851236,45.7314915],[-73.8514172,45.7315618],[-73.8515868,45.7320237],[-73.8518816,45.7322235],[-73.8544917,45.7316061],[-73.8549282,45.7316178],[-73.855491,45.7320261],[-73.8556594,45.7322827],[-73.8558704,45.7323712],[-73.8565156,45.7323676],[-73.857659,45.7314894],[-73.8580723,45.7309229],[-73.8582536,45.7308541],[-73.8584927,45.73094],[-73.8588023,45.7313997],[-73.8594704,45.7320024],[-73.8601506,45.7320636],[-73.8605336,45.7319121],[-73.8606692,45.7316914],[-73.8605415,45.7316512],[-73.8600673,45.7317431],[-73.8599598,45.7319611],[-73.8597075,45.7319565],[-73.8591492,45.7315118],[-73.8586819,45.7308825],[-73.8584722,45.7307098],[-73.8583082,45.7306889],[-73.8579307,45.7307478],[-73.8577563,45.730884],[-73.8573132,45.7315654],[-73.8570178,45.7317568],[-73.8565896,45.7322447],[-73.8558436,45.7322897],[-73.855558,45.7318357],[-73.8548585,45.7314601],[-73.8542083,45.7315282],[-73.8533143,45.7318189],[-73.8525823,45.7318854],[-73.8519594,45.7321202],[-73.8517895,45.7320851],[-73.8516243,45.7319301],[-73.8515061,45.731505],[-73.8513271,45.7314149],[-73.8512025,45.7313971],[-73.8499947,45.7319557],[-73.8495041,45.7319903],[-73.8481865,45.7314662],[-73.8475943,45.7314912],[-73.8460544,45.7320251],[-73.8453067,45.7321822],[-73.844413,45.7319285],[-73.8439442,45.7319277],[-73.8424888,45.7327585],[-73.8421678,45.7327841],[-73.8413682,45.7326658],[-73.8403947,45.7326555],[-73.8401972,45.7322135],[-73.8398286,45.7319553],[-73.8388437,45.7321582],[-73.8370102,45.7320431],[-73.836779,45.7319684],[-73.8360736,45.7314691],[-73.8349886,45.731413],[-73.8339942,45.7312005],[-73.8327419,45.7310758],[-73.8300654,45.7310663],[-73.8264545,45.7308586],[-73.8252661,45.7304696],[-73.8239794,45.730496],[-73.8219674,45.730063],[-73.8196394,45.7300269],[-73.8186005,45.7298504],[-73.8164956,45.729714],[-73.8152513,45.7298445],[-73.8148319,45.7300152],[-73.8143226,45.730042],[-73.8134089,45.7298018],[-73.8111538,45.729753],[-73.809607,45.729519],[-73.808143,45.7296055],[-73.8071907,45.7292808],[-73.8066713,45.7291925],[-73.805981,45.7292599],[-73.8058981,45.7294276],[-73.8055583,45.7296269],[-73.8051199,45.7297272],[-73.804652,45.7296701],[-73.803813,45.7290348],[-73.8035791,45.7286401],[-73.8033267,45.7283911],[-73.8022676,45.7279841],[-73.8009636,45.7268792],[-73.8004345,45.7266476],[-73.7998138,45.7266285],[-73.7994708,45.7267801],[-73.7992405,45.7271374],[-73.7986971,45.7275315],[-73.7984544,45.727914],[-73.798114,45.7281413],[-73.7977107,45.7280623],[-73.797416,45.7277091],[-73.7974875,45.7270222],[-73.7974129,45.726929],[-73.7962609,45.7265745],[-73.7956696,45.7264686],[-73.7942063,45.7265269],[-73.7923475,45.726029],[-73.7913414,45.7260573],[-73.7903007,45.7262368],[-73.7890663,45.7257777],[-73.7885589,45.7256921],[-73.7873214,45.7251853],[-73.7868338,45.7251139],[-73.7863724,45.7251522],[-73.7861666,45.7252431],[-73.7849592,45.7253257],[-73.7822466,45.7246298],[-73.7805658,45.7240435],[-73.7798664,45.7239394],[-73.7784805,45.7239223],[-73.7781508,45.7239925],[-73.7778355,45.7239253],[-73.7771792,45.7241135],[-73.7766018,45.7241423],[-73.7759112,45.7239935],[-73.7748143,45.7234736],[-73.7737299,45.7236329],[-73.7712439,45.7237523],[-73.7709024,45.7235754],[-73.7705956,45.7232474],[-73.7700814,45.7230943],[-73.7685472,45.7230786],[-73.7672749,45.7232109],[-73.7669782,45.7234582],[-73.7661051,45.7236781],[-73.7654713,45.7239561],[-73.7651103,45.7239811],[-73.7644191,45.7245646],[-73.763829,45.7248806],[-73.7629757,45.7249432],[-73.7620194,45.7254996],[-73.7611539,45.7266358],[-73.7606945,45.7270219],[-73.7604776,45.7270537],[-73.7598745,45.7269448],[-73.7596878,45.7270779],[-73.75912257826764,45.728131990358534],[-73.7561856,45.7179043]],[[-73.8706278,45.7435697],[-73.8707094,45.7436247],[-73.871917,45.743548],[-73.871917,45.7431002],[-73.8706475,45.7431277],[-73.87058,45.7431905],[-73.8706278,45.7435697]],[[-73.8691542,45.7436623],[-73.8692359,45.7437173],[-73.8704434,45.7436406],[-73.8704434,45.7431928],[-73.8691739,45.7432203],[-73.8691064,45.7432831],[-73.8691542,45.7436623]],[[-73.8707007,45.7441664],[-73.8707824,45.7442214],[-73.8719899,45.7441448],[-73.8719899,45.7436969],[-73.8707204,45.7437244],[-73.8706529,45.7437873],[-73.8707007,45.7441664]],[[-73.8692171,45.744252],[-73.8692987,45.744307],[-73.8705063,45.7442304],[-73.8705063,45.7437825],[-73.8692368,45.74381],[-73.8691692,45.7438729],[-73.8692171,45.744252]],[[-73.8321373,45.7468325],[-73.8311368,45.7478058],[-73.8311797,45.7478825],[-73.8319549,45.7481989],[-73.8328427,45.7472948],[-73.832317,45.7468344],[-73.8321373,45.7468325]],[[-73.8318369,45.7483467],[-73.8302168,45.7475456],[-73.8301202,45.7475494],[-73.8296214,45.7480585],[-73.83122,45.7488783],[-73.8313165,45.7488708],[-73.8318369,45.7483467]],[[-73.8343823,45.7484047],[-73.8330144,45.7473791],[-73.832097,45.7482625],[-73.8337439,45.7490785],[-73.834393,45.7484834],[-73.8343823,45.7484047]],[[-73.8335857,45.7491965],[-73.8319549,45.7484366],[-73.8314399,45.7489419],[-73.8330707,45.7497692],[-73.8336071,45.7492788],[-73.8335857,45.7491965]],[[-73.8254873,45.7535635],[-73.8250058,45.7533327],[-73.8245404,45.7538054],[-73.8250217,45.7540362],[-73.8254873,45.7535635]],[[-73.8643541,45.7552589],[-73.8637879,45.7555745],[-73.8637784,45.7556164],[-73.8640504,45.7557952],[-73.8646008,45.7554377],[-73.8643541,45.7552589]],[[-73.8503219,45.7575131],[-73.8507161,45.7578003],[-73.8508937,45.7576817],[-73.8504996,45.7573944],[-73.8503219,45.7575131]],[[-73.8500849,45.7582379],[-73.8503952,45.7581297],[-73.8504204,45.758034],[-73.849569,45.7578301],[-73.8500849,45.7582379]],[[-73.834456,45.7805984],[-73.8347665,45.7808242],[-73.8351472,45.7805564],[-73.8351772,45.7804377],[-73.8347499,45.780114],[-73.8346196,45.7802165],[-73.834456,45.7805984]],[[-73.860428,45.7935491],[-73.8601542,45.7935748],[-73.8596743,45.7938708],[-73.8596682,45.7940338],[-73.860105,45.7940938],[-73.860389,45.7939002],[-73.8607294,45.7939373],[-73.8608186,45.7938407],[-73.860791,45.7937464],[-73.860428,45.7935491]],[[-73.8560882,45.793641],[-73.8558239,45.7935689],[-73.85538478070144,45.793797601921526],[-73.8544334,45.7941098],[-73.8548413,45.7943742],[-73.8560365,45.7939415],[-73.8561917,45.7938013],[-73.8560882,45.793641]],[[-73.8634365,45.7946249],[-73.8633715,45.7943202],[-73.8631944,45.7941761],[-73.8628754,45.7941514],[-73.8628754,45.7945014],[-73.8627278,45.7947691],[-73.8627986,45.7948679],[-73.8632239,45.7948267],[-73.8634365,45.7946249]],[[-73.8613023,45.7956944],[-73.8615856,45.7957602],[-73.8620691,45.7955314],[-73.8619859,45.7954044],[-73.8614148,45.7953903],[-73.8612371,45.795547],[-73.8613023,45.7956944]],[[-73.8586876,45.7954008],[-73.8582889,45.7954089],[-73.8581231,45.7955043],[-73.8579659,45.7957437],[-73.8581871,45.7957924],[-73.8586876,45.7954008]],[[-73.8515281,45.7977432],[-73.8520564,45.7977098],[-73.8524566,45.7974363],[-73.8529048,45.7973861],[-73.8530609,45.7973052],[-73.853137,45.7971573],[-73.8525287,45.7969118],[-73.8524006,45.7969648],[-73.8520124,45.7974782],[-73.8514081,45.7976316],[-73.8515281,45.7977432]],[[-73.8571336,45.798138],[-73.8571051,45.798407],[-73.8568264,45.7989151],[-73.8568407,45.7990945],[-73.8571551,45.7990596],[-73.8578911,45.7982326],[-73.8580126,45.7980184],[-73.8580197,45.7972562],[-73.8577482,45.7972363],[-73.8574695,45.7977594],[-73.8571336,45.798138]],[[-73.8547184,45.7984618],[-73.8544326,45.7986063],[-73.8542682,45.7990297],[-73.8539681,45.7992589],[-73.854011,45.7994831],[-73.8542182,45.7997421],[-73.8543325,45.7997371],[-73.8548828,45.7991443],[-73.8550471,45.7985814],[-73.8547184,45.7984618]],[[-73.8565985,45.7992333],[-73.8562304,45.7996943],[-73.8558111,45.7998298],[-73.8558554,45.7999581],[-73.856077,45.7999747],[-73.8564724,45.7997228],[-73.8569053,45.7992927],[-73.8569053,45.7992238],[-73.8565985,45.7992333]],[[-73.8556997,45.8085112],[-73.8556757,45.810083],[-73.8557386,45.8101733],[-73.8560084,45.8101164],[-73.8561475,45.8099433],[-73.8562359,45.8094107],[-73.8566011,45.8088884],[-73.8565954,45.8087368],[-73.8561693,45.8085119],[-73.8557211,45.8078966],[-73.85573923486344,45.807198688193445],[-73.8565379,45.8053988],[-73.856805,45.8049937],[-73.8568258,45.8046795],[-73.856617,45.8044225],[-73.8562715,45.8044424],[-73.8562574,45.8045798],[-73.8558778,45.8049952],[-73.8558242,45.8053485],[-73.8555609,45.8057732],[-73.855537,45.8062839],[-73.855181,45.8067332],[-73.8552144,45.8076991],[-73.855565,45.8081312],[-73.8556997,45.8085112]],[[-73.7780992,45.7145442],[-73.7778748,45.7147695],[-73.7777646,45.7151278],[-73.7778137,45.7152994],[-73.7781093,45.7153523],[-73.7784288,45.715167],[-73.7784883,45.7149655],[-73.7783471,45.7147903],[-73.7784775,45.7146623],[-73.778895,45.7146041],[-73.7789045,45.7149914],[-73.7789873,45.7150678],[-73.7795751,45.715126],[-73.7795513,45.7148761],[-73.7793161,45.7148096],[-73.7790865,45.7142649],[-73.7788873,45.7142567],[-73.7780992,45.7145442]],[[-73.7683994,45.7159489],[-73.7683734,45.7163508],[-73.7691962,45.7160624],[-73.7690466,45.7157036],[-73.7687214,45.7157263],[-73.7683994,45.7159489]],[[-73.7636112,45.726171],[-73.7636181,45.7260849],[-73.7634359,45.7260455],[-73.7633765,45.7261481],[-73.763504,45.7262138],[-73.7636112,45.726171]],[[-73.8244729,45.7293212],[-73.8244115,45.7291925],[-73.8241547,45.7292079],[-73.82408,45.7292983],[-73.8241327,45.7294055],[-73.8244729,45.7293212]],[[-73.8245138520757,45.72948660426942],[-73.8242404,45.729467],[-73.8241657,45.7295574],[-73.8242864,45.72968],[-73.8245323,45.7296141],[-73.8245138520757,45.72948660426942]],[[-73.76752964541534,45.72968539253591],[-73.7677721,45.7297679],[-73.7678975,45.7296067],[-73.7676472,45.7294957],[-73.7675372,45.7295443],[-73.76752964541534,45.72968539253591]],[[-73.8233547,45.7297907],[-73.8234038,45.7299654],[-73.8235762,45.7299394],[-73.8236134,45.7296975],[-73.8235272,45.7296585],[-73.8233547,45.7297907]],[[-73.7738921,45.7317299],[-73.7727385,45.7317034],[-73.7726685,45.7318179],[-73.7740145,45.7318348],[-73.7738921,45.7317299]],[[-73.7748286,45.7519994],[-73.7745126,45.7519603],[-73.7738885,45.7523536],[-73.7730011,45.7524388],[-73.7730322,45.7527281],[-73.7732091,45.7526959],[-73.7733401,45.7525398],[-73.7736925,45.7525596],[-73.7736591,45.7528709],[-73.7732439,45.7530049],[-73.7734014,45.7531746],[-73.7736885,45.7530283],[-73.7741251,45.7525801],[-73.7747095,45.7524026],[-73.7749267,45.7521265],[-73.7748286,45.7519994]],[[-73.8249774,45.7540865],[-73.8245057,45.7538534],[-73.8242737,45.7540819],[-73.8247453,45.7543151],[-73.8249774,45.7540865]],[[-73.8246676,45.7543548],[-73.824271,45.7541647],[-73.8239743,45.7544661],[-73.8243709,45.7546561],[-73.8246676,45.7543548]],[[-73.7923223,45.7577486],[-73.7921209,45.75778],[-73.7919285,45.7579646],[-73.7919375,45.7580947],[-73.7922321,45.7580779],[-73.7924065,45.7578115],[-73.7923223,45.7577486]],[[-73.7769318,45.7605684],[-73.7766884,45.7607348],[-73.77708,45.760811],[-73.7772219,45.7609581],[-73.7773634,45.7608891],[-73.7773685,45.7608246],[-73.7769318,45.7605684]],[[-73.7672575,45.7643942],[-73.7675815,45.764164],[-73.7672861,45.7639616],[-73.766962,45.7641918],[-73.7672575,45.7643942]],[[-73.7684539,45.7647516],[-73.7678422,45.7643393],[-73.7675403,45.7645572],[-73.768152,45.7649696],[-73.7684539,45.7647516]],[[-73.7676445,45.764852],[-73.7673634,45.7646648],[-73.7671021,45.7648558],[-73.7673832,45.765043],[-73.7676445,45.764852]],[[-73.8114413,45.7757642],[-73.8112879,45.7758973],[-73.8114901,45.7759954],[-73.8116222,45.7758807],[-73.8114413,45.7757642]],[[-73.8115248,45.8041537],[-73.8116637,45.8044973],[-73.812203,45.8049002],[-73.8123387,45.8049518],[-73.812436,45.8048908],[-73.8123615,45.8040368],[-73.8122388,45.8036878],[-73.8121433,45.8036365],[-73.8118532,45.8037072],[-73.8115248,45.8041537]]],[[[-73.7568019,45.7296214],[-73.75680127057242,45.729627174922314],[-73.75675602156024,45.72962962882149],[-73.7568019,45.7296214]]],[[[-73.7551231,45.73012],[-73.75509357946073,45.73012678456943],[-73.75512923737203,45.730110171224396],[-73.7551231,45.73012]]],[[[-73.7541427,45.7305016],[-73.75393163784672,45.73050502527451],[-73.75426565318212,45.730417598043545],[-73.7541427,45.7305016]]],[[[-73.7522662,45.7305054],[-73.7522798110895,45.73050700733563],[-73.7522237672676,45.73053273529603],[-73.7522662,45.7305054]]],[[[-73.7508654,45.7327576],[-73.75082534170731,45.73275675978175],[-73.75086914353129,45.73275335190579],[-73.7508654,45.7327576]]],[[[-73.748479,45.7326472],[-73.74845223864267,45.73263926618825],[-73.74851009657148,45.73264824918575],[-73.748479,45.7326472]]],[[[-73.7467885,45.7326203],[-73.74790775049672,45.73259549229811],[-73.7478546,45.7326081],[-73.7466402,45.7326229],[-73.74571062044436,45.73245206351082],[-73.7456897,45.7323812],[-73.7467885,45.7326203]]]]}},{"type":"Feature","properties":{"id":"saint-jerome","name":"Saint-Jérôme","type":"city"},"geometry":{"type":"MultiPolygon","coordinates":[[[[-74.1016862,45.7769424],[-74.1024337,45.7771929],[-74.1054716,45.7778658],[-74.1067951,45.7782461],[-74.1099603,45.7788128],[-74.1112905,45.7791282],[-74.1124343,45.779497],[-74.1141779,45.7795462],[-74.121415,45.7812934],[-74.1063568,45.7829618],[-74.1061991,45.783037],[-74.1060988,45.7829918],[-74.1050486,45.78517],[-74.1053767,45.7859401],[-74.1054908,45.7869917],[-74.1055857,45.7872026],[-74.1056659,45.788304],[-74.1060026,45.789059],[-74.1059183,45.7892107],[-74.1062252,45.7899738],[-74.1063103,45.7904994],[-74.106459,45.790483],[-74.106506,45.7905962],[-74.1068417,45.7905652],[-74.1083825,45.7917992],[-74.109677,45.7930316],[-74.1097523,45.7931976],[-74.1094795,45.794284],[-74.111926,45.7956229],[-74.1122986,45.7967293],[-74.1155662,45.7982255],[-74.1162072,45.7997808],[-74.1214328,45.8007217],[-74.1228601,45.8026488],[-74.1108231,45.8037921],[-74.1132502,45.806839],[-74.1139457,45.8080253],[-74.1143518,45.8094007],[-74.1149179,45.8097979],[-74.1157735,45.8102407],[-74.1189729,45.8096516],[-74.1219809,45.8109955],[-74.1225698,45.8114859],[-74.14258576948384,45.819310445446604],[-74.1426287,45.8194495],[-74.14340491138029,45.82011720438655],[-74.1260882,45.8314741],[-74.125982,45.8313186],[-74.1256339,45.831546],[-74.1238124,45.8317462],[-74.1235033,45.8303719],[-74.11110339067741,45.83173418768388],[-74.1110234,45.8315847],[-74.1102885,45.8312023],[-74.1098998,45.8301459],[-74.1097739,45.8300429],[-74.1095605,45.830123],[-74.1095605,45.8302603],[-74.10987040431719,45.831869646910974],[-74.1085419,45.8320156],[-74.1061508,45.8285622],[-74.1016626,45.8292937],[-74.0931945,45.8304376],[-74.0941033,45.8337121],[-74.0950245,45.8353904],[-74.0963538,45.8370524],[-74.0941681,45.8372966],[-74.0945463,45.8389428],[-74.0935049,45.83906],[-74.0937436,45.840099],[-74.0892518,45.8406053],[-74.0907226,45.8474063],[-74.0770391,45.8489964],[-74.06819888814398,45.85031500558617],[-74.0670908,45.8495088],[-74.0668439,45.8492446],[-74.0662346,45.8481992],[-74.0660601,45.8474268],[-74.0657519,45.8468571],[-74.065042,45.8461517],[-74.0643083,45.8456888],[-74.0640702,45.8454133],[-74.0639023,45.8449273],[-74.0639067,45.844213],[-74.0642321,45.8434373],[-74.0642668,45.8423443],[-74.0645574,45.8418371],[-74.0652191,45.8385329],[-74.0651819,45.8380469],[-74.0649703,45.8376459],[-74.063881,45.8362545],[-74.0601804,45.8329232],[-74.0591409,45.8317307],[-74.058516,45.8307443],[-74.0576244,45.8299443],[-74.0569555,45.8290341],[-74.0567591,45.8282554],[-74.05691,45.8272877],[-74.0567339,45.8261106],[-74.0565263,45.8256294],[-74.0563513,45.8247246],[-74.0562906,45.8240253],[-74.0560185,45.8235663],[-74.0557366,45.8232644],[-74.0539775,45.8221968],[-74.05309967441357,45.82145854246481],[-74.0527843,45.8211518],[-74.0524603,45.8203052],[-74.0507569,45.8188026],[-74.0503404,45.8183277],[-74.0499859,45.8172746],[-74.0497026,45.8160159],[-74.0495503,45.8157785],[-74.0490642,45.8154846],[-74.0480407,45.8153272],[-74.0465538,45.8153002],[-74.0458592,45.8151415],[-74.0448697,45.8146552],[-74.0445519,45.8143904],[-74.0441224,45.8130963],[-74.043257,45.8124362],[-74.0424851,45.8114289],[-74.0416055,45.8107589],[-74.040831,45.8096543],[-74.0402206,45.8090088],[-74.0397001,45.8086437],[-74.0386976,45.8083936],[-74.0381622,45.8081717],[-74.0370023,45.807444],[-74.0362426,45.8071872],[-74.0353018,45.8069715],[-74.0342529,45.8070864],[-74.0339221,45.8072418],[-74.0333709,45.8077104],[-74.033114,45.8081259],[-74.0329961,45.8087826],[-74.0327757,45.809262],[-74.0322268,45.8095689],[-74.0311707,45.809548],[-74.0301894,45.8090036],[-74.029917,45.8089572],[-74.0291915,45.8090798],[-74.0280357,45.8088541],[-74.0271205,45.8085038],[-74.0267697,45.8082885],[-74.0261728,45.807836],[-74.0258212,45.8073484],[-74.0259572,45.8067578],[-74.0262415,45.8063159],[-74.026219,45.805905],[-74.0263043,45.8058129],[-74.0264523,45.8051541],[-74.0264159,45.8047802],[-74.026252,45.8042194],[-74.0260386,45.8039587],[-74.025894,45.8033493],[-74.0255589,45.8028117],[-74.0246581,45.801938],[-74.0242601,45.8013833],[-74.0241233,45.8010597],[-74.0241201,45.7999425],[-74.0242294,45.7996931],[-74.0243957,45.7996106],[-74.0243689,45.799472],[-74.0241988,45.7994487],[-74.0243069,45.7992407],[-74.0241221,45.7992319],[-74.0240309,45.7991177],[-74.0241181,45.7989161],[-74.0239188,45.79854],[-74.023524,45.7984327],[-74.0229822,45.7986081],[-74.0229972,45.7990268],[-74.0228618,45.7995169],[-74.0224511,45.7998994],[-74.0220584,45.8000569],[-74.0216252,45.8008744],[-74.0215417,45.8011546],[-74.0215947,45.8017865],[-74.0214166,45.8022599],[-74.0210886,45.8025191],[-74.0206866,45.8025729],[-74.020412,45.8027229],[-74.0198108,45.8033483],[-74.0197289,45.8035458],[-74.0192935,45.8037092],[-74.0181318,45.8036933],[-74.0176733,45.8035495],[-74.0172509,45.8032889],[-74.0168716,45.8027758],[-74.0168259,45.8025679],[-74.0169589,45.8018304],[-74.0168049,45.801177],[-74.0157968,45.7992723],[-74.014798,45.796909],[-74.01467,45.7964505],[-74.0143539,45.7960276],[-74.0136376,45.7955183],[-74.0129284,45.7954328],[-74.0126093,45.7952626],[-74.0124883,45.7945509],[-74.0121284,45.7935055],[-74.0119781,45.7933194],[-74.0106661,45.792506],[-74.0105524,45.7920678],[-74.0105789,45.7915206],[-74.0101853,45.7908728],[-74.0101608,45.7905667],[-74.0104653,45.7900632],[-74.0103952,45.7898093],[-74.0100774,45.7894772],[-74.0095759,45.7885395],[-74.0085192,45.7875651],[-74.0075604,45.7862095],[-74.00685,45.7855913],[-74.0067214,45.785252],[-74.0062337,45.7847481],[-74.0055934,45.7845582],[-74.0043106,45.7835354],[-74.0043142,45.7832267],[-74.0044805,45.7830789],[-74.0045647,45.7826689],[-74.0050095,45.7822993],[-74.005068,45.7818528],[-74.0055455,45.7815611],[-74.0051759,45.7812755],[-74.0056864,45.7804667],[-74.0058448,45.7804032],[-74.0061997,45.7797441],[-74.0062068,45.7789122],[-74.0060967,45.7784985],[-74.0056044,45.7773954],[-74.005597,45.7766573],[-74.0058443,45.776209],[-74.0057703,45.7759793],[-74.005929,45.7743351],[-74.0070181,45.773522],[-74.0076083,45.7734665],[-74.0080197,45.773612],[-74.0083526,45.7736168],[-74.0087995,45.7735683],[-74.0093246,45.7733763],[-74.0097743,45.7730077],[-74.0101428,45.7724582],[-74.0101076,45.77205],[-74.0099866,45.771777],[-74.0096726,45.7716975],[-74.0089713,45.7712721],[-74.0083051,45.7707556],[-74.0081843,45.7700916],[-74.0076817,45.7697429],[-74.0077226,45.7691901],[-74.0078701,45.7688979],[-74.0081986,45.7686182],[-74.00871,45.7684213],[-74.0088731,45.7680598],[-74.0088393,45.7677045],[-74.0084331,45.7674765],[-74.0081562,45.7668462],[-74.0070553,45.7659895],[-74.0062173,45.765458],[-74.0060644,45.765191],[-74.0061136,45.7648995],[-74.0063902,45.7647248],[-74.0064349,45.7645158],[-74.005411,45.7638575],[-74.0053479,45.7637948],[-74.0053868,45.7636432],[-74.0040471,45.7632877],[-74.0037936,45.7631268],[-74.0038446,45.7630005],[-74.0034878,45.7628714],[-74.0035254,45.7626562],[-74.0033041,45.7626403],[-74.0031351,45.762529],[-74.0030292,45.7621014],[-74.0031943,45.7618368],[-74.0030842,45.7616467],[-74.0025129,45.7614662],[-74.0020766,45.7611218],[-74.0020329,45.7606708],[-74.002148,45.7604358],[-74.0021393,45.7601523],[-74.0019998,45.7597529],[-74.001766,45.7595186],[-74.0010803,45.7591947],[-74.0,45.758156],[-73.9994328,45.7574955],[-73.99812,45.7566458],[-73.9977721,45.756234],[-73.9976638,45.7559079],[-73.9977354,45.7556248],[-73.9987165,45.7547158],[-73.9992379,45.7543624],[-74.0,45.753586],[-74.0001652,45.7535905],[-74.0005345,45.7533195],[-74.0007582,45.7530246],[-74.0009631,45.7520746],[-74.0008049,45.7507356],[-74.0008564,45.7500454],[-74.000743,45.7492076],[-74.0009063,45.748956],[-74.0012537,45.7487391],[-74.0023136,45.7485994],[-74.003046,45.7486907],[-74.0051003,45.7492022],[-74.0055666,45.7494267],[-74.006158,45.75],[-74.0072025,45.75041],[-74.0088313,45.7516542],[-74.0100458,45.7523488],[-74.0108,45.7526422],[-74.0127298,45.7531893],[-74.0133998,45.7534906],[-74.0139398,45.7535919],[-74.0147534,45.7535373],[-74.0163456,45.7528648],[-74.0179223,45.750682],[-74.0187447,45.7501404],[-74.0193361130894,45.749795519011606],[-74.0220152,45.7485865],[-74.0231303,45.748169],[-74.0243802,45.7475306],[-74.0252634,45.7467105],[-74.0258219,45.745897],[-74.0266865,45.7442377],[-74.0269138,45.7439921],[-74.0274061,45.7436973],[-74.0285551,45.7434568],[-74.0297931,45.7435002],[-74.03047788129689,45.7437363954655],[-74.0353229,45.7469411],[-74.0362232,45.7474617],[-74.0370458,45.7481041],[-74.0520757,45.7577578],[-74.0390159,45.7636681],[-74.0484672,45.7656486],[-74.0663909,45.7692565],[-74.077269,45.7716359],[-74.0778422,45.7716951],[-74.0897458,45.7743518],[-74.09315714780037,45.77502096518576],[-74.0922536,45.7753166],[-74.0916732,45.7756],[-74.0911638,45.7760129],[-74.0906358,45.7762713],[-74.0899306,45.7770032],[-74.089087,45.7774733],[-74.0880039,45.7778062],[-74.0885949,45.7782968],[-74.0888148,45.7783485],[-74.0900098,45.7782677],[-74.0903998,45.778169],[-74.0906127,45.7779179],[-74.0905063,45.7776583],[-74.0909904,45.7774872],[-74.0930098,45.7759096],[-74.093287,45.7758633],[-74.09376325781456,45.775155422609856],[-74.1016862,45.7769424]],[[-74.1271409,45.8194156],[-74.1265822,45.8192462],[-74.1261618,45.8192773],[-74.125398,45.8197037],[-74.1254113,45.8202484],[-74.1257392,45.8204856],[-74.1263797,45.8200668],[-74.1265232,45.8200727],[-74.1268049,45.8199193],[-74.1271409,45.8194156]],[[-74.0829634,45.7774123],[-74.0826401,45.7772507],[-74.0824829,45.7773257],[-74.0822877,45.7775886],[-74.0822527,45.7778803],[-74.0825358,45.7780417],[-74.0826488,45.7779749],[-74.0829731,45.7776397],[-74.0829634,45.7774123]],[[-74.0797534,45.7794873],[-74.0807162,45.7789898],[-74.0805253,45.7787933],[-74.0800709,45.7789394],[-74.0798828,45.7791548],[-74.0795841,45.7791749],[-74.0794185,45.7792947],[-74.0795534,45.7794301],[-74.0797534,45.7794873]],[[-74.0963375,45.7845899],[-74.0958957,45.7846439],[-74.0956127,45.7848671],[-74.0955305,45.7850632],[-74.0955818,45.7851504],[-74.0960239,45.7850683],[-74.0963391,45.7848341],[-74.0963375,45.7845899]],[[-74.0877224,45.7863976],[-74.0866866,45.7868725],[-74.0863593,45.7871038],[-74.0863055,45.7872691],[-74.0865664,45.7872564],[-74.0887992,45.7866358],[-74.0890454,45.7864883],[-74.0890872,45.7863201],[-74.088989,45.7861091],[-74.0877224,45.7863976]],[[-74.094094,45.790845],[-74.0941715,45.7913246],[-74.0943459,45.791534],[-74.0948496,45.7915711],[-74.0952323,45.7912638],[-74.0952129,45.7909598],[-74.0948835,45.7905579],[-74.0946946,45.7905005],[-74.0943459,45.7905545],[-74.094094,45.790845]],[[-74.0969812,45.7929768],[-74.0969762,45.7930694],[-74.0972563,45.793155],[-74.0980418,45.792836],[-74.0980869,45.7927436],[-74.0973041,45.7927819],[-74.0969812,45.7929768]],[[-74.0956074,45.79354],[-74.0952627,45.7935046],[-74.0948636,45.7936908],[-74.0949905,45.793843],[-74.0951758,45.7937653],[-74.0955044,45.7938061],[-74.0961969,45.7935681],[-74.0962824,45.7934478],[-74.0960504,45.7933737],[-74.0956074,45.79354]],[[-74.1023382,45.7999466],[-74.1025828,45.7999675],[-74.1038666,45.799589],[-74.1038562,45.7994177],[-74.1035311,45.7994246],[-74.1026221,45.7996392],[-74.1023401,45.7997502],[-74.1022708,45.7998649],[-74.1023382,45.7999466]],[[-74.1046139,45.8024023],[-74.1055536,45.8023449],[-74.1052672,45.8020797],[-74.1047851,45.8021336],[-74.104567,45.8022785],[-74.1046139,45.8024023]],[[-74.101356,45.803977],[-74.1048267,45.803651],[-74.1048562,45.803508],[-74.104742,45.8032745],[-74.101238,45.8037238],[-74.101356,45.803977]],[[-74.0975766,45.8046536],[-74.0961829,45.8051746],[-74.0956731,45.8051749],[-74.0954315,45.805258],[-74.095446,45.8054208],[-74.0956933,45.8055736],[-74.09668,45.8056401],[-74.0968517,45.805728],[-74.096818,45.806292],[-74.0971014,45.8064534],[-74.0975191,45.8064217],[-74.0976936,45.8062288],[-74.0976456,45.8058048],[-74.0977368,45.8055077],[-74.0980751,45.8049788],[-74.0979971,45.8047538],[-74.0975766,45.8046536]],[[-74.093792,45.8054577],[-74.0934562,45.8053214],[-74.0929943,45.8053612],[-74.092656,45.8054775],[-74.0925986,45.8055951],[-74.0928779,45.8057649],[-74.0937862,45.8056346],[-74.093792,45.8054577]],[[-74.0929885,45.8071605],[-74.0931153,45.8072736],[-74.0934147,45.8072336],[-74.0941472,45.8069762],[-74.0941923,45.8067818],[-74.0939019,45.8065005],[-74.0935699,45.8064587],[-74.0931087,45.8065901],[-74.0929417,45.8067926],[-74.0929885,45.8071605]],[[-74.0969681,45.8073594],[-74.0973213,45.8077625],[-74.0974415,45.8077911],[-74.0976069,45.8076993],[-74.0975016,45.8073928],[-74.0973028,45.8071954],[-74.0970939,45.8072112],[-74.0969681,45.8073594]],[[-74.08908310590321,45.8083488976617],[-74.0890259,45.8084661],[-74.08927,45.8085431],[-74.0901039,45.8082356],[-74.0901894,45.8081153],[-74.0901747,45.8079805],[-74.08908310590321,45.8083488976617]],[[-74.1125875,45.8088227],[-74.1125334,45.8086035],[-74.1123111,45.8083442],[-74.1121828,45.8083324],[-74.1122522,45.8086302],[-74.1125875,45.8088227]],[[-74.0874654,45.8091476],[-74.0874003,45.8088413],[-74.0859736,45.8090168],[-74.0857144,45.8092457],[-74.0857238,45.8095011],[-74.0860664,45.8097611],[-74.0865642,45.8097579],[-74.0870115,45.8095833],[-74.0874654,45.8091476]],[[-74.09861,45.8114178],[-74.0985333,45.8110525],[-74.0983509,45.8108215],[-74.0979299,45.8107773],[-74.0978928,45.810881],[-74.0975334,45.8110954],[-74.0973502,45.8113612],[-74.0971644,45.8118796],[-74.0964937,45.8128348],[-74.096542,45.8129376],[-74.0974027,45.8129587],[-74.0982214,45.8127029],[-74.0983944,45.8125766],[-74.0984831,45.8124447],[-74.0984421,45.8117623],[-74.09861,45.8114178]],[[-74.1247017,45.8179012],[-74.1250328,45.8178342],[-74.1252381,45.8176498],[-74.1255506,45.8176625],[-74.1258235,45.817572],[-74.1258766,45.8174012],[-74.1256782,45.8173795],[-74.1255758,45.8172649],[-74.1259186,45.8171092],[-74.1260053,45.8169897],[-74.1259291,45.8168748],[-74.1252783,45.8168134],[-74.1250623,45.816689],[-74.1249955,45.816523],[-74.1247404,45.816331],[-74.1247206,45.8160589],[-74.1242006,45.8159794],[-74.1235778,45.8161573],[-74.1236197,45.8164017],[-74.1240533,45.816839],[-74.1241225,45.8170405],[-74.1245047,45.8173545],[-74.1247017,45.8179012]],[[-74.1143646,45.8242223],[-74.1143902,45.8240596],[-74.1141867,45.8239267],[-74.1140141,45.8239231],[-74.1137995,45.8241158],[-74.1138224,45.8242338],[-74.1142032,45.8243058],[-74.1143646,45.8242223]],[[-74.0810414,45.8349432],[-74.0807292,45.8348406],[-74.0803903,45.8349849],[-74.0805452,45.8351625],[-74.0807618,45.8351861],[-74.0810356,45.8351201],[-74.0810414,45.8349432]],[[-74.0330381,45.7472917],[-74.0333497,45.7474671],[-74.0334904,45.7476845],[-74.0334502,45.7477687],[-74.0336613,45.7478458],[-74.0339126,45.7476775],[-74.0338724,45.7474951],[-74.0332894,45.7467516],[-74.0329476,45.7468007],[-74.0328571,45.7468919],[-74.0328471,45.7470392],[-74.0330381,45.7472917]],[[-74.0336175,45.7515642],[-74.0328227,45.7514073],[-74.0326844,45.7514301],[-74.0325494,45.7515852],[-74.0328582,45.7518404],[-74.0336662,45.7516361],[-74.0336175,45.7515642]],[[-74.0292773,45.7519053],[-74.029104,45.752042],[-74.0291349,45.7521851],[-74.0297373,45.753016],[-74.029754,45.7533108],[-74.0295876,45.753843],[-74.0296008,45.7540901],[-74.0300582,45.7537025],[-74.0303592,45.7530311],[-74.0306058,45.7530509],[-74.0308164,45.7533574],[-74.0311359,45.7534025],[-74.0312084,45.7532862],[-74.0310887,45.7529835],[-74.029888,45.7521315],[-74.0292773,45.7519053]],[[-74.0445401,45.7569311],[-74.0441313,45.7568789],[-74.0439125,45.7570275],[-74.0439068,45.757148],[-74.0440047,45.7572444],[-74.0453403,45.7575095],[-74.0472748,45.7575778],[-74.0474533,45.7574573],[-74.0454325,45.7573489],[-74.0445401,45.7569311]],[[-74.0297345,45.7600203],[-74.0298003,45.7601456],[-74.0297729,45.7604812],[-74.0299311,45.7606785],[-74.0300033,45.7606677],[-74.0301047,45.76057],[-74.030034,45.7600841],[-74.0300953,45.7599862],[-74.0298854,45.7597578],[-74.029229,45.759563],[-74.0284446,45.7595252],[-74.0281769,45.7594424],[-74.0279573,45.7590146],[-74.0267446,45.7582747],[-74.0271528,45.7574806],[-74.026614,45.7572671],[-74.0261398,45.757308],[-74.0259247,45.7574624],[-74.0258746,45.7576457],[-74.0259724,45.7583327],[-74.0263877,45.7588262],[-74.027656,45.7594114],[-74.0281096,45.759717],[-74.0284452,45.7598255],[-74.029109,45.7598096],[-74.0297345,45.7600203]],[[-74.055295,45.7741019],[-74.05546,45.7736818],[-74.055317,45.7731787],[-74.0548988,45.7729098],[-74.0548362,45.7735045],[-74.0546915,45.7739107],[-74.0548946,45.7740437],[-74.055295,45.7741019]],[[-74.0391325,45.7810452],[-74.040382,45.7808592],[-74.0403118,45.7804088],[-74.0390061,45.7805655],[-74.0391325,45.7810452]],[[-74.0754454,45.7884274],[-74.0753692,45.7880341],[-74.0751692,45.787977],[-74.0749074,45.7880739],[-74.0746641,45.7883253],[-74.0745848,45.7886252],[-74.074998,45.7886301],[-74.0754454,45.7884274]],[[-74.0301224,45.7917816],[-74.0305465,45.7919253],[-74.0307888,45.7918999],[-74.0311644,45.7904552],[-74.0308736,45.7886133],[-74.0305586,45.7878782],[-74.030183,45.7875403],[-74.0297468,45.7872952],[-74.0294439,45.7873037],[-74.02925,45.7875065],[-74.0293106,45.7877177],[-74.0298558,45.7884866],[-74.0299164,45.7894836],[-74.0301345,45.7905988],[-74.0301224,45.7917816]],[[-74.0258573,45.7986293],[-74.0260182,45.7990258],[-74.0261309,45.7990931],[-74.0264688,45.7986779],[-74.0262703,45.7981656],[-74.0259592,45.7980122],[-74.0257285,45.7981506],[-74.0256534,45.798375],[-74.0258573,45.7986293]],[[-74.0494032,45.8050478],[-74.0486873,45.8051862],[-74.0470924,45.8062238],[-74.0471507,45.8063619],[-74.0473907,45.8065786],[-74.0476879,45.8065944],[-74.0488361,45.8057643],[-74.0494883,45.8054085],[-74.0500766,45.8052801],[-74.0501262,45.8051565],[-74.0499915,45.8050478],[-74.0494032,45.8050478]],[[-74.0738765,45.8291546],[-74.0740985,45.829327],[-74.0745216,45.8293608],[-74.0746187,45.829269],[-74.0743736,45.8290917],[-74.0740245,45.829066],[-74.0738765,45.8291546]],[[-74.0690557,45.8295052],[-74.0688572,45.8293067],[-74.0685583,45.8293767],[-74.0685256,45.8291326],[-74.068103,45.8292075],[-74.0677574,45.8291164],[-74.0675005,45.8292172],[-74.0675962,45.8294532],[-74.0681216,45.8293621],[-74.0684439,45.8295248],[-74.0688129,45.8294515],[-74.0689553,45.8295394],[-74.0690557,45.8295052]],[[-74.0684688,45.8438359],[-74.0683989,45.8435955],[-74.0682904,45.843536],[-74.0681275,45.843609],[-74.0680228,45.8437873],[-74.0684959,45.8445816],[-74.068717,45.8446248],[-74.0688449,45.8445005],[-74.06881,45.8442493],[-74.0684688,45.8438359]],[[-74.0687208,45.8449409],[-74.0690156,45.8451381],[-74.0692211,45.8450706],[-74.0692367,45.8446896],[-74.0690233,45.844614],[-74.0688837,45.8446545],[-74.0687325,45.8448031],[-74.0687208,45.8449409]],[[-74.0022864,45.7525267],[-74.0035095,45.7533165],[-74.0037831,45.7532229],[-74.0044698,45.7522983],[-74.0062346,45.7511941],[-74.0064117,45.750992],[-74.0047809,45.7499289],[-74.0044805,45.7499476],[-74.0037885,45.7501947],[-74.003075,45.750569],[-74.0028848,45.7507865],[-74.0022328,45.7524256],[-74.0022864,45.7525267]],[[-74.0064868,45.7511979],[-74.0046039,45.7524219],[-74.0038987,45.7533692],[-74.0038743,45.7535223],[-74.0051832,45.7544131],[-74.0053954,45.7544285],[-74.0083429,45.7522909],[-74.0082975,45.752134],[-74.0068921,45.7512469],[-74.0067335,45.7511679],[-74.0064868,45.7511979]],[[-74.001415,45.7556524],[-74.0034881,45.7535934],[-74.0034291,45.7534475],[-74.0021767,45.7526356],[-74.0019914,45.7526502],[-74.0010043,45.7538292],[-73.9995321,45.7553455],[-73.9995613,45.7555098],[-74.0005108,45.7561311],[-74.0007766,45.756124],[-74.001415,45.7556524]],[[-74.0051433,45.7546082],[-74.0039333,45.7537656],[-74.0036359,45.7537323],[-74.0020802,45.7552968],[-74.0009239,45.7562284],[-74.0009829,45.7564418],[-74.0016159,45.756831],[-74.0019968,45.7568198],[-74.0023562,45.7570032],[-74.0025791,45.7569474],[-74.0036466,45.7559107],[-74.0050252,45.7547728],[-74.0051433,45.7546082]],[[-74.0077626,45.7562492],[-74.0071368,45.75583],[-74.0066439,45.7561932],[-74.0072697,45.7566028],[-74.0077626,45.7562492]],[[-74.0095849,45.7563387],[-74.0095849,45.7562486],[-74.009333,45.7559917],[-74.008939,45.7560323],[-74.008687,45.7562846],[-74.008687,45.7564514],[-74.0090036,45.7565821],[-74.0095849,45.7563387]],[[-74.009966,45.7569922],[-74.010373,45.7566452],[-74.0100435,45.7564334],[-74.0095785,45.756821],[-74.0098433,45.7569967],[-74.009966,45.7569922]],[[-74.0140615,45.7567696],[-74.0125248,45.7557505],[-74.0112392,45.7567165],[-74.0127835,45.7576984],[-74.0140615,45.7567696]],[[-74.0085191,45.7567353],[-74.0078796,45.7563252],[-74.0073785,45.7567083],[-74.0079894,45.7571274],[-74.0085191,45.7567353]],[[-74.0105603,45.7574249],[-74.0110318,45.7570959],[-74.0106507,45.7568164],[-74.0101469,45.757195],[-74.0101469,45.7572671],[-74.0105603,45.7574249]],[[-74.0088162,45.7577494],[-74.009488,45.7572536],[-74.0088679,45.7568119],[-74.0081832,45.7573167],[-74.0088162,45.7577494]]],[[[-74.0423106,45.8190374],[-74.0266133,45.8206846],[-74.0265389,45.8205288],[-74.0260456,45.8200812],[-74.0256322,45.8199122],[-74.0250349,45.819339],[-74.0242716,45.8189106],[-74.0241797,45.8187221],[-74.0240659,45.8189296],[-74.0240447,45.8194156],[-74.0238661,45.8195873],[-74.0236587,45.820794],[-74.0231222,45.8212284],[-74.0225895,45.8220586],[-74.0225524,45.8222208],[-74.0226712,45.8225351],[-74.0228532,45.8227323],[-74.0227923,45.8231015],[-74.0225919,45.8236962],[-74.0221225,45.8243744],[-74.0257099,45.8239702],[-74.0259425,45.8243103],[-74.0257622,45.8247728],[-74.0258646,45.8248307],[-74.0258763,45.824977],[-74.0260712,45.8250656],[-74.0262495,45.82546],[-74.0315256,45.8248286],[-74.0319144,45.8263833],[-74.0329684,45.8262922],[-74.0332638,45.8275501],[-74.0336298,45.8274889],[-74.033842,45.828535],[-74.0297253,45.8292347],[-74.0304622,45.831398],[-74.0285168,45.8317912],[-74.0291154,45.8333229],[-74.0305185,45.8330653],[-74.0307464,45.8346566],[-74.0343411,45.8338591],[-74.0363558,45.8350718],[-74.0376006,45.8361745],[-74.0382688,45.8372536],[-74.0231538,45.8408049],[-74.0233328,45.8415601],[-73.9938353,45.8210183],[-73.9931935,45.8204581],[-73.9921015,45.8198041],[-73.9896097,45.8179937],[-73.9885998,45.8174761],[-73.9535309,45.7933802],[-73.9476576,45.7894917],[-73.9606687,45.7798448],[-73.9596983,45.7792059],[-73.9637985,45.7762106],[-73.9640292,45.7761139],[-73.9638477,45.7759948],[-73.9642661,45.7756844],[-73.9645307,45.7758598],[-73.9660807,45.7747099],[-73.9656398,45.7744196],[-73.9661878,45.7740158],[-73.9670512,45.773191],[-73.9672419,45.7733151],[-73.9726295,45.7681674],[-73.9677403,45.7649199],[-73.968914,45.7649454],[-73.9694566,45.7652305],[-73.9694705,45.7653421],[-73.9696213,45.7654744],[-73.9707527,45.7655132],[-73.9710253,45.7656189],[-73.9712854,45.7653533],[-73.9719725,45.7655441],[-73.9721355,45.7652714],[-73.9724045,45.7652366],[-73.9726784,45.7650699],[-73.9732271,45.7651858],[-73.9733455,45.7650763],[-73.9733098,45.7648567],[-73.9735056,45.7647992],[-73.9740613,45.7647727],[-73.9747463,45.7648856],[-73.9749709,45.7646969],[-73.974994,45.7645726],[-73.9752059,45.7645815],[-73.9750925,45.7642795],[-73.9758344,45.7643397],[-73.9760835,45.7638435],[-73.9681176,45.7587105],[-73.9778957,45.7513861],[-73.9793828,45.7504002],[-73.9764635,45.7484173],[-73.9762747,45.7480826],[-73.9810569,45.7444393],[-73.99775033055822,45.755143523062905],[-73.997502,45.7553625],[-73.9973387,45.7562708],[-73.9973504,45.7569584],[-73.9974756,45.7575513],[-73.997613,45.757706],[-73.9984039,45.7580367],[-73.9986774,45.7586277],[-73.9985007,45.759317],[-73.9985631,45.7594633],[-73.9990275,45.7598561],[-73.9996183,45.7600729],[-74.0,45.760082],[-74.0004136,45.7599541],[-74.0009242,45.7601704],[-74.0015458,45.76016],[-74.0017053,45.7609018],[-74.0016485,45.7609633],[-74.0021032,45.7621699],[-74.0024545,45.7626294],[-74.0034805,45.7635595],[-74.0042744,45.7637692],[-74.0046673,45.7640719],[-74.0051414,45.7640165],[-74.005466,45.7642336],[-74.0057326,45.7653248],[-74.0057023,45.7655853],[-74.0054182,45.7659166],[-74.0053575,45.7661737],[-74.0047789,45.7669763],[-74.0044113,45.7680574],[-74.0045658,45.7683494],[-74.0046273,45.7690858],[-74.0049153,45.7693254],[-74.0051206,45.7696511],[-74.0052914,45.770552],[-74.0054785,45.7706861],[-74.0064073,45.7705536],[-74.0071716,45.770271],[-74.0076326,45.7702877],[-74.0078311,45.7704573],[-74.0078096,45.7705834],[-74.0081142,45.7712022],[-74.0094905,45.7719739],[-74.0095567,45.7722344],[-74.0095093,45.7724925],[-74.0092384,45.7728678],[-74.008919,45.7730821],[-74.0082493,45.773081],[-74.007887,45.7731912],[-74.0075662,45.7731893],[-74.0064243,45.7727483],[-74.0059288,45.7724598],[-74.0051543,45.7726336],[-74.004441,45.7725902],[-74.0040629,45.7726778],[-74.0032884,45.7730346],[-74.0032308,45.7731522],[-74.0032837,45.7734275],[-74.0037423,45.7741247],[-74.0043288,45.7742708],[-74.005222,45.775189],[-74.0053463,45.7755485],[-74.0053163,45.7758103],[-74.005236,45.7761414],[-74.0050975,45.7761384],[-74.0047808,45.7771551],[-74.0054017,45.7788153],[-74.0054227,45.7790736],[-74.0052779,45.7797801],[-74.0051378,45.7800936],[-74.0045203,45.7810808],[-74.0042535,45.7813799],[-74.0040156,45.782058],[-74.0035498,45.7824055],[-74.0034672,45.7826015],[-74.0035058,45.7830704],[-74.003406,45.783374],[-74.0034634,45.7836586],[-74.0035582,45.7838487],[-74.0042455,45.7843374],[-74.0044891,45.7843929],[-74.0053111,45.7851854],[-74.0068016,45.7862266],[-74.0067472,45.7864659],[-74.0068651,45.7867341],[-74.0072594,45.7872351],[-74.0077254,45.7875156],[-74.0091846,45.7887618],[-74.0096062,45.7894819],[-74.0096612,45.7897246],[-74.0097163,45.7901599],[-74.0094159,45.7911294],[-74.009601,45.791623],[-74.009678,45.7923872],[-74.0100364,45.7928251],[-74.0110701,45.7934209],[-74.0115736,45.7935978],[-74.0118144,45.7938426],[-74.0121113,45.7946619],[-74.012167,45.7953443],[-74.0122456,45.7954851],[-74.0125248,45.795627],[-74.0134251,45.7958427],[-74.0142659,45.7967712],[-74.0148333,45.7986179],[-74.0152162,45.7993128],[-74.0153983,45.7998724],[-74.0162343,45.8009814],[-74.0162094,45.8024296],[-74.0165986,45.8034704],[-74.0173265,45.8040388],[-74.0177818,45.8042322],[-74.0181742,45.8043074],[-74.0192712,45.8043221],[-74.0200905,45.8041471],[-74.0200401,45.8046885],[-74.0203475,45.8048278],[-74.0209323,45.804236],[-74.0212056,45.8031569],[-74.0215692,45.802606],[-74.0218088,45.8020066],[-74.0225881,45.8016049],[-74.0226698,45.8013872],[-74.022298,45.8008198],[-74.0222777,45.8005304],[-74.0223813,45.8002191],[-74.0227545,45.8000348],[-74.0232511,45.8004933],[-74.0240609,45.8018657],[-74.0242377,45.8024352],[-74.0244846,45.8029097],[-74.0248354,45.8031781],[-74.0253995,45.8041395],[-74.0257293,45.8044544],[-74.0259207,45.8047888],[-74.0258819,45.8052223],[-74.025132,45.8072491],[-74.0251815,45.8074768],[-74.0255559,45.8080824],[-74.025881,45.8084323],[-74.0265468,45.8088262],[-74.0268053,45.8092262],[-74.0291556,45.8095537],[-74.030152,45.8098203],[-74.032802,45.8099728],[-74.0332738,45.8099061],[-74.033378,45.8098148],[-74.0335824,45.8091967],[-74.0335774,45.8085953],[-74.0338905,45.8078708],[-74.0340486,45.8076814],[-74.0342997,45.8075667],[-74.0349058,45.8075616],[-74.0353217,45.8076986],[-74.0359149,45.8081314],[-74.0362629,45.8082427],[-74.0377501,45.8084109],[-74.0386575,45.8087499],[-74.0399293,45.8095231],[-74.040602,45.810397],[-74.0407795,45.811077],[-74.0412893,45.8117621],[-74.0415391,45.8123263],[-74.0421058,45.8128979],[-74.0424309,45.8130263],[-74.0431383,45.8131092],[-74.0433476,45.8132162],[-74.0439864,45.814577],[-74.0442766,45.8148985],[-74.0452478,45.8153897],[-74.0459744,45.815611],[-74.0485754,45.8159046],[-74.0489178,45.8162399],[-74.0491715,45.8167343],[-74.0494068,45.8177741],[-74.04963172182283,45.8181237631628],[-74.0423106,45.8190374]],[[-74.0173628,45.8278322],[-74.0172514,45.8274021],[-74.0171199,45.8273143],[-74.0168941,45.8273916],[-74.017029,45.8278837],[-74.0172294,45.8279129],[-74.0173628,45.8278322]],[[-74.0190242,45.8358132],[-74.018716,45.8359595],[-74.0188141,45.8361352],[-74.0190872,45.8361303],[-74.0191852,45.8359595],[-74.0190242,45.8358132]],[[-74.0211126,45.8360171],[-74.0209292,45.8358982],[-74.0208204,45.8359285],[-74.0208329,45.8362317],[-74.020985,45.8362775],[-74.0211062,45.836222],[-74.0211126,45.8360171]],[[-73.9868214,45.7782056],[-73.985875,45.7781943],[-73.9864947,45.7790092],[-73.9865227,45.7793349],[-73.9866797,45.7796165],[-73.9868038,45.7796369],[-73.9869475,45.7790428],[-73.9868214,45.7782056]],[[-73.9794424,45.7792304],[-73.9796831,45.7794341],[-73.9800671,45.7792675],[-73.9797627,45.778954],[-73.9795769,45.7790132],[-73.9795893,45.7791551],[-73.9794424,45.7792304]],[[-73.9806962,45.7813321],[-73.9808428,45.7814061],[-73.981319,45.7812286],[-73.9816102,45.7813792],[-73.9819361,45.7812246],[-73.9814521,45.7809892],[-73.981265,45.7808117],[-73.9806962,45.7813321]],[[-73.9796253,45.7851465],[-73.9795166,45.7852161],[-73.979722,45.7854036],[-73.9801752,45.78545],[-73.9804925,45.7854268],[-73.9806013,45.7853151],[-73.9811995,45.7851971],[-73.9813053,45.7851128],[-73.9812569,45.785058],[-73.9798882,45.7851845],[-73.9796253,45.7851465]],[[-73.9853061,45.7993877],[-73.9853275,45.7993166],[-73.9849681,45.7992867],[-73.9850969,45.7994251],[-73.9853061,45.7993877]],[[-73.9762732,45.8011405],[-73.9765314,45.8013526],[-73.9768679,45.8014052],[-73.9769546,45.8015293],[-73.9768328,45.8016408],[-73.976864,45.801714],[-73.9773345,45.8019583],[-73.9793499,45.8018976],[-73.9794511,45.8018281],[-73.9794657,45.8013061],[-73.9792994,45.8011254],[-73.9779913,45.8007834],[-73.9779935,45.800615],[-73.9784633,45.800587],[-73.9795015,45.8006859],[-73.979423,45.8005451],[-73.9789563,45.8003205],[-73.9779967,45.8000339],[-73.9777467,45.799805],[-73.9774674,45.7993626],[-73.9772074,45.7992909],[-73.9771122,45.7988833],[-73.9770244,45.7988435],[-73.9758258,45.7987435],[-73.9752109,45.7984927],[-73.9750528,45.7986236],[-73.9749324,45.7986229],[-73.9748971,45.7985581],[-73.9751394,45.7981189],[-73.9751164,45.7980289],[-73.974945,45.7979409],[-73.9743997,45.7979038],[-73.9739238,45.798409],[-73.9729124,45.7984196],[-73.9726677,45.799046],[-73.9725457,45.799133],[-73.9726941,45.799221],[-73.972919,45.7991719],[-73.9734681,45.7992286],[-73.9746734,45.7997525],[-73.9752704,45.8001491],[-73.975666,45.8006007],[-73.9759932,45.8007543],[-73.9762732,45.8011405]],[[-73.9848286,45.8005171],[-73.9847535,45.8006405],[-73.9850861,45.80085],[-73.9858211,45.8007789],[-73.9856065,45.8006592],[-73.9850164,45.8006742],[-73.9848286,45.8005171]],[[-73.9946943,45.8008925],[-73.9948788,45.8009007],[-73.9949488,45.8007428],[-73.994678,45.8007965],[-73.9946943,45.8008925]],[[-73.9974164,45.8020554],[-73.9979815,45.8019109],[-73.9974611,45.801925],[-73.9972822,45.8020072],[-73.9974164,45.8020554]],[[-73.9955855,45.8032202],[-73.9954057,45.8031193],[-73.9951838,45.8032365],[-73.9952492,45.8033162],[-73.9955855,45.8032202]],[[-74.0040758,45.812653],[-74.0040026,45.8125595],[-74.0035513,45.8125085],[-74.0034538,45.8125708],[-74.003718,45.8127805],[-74.0039457,45.8127805],[-74.0040758,45.812653]]],[[[-74.0,45.759727],[-73.9995007,45.7598477],[-73.9992752,45.7595966],[-73.9989709,45.7595611],[-73.9987701,45.7592596],[-73.9988855,45.7589965],[-73.9989111,45.7582053],[-73.9985776,45.7579283],[-73.99785519074422,45.75758407877387],[-73.9977675,45.7572836],[-73.9982871,45.757304],[-73.9993557,45.7580327],[-74.0001365,45.7587508],[-74.0003655,45.759419],[-74.0,45.759727]]],[[[-74.0060212,45.7644235],[-74.0060111,45.7645213],[-74.0061774,45.7646604],[-74.0059025,45.7647739],[-74.0057476,45.7645213],[-74.0060212,45.7644235]]],[[[-74.0051183,45.7669355],[-74.0055238,45.7665406],[-74.0056815,45.7662322],[-74.0057378,45.7663599],[-74.0056561,45.7668805],[-74.005428,45.7670965],[-74.0051493,45.7670808],[-74.0051183,45.7669355]]],[[[-74.0059636,45.7664565],[-74.0057211,45.7661145],[-74.0059261,45.7658953],[-74.006224,45.7659857],[-74.0069079,45.7665002],[-74.0074004,45.7670371],[-74.0075907,45.7673883],[-74.0076687,45.7685624],[-74.0073029,45.7693456],[-74.0072561,45.7699066],[-74.0064683,45.7703932],[-74.0058911,45.7703674],[-74.0056413,45.770467],[-74.0054781,45.7703622],[-74.0054633,45.7697224],[-74.0053452,45.7693853],[-74.004908,45.7687339],[-74.0047773,45.7682616],[-74.0053097,45.7676669],[-74.0054674,45.7672985],[-74.0058697,45.7669],[-74.0059636,45.7664565]]],[[[-74.0064169,45.7733735],[-74.0064598,45.7734776],[-74.0063725,45.7737381],[-74.0062601,45.7737487],[-74.00617,45.7739053],[-74.0060336,45.7739102],[-74.0062047,45.7733414],[-74.0064169,45.7733735]]],[[[-74.0053541,45.7747229],[-74.005099,45.7745867],[-74.0046325,45.7738854],[-74.0037814,45.7734171],[-74.0036192,45.7732281],[-74.0039629,45.7729916],[-74.0046268,45.772813],[-74.005882,45.772704],[-74.006097,45.7727659],[-74.006403,45.7730535],[-74.0060582,45.7731896],[-74.0056164,45.7739133],[-74.0054799,45.774603],[-74.0053541,45.7747229]]],[[[-74.0230359,45.7998452],[-74.0229769,45.7997554],[-74.023111,45.7990037],[-74.0230314,45.7986293],[-74.0233953,45.7985474],[-74.0237548,45.7986372],[-74.0238138,45.7988429],[-74.023964,45.7989551],[-74.02399873278691,45.79927371543188],[-74.02387750251802,45.7994143844658],[-74.0234758,45.799546],[-74.0233103,45.7997363],[-74.0230359,45.7998452]]],[[[-74.0236515,45.7998585],[-74.0238461,45.8000364],[-74.0240096,45.8004211],[-74.0239538,45.8007289],[-74.0233776,45.8002071],[-74.0233047,45.7998296],[-74.0236043,45.7995998],[-74.0237127,45.79973],[-74.0236515,45.7998585]]],[[[-74.0218897,45.8009096],[-74.0219823,45.8008848],[-74.0221336,45.8009867],[-74.0222248,45.8014308],[-74.022015,45.8015306],[-74.0218608,45.8013248],[-74.0218897,45.8009096]]],[[[-74.0244465,45.8026194],[-74.0244567,45.8024342],[-74.0246292,45.8024379],[-74.024911,45.8027118],[-74.0249094,45.8028521],[-74.0248285,45.8029078],[-74.0245331,45.8027714],[-74.0244465,45.8026194]]],[[[-74.02016229775182,45.80358736876968],[-74.0199327,45.8035651],[-74.0202285,45.803317],[-74.0203239,45.8033961],[-74.02016229775182,45.80358736876968]]],[[[-74.0421818,45.8116378],[-74.04178,45.8113072],[-74.0417294,45.8111638],[-74.0419178,45.8111901],[-74.042152,45.8114243],[-74.0421818,45.8116378]]],[[[-74.042969,45.8126891],[-74.0430158,45.8128129],[-74.0429425,45.8129079],[-74.0426577,45.8128868],[-74.0420476,45.8125157],[-74.0420513,45.8121789],[-74.0421967,45.8121011],[-74.042381,45.8121358],[-74.0425419,45.8124651],[-74.042969,45.8126891]]]]}},{"type":"Feature","properties":{"id":"mirabel","name":"Mirabel","type":"city"},"geometry":{"type":"MultiPolygon","coordinates":[[[[-73.9762747,45.7480826],[-73.9764635,45.7484173],[-73.9793828,45.7504002],[-73.9778957,45.7513861],[-73.9681176,45.7587105],[-73.9760835,45.7638435],[-73.9758344,45.7643397],[-73.9750925,45.7642795],[-73.9752059,45.7645815],[-73.974994,45.7645726],[-73.9749709,45.7646969],[-73.9747463,45.7648856],[-73.9740613,45.7647727],[-73.9735056,45.7647992],[-73.9733098,45.7648567],[-73.9733455,45.7650763],[-73.9732271,45.7651858],[-73.9726784,45.7650699],[-73.9724045,45.7652366],[-73.9721355,45.7652714],[-73.9719725,45.7655441],[-73.9712854,45.7653533],[-73.9710253,45.7656189],[-73.9707527,45.7655132],[-73.9696213,45.7654744],[-73.9694705,45.7653421],[-73.9694566,45.7652305],[-73.968914,45.7649454],[-73.9677403,45.7649199],[-73.9726295,45.7681674],[-73.9672419,45.7733151],[-73.9670512,45.773191],[-73.9661878,45.7740158],[-73.9656398,45.7744196],[-73.9660807,45.7747099],[-73.9645307,45.7758598],[-73.9642661,45.7756844],[-73.9638477,45.7759948],[-73.9640292,45.7761139],[-73.9637985,45.7762106],[-73.9596983,45.7792059],[-73.9606687,45.7798448],[-73.9476576,45.7894917],[-73.9241585,45.7736533],[-73.8505244,45.7247461],[-73.8561989,45.7241674],[-73.8601143,45.7223443],[-73.8606402,45.7227147],[-73.8627818,45.7217291],[-73.8644253,45.7205021],[-73.8653702,45.7210666],[-73.8668881,45.7198458],[-73.8673797,45.7201625],[-73.871169,45.7205359],[-73.87177,45.7209321],[-73.8745397,45.7194043],[-73.8760889,45.7191206],[-73.8752025,45.7165907],[-73.8779832,45.716247],[-73.8795903,45.7151725],[-73.8802823,45.7156059],[-73.8820174,45.7145038],[-73.8830619,45.7151916],[-73.8846506,45.7140484],[-73.8855705,45.7146541],[-73.8871303,45.7134934],[-73.8885453,45.7144211],[-73.8901229,45.7133105],[-73.8908147,45.7137644],[-73.8939398,45.7114181],[-73.895693,45.7103753],[-73.8958672,45.710463],[-73.8990825,45.7081303],[-73.9008685,45.7050097],[-73.9037207,45.7038615],[-73.9070555,45.7028737],[-73.909901,45.7014207],[-73.9116869,45.6999909],[-73.9127229,45.69895],[-73.9138858,45.6981602],[-73.9160391,45.6965164],[-73.9133592,45.694809],[-73.9254873,45.6854945],[-73.9157473,45.6790582],[-73.9060741,45.6720241],[-73.8882299,45.660435],[-73.8869178,45.6597695],[-73.8864966,45.6593091],[-73.8797204,45.6548894],[-73.8635854,45.6438082],[-73.8651363,45.6434628],[-73.8657609,45.6431398],[-73.8662804,45.6426325],[-73.8671353,45.6425026],[-73.8788767,45.6503011],[-73.8804252,45.649142],[-73.8815592,45.64991],[-73.8825047,45.649222],[-73.8716247,45.6418427],[-73.8738036,45.6414008],[-73.8740472,45.6418306],[-73.875172,45.6416285],[-73.8753347,45.6411878],[-73.875187,45.6411011],[-73.8754219,45.6410499],[-73.8753322,45.6407905],[-73.8758907,45.6407528],[-73.8758651,45.640679],[-73.8761188,45.6405684],[-73.8763468,45.6408727],[-73.8765241,45.6408362],[-73.8775217,45.6403994],[-73.877297,45.640046],[-73.8774655,45.6399267],[-73.8790157,45.639934],[-73.8792243,45.6398645],[-73.8796711,45.6395571],[-73.8799121,45.6391424],[-73.8799098,45.6388094],[-73.8801907,45.6386195],[-73.8817195,45.6389564],[-73.8830155,45.639015],[-73.8839276,45.6392189],[-73.8841838,45.6391641],[-73.8848441,45.6388171],[-73.8877279,45.6407945],[-73.8879018,45.6410593],[-73.8897336,45.640739],[-73.8905345,45.6403672],[-73.8900306,45.6400185],[-73.8925477,45.6392221],[-73.8931376,45.6396795],[-73.8950545,45.6389907],[-73.8915173,45.6365591],[-73.8917605,45.6365514],[-73.8920004,45.6367056],[-73.8927336,45.6368185],[-73.8930645,45.6373029],[-73.8934397,45.6375614],[-73.8961772,45.6372965],[-73.8985204,45.6367124],[-73.8997761,45.6365281],[-73.8998383,45.6362579],[-73.90062,45.6361472],[-73.9026431,45.6356632],[-73.9034515,45.6356963],[-73.904261,45.6358914],[-73.9051451,45.6357713],[-73.9077973,45.6353659],[-73.913368,45.6341492],[-73.9159565,45.6338248],[-73.9161113,45.6339502],[-73.9163152,45.6337695],[-73.9167892,45.6336958],[-73.9183548,45.6337981],[-73.9194621,45.6333671],[-73.9300446,45.6406672],[-73.9310856,45.6399791],[-73.9317721,45.6397859],[-73.909831,45.6255073],[-73.9097861,45.625541],[-73.9092652,45.6252282],[-73.9024716,45.6208886],[-73.9021979,45.6206211],[-73.896503,45.6169323],[-73.8961418,45.6066671],[-73.898429,45.6066367],[-73.8984398,45.6070357],[-73.900777,45.6069968],[-73.900884,45.6101848],[-73.9031562,45.6101583],[-73.9031952,45.6113561],[-73.9053356,45.6113278],[-73.9053506,45.6129019],[-73.9143432,45.6058198],[-73.9162091,45.6056572],[-73.9328777,45.6163129],[-73.9329906,45.6192026],[-73.9342082,45.6193254],[-73.9375483,45.6191489],[-73.9375353,45.6188282],[-73.9396984,45.6187954],[-73.9396905,45.618539],[-73.9420886,45.6184907],[-73.9420929,45.6185943],[-73.9443034,45.6185519],[-73.9444497,45.6216329],[-73.9510655,45.6166859],[-73.9506034,45.6055978],[-73.9505094,45.6054146],[-73.9506377,45.6052686],[-73.9505425,45.602383],[-73.9509913,45.6026029],[-73.9513287,45.6031235],[-73.9519232,45.603724],[-73.9523275,45.6045773],[-73.9525865,45.6049002],[-73.9527174,45.6052416],[-73.9528724,45.605376],[-73.9532057,45.6053746],[-73.9554712,45.6049337],[-73.9564433,45.6046689],[-73.9567781,45.6048475],[-73.9575145,45.6055464],[-73.9578453,45.6056273],[-73.9579707,45.606472],[-73.9583167,45.606417],[-73.9583834,45.6061963],[-73.9585749,45.6061621],[-73.9586378,45.6062622],[-73.9585634,45.6064555],[-73.9586954,45.6065929],[-73.9594295,45.6066811],[-73.9596089,45.6062213],[-73.9612598,45.6061193],[-73.9610397,45.6048433],[-73.9801855,45.6022872],[-73.982612,45.5997301],[-73.982392,45.595699],[-73.9814331,45.5952568],[-73.9803911,45.5912872],[-73.9806086,45.5912562],[-73.9785314,45.5835498],[-73.9780581,45.5815387],[-73.9782534,45.581597],[-73.980097,45.5797827],[-73.9876252,45.5719978],[-73.9880743,45.5720677],[-73.9887216,45.5723518],[-73.9890998,45.5727468],[-73.9893336,45.5731876],[-73.9883819,45.5742382],[-73.9882451,45.574663],[-73.9883629,45.5749505],[-73.9888652,45.5752543],[-73.9899322,45.5756546],[-73.9905671,45.5764707],[-73.9911087,45.5768643],[-73.9918551,45.5772391],[-73.992561,45.577371],[-73.993253,45.577377],[-73.9953478,45.5766211],[-73.9970503,45.5764337],[-73.9982134,45.5761047],[-73.9988409,45.576075],[-73.9989703,45.5762094],[-73.998934,45.5764525],[-73.9983867,45.5768688],[-73.9981588,45.5771847],[-73.9982142,45.5776524],[-73.9983827,45.5778676],[-73.9986533,45.5780374],[-73.9992556,45.5780438],[-73.9999329,45.5778429],[-74.0020701,45.5775366],[-74.0034002,45.5772607],[-74.0035944,45.5774849],[-74.003431,45.5778365],[-74.0034762,45.5785922],[-74.0036714,45.5789332],[-74.003903,45.5790402],[-74.0042364,45.5790657],[-74.0053985,45.5786197],[-74.0060132,45.578581],[-74.0066936,45.5787219],[-74.0075944,45.5791498],[-74.0090313,45.5793414],[-74.0097873,45.579347],[-74.0109181,45.5796929],[-74.0112383,45.5796735],[-74.0114674,45.5795015],[-74.0116567,45.5791857],[-74.0119301,45.5782486],[-74.0117751,45.5781144],[-74.0110822,45.5780095],[-74.0096932,45.5774398],[-74.0096025,45.5773322],[-74.009561,45.5769905],[-74.0098922,45.576773],[-74.0121918,45.5760249],[-74.0148317,45.576067],[-74.0166023,45.576329],[-74.017771,45.5766206],[-74.0193408,45.5773334],[-74.0199702,45.5775015],[-74.0203674,45.5775177],[-74.0257448,45.5676172],[-74.0260849,45.5677317],[-74.026798,45.567241],[-74.0290963,45.5677876],[-74.0301448,45.5670706],[-74.0329903,45.5677916],[-74.033441,45.567008],[-74.0356376,45.5674213],[-74.0352234,45.5681882],[-74.0451995,45.5609676],[-74.0460771,45.5615991],[-74.0468829,45.561063],[-74.0492168,45.5627468],[-74.0845563,45.5390125],[-74.067645,45.5265523],[-74.0740613,45.5220154],[-74.0911377,45.5346001],[-74.1153714,45.518475],[-74.1207669,45.5147829],[-74.1363603,45.5262265],[-74.1232475,45.5349921],[-74.1451497,45.5511707],[-74.1484123,45.5489431],[-74.1589101,45.5565197],[-74.1750329,45.5684149],[-74.1750988,45.5685298],[-74.1907089,45.5799542],[-74.1939605,45.5775349],[-74.19852,45.5746531],[-74.2151913,45.5634141],[-74.2355689,45.5498165],[-74.2376769,45.5484909],[-74.2426754,45.5489086],[-74.2360577,45.5739448],[-74.2350522,45.5774395],[-74.2275081,45.6070427],[-74.2253817,45.6158906],[-74.2228225,45.6258702],[-74.2252007,45.6263447],[-74.2456876,45.628901],[-74.2676094,45.632041],[-74.2643749,45.6434376],[-74.2623171,45.6492787],[-74.2454488,45.6468344],[-74.2479757,45.658384],[-74.2491421,45.6644142],[-74.2493281,45.6658954],[-74.2515883,45.6683713],[-74.2517065,45.6686522],[-74.2515388,45.6698579],[-74.2510549,45.6704455],[-74.2504875,45.6709571],[-74.2493481,45.6714169],[-74.2472867,45.6715883],[-74.2462693,45.671759],[-74.2450023,45.6721421],[-74.244288,45.6724596],[-74.242717,45.6734448],[-74.2422255,45.6739369],[-74.2420758,45.6741917],[-74.2413478,45.6747589],[-74.2407387,45.6748859],[-74.2404763,45.674627],[-74.2401726,45.6739555],[-74.2401737,45.6731785],[-74.2400085,45.6727459],[-74.2395061,45.6718775],[-74.23929,45.6712736],[-74.2387699,45.6706632],[-74.2381961,45.6703022],[-74.2373965,45.6701017],[-74.2366093,45.670272],[-74.236034,45.6704759],[-74.2356231,45.6707929],[-74.2355625,45.6709721],[-74.2356523,45.6713374],[-74.2356077,45.6726193],[-74.2354226,45.6733621],[-74.2352522,45.673715],[-74.2347721,45.6742941],[-74.2332688,45.6752766],[-74.2309437,45.6764667],[-74.229384,45.6774826],[-74.22824,45.6785785],[-74.227136,45.6790657],[-74.2265394,45.6791113],[-74.2259242,45.6789465],[-74.2253628,45.6785322],[-74.2248165,45.6776719],[-74.2244533,45.6763774],[-74.2244402,45.6759622],[-74.223704,45.6742232],[-74.2233362,45.6736019],[-74.2223796,45.6724849],[-74.2216276,45.6718848],[-74.2207072,45.671329],[-74.2190592,45.6706753],[-74.2179409,45.6703908],[-74.216358,45.6701553],[-74.2136888,45.6702048],[-74.2100852,45.6710812],[-74.2077372,45.6720686],[-74.2063973,45.6730709],[-74.2054019,45.6740239],[-74.2049235,45.6743223],[-74.2039086,45.6746525],[-74.2028121,45.6757313],[-74.2025128,45.6761566],[-74.2019271,45.6774225],[-74.2018688,45.6782611],[-74.2022191,45.6790563],[-74.2031095,45.6798675],[-74.2040626,45.6803283],[-74.2044142,45.6804025],[-74.2056184,45.6810072],[-74.206187,45.6815171],[-74.206202,45.6822044],[-74.205976,45.6824505],[-74.2052789,45.6825377],[-74.2044549,45.682473],[-74.2035048,45.6821441],[-74.2029012,45.6820381],[-74.2025402,45.682149],[-74.2024287,45.6820757],[-74.2005215,45.681819],[-74.1990175,45.681171],[-74.1982977,45.6810842],[-74.197093,45.6816127],[-74.1971876,45.6818038],[-74.1970817,45.6820503],[-74.1967519,45.6822623],[-74.1962637,45.6822493],[-74.1940851,45.6829397],[-74.1933448,45.6829228],[-74.1918815,45.6827153],[-74.1909195,45.6823835],[-74.1907006,45.6822283],[-74.1905544,45.6819781],[-74.1906364,45.6817259],[-74.1908098,45.6815611],[-74.1914084,45.6812631],[-74.1923745,45.681062],[-74.1935948,45.6811087],[-74.1951867,45.6817683],[-74.19603,45.6819314],[-74.196412,45.6816943],[-74.1963326,45.6816099],[-74.1956364,45.6815848],[-74.1947694,45.681388],[-74.1933731,45.6807936],[-74.1917241,45.6808043],[-74.1906016,45.6810525],[-74.1902677,45.6812729],[-74.1901056,45.6815247],[-74.1900369,45.682136],[-74.1902269,45.6824061],[-74.1904546,45.6824603],[-74.1904373,45.6826341],[-74.1907799,45.6828374],[-74.1923183,45.6831659],[-74.194227,45.6832263],[-74.1947321,45.6831216],[-74.195993,45.6825877],[-74.1974342,45.682537],[-74.198498,45.6836475],[-74.198544,45.6839114],[-74.1983836,45.6844915],[-74.1982096,45.6847406],[-74.1973349,45.6855537],[-74.1965502,45.6860979],[-74.1955742,45.6865403],[-74.1942496,45.6870123],[-74.1932612,45.6875079],[-74.192527,45.6877268],[-74.1918024,45.6877325],[-74.1908229,45.6875745],[-74.189666,45.6870651],[-74.1879981,45.685872],[-74.1876565,45.6855284],[-74.1876219,45.6853516],[-74.187317,45.6849324],[-74.1868506,45.6846809],[-74.1861344,45.6846417],[-74.1852947,45.6850509],[-74.1851326,45.6853027],[-74.185146,45.6856338],[-74.18592,45.6869891],[-74.1859454,45.687323],[-74.1856507,45.6881523],[-74.1852745,45.688653],[-74.1849557,45.68898],[-74.1831693,45.690129],[-74.1825223,45.6904435],[-74.1810546,45.6907689],[-74.1793778,45.6906978],[-74.177803,45.6903886],[-74.1761261,45.689849],[-74.1721707,45.6889074],[-74.1697794,45.6886005],[-74.1669672,45.6883619],[-74.1658439,45.6886659],[-74.1623704,45.6904529],[-74.1607595,45.691128],[-74.1589256,45.6916563],[-74.152744,45.6931258],[-74.150409,45.6941625],[-74.1493672,45.6947388],[-74.1483353,45.6955424],[-74.1471049,45.6961488],[-74.1426893,45.697008],[-74.1397486,45.6981343],[-74.1356653,45.6994099],[-74.1339554,45.6998737],[-74.1312634,45.7004594],[-74.13039,45.7005228],[-74.1296616,45.7004803],[-74.1294303,45.7003783],[-74.1291932,45.7000405],[-74.1289277,45.6988525],[-74.1288489,45.6982714],[-74.1289354,45.6980109],[-74.1288587,45.6975486],[-74.1286724,45.6974233],[-74.1284203,45.6973869],[-74.1272141,45.6975346],[-74.1271365,45.6976942],[-74.1260473,45.6981466],[-74.1247508,45.6989432],[-74.1233397,45.6995625],[-74.1224649,45.6997661],[-74.1201264,45.6997891],[-74.1193884,45.6994912],[-74.1190283,45.6994615],[-74.11855,45.6992348],[-74.1184794,45.6990774],[-74.1178796,45.6989905],[-74.1169062,45.6990393],[-74.1148407,45.6994085],[-74.1133594,45.6998141],[-74.1125179,45.7003068],[-74.1113888,45.7011432],[-74.1105009,45.7014561],[-74.1091969,45.7021571],[-74.1066595,45.7032758],[-74.1058045,45.7039059],[-74.1040721,45.7054044],[-74.1034078,45.70578],[-74.0998896,45.7068238],[-74.0995591,45.7070354],[-74.0992055,45.7071221],[-74.0949113,45.7101246],[-74.0938294,45.7105879],[-74.0929755,45.7110776],[-74.0922646,45.7112734],[-74.0918497,45.711522],[-74.0914689,45.7121321],[-74.0907631,45.714055],[-74.0908514,45.7148355],[-74.090622,45.7149494],[-74.0905436,45.7155775],[-74.0902877,45.7159382],[-74.0903173,45.7161797],[-74.0906946,45.7165042],[-74.0906801,45.7167539],[-74.0903621,45.7177091],[-74.0901304,45.7180475],[-74.0873027,45.7196217],[-74.0860379,45.720707],[-74.0854846,45.7219529],[-74.0850421,45.7225316],[-74.084415,45.7227473],[-74.0822797,45.7231464],[-74.0803818,45.7238272],[-74.0800869,45.7240754],[-74.0799837,45.7243695],[-74.0801236,45.7247967],[-74.0800503,45.7253043],[-74.0799044,45.7254663],[-74.0786751,45.7257912],[-74.0773405,45.7258378],[-74.0758513,45.7261193],[-74.0742571,45.7268633],[-74.072807,45.7279979],[-74.0706012,45.72898],[-74.0685318,45.730698],[-74.0679267,45.7310877],[-74.0671818,45.7314346],[-74.0659718,45.732186],[-74.0657267,45.7322493],[-74.0651225,45.7321704],[-74.0643089,45.731807],[-74.0631471,45.7310321],[-74.061925,45.7306554],[-74.0612808,45.7305763],[-74.0593257,45.7305492],[-74.058556,45.7305901],[-74.0576914,45.7308802],[-74.0572512,45.7312062],[-74.0571444,45.7314526],[-74.0573913,45.7319618],[-74.0577503,45.7358641],[-74.0575536,45.7362672],[-74.0572985,45.7365156],[-74.0563522,45.7365611],[-74.0559928,45.736447],[-74.0524431,45.7345284],[-74.0512493,45.7341208],[-74.0488255,45.7337094],[-74.0479797,45.7337414],[-74.0469755,45.7339605],[-74.0463275,45.734218],[-74.0454042,45.7347377],[-74.0447519,45.7353881],[-74.044587,45.7358081],[-74.0443743,45.7369905],[-74.0446119,45.7382804],[-74.0444999,45.7386194],[-74.0440899,45.7391026],[-74.0423176,45.7399068],[-74.0420646,45.7399588],[-74.0410363,45.7405285],[-74.0382379,45.742775],[-74.0365646,45.7436779],[-74.0356545,45.7440601],[-74.0342436,45.7444256],[-74.0330258,45.7443684],[-74.0315293,45.7437848],[-74.0298714,45.7433126],[-74.0283857,45.7432005],[-74.0269583,45.7435994],[-74.0265831,45.743819],[-74.0261696,45.7442264],[-74.0254286,45.7459341],[-74.0247657,45.7467694],[-74.024155,45.7472515],[-74.0235054,45.7476211],[-74.0216693,45.7483348],[-74.0203758,45.7489252],[-74.0190608,45.7496418],[-74.01811,45.75],[-74.0168488,45.7509594],[-74.0159315,45.752589],[-74.0150259,45.7530737],[-74.0144895,45.7532533],[-74.0127909,45.7527631],[-74.0095254,45.7516049],[-74.0085977,45.7510635],[-74.007911,45.7504955],[-74.0072414,45.750166],[-74.006691,45.75],[-74.0065924,45.7497946],[-74.0063523,45.7497652],[-74.0061672,45.7494863],[-74.0049713,45.7487638],[-74.0035488,45.748357],[-74.0024683,45.7482857],[-74.0018188,45.7484057],[-74.0016617,45.7485049],[-74.0007188,45.7486152],[-74.0004041,45.7490513],[-74.0002895,45.7495866],[-74.0004348,45.7498372],[-74.0003725,45.7501723],[-74.0004605,45.7512279],[-74.0004262,45.7525305],[-74.0002701,45.7529216],[-73.99775033055822,45.755143523062905],[-73.9810569,45.7444393],[-73.9762747,45.7480826]],[[-74.23512465648518,45.570176928293826],[-74.2354448,45.5700905],[-74.235488,45.5699459],[-74.2353913,45.5698147],[-74.2350021,45.5697915],[-74.234881,45.5698974],[-74.2349112,45.5700956],[-74.23512465648518,45.570176928293826]],[[-74.2352239,45.6325829],[-74.2351406,45.6324788],[-74.2349809,45.6324503],[-74.2343693,45.6324454],[-74.2342808,45.6325181],[-74.2344786,45.6328272],[-74.2347458,45.6329375],[-74.234806,45.6328956],[-74.2347117,45.6326485],[-74.2352239,45.6325829]],[[-74.2362061,45.6336628],[-74.2356129,45.6332878],[-74.235556,45.6334334],[-74.2357505,45.6336388],[-74.2358601,45.6339926],[-74.2362479,45.6339911],[-74.2362061,45.6336628]],[[-74.2428187,45.6342793],[-74.2424388,45.6345073],[-74.242127,45.6345224],[-74.2421342,45.6346502],[-74.2425678,45.6346577],[-74.2428689,45.6344848],[-74.2431985,45.6340864],[-74.2429119,45.6339861],[-74.2428187,45.6342793]],[[-74.2427574,45.6353468],[-74.2430656,45.6352892],[-74.2430656,45.635234],[-74.2427108,45.6351363],[-74.2427574,45.6353468]],[[-74.24311834857359,45.635694429949965],[-74.2432125,45.6354245],[-74.2428291,45.6355298],[-74.2426355,45.6356851],[-74.2426893,45.6357503],[-74.24311834857359,45.635694429949965]],[[-74.2032503,45.6293231],[-74.2029765,45.6293837],[-74.2029899,45.6295136],[-74.2032136,45.6295685],[-74.203346,45.6294334],[-74.2032503,45.6293231]],[[-74.2083947,45.6335477],[-74.208855,45.6334792],[-74.2085443,45.6333211],[-74.207737,45.6332789],[-74.2075966,45.6333485],[-74.2077317,45.6334556],[-74.2083947,45.6335477]],[[-74.1971916,45.6505494],[-74.1971348,45.6507112],[-74.1972248,45.6508059],[-74.1975324,45.6508039],[-74.1976198,45.6507085],[-74.1976052,45.6505957],[-74.1974166,45.6504944],[-74.1971916,45.6505494]],[[-74.177187,45.6813414],[-74.1770663,45.6814251],[-74.1770328,45.6816045],[-74.177597,45.6821229],[-74.1781549,45.6824337],[-74.178904,45.6823497],[-74.1813055,45.6818344],[-74.1812528,45.681419],[-74.1814318,45.6810494],[-74.1816722,45.6810223],[-74.1820304,45.6812762],[-74.1825224,45.6813089],[-74.1827092,45.6814752],[-74.1838128,45.6811007],[-74.1836619,45.680943],[-74.1834263,45.6808776],[-74.183088,45.6806378],[-74.182974,45.6803765],[-74.1824243,45.6800489],[-74.1818855,45.680361],[-74.1803989,45.6805881],[-74.1800256,45.6807241],[-74.1795908,45.6810422],[-74.1785638,45.6813412],[-74.177187,45.6813414]],[[-74.1275869,45.5396616],[-74.1274342,45.5396375],[-74.1274015,45.5397337],[-74.1278752,45.5402074],[-74.1280743,45.5402026],[-74.1280949,45.540092],[-74.1275869,45.5396616]],[[-74.1578906,45.6900136],[-74.158288,45.6903519],[-74.1586687,45.6903114],[-74.1587895,45.6902277],[-74.158771,45.6900453],[-74.1586324,45.6898623],[-74.1580667,45.6895402],[-74.1576151,45.6894513],[-74.1576295,45.6896421],[-74.1578906,45.6900136]],[[-74.154397,45.6922266],[-74.1544699,45.6921315],[-74.1539334,45.6916663],[-74.1533238,45.6917928],[-74.152796,45.6921918],[-74.1528185,45.6923658],[-74.153174,45.6924599],[-74.154397,45.6922266]],[[-74.138367,45.6918634],[-74.1376158,45.691703],[-74.1375133,45.6915286],[-74.1373812,45.6915253],[-74.1372117,45.6916816],[-74.1372068,45.6917742],[-74.1385061,45.6924308],[-74.1386486,45.6926053],[-74.1390272,45.6923489],[-74.1397378,45.6921247],[-74.1400322,45.6918763],[-74.1397082,45.6918552],[-74.1394672,45.6919384],[-74.1388642,45.6917758],[-74.138367,45.6918634]],[[-74.1451234,45.6919937],[-74.1453852,45.6918124],[-74.1449789,45.691575],[-74.1449783,45.6911907],[-74.1448038,45.6909991],[-74.1441469,45.6914985],[-74.1439334,45.6921036],[-74.1431451,45.6920749],[-74.1428307,45.6923092],[-74.1427241,45.6930523],[-74.1430717,45.6931351],[-74.1433786,45.6928334],[-74.1433132,45.6925274],[-74.1436839,45.6922596],[-74.1447,45.6923425],[-74.1448541,45.6925761],[-74.1448495,45.6926406],[-74.1444485,45.692723],[-74.1439223,45.692457],[-74.1436246,45.6926297],[-74.1435948,45.6928288],[-74.1437019,45.6929386],[-74.1441094,45.6930358],[-74.1442683,45.6931768],[-74.1448909,45.692941],[-74.1451611,45.6927149],[-74.1459393,45.6925443],[-74.1459048,45.6923674],[-74.1457694,45.6922882],[-74.1452808,45.692303],[-74.145062,45.6921477],[-74.1451234,45.6919937]],[[-74.1331438,45.6921827],[-74.1324388,45.6922301],[-74.1324368,45.6924546],[-74.1325901,45.6927723],[-74.1331595,45.6931143],[-74.1333433,45.6931487],[-74.1343293,45.6930184],[-74.1341908,45.6928355],[-74.1335756,45.6926981],[-74.1331438,45.6921827]],[[-74.0829028,45.5748701],[-74.0838415,45.5747266],[-74.0837053,45.5742901],[-74.0827665,45.5744337],[-74.0829028,45.5748701]],[[-74.0816677,45.5746006],[-74.081799,45.5750363],[-74.0827484,45.5748961],[-74.082617,45.5744603],[-74.0816677,45.5746006]],[[-74.0956796,45.5947724],[-74.0956936,45.5953754],[-74.0960561,45.595481],[-74.0961528,45.5953917],[-74.0960676,45.5951277],[-74.0961065,45.5944156],[-74.0960315,45.5943226],[-74.0956796,45.5947724]],[[-74.080724,45.6205178],[-74.08066,45.6204849],[-74.0805395,45.6205995],[-74.080677,45.6206285],[-74.080724,45.6205178]],[[-74.0799725,45.6204717],[-74.0799122,45.6205337],[-74.0801759,45.6206509],[-74.0804114,45.6206035],[-74.0803775,45.620502],[-74.0799725,45.6204717]],[[-74.0795922,45.6207207],[-74.0794344,45.6206139],[-74.0790598,45.6207736],[-74.0792292,45.6208436],[-74.0795922,45.6207207]],[[-74.0802678,45.623847],[-74.0798935,45.6237412],[-74.0799381,45.6238225],[-74.0805943,45.624091],[-74.0802678,45.623847]],[[-74.0845577,45.6281483],[-74.0849071,45.6283912],[-74.0851154,45.6283474],[-74.0851924,45.628244],[-74.0847601,45.6278969],[-74.0846155,45.6279747],[-74.0845577,45.6281483]],[[-74.1162658,45.6395934],[-74.1162205,45.6397222],[-74.1158428,45.6398638],[-74.1158718,45.63993],[-74.1163988,45.6399102],[-74.1166647,45.6397074],[-74.1164985,45.6391962],[-74.1166072,45.6388117],[-74.1167734,45.6386385],[-74.1165891,45.6385413],[-74.1163142,45.6385603],[-74.1162144,45.6387124],[-74.1161268,45.639118],[-74.1162658,45.6395934]],[[-74.0988015,45.6399814],[-74.0986943,45.6398996],[-74.0982539,45.6399536],[-74.0980127,45.6400926],[-74.0979591,45.6402579],[-74.0980855,45.6404099],[-74.0987071,45.6402306],[-74.0988238,45.6401554],[-74.0988015,45.6399814]],[[-74.11516,45.6416714],[-74.1149463,45.641864],[-74.1148914,45.6421695],[-74.1150957,45.6421339],[-74.115446,45.6418803],[-74.1153877,45.6416977],[-74.11516,45.6416714]],[[-74.1192518,45.6428459],[-74.1191067,45.6425395],[-74.1191007,45.6423319],[-74.1189606,45.6423453],[-74.1187507,45.6425575],[-74.1181117,45.6424704],[-74.118051,45.6425403],[-74.1183354,45.6429174],[-74.1178736,45.6431257],[-74.1173855,45.6435806],[-74.117593,45.6436209],[-74.1192518,45.6428459]],[[-74.111504,45.6434777],[-74.1117842,45.6434509],[-74.1121491,45.6429197],[-74.1127124,45.6425576],[-74.1121449,45.6425157],[-74.1118476,45.6426602],[-74.1112916,45.6426772],[-74.1111899,45.6428591],[-74.1109449,45.6429786],[-74.1109071,45.6431663],[-74.1113494,45.6433283],[-74.111504,45.6434777]],[[-74.1164604,45.6445778],[-74.1165906,45.6443371],[-74.1174109,45.6438585],[-74.1174437,45.6437632],[-74.1173319,45.6437459],[-74.1162745,45.6443553],[-74.1162275,45.644672],[-74.1164604,45.6445778]],[[-74.1149309,45.6460489],[-74.1149365,45.6458722],[-74.1148574,45.6457877],[-74.1142943,45.6461217],[-74.1146692,45.64623],[-74.1149309,45.6460489]],[[-74.0941894,45.6483262],[-74.093747,45.6483215],[-74.0936653,45.6486783],[-74.093781,45.6487782],[-74.0941145,45.6487259],[-74.0942983,45.648488],[-74.0941894,45.6483262]],[[-74.081636,45.6755489],[-74.0816199,45.6752958],[-74.0811985,45.6753089],[-74.0812146,45.675562],[-74.081636,45.6755489]],[[-74.0821342,45.6755733],[-74.0821802,45.675322],[-74.0817617,45.6752846],[-74.0817158,45.6755359],[-74.0821342,45.6755733]],[[-74.0820639,45.6758886],[-74.0821099,45.6756373],[-74.0816915,45.6755999],[-74.0816455,45.6758512],[-74.0820639,45.6758886]],[[-74.1239361,45.6796004],[-74.1237589,45.6797069],[-74.1237512,45.6798181],[-74.1239128,45.6799361],[-74.1242062,45.6798595],[-74.1242383,45.6797441],[-74.1241618,45.6796429],[-74.1239361,45.6796004]],[[-74.1250791,45.6828268],[-74.124949,45.6825813],[-74.124949,45.6829406],[-74.1250791,45.6828268]],[[-74.1151778,45.6937904],[-74.1152811,45.6938807],[-74.1156812,45.6939106],[-74.1162004,45.6944657],[-74.1164488,45.69445],[-74.1166982,45.6943221],[-74.1167278,45.6941511],[-74.1166175,45.6939654],[-74.1158044,45.6935745],[-74.1152026,45.693712],[-74.1151778,45.6937904]],[[-74.1185689,45.6950686],[-74.1180864,45.6952908],[-74.1177301,45.6952807],[-74.117464,45.6950579],[-74.1172363,45.6950035],[-74.1172218,45.6948407],[-74.1173026,45.6947569],[-74.1175344,45.6948029],[-74.1173636,45.694659],[-74.1169987,45.6947219],[-74.1172181,45.6952335],[-74.1168635,45.695908],[-74.1170871,45.6959708],[-74.1178131,45.6958254],[-74.118645,45.6954897],[-74.1186803,45.695142],[-74.1185689,45.6950686]],[[-74.0921668,45.7017458],[-74.0923103,45.7016365],[-74.0920794,45.7014986],[-74.0919121,45.7016094],[-74.0921668,45.7017458]],[[-74.081103,45.7020007],[-74.0813836,45.7017321],[-74.0806966,45.7017507],[-74.0807184,45.701798],[-74.081103,45.7020007]],[[-74.0933432,45.70196],[-74.0935438,45.7020519],[-74.0935682,45.7019428],[-74.0933432,45.70196]],[[-74.0938316,45.7022727],[-74.0940323,45.7023647],[-74.0940566,45.7022555],[-74.0938316,45.7022727]],[[-74.0936738,45.7023689],[-74.0934707,45.7023263],[-74.0932941,45.7024723],[-74.093336,45.7025691],[-74.0935265,45.7026331],[-74.0936598,45.7025965],[-74.0937367,45.70246],[-74.0936738,45.7023689]],[[-74.0965085,45.7085751],[-74.0962418,45.7084083],[-74.0956005,45.7084613],[-74.0950442,45.7088346],[-74.0953138,45.7091053],[-74.0957748,45.7090654],[-74.0962862,45.7087845],[-74.0965085,45.7085751]],[[-74.087484,45.7104743],[-74.0893848,45.7105359],[-74.0898061,45.7104606],[-74.0898649,45.7102349],[-74.0893946,45.7100706],[-74.0878666,45.7099502],[-74.0875531,45.7094349],[-74.0873248,45.7094366],[-74.0874135,45.7097766],[-74.0872611,45.7100087],[-74.0867688,45.7101024],[-74.0854935,45.7100107],[-74.0854041,45.7101058],[-74.085464,45.7101971],[-74.0858153,45.7102008],[-74.0861504,45.7103103],[-74.0862985,45.710615],[-74.0861889,45.7108234],[-74.0862309,45.7108644],[-74.0865209,45.7107099],[-74.0868961,45.7107548],[-74.087484,45.7104743]],[[-74.0850638,45.7122121],[-74.0837509,45.711398],[-74.0835157,45.7114253],[-74.0848973,45.7126295],[-74.0850932,45.7125747],[-74.0851912,45.7124516],[-74.0850638,45.7122121]],[[-74.07522089462688,45.52447389111365],[-74.0751973,45.5243733],[-74.0750517,45.5243702],[-74.0750036,45.5244686],[-74.07522089462688,45.52447389111365]],[[-74.075539,45.5244956],[-74.0753035,45.5244985],[-74.0751718,45.5246353],[-74.0752107,45.5247522],[-74.0755177,45.524822],[-74.0756774,45.5246291],[-74.075539,45.5244956]],[[-74.0735204,45.5504027],[-74.0722945,45.5504834],[-74.0720507,45.5509027],[-74.0720507,45.5512868],[-74.0724617,45.5512917],[-74.0725753,45.551497],[-74.0730256,45.551174],[-74.0731794,45.5509673],[-74.073563,45.5509188],[-74.0734407,45.5511705],[-74.0734509,45.5513416],[-74.0735263,45.5513785],[-74.0737031,45.5512616],[-74.0739906,45.5508621],[-74.0744106,45.5507661],[-74.07474,45.5505547],[-74.0747656,45.5503922],[-74.0745638,45.5502314],[-74.0743086,45.5502076],[-74.0735204,45.5504027]],[[-74.0419473,45.5719084],[-74.0420469,45.5719587],[-74.0422817,45.5718606],[-74.0421268,45.5717051],[-74.0419286,45.5717831],[-74.0419473,45.5719084]],[[-74.0553788,45.5719369],[-74.055091,45.5720626],[-74.055091,45.5720925],[-74.0551754,45.5721425],[-74.0555197,45.5720522],[-74.0553788,45.5719369]],[[-74.0778225,45.5789837],[-74.0776715,45.5789069],[-74.0775788,45.579022],[-74.0777101,45.5790805],[-74.0778225,45.5789837]],[[-74.0442068,45.5816987],[-74.0440998,45.5816097],[-74.043971,45.5816831],[-74.0440776,45.5817748],[-74.0442068,45.5816987]],[[-74.0315507,45.5864095],[-74.0317709,45.5864977],[-74.0318942,45.5864599],[-74.0319718,45.5863154],[-74.031854,45.5861972],[-74.0316532,45.586201],[-74.03157,45.5862534],[-74.0315507,45.5864095]],[[-74.0611418,45.5959418],[-74.060973,45.5960419],[-74.0615724,45.5964012],[-74.0618155,45.5964501],[-74.0619097,45.5966133],[-74.062275,45.5968227],[-74.0623867,45.5968401],[-74.062641,45.5965918],[-74.0622777,45.5965703],[-74.0611418,45.5959418]],[[-74.0466404,45.6025218],[-74.0464323,45.6024708],[-74.046256,45.6025634],[-74.0462679,45.6027174],[-74.0465358,45.6027893],[-74.0467014,45.60262],[-74.0466404,45.6025218]],[[-74.0293496,45.6042535],[-74.0288526,45.6043966],[-74.0295355,45.60442],[-74.0305318,45.6042937],[-74.030658,45.6040897],[-74.0307986,45.6040204],[-74.0307039,45.6039133],[-74.0297199,45.6040144],[-74.0293496,45.6042535]],[[-74.0704206,45.6099216],[-74.0703057,45.609555],[-74.0702342,45.6095738],[-74.0700888,45.6098863],[-74.0704206,45.6099216]],[[-74.0646871,45.6144574],[-74.0645079,45.614652],[-74.0646624,45.6147659],[-74.0649241,45.614554],[-74.0648623,45.6144243],[-74.0646871,45.6144574]],[[-74.0618968,45.6187534],[-74.0621738,45.6184516],[-74.0621511,45.6184167],[-74.0619263,45.6183579],[-74.0616198,45.6185596],[-74.0618968,45.6187534]],[[-74.06209182109845,45.61888275668471],[-74.0622873,45.6186263],[-74.0621942,45.6185549],[-74.0619354,45.6188185],[-74.06209182109845,45.61888275668471]],[[-74.0780269,45.6205025],[-74.0779697,45.6206289],[-74.0784051,45.6206625],[-74.0784678,45.6205773],[-74.0780269,45.6205025]],[[-74.0773886,45.620638],[-74.0776377,45.6207025],[-74.0778425,45.6205864],[-74.0773702,45.6205528],[-74.0773886,45.620638]],[[-74.077425,45.6211967],[-74.0776962,45.6212142],[-74.0777933,45.6211639],[-74.0778201,45.6210105],[-74.0774016,45.6209238],[-74.077199,45.6210831],[-74.077425,45.6211967]],[[-74.02578640543639,45.62131051787681],[-74.025942,45.6211116],[-74.0257613,45.6210173],[-74.025435,45.6212984],[-74.0255699,45.6214266],[-74.02578640543639,45.62131051787681]],[[-74.0271651,45.6213886],[-74.0269472,45.621705],[-74.0273239,45.621671],[-74.0274607,45.6215414],[-74.0274273,45.6214203],[-74.0271651,45.6213886]],[[-74.0600778,45.6214559],[-74.0600147,45.6215623],[-74.0600704,45.6216558],[-74.0605864,45.6217181],[-74.0606867,45.6218505],[-74.0608092,45.6218064],[-74.0607721,45.6216428],[-74.0605159,45.621635],[-74.0602969,45.6214377],[-74.0600778,45.6214559]],[[-74.0616074,45.6224192],[-74.0613698,45.62244],[-74.0613141,45.622536],[-74.0614255,45.6226944],[-74.0616,45.6227619],[-74.0616965,45.6224919],[-74.0616074,45.6224192]],[[-74.0604904,45.6249272],[-74.0602168,45.6250743],[-74.0603205,45.6252112],[-74.0605106,45.6252414],[-74.0606632,45.6251085],[-74.0604904,45.6249272]],[[-74.0566106,45.6281477],[-74.0566629,45.628007],[-74.0563612,45.6279517],[-74.0563491,45.6281214],[-74.0566106,45.6281477]],[[-74.036583,45.6338815],[-74.0366365,45.6335316],[-74.0364476,45.6332389],[-74.0357143,45.633624],[-74.0357678,45.6337847],[-74.0358496,45.6338111],[-74.0361297,45.6338089],[-74.0363091,45.6339057],[-74.036583,45.6338815]],[[-74.0307809,45.635536],[-74.0307228,45.6353194],[-74.0307882,45.6350282],[-74.0306913,45.6349115],[-74.0305708,45.6349601],[-74.0305267,45.6351535],[-74.0306284,45.6355479],[-74.0307809,45.635536]],[[-74.0317518,45.6376609],[-74.0320036,45.63768],[-74.0324528,45.6375658],[-74.0323915,45.637423],[-74.0318403,45.6374135],[-74.0317654,45.6374468],[-74.0317518,45.6376609]],[[-74.0487145,45.6399479],[-74.0486793,45.6396448],[-74.048471,45.6396484],[-74.0485205,45.6400416],[-74.0487145,45.6399479]],[[-74.0323155,45.641045],[-74.0322189,45.6410104],[-74.0319269,45.6410661],[-74.0322877,45.6411454],[-74.0323155,45.641045]],[[-74.0606664,45.6496828],[-74.0608034,45.6497534],[-74.0612674,45.6496612],[-74.060978,45.6494039],[-74.0607811,45.6493787],[-74.0607058,45.6494278],[-74.0606664,45.6496828]],[[-74.0507871,45.6777987],[-74.0518806,45.6779166],[-74.0519326,45.6776814],[-74.0508391,45.6775634],[-74.0507871,45.6777987]],[[-74.0518015,45.6782409],[-74.0518535,45.6780057],[-74.05076,45.6778876],[-74.050708,45.678123],[-74.0518015,45.6782409]],[[-74.0225713,45.6873413],[-74.022383,45.6872062],[-74.0220819,45.687411],[-74.0222702,45.6875461],[-74.0225713,45.6873413]],[[-74.022866,45.6875396],[-74.0226776,45.6874045],[-74.0223766,45.6876093],[-74.0225649,45.6877444],[-74.022866,45.6875396]],[[-74.0222748,45.6879613],[-74.0224655,45.6878279],[-74.0221683,45.6876204],[-74.0219775,45.6877538],[-74.0222748,45.6879613]],[[-74.0157424,45.6921903],[-74.015876,45.6923036],[-74.0161148,45.6921592],[-74.015933,45.6920584],[-74.0157424,45.6921903]],[[-74.0628902,45.7112831],[-74.0631755,45.7113904],[-74.0633223,45.7113375],[-74.063395,45.7111759],[-74.0632324,45.7110349],[-74.0630555,45.7110294],[-74.0629129,45.7111027],[-74.0628902,45.7112831]],[[-74.0508629,45.7136239],[-74.0510621,45.7140935],[-74.0512366,45.7142572],[-74.0514368,45.7142583],[-74.0518085,45.7139628],[-74.0519437,45.7136858],[-74.0518467,45.7133906],[-74.0513595,45.7132646],[-74.0508899,45.7133491],[-74.0508629,45.7136239]],[[-74.0326818,45.7269026],[-74.0328998,45.7269882],[-74.034426,45.7271404],[-74.0348212,45.7266077],[-74.0348485,45.7261891],[-74.0345759,45.7256659],[-74.0323684,45.7229166],[-74.0320141,45.722831],[-74.0315644,45.7229832],[-74.0309239,45.7237538],[-74.030665,45.7242865],[-74.0301881,45.7248478],[-74.0310193,45.7257515],[-74.0311283,45.725761],[-74.031251,45.7256564],[-74.0319187,45.7257515],[-74.032709,45.7261511],[-74.0328453,45.7264555],[-74.0326818,45.7269026]],[[-74.0257154,45.7275077],[-74.0261917,45.7275469],[-74.0263697,45.727402],[-74.0263107,45.7273034],[-74.0264353,45.7272676],[-74.0265382,45.7270297],[-74.0268085,45.7272164],[-74.027181,45.7272213],[-74.0274438,45.7270123],[-74.028559,45.7265387],[-74.0285979,45.7262948],[-74.0281351,45.7261182],[-74.0281541,45.7258602],[-74.0283919,45.7257296],[-74.0284058,45.7255642],[-74.0283078,45.7253812],[-74.0279478,45.7253231],[-74.0276492,45.7248107],[-74.0274979,45.7240242],[-74.0275263,45.7236371],[-74.0270097,45.7236258],[-74.0270267,45.7238925],[-74.0267172,45.7243341],[-74.0264591,45.7244786],[-74.0260719,45.7257644],[-74.0267711,45.726279],[-74.026489,45.7267741],[-74.0258931,45.7266781],[-74.0257644,45.7267223],[-74.025498,45.7275963],[-74.0257154,45.7275077]],[[-74.0326699,45.7297183],[-74.0337147,45.7301562],[-74.0342034,45.7301701],[-74.0344252,45.7304015],[-74.0345371,45.7304189],[-74.0346154,45.7302313],[-74.0344791,45.7298798],[-74.0343674,45.7298343],[-74.0338828,45.729812],[-74.0326159,45.7295272],[-74.0326699,45.7297183]],[[-73.9964904,45.6325547],[-73.9974091,45.632725],[-73.9976336,45.6325992],[-73.997515,45.6323668],[-73.9971626,45.6323702],[-73.9964413,45.6322029],[-73.9959837,45.6319887],[-73.9957742,45.6320449],[-73.9957163,45.6322861],[-73.9964904,45.6325547]],[[-73.9911774,45.6337867],[-73.9912834,45.6342342],[-73.9916961,45.6342493],[-73.9917394,45.6339572],[-73.992119,45.6335411],[-73.9922265,45.6332172],[-73.9921131,45.6330778],[-73.9915382,45.6330303],[-73.9913488,45.6331062],[-73.9909212,45.6337197],[-73.9911774,45.6337867]],[[-73.9957807,45.6354092],[-73.9951813,45.6354446],[-73.9952524,45.636642],[-73.9956481,45.6366528],[-73.9957807,45.6354092]],[[-73.9959281,45.6363537],[-73.9957761,45.6363528],[-73.9958507,45.6365967],[-73.9962356,45.6366815],[-73.9960835,45.6364181],[-73.9959617,45.6364445],[-73.9959281,45.6363537]],[[-74.0091749,45.6422427],[-74.0092149,45.6418498],[-74.0083552,45.6418125],[-74.0083152,45.6421977],[-74.0091749,45.6422427]],[[-73.9550562,45.6471287],[-73.9550348,45.6469266],[-73.9555674,45.6468767],[-73.9548539,45.6466954],[-73.9541979,45.6463967],[-73.9538821,45.6463862],[-73.9536567,45.6464914],[-73.953615,45.6469315],[-73.9538901,45.6469978],[-73.95435540823715,45.64695780060846],[-73.9547229,45.6472359],[-73.9551624,45.6472668],[-73.9550562,45.6471287]],[[-73.9552681,45.6480613],[-73.9552263,45.6485014],[-73.9558374,45.6485642],[-73.9557506,45.6481682],[-73.9555368,45.6480041],[-73.9552681,45.6480613]],[[-73.9515694,45.6491964],[-73.9515885,45.649093],[-73.9511588,45.6491364],[-73.9510967,45.6492932],[-73.9511827,45.6494468],[-73.9512877,45.6494334],[-73.9515694,45.6491964]],[[-73.9955227,45.6506979],[-73.9955227,45.6507647],[-73.9958019,45.6508235],[-73.9960391,45.6507407],[-73.9958593,45.6506845],[-73.9959626,45.650607],[-73.995932,45.6505348],[-73.9955953,45.6504091],[-73.9954653,45.6504599],[-73.9958402,45.6505936],[-73.9955227,45.6506979]],[[-73.9936789,45.6510214],[-73.9939237,45.6510027],[-73.9938434,45.6508449],[-73.9936903,45.6507861],[-73.9936789,45.6510214]],[[-73.9947308,45.6519092],[-73.9947155,45.6521685],[-73.9947882,45.6521766],[-73.9948265,45.6520536],[-73.9950751,45.6518557],[-73.9949871,45.6517675],[-73.994945,45.6514332],[-73.9948341,45.6514546],[-73.9948226,45.6516739],[-73.9949221,45.6517995],[-73.9947308,45.6519092]],[[-73.995,45.6528335],[-73.9951354,45.6531452],[-73.9951045,45.653268],[-73.9952462,45.6531702],[-73.9951274,45.6528564],[-73.995,45.6528335]],[[-73.9970393,45.6533161],[-73.9966646,45.6531328],[-73.9965683,45.6531777],[-73.9966432,45.6533648],[-73.9968252,45.6534508],[-73.9970393,45.6533161]],[[-73.9972976,45.6550376],[-73.9970222,45.6551365],[-73.9970375,45.6553745],[-73.9971063,45.6554119],[-73.9973664,45.6551499],[-73.9972976,45.6550376]],[[-73.99421465308761,45.65539408465768],[-73.9942256,45.6555357],[-73.9944436,45.655529],[-73.9945488,45.65539],[-73.99421465308761,45.65539408465768]],[[-73.9994403,45.6558451],[-73.9995971,45.6556145],[-73.9994754,45.6554112],[-73.9992807,45.655399],[-73.9993064,45.6556135],[-73.9992009,45.6558527],[-73.9994403,45.6558451]],[[-73.9972317,45.6572886],[-73.9968814,45.6572423],[-73.9968557,45.6574011],[-73.9969869,45.6574597],[-73.9971114,45.6574172],[-73.9972317,45.6572886]],[[-73.9894161,45.6587849],[-73.9900509,45.6588176],[-73.9902505,45.6590194],[-73.9906029,45.6590476],[-73.9907494,45.658914],[-73.9903758,45.6587003],[-73.9901146,45.6587449],[-73.9894735,45.6586736],[-73.9894161,45.6587849]],[[-73.9983134,45.6606191],[-73.9983287,45.6604854],[-73.9980858,45.6603103],[-73.9980265,45.6601004],[-73.9978659,45.6600777],[-73.9978467,45.6602047],[-73.9981336,45.6606953],[-73.9983134,45.6606191]],[[-73.9960921,45.6604488],[-73.9959352,45.6601804],[-73.9955592,45.660394],[-73.9957188,45.6604772],[-73.9957702,45.6607664],[-73.9959893,45.6608345],[-73.9960921,45.6604488]],[[-73.998009,45.6615282],[-73.9979726,45.6616057],[-73.9980702,45.6616645],[-73.9981524,45.6619573],[-73.9983112,45.6620508],[-73.9981352,45.6621297],[-73.9974677,45.6617995],[-73.9971005,45.6619399],[-73.9971081,45.6620468],[-73.9974008,45.6621578],[-73.9976073,45.6620361],[-73.9979382,45.6621725],[-73.9985024,45.6622219],[-73.9984891,45.6617514],[-73.9982251,45.6614894],[-73.998009,45.6615282]],[[-73.9662391,45.6696791],[-73.966267,45.6695468],[-73.9661338,45.6693801],[-73.9662913,45.6693421],[-73.9662519,45.6692544],[-73.9656676,45.6692551],[-73.9654697,45.6693659],[-73.9654537,45.6695087],[-73.96583432727948,45.669324680972096],[-73.9661295,45.66956],[-73.9661444,45.6697076],[-73.9662391,45.6696791]],[[-73.9649885,45.6706659],[-73.9651193,45.6707625],[-73.9651242,45.6709004],[-73.9648553,45.6711348],[-73.9649466,45.6712124],[-73.9652623,45.6708969],[-73.9649688,45.6705746],[-73.9647862,45.670597],[-73.9647788,45.6706573],[-73.9649885,45.6706659]],[[-73.970338,45.6740189],[-73.9703611,45.6738829],[-73.9697652,45.6736502],[-73.9695114,45.673456],[-73.969701,45.6736614],[-73.9695364,45.6737742],[-73.9698725,45.6737791],[-73.9702206,45.6739698],[-73.9700972,45.674124],[-73.9703119,45.6741303],[-73.9707463,45.6743757],[-73.970338,45.6740189]],[[-74.0066919,45.6788767],[-74.0069289,45.6788023],[-74.0072048,45.6784841],[-74.0070857,45.6783993],[-74.0064858,45.6783677],[-74.0062191,45.678585],[-74.0064083,45.6788274],[-74.0066919,45.6788767]],[[-73.914644,45.6153766],[-73.9143302,45.6149538],[-73.914452,45.6148144],[-73.9144502,45.6146545],[-73.9140275,45.6145899],[-73.9138146,45.6146698],[-73.9137731,45.6147817],[-73.9142378,45.6152785],[-73.914644,45.6153766]],[[-73.9045776,45.6165497],[-73.9047711,45.6167287],[-73.9049022,45.6166632],[-73.9047981,45.6165395],[-73.9045776,45.6165497]],[[-73.9245001,45.6194262],[-73.9238395,45.6189197],[-73.9235153,45.618954],[-73.9234816,45.6190772],[-73.9237975,45.6193598],[-73.9243091,45.6196521],[-73.9245001,45.6194262]],[[-73.9230625,45.6193324],[-73.923732,45.619766],[-73.9239573,45.6196609],[-73.9232773,45.6191122],[-73.9230625,45.6193324]],[[-73.9331289,45.6259825],[-73.9328372,45.6259778],[-73.9325077,45.6261046],[-73.9324893,45.6262784],[-73.9327381,45.6265072],[-73.9327379,45.6271211],[-73.9331959,45.6274457],[-73.9330129,45.6276058],[-73.9330104,45.6278217],[-73.9327916,45.6279796],[-73.9338715,45.6287221],[-73.9343983,45.6285609],[-73.9347589,45.628139],[-73.9355819,45.6275134],[-73.9331289,45.6259825]],[[-73.9390707,45.6315613],[-73.9393423,45.6312798],[-73.9392877,45.6311729],[-73.9387819,45.6313322],[-73.9390707,45.6315613]],[[-73.9390131,45.6394804],[-73.9389977,45.6391684],[-73.9388593,45.6390286],[-73.9387862,45.6390689],[-73.9388093,45.6396659],[-73.9391208,45.6396982],[-73.9390131,45.6394804]],[[-73.9433222,45.6407837],[-73.9437897,45.640812],[-73.9441073,45.6406822],[-73.9438528,45.640574],[-73.9435288,45.6405803],[-73.9432994,45.6406938],[-73.9433222,45.6407837]],[[-73.9392693,45.6426453],[-73.9390181,45.6427255],[-73.9390486,45.6428183],[-73.9393034,45.6427857],[-73.9396334,45.642925],[-73.9398577,45.6428785],[-73.9397823,45.6427632],[-73.9394809,45.6427883],[-73.9392693,45.6426453]],[[-73.9460682,45.6433832],[-73.9459646,45.6433812],[-73.9457718,45.6437433],[-73.945861,45.6437453],[-73.9460883,45.6434576],[-73.9460682,45.6433832]],[[-73.946832453612,45.643530968745864],[-73.9467098,45.6434355],[-73.9465746,45.6434798],[-73.946707,45.6437373],[-73.9468451,45.6436749],[-73.946832453612,45.643530968745864]],[[-73.9449672,45.6446036],[-73.94449598981579,45.64451460821591],[-73.94441,45.6444036],[-73.943901,45.6444873],[-73.9441118,45.6448757],[-73.9442553,45.6449103],[-73.9449672,45.6446036]],[[-73.891548,45.6451108],[-73.8917779,45.6448612],[-73.8918401,45.6446777],[-73.8921484,45.6445302],[-73.8927219,45.6444243],[-73.8925434,45.6442466],[-73.8919807,45.644396],[-73.8917238,45.644708],[-73.8914316,45.6447704],[-73.8910205,45.6446248],[-73.8909204,45.6446796],[-73.891364,45.6449595],[-73.8915939,45.6452583],[-73.8917698,45.6453415],[-73.8918563,45.6452942],[-73.8918347,45.6452167],[-73.891548,45.6451108]],[[-73.9496693,45.650613],[-73.9498041,45.650745],[-73.9501238,45.6507315],[-73.9501431,45.6504219],[-73.9498454,45.6504194],[-73.9496693,45.650613]],[[-73.9002252,45.651198],[-73.9004031,45.6511392],[-73.9002156,45.6508183],[-73.8997279,45.6506672],[-73.8996667,45.6508504],[-73.8999976,45.6511311],[-73.9002252,45.651198]],[[-73.9109796,45.6525218],[-73.9114638,45.6526579],[-73.9116234,45.6526088],[-73.9115828,45.6524424],[-73.9114368,45.6524103],[-73.9111446,45.6523989],[-73.9109796,45.6525218]],[[-73.9141728,45.6530182],[-73.9142445,45.6530355],[-73.9144623,45.652619],[-73.9141808,45.6527293],[-73.9141728,45.6530182]],[[-73.914001,45.6530645],[-73.9140551,45.6528451],[-73.9138955,45.6525577],[-73.9135925,45.6530682],[-73.9138008,45.6531382],[-73.914001,45.6530645]],[[-73.9063332,45.6550644],[-73.9063485,45.6549361],[-73.9060961,45.6545992],[-73.9058513,45.6545457],[-73.9058207,45.6548853],[-73.9063332,45.6550644]],[[-73.9315386,45.6611966],[-73.931676,45.6610672],[-73.9324243,45.6608985],[-73.9321251,45.6611897],[-73.9321373,45.6613426],[-73.9324555,45.6614325],[-73.93263247741123,45.66126634613726],[-73.9329206,45.6613213],[-73.9331715,45.6611245],[-73.9338079,45.6612186],[-73.9336304,45.6608465],[-73.9336794,45.660684],[-73.9344749,45.6605172],[-73.9340212,45.6601788],[-73.9336809,45.6601109],[-73.9333163,45.6602553],[-73.9324575,45.6608346],[-73.9315779,45.6610339],[-73.9302341,45.6619884],[-73.9302708,45.6622108],[-73.9304177,45.6624375],[-73.9310113,45.6625145],[-73.9315068,45.6622296],[-73.9317994,45.6622352],[-73.9316722,45.6621243],[-73.9317927,45.6620447],[-73.9321311,45.662074],[-73.932278,45.6619842],[-73.9322413,45.6618773],[-73.9317884,45.6618259],[-73.9317273,45.6617361],[-73.9317395,45.6613683],[-73.9315386,45.6611966]],[[-73.9063324,45.6612899],[-73.9060271,45.6614858],[-73.9058887,45.6614782],[-73.9057411,45.6616421],[-73.9059396,45.661828],[-73.9062614,45.661713],[-73.9061061,45.6616008],[-73.9061539,45.6614711],[-73.906572,45.6617114],[-73.906783,45.6615393],[-73.9065926,45.6613331],[-73.9063324,45.6612899]],[[-73.9142694,45.6640599],[-73.9143553,45.6639399],[-73.914234,45.663607],[-73.9137115,45.6632501],[-73.9133972,45.6632621],[-73.9133972,45.6634421],[-73.9138049,45.663757],[-73.9138617,45.6639699],[-73.9142694,45.6640599]],[[-73.9109939,45.6649866],[-73.9105004,45.6656165],[-73.910715,45.6656315],[-73.9110797,45.6653915],[-73.911466,45.6652716],[-73.9116591,45.6651066],[-73.9121526,45.6649417],[-73.9123812,45.6645998],[-73.9128103,45.6643598],[-73.9124101,45.6640719],[-73.912217,45.6642668],[-73.9112943,45.6645218],[-73.9110368,45.6646717],[-73.9109939,45.6649866]],[[-73.9181737,45.666293],[-73.9181303,45.6661499],[-73.9176802,45.6665634],[-73.9179266,45.6666414],[-73.9181737,45.666293]],[[-73.9157361,45.6677608],[-73.9159646,45.6678688],[-73.916265,45.6678088],[-73.9165515,45.6680607],[-73.9170879,45.6680157],[-73.9170375,45.6678088],[-73.9173164,45.6676138],[-73.9173379,45.6674789],[-73.917139,45.6674105],[-73.916766,45.6674609],[-73.9167585,45.667269],[-73.9165869,45.667224],[-73.9162006,45.6673739],[-73.9158433,45.6674009],[-73.9156856,45.6675689],[-73.9157361,45.6677608]],[[-73.9042138,45.6669282],[-73.9039241,45.6668157],[-73.9036479,45.6670215],[-73.90309,45.6669466],[-73.9028191,45.6672431],[-73.902465,45.6673481],[-73.902229,45.667648],[-73.902465,45.6676854],[-73.9027225,45.6675655],[-73.9030122,45.6676929],[-73.9030766,45.6678054],[-73.9030122,45.6680753],[-73.9031946,45.6682403],[-73.9033512,45.668617],[-73.9038598,45.6688251],[-73.9039563,45.6687501],[-73.9039671,45.6685551],[-73.9036452,45.6683002],[-73.903731,45.6681428],[-73.9036774,45.6679104],[-73.9032938,45.6675988],[-73.9032911,45.667513],[-73.9037096,45.6673556],[-73.9039885,45.6673705],[-73.9041495,45.6671606],[-73.9047074,45.6669432],[-73.90471,45.6668491],[-73.9046323,45.6667857],[-73.9042138,45.6669282]],[[-73.918826,45.6687505],[-73.9188903,45.6689304],[-73.9190835,45.6690204],[-73.9192766,45.6688704],[-73.9197626,45.6687085],[-73.9196843,45.6684805],[-73.9200936,45.6679287],[-73.920052,45.6678131],[-73.9198913,45.6677188],[-73.9195984,45.6677308],[-73.9192262,45.6680637],[-73.918518,45.6682736],[-73.9184826,45.6684356],[-73.918826,45.6687505]],[[-73.9161362,45.6720822],[-73.9163294,45.6720822],[-73.9164152,45.672442],[-73.9161362,45.672562],[-73.9160719,45.6726969],[-73.9165654,45.672577],[-73.9168658,45.6722921],[-73.9168229,45.6720972],[-73.9166083,45.6720972],[-73.9164152,45.6718423],[-73.9162221,45.6718423],[-73.9161148,45.6719472],[-73.9161362,45.6720822]],[[-73.9358759,45.6771557],[-73.9350516,45.676598],[-73.9348303,45.6767577],[-73.9356546,45.6773154],[-73.9358759,45.6771557]],[[-73.9315316,45.6780642],[-73.9333894,45.6766926],[-73.9325371,45.6761238],[-73.9306985,45.6775222],[-73.9315316,45.6780642]],[[-73.9353749,45.6775298],[-73.9355962,45.6773701],[-73.9347719,45.6768124],[-73.9345506,45.6769721],[-73.9353749,45.6775298]],[[-73.9326237,45.688587],[-73.9328568,45.6886794],[-73.9331711,45.6884022],[-73.9328856,45.6882714],[-73.9326132,45.6884534],[-73.9326237,45.688587]],[[-73.9334802,45.6885934],[-73.9329812,45.6887425],[-73.9333912,45.688963],[-73.9336858,45.6887745],[-73.9334802,45.6885934]],[[-73.9204804,45.7102258],[-73.92077,45.7105178],[-73.9210527,45.7103655],[-73.9211986,45.7104973],[-73.9214249,45.7103677],[-73.9209505,45.709942],[-73.9204804,45.7102258]],[[-73.8989997,45.7131945],[-73.8989092,45.7132324],[-73.8989313,45.7133326],[-73.8990969,45.7133626],[-73.898931,45.7135555],[-73.8991318,45.7135246],[-73.8992853,45.7136566],[-73.8993269,45.7136047],[-73.89916684686915,45.71342401574303],[-73.8992116,45.7133181],[-73.8989997,45.7131945]],[[-73.8935401,45.7135616],[-73.8938901,45.7135101],[-73.8938472,45.7134324],[-73.8934703,45.7134127],[-73.8932973,45.7136599],[-73.8933912,45.713688],[-73.8935401,45.7135616]],[[-73.9025415,45.7138982],[-73.9024872,45.7137386],[-73.9023069,45.7139179],[-73.902386,45.714049],[-73.9025415,45.7138982]],[[-73.9017684,45.7139685],[-73.9013453,45.7140836],[-73.9014217,45.714122],[-73.9017684,45.7139685]],[[-73.9311312,45.7153926],[-73.9322655,45.7145426],[-73.9315182,45.7140563],[-73.9303837,45.7149062],[-73.9311312,45.7153926]],[[-73.8996481,45.7147489],[-73.9001584,45.714881],[-73.9003167,45.7147742],[-73.899681,45.7146881],[-73.8996481,45.7147489]],[[-73.9319871,45.7159699],[-73.9331214,45.7151199],[-73.9323741,45.7146337],[-73.9312396,45.7154835],[-73.9319871,45.7159699]],[[-73.9310141,45.7154864],[-73.9302668,45.7150001],[-73.9291323,45.71585],[-73.9298798,45.7163364],[-73.9310141,45.7154864]],[[-73.9324887,45.7160904],[-73.9333645,45.7155665],[-73.9333615,45.715529],[-73.9331852,45.715458],[-73.9323572,45.7160653],[-73.9324887,45.7160904]],[[-73.9318582,45.7160552],[-73.9311109,45.715569],[-73.9299764,45.7164188],[-73.9307239,45.7169052],[-73.9318582,45.7160552]],[[-73.9353756,45.7160846],[-73.9344115,45.7154586],[-73.9327536,45.7164],[-73.9339276,45.7171602],[-73.9353756,45.7160846]],[[-73.8966648,45.7163062],[-73.8964603,45.716389],[-73.8964469,45.7162074],[-73.8963041,45.7161896],[-73.8964174,45.7164415],[-73.8965254,45.7164944],[-73.8967647,45.7163497],[-73.8966648,45.7163062]],[[-73.9015116,45.7196049],[-73.9014653,45.7194762],[-73.9015887,45.7195422],[-73.9017557,45.7194476],[-73.9016148,45.719339],[-73.9014485,45.7193296],[-73.9013399,45.7195291],[-73.9011991,45.7196049],[-73.9008343,45.7195637],[-73.9004749,45.7197032],[-73.9003341,45.7198858],[-73.9006627,45.7197023],[-73.9012165,45.7198193],[-73.9015116,45.7196049]],[[-73.9296839,45.7263153],[-73.9294627,45.7263232],[-73.9293714,45.7265119],[-73.9296108,45.7266136],[-73.9297373,45.7265727],[-73.9298082,45.7264386],[-73.9296839,45.7263153]],[[-73.9156898,45.7518307],[-73.9154726,45.7515907],[-73.9154054,45.7512366],[-73.9144145,45.7512888],[-73.9146867,45.7516078],[-73.9150747,45.7516637],[-73.9156672,45.7520129],[-73.9156898,45.7518307]],[[-73.9103018,45.7527003],[-73.9103637,45.7525744],[-73.9101247,45.7524605],[-73.9093511,45.7524524],[-73.9090458,45.7525008],[-73.9089479,45.752618],[-73.9089576,45.7527893],[-73.9096824,45.752842],[-73.9103018,45.7527003]],[[-73.9207268,45.7528471],[-73.920504,45.7527277],[-73.9202379,45.7528326],[-73.9199643,45.7531984],[-73.920398,45.7534342],[-73.9210769,45.753335],[-73.9211462,45.7532484],[-73.9207349,45.7531306],[-73.9207268,45.7528471]],[[-73.911162,45.7531047],[-73.9109307,45.7538749],[-73.9112117,45.7538487],[-73.9116324,45.7532931],[-73.9116299,45.7531893],[-73.911162,45.7531047]],[[-73.9177555,45.7537643],[-73.9180909,45.7535729],[-73.9181363,45.7534806],[-73.9180143,45.7533198],[-73.9177887,45.7533969],[-73.9177009,45.7536573],[-73.9177555,45.7537643]],[[-73.9132589,45.7536663],[-73.9134581,45.7537519],[-73.9144426,45.7538765],[-73.9141034,45.7534756],[-73.9139517,45.7534297],[-73.9137175,45.7535516],[-73.9133282,45.7535798],[-73.9132589,45.7536663]],[[-73.8840614,45.7305716],[-73.8843114,45.7306833],[-73.8844526,45.7305127],[-73.8843777,45.7304358],[-73.8841267,45.7304433],[-73.8840614,45.7305716]],[[-73.8845314,45.7308478],[-73.8845938,45.7307519],[-73.8844359,45.7306903],[-73.8843555,45.7307497],[-73.8843828,45.7308291],[-73.8845314,45.7308478]]],[[[-74.00819937758493,45.751171490109996],[-74.00859473499283,45.751473493847044],[-74.0083996,45.7513358],[-74.00819937758493,45.751171490109996]]],[[[-74.0193361130894,45.749795519011606],[-74.01805091071294,45.75059069937938],[-74.018883,45.75],[-74.0193361130894,45.749795519011606]]],[[[-74.0649661,45.7326777],[-74.0644621,45.7323922],[-74.0632187,45.7314086],[-74.0627541,45.7312039],[-74.0616728,45.7310023],[-74.0586529,45.7309541],[-74.0582295,45.7310102],[-74.0579368,45.7312905],[-74.0579014,45.7316056],[-74.0581846,45.7342407],[-74.0582139,45.7358962],[-74.058064,45.7363288],[-74.0578489,45.7366628],[-74.0573625,45.7368542],[-74.0569908,45.7369261],[-74.0742714,45.7482339],[-74.0648998,45.7520245],[-74.064087,45.7524441],[-74.0520757,45.7577578],[-74.0370458,45.7481041],[-74.0362232,45.7474617],[-74.0353229,45.7469411],[-74.03047788129689,45.7437363954655],[-74.0315505,45.7440431],[-74.0329986,45.7446432],[-74.0341281,45.7447168],[-74.0353847,45.7445301],[-74.0372285,45.7437994],[-74.0397488,45.7420677],[-74.041355,45.7406986],[-74.0427493,45.7400102],[-74.0438391,45.7396709],[-74.0444723,45.7393067],[-74.0447165,45.7389713],[-74.0449034,45.738369],[-74.044933,45.7378697],[-74.0448237,45.7372433],[-74.0449113,45.7358295],[-74.0453027,45.7352198],[-74.046638,45.7344048],[-74.0471693,45.7341944],[-74.0491828,45.73402],[-74.0509349,45.7342987],[-74.0523637,45.7348283],[-74.0543774,45.7360321],[-74.0562913,45.7370154],[-74.0566481,45.7369976],[-74.0578381,45.7366447],[-74.0580798,45.7361493],[-74.0581414,45.7356389],[-74.0581231,45.7339748],[-74.057861,45.7322617],[-74.05781,45.7314055],[-74.0579329,45.7311536],[-74.058159,45.7309921],[-74.0587691,45.7308943],[-74.0612087,45.7309435],[-74.0624537,45.7310538],[-74.0632281,45.7313328],[-74.064937,45.7326605],[-74.06547307641424,45.73266326511961],[-74.0649661,45.7326777]],[[-74.0520668,45.7370828],[-74.0519327,45.7372477],[-74.0519209,45.7376012],[-74.0515273,45.7380509],[-74.0523847,45.7376935],[-74.0532348,45.7376531],[-74.0534098,45.7374042],[-74.0533671,45.7365313],[-74.052511,45.7363921],[-74.0520897,45.7368164],[-74.0520668,45.7370828]]],[[[-74.0786599,45.7261575],[-74.0775942,45.7262169],[-74.0765552,45.7263751],[-74.0752494,45.7268316],[-74.0744585,45.7273755],[-74.073975,45.7278368],[-74.0734005,45.7281996],[-74.0726723,45.7285992],[-74.0716486,45.7290002],[-74.0707032,45.7295358],[-74.0698762,45.7303318],[-74.0689971,45.731065],[-74.0664012,45.7322837],[-74.0659547,45.7326008],[-74.0655991341029,45.73264691581938],[-74.0660323,45.7325287],[-74.0666699,45.7320998],[-74.0689125,45.7310703],[-74.0695548,45.7305769],[-74.0708494,45.729377],[-74.0721069,45.728665],[-74.0733863,45.7281552],[-74.0747636,45.7270875],[-74.0759926,45.7264062],[-74.0770245,45.7261842],[-74.0781664,45.7261759],[-74.07949485132704,45.726042053425296],[-74.0788566,45.7262916],[-74.0786599,45.7261575]]],[[[-74.079673,45.7259724],[-74.07967373399774,45.72597153265519],[-74.07967758340352,45.7259695627377],[-74.079673,45.7259724]]],[[[-74.0806071,45.724375],[-74.0806024,45.7251579],[-74.0805276,45.7253832],[-74.08002351639436,45.72575541998787],[-74.0805027,45.7253374],[-74.0805434,45.7244846],[-74.0806629,45.7241569],[-74.08092108813828,45.72396428402632],[-74.0806071,45.724375]]],[[[-74.0900298,45.7188289],[-74.0897105,45.7190015],[-74.089351,45.7190214],[-74.0890699,45.7191578],[-74.0873731,45.7202733],[-74.0868385,45.720753],[-74.0865599,45.7211323],[-74.0863497,45.7219162],[-74.0860163,45.7219719],[-74.0858405,45.7223597],[-74.0854468,45.7227937],[-74.0851535,45.7230021],[-74.08123120046567,45.723862338586244],[-74.0822236,45.7235361],[-74.0852586,45.7229114],[-74.0862118,45.7217263],[-74.0867709,45.7207134],[-74.0872848,45.7202081],[-74.0883376,45.7194753],[-74.0900684,45.718642],[-74.09072130078542,45.71804642069658],[-74.0906532,45.7182498],[-74.0900298,45.7188289]]],[[[-74.0922434,45.7119249],[-74.0919163,45.7125745],[-74.091235,45.7149535],[-74.0911088,45.7151701],[-74.0910739,45.7155122],[-74.0912454,45.7159432],[-74.0913022,45.7164558],[-74.0911302,45.7171946],[-74.09076978669353,45.717901620160745],[-74.0907627,45.7177111],[-74.0910224,45.71737],[-74.0909388,45.7173219],[-74.0912147,45.7165629],[-74.0912148,45.7161504],[-74.0909787,45.7157284],[-74.0910983,45.7145758],[-74.0913268,45.7141616],[-74.0920479,45.7121309],[-74.0923964,45.7117173],[-74.09297054994339,45.71143973593422],[-74.0922434,45.7119249]]],[[[-74.09430977419876,45.71114396270977],[-74.09434488935027,45.7111253240025],[-74.0943287,45.7111403],[-74.09430977419876,45.71114396270977]]],[[[-74.09482904172047,45.71073656546406],[-74.0954957721897,45.710398500974875],[-74.0950939,45.7106234],[-74.09482904172047,45.71073656546406]]],[[[-74.1060591,45.704366],[-74.1039068,45.7060421],[-74.1030374,45.7064066],[-74.1012182,45.7068211],[-74.099454,45.7075862],[-74.0960515,45.7100875],[-74.0956595701808,45.710306834993844],[-74.0990513,45.7077765],[-74.0996392,45.7074482],[-74.1008376,45.7069377],[-74.1017897,45.7066308],[-74.102873,45.7064115],[-74.1037091,45.7060956],[-74.1040918,45.705859],[-74.1069896,45.7035046],[-74.1073854821379,45.703339220740524],[-74.1066439,45.703814],[-74.1060591,45.704366]]],[[[-74.1101067,45.7022119],[-74.10794922867667,45.70310371634112],[-74.1092692,45.7025523],[-74.1094914,45.7023492],[-74.110351,45.7020671],[-74.11183512699618,45.70129848201456],[-74.1101067,45.7022119]]],[[[-74.112188,45.701112],[-74.11192833796444,45.70124922302067],[-74.11265794337481,45.70069325458698],[-74.112188,45.701112]]],[[[-74.1131939,45.7003328],[-74.11272632201988,45.70064114920556],[-74.1130294,45.7004102],[-74.1135123,45.7001599],[-74.11397633752978,45.70010595624328],[-74.1131939,45.7003328]]],[[[-74.1172538,45.6993391],[-74.11437436668533,45.70004398736661],[-74.1160884,45.6995658],[-74.1175126,45.6992778],[-74.11806513412361,45.69940916911618],[-74.1176773,45.6993188],[-74.1172538,45.6993391]]],[[[-74.11840250982802,45.69956029859696],[-74.1189133183023,45.69985791349522],[-74.1186837,45.6997543],[-74.11840250982802,45.69956029859696]]],[[[-74.11993239913052,45.70014718880653],[-74.12081478009934,45.70021144268997],[-74.1203451,45.7001952],[-74.11993239913052,45.70014718880653]]],[[[-74.12142364571953,45.700225344806576],[-74.12183869176963,45.70021294269374],[-74.1217323,45.7002237],[-74.12142364571953,45.700225344806576]]],[[[-74.1398461,45.698612],[-74.1341883,45.7002002],[-74.1308315,45.7008846],[-74.1296631,45.7009001],[-74.1288255,45.7006437],[-74.1284377,45.7004119],[-74.1283458,45.7002325],[-74.1283332,45.697965],[-74.1281651,45.697858],[-74.1275753,45.6979332],[-74.1268209,45.6982253],[-74.1236806,45.6998981],[-74.1225789,45.7001381],[-74.12188926609005,45.70020782910783],[-74.1229589,45.7000433],[-74.1235572,45.6998581],[-74.1248117,45.6992858],[-74.1267392,45.6982367],[-74.1277195,45.6978708],[-74.1280844,45.6978079],[-74.1283284,45.6978286],[-74.1284029,45.6980057],[-74.1284531,45.6999671],[-74.1285589,45.7002172],[-74.1294627,45.7007796],[-74.1305269,45.7008741],[-74.1340404,45.700222],[-74.1387086,45.6989266],[-74.14222,45.6975615],[-74.14333918681847,45.69729869133531],[-74.1418911,45.6977727],[-74.1398461,45.698612]]],[[[-74.1646424,45.6899492],[-74.1602606,45.6918192],[-74.1570976,45.6925393],[-74.1559597,45.6929507],[-74.1543958,45.6931667],[-74.1527705,45.6936349],[-74.1503183,45.6947556],[-74.1487646,45.6958622],[-74.1472833,45.6965725],[-74.1463613,45.6967937],[-74.14351727545404,45.697240396794356],[-74.1436974,45.6971077],[-74.145874,45.6968113],[-74.1461114,45.6966804],[-74.1471655,45.6965475],[-74.1488543,45.695713],[-74.1501635,45.6947787],[-74.1520243,45.6939476],[-74.1522338,45.6937914],[-74.1533102,45.6933919],[-74.1545258,45.6930912],[-74.1557524,45.6929056],[-74.1573179,45.6924071],[-74.1593834,45.6919528],[-74.1606236,45.6915735],[-74.1618727,45.6910933],[-74.1634727,45.690275],[-74.1649587,45.6896919],[-74.1661017,45.6889615],[-74.16630831711424,45.68890716749017],[-74.1646424,45.6899492]]],[[[-74.1672049,45.6886714],[-74.1682554887986,45.688835254790185],[-74.1671439,45.6886928],[-74.1672049,45.6886714]]],[[[-74.1720301,45.6893121],[-74.17087191078723,45.68911237568479],[-74.17128,45.6891451],[-74.1739335,45.6897112],[-74.1767485909602,45.69052430901363],[-74.1720301,45.6893121]]],[[[-74.1776205,45.6906825],[-74.17790250508511,45.69078383669629],[-74.1775546,45.6906831],[-74.1776205,45.6906825]]],[[[-74.1798463110527,45.69112175666019],[-74.18017177186931,45.69113213220331],[-74.1798967,45.6911281],[-74.1798463110527,45.69112175666019]]],[[[-74.1861404,45.6861868],[-74.1864048,45.6868061],[-74.1865249,45.6871833],[-74.186555,45.687543],[-74.1864557,45.6878226],[-74.1857385,45.6890146],[-74.1851036,45.6895943],[-74.18417354391694,45.690068334966206],[-74.1852043,45.6894327],[-74.1857006,45.6889324],[-74.1862594,45.6881097],[-74.1864875,45.6876112],[-74.1864487,45.6869462],[-74.1857455,45.6857484],[-74.1857249,45.6853219],[-74.18575596553913,45.68530146683468],[-74.1857477,45.6855683],[-74.1861404,45.6861868]]],[[[-74.1865237,45.6850247],[-74.18655006771519,45.68502606294353],[-74.18651260946513,45.685026776331064],[-74.1865237,45.6850247]]],[[[-74.1868758,45.6850429],[-74.18694849388105,45.68510208164588],[-74.18678301817616,45.68503810412044],[-74.1868758,45.6850429]]],[[[-74.19042538063621,45.6878596161031],[-74.189068,45.687267],[-74.187928,45.686437],[-74.1874723,45.6859179],[-74.18694950139003,45.68510290188052],[-74.1872497,45.6853473],[-74.1875171,45.6859543],[-74.1885275,45.6867662],[-74.189069,45.6871386],[-74.19042538063621,45.6878596161031]]],[[[-74.19048043555382,45.687879693072084],[-74.19059202572868,45.68791339981272],[-74.1905523,45.6879059],[-74.19048043555382,45.687879693072084]]],[[[-74.19231652396314,45.688048156303715],[-74.19241207119717,45.688034515751816],[-74.1923258,45.6880481],[-74.19231652396314,45.688048156303715]]],[[[-74.1938621,45.6876968],[-74.19336693691969,45.68783612771766],[-74.1941824,45.6874272],[-74.1949046,45.6872055],[-74.19637917382045,45.686549437400465],[-74.1938621,45.6876968]]],[[[-74.1990243,45.6836612],[-74.1990184,45.6842191],[-74.198768,45.6847335],[-74.1983627,45.6851769],[-74.19737161031705,45.686019901209484],[-74.1987789,45.6846136],[-74.1989768,45.6838457],[-74.1988535,45.6833473],[-74.1990243,45.6836612]]],[[[-74.1984905,45.6830556],[-74.19786630833741,45.68223200348713],[-74.19879596838072,45.68328230267801],[-74.1984905,45.6830556]]],[[[-74.1993613,45.6818595],[-74.19917183514406,45.68162105508972],[-74.19970162982773,45.68190470259468],[-74.1993613,45.6818595]]],[[[-74.20273288087506,45.68243198300487],[-74.203446,45.6825142],[-74.2042825419092,45.68281564597682],[-74.2035825,45.6827064],[-74.20273288087506,45.68243198300487]]],[[[-74.2068274,45.6824704],[-74.20669634347848,45.68246705979839],[-74.20681412260653,45.68231384246701],[-74.2068274,45.6824704]]],[[[-74.2067819551964,45.6819172568173],[-74.20671322188318,45.68159616206948],[-74.2067801,45.6817689],[-74.2067819551964,45.6819172568173]]],[[[-74.2066341,45.6813918],[-74.20662331292806,45.68138890195994],[-74.20660103304918,45.681354416407345],[-74.2066341,45.6813918]]],[[[-74.2051041,45.6801775],[-74.2057897,45.6805962],[-74.20635462868303,45.68107584580367],[-74.2048917,45.6802443],[-74.2041894,45.6799556],[-74.2039654,45.6799492],[-74.2032601,45.6795286],[-74.20321461694418,45.679463026817764],[-74.2034799,45.6796387],[-74.2051041,45.6801775]]],[[[-74.2655707,45.6807097],[-74.2615773,45.6827099],[-74.2632906,45.6844843],[-74.2584332,45.6856113],[-74.2563942,45.6864364],[-74.2550256,45.6874897],[-74.2509265,45.6833965],[-74.2489891,45.6843353],[-74.2483393,45.6836716],[-74.240655,45.6875009],[-74.2424778,45.6891273],[-74.2433012,45.6901246],[-74.240536,45.6923466],[-74.2396043,45.6922421],[-74.2429661,45.6958023],[-74.2422051,45.6966671],[-74.2406506,45.6962704],[-74.237489,45.6970015],[-74.2374236,45.6979422],[-74.2372472,45.6979592],[-74.2336986,45.6946728],[-74.2308563,45.6918516],[-74.2264186,45.6877844],[-74.2244647,45.6952337],[-74.2235306,45.6992676],[-74.2119097,45.7004382],[-74.2145862,45.6892032],[-74.2153399,45.6865542],[-74.2102867,45.6876902],[-74.2105557,45.6866551],[-74.2080065,45.6872322],[-74.21198533768614,45.67101688420376],[-74.2134254,45.6706667],[-74.2146792,45.6704776],[-74.2166237,45.67049],[-74.2188054,45.670924],[-74.2206601,45.671758],[-74.221843,45.6725448],[-74.2231475,45.674269],[-74.2235062,45.6750473],[-74.2240557,45.6765921],[-74.2240635,45.677184],[-74.2244406,45.6782009],[-74.2246863,45.6785496],[-74.2250281,45.678893],[-74.225925,45.679415],[-74.2262724,45.6795256],[-74.2271091,45.6794808],[-74.2277228,45.6792893],[-74.2283416,45.6789211],[-74.2295683,45.6780415],[-74.2296655,45.6778679],[-74.2302451,45.6773873],[-74.2315709,45.6766343],[-74.2330199,45.6759855],[-74.2350256,45.6746821],[-74.235768,45.6737812],[-74.2359755,45.6732685],[-74.2361371,45.6724359],[-74.2361732,45.6710026],[-74.2367399,45.6706314],[-74.2372246,45.6705404],[-74.2379447,45.6705708],[-74.238172,45.670681],[-74.2384595,45.6710016],[-74.2389175,45.6719345],[-74.2395315,45.6728762],[-74.2396213,45.673216],[-74.2396448,45.6744953],[-74.239914,45.6749338],[-74.2403394,45.6753531],[-74.2413006,45.675244],[-74.2418826,45.6749794],[-74.2424171,45.6746193],[-74.2428687,45.6740989],[-74.2438141,45.6733305],[-74.2449502,45.6727759],[-74.2465861,45.6722649],[-74.2470744,45.6722496],[-74.2481555,45.6719685],[-74.2487621,45.6720116],[-74.2500256,45.6719195],[-74.2506917,45.6716186],[-74.2517168,45.6708784],[-74.2520071,45.6705259],[-74.2523687,45.6696658],[-74.2523841,45.6691357],[-74.2523021,45.6688072],[-74.2518779,45.6681915],[-74.2517716,45.6679135],[-74.2515732,45.6676604],[-74.2512223,45.6674741],[-74.2508444,45.6671223],[-74.249966,45.6654866],[-74.2498053,45.6650427],[-74.2499902,45.6642426],[-74.250141,45.6641191],[-74.2505837,45.6640264],[-74.2511796,45.6642266],[-74.2519183,45.6646797],[-74.2524793,45.6651556],[-74.2527375,45.6655204],[-74.2528689,45.6667583],[-74.2531229,45.6674568],[-74.2533892,45.6677865],[-74.2534332,45.6682021],[-74.2542797,45.6698018],[-74.2546027,45.6707565],[-74.2551474,45.6714874],[-74.25538,45.6715796],[-74.2560889,45.671641],[-74.2564825,45.6714795],[-74.2655707,45.6807097]]],[[[-73.9972764,45.6619359],[-73.99742143656232,45.66197247171938],[-73.9973568,45.6620629],[-73.9972478,45.6620214],[-73.9972764,45.6619359]]]]}},{"type":"Feature","properties":{"id":"charlemagne","name":"Charlemagne","type":"city"},"geometry":{"type":"MultiPolygon","coordinates":[[[[-73.4877469,45.7156594],[-73.4878941,45.7168929],[-73.4928991,45.7205356],[-73.4932015,45.7199175],[-73.4932716,45.7192031],[-73.4969904,45.7219522],[-73.4970476,45.7239458],[-73.4969696,45.7262197],[-73.5003255,45.7287104],[-73.5001553,45.7349677],[-73.501055,45.7357057],[-73.5023133,45.7365099],[-73.5022974,45.7368192],[-73.5019162,45.7366336],[-73.5010021,45.738065],[-73.4868217,45.7310285],[-73.4855416,45.7303215],[-73.4848213,45.730128],[-73.48428175640953,45.72986525053697],[-73.4843584,45.7298236],[-73.4843712,45.7285486],[-73.483438,45.7256401],[-73.4832906,45.7254761],[-73.4829493,45.7246135],[-73.4825756,45.7227971],[-73.4826257,45.7221358],[-73.4829529,45.7216475],[-73.4838426,45.719159],[-73.4840176,45.7188429],[-73.4841887,45.7177674],[-73.4838995,45.7167032],[-73.482834,45.714744],[-73.4828321,45.7144797],[-73.4860484,45.7139837],[-73.48741778774274,45.713962605198894],[-73.487795,45.7155603],[-73.4877469,45.7156594]]],[[[-73.4827959,45.7213741],[-73.4825161,45.7217476],[-73.4823893,45.721788],[-73.4822168,45.7216285],[-73.4819829,45.7206253],[-73.4825115,45.7187815],[-73.4826601,45.7174997],[-73.4823568,45.7159889],[-73.4819079,45.7149981],[-73.4819955,45.7148421],[-73.4823369,45.7149387],[-73.4838137,45.7173736],[-73.4838351,45.7181506],[-73.4837449,45.7189184],[-73.4835834,45.7194806],[-73.4832319,45.7201082],[-73.4827959,45.7213741]]]]}},{"type":"Feature","properties":{"id":"lassomption","name":"L'Assomption","type":"city"},"geometry":{"type":"MultiPolygon","coordinates":[[[[-73.45046383160971,45.77451867105185],[-73.4942946,45.8089098],[-73.4939752,45.8121045],[-73.4956843,45.813283],[-73.4904019,45.8140572],[-73.4797145,45.8066604],[-73.4785126,45.808049],[-73.4903507,45.816242],[-73.4865039,45.8187954],[-73.4848325,45.8206381],[-73.4839058,45.8213044],[-73.4825743,45.8220895],[-73.4799074,45.8232759],[-73.4807401,45.8238272],[-73.4801926,45.8242203],[-73.4811239,45.8248881],[-73.4791531,45.8261081],[-73.4785587,45.8256948],[-73.478743,45.8254792],[-73.4777188,45.8247511],[-73.474467,45.8269942],[-73.4750009,45.8273649],[-73.4715266,45.8297428],[-73.471759,45.829899],[-73.4698846,45.8308524],[-73.4762926,45.8353025],[-73.4746413,45.8364704],[-73.4799381,45.8401904],[-73.46803596066533,45.848136117645836],[-73.4672971,45.8478078],[-73.4665281,45.8477033],[-73.4660166,45.8477563],[-73.4656271,45.8479146],[-73.4653019,45.8482393],[-73.4647061,45.8486197],[-73.4644901,45.8489148],[-73.4640415,45.8491903],[-73.4638885,45.8491998],[-73.4630153,45.8497567],[-73.4622648,45.8505509],[-73.4621806,45.8508784],[-73.461683,45.8515184],[-73.4611391,45.8517422],[-73.4597951,45.8516561],[-73.4574598,45.8510248],[-73.4562433,45.8508195],[-73.4553558737927,45.850800154811715],[-73.454835,45.8505669],[-73.4543878,45.8499579],[-73.4538201,45.8495075],[-73.4528537,45.8491001],[-73.4518698,45.8489144],[-73.4499984,45.8483782],[-73.4471126,45.8480911],[-73.4462223,45.847693],[-73.4457478,45.8472184],[-73.4455502,45.8467555],[-73.4452838,45.844346],[-73.4452998,45.8438605],[-73.4454832,45.8430961],[-73.4458975,45.8419275],[-73.4459126,45.8413099],[-73.4458503,45.8407392],[-73.445544,45.8399578],[-73.4455023,45.838545],[-73.4454276,45.8384795],[-73.4454648,45.8382722],[-73.4455881,45.8381614],[-73.4455749,45.8373863],[-73.4454033,45.8366851],[-73.4454722,45.836495],[-73.4452797,45.8361558],[-73.4449886,45.8359052],[-73.4449772,45.8357142],[-73.4448051,45.8353611],[-73.4444294,45.8349579],[-73.4443419,45.8347575],[-73.4439881,45.8344445],[-73.4422271,45.8320621],[-73.4415328,45.8312227],[-73.4410317,45.8306944],[-73.4407231,45.8305054],[-73.4401995,45.8299151],[-73.4400415,45.8296409],[-73.4397248,45.8286404],[-73.4395077,45.8283233],[-73.4392355,45.827635],[-73.4388664,45.8259909],[-73.4384865,45.825276],[-73.4383991,45.8252356],[-73.4383913,45.8250643],[-73.4377557,45.8242958],[-73.4371217,45.8239512],[-73.4369061,45.8237381],[-73.4349127,45.8231525],[-73.4330738,45.8231415],[-73.4327505,45.8230617],[-73.4315603,45.8231259],[-73.4287222,45.8237344],[-73.4279067,45.8240698],[-73.4271926,45.8245244],[-73.426518,45.8251675],[-73.4260582,45.8258919],[-73.4257873,45.8275759],[-73.4258558,45.8285342],[-73.4260178,45.8288001],[-73.4262658,45.8290024],[-73.4267027,45.8303245],[-73.4268868,45.8313207],[-73.4268912,45.8324326],[-73.4266856,45.8331067],[-73.4263476,45.8337764],[-73.4254968,45.8347151],[-73.4238744,45.835341],[-73.4221253,45.835738],[-73.4202253,45.8360601],[-73.4172509,45.8361359],[-73.4152841,45.8356036],[-73.4138336,45.834822],[-73.4125813,45.833515],[-73.412306,45.8321668],[-73.4123181,45.8315296],[-73.4129959,45.8301341],[-73.4135243,45.8292478],[-73.4142647,45.828395],[-73.4161109,45.8270054],[-73.4172281,45.8263397],[-73.4191227,45.8255741],[-73.4208201,45.8251456],[-73.4229097,45.8244468],[-73.4237006,45.8238136],[-73.4238464,45.8236048],[-73.4239414,45.8231764],[-73.4240668,45.8231414],[-73.4241245,45.8229203],[-73.4240772,45.8217602],[-73.4236024,45.8205135],[-73.4234016,45.8197109],[-73.4232888,45.8189206],[-73.4232345,45.8175611],[-73.423409,45.8163617],[-73.4237405,45.8149844],[-73.4240685,45.8142276],[-73.424643,45.8132492],[-73.4257708,45.8121344],[-73.4267311,45.8116183],[-73.4285708,45.8109332],[-73.4303295,45.8104352],[-73.4317445,45.8098713],[-73.4331946,45.8090242],[-73.4340202,45.8081077],[-73.434196,45.8076523],[-73.434885,45.8067398],[-73.4354717,45.8055762],[-73.4357352,45.804173],[-73.4361754,45.8030862],[-73.4368347,45.8022324],[-73.43709,45.8016459],[-73.4379905,45.8004468],[-73.438115,45.8001199],[-73.4384555,45.799658],[-73.4388837,45.7987283],[-73.4391142,45.797844],[-73.4392394,45.797649],[-73.4395529,45.7951853],[-73.4395248,45.7937196],[-73.4394135,45.7935133],[-73.4394216,45.7928565],[-73.4391571,45.7915396],[-73.4391369,45.7904053],[-73.4392654,45.7899099],[-73.4401295,45.788222],[-73.441105,45.7870604],[-73.4418661,45.7862976],[-73.4429762,45.7856962],[-73.443226,45.7856543],[-73.444666,45.7850119],[-73.4482241,45.7843836],[-73.4486575,45.7842176],[-73.4503906,45.7832333],[-73.4510649,45.7825621],[-73.4511715,45.7819767],[-73.4513753,45.7816787],[-73.4514744,45.781203],[-73.4514816,45.7797853],[-73.451248,45.7788337],[-73.4503746,45.7764823],[-73.4503791,45.7749778],[-73.45046383160971,45.77451867105185]],[[-73.4636154,45.7966751],[-73.4643096,45.7969961],[-73.464524,45.7969749],[-73.4646317,45.7968736],[-73.464338,45.7966695],[-73.4640646,45.7966588],[-73.4637556,45.7965044],[-73.4636103,45.7965681],[-73.4636154,45.7966751]],[[-73.46721057640299,45.79809156511585],[-73.467713,45.7984056],[-73.4678929,45.798329],[-73.4675379,45.7979058],[-73.4670873,45.7977365],[-73.4664452,45.7980556],[-73.4664989,45.7982167],[-73.4667114,45.7983323],[-73.46721057640299,45.79809156511585]],[[-73.4634305,45.7978925],[-73.4630342,45.7981263],[-73.4630951,45.7982241],[-73.4637212,45.7982609],[-73.4638249,45.7981178],[-73.4635586,45.7978953],[-73.4634305,45.7978925]],[[-73.4605114,45.7997319],[-73.460718,45.7996253],[-73.4606375,45.799485],[-73.4604444,45.7994289],[-73.4603237,45.7991821],[-73.4599106,45.7992232],[-73.4597041,45.7991634],[-73.4594466,45.7992999],[-73.4594707,45.7996066],[-73.4605114,45.7997319]],[[-73.4645157,45.7996232],[-73.4649304,45.7992491],[-73.4648389,45.7991924],[-73.464532,45.7992902],[-73.4639669,45.7992902],[-73.4633449,45.7997635],[-73.4637534,45.8000555],[-73.4644405,45.8000937],[-73.4646458,45.799789],[-73.4645157,45.7996232]],[[-73.4624849,45.8005682],[-73.4629159,45.8007836],[-73.4635257,45.8004094],[-73.4630175,45.8000835],[-73.4624849,45.8005682]],[[-73.4600904,45.8009156],[-73.4600945,45.8010375],[-73.460249,45.8011253],[-73.4607978,45.8009354],[-73.4608507,45.8008249],[-73.4607693,45.8007484],[-73.4604035,45.8007852],[-73.4600904,45.8009156]],[[-73.456326,45.8008676],[-73.4561313,45.8009564],[-73.4559862,45.8011464],[-73.4564994,45.8009416],[-73.456326,45.8008676]],[[-73.4649974,45.8010727],[-73.46466,45.8010358],[-73.4647006,45.8011378],[-73.4650218,45.8011832],[-73.4649974,45.8010727]],[[-73.4589561,45.8010545],[-73.4583504,45.8011112],[-73.4580617,45.8012557],[-73.4581309,45.8013606],[-73.4583667,45.8013889],[-73.4588342,45.8013294],[-73.4590009,45.801114],[-73.4589561,45.8010545]],[[-73.47076127036893,45.80143381419632],[-73.4706289,45.8012073],[-73.4705293,45.80122],[-73.4700414,45.8015602],[-73.4701207,45.8018322],[-73.469767,45.8019881],[-73.4697365,45.8021341],[-73.4699845,45.8021936],[-73.4700231,45.8020349],[-73.47076127036893,45.80143381419632]],[[-73.4585557,45.8019483],[-73.4584778,45.8021012],[-73.4585344,45.8021876],[-73.4588848,45.8022863],[-73.4594369,45.8020815],[-73.4597979,45.8020741],[-73.4603076,45.8017928],[-73.4612136,45.8019187],[-73.4612384,45.8018348],[-73.4609835,45.8017928],[-73.4609871,45.8017015],[-73.4612631,45.8015461],[-73.4611994,45.8014055],[-73.4610543,45.801329],[-73.4607358,45.8015091],[-73.4604314,45.8014548],[-73.4603394,45.8015535],[-73.459582,45.8016448],[-73.4590476,45.8019285],[-73.4585557,45.8019483]],[[-73.4581817,45.802959],[-73.4585022,45.8029332],[-73.4579907,45.8026518],[-73.4575563,45.8026411],[-73.4574361,45.8027206],[-73.4581817,45.802959]],[[-73.4600688,45.8048652],[-73.4600281,45.8049984],[-73.4601257,45.8050777],[-73.4602965,45.804936],[-73.4602802,45.8043805],[-73.4606014,45.8041566],[-73.4606461,45.8039101],[-73.4604306,45.8038874],[-73.4598086,45.8043777],[-73.4600688,45.8048652]],[[-73.4619297,45.8044476],[-73.4617818,45.8044175],[-73.4617078,45.8046022],[-73.461905,45.8049244],[-73.4621207,45.8050167],[-73.4622409,45.8049566],[-73.4622316,45.8048148],[-73.4619297,45.8044476]],[[-73.4857902,45.8040816],[-73.4858037,45.8044543],[-73.4859526,45.8047563],[-73.4873468,45.8058225],[-73.4883484,45.8051101],[-73.4866226,45.8038032],[-73.4863993,45.8037796],[-73.4860677,45.8038882],[-73.4857902,45.8040816]],[[-73.4654417,45.804533],[-73.4648838,45.8050005],[-73.4648141,45.8051463],[-73.4649696,45.8051576],[-73.4657421,45.8047425],[-73.4656831,45.8045143],[-73.4654417,45.804533]],[[-73.4635105,45.8064813],[-73.4636875,45.8061635],[-73.4636822,45.8060513],[-73.4633603,45.8063243],[-73.4632369,45.8065786],[-73.4632638,45.8067842],[-73.463371,45.8068403],[-73.4636124,45.8067356],[-73.4636554,45.8066608],[-73.4635105,45.8064813]]],[[[-73.3922109,45.9045295],[-73.391931,45.9047826],[-73.3585333,45.8805297],[-73.3583401,45.8808204],[-73.3450165,45.8711944],[-73.3482173,45.8681456],[-73.3529098,45.8649638],[-73.3564171,45.8601486],[-73.3559225,45.8598012],[-73.3579347,45.8585215],[-73.3584867,45.8580059],[-73.3593699,45.8574288],[-73.3595216,45.8570797],[-73.3611473,45.8554822],[-73.3626738,45.8565722],[-73.3679149,45.8529253],[-73.3690917,45.853749],[-73.373631,45.8512807],[-73.3776226,45.8494846],[-73.3784971,45.8501144],[-73.3790306,45.8496628],[-73.3795812,45.8489465],[-73.3803643,45.8484126],[-73.3773375,45.8462881],[-73.3807548,45.8439706],[-73.3828168,45.8454557],[-73.3840996,45.8444908],[-73.3837681,45.8442559],[-73.3849654,45.8435806],[-73.3854248,45.8432374],[-73.3905719,45.8468952],[-73.3937832,45.8447182],[-73.3878526,45.8403601],[-73.3887803,45.8396088],[-73.3848633,45.8367384],[-73.3862567,45.8358194],[-73.3870361,45.8360065],[-73.3893289,45.8344942],[-73.3881528,45.833554],[-73.390598,45.831932],[-73.3904913,45.8318539],[-73.3916265,45.8310961],[-73.3911378,45.8307384],[-73.3939373,45.828881],[-73.3934945,45.8285548],[-73.3944348,45.8264408],[-73.3948864,45.8257536],[-73.396177,45.8233753],[-73.3957431,45.8227868],[-73.3976278,45.8218185],[-73.3976094,45.8216399],[-73.3953176,45.8200072],[-73.3966684,45.8186473],[-73.3998341,45.8140889],[-73.3993109,45.8137145],[-73.4012992,45.8121282],[-73.4077816,45.8166766],[-73.4089186,45.8160046],[-73.4060874,45.8139971],[-73.4073659,45.8133972],[-73.4023417,45.8098861],[-73.403943,45.8087931],[-73.4047447,45.8063822],[-73.4056757,45.8045632],[-73.405843,45.8046517],[-73.4079295,45.8016555],[-73.4080084,45.8017101],[-73.4095949,45.800714],[-73.4095387,45.8006739],[-73.4143458,45.7977824],[-73.4168394,45.7948653],[-73.4222837,45.7972042],[-73.4237829,45.794075],[-73.4212048,45.792973],[-73.4220489,45.7914224],[-73.4245913,45.7924982],[-73.4257806,45.7911482],[-73.4246656,45.7906476],[-73.4257146,45.7893145],[-73.4240204,45.7885259],[-73.4254589,45.7872676],[-73.4235619,45.7864661],[-73.4247605,45.7850872],[-73.4231894,45.7844155],[-73.4246747,45.783127],[-73.43833371606596,45.788981536855694],[-73.4379718,45.7896473],[-73.4379053,45.7903932],[-73.4379462,45.7923138],[-73.4380596,45.7925959],[-73.4380633,45.7929356],[-73.4382057,45.7935072],[-73.4382494,45.7953155],[-73.4378451,45.7977192],[-73.4375849,45.7983421],[-73.43716,45.7989714],[-73.436904,45.7995859],[-73.4360922,45.8009292],[-73.4358517,45.8015664],[-73.4350821,45.802826],[-73.4342987,45.8051269],[-73.4343142,45.8053096],[-73.4341108,45.8054194],[-73.4335395,45.8066056],[-73.4329506,45.8075333],[-73.4321328,45.8084611],[-73.4314837,45.808894],[-73.4304721,45.8093786],[-73.4287579,45.8100287],[-73.4279482,45.8101396],[-73.4263832,45.8107606],[-73.4251539,45.8114363],[-73.424509,45.8117007],[-73.4236529,45.8125437],[-73.42263,45.8144375],[-73.4221302,45.8169216],[-73.4221416,45.8188729],[-73.4223424,45.8201556],[-73.422477,45.8205559],[-73.4227777,45.8210537],[-73.4231265,45.8222034],[-73.4231533,45.8225772],[-73.4228146,45.8232749],[-73.4221152,45.8237802],[-73.4210631,45.8242642],[-73.4182705,45.8249684],[-73.4177331,45.8252594],[-73.4172168,45.8253485],[-73.4159089,45.8262589],[-73.4151186,45.8267041],[-73.4133181,45.8280295],[-73.4131892,45.8282048],[-73.4130314,45.8282506],[-73.4124932,45.8287297],[-73.4122762,45.8290527],[-73.4117435,45.8302675],[-73.4113348,45.8308632],[-73.4112481,45.8312749],[-73.4112416,45.8321677],[-73.4113429,45.833087],[-73.4114838,45.8333948],[-73.4114823,45.833611],[-73.4118302,45.8343088],[-73.4127219,45.8351031],[-73.4129452,45.8351676],[-73.4129776,45.8353169],[-73.4144922,45.8361048],[-73.4145711,45.836322],[-73.4146817,45.8363964],[-73.4155615,45.8367076],[-73.415565,45.8368874],[-73.4157912,45.8368396],[-73.4177264,45.8370346],[-73.4196194,45.8369933],[-73.4222888,45.836588],[-73.4250876,45.8358191],[-73.426395,45.8352567],[-73.427285,45.8345739],[-73.4279205,45.8337482],[-73.4280951,45.8326353],[-73.4280299,45.8308966],[-73.4277515,45.8299807],[-73.4269916,45.8285768],[-73.4267247,45.8270258],[-73.4268774,45.8265364],[-73.4269098,45.8260454],[-73.4274724,45.825224],[-73.4287378,45.8243972],[-73.4307154,45.82384],[-73.4313569,45.8237158],[-73.4320359,45.8237044],[-73.4322105,45.8236251],[-73.4326261,45.8237088],[-73.4342959,45.8237346],[-73.4349904,45.8239058],[-73.4365584,45.8244807],[-73.4374539,45.8252944],[-73.4378535,45.8258636],[-73.4383087,45.8279242],[-73.4393846,45.8302226],[-73.4401614,45.8312988],[-73.4438266,45.8354589],[-73.4440325,45.835745],[-73.4443323,45.8364589],[-73.4444751,45.8373506],[-73.4444795,45.8388107],[-73.4442246,45.8401975],[-73.4437342,45.8415169],[-73.4431818,45.8427457],[-73.442841,45.8432077],[-73.4404192,45.8457927],[-73.4398952,45.8465108],[-73.4395779,45.8474869],[-73.439524,45.8482079],[-73.4396117,45.8490485],[-73.4399269,45.849465],[-73.4403337,45.8497535],[-73.4431011,45.8511036],[-73.4438463,45.8516826],[-73.4441692,45.8519504],[-73.4445452,45.8525137],[-73.4449306,45.8535123],[-73.4448545,45.853663],[-73.4448434,45.8551005],[-73.4447334,45.8563066],[-73.4448439,45.8583578],[-73.4445933,45.8589079],[-73.4435015,45.8601641],[-73.442055,45.8612952],[-73.4412778,45.8620075],[-73.4407551,45.8626695],[-73.4400599,45.8638069],[-73.4400857,45.864717],[-73.4402939,45.8650789],[-73.4403893,45.8656108],[-73.4406404,45.866021],[-73.4407885,45.866048],[-73.4415981,45.8666334],[-73.4432708,45.8675914],[-73.444336,45.8687386],[-73.4445647,45.8692468],[-73.4445678,45.8697748],[-73.4442751,45.8707288],[-73.441224,45.8726888],[-73.4408293,45.8730435],[-73.4401241,45.8742538],[-73.4400637,45.8747473],[-73.440345,45.8760593],[-73.4406471,45.8766892],[-73.4410682,45.8770565],[-73.4411721,45.8774116],[-73.4419843,45.878553],[-73.4420797,45.8790849],[-73.4420174,45.8799828],[-73.4411849,45.8804839],[-73.4385745,45.8810086],[-73.4354672,45.8824371],[-73.4340366,45.8833746],[-73.4336341,45.883718],[-73.4331201,45.8843352],[-73.4326449,45.8846889],[-73.4316263,45.8863587],[-73.4317381,45.8875256],[-73.4319957,45.8881634],[-73.4321841,45.888351],[-73.4325234,45.8886135],[-73.4358199,45.889962],[-73.436701,45.8904332],[-73.4369452,45.890644],[-73.4379763,45.8920465],[-73.4380393,45.8925893],[-73.4377926,45.8931312],[-73.4374161,45.8935563],[-73.4370925,45.8937968],[-73.4344949,45.8949085],[-73.4334101,45.8955076],[-73.432707,45.8962855],[-73.4323871,45.8968293],[-73.4321691,45.897217],[-73.4319471,45.8980568],[-73.4320779,45.899106],[-73.4328203,45.8996654],[-73.433988,45.8999435],[-73.4357073,45.9000373],[-73.4371756,45.9003611],[-73.4386617,45.9011036],[-73.4389879,45.9015794],[-73.4389965,45.9020429],[-73.438481,45.9025563],[-73.4377326,45.9028899],[-73.4358807,45.9034321],[-73.4349143,45.9037968],[-73.434582,45.904054],[-73.4341998,45.9045437],[-73.4338189,45.9048171],[-73.4337971,45.9052072],[-73.4335544,45.9052605],[-73.4335142,45.9054201],[-73.4335108,45.9057205],[-73.4337071,45.9062397],[-73.4341533,45.9069051],[-73.4342805,45.9074543],[-73.4346711,45.9084168],[-73.4352719,45.9093368],[-73.4353878,45.909855],[-73.4355418,45.9101377],[-73.4373146,45.9123161],[-73.4373883,45.9130781],[-73.4372805,45.9135318],[-73.4370027,45.9140284],[-73.4364658,45.9144236],[-73.4357445,45.9144627],[-73.4346681,45.9140565],[-73.4345269,45.9139087],[-73.433099,45.913237],[-73.4321928,45.912948],[-73.4311871,45.9127758],[-73.429703,45.9127493],[-73.4286361,45.9129386],[-73.4277314,45.9132338],[-73.4264866,45.9137748],[-73.4245821,45.9151138],[-73.4245771,45.9153103],[-73.4239209,45.915968],[-73.4230197,45.9172434],[-73.4227163,45.9181104],[-73.4227849,45.919069],[-73.4233856,45.9199892],[-73.4241232,45.920265],[-73.4261821,45.9204895],[-73.4269247,45.9207289],[-73.4282095,45.9213371],[-73.4286401,45.9218198],[-73.4288131,45.9221449],[-73.4288351,45.9227154],[-73.42873,45.9230568],[-73.4283991,45.923578],[-73.4275874,45.9240091],[-73.4273856,45.9241949],[-73.4259062,45.9249325],[-73.425213,45.9254493],[-73.4246851,45.9259597],[-73.4242631,45.9269011],[-73.4242962275718,45.927920309621896],[-73.41897236735494,45.92406039848943],[-73.4201736,45.9243401],[-73.4215536,45.9248401],[-73.4228391,45.9254203],[-73.4235006,45.9258469],[-73.4238379,45.9253932],[-73.4223583,45.9245297],[-73.4208766,45.9239105],[-73.4189728,45.9234322],[-73.41673405339424,45.922437573579884],[-73.4026585,45.9122325],[-73.3922109,45.9045295]],[[-73.4384445,45.8356104],[-73.43841,45.8357055],[-73.4390273,45.8359235],[-73.4391223,45.8358151],[-73.4387073,45.8355434],[-73.4384445,45.8356104]],[[-73.4358056,45.8320325],[-73.435862,45.8321876],[-73.4359789,45.8321693],[-73.4363049,45.8316567],[-73.4359653,45.8314223],[-73.4358687,45.8314268],[-73.4358427,45.8315051],[-73.4359661,45.8317143],[-73.4358056,45.8320325]],[[-73.4336337,45.8316665],[-73.4336338,45.8318265],[-73.4337127,45.8318836],[-73.434172,45.8319875],[-73.4342157,45.8321677],[-73.4344229,45.8322376],[-73.4344497,45.8324513],[-73.4346434,45.8324143],[-73.4346807,45.832207],[-73.4341797,45.8316787],[-73.4336337,45.8316665]],[[-73.436451,45.8435411],[-73.4352755,45.8426991],[-73.4346114,45.8431524],[-73.4357603,45.8439944],[-73.436451,45.8435411]],[[-73.4350165,45.8445079],[-73.4356341,45.8440823],[-73.4344586,45.8432265],[-73.433841,45.8436706],[-73.4350165,45.8445079]],[[-73.4370181,45.8449016],[-73.4376833,45.8444532],[-73.436546,45.8436161],[-73.4358691,45.8440464],[-73.4370181,45.8449016]],[[-73.4368786,45.8449913],[-73.4357092,45.8441617],[-73.4350762,45.8445803],[-73.4362349,45.8454248],[-73.4368786,45.8449913]],[[-73.4317773,45.8452145],[-73.432259,45.8451559],[-73.4324554,45.8450223],[-73.4324694,45.8447161],[-73.4323432,45.8446249],[-73.4319784,45.8445793],[-73.4318054,45.8446673],[-73.4317025,45.8451233],[-73.4317773,45.8452145]],[[-73.4304128,45.8465366],[-73.4304684,45.8463997],[-73.4303796,45.8462554],[-73.4309601,45.8460126],[-73.4310538,45.8458003],[-73.4310466,45.8454408],[-73.4306795,45.8455009],[-73.4305732,45.8455783],[-73.4305661,45.8456989],[-73.4300702,45.8460944],[-73.4300695,45.8462825],[-73.4304128,45.8465366]],[[-73.4288523,45.847825],[-73.4290651,45.8478989],[-73.4301861,45.8475728],[-73.4306808,45.8472525],[-73.4306655,45.8471615],[-73.4303974,45.8469736],[-73.4300134,45.8470877],[-73.4296103,45.8469789],[-73.4290987,45.8470317],[-73.4287873,45.847275],[-73.4286894,45.8474956],[-73.4286901,45.8476276],[-73.4288523,45.847825]],[[-73.4283889,45.8942927],[-73.4284733,45.8944579],[-73.4289598,45.8947195],[-73.4292225,45.8946378],[-73.4287371,45.8942633],[-73.4287793,45.8936684],[-73.428563,45.8935362],[-73.4284575,45.8935289],[-73.428373,45.8936317],[-73.4283889,45.8942927]],[[-73.4304843,45.8994574],[-73.4295785,45.8994885],[-73.4293542,45.8997723],[-73.429726,45.8997038],[-73.4299877,45.899853],[-73.4304752,45.8998224],[-73.4305458,45.8997362],[-73.4304843,45.8994574]],[[-73.4227496,45.9049088],[-73.4218435,45.9043276],[-73.4209658,45.9048842],[-73.4212277,45.9055688],[-73.4208101,45.9062141],[-73.4208172,45.90648],[-73.4209871,45.9064948],[-73.4215533,45.9057856],[-73.4220913,45.9053176],[-73.4227496,45.9049088]],[[-73.3708991,45.8877542],[-73.3704388,45.8881302],[-73.3709477,45.8885103],[-73.3714439,45.8881431],[-73.3708991,45.8877542]]],[[[-73.4250493,45.9267493],[-73.4248811,45.927217],[-73.4249053,45.9283619],[-73.42485203826882,45.92832328411965],[-73.4248759,45.9271838],[-73.425029,45.926534],[-73.42525604065655,45.92625045110219],[-73.4252431,45.9264975],[-73.4250493,45.9267493]]],[[[-73.4265507,45.9250723],[-73.42706372907577,45.92480057564458],[-73.42651921952786,45.925117792738185],[-73.4265507,45.9250723]]],[[[-73.4286133392927,45.92397982910754],[-73.42867228561501,45.92394860835965],[-73.42874168369023,45.92391185187129],[-73.4286889,45.9239623],[-73.4286133392927,45.92397982910754]]],[[[-73.4451577,45.8623714],[-73.4471001,45.8627958],[-73.4474403,45.8626945],[-73.4485523,45.8619717],[-73.4492818,45.8618581],[-73.4496446,45.8620465],[-73.449788,45.8622521],[-73.449968,45.8634578],[-73.450161,45.8637114],[-73.4509868,45.8641467],[-73.4516081,45.8642542],[-73.4522431,45.8642545],[-73.4528747,45.8638659],[-73.4528939,45.8635117],[-73.4527933,45.8633153],[-73.4520348,45.8627509],[-73.4505535,45.8622649],[-73.4503612,45.8618709],[-73.4505124,45.8617745],[-73.450811,45.8617449],[-73.4532392,45.8619018],[-73.4542251,45.8618925],[-73.454647,45.861832],[-73.454995,45.8616746],[-73.455101,45.8615434],[-73.4550973,45.8613181],[-73.4546781,45.8609884],[-73.45405,45.8607054],[-73.4539423,45.8605259],[-73.4539468,45.8602274],[-73.454151,45.8598818],[-73.4549743,45.8591334],[-73.4551942,45.8584127],[-73.455697,45.8581727],[-73.4564795,45.858121],[-73.4569291,45.8582896],[-73.4572141,45.8586909],[-73.4572927,45.8595766],[-73.4572591,45.8597898],[-73.4569876,45.8602611],[-73.4561034,45.8612148],[-73.4560069,45.8614707],[-73.4561864,45.8616838],[-73.4565258,45.861851],[-73.4569225,45.8618884],[-73.4584082,45.8615966],[-73.4600412,45.8615971],[-73.4604984,45.8617162],[-73.4614882,45.8623927],[-73.461966,45.8624967],[-73.4472427,45.8728171],[-73.4657588,45.8861375],[-73.481099,45.896948],[-73.480644,45.8971965],[-73.4804765,45.8972145],[-73.4798451,45.8969804],[-73.4795229,45.8970703],[-73.4794584,45.8972413],[-73.479278,45.8973582],[-73.4786981,45.8972951],[-73.4784016,45.897547],[-73.4786206,45.897754],[-73.4786592,45.897898],[-73.478337,45.8981318],[-73.4785817,45.8983838],[-73.477963,45.8987346],[-73.4776795,45.8987796],[-73.4772284,45.8987075],[-73.4766999,45.8989773],[-73.4758365,45.8990311],[-73.4751662,45.8993009],[-73.4748568,45.8995798],[-73.4746248,45.8996607],[-73.4738,45.8996155],[-73.4725112,45.8997682],[-73.4719696,45.9003709],[-73.4720597,45.9005869],[-73.4715957,45.9007037],[-73.4718275,45.9011267],[-73.4718016,45.9013066],[-73.4716985,45.9013246],[-73.4714924,45.9010726],[-73.4713765,45.9010636],[-73.4711057,45.9013155],[-73.4712087,45.9015044],[-73.4710024,45.9016124],[-73.4712472,45.9017474],[-73.4713503,45.9019004],[-73.4707314,45.9022961],[-73.4704867,45.9020981],[-73.4701773,45.902242],[-73.4701386,45.902332],[-73.4702545,45.902521],[-73.4700222,45.9030248],[-73.469932,45.9030697],[-73.4693521,45.9027996],[-73.4691329,45.9030335],[-73.4689393,45.9035643],[-73.4675986,45.9041038],[-73.4671476,45.9040227],[-73.4667994,45.9042836],[-73.4658457,45.9041753],[-73.465575,45.9042472],[-73.4654461,45.9044001],[-73.4656779,45.9046072],[-73.4656005,45.9047061],[-73.4652912,45.904697],[-73.4647802,45.9044564],[-73.4635757,45.9076255],[-73.4632869,45.908548],[-73.463181,45.9092248],[-73.462625,45.9110135],[-73.4617471,45.9124112],[-73.4611329,45.9144323],[-73.4577843,45.9349346],[-73.4564537,45.9435355],[-73.4402141,45.931991],[-73.42900357828199,45.92377314016372],[-73.4293421,45.9233676],[-73.4293489,45.9221262],[-73.4291243,45.9216094],[-73.4287889,45.9211784],[-73.4280597,45.9207258],[-73.4270051,45.9202495],[-73.4261454,45.9200284],[-73.4243871,45.9198497],[-73.423783,45.9197103],[-73.4233855,45.9193488],[-73.4235174,45.9177803],[-73.4238716,45.9169729],[-73.4242703,45.9166379],[-73.4246916,45.9160448],[-73.424724,45.9158739],[-73.42514299278591,45.91549778328568],[-73.4263682,45.9144895],[-73.4271247,45.9141673],[-73.42747002593177,45.91391001223261],[-73.4297921,45.9132138],[-73.4306897,45.9131995],[-73.4320744,45.9133426],[-73.4333293,45.9138493],[-73.4344763,45.9144895],[-73.4356162,45.9149302],[-73.4363785,45.9150236],[-73.4372732,45.9146412],[-73.437487,45.9144584],[-73.4379433,45.9137421],[-73.4379833,45.9132623],[-73.4379031,45.9122726],[-73.4373368,45.9114176],[-73.4369436,45.9110478],[-73.4363999,45.9102548],[-73.4363024,45.9099671],[-73.4357135,45.90905],[-73.4352757,45.9080477],[-73.4352515,45.9077216],[-73.4346811,45.906875],[-73.4342927,45.9059884],[-73.4342431,45.9052323],[-73.4349596,45.9044012],[-73.4367543,45.9035718],[-73.4385899,45.903035],[-73.4391479,45.9027581],[-73.4393658,45.9025669],[-73.4396795,45.9020792],[-73.439627,45.9014354],[-73.4391258,45.9008789],[-73.4386516,45.9005362],[-73.4372438,45.8998789],[-73.4356549,45.8995536],[-73.4340393,45.8994948],[-73.4329732,45.8991758],[-73.4327177,45.898934],[-73.4325405,45.8984572],[-73.4325037,45.8979962],[-73.4329887,45.8969292],[-73.4333758,45.8964031],[-73.4340472,45.8957681],[-73.434823,45.8953],[-73.4371428,45.8943647],[-73.4378903,45.8938991],[-73.4384563,45.8929651],[-73.4385105,45.8927242],[-73.4384782,45.8914263],[-73.4383266,45.8913796],[-73.437623,45.8905567],[-73.4366613,45.8899244],[-73.4357731,45.8894138],[-73.4330473,45.8880834],[-73.4324137,45.8875225],[-73.4322479,45.8870768],[-73.4322512,45.8864562],[-73.4325719,45.8858478],[-73.4332198,45.8850188],[-73.433683,45.8845021],[-73.4344,45.8839631],[-73.4346855,45.883638],[-73.4372697,45.8822313],[-73.4384436,45.8817484],[-73.4393645,45.8814197],[-73.4420884,45.8808571],[-73.4425564,45.8803038],[-73.4426289,45.8801334],[-73.4425786,45.8797256],[-73.4426864,45.879432],[-73.442689,45.8789996],[-73.4419942,45.8773316],[-73.4416308,45.8769032],[-73.441002,45.8758257],[-73.4408688,45.8743807],[-73.4417185,45.8731778],[-73.4426248,45.8724501],[-73.4434622,45.8720726],[-73.4441163,45.8716312],[-73.4449435,45.8708464],[-73.4452478,45.8702434],[-73.4452647,45.8690614],[-73.4450466,45.8686123],[-73.4443149,45.867632],[-73.4431498,45.8667896],[-73.4413205,45.8656613],[-73.4408718,45.8649483],[-73.4408488,45.8639259],[-73.4420089,45.8621876],[-73.4428861,45.8614905],[-73.44320984275818,45.86151367967242],[-73.4436262,45.8618566],[-73.4451577,45.8623714]],[[-73.4528589,45.8893239],[-73.4532841,45.889637],[-73.4536939,45.8893282],[-73.4533796,45.8890666],[-73.4530869,45.8890237],[-73.4528589,45.8893239]],[[-73.4391343,45.8917031],[-73.4392461,45.8917023],[-73.4391897,45.8916607],[-73.4391343,45.8917031]],[[-73.4344935,45.9247596],[-73.4347211,45.9249066],[-73.4354367,45.9243806],[-73.4352009,45.9242506],[-73.4344935,45.9247596]]]]}},{"type":"Feature","properties":{"id":"saint-sulpice","name":"Saint-Sulpice","type":"city"},"geometry":{"type":"MultiPolygon","coordinates":[[[[-73.4162106,45.7955639],[-73.4143458,45.7977824],[-73.4095387,45.8006739],[-73.4095949,45.800714],[-73.4080084,45.8017101],[-73.4079295,45.8016555],[-73.405843,45.8046517],[-73.4056757,45.8045632],[-73.4047447,45.8063822],[-73.403943,45.8087931],[-73.4023417,45.8098861],[-73.4073659,45.8133972],[-73.4060874,45.8139971],[-73.4089186,45.8160046],[-73.4077816,45.8166766],[-73.4012992,45.8121282],[-73.3993109,45.8137145],[-73.3998341,45.8140889],[-73.3966684,45.8186473],[-73.3953176,45.8200072],[-73.3976094,45.8216399],[-73.3976278,45.8218185],[-73.3957431,45.8227868],[-73.396177,45.8233753],[-73.3948864,45.8257536],[-73.3944348,45.8264408],[-73.3934945,45.8285548],[-73.3939373,45.828881],[-73.3911378,45.8307384],[-73.3916265,45.8310961],[-73.3904913,45.8318539],[-73.390598,45.831932],[-73.3881528,45.833554],[-73.3893289,45.8344942],[-73.3870361,45.8360065],[-73.3862567,45.8358194],[-73.3848633,45.8367384],[-73.3887803,45.8396088],[-73.3878526,45.8403601],[-73.3937832,45.8447182],[-73.3905719,45.8468952],[-73.3854248,45.8432374],[-73.3849654,45.8435806],[-73.3837681,45.8442559],[-73.3840996,45.8444908],[-73.3828168,45.8454557],[-73.3807548,45.8439706],[-73.3773375,45.8462881],[-73.3803643,45.8484126],[-73.3795812,45.8489465],[-73.3790306,45.8496628],[-73.3784971,45.8501144],[-73.3776226,45.8494846],[-73.373631,45.8512807],[-73.3690917,45.853749],[-73.3679149,45.8529253],[-73.3626738,45.8565722],[-73.3611473,45.8554822],[-73.3595216,45.8570797],[-73.3593699,45.8574288],[-73.3584867,45.8580059],[-73.3579347,45.8585215],[-73.3559225,45.8598012],[-73.3564171,45.8601486],[-73.3529098,45.8649638],[-73.3482173,45.8681456],[-73.3450165,45.8711944],[-73.3153301,45.8500354],[-73.3126524,45.8473207],[-73.31213146341899,45.84715151348253],[-73.3126714,45.8466656],[-73.3135968,45.8453421],[-73.3140207,45.8448844],[-73.3148388,45.8444721],[-73.3155745,45.8436938],[-73.3198558,45.8400962],[-73.3216302,45.8380286],[-73.3226685,45.8382882],[-73.3228956,45.8379637],[-73.3223176,45.8375491],[-73.3244531,45.8355302],[-73.3274707,45.8339727],[-73.3373066,45.8308039],[-73.3421299,45.8299588],[-73.34725,45.8292015],[-73.3515173,45.8279017],[-73.3528311,45.8274265],[-73.3555703,45.8262685],[-73.3565015,45.8255641],[-73.3595272,45.8243624],[-73.3619228,45.823067],[-73.3628609,45.8219256],[-73.3634753,45.8218005],[-73.3656704,45.8200478],[-73.366107,45.8194381],[-73.366274,45.819018],[-73.367209,45.81839],[-73.3676631,45.8176943],[-73.3675988,45.8169839],[-73.3679206,45.8165577],[-73.3686609,45.8158249],[-73.369717,45.814194],[-73.370106,45.81343],[-73.3701844,45.8130282],[-73.369945,45.812658],[-73.370238,45.812572],[-73.3719761,45.8102239],[-73.3742189,45.8084236],[-73.374296,45.808103],[-73.3752613,45.8065918],[-73.375823,45.806072],[-73.3759651,45.805467],[-73.376593,45.8048],[-73.3766518,45.8042583],[-73.377958,45.801998],[-73.378691,45.802008],[-73.378905,45.800985],[-73.379279,45.800734],[-73.379506,45.799198],[-73.380606,45.799214],[-73.380804,45.798704],[-73.381186,45.798196],[-73.383056,45.79694],[-73.383246,45.796686],[-73.384353,45.796445],[-73.384368,45.795932],[-73.385105,45.795814],[-73.385479,45.795563],[-73.386219,45.795317],[-73.387715,45.794312],[-73.388826,45.793943],[-73.389032,45.793176],[-73.389222,45.792923],[-73.389959,45.792804],[-73.391081,45.792051],[-73.391821,45.791804],[-73.392195,45.791553],[-73.392565,45.791431],[-73.392764,45.79092],[-73.393335,45.790159],[-73.394068,45.790169],[-73.394274,45.789402],[-73.3949256,45.7888286],[-73.395411,45.788136],[-73.395784,45.787885],[-73.3963143,45.7870734],[-73.39901341490292,45.78348759516446],[-73.3997465,45.7837959],[-73.4162106,45.7955639]],[[-73.3440745,45.8314638],[-73.3438745,45.8314042],[-73.343692,45.8314867],[-73.3436655,45.8315884],[-73.3437948,45.8317103],[-73.3439452,45.831722],[-73.3441256,45.8315631],[-73.3440745,45.8314638]],[[-73.3409468,45.8343357],[-73.3395678,45.833787],[-73.3391357,45.8343204],[-73.3405155,45.8348411],[-73.3409468,45.8343357]],[[-73.3309935,45.8351842],[-73.330802,45.835196],[-73.3307298,45.8353611],[-73.3310041,45.8354318],[-73.3311079,45.8352879],[-73.3309935,45.8351842]]],[[[-73.3244486,45.8105045],[-73.3241858,45.8105429],[-73.3238603,45.8107985],[-73.3237702,45.8109646],[-73.323599,45.810922],[-73.3224027,45.8110764],[-73.3228091,45.8106292],[-73.3233072,45.8103065],[-73.3241632,45.8099208],[-73.324872,45.809734],[-73.3252047,45.8095684],[-73.3258918,45.8096437],[-73.3244486,45.8105045]]],[[[-73.3514011,45.8098808],[-73.3523399,45.8091679],[-73.3529882,45.8083646],[-73.3543472,45.8078129],[-73.3575777,45.8059223],[-73.3582416,45.8057492],[-73.3601074,45.8056533],[-73.3601924,45.8053054],[-73.3600399,45.8052151],[-73.3597613,45.8052183],[-73.3598374,45.8050961],[-73.3604127,45.8049257],[-73.3611913,45.8049029],[-73.3614289,45.805133],[-73.3614644,45.8052969],[-73.3601779,45.8073945],[-73.3599486,45.8080298],[-73.3593331,45.8085519],[-73.3590495,45.8092885],[-73.3570552,45.8107159],[-73.3564647,45.8116261],[-73.3560207,45.8119372],[-73.3507555,45.8148853],[-73.3490015,45.8159948],[-73.3479742,45.816539],[-73.3468655,45.8168354],[-73.3460967,45.8167585],[-73.3454388,45.8164449],[-73.347158,45.81449],[-73.3470209,45.8142059],[-73.3467245,45.8141285],[-73.3462688,45.8146811],[-73.345461,45.8149368],[-73.3446755,45.815554],[-73.3442383,45.8161195],[-73.3438619,45.8161627],[-73.3438879,45.815899],[-73.3442726,45.8152574],[-73.3453184,45.8142648],[-73.3455939,45.8137353],[-73.3464602,45.8129658],[-73.3466546,45.8129889],[-73.3466803,45.8134512],[-73.3468624,45.81339],[-73.3480497,45.8120204],[-73.3480948,45.8117653],[-73.3484029,45.8113984],[-73.3514011,45.8098808]],[[-73.3578602,45.8080017],[-73.3572736,45.808287],[-73.3559026,45.8084487],[-73.3546407,45.8089099],[-73.3528263,45.8098655],[-73.3533038,45.810165],[-73.3534198,45.8101555],[-73.3537608,45.8099273],[-73.3552478,45.8092522],[-73.3564073,45.80881],[-73.3575055,45.8086008],[-73.3580375,45.8084106],[-73.3597086,45.8072315],[-73.3597496,45.8070746],[-73.3596336,45.8070033],[-73.3594085,45.8070175],[-73.3593267,45.8069367],[-73.3598587,45.8059144],[-73.3591834,45.8058479],[-73.3584672,45.8075358],[-73.3578602,45.8080017]],[[-73.352475,45.8100195],[-73.3511708,45.8106833],[-73.3514005,45.8109493],[-73.3515228,45.8109622],[-73.3530308,45.8102907],[-73.3530456,45.8101952],[-73.3527085,45.8099808],[-73.352475,45.8100195]],[[-73.3510522,45.8108692],[-73.3502408,45.8113057],[-73.3501444,45.811174],[-73.3504223,45.8109028],[-73.3503519,45.8108305],[-73.3502,45.8108666],[-73.350074,45.810939],[-73.3499258,45.8112954],[-73.3492774,45.811644],[-73.3489328,45.8117422],[-73.3483511,45.812127],[-73.347925,45.8125299],[-73.3483326,45.8126228],[-73.3490329,45.8121476],[-73.3508818,45.8113212],[-73.3513449,45.8110371],[-73.3510522,45.8108692]],[[-73.3477953,45.8127132],[-73.347447,45.813222],[-73.3467684,45.8139774],[-73.347058,45.8140949],[-73.3471914,45.8140406],[-73.3481584,45.8131678],[-73.3486475,45.8129121],[-73.3486327,45.8127132],[-73.3477953,45.8127132]]],[[[-73.3496609,45.7955871],[-73.3501617,45.7952117],[-73.350567,45.7951148],[-73.3508449,45.7948968],[-73.3509723,45.7946385],[-73.3514702,45.7943317],[-73.3531681,45.7937983],[-73.3533525,45.7935148],[-73.353325,45.793345],[-73.3537854,45.7929083],[-73.3553012,45.7923532],[-73.356189,45.7922067],[-73.3573802,45.7917396],[-73.3578857,45.7907471],[-73.3612022,45.7891913],[-73.3633691,45.7877058],[-73.3643464,45.7872082],[-73.3665102,45.7865328],[-73.369378,45.7857776],[-73.3715117,45.7860988],[-73.3731866,45.7867182],[-73.3751597,45.7870395],[-73.3761234,45.7874066],[-73.3763863,45.7878358],[-73.3763491,45.7884165],[-73.3757225,45.7887744],[-73.3740585,45.7903663],[-73.3728654,45.7907793],[-73.3719247,45.791697],[-73.3717182,45.792523],[-73.3709611,45.7924312],[-73.3702269,45.7930965],[-73.3695615,45.7944961],[-73.3691256,45.7957809],[-73.3687787,45.796228],[-73.3679784,45.7966757],[-73.3670607,45.7970428],[-73.3658906,45.7982818],[-73.3658676,45.798993],[-73.3653096,45.7998086],[-73.3643763,45.800645],[-73.3639187,45.8012326],[-73.3634127,45.8024116],[-73.3629538,45.8021134],[-73.3624949,45.8023887],[-73.3630226,45.8028934],[-73.3614357,45.8042629],[-73.3603875,45.8044174],[-73.3589296,45.8050224],[-73.3568545,45.8056552],[-73.3547749,45.8066535],[-73.3525512,45.8078188],[-73.351538,45.8089514],[-73.3496701,45.8102012],[-73.347774,45.8109213],[-73.3476959,45.8108665],[-73.3476969,45.8107416],[-73.3482975,45.8094144],[-73.3481511,45.8092415],[-73.3480316,45.8092436],[-73.3467989,45.8108205],[-73.346819,45.8114852],[-73.3465115,45.8119763],[-73.3455338,45.812895],[-73.3436223,45.8149457],[-73.343225,45.8154775],[-73.3427664,45.8155768],[-73.3426663,45.8162819],[-73.3424399,45.8166927],[-73.3411012,45.817057],[-73.3373065,45.8184218],[-73.3361292,45.8187516],[-73.3341573,45.8187621],[-73.3332682,45.8189537],[-73.3307508,45.8203922],[-73.327042,45.8220106],[-73.3228163,45.8235166],[-73.3147246,45.8278771],[-73.3137909,45.8282131],[-73.3125325,45.8289361],[-73.3111507,45.8300125],[-73.3092401,45.831968],[-73.3078465,45.834373],[-73.3070598,45.8348675],[-73.3063406,45.8356318],[-73.3018227,45.8379244],[-73.3011989,45.8384317],[-73.3002802,45.8386359],[-73.2995525,45.8386212],[-73.2987089,45.8387611],[-73.2975452,45.8390488],[-73.2957216,45.839145],[-73.293079,45.8394529],[-73.2905616,45.8404194],[-73.2880666,45.8423749],[-73.2873058,45.8430743],[-73.2871226,45.8437236],[-73.2866056,45.8441731],[-73.2860212,45.8442857],[-73.2855027,45.8445831],[-73.2851698,45.8446097],[-73.2849404,45.8444017],[-73.2848672,45.8441598],[-73.2852946,45.8434138],[-73.2863735,45.8428472],[-73.2868184,45.8425242],[-73.2873197,45.8416618],[-73.2880486,45.8411516],[-73.2894042,45.8407357],[-73.2898403,45.8398326],[-73.2907991,45.8389559],[-73.292252,45.8379925],[-73.2931611,45.8362069],[-73.2952818,45.8341033],[-73.2979566,45.8323726],[-73.2996199,45.8302597],[-73.3043626,45.8261464],[-73.3066552,45.8240111],[-73.3097571,45.8218308],[-73.3149268,45.8187739],[-73.3180512,45.8167959],[-73.3198269,45.814728],[-73.3220746,45.8135367],[-73.3256035,45.8125252],[-73.3247171,45.8125858],[-73.3245779,45.812533],[-73.3261049,45.8118482],[-73.3266207,45.811851],[-73.3271529,45.8115414],[-73.3290059,45.8099521],[-73.329967,45.8088193],[-73.3315359,45.8074066],[-73.3321582,45.8066447],[-73.332793,45.8060978],[-73.3349216,45.8045471],[-73.3369276,45.8034483],[-73.3377627,45.8027434],[-73.3380125,45.8026521],[-73.3386634,45.8021983],[-73.340025,45.8017047],[-73.3404419,45.8016421],[-73.3404679,45.8015352],[-73.3412351,45.8010831],[-73.3421169,45.800673],[-73.3426883,45.800292],[-73.3442357,45.7989457],[-73.3454767,45.7984397],[-73.3471974,45.7970544],[-73.3496609,45.7955871]],[[-73.3692678,45.7916548],[-73.3682207,45.7922957],[-73.368029,45.7924979],[-73.3681519,45.7927824],[-73.3686336,45.7931971],[-73.3686484,45.7934542],[-73.3683731,45.7938723],[-73.3683977,45.7940848],[-73.3685697,45.7942631],[-73.368673,45.794599],[-73.3691055,45.7947498],[-73.3693022,45.7946778],[-73.3695971,45.7941568],[-73.369253,45.7941637],[-73.3691547,45.7941294],[-73.3691547,45.7940197],[-73.3698429,45.7931629],[-73.3698183,45.7930806],[-73.3695774,45.7930566],[-73.3691006,45.7932486],[-73.3688843,45.7931252],[-73.3689581,45.7927584],[-73.3696364,45.7919393],[-73.3697593,45.7916651],[-73.3696659,45.7915759],[-73.3692678,45.7916548]],[[-73.35324676330626,45.80685495810077],[-73.3529537,45.8068868],[-73.3522896,45.8072854],[-73.3525204,45.8074142],[-73.3526802,45.8074092],[-73.35322,45.8069958],[-73.35324676330626,45.80685495810077]]]]}}]}
