{"type":"FeatureCollection","features":[{"type":"Feature","properties":{"id":"parc-la-fontaine-767368","name":"Parc La Fontaine","type":"park"},"geometry":{"type":"MultiPolygon","coordinates":[[[[-73.5738905,45.5255566],[-73.5732936,45.5262078],[-73.5732516,45.5264019],[-73.5733084,45.5264529],[-73.5694547,45.5303716],[-73.5641062,45.5278876],[-73.5651067,45.5248442],[-73.5672786,45.5257631],[-73.5674239,45.525614],[-73.5676645,45.5257213],[-73.5686028,45.5246039],[-73.5657899,45.5232975],[-73.5666834,45.5223237],[-73.5664791,45.5222336],[-73.5666181,45.5221165],[-73.5737435,45.5253531],[-73.5738788,45.5254452],[-73.5738905,45.5255566]],[[-73.5699947,45.5255964],[-73.5699598,45.525496],[-73.569189,45.525397],[-73.5690856,45.5252944],[-73.5691388,45.5250183],[-73.5692876,45.5247892],[-73.5695987,45.5246012],[-73.5698631,45.5242442],[-73.5698182,45.5238954],[-73.5696575,45.5237561],[-73.5692843,45.5236214],[-73.5682956,45.5234676],[-73.5680314,45.5233196],[-73.5678429,45.5230417],[-73.5674683,45.5231514],[-73.5673918,45.5234156],[-73.5677111,45.5237916],[-73.5690256,45.5240174],[-73.5692347,45.5241219],[-73.5691892,45.5244123],[-73.568562,45.5251581],[-73.5685317,45.5253209],[-73.5686056,45.5254476],[-73.5698302,45.5257959],[-73.5700033,45.5257176],[-73.570264,45.5257454],[-73.5707114,45.5259626],[-73.5713354,45.5259481],[-73.5719748,45.5261561],[-73.5722869,45.5261134],[-73.572451,45.5259455],[-73.572369,45.5255073],[-73.5722286,45.5253765],[-73.5716522,45.5255899],[-73.571284,45.5253153],[-73.5708372,45.5252919],[-73.5702569,45.5256487],[-73.5699947,45.5255964]]],[[[-73.5714033,45.5255277],[-73.5712118,45.5256144],[-73.5708925,45.5255512],[-73.5707888,45.5254492],[-73.5708321372138,45.52534569832449],[-73.5712275,45.5253456],[-73.5714033,45.5255277]]]]}},{"type":"Feature","properties":{"id":"parc-sir-wilfrid-laurier-687084","name":"Parc Sir-Wilfrid-Laurier","type":"park"},"geometry":{"type":"Polygon","coordinates":[[[-73.5907216,45.5318776],[-73.5900042,45.532561],[-73.5899009,45.532785],[-73.588637,45.5341316],[-73.5848875,45.5323802],[-73.5868521,45.5301765],[-73.5907216,45.5318776]]]}},{"type":"Feature","properties":{"id":"parc-du-pere-marquette-223690","name":"Parc du Père-Marquette","type":"park"},"geometry":{"type":"Polygon","coordinates":[[[-73.5955848,45.5391884],[-73.596753,45.5397487],[-73.5966115,45.5399041],[-73.5964297,45.5406166],[-73.5953053,45.5417881],[-73.5938468,45.54113],[-73.5946816,45.5403274],[-73.5933271,45.5397135],[-73.5926002,45.5405462],[-73.5884844,45.5386366],[-73.5897537,45.5375023],[-73.5918039,45.5384334],[-73.5923831,45.5378583],[-73.5927772,45.5376244],[-73.5931778,45.5370825],[-73.5962943,45.538491],[-73.5955848,45.5391884]]]}},{"type":"Feature","properties":{"id":"parc-jarry-226098","name":"Parc Jarry","type":"park"},"geometry":{"type":"MultiPolygon","coordinates":[[[[-73.6224604,45.5362064],[-73.624369,45.5328939],[-73.6244521,45.5328734],[-73.6250652,45.533075],[-73.6253678,45.5338631],[-73.6266538,45.5336077],[-73.6267571,45.5338902],[-73.6275225,45.5336071],[-73.6287702,45.5334528],[-73.6291036,45.5333206],[-73.6289133,45.5328197],[-73.6296306,45.532689],[-73.6295673,45.5325025],[-73.6344038,45.5333075],[-73.6313546,45.538608],[-73.6310994,45.5387189],[-73.6224604,45.5362064]],[[-73.6248513,45.5355186],[-73.625028,45.5357181],[-73.6247065,45.5358126],[-73.6247427,45.5359096],[-73.6252693,45.5360159],[-73.6255219,45.5359195],[-73.6254816,45.5357363],[-73.6257736,45.5354181],[-73.6257491,45.535304],[-73.6254956,45.5351547],[-73.6248145,45.5352065],[-73.6240892,45.5349304],[-73.6239113,45.5350299],[-73.6238543,45.5353437],[-73.6239993,45.535591],[-73.6248513,45.5355186]]],[[[-73.624486931653,45.53510486294209],[-73.62470001940221,45.53523993025819],[-73.6244012,45.5353078],[-73.6241779,45.5350922],[-73.624486931653,45.53510486294209]]]]}},{"type":"Feature","properties":{"id":"parc-etienne-desmarteau-444822","name":"Parc Étienne-Desmarteau","type":"park"},"geometry":{"type":"Polygon","coordinates":[[[-73.5831602,45.5584329],[-73.5809031,45.5610518],[-73.5773727,45.559956],[-73.5796431,45.5573559],[-73.5831602,45.5584329]]]}},{"type":"Feature","properties":{"id":"terrains-du-centre-communautaire-sarto-desnoyers-775625","name":"Terrains du centre communautaire Sarto-Desnoyers","type":"park"},"geometry":{"type":"Polygon","coordinates":[[[-73.7591469,45.4418958],[-73.7556182,45.4420252],[-73.7530609,45.4419365],[-73.7522848,45.4392201],[-73.7531834,45.4391198],[-73.7554533,45.4391678],[-73.7572812,45.4389793],[-73.7581817,45.4391499],[-73.7591469,45.4418958]]]}},{"type":"Feature","properties":{"id":"parc-henri-julien-884425","name":"Parc Henri-Julien","type":"park"},"geometry":{"type":"Polygon","coordinates":[[[-73.6532447,45.5492795],[-73.653005,45.5493043],[-73.6518371,45.5489903],[-73.6517066,45.548879],[-73.6503839,45.5485005],[-73.6502476,45.5485351],[-73.6458889,45.5472409],[-73.6468671,45.5455338],[-73.6541404,45.5476294],[-73.6537554,45.5482965],[-73.6532381,45.5481541],[-73.6532208,45.5485659],[-73.6533638,45.5490686],[-73.6532447,45.5492795]]]}},{"type":"Feature","properties":{"id":"parc-arthur-therrien-653030","name":"Parc Arthur-Therrien","type":"park"},"geometry":{"type":"Polygon","coordinates":[[[-73.5624036,45.4696774],[-73.562156,45.4695807],[-73.5615407,45.4695542],[-73.5615444,45.4695011],[-73.5588408,45.4694597],[-73.558394,45.4688901],[-73.5591678,45.4684826],[-73.5592698,45.4684097],[-73.5592986,45.4682536],[-73.5595621,45.4680735],[-73.5597031,45.4658781],[-73.5600094,45.4646971],[-73.559964,45.4642807],[-73.5598645,45.4640907],[-73.5600414,45.4630974],[-73.5607249,45.4633032],[-73.5609347,45.4631657],[-73.5608574,45.4632262],[-73.5608329,45.4635199],[-73.5608963,45.4635737],[-73.5619589,45.4636151],[-73.5620039,45.4633224],[-73.5622993,45.4645881],[-73.5623934,45.4645798],[-73.5624338,45.4647752],[-73.5627462,45.4647791],[-73.5626814,45.4650814],[-73.5623378,45.4658173],[-73.5622579,45.4662735],[-73.5623166,45.4667594],[-73.5626913,45.4677853],[-73.5627924,45.4683485],[-73.5627153,45.4690094],[-73.5624036,45.4696774]]]}},{"type":"Feature","properties":{"id":"parc-du-centenaire-798520","name":"Parc du Centenaire","type":"park"},"geometry":{"type":"MultiPolygon","coordinates":[[[[-73.8101645,45.4859358],[-73.8101593,45.4855042],[-73.809218,45.4855086],[-73.8115463,45.4844133],[-73.8115378,45.4851535],[-73.8117953,45.4853822],[-73.812748,45.4857071],[-73.815177,45.4846962],[-73.8155236,45.4850702],[-73.8161606,45.4851007],[-73.8177363,45.4844194],[-73.8182075,45.4846336],[-73.8183698,45.4846316],[-73.8198024,45.4839498],[-73.8199434,45.4839721],[-73.8206815,45.4835673],[-73.8222975,45.4839801],[-73.8221464,45.484311],[-73.824741,45.4849551],[-73.8249073,45.4846524],[-73.8259775,45.4849321],[-73.8260171,45.4850129],[-73.8258756,45.4852757],[-73.82561,45.4855249],[-73.8253659,45.4856372],[-73.8249802,45.4852812],[-73.8232708,45.4861404],[-73.8235112,45.4864839],[-73.8218381,45.4871809],[-73.8150432,45.4904967],[-73.8133695,45.4887934],[-73.8129116,45.4888517],[-73.8119326,45.4893837],[-73.8117448,45.4891948],[-73.8113661,45.4893837],[-73.8113318,45.4896484],[-73.8106795,45.4899794],[-73.810319,45.4899312],[-73.8095394,45.4902981],[-73.8091555,45.4898668],[-73.8102343,45.4885796],[-73.8095311,45.4878406],[-73.8099555,45.4876879],[-73.8105074,45.4865521],[-73.8101645,45.4859358]],[[-73.8142496,45.4857411],[-73.8140431,45.4859292],[-73.8135281,45.4868543],[-73.8131096,45.4869672],[-73.812938,45.486892],[-73.8124981,45.4870198],[-73.8118866,45.4867566],[-73.8110068,45.4871477],[-73.8106635,45.4871853],[-73.8105612,45.4872751],[-73.8105133,45.487599],[-73.8106443,45.487722],[-73.8105388,45.4881365],[-73.8106093,45.4884797],[-73.8104081,45.4886737],[-73.8114145,45.4885241],[-73.8120153,45.4886069],[-73.8124659,45.4885693],[-73.81282,45.4884339],[-73.8137878,45.4886561],[-73.8140323,45.4886219],[-73.8142576,45.4880277],[-73.8146761,45.4877946],[-73.8147512,45.4873357],[-73.8151267,45.4871176],[-73.8154163,45.4872229],[-73.8157489,45.48708],[-73.8162532,45.4870048],[-73.816736,45.4870875],[-73.8169265,45.4870281],[-73.8174334,45.4863354],[-73.8175192,45.4859893],[-73.8176694,45.4858765],[-73.8179484,45.4851243],[-73.8182058,45.4848987],[-73.8180825,45.4847896],[-73.8176372,45.4849513],[-73.8169291,45.4849664],[-73.816457,45.48535],[-73.8161137,45.4854252],[-73.8154593,45.4851996],[-73.8147404,45.4852522],[-73.8142549,45.485479],[-73.8142496,45.4857411]]],[[[-73.8169077,45.4858765],[-73.8166609,45.4860646],[-73.8166072,45.4864106],[-73.8164034,45.4865309],[-73.8153734,45.4863354],[-73.8153842,45.4861849],[-73.8167467,45.4856885],[-73.8169077,45.4858765]]],[[[-73.8114038,45.4871026],[-73.8118329,45.487253],[-73.8123479,45.4876291],[-73.812026,45.4877569],[-73.8115862,45.4875163],[-73.8110819,45.4876968],[-73.8109317,45.4876216],[-73.8109853,45.4874561],[-73.811275,45.4872906],[-73.8112536,45.4871853],[-73.8114038,45.4871026]]],[[[-73.8132169,45.4881857],[-73.8130757,45.4880807],[-73.813056,45.4879149],[-73.8139143,45.4874636],[-73.8143005,45.487441],[-73.81444,45.487614],[-73.8143756,45.4878021],[-73.8141289,45.4879751],[-73.8135817,45.4881631],[-73.8132169,45.4881857]]]]}},{"type":"Feature","properties":{"id":"parc-felix-leclerc-317160","name":"Parc Félix-Leclerc","type":"park"},"geometry":{"type":"Polygon","coordinates":[[[-73.567491,45.590393],[-73.5672733,45.5911781],[-73.5662946,45.5925617],[-73.5595594,45.590347],[-73.5606227,45.5886241],[-73.5630055,45.589323],[-73.567491,45.590393]]]}},{"type":"Feature","properties":{"id":"parc-ahuntsic-830566","name":"Parc Ahuntsic","type":"park"},"geometry":{"type":"Polygon","coordinates":[[[-73.6658417,45.5578831],[-73.6607913,45.556405],[-73.6616086,45.5550553],[-73.661164,45.5549262],[-73.6612448,45.5547846],[-73.6616836,45.5549058],[-73.6624252,45.553642],[-73.6674646,45.5551076],[-73.6670833,45.5558949],[-73.666767,45.5563276],[-73.6666633,45.5566727],[-73.6665989,45.5566701],[-73.6665556,45.5570824],[-73.6664881,45.5571908],[-73.6663088,45.5571383],[-73.6658417,45.5578831]],[[-73.6647951,45.5559759],[-73.6647362,45.5558049],[-73.66459,45.5557226],[-73.6643343,45.5557681],[-73.6641297,45.5559657],[-73.6642632,45.556113],[-73.6646897,45.5561572],[-73.6650326,45.5563366],[-73.6652336,45.5563459],[-73.6654464,45.5562292],[-73.6654506,45.5561348],[-73.6653278,45.5560513],[-73.6647951,45.5559759]]]}},{"type":"Feature","properties":{"id":"parc-des-hirondelles-844959","name":"Parc des Hirondelles","type":"park"},"geometry":{"type":"Polygon","coordinates":[[[-73.6451818,45.5781426],[-73.642481,45.5770369],[-73.6422495,45.5768435],[-73.6395565,45.5757018],[-73.6414673,45.5734263],[-73.646378,45.5754862],[-73.6460882,45.5758173],[-73.6468662,45.5761464],[-73.6451818,45.5781426]]]}},{"type":"Feature","properties":{"id":"parc-jeanne-mance-939935","name":"Parc Jeanne-Mance","type":"park"},"geometry":{"type":"Polygon","coordinates":[[[-73.5890644,45.5168664],[-73.5879286,45.5181808],[-73.5877342,45.5182185],[-73.5811973,45.5152457],[-73.5811419,45.5151363],[-73.5818,45.5144212],[-73.579531,45.5134028],[-73.5798327,45.5130596],[-73.5778147,45.5121454],[-73.5781908,45.5118309],[-73.5790512,45.5122297],[-73.5791479,45.5123678],[-73.5803662,45.5129349],[-73.5807297,45.5131797],[-73.5812152,45.5133305],[-73.58263,45.5139828],[-73.5835633,45.5142926],[-73.5886191,45.5166053],[-73.588564,45.5166566],[-73.5888524,45.5167896],[-73.588989,45.516773],[-73.5890644,45.5168664]]]}},{"type":"Feature","properties":{"id":"parc-de-la-promenade-bellerive-768486","name":"Parc de la Promenade-Bellerive","type":"park"},"geometry":{"type":"Polygon","coordinates":[[[-73.5071172,45.592561],[-73.5067385,45.5917937],[-73.5070787,45.5917405],[-73.5077776,45.5917899],[-73.5078128,45.591735],[-73.509382,45.5945931],[-73.5104012,45.5971656],[-73.510702,45.5996086],[-73.5107027,45.6008378],[-73.5105507,45.6029285],[-73.5104538,45.6037507],[-73.5102646,45.6045205],[-73.5103559,45.6045461],[-73.5101321,45.6065722],[-73.509987,45.6065128],[-73.509847,45.6065847],[-73.5100339,45.6068341],[-73.5096477,45.6084383],[-73.508666,45.6108589],[-73.50841,45.6108187],[-73.5078595,45.6103883],[-73.5072371321221,45.610058576229676],[-73.5074553,45.6095985],[-73.5075948,45.6084735],[-73.5083382,45.6071643],[-73.5084531,45.6065259],[-73.5087275,45.6058422],[-73.5090238,45.6046325],[-73.5091441,45.6037052],[-73.5093447,45.6029227],[-73.5092955,45.6013315],[-73.5094671,45.600874],[-73.5092349,45.5999952],[-73.5087659,45.5972644],[-73.5084403,45.5962588],[-73.5079267,45.5952589],[-73.5075116,45.5936258],[-73.5071172,45.592561]]]}},{"type":"Feature","properties":{"id":"parc-eugene-dostie-194606","name":"Parc Eugène-Dostie","type":"park"},"geometry":{"type":"Polygon","coordinates":[[[-73.882256,45.4848572],[-73.8844614,45.4867853],[-73.8849933,45.4864685],[-73.8865265,45.4877651],[-73.8859849,45.4883448],[-73.8851222,45.4888752],[-73.8848029,45.4886478],[-73.8841264,45.4883871],[-73.8824441,45.4893378],[-73.8811768,45.4882523],[-73.8817294,45.4878899],[-73.8816505,45.4878243],[-73.8822932,45.487419],[-73.8812712,45.4865418],[-73.8812859,45.4863769],[-73.8815748,45.4861945],[-73.8809011,45.4856213],[-73.882256,45.4848572]]]}},{"type":"Feature","properties":{"id":"vieux-port-255355","name":"Vieux-Port","type":"park"},"geometry":{"type":"MultiPolygon","coordinates":[[[[-73.5519047,45.4993303],[-73.5519586,45.4981554],[-73.552027,45.4981541],[-73.5520217,45.4983245],[-73.5522851,45.4983381],[-73.5524558,45.4967684],[-73.552091,45.4966934],[-73.55215521937019,45.496042724494444],[-73.5526148,45.4962715],[-73.5528419,45.4965768],[-73.5527299,45.498158],[-73.552847,45.4995354],[-73.5529351,45.4998465],[-73.5533424,45.5003806],[-73.5536723,45.5015416],[-73.5537377,45.5021748],[-73.5537953,45.5030414],[-73.5537483,45.5036075],[-73.5528991,45.5058484],[-73.552246,45.5067888],[-73.5506755,45.5096095],[-73.5467551,45.5097523],[-73.5460577,45.5120984],[-73.5465156,45.5121702],[-73.5477493,45.5101139],[-73.5478769,45.5101512],[-73.5465495,45.512396],[-73.5464071,45.512432],[-73.5462199,45.5128661],[-73.545567,45.5123592],[-73.5464907,45.5092812],[-73.5497553,45.5091965],[-73.5505892,45.5077144],[-73.5466399,45.5077318],[-73.5464019,45.5084987],[-73.5466926,45.5085427],[-73.546847,45.5080206],[-73.5481787,45.5079856],[-73.5481787,45.5080719],[-73.5479134,45.5081674],[-73.5477858,45.5083432],[-73.5477875,45.5086368],[-73.5479473,45.5088326],[-73.5472732,45.5092125],[-73.5465023,45.5092413],[-73.5466633,45.5086679],[-73.546315,45.5086207],[-73.546816,45.5069499],[-73.5512242,45.506767],[-73.552179,45.505244],[-73.5527924,45.5029012],[-73.5528146,45.5022793],[-73.5521916,45.499319],[-73.5519047,45.4993303]],[[-73.5533727,45.5032948],[-73.5532648,45.5028896],[-73.5531939,45.5028937],[-73.5531772,45.503114],[-73.5530193,45.5033399],[-73.5531051,45.5036862],[-73.5528567,45.5041055],[-73.5528917,45.5042801],[-73.5530579,45.5042262],[-73.5533727,45.5032948]]],[[[-73.5514404,45.4998002],[-73.5507754,45.4997086],[-73.5508138,45.4995147],[-73.550964,45.4995023],[-73.55176492501221,45.49584909760676],[-73.55198370227959,45.49595763404986],[-73.5516826,45.4990907],[-73.5514404,45.4998002]]],[[[-73.5507071,45.499216],[-73.5504735,45.4996831],[-73.5493573,45.4996002],[-73.5493897,45.499275],[-73.5502277,45.4993505],[-73.5504582,45.4973291],[-73.5506218,45.4970865],[-73.5505841,45.496892],[-73.5507177,45.4968021],[-73.5508791,45.4954676],[-73.55158652153676,45.495760723633715],[-73.5513711,45.4967544],[-73.5509168,45.4967406],[-73.5506892,45.4982176],[-73.5510336,45.4982883],[-73.5508327,45.4991376],[-73.5507071,45.499216]]],[[[-73.549316,45.5085271],[-73.549072,45.5089625],[-73.5484122,45.5089832],[-73.5483679,45.5079818],[-73.54945645312156,45.50796153617981],[-73.5495781,45.5080414],[-73.5493822,45.5083934],[-73.5494832,45.508391],[-73.5494896,45.5085229],[-73.549316,45.5085271]]]]}},{"type":"Feature","properties":{"id":"parc-maisonneuve-382614","name":"Parc Maisonneuve","type":"park"},"geometry":{"type":"Polygon","coordinates":[[[-73.555227,45.5611582],[-73.5558121,45.5613026],[-73.5557842,45.5615738],[-73.5592014,45.5626629],[-73.5596977,45.561864],[-73.5605121,45.5613774],[-73.5623634,45.5620518],[-73.5633929,45.5628215],[-73.5699908,45.56486],[-73.566302,45.5690048],[-73.5661464,45.5690784],[-73.5556868,45.5656578],[-73.5547548,45.5652567],[-73.5546931,45.5651834],[-73.5547707,45.5645488],[-73.5546764,45.5611744],[-73.555227,45.5611582]]]}},{"type":"Feature","properties":{"id":"jardin-botanique-de-montreal-382664","name":"Jardin botanique de Montréal","type":"park"},"geometry":{"type":"MultiPolygon","coordinates":[[[[-73.5592014,45.5626629],[-73.5557842,45.5615738],[-73.5558335,45.5611717],[-73.555274,45.5610467],[-73.5546721,45.561046],[-73.5544459,45.5567963],[-73.5545225,45.5560146],[-73.5547697,45.5551105],[-73.5551623,45.5549401],[-73.5681771,45.5590737],[-73.5676387,45.5599359],[-73.5705911,45.5608961],[-73.5710351,45.560204],[-73.5710445,45.560001],[-73.5734864,45.560926],[-73.5699908,45.56486],[-73.5633929,45.5628215],[-73.5623634,45.5620518],[-73.5605121,45.5613774],[-73.5596977,45.561864],[-73.5592014,45.5626629]],[[-73.5636276,45.5583834],[-73.5638465,45.5580514],[-73.5636813,45.5579978],[-73.5634723,45.5583177],[-73.5636276,45.5583834]],[[-73.5632794,45.5620692],[-73.5631617,45.5619739],[-73.5630983,45.5620335],[-73.5632794,45.5620692]],[[-73.5677002,45.5639354],[-73.5678546,45.5640638],[-73.5681964,45.5640342],[-73.5683091,45.564102],[-73.5685915,45.5639196],[-73.5684881,45.5637717],[-73.567872,45.5636419],[-73.5677002,45.5639354]],[[-73.5581571,45.5563335],[-73.5582282,45.5563552],[-73.5583099,45.5562243],[-73.5582388,45.5562025],[-73.5581571,45.5563335]],[[-73.5603006,45.5580774],[-73.5602415,45.5581586],[-73.5604356,45.5580826],[-73.5603006,45.5580774]],[[-73.5601367,45.5583163],[-73.5600141,45.5583392],[-73.560151,45.5583502],[-73.5601367,45.5583163]],[[-73.5613789,45.5586745],[-73.5613053,45.5587155],[-73.5614206,45.5587242],[-73.5613789,45.5586745]],[[-73.5621544,45.5588155],[-73.5619118,45.5588594],[-73.5620874,45.5589292],[-73.5622078,45.559155],[-73.5624656,45.5591052],[-73.5627212,45.5593781],[-73.5632689,45.5594414],[-73.5636055,45.5591494],[-73.5635774,45.5589968],[-73.5632099,45.5587982],[-73.5633622,45.5586609],[-73.5629607,45.5583792],[-73.5625406,45.5583869],[-73.5628083,45.5585957],[-73.5624498,45.5585852],[-73.5621544,45.5588155]],[[-73.5586881,45.5593484],[-73.5584309,45.5592214],[-73.5583456,45.5590766],[-73.5584114,45.5589539],[-73.5583491,45.558918],[-73.5582724,45.5591444],[-73.5584236,45.5592917],[-73.5583737,45.559447],[-73.5585937,45.55952],[-73.5585136,45.5595697],[-73.5585915,45.5596532],[-73.5588114,45.5595507],[-73.5587204,45.5594479],[-73.5587774,45.5593899],[-73.5590823,45.559532],[-73.5592962,45.5590029],[-73.5591936,45.5589231],[-73.5589241,45.5589367],[-73.5587406,45.5592331],[-73.5587761,45.5593162],[-73.5586881,45.5593484]],[[-73.563165,45.5597823],[-73.5628214,45.5596687],[-73.5627607,45.5595137],[-73.5624949,45.559502],[-73.5619993,45.5593236],[-73.5619517,45.5594308],[-73.5620616,45.5594203],[-73.5621397,45.5598057],[-73.5623369,45.5601184],[-73.5624703,45.5599776],[-73.5628408,45.5602293],[-73.5632267,45.5601367],[-73.563165,45.5597823]],[[-73.5612608,45.560113],[-73.5613244,45.5600525],[-73.5611911,45.5600657],[-73.5612608,45.560113]],[[-73.5580622,45.5602157],[-73.558126,45.5602359],[-73.5582022,45.5601181],[-73.5581383,45.5600978],[-73.5580622,45.5602157]],[[-73.5613297,45.5603477],[-73.5613009,45.5602399],[-73.561476,45.5603495],[-73.5614926,45.5602555],[-73.5611795,45.5601102],[-73.5609805,45.5601302],[-73.560757,45.5603531],[-73.5609302,45.5605394],[-73.5610893,45.560344],[-73.5613297,45.5603477]],[[-73.5615779,45.560804],[-73.5620497,45.5608112],[-73.5620909,45.5607487],[-73.5617085,45.5606437],[-73.5615779,45.560804]],[[-73.562245,45.5617376],[-73.5619538,45.5617636],[-73.5623313,45.56187],[-73.5624134,45.5618144],[-73.562245,45.5617376]]],[[[-73.563105,45.5587587],[-73.5628462,45.558694],[-73.5629564,45.5585914],[-73.5632198,45.5586293],[-73.563105,45.5587587]]]]}},{"type":"Feature","properties":{"id":"parc-olympique-486554","name":"Parc olympique","type":"park"},"geometry":{"type":"Polygon","coordinates":[[[-73.5541519,45.5649896],[-73.5538282,45.5649779],[-73.546437,45.562598],[-73.5464846,45.5625237],[-73.5462472,45.5624477],[-73.551828,45.5539125],[-73.5543487,45.5547223],[-73.5541394,45.556921],[-73.5544066,45.5642551],[-73.5543368,45.5648253],[-73.5541519,45.5649896]],[[-73.5525216,45.5602097],[-73.552538,45.5607339],[-73.5524133,45.5607479],[-73.5521663,45.560271],[-73.5520554,45.5602152],[-73.5523847,45.5607904],[-73.5525866,45.5607643],[-73.5525781,45.560143],[-73.5525216,45.5602097]]]}},{"type":"Feature","properties":{"id":"parc-rene-levesque-595232","name":"Parc René-Lévesque","type":"park"},"geometry":{"type":"Polygon","coordinates":[[[-73.6687901,45.430196],[-73.66888,45.4302626],[-73.668737,45.4303005],[-73.6686032,45.4300495],[-73.6689204,45.4298096],[-73.670073,45.4293212],[-73.66987277608416,45.42905228522503],[-73.6727645,45.428121],[-73.6752857,45.4279069],[-73.6760659,45.4276697],[-73.6771152,45.4276874],[-73.6790466,45.4279124],[-73.682459,45.4281568],[-73.6868347,45.4283732],[-73.6880714,45.428672],[-73.688241,45.4288186],[-73.6883713,45.4291434],[-73.6884864,45.4292408],[-73.6915104,45.4299845],[-73.6914955,45.4300563],[-73.6910472,45.4299656],[-73.6878182,45.4291769],[-73.6870007,45.4290569],[-73.6857406,45.4290231],[-73.6825815,45.4293065],[-73.6813657,45.4293131],[-73.6798107,45.4291324],[-73.6763638,45.4284788],[-73.6753286,45.4283981],[-73.6742131,45.4284497],[-73.672755,45.4287194],[-73.6692881,45.4298602],[-73.6687901,45.430196]]]}},{"type":"Feature","properties":{"id":"parc-de-l-honorable-george-o-reilly-752680","name":"Parc de l'Honorable-George-O'Reilly","type":"park"},"geometry":{"type":"MultiPolygon","coordinates":[[[[-73.566749,45.4501216],[-73.5655734,45.452075],[-73.5650159,45.4528572],[-73.5650968,45.4528855],[-73.5648934,45.4530368],[-73.5651247,45.4531288],[-73.5648659,45.4534687],[-73.5647983,45.4534413],[-73.5647338,45.4536071],[-73.5646435,45.4535715],[-73.5644375,45.4537718],[-73.5643323,45.4537306],[-73.5642787,45.453881],[-73.5639685,45.4537647],[-73.5644166,45.452992],[-73.5658472,45.45093],[-73.5668081,45.4497138],[-73.5689083,45.447706],[-73.5690496,45.4474863],[-73.5689614,45.4473117],[-73.5706526,45.4460666],[-73.5723127,45.4444918],[-73.5739481,45.443313],[-73.5757802,45.4416028],[-73.5762986,45.4411912],[-73.5767424,45.4410305],[-73.5779931,45.4399842],[-73.5786259,45.4393326],[-73.5797793,45.4384791],[-73.5798611,45.4383549],[-73.5798081,45.4382815],[-73.5804002,45.437923],[-73.5838274,45.4350097],[-73.5857727,45.4353373],[-73.583212,45.4371987],[-73.5809087,45.4391963],[-73.5795013,45.4405536],[-73.5779494,45.4425205],[-73.5771773,45.4432594],[-73.5763851,45.4437752],[-73.5745436,45.4447195],[-73.5735504,45.4453183],[-73.5719879,45.4470906],[-73.5715145,45.4474681],[-73.5710172,45.4477478],[-73.5696186,45.4482708],[-73.5689186,45.4487045],[-73.5686006,45.4491166],[-73.5680574,45.4503371],[-73.5677565,45.4502689],[-73.5675624,45.4503757],[-73.566749,45.4501216]],[[-73.5781341,45.4402916],[-73.577545,45.4408335],[-73.5778664,45.4411011],[-73.5781316,45.4411627],[-73.57854904693745,45.44100923108236],[-73.578417,45.4403811],[-73.5781341,45.4402916]]],[[[-73.5781556,45.4403475],[-73.5782996,45.4403669],[-73.5784435,45.4406837],[-73.578083,45.4410927],[-73.5778992,45.4410639],[-73.5777527,45.4408299],[-73.5778216,45.4406434],[-73.5781556,45.4403475]]]]}},{"type":"Feature","properties":{"id":"parc-thomas-chapais-948460","name":"Parc Thomas-Chapais","type":"park"},"geometry":{"type":"Polygon","coordinates":[[[-73.5409021,45.6101114],[-73.5348307,45.6087039],[-73.5335864,45.6086283],[-73.5326934,45.608391],[-73.533203,45.607742],[-73.5342884,45.605749],[-73.5372558,45.6066598],[-73.541507,45.6085439],[-73.5409021,45.6101114]]]}},{"type":"Feature","properties":{"id":"parc-delorme-746551","name":"Parc Delorme","type":"park"},"geometry":{"type":"Polygon","coordinates":[[[-73.5910441,45.5932042],[-73.5903709,45.5929219],[-73.5900756,45.5929624],[-73.588655,45.5923396],[-73.588682,45.5922006],[-73.588542,45.5920901],[-73.5854795,45.5908787],[-73.5869779,45.5892323],[-73.587079,45.5892138],[-73.5887974,45.5899296],[-73.589127,45.5899144],[-73.5927256,45.5915933],[-73.5922705,45.5921117],[-73.5916473,45.5925567],[-73.5910441,45.5932042]]]}},{"type":"Feature","properties":{"id":"parc-ignace-bourget-661481","name":"Parc Ignace-Bourget","type":"park"},"geometry":{"type":"Polygon","coordinates":[[[-73.6041863,45.4579385],[-73.6032516,45.4551802],[-73.6045684,45.4535512],[-73.6068312,45.4544712],[-73.6079494,45.4551526],[-73.6073997,45.455603],[-73.6076582,45.4568195],[-73.6041863,45.4579385]]]}},{"type":"Feature","properties":{"id":"parc-de-montreal-533084","name":"Parc de Montreal","type":"park"},"geometry":{"type":"Polygon","coordinates":[[[-73.6018468,45.498245],[-73.5987899,45.5009022],[-73.5973898,45.5017772],[-73.5969244,45.5029023],[-73.5953901,45.502669],[-73.5949853,45.5028393],[-73.5941102,45.5035543],[-73.5933618,45.5030084],[-73.5923479,45.5027941],[-73.5918173,45.5028518],[-73.5915793,45.5027656],[-73.59179,45.5023279],[-73.5921119,45.5019218],[-73.5924874,45.501809],[-73.5931472,45.5008803],[-73.593276,45.5007562],[-73.5935818,45.5006923],[-73.5936783,45.5001885],[-73.5941284,45.4997498],[-73.5943542,45.4993086],[-73.5943113,45.4991244],[-73.5940109,45.4990718],[-73.5940847,45.4988302],[-73.5945527,45.4987898],[-73.5955666,45.4981693],[-73.5956042,45.4978986],[-73.5954754,45.4976221],[-73.5952125,45.4973534],[-73.595436,45.4971818],[-73.5958992,45.4971165],[-73.596323,45.4971579],[-73.5966177,45.4973008],[-73.5969935,45.4973233],[-73.5972497,45.4975329],[-73.598037,45.4978065],[-73.5985653,45.4978685],[-73.5990052,45.4977821],[-73.599311,45.4978422],[-73.5994612,45.4979249],[-73.599757,45.498416],[-73.5998495,45.4987384],[-73.5992788,45.4987627],[-73.5988612,45.4989236],[-73.5987262,45.4990755],[-73.5980664,45.4992259],[-73.5973038,45.499518],[-73.5970669,45.4994877],[-73.5967441,45.4992714],[-73.5963226,45.4997548],[-73.5961141,45.4997227],[-73.595915,45.4998293],[-73.5960535,45.4999883],[-73.595749,45.4999441],[-73.5954057,45.4997373],[-73.5952662,45.4998012],[-73.59547,45.5001133],[-73.5952833,45.5001854],[-73.595057,45.5001584],[-73.5951374,45.5004178],[-73.5948639,45.5004141],[-73.5946707,45.5001659],[-73.5944194,45.5003637],[-73.5945527,45.5006058],[-73.594424,45.5007036],[-73.5940753,45.5007449],[-73.5937335,45.5009498],[-73.5940017,45.5011717],[-73.5945685,45.5012037],[-73.5950181,45.5011021],[-73.595572,45.5017112],[-73.5958885,45.5019143],[-73.5960494,45.5018804],[-73.5959958,45.5015232],[-73.5961585,45.5013582],[-73.596382,45.5013954],[-73.5965957,45.5017035],[-73.5967414,45.50173],[-73.5968648,45.501621],[-73.5968326,45.5014067],[-73.5969774,45.5013503],[-73.5973637,45.5014105],[-73.5989247,45.5004818],[-73.5994451,45.4999591],[-73.5993914,45.4998125],[-73.5999101,45.4989407],[-73.6004911,45.4988123],[-73.6012529,45.4980302],[-73.6015587,45.4980716],[-73.6018468,45.498245]],[[-73.5988576,45.4986833],[-73.5987646,45.4985574],[-73.59813068470449,45.49853653721293],[-73.59797417440531,45.49840715937275],[-73.5978118,45.4980709],[-73.5974449,45.4979712],[-73.5973064,45.4980304],[-73.5969274,45.4984531],[-73.5963435,45.4983781],[-73.5961138,45.4984357],[-73.5959907,45.4986353],[-73.5960396,45.4989555],[-73.5963321,45.4990892],[-73.5966323,45.498941],[-73.5968656,45.4989368],[-73.597008,45.4990397],[-73.5969873,45.4992985],[-73.5972675,45.4994295],[-73.5985533,45.4990022],[-73.5988439,45.4988217],[-73.5988576,45.4986833]]]}},{"type":"Feature","properties":{"id":"parc-de-la-coulee-grou-823409","name":"Parc de la Coulée-Grou","type":"park"},"geometry":{"type":"Polygon","coordinates":[[[-73.5009814,45.6842172],[-73.4995864,45.6885805],[-73.5021179,45.6935313],[-73.5033374,45.6945102],[-73.5045254,45.695743],[-73.5062956,45.6983358],[-73.5067784,45.6984857],[-73.5071399,45.6983813],[-73.5076247,45.6978463],[-73.50818566993588,45.69919523072649],[-73.5063101,45.6996096],[-73.5048917,45.6997429],[-73.5035079,45.6996812],[-73.502749,45.6995468],[-73.5015752,45.6991975],[-73.5012759,45.6988878],[-73.5009939,45.6979249],[-73.5008228,45.6977041],[-73.5006372,45.6975926],[-73.4997529,45.6975629],[-73.4993194,45.6974373],[-73.4992658,45.69733],[-73.500132,45.6971014],[-73.4998363,45.6970756],[-73.4989672,45.6972565],[-73.4988411,45.6974523],[-73.4985746,45.697405],[-73.4968593,45.6978469],[-73.496361,45.6980909],[-73.4953193,45.6981559],[-73.495236,45.6978565],[-73.4947794,45.6977762],[-73.4974472,45.6974391],[-73.4988513,45.6969826],[-73.5009069,45.6967345],[-73.5015023,45.6967722],[-73.5015432,45.6965363],[-73.500882,45.695918],[-73.5008641,45.6957781],[-73.4997525,45.6949588],[-73.5000029,45.6947397],[-73.5017828,45.6949991],[-73.5022476,45.6950177],[-73.5024351,45.6949214],[-73.5022891,45.6947462],[-73.5013831,45.6941537],[-73.4995807,45.6924863],[-73.4997577,45.6918193],[-73.499442,45.6916083],[-73.4991066,45.6902134],[-73.4982024,45.690325],[-73.4980191,45.6903004],[-73.4979991,45.6902357],[-73.498419,45.6887844],[-73.500015,45.6842331],[-73.5002633,45.68411],[-73.5009814,45.6842172]]]}},{"type":"Feature","properties":{"id":"parc-pasquale-gattuso-690922","name":"Parc Pasquale-Gattuso","type":"park"},"geometry":{"type":"Polygon","coordinates":[[[-73.5811986,45.6302786],[-73.5815018,45.6301831],[-73.5820376,45.6305833],[-73.5809009,45.631408],[-73.5805624,45.6311571],[-73.5799544,45.6315052],[-73.5759531,45.6345193],[-73.5770594,45.6356094],[-73.5754753,45.6367717],[-73.5745026,45.6359122],[-73.5742507,45.6358814],[-73.5722583,45.6373876],[-73.5725511,45.6376357],[-73.5721462,45.6378672],[-73.5738852,45.6394961],[-73.5734521,45.6397276],[-73.5731762,45.639465],[-73.5720974,45.6400767],[-73.5718565,45.6398026],[-73.5714985,45.6397877],[-73.5715561,45.639645],[-73.5713201,45.639375],[-73.5710996,45.6394841],[-73.5703545,45.6388049],[-73.5691557,45.6393576],[-73.5690812,45.6394441],[-73.5691681,45.6395999],[-73.5691068,45.6396229],[-73.5686428,45.6391667],[-73.5807829,45.6299601],[-73.5811986,45.6302786]]]}},{"type":"Feature","properties":{"id":"parc-maynard-ferguson-396378","name":"Parc Maynard-Ferguson","type":"park"},"geometry":{"type":"Polygon","coordinates":[[[-73.5616876,45.4490712],[-73.56144,45.448416],[-73.5612925,45.4483568],[-73.5613246,45.4482034],[-73.5607684,45.4470176],[-73.5604767,45.4469171],[-73.5606426,45.446791],[-73.5606504,45.4466102],[-73.5599072,45.4461411],[-73.5582296,45.4464749],[-73.5586313,45.4473002],[-73.5589129,45.4475127],[-73.5586591,45.4477252],[-73.5577068,45.4471262],[-73.5574584,45.4465559],[-73.5572221,45.4466203],[-73.5563114,45.4474716],[-73.5557777,45.4477187],[-73.5554518,45.4476718],[-73.5549533,45.4478792],[-73.5547511,45.4478405],[-73.5542391,45.4475768],[-73.5542928,45.4475344],[-73.554113,45.4474207],[-73.5540926,45.4473064],[-73.5535365,45.4477771],[-73.5530146,45.4480627],[-73.552435,45.4480966],[-73.55230900008385,45.44794260019286],[-73.5529637,45.4478472],[-73.5535768,45.4472925],[-73.5539134,45.4472104],[-73.5539941,45.4471175],[-73.5539616,45.4469646],[-73.5541324,45.4466447],[-73.5543397,45.4464973],[-73.5544267,45.4462379],[-73.5546845,45.4460699],[-73.5551424,45.4459749],[-73.5554034,45.445743],[-73.5556328,45.4457569],[-73.5557455,45.4458895],[-73.5559948,45.445931],[-73.5564018,45.4458184],[-73.556722,45.4458374],[-73.5569068,45.4457117],[-73.5571665,45.4458234],[-73.5574395,45.4458265],[-73.5575558,45.4457842],[-73.5577389,45.4454293],[-73.5581403,45.4454283],[-73.558508,45.4456616],[-73.5586467,45.4455948],[-73.5587113,45.4453845],[-73.5588654,45.4452603],[-73.5591326,45.4452485],[-73.5593756,45.4453299],[-73.5596031,45.4455935],[-73.560171,45.4457538],[-73.5610993,45.4465814],[-73.561114,45.4469227],[-73.5613833,45.4473308],[-73.5614261,45.4476431],[-73.5616688,45.4479135],[-73.5616689,45.4482367],[-73.5620011,45.4490252],[-73.5619855,45.449149],[-73.5614494,45.449977],[-73.5599696,45.4528731],[-73.5597391,45.4534859],[-73.5595201,45.4550437],[-73.5593821,45.4550421],[-73.5593798,45.4549142],[-73.5592848,45.4549111],[-73.5592926,45.4546162],[-73.5595644,45.452936],[-73.5598771,45.4519455],[-73.5608704,45.4500128],[-73.5612325,45.4499295],[-73.56147,45.4495459],[-73.5616876,45.4490712]]]}},{"type":"Feature","properties":{"id":"parc-fritz-467700","name":"Parc Fritz","type":"park"},"geometry":{"type":"Polygon","coordinates":[[[-73.9218939,45.4100107],[-73.919946,45.4099728],[-73.9184681,45.4102364],[-73.9182683,45.4097568],[-73.9171847,45.4099627],[-73.9169848,45.4081188],[-73.9163565,45.4082449],[-73.914582,45.4089727],[-73.91449217492692,45.408671348395835],[-73.9146751,45.4085564],[-73.9150568,45.4080387],[-73.91571511440085,45.40772638504099],[-73.9167918,45.4074901],[-73.9174255,45.4076906],[-73.9182727,45.4076992],[-73.9188884,45.4074787],[-73.9194939,45.4068056],[-73.91956665985636,45.40659463875399],[-73.9202328,45.4068179],[-73.9205375,45.4063006],[-73.9212831,45.4056876],[-73.9218951,45.4054395],[-73.9228894,45.4052987],[-73.9228255,45.4058666],[-73.9238003,45.4059342],[-73.923634,45.4069087],[-73.9211865,45.4067514],[-73.9210162,45.4085869],[-73.9224176,45.4086557],[-73.9223626,45.4089748],[-73.9221856,45.4090219],[-73.922132,45.4093529],[-73.92248,45.4098789],[-73.9218939,45.4100107]],[[-73.9157375,45.4081228],[-73.915861,45.4080645],[-73.9155225,45.4080757],[-73.9157375,45.4081228]],[[-73.9156769,45.4082147],[-73.9157599,45.4082797],[-73.9158695,45.4082072],[-73.9157535,45.4081796],[-73.9156769,45.4082147]]]}},{"type":"Feature","properties":{"id":"parc-nature-des-rapides-du-cheval-blanc-666479","name":"Parc-nature des Rapides-du-Cheval-Blanc","type":"park"},"geometry":{"type":"MultiPolygon","coordinates":[[[[-73.8438575,45.5147608],[-73.8425209,45.5146024],[-73.8430308926474,45.51690993479473],[-73.8415361,45.5171376],[-73.8409952,45.5170074],[-73.8405562,45.5170717],[-73.8394602,45.5169054],[-73.838093,45.5168652],[-73.8358416,45.5165058],[-73.8328517,45.5164887],[-73.8321603,45.5163556],[-73.8316096,45.5165655],[-73.8315194,45.5167218],[-73.8306185,45.5169531],[-73.8301355,45.5169858],[-73.8283699,45.5166692],[-73.8276176,45.5163269],[-73.8268726,45.51578],[-73.8249467,45.5155182],[-73.8247096,45.5151323],[-73.8238427,45.5144807],[-73.8228448,45.5140411],[-73.8215968,45.5137846],[-73.8215629,45.5136638],[-73.8217846,45.5135113],[-73.8218143,45.5133966],[-73.8214125134126,45.51304561149885],[-73.8214731,45.5123219],[-73.8199863,45.5120015],[-73.8198871,45.5118475],[-73.8199728,45.5117031],[-73.8240283,45.5125376],[-73.8238658,45.512948],[-73.8241848,45.5130051],[-73.8241341,45.5131235],[-73.823782,45.5130674],[-73.8237062,45.5135686],[-73.824023,45.5136088],[-73.8241778,45.5137445],[-73.8244496,45.5137889],[-73.8243425,45.513931],[-73.8245845,45.514101],[-73.8249491,45.5145596],[-73.8252393,45.5144272],[-73.8255486,45.5147308],[-73.8257021,45.5147574],[-73.8258905,45.5150123],[-73.8265755,45.5147579],[-73.8264109,45.5145421],[-73.8270802,45.5143139],[-73.8286491,45.5164164],[-73.8298066,45.5163335],[-73.8300779,45.5164716],[-73.8305482,45.5163014],[-73.8308342,45.516446],[-73.8311008,45.5162589],[-73.8308584,45.5159172],[-73.831314,45.5157385],[-73.8318292,45.5158065],[-73.8327279,45.5156546],[-73.8332965,45.5157073],[-73.833739,45.5158854],[-73.8345456,45.5160205],[-73.835007,45.5159228],[-73.8352537,45.5155619],[-73.834669,45.5146748],[-73.8349084,45.5138781],[-73.8350453,45.5137902],[-73.8428347,45.5144683],[-73.8429524,45.5139443],[-73.8440037,45.5139218],[-73.8440591,45.5137582],[-73.844664,45.5138003],[-73.8446609,45.5137339],[-73.8457731,45.5135891],[-73.846229,45.5128711],[-73.84621,45.5125206],[-73.8465812,45.5128994],[-73.8463774,45.5135215],[-73.8468674,45.514168],[-73.8471237,45.5140739],[-73.8473038,45.513874],[-73.8473027,45.5140082],[-73.8480515,45.514463],[-73.8471422,45.5157709],[-73.8459402,45.5150081],[-73.8448745,45.5146378],[-73.8440678,45.5144872],[-73.84453047352031,45.516681540316185],[-73.84429324349183,45.516717671764404],[-73.8438575,45.5147608]]],[[[-73.8193024,45.5141365],[-73.8183697,45.5141067],[-73.81821177813177,45.51399316611502],[-73.8182168,45.5131972],[-73.8185064,45.5130425],[-73.8192181,45.512848],[-73.8199761,45.512827],[-73.8210631,45.5129982],[-73.8214309,45.5133545],[-73.8214849,45.5135265],[-73.8211941,45.5140337],[-73.82097,45.5140824],[-73.8204626,45.5138934],[-73.8193024,45.5141365]]]]}},{"type":"Feature","properties":{"id":"parc-nature-du-bois-de-liesse-903996","name":"Parc-nature du Bois-de-Liesse","type":"park"},"geometry":{"type":"Polygon","coordinates":[[[-73.7746894,45.4925448],[-73.7764257,45.4917145],[-73.7784471,45.493789],[-73.7793032,45.4945238],[-73.7796521,45.4943058],[-73.7804079,45.4948556],[-73.7825943,45.4957937],[-73.7833217,45.4962268],[-73.782073,45.4968498],[-73.7826475,45.4974423],[-73.7769446,45.5001119],[-73.776251,45.4996319],[-73.7760219,45.4997522],[-73.7739567,45.4984449],[-73.7738115,45.4985671],[-73.773554,45.4984156],[-73.7728487,45.4990331],[-73.7720468,45.4993897],[-73.7738582,45.5005857],[-73.7710615,45.5014604],[-73.7729869,45.5028645],[-73.7642898,45.5038593],[-73.7646856,45.5046073],[-73.7636538,45.5054081],[-73.7663591,45.507054],[-73.7665894,45.5072577],[-73.7667033,45.5075139],[-73.7654976,45.5074802],[-73.7684043,45.5093196],[-73.7673274,45.5094058],[-73.7663549,45.5096013],[-73.7631914,45.5075987],[-73.7617129,45.5076881],[-73.7606708,45.5078933],[-73.76292150297947,45.510027047665304],[-73.7610698,45.5104842],[-73.7604146,45.5107545],[-73.7599731,45.5111565],[-73.7595615,45.5112004],[-73.7591752,45.5117543],[-73.7590075,45.5117697],[-73.7571895,45.5126451],[-73.7560572,45.5126639],[-73.7553259,45.5125231],[-73.7552589,45.5123052],[-73.7549997,45.5120212],[-73.755308,45.5117211],[-73.7560585,45.5117349],[-73.7564383,45.5116085],[-73.7569429,45.5115875],[-73.7570137,45.5111546],[-73.7571051,45.5110718],[-73.757634,45.5109562],[-73.7582579,45.5106886],[-73.7583548,45.5104966],[-73.7580122,45.5101834],[-73.7584238,45.5102122],[-73.7584926,45.5098029],[-73.7592762,45.5095868],[-73.7592822,45.5093522],[-73.7589557,45.5094677],[-73.7585772,45.5094504],[-73.7579826,45.5097088],[-73.7575207,45.5100704],[-73.7572682,45.5100232],[-73.7568177,45.5101713],[-73.7568672,45.5103112],[-73.7574445,45.5103549],[-73.7576133,45.5105383],[-73.7575669,45.5106864],[-73.7568048,45.5107163],[-73.7566745,45.5108722],[-73.7561988,45.5109438],[-73.7560855,45.5112733],[-73.75528516444842,45.51156730081486],[-73.7560252,45.5112592],[-73.7512375,45.5081496],[-73.7596553,45.5051241],[-73.760518,45.5045918],[-73.7610056,45.5040804],[-73.7611141,45.5037922],[-73.7611164,45.5032866],[-73.7609655,45.502857],[-73.7606523,45.5024773],[-73.7598519,45.5019413],[-73.7691078,45.4975371],[-73.7659944,45.4955038],[-73.7681399,45.4942907],[-73.76824033167685,45.49424699495624],[-73.7736408,45.4981879],[-73.76825054815043,45.494242549034006],[-73.7739252,45.4917731],[-73.7746894,45.4925448]]]}},{"type":"Feature","properties":{"id":"parc-ecologique-des-sources-708021","name":"Parc écologique des Sources","type":"park"},"geometry":{"type":"Polygon","coordinates":[[[-73.7624915,45.4686262],[-73.7683988,45.4749796],[-73.7659528,45.4769237],[-73.7644162,45.4759183],[-73.7628182,45.4772963],[-73.762011,45.4769039],[-73.7581462,45.4744971],[-73.756428,45.4733248],[-73.7592618,45.4712742],[-73.7624915,45.4686262]]]}},{"type":"Feature","properties":{"id":"arboretum-morgan-641733","name":"Arboretum Morgan","type":"park"},"geometry":{"type":"Polygon","coordinates":[[[-73.9398817,45.4370238],[-73.940396,45.436679],[-73.9401107,45.4361946],[-73.9401319,45.4360537],[-73.9411005,45.4355297],[-73.9388418,45.4320272],[-73.9423999,45.4310612],[-73.9413825,45.4294464],[-73.9414592,45.4294263],[-73.9394472,45.4262796],[-73.9413634,45.4255687],[-73.940771,45.4245416],[-73.9409685,45.4245334],[-73.9410904,45.4246761],[-73.9413326,45.4247327],[-73.9417641,45.424619],[-73.9422867,45.424244],[-73.9422751,45.4239017],[-73.9427397,45.4237305],[-73.943727,45.4238324],[-73.9453821,45.4242033],[-73.9459459,45.4246262],[-73.946219,45.4250816],[-73.9466016,45.424994],[-73.9468339,45.4252589],[-73.947878,45.4249937],[-73.9480187,45.4248933],[-73.9481189,45.4246674],[-73.9487155,45.42435],[-73.9490988,45.424456],[-73.9496865,45.4248635],[-73.9503345,45.4246674],[-73.9499679,45.4239646],[-73.9520276,45.4231704],[-73.9514997,45.4221748],[-73.9508106,45.4211929],[-73.9584086,45.4218169],[-73.9571329,45.4234221],[-73.9553811,45.4233765],[-73.9563339,45.4250966],[-73.9567734,45.4260444],[-73.9572948,45.427472],[-73.9580206,45.4288852],[-73.9629074,45.4301727],[-73.9614859,45.4321588],[-73.9634853,45.4349788],[-73.9579449,45.4359153],[-73.9562163,45.437756],[-73.9588833,45.4389286],[-73.9554794,45.4423607],[-73.9544246,45.4418604],[-73.9543254,45.4419556],[-73.9521046,45.4409862],[-73.9534839,45.4393271],[-73.9502482,45.4378574],[-73.9481062,45.4392726],[-73.9428973,45.4370205],[-73.9421071,45.4379823],[-73.9398817,45.4370238]],[[-73.9545997,45.4322902],[-73.9543638,45.4323748],[-73.9543428,45.432517],[-73.9545503,45.4325152],[-73.9545997,45.4322902]],[[-73.9454206,45.4334285],[-73.9455523,45.4336553],[-73.9460282,45.4337267],[-73.946112,45.4336637],[-73.9459982,45.4335272],[-73.9459713,45.4332751],[-73.9457199,45.4332373],[-73.9454206,45.4334285]]]}},{"type":"Feature","properties":{"id":"parc-philippe-laheurte-164223","name":"Parc Philippe-Laheurte","type":"park"},"geometry":{"type":"Polygon","coordinates":[[[-73.7203289,45.5042788],[-73.715758,45.5078571],[-73.714429,45.5070243],[-73.7161192,45.5056508],[-73.7181579,45.5043158],[-73.7192997,45.5036605],[-73.7209176,45.5029393],[-73.7230965,45.5022275],[-73.725716,45.5001792],[-73.7262798,45.5005348],[-73.7249277,45.5015025],[-73.7253569,45.5017971],[-73.7236466,45.5033883],[-73.7203289,45.5042788]]]}},{"type":"Feature","properties":{"id":"parc-terra-cotta-571584","name":"Parc Terra Cotta","type":"park"},"geometry":{"type":"Polygon","coordinates":[[[-73.8130846,45.4517271],[-73.805321,45.4555332],[-73.804416,45.4531298],[-73.8042572,45.4529523],[-73.8042238,45.45281],[-73.8044035,45.452714],[-73.8042909,45.4524769],[-73.8040924,45.4523584],[-73.8039476,45.4520122],[-73.8039932,45.451903],[-73.8038296,45.4517845],[-73.8035848,45.4512929],[-73.805264,45.4508003],[-73.8046909,45.4495124],[-73.804916,45.4494265],[-73.805066,45.4492671],[-73.8070844,45.448652],[-73.8077449,45.448302],[-73.8084178,45.4481811],[-73.8076787,45.4463283],[-73.8078491,45.4462886],[-73.8085886,45.4474549],[-73.8092419,45.4472615],[-73.8094698,45.4475709],[-73.8099359,45.4474418],[-73.8104006,45.4475033],[-73.811913,45.4469941],[-73.8120567,45.4474823],[-73.8111302,45.4476889],[-73.8118898,45.448342],[-73.8118876,45.4507805],[-73.8131747,45.4501243],[-73.813301,45.4504269],[-73.8133403,45.4517217],[-73.8130846,45.4517271]]]}},{"type":"Feature","properties":{"id":"parc-de-montreal-2-530275","name":"Parc de Montreal (2)","type":"park"},"geometry":{"type":"Polygon","coordinates":[[[-73.5997327,45.4358779],[-73.5984163,45.4373711],[-73.5979839,45.4372488],[-73.5988087,45.4362561],[-73.6007635,45.4344121],[-73.6085062,45.4294117],[-73.6088103,45.4295855],[-73.6090878,45.4294059],[-73.608955,45.4292149],[-73.6091209,45.4289907],[-73.6164533,45.4241526],[-73.6183124,45.4232327],[-73.6202009,45.4219298],[-73.6207834,45.4218899],[-73.621243,45.4220882],[-73.6209736,45.4223557],[-73.6223504,45.4219574],[-73.622491,45.4222475],[-73.6220808,45.4224726],[-73.619185,45.423396],[-73.6177772,45.4240216],[-73.6169183,45.4245054],[-73.604646,45.4323609],[-73.6018135,45.4342376],[-73.600548,45.4351586],[-73.5997327,45.4358779]]]}},{"type":"Feature","properties":{"id":"parc-marcel-laurin-021074","name":"Parc Marcel-Laurin","type":"park"},"geometry":{"type":"Polygon","coordinates":[[[-73.7054373,45.5069409],[-73.7045472,45.5059181],[-73.7032374,45.5051602],[-73.7053519,45.5033964],[-73.706305,45.5039678],[-73.707282,45.503173],[-73.7088646,45.5041744],[-73.709821,45.5045859],[-73.7108196,45.5052081],[-73.7108718,45.5053479],[-73.7108283,45.505493],[-73.7097869,45.5063481],[-73.7095003,45.5066895],[-73.7092283,45.5070952],[-73.7088584,45.5082876],[-73.7082218,45.5090853],[-73.7027337,45.5095409],[-73.7020447,45.5096589],[-73.7013477,45.5096297],[-73.7012921,45.5098007],[-73.6985342,45.5098819],[-73.6978594,45.5094834],[-73.6983325,45.5090303],[-73.6990506,45.5085309],[-73.6992586,45.5082036],[-73.699871,45.5077171],[-73.7004299,45.5074411],[-73.7009069,45.5068937],[-73.7017297,45.5062186],[-73.7028338,45.5069159],[-73.7033078,45.5068446],[-73.7045143,45.5075955],[-73.7054373,45.5069409]]]}},{"type":"Feature","properties":{"id":"parc-tiohtia-ke-otsira-kehne-468019","name":"Parc Tiohtià:ke Otsira'kéhne","type":"park"},"geometry":{"type":"Polygon","coordinates":[[[-73.6042056,45.5091002],[-73.6051672,45.5077832],[-73.6063631,45.5075284],[-73.6073277,45.5079586],[-73.6096741,45.5056019],[-73.6119365,45.5031608],[-73.6120649,45.5037031],[-73.6115851,45.5043164],[-73.6119466,45.5055927],[-73.6116019,45.5067592],[-73.6118156,45.5070768],[-73.6121239,45.5070596],[-73.6122603,45.5069695],[-73.6123833,45.5065334],[-73.6130948,45.5057871],[-73.6134835,45.5058902],[-73.6130582,45.5063381],[-73.6127696,45.5068662],[-73.6128758,45.5069981],[-73.6132093,45.5070733],[-73.6132264,45.5072086],[-73.6133523,45.5072523],[-73.6131785,45.5075155],[-73.6132497,45.5075623],[-73.6130888,45.5078756],[-73.6122457,45.5075767],[-73.6116914,45.5082304],[-73.6114619,45.5081355],[-73.6104197,45.5092864],[-73.6089821,45.5086719],[-73.6087363,45.5087395],[-73.6078832,45.5093801],[-73.6070334,45.510246],[-73.6053209,45.5112712],[-73.6047058,45.5109379],[-73.6036461,45.5110651],[-73.6031771,45.5102066],[-73.6042056,45.5091002]]]}},{"type":"Feature","properties":{"id":"mcgill-bird-observatory-557981","name":"McGill Bird Observatory","type":"park"},"geometry":{"type":"Polygon","coordinates":[[[-73.9388418,45.4320272],[-73.9366889,45.4287292],[-73.9381052,45.4271029],[-73.9396716,45.4266963],[-73.9423999,45.4310612],[-73.9388418,45.4320272]]]}},{"type":"Feature","properties":{"id":"domaine-saint-paul-607794","name":"Domaine Saint-Paul","type":"park"},"geometry":{"type":"Polygon","coordinates":[[[-73.5538543,45.4560784],[-73.554095,45.4565047],[-73.5546381,45.4564484],[-73.5547811,45.4565664],[-73.5547414,45.4566808],[-73.5545925,45.4567404],[-73.5546615,45.4568609],[-73.5549458,45.4569418],[-73.5549477,45.4570899],[-73.5542165,45.4571084],[-73.5541866,45.4571832],[-73.5542281,45.4574193],[-73.5547514,45.4580459],[-73.5543277,45.4582276],[-73.5540924,45.4578878],[-73.5539626,45.4573894],[-73.5538637,45.4573705],[-73.552548,45.4577923],[-73.5513852,45.4584222],[-73.5505991,45.4590456],[-73.5517806,45.459936],[-73.5515422,45.460508],[-73.5509918,45.4604991],[-73.5510473,45.4602861],[-73.5502283,45.4596742],[-73.5500689,45.4594046],[-73.5489291,45.4585201],[-73.548424,45.4585276],[-73.5479089,45.4589043],[-73.5476423,45.4586864],[-73.5478211,45.4585573],[-73.5474975,45.4582377],[-73.5482847,45.457713],[-73.5491793,45.4582675],[-73.5493738,45.4582137],[-73.5500228,45.4573965],[-73.5503987,45.4571003],[-73.5503417,45.4569337],[-73.5512484,45.4562922],[-73.5512119,45.4552256],[-73.5508128,45.4549764],[-73.5508349,45.4547659],[-73.5499499,45.4540915],[-73.5499648,45.4539122],[-73.54965,45.4536804],[-73.5494992,45.4534616],[-73.5494093,45.4531964],[-73.549506,45.4529301],[-73.5494263,45.4528361],[-73.549389,45.452439],[-73.5486822,45.4525353],[-73.548646,45.4524428],[-73.5489352,45.4520945],[-73.5492903,45.4521626],[-73.5494331,45.451845],[-73.5504566,45.4522513],[-73.5508642,45.4523015],[-73.5512954,45.4521658],[-73.5516881,45.4517705],[-73.552855,45.4514277],[-73.5537287,45.4494587],[-73.5540144,45.4495102],[-73.5540433,45.4496508],[-73.5534412,45.4511475],[-73.5535004,45.4513475],[-73.5533468,45.4514083],[-73.5533353,45.4517251],[-73.5534871,45.4527014],[-73.5536985,45.4528526],[-73.553781,45.4530256],[-73.5536615,45.4535736],[-73.5533892,45.4540026],[-73.5533291,45.4546249],[-73.5533927,45.4554198],[-73.5530938,45.4557408],[-73.5533133,45.4558293],[-73.55338725233274,45.45597621127594],[-73.5529486,45.4560911],[-73.5528653,45.4561798],[-73.5529085,45.456327],[-73.5532571,45.4566733],[-73.5529911,45.4570358],[-73.5527803,45.4570894],[-73.552652,45.4570251],[-73.5524715,45.4564703],[-73.5521895,45.4563846],[-73.5519412,45.4564585],[-73.5514151,45.4567507],[-73.5512425,45.4570105],[-73.5511752,45.4573737],[-73.5514151,45.4575508],[-73.5522316,45.4576541],[-73.5527577,45.4575685],[-73.5530692,45.4573058],[-73.55365,45.4572438],[-73.5537947,45.4571451],[-73.5538772,45.4569008],[-73.5538436,45.4565021],[-73.5536294,45.4564879],[-73.5536248,45.4563572],[-73.5538543,45.4560784]]]}},{"type":"Feature","properties":{"id":"parc-jean-drapeau-607592","name":"Parc Jean-Drapeau","type":"park"},"geometry":{"type":"MultiPolygon","coordinates":[[[[-73.5287337107023,45.518549509759715],[-73.5258792,45.5187867],[-73.521686,45.5048211],[-73.5191307,45.4968473],[-73.5198315,45.4965083],[-73.5194403,45.4956594],[-73.520664,45.4958422],[-73.5242174,45.4970876],[-73.5261657,45.4983991],[-73.5272521,45.4992578],[-73.528027,45.5000003],[-73.5293402,45.5018524],[-73.5299114,45.503224],[-73.5302083,45.5052932],[-73.5301463,45.5061518],[-73.529968,45.5069534],[-73.5281643,45.5119433],[-73.5281455,45.5131318],[-73.5283043,45.5151157],[-73.5287337107023,45.518549509759715]],[[-73.5274173,45.5102699],[-73.5283319,45.5079636],[-73.5287047,45.5065669],[-73.5288686,45.50501],[-73.5266984,45.5049409],[-73.5267306,45.5040235],[-73.5258861,45.5039939],[-73.5261075,45.5028624],[-73.5263743,45.502753],[-73.5269754,45.5027501],[-73.5270575,45.5023854],[-73.526449,45.5020436],[-73.5261708,45.5016535],[-73.5259461,45.5006819],[-73.5259798,45.5002875],[-73.5257635,45.5001772],[-73.5256272,45.5002051],[-73.5253819,45.4999916],[-73.5254345,45.4996029],[-73.5253377,45.49936],[-73.5249785,45.4990693],[-73.5247117,45.49857],[-73.5242579,45.4984485],[-73.5238193,45.4986032],[-73.5237105,45.4988205],[-73.5236444,45.4993249],[-73.5239371,45.4999751],[-73.5237407,45.5006464],[-73.523804,45.5008214],[-73.5239519,45.500934],[-73.523744,45.501124],[-73.5238675,45.5011537],[-73.5237557,45.5013895],[-73.5236428,45.5013756],[-73.5236964,45.5014156],[-73.5236531,45.5017722],[-73.52402799752294,45.5029533719084],[-73.5240637,45.5045633],[-73.5241555,45.5049944],[-73.5240808,45.505021],[-73.5241702,45.5053628],[-73.5244637,45.5051345],[-73.5253219,45.5051346],[-73.5253774,45.505024],[-73.5270632,45.5050875],[-73.5269533,45.5063695],[-73.5266314,45.5076496],[-73.5264111,45.5078188],[-73.5265383,45.5078421],[-73.5263244,45.5080575],[-73.5264061,45.508253],[-73.5258777,45.5094861],[-73.5256309,45.5103658],[-73.5261178,45.5112731],[-73.5268165,45.5113845],[-73.5271356,45.5113413],[-73.5274173,45.5102699]],[[-73.5253037,45.5052616],[-73.5253142,45.5051791],[-73.5249586,45.5051549],[-73.5249543,45.5051853],[-73.5253037,45.5052616]],[[-73.5246515,45.5051748],[-73.5241913,45.5054347],[-73.5242644,45.5056882],[-73.5253868,45.5057499],[-73.5252841,45.5056147],[-73.5253135,45.5054042],[-73.5252452,45.5054044],[-73.5252164,45.5055412],[-73.5247051,45.505163],[-73.524927,45.5051827],[-73.524791,45.5051493],[-73.5247139,45.5051605],[-73.5246515,45.5051748]],[[-73.5268797,45.5162667],[-73.5213124,45.4978834],[-73.5199648,45.4980507],[-73.5257132,45.5172377],[-73.5270524,45.5170481],[-73.5267767,45.5162791],[-73.5268797,45.5162667]]],[[[-73.5372181,45.5098963],[-73.5385313,45.5139262],[-73.5384798,45.5153997],[-73.5381879,45.5176395],[-73.5382356,45.5184903],[-73.5381755,45.5184747],[-73.5380969,45.5186093],[-73.5382564,45.5186566],[-73.5383386,45.5192539],[-73.5390638,45.5210788],[-73.5390722,45.5215089],[-73.5362618,45.5209169],[-73.536164,45.5213105],[-73.5357924,45.5214696],[-73.5348047,45.521418],[-73.5337813,45.5210043],[-73.5335056,45.5209653],[-73.5331639,45.5209919],[-73.5329213,45.5211341],[-73.5314396,45.5212497],[-73.5312872,45.5205958],[-73.5311715,45.5194221],[-73.5305394,45.5180724],[-73.5302191,45.5161545],[-73.5298465,45.5150528],[-73.5298624,45.5143833],[-73.5303646,45.5134341],[-73.5306253,45.5119131],[-73.531512,45.5094478],[-73.5327206,45.5066422],[-73.5331703,45.5064169],[-73.533749,45.5063193],[-73.5346221,45.5065556],[-73.5351763,45.5071193],[-73.5369946,45.5094249],[-73.5372181,45.5098963]],[[-73.5336696,45.5091482],[-73.53380195722409,45.50926994324518],[-73.5337513,45.509361],[-73.5339311,45.509433],[-73.5347642,45.5094922],[-73.5354123,45.5091935],[-73.5357368,45.5091295],[-73.5358146,45.5090102],[-73.5355971,45.5087457],[-73.5355621,45.508479],[-73.5350834,45.5080077],[-73.5346007,45.507896],[-73.5336265,45.5082509],[-73.5331932,45.5090509],[-73.5332913,45.5092325],[-73.5334477,45.5092579],[-73.5336696,45.5091482]],[[-73.5316311,45.5139888],[-73.5317798,45.5139968],[-73.5320172,45.5135074],[-73.5316887,45.5134902],[-73.5316311,45.5139888]],[[-73.5346463,45.5179112],[-73.5350234,45.5176397],[-73.5354028,45.5171781],[-73.5352142,45.5171542],[-73.5345555,45.517748],[-73.5338792,45.517958],[-73.5329788,45.5184299],[-73.5328535,45.5185976],[-73.5329689,45.5186691],[-73.5332457,45.5185527],[-73.5335132,45.5182919],[-73.5346463,45.5179112]]],[[[-73.5264166,45.5043133],[-73.5264118,45.5044226],[-73.5264916,45.5044244],[-73.5264774,45.5047453],[-73.5263945,45.5047435],[-73.52639,45.5048448],[-73.5256358,45.5048284],[-73.5256383,45.5043001],[-73.5264166,45.5043133]]],[[[-73.5279457,45.5084485],[-73.5272724,45.5100744],[-73.5269774,45.5111233],[-73.5268996,45.5111721],[-73.5261486,45.5110763],[-73.5257758,45.5104429],[-73.5266046,45.5083207],[-73.5268406,45.5081365],[-73.5266794,45.5078854],[-73.5268379,45.5077079],[-73.5272295,45.5064278],[-73.5272832,45.5051514],[-73.5286266,45.5051463],[-73.5285867,45.5058206],[-73.52834,45.5072587],[-73.5278277,45.5072831],[-73.5277901,45.5074993],[-73.5282032,45.5076158],[-73.5281549,45.5078733],[-73.5280261,45.5080012],[-73.5280556,45.5082117],[-73.5279376,45.5083038],[-73.5279457,45.5084485]],[[-73.5273521,45.5058967],[-73.5273986,45.5057925],[-73.5273314,45.5058404],[-73.5273521,45.5058967]]],[[[-73.53375417605535,45.50860962206465],[-73.5335556,45.5088568],[-73.5334528,45.5088267],[-73.5335494,45.5086388],[-73.53375417605535,45.50860962206465]]],[[[-73.5348102,45.5093888],[-73.5342247,45.5094026],[-73.5344484,45.5092809],[-73.5348102,45.5093888]]]]}},{"type":"Feature","properties":{"id":"parc-nature-de-la-pointe-aux-prairies-658281","name":"Parc-nature de la Pointe-aux-Prairies","type":"park"},"geometry":{"type":"MultiPolygon","coordinates":[[[[-73.5185288,45.6692211],[-73.5185692,45.6699032],[-73.5184379,45.6714742],[-73.5185187,45.6716294],[-73.5188788,45.6717023],[-73.5189048,45.671894],[-73.5138292,45.6729996],[-73.5115458,45.6726475],[-73.5119535,45.6716129],[-73.5149461,45.6722121],[-73.5170701,45.6714348],[-73.5174442,45.6699243],[-73.5100648,45.6686463],[-73.5104451,45.66734],[-73.5136808,45.6678339],[-73.5137548,45.6675993],[-73.5143074,45.6676817],[-73.5143886,45.667437],[-73.5159489,45.6676705],[-73.5161106,45.6671933],[-73.5167481,45.6673071],[-73.5170547,45.666561],[-73.5170817,45.6662283],[-73.5168475,45.6658325],[-73.5179028,45.6659965],[-73.5185288,45.6692211]]],[[[-73.5353925,45.6767332],[-73.5353083,45.6768183],[-73.5352,45.6767439],[-73.5340321,45.6751911],[-73.5334192,45.6749415],[-73.5338352,45.6748195],[-73.5322553,45.6725327],[-73.531757,45.6725622],[-73.5312228,45.6727118],[-73.5329428,45.6750857],[-73.5323519,45.6753412],[-73.5320972,45.675671],[-73.5315418,45.6758942],[-73.5302872,45.6742272],[-73.5313635,45.673998],[-73.5303872,45.6726734],[-73.5293074,45.6729416],[-73.528743,45.672201],[-73.5312124,45.6715474],[-73.5320005,45.671252],[-73.5326892,45.6721284],[-73.5349971,45.6754633],[-73.535802,45.676336],[-73.5355167037352,45.676602763359504],[-73.53543,45.6765285],[-73.5354304,45.6763119],[-73.5352201,45.6761522],[-73.5351072,45.6758155],[-73.5349273,45.67572],[-73.534807,45.6758309],[-73.5352977,45.6763707],[-73.5352833,45.6765453],[-73.5353925,45.6767332]]],[[[-73.5183044,45.6745126],[-73.5142912,45.683244],[-73.5050631,45.6817124],[-73.5053689,45.6811165],[-73.5068503,45.6770338],[-73.5036102,45.6764753],[-73.5040228,45.6754577],[-73.5074154,45.6745742],[-73.5189162,45.6720646],[-73.5187909,45.6731],[-73.5183044,45.6745126]],[[-73.5063484,45.6754801],[-73.5063292,45.6753832],[-73.5060663,45.6753598],[-73.5056407,45.6755937],[-73.505526,45.6755803],[-73.5055547,45.6756672],[-73.5051339,45.6758643],[-73.5048375,45.6762585],[-73.5046744,45.6763153],[-73.5049379,45.6764021],[-73.5050813,45.6763654],[-73.5053634,45.6761416],[-73.5057172,45.6756104],[-73.5060854,45.67543],[-73.5063484,45.6754801]]],[[[-73.524547,45.6804458],[-73.5260052,45.6801086],[-73.5267412,45.6785289],[-73.5292154,45.6790534],[-73.5298699,45.678896],[-73.5302668,45.6784537],[-73.5302346,45.677854],[-73.5307896,45.6787446],[-73.5292569,45.6797548],[-73.5264109,45.6800507],[-73.5261762,45.6802813],[-73.5235691,45.6808884],[-73.5184295,45.6797486],[-73.5183893,45.6796216],[-73.5226202,45.6804638],[-73.524547,45.6804458]]],[[[-73.4901636,45.6794799],[-73.4922456,45.679759],[-73.4938818,45.6801075],[-73.4939837,45.6795191],[-73.494268,45.6789644],[-73.4948742,45.6782036],[-73.5016026,45.6792071],[-73.5000396,45.6836855],[-73.4913767,45.6824837],[-73.4913942,45.6824102],[-73.4911703,45.6823359],[-73.48978967811726,45.68213683111981],[-73.4901405,45.6807721],[-73.4900464,45.6804454],[-73.4901577,45.6800318],[-73.4899973,45.6798279],[-73.4901148,45.6797654],[-73.4901636,45.6794799]],[[-73.4978368,45.6807845],[-73.4978097,45.6821226],[-73.4980795,45.6822266],[-73.4981938,45.6821325],[-73.4981254,45.680771],[-73.4979463,45.6807269],[-73.4978368,45.6807845]],[[-73.4981228,45.6832905],[-73.4982829,45.6832923],[-73.4983333,45.6831919],[-73.4981914,45.6827526],[-73.4982492,45.6825826],[-73.4980542,45.6824068],[-73.4979335,45.6826514],[-73.4979412,45.6830107],[-73.4981228,45.6832905]]],[[[-73.5322346,45.6805919],[-73.5320064,45.6802379],[-73.5325296,45.6798159],[-73.533396,45.6806125],[-73.5330231,45.6810153],[-73.5328174,45.6810124],[-73.5326784,45.6812276],[-73.5308972,45.682801],[-73.5300829,45.6833446],[-73.5287744,45.6840305],[-73.5284506,45.6843021],[-73.5283049,45.6841673],[-73.5296641,45.6832523],[-73.5304739,45.6823704],[-73.5323541,45.681173],[-73.5322346,45.6805919]]],[[[-73.5255321,45.6852679],[-73.5270712,45.6859517],[-73.5268868,45.6865528],[-73.5264281,45.6864983],[-73.526213,45.6869574],[-73.5265605,45.6874645],[-73.5242319,45.6902818],[-73.5227023,45.6918342],[-73.5222032,45.6930243],[-73.522089,45.6931275],[-73.5215096,45.6927678],[-73.5220353,45.6923331],[-73.5187987,45.689809],[-73.5185654,45.6897045],[-73.5165636,45.6900699],[-73.5200886,45.6950887],[-73.5178223,45.6963392],[-73.5141922,45.6973237],[-73.5100204,45.6985774],[-73.5095427,45.6977989],[-73.5095602,45.6956629],[-73.5110635,45.6920681],[-73.5129325,45.6881705],[-73.5134416,45.6872567],[-73.5138601,45.6873167],[-73.5146969,45.6869944],[-73.5160166,45.686852],[-73.5175293,45.6870694],[-73.5189777,45.6869494],[-73.5224002,45.684626],[-73.5227006,45.6847459],[-73.5231942,45.6843486],[-73.5240765,45.6840357],[-73.5255321,45.6852679]]]]}},{"type":"Feature","properties":{"id":"parc-nature-du-bois-de-saraguay-759084","name":"Parc-nature du Bois-de-Saraguay","type":"park"},"geometry":{"type":"MultiPolygon","coordinates":[[[[-73.750603,45.514219],[-73.7505658,45.5151696],[-73.75022,45.5157654],[-73.7490414,45.5167406],[-73.746513,45.5151894],[-73.746935,45.5148684],[-73.7468528,45.5147903],[-73.7481699,45.5135883],[-73.7483792,45.5136388],[-73.7489167,45.5130606],[-73.7502337,45.512462],[-73.7505868,45.5128249],[-73.7513022,45.5132688],[-73.7509441,45.5134552],[-73.750603,45.514219]]],[[[-73.748046,45.5135305],[-73.746383,45.5150175],[-73.7458631,45.5155918],[-73.7445877,45.5173842],[-73.7433218,45.5184976],[-73.7410208,45.5174928],[-73.7408664,45.5174901],[-73.739785,45.5187435],[-73.738818,45.5194481],[-73.7375859,45.5200202],[-73.7340921,45.5177927],[-73.733775,45.5180606],[-73.7335069,45.5180595],[-73.7330445,45.5183642],[-73.732162,45.5178696],[-73.7328346,45.5172935],[-73.7327324,45.5170979],[-73.7320945,45.5167268],[-73.7324232,45.5164652],[-73.7315281,45.5158909],[-73.7311758,45.5160001],[-73.7307859,45.5156257],[-73.746574,45.5099506],[-73.7470365,45.5104522],[-73.7447833,45.5114653],[-73.748034,45.5134689],[-73.748046,45.5135305]]],[[[-73.7427693,45.5204752],[-73.7419604,45.5197832],[-73.7447059,45.5175115],[-73.7456066,45.5162474],[-73.746862,45.5170229],[-73.7469063,45.5171684],[-73.7465806,45.5173268],[-73.7451277,45.51859],[-73.7445645,45.5188021],[-73.7429488,45.5201813],[-73.7427693,45.5204752]]]]}},{"type":"Feature","properties":{"id":"grand-parc-de-l-ouest-802862","name":"Grand Parc de l'Ouest","type":"park"},"geometry":{"type":"MultiPolygon","coordinates":[[[[-73.9401801670177,45.45578869122846],[-73.9403978,45.4560234],[-73.9405795,45.4560632],[-73.9410301,45.4558503],[-73.9413079,45.4558274],[-73.942587,45.4561115],[-73.9433863,45.4560537],[-73.9439643,45.4565207],[-73.9445852,45.4572442],[-73.944742,45.4576071],[-73.9446764,45.4578093],[-73.9450235,45.4581124],[-73.9453435,45.4580365],[-73.9455075,45.4574574],[-73.9456039,45.4573984],[-73.9462523,45.4573466],[-73.9467714,45.4574468],[-73.9470677,45.4576303],[-73.9474111,45.4580178],[-73.9476531,45.4585028],[-73.9477375,45.4589136],[-73.947615,45.4594548],[-73.9474509,45.459534],[-73.9474355,45.4596839],[-73.9473414,45.4597606],[-73.9471653,45.4597379],[-73.9470166,45.4595688],[-73.9473278,45.4592977],[-73.9473967,45.4590789],[-73.9465214,45.4591915],[-73.9465154,45.4589109],[-73.9461723,45.4588374],[-73.9457618,45.4591064],[-73.9454322,45.459491],[-73.9447686,45.4597579],[-73.9445873,45.4597453],[-73.9445304,45.4596192],[-73.9442952,45.4594615],[-73.9439955,45.4594216],[-73.9432749,45.4597305],[-73.9431401,45.4601151],[-73.9421379,45.461105],[-73.9421184,45.4614885],[-73.9422697,45.4619478],[-73.9425873,45.4623533],[-73.9430352,45.4623617],[-73.94349,45.4626053],[-73.944012,45.462596],[-73.9442667,45.4624016],[-73.9446772,45.4622829],[-73.9454172,45.4622146],[-73.9457528,45.4623301],[-73.9459656,45.4625666],[-73.945973,45.462699],[-73.9454307,45.4632727],[-73.9453708,45.4634902],[-73.945618,45.4640365],[-73.9456569,45.4645367],[-73.9455131,45.4646722],[-73.9448809,45.4647247],[-73.9445573,45.4646092],[-73.9446982,45.4643328],[-73.9446547,45.4642488],[-73.944385,45.4641479],[-73.94403,45.4641395],[-73.9438427,45.4642582],[-73.9435221,45.4642624],[-73.9433648,45.4643391],[-73.9433903,45.4644358],[-73.943203,45.4644136],[-73.9430622,45.4644883],[-73.9427157,45.464857],[-73.9427132,45.4650893],[-73.9423207,45.4656651],[-73.9421559,45.4660644],[-73.9423326,45.4661305],[-73.9422442,45.4662724],[-73.9419551,45.466306],[-73.9416061,45.4660349],[-73.9413679,45.4660024],[-73.9405364,45.4664941],[-73.940433,45.4664237],[-73.9395716,45.4664962],[-73.9395342,45.4666107],[-73.9397169,45.4666821],[-73.9402907,45.4676635],[-73.9401229,45.4678862],[-73.9395102,45.4680427],[-73.9395596,45.4682728],[-73.9394817,45.4685849],[-73.939687,45.4687172],[-73.9403102,45.4685922],[-73.9405263,45.4686222],[-73.9401938,45.4690531],[-73.9396675,45.4700925],[-73.939357,45.4702021],[-73.9387734,45.470738],[-73.9383087,45.4714716],[-73.9377868,45.4716677],[-73.9373552,45.4716909],[-73.9365866,45.4721866],[-73.9362518,45.4720769],[-73.9359766,45.4721032],[-73.9357035,45.4722839],[-73.9351595,45.4729526],[-73.9344681,45.4732861],[-73.93425,45.4732491],[-73.9342765,45.4730251],[-73.9341774,45.4729309],[-73.9329089,45.4725742],[-73.9315986,45.4730282],[-73.9315545,45.4731518],[-73.931647,45.4733062],[-73.9315127,45.473422],[-73.9306648,45.4733741],[-73.9297487,45.4737741],[-73.929196,45.4738328],[-73.9287621,45.4737679],[-73.928423,45.4739054],[-73.9283415,45.4738714],[-73.9283371,45.4737556],[-73.9279363,45.473666],[-73.9274584,45.4737648],[-73.9272426,45.4739563],[-73.9268969,45.4740814],[-73.9259565,45.474205],[-73.9257847,45.4741092],[-73.9257319,45.4735687],[-73.9248092,45.4721125],[-73.9245493,45.472114],[-73.9245669,45.471958],[-73.9236222,45.4714206],[-73.9234306,45.4712214],[-73.923261,45.4713295],[-73.9230408,45.4710963],[-73.9229285,45.4710762],[-73.9229329,45.4709866],[-73.9225585,45.4708106],[-73.9223246,45.4705716],[-73.9223141,45.4703148],[-73.9228536,45.469779],[-73.922902,45.4695427],[-73.9228382,45.469362],[-73.9225541,45.4691566],[-73.9223999,45.4688168],[-73.9219331,45.4687828],[-73.9215036,45.4689604],[-73.9213032,45.4689172],[-73.9212041,45.4688122],[-73.9211535,45.4683241],[-73.9216424,45.4673357],[-73.9215895,45.4667828],[-73.9207483,45.4657696],[-73.920462,45.464951],[-73.9194424,45.4633988],[-73.9190548,45.4629709],[-73.9186276,45.4629323],[-73.9181277,45.4623407],[-73.9175121,45.46203],[-73.9178787,45.4619966],[-73.9201008,45.4611923],[-73.9200759,45.461129],[-73.9341808,45.4556595],[-73.935732,45.4575503],[-73.9401801670177,45.45578869122846]]],[[[-73.9191799,45.4744537],[-73.9178534,45.47334],[-73.917625,45.4732419],[-73.9172013,45.4731488],[-73.9167149,45.473154],[-73.9157009,45.4734751],[-73.9152269,45.4729232],[-73.9143293,45.4733753],[-73.90912056835197,45.469091561542726],[-73.9100479,45.4689297],[-73.9108705,45.4685009],[-73.9113879,45.4685325],[-73.9116296,45.468338],[-73.9119006,45.4683287],[-73.9124104,45.4680491],[-73.9140893,45.4679121],[-73.9136789,45.4682064],[-73.9130381,45.4684542],[-73.9128403,45.4686406],[-73.9124436,45.4690976],[-73.9125592,45.4693787],[-73.9138133,45.4694293],[-73.9142735,45.4698501],[-73.915555,45.4702261],[-73.916166,45.4706927],[-73.9171852,45.4707333],[-73.917263,45.470874],[-73.9174481,45.4707407],[-73.9179026,45.4707102],[-73.9179839,45.4711704],[-73.9181353,45.4714601],[-73.918443,45.4716753],[-73.918853,45.4722807],[-73.9196025,45.47369],[-73.9197546,45.4737554],[-73.9200765,45.473682],[-73.92020182450224,45.47372557649754],[-73.9191799,45.4744537]]],[[[-73.910083,45.4741784],[-73.9087803,45.4747189],[-73.9085001,45.4744499],[-73.9076226,45.4748525],[-73.9078863,45.4751143],[-73.9068155,45.475463],[-73.9058202,45.4745557],[-73.905342,45.4748758],[-73.9061939,45.4756026],[-73.9033967,45.476037],[-73.9001753,45.4732255],[-73.90040077986022,45.47149786953652],[-73.9011356,45.4712697],[-73.9012846,45.4711559],[-73.901619,45.4706088],[-73.901522,45.470426],[-73.9011939,45.4705246],[-73.9008875,45.4702253],[-73.9000239,45.470166],[-73.8996712,45.4703149],[-73.89925,45.4696785],[-73.89902,45.469604],[-73.8988922,45.469348],[-73.8990412,45.4692342],[-73.8994444,45.4691725],[-73.9009147,45.4680197],[-73.901556,45.4677439],[-73.9018672,45.4677068],[-73.9022081,45.4678269],[-73.9024583,45.4681594],[-73.9025537,45.4684544],[-73.9032848,45.4688659],[-73.9039664,45.469406],[-73.9043389,45.4695431],[-73.90467187286838,45.469546002406446],[-73.910083,45.4741784]]],[[[-73.9164492,45.4784509],[-73.9123656,45.474918],[-73.9130139,45.474615],[-73.9141093,45.4755555],[-73.9150109,45.4748919],[-73.915078,45.4742283],[-73.9146199,45.4738319],[-73.915433,45.4736985],[-73.9160797,45.4734584],[-73.9169261,45.4741386],[-73.91753,45.4737885],[-73.9169166,45.4732517],[-73.9172447,45.4732684],[-73.9180926,45.4737427],[-73.9216296,45.4767348],[-73.9187297,45.4784108],[-73.9177582,45.4775913],[-73.9164492,45.4784509]]],[[[-73.9428725,45.4661765],[-73.9428374,45.4659753],[-73.9429545,45.4659547],[-73.9434992,45.4662566],[-73.9436398,45.466538],[-73.9434846,45.4668872],[-73.9432532,45.4669591],[-73.9429252,45.4667414],[-73.9419265,45.4667208],[-73.9416542,45.4664045],[-73.9420437,45.4664251],[-73.9427466,45.4662916],[-73.9428725,45.4661765]]],[[[-73.9176696,45.4705601],[-73.9173621,45.4706168],[-73.9170655,45.4704606],[-73.9170239,45.4703006],[-73.917563,45.4702062],[-73.9176876,45.4704144],[-73.9176696,45.4705601]]]]}},{"type":"Feature","properties":{"id":"parc-nature-du-bois-de-l-ile-bizard-804771","name":"Parc-nature du Bois-de-l'Île-Bizard","type":"park"},"geometry":{"type":"Polygon","coordinates":[[[-73.8658993,45.5167386],[-73.8650563,45.5159956],[-73.8670198,45.5149727],[-73.8671855,45.5145312],[-73.8667723,45.5140955],[-73.8643104,45.5153185],[-73.862798,45.5140843],[-73.8633953,45.5137344],[-73.8628487,45.5132649],[-73.8622551,45.5136148],[-73.8611904,45.5127051],[-73.86068,45.5130208],[-73.8593913,45.5134584],[-73.8590537,45.5136679],[-73.8578864,45.5147189],[-73.8573094,45.514544],[-73.8570677,45.5136507],[-73.857101,45.5135557],[-73.8600998,45.5119355],[-73.8607714,45.5124818],[-73.8617748,45.5119656],[-73.8610692,45.5112908],[-73.8621707,45.5107195],[-73.862577,45.5106287],[-73.863371,45.5111451],[-73.8640175,45.5110623],[-73.8642549,45.5108448],[-73.8645867,45.5107735],[-73.8660218,45.5109426],[-73.8666382,45.5109355],[-73.8673933,45.5107877],[-73.8688656,45.5102868],[-73.8690714,45.5107435],[-73.8694533,45.5110549],[-73.870254,45.5110937],[-73.8718495,45.5103133],[-73.8720951,45.5103038],[-73.874046,45.5089322],[-73.8732128,45.5083257],[-73.8729867,45.5066026],[-73.8728375,45.5063966],[-73.8723633,45.5061168],[-73.8722937,45.5051824],[-73.8722017,45.504935],[-73.8715318,45.5041167],[-73.873546,45.5029103],[-73.8763801,45.5054866],[-73.8776963,45.5064039],[-73.8789129,45.5055487],[-73.8796951,45.5048904],[-73.8788956,45.5043051],[-73.879274,45.5037955],[-73.8781697,45.5029788],[-73.8785369,45.5024423],[-73.8768462,45.5018459],[-73.8770877,45.5014644],[-73.8783673,45.5018872],[-73.8788845,45.5017427],[-73.8798174,45.5005206],[-73.8803926,45.5001166],[-73.8834819,45.4996066],[-73.884097,45.4992494],[-73.8849585,45.4983894],[-73.8872552,45.4950364],[-73.8882984,45.4944049],[-73.8890074,45.4950276],[-73.8881488,45.4955173],[-73.8843339,45.5013989],[-73.8840402,45.5021385],[-73.8842643,45.5027889],[-73.8875224,45.5042408],[-73.8895497,45.5048323],[-73.8911228,45.5047755],[-73.8929336,45.5044966],[-73.8936998,45.5051555],[-73.8929088,45.5063176],[-73.8915232,45.5065875],[-73.8854349,45.5101624],[-73.8862365,45.5108307],[-73.88629788623504,45.51080504801042],[-73.8882306,45.5122443],[-73.8896478,45.5120082],[-73.8911117,45.5126321],[-73.8923685,45.5126023],[-73.8928886,45.5123752],[-73.892391,45.5119317],[-73.8931444,45.5115718],[-73.8930444,45.5112521],[-73.8927546,45.5110804],[-73.8947345,45.5101899],[-73.8953119,45.5109931],[-73.8951134,45.5111011],[-73.8949753,45.5113502],[-73.895049,45.5115936],[-73.8954265,45.5115734],[-73.8952169,45.512123],[-73.8962275,45.5129955],[-73.8956738,45.5133009],[-73.89641,45.5139261],[-73.8971862,45.513212],[-73.8989847,45.5147196],[-73.8991418,45.5147364],[-73.8992707,45.5146585],[-73.9000573,45.5133812],[-73.9004098,45.5136625],[-73.9005942,45.5135061],[-73.900796,45.5138422],[-73.9006554,45.5144683],[-73.9013359,45.5145558],[-73.90221178689633,45.51565887235356],[-73.9014228,45.5157298],[-73.9013166,45.5159851],[-73.9015649,45.5164592],[-73.9025943,45.5168774],[-73.902638,45.5170636],[-73.9024706,45.5172858],[-73.9021444,45.51744],[-73.9009842,45.5174144],[-73.9001377,45.5172095],[-73.8991469,45.5167903],[-73.8986939,45.5164311],[-73.898353,45.5162829],[-73.8975753,45.5162914],[-73.8976137,45.5158643],[-73.8972915,45.5155579],[-73.8970201,45.5154106],[-73.8958055,45.5143731],[-73.8956104,45.5145056],[-73.8949505,45.5140102],[-73.8941588,45.5145001],[-73.8948212,45.5150025],[-73.8942517,45.5153727],[-73.8937831,45.515004],[-73.893284,45.5153179],[-73.8937037,45.5156967],[-73.8924189,45.5161468],[-73.8920327,45.5157948],[-73.8916475,45.5159416],[-73.8920099,45.5162644],[-73.8916442,45.5163367],[-73.8911004,45.5163347],[-73.8897397,45.516072],[-73.8892109,45.5160431],[-73.8886282,45.5161613],[-73.8860215,45.5172456],[-73.8833361,45.5187375],[-73.88244,45.5191496],[-73.8811554,45.5195983],[-73.8805915,45.5196867],[-73.8796318,45.5196637],[-73.8753124,45.5159065],[-73.8748232,45.5161492],[-73.8743558,45.5157993],[-73.8736193,45.5162373],[-73.8739667,45.5165517],[-73.873619,45.51674],[-73.8730065,45.5161751],[-73.8717196,45.5169238],[-73.8723659,45.5174678],[-73.8712407,45.5180943],[-73.8720469,45.518869],[-73.8715381,45.5189132],[-73.8693129,45.5168733],[-73.8696131,45.5167173],[-73.8688037,45.5159727],[-73.8673181,45.5167826],[-73.8667152,45.5175442],[-73.8652237,45.5184701],[-73.8653463,45.5192043],[-73.864675,45.5192947],[-73.8637895,45.519305],[-73.8636987,45.5192454],[-73.8638127,45.5188229],[-73.864305,45.5181734],[-73.86416624822382,45.51775784958732],[-73.8658993,45.5167386]],[[-73.8845483,45.5104591],[-73.8847646,45.5103433],[-73.8848628,45.5101728],[-73.8845099,45.5102504],[-73.8843238,45.510171],[-73.8841855,45.5102646],[-73.8833737,45.5104336],[-73.8835743,45.5108474],[-73.8839995,45.5109232],[-73.8845016,45.5106427],[-73.884592,45.5105291],[-73.8845483,45.5104591]],[[-73.8909469,45.5129305],[-73.8902373,45.51316],[-73.8893427,45.5127839],[-73.8888846,45.5127638],[-73.8885339,45.5128842],[-73.8885196,45.5130046],[-73.8889275,45.5134359],[-73.8889062,45.5136299],[-73.8886816,45.5137622],[-73.8883192,45.5138221],[-73.8874674,45.5136114],[-73.8858141,45.5134359],[-73.8855135,45.5135161],[-73.8854127,45.5136386],[-73.8854777,45.513792],[-73.8860145,45.5142032],[-73.8859572,45.5144891],[-73.8861648,45.5146647],[-73.8870175,45.5144134],[-73.8884754,45.5144733],[-73.8890854,45.5143866],[-73.8898437,45.5141531],[-73.890452,45.5138271],[-73.8905165,45.5133356],[-73.8911955,45.5131298],[-73.891205,45.5130502],[-73.8909469,45.5129305]]]}},{"type":"Feature","properties":{"id":"parc-des-rapides-906778","name":"Parc des Rapides","type":"park"},"geometry":{"type":"Polygon","coordinates":[[[-73.6091024,45.4171165],[-73.6091889,45.4172042],[-73.6075836,45.4184458],[-73.6046246,45.4197776],[-73.6039397,45.4201826],[-73.6023616,45.4213438],[-73.6019353,45.4217375],[-73.601191,45.422634],[-73.5999529,45.4235807],[-73.5977382,45.4246767],[-73.59726,45.4249859],[-73.5966184,45.425637],[-73.5956171,45.4272294],[-73.5952479,45.4276299],[-73.5917038,45.43065],[-73.5877289,45.4332303],[-73.5860478,45.4351481],[-73.5857727,45.4353373],[-73.5838274,45.4350097],[-73.5862595,45.4331951],[-73.5866296,45.4329871],[-73.5870641,45.4328939],[-73.5880204,45.4322069],[-73.5887781,45.4319067],[-73.58899,45.4317504],[-73.5890356,45.4315462],[-73.5895653,45.4311283],[-73.5900374,45.4308902],[-73.590441,45.4306126],[-73.5909425,45.4301141],[-73.5916413,45.4297157],[-73.5922495,45.4290573],[-73.5922075,45.4289638],[-73.5920611,45.4289613],[-73.5918807,45.4288381],[-73.5915314,45.4288432],[-73.5905405,45.4285923],[-73.5900562,45.4282018],[-73.5896987,45.4282032],[-73.5901062,45.4280169],[-73.5898503,45.4279147],[-73.5894527,45.4280347],[-73.5884676,45.4287585],[-73.5881913,45.4288258],[-73.5881498,45.4286719],[-73.5885762,45.4283684],[-73.5887915,45.4280578],[-73.5895827,45.4275302],[-73.5896449,45.4271904],[-73.5901527,45.4270352],[-73.5911478,45.4260365],[-73.5926901,45.4251885],[-73.5955882,45.4231055],[-73.5958014,45.4231262],[-73.5956392,45.4233672],[-73.5917419,45.4261947],[-73.5917379,45.4263914],[-73.5918465,45.4265213],[-73.5920919,45.4265834],[-73.5927464,45.4269636],[-73.5931116,45.427213],[-73.5931018,45.4273067],[-73.5932037,45.427371],[-73.5933199,45.4273567],[-73.5938073,45.4276856],[-73.5941291,45.4276535],[-73.5966235,45.4248628],[-73.5984689,45.4232542],[-73.5994895,45.4226443],[-73.5996866,45.4222197],[-73.601068,45.4210186],[-73.6014663,45.4207682],[-73.6024557,45.4197807],[-73.6033404,45.4193816],[-73.604414,45.4187265],[-73.6057685,45.4182153],[-73.6069353,45.4179744],[-73.6091024,45.4171165]],[[-73.5925247,45.4286744],[-73.5931255,45.4277525],[-73.5931187,45.4275983],[-73.5930167,45.4274934],[-73.5924496,45.427289],[-73.5923772,45.4271478],[-73.5918622,45.4269182],[-73.5917083,45.4267137],[-73.5911867,45.4268225],[-73.5901697,45.4275073],[-73.590193,45.4278808],[-73.5901333,45.4279406],[-73.5906327,45.428518],[-73.591834,45.4287991],[-73.5922082,45.4287874],[-73.5925247,45.4286744]]]}},{"type":"Feature","properties":{"id":"parc-nature-du-bois-d-anjou-993512","name":"Parc-nature du Bois-d'Anjou","type":"park"},"geometry":{"type":"Polygon","coordinates":[[[-73.5743351,45.6300768],[-73.5682866,45.6340045],[-73.5676561,45.6336039],[-73.5651656,45.6352426],[-73.5642386,45.6339964],[-73.563745,45.6336663],[-73.5629082,45.6333062],[-73.5638341,45.6323173],[-73.5627593,45.6318642],[-73.5655736,45.628547],[-73.5719633,45.6284071],[-73.5726607,45.6288497],[-73.5735405,45.628227],[-73.5743022,45.628786],[-73.5743351,45.6300768]]]}},{"type":"Feature","properties":{"id":"parc-nature-du-ruisseau-de-montigny-627106","name":"Parc-nature du Ruisseau-De-Montigny","type":"park"},"geometry":{"type":"MultiPolygon","coordinates":[[[[-73.6052035,45.6223206],[-73.6068474,45.6214666],[-73.6071339,45.6216008],[-73.607178,45.6220384],[-73.6073263,45.6222179],[-73.6084394,45.6222307],[-73.608473,45.6223649],[-73.6079591,45.6226929],[-73.6077881,45.6230417],[-73.6073887,45.6233497],[-73.6073646,45.6235343],[-73.6082685,45.6243842],[-73.6088614,45.6245235],[-73.6092083,45.6246905],[-73.6092378,45.6248209],[-73.6090965,45.6251573],[-73.6101719,45.6261702],[-73.6109852,45.6263688],[-73.6119311,45.6269158],[-73.6122559,45.6269916],[-73.6129942,45.6270697],[-73.6144163,45.6267739],[-73.6145929,45.6268429],[-73.6148292,45.6271731],[-73.6146155,45.6273208],[-73.6143458,45.6269869],[-73.6130385,45.6272845],[-73.6121757,45.6272002],[-73.6117812,45.6271056],[-73.6109837,45.6266201],[-73.6104591,45.626438],[-73.6127646,45.6285997],[-73.6124654,45.6288065],[-73.6123309,45.6287731],[-73.6119574,45.6290312],[-73.6117908,45.6290214],[-73.6052861,45.6228379],[-73.6052035,45.6223206]]],[[[-73.6129108,45.6290379],[-73.6130954,45.6289104],[-73.6147253,45.6304468],[-73.6145174,45.6305554],[-73.6129108,45.6290379]]],[[[-73.6163546,45.6317925],[-73.6161362,45.6318865],[-73.6157841,45.6315556],[-73.6160123,45.6314585],[-73.6163546,45.6317925]]],[[[-73.6105211,45.6351032],[-73.6104144,45.6351149],[-73.6101161,45.6348724],[-73.6107414,45.6344028],[-73.6109828,45.6346304],[-73.610803,45.6347728],[-73.610885,45.6349934],[-73.6111082,45.6352172],[-73.6110508534263,45.63535386931688],[-73.61092867987071,45.635384770601966],[-73.6105211,45.6351032]]],[[[-73.6115529,45.6353808],[-73.6117802,45.6353415],[-73.6123082,45.6349648],[-73.6127195,45.6350275],[-73.6133859,45.6349648],[-73.6139099,45.6350493],[-73.6141401,45.6354063],[-73.6140647,45.6355763],[-73.6136553,45.6358888],[-73.6117726,45.6371436],[-73.6111854,45.6373799],[-73.6103764,45.6374583],[-73.6093374,45.6377518],[-73.6090668,45.6374327],[-73.6091605,45.6373071],[-73.6112153,45.6357665],[-73.6112056,45.6356241],[-73.6110622049939,45.635481991872155],[-73.6113707,45.6353023],[-73.6115529,45.6353808]]],[[[-73.6080358,45.6400363],[-73.608075,45.640394],[-73.6079194,45.6403831],[-73.6078881,45.6400915],[-73.6080358,45.6400363]]],[[[-73.6087793,45.6410919],[-73.6087281,45.6411695],[-73.6084614,45.6412023],[-73.6085209,45.641298],[-73.6082683,45.6411608],[-73.6085166,45.6409493],[-73.6087793,45.6410919]]],[[[-73.6044393,45.6220407],[-73.6002767,45.6181587],[-73.6005064,45.6180387],[-73.6003531,45.6178944],[-73.6007702,45.6176775],[-73.6007707,45.6175362],[-73.6010058,45.6173641],[-73.6009486,45.6167547],[-73.6011019,45.6158352],[-73.6008809,45.6151078],[-73.6011635,45.6147488],[-73.6023144,45.6138832],[-73.6021275,45.6137147],[-73.6019456,45.6137226],[-73.600506,45.6147612],[-73.5994884,45.6138247],[-73.6003227,45.6134549],[-73.6011729,45.6142594],[-73.6020666,45.613587],[-73.6024157,45.613807],[-73.6030827,45.6133052],[-73.6031599,45.6133776],[-73.6013118,45.6147683],[-73.6016198,45.6158132],[-73.6014241,45.6169207],[-73.6014917,45.6173562],[-73.6040599,45.6197685],[-73.6043904,45.6198308],[-73.6047032,45.6200903],[-73.6049914,45.6199958],[-73.6052174,45.620018],[-73.6053157,45.6201634],[-73.6052152,45.6203434],[-73.6055391,45.6204716],[-73.6062602,45.6210479],[-73.6065819,45.6210593],[-73.6070829,45.6208144],[-73.6072538,45.6209133],[-73.6058802,45.6216282],[-73.6058039,45.6215559],[-73.6046253,45.6220656],[-73.6044393,45.6220407]]],[[[-73.6075427,45.6401472],[-73.6077248,45.6403694],[-73.6075692,45.6403585],[-73.6070668,45.6405706],[-73.6068998,45.6403361],[-73.6075427,45.6401472]]],[[[-73.6057764,45.640795],[-73.6067617,45.6403867],[-73.6069329,45.6406272],[-73.6059782,45.6410303],[-73.6057764,45.640795]]],[[[-73.6046989,45.6414061],[-73.6056311,45.6408967],[-73.6058107,45.641101],[-73.6048056,45.6415253],[-73.6046989,45.6414061]]],[[[-73.606404,45.6425742],[-73.605711,45.6425142],[-73.6049907,45.642517],[-73.604761,45.6427911],[-73.6046359,45.642834],[-73.604403,45.6427683],[-73.6045414,45.6425341],[-73.6045194,45.6423869],[-73.6049524,45.642166],[-73.6061019,45.642209],[-73.6067978,45.6424643],[-73.6070626,45.6424729],[-73.6072895,45.6422535],[-73.6072686,45.6420066],[-73.6073502,45.6418502],[-73.6082531,45.6413047],[-73.608374,45.6414432],[-73.6078832,45.6416057],[-73.6075307,45.6418948],[-73.6073351,45.6423468],[-73.6070704,45.6426964],[-73.6068851,45.642817],[-73.6066369,45.6428486],[-73.6061214,45.6431763],[-73.6056967,45.6438593],[-73.6052979,45.6440467],[-73.6050033,45.6442911],[-73.6049441,45.6442499],[-73.6049896,45.6441962],[-73.6057351,45.6436356],[-73.6059971,45.6431734],[-73.6064251,45.6429244],[-73.606702,45.6426531],[-73.606404,45.6425742]]]]}},{"type":"Feature","properties":{"id":"parc-de-l-aqueduc-304346","name":"Parc de l'Aqueduc","type":"park"},"geometry":{"type":"MultiPolygon","coordinates":[[[[-73.58021707440413,45.46326965731153],[-73.5798171,45.4632575],[-73.5797638,45.4623772],[-73.5795598,45.4622718],[-73.5792568,45.46046],[-73.5793146,45.4588874],[-73.5794328,45.4580809],[-73.5796252,45.4573107],[-73.5801483,45.455947],[-73.5807253,45.4550034],[-73.581704,45.4538619],[-73.5822051,45.4528225],[-73.5827889,45.4527476],[-73.5829499,45.4524465],[-73.5840104,45.4518591],[-73.5837851,45.451597],[-73.5845274,45.4512285],[-73.5853479,45.4506868],[-73.5869517,45.4493368],[-73.5900879,45.4462105],[-73.5900676,45.446155],[-73.5927426,45.4433396],[-73.5954189,45.4403105],[-73.5966363,45.4387664],[-73.5979839,45.4372488],[-73.5984163,45.4373711],[-73.5928802,45.4439073],[-73.5888814,45.4481107],[-73.586805,45.4501236],[-73.5833059,45.4527046],[-73.5822281,45.4537659],[-73.5814717,45.454696],[-73.5809223,45.455557],[-73.5804014,45.4566497],[-73.5799332,45.4583008],[-73.579827,45.4600673],[-73.5799433,45.4611355],[-73.5800094,45.46116],[-73.5799028,45.461166],[-73.579926,45.4613399],[-73.5800282,45.4613339],[-73.579979,45.4613643],[-73.5801002,45.4620767],[-73.5802518,45.4623977],[-73.5801889,45.4627132],[-73.58021707440413,45.46326965731153]]],[[[-73.57957743421201,45.46694976265387],[-73.5788269,45.4668624],[-73.5788273,45.4666835],[-73.5783069,45.4666704],[-73.5783056,45.4667992],[-73.5775783,45.4667854],[-73.577603,45.4665657],[-73.5782087,45.4665783],[-73.5785214,45.4664665],[-73.5795077,45.4665112],[-73.5797625,45.4655093],[-73.5798532,45.4654436],[-73.5800308,45.46345],[-73.58022619667484,45.46344982631215],[-73.5800124,45.4657325],[-73.57957743421201,45.46694976265387]]]]}},{"type":"Feature","properties":{"id":"parc-angrignon-337188","name":"Parc Angrignon","type":"park"},"geometry":{"type":"MultiPolygon","coordinates":[[[[-73.6117368,45.4395202],[-73.6106588,45.4427197],[-73.6107612,45.4427385],[-73.6107354,45.4428129],[-73.6102554,45.4436409],[-73.6093948,45.4444927],[-73.6088929,45.4443371],[-73.6059308,45.4468358],[-73.6056301,45.4468672],[-73.6052944,45.4467411],[-73.6052218,45.4466784],[-73.6053385,45.446604],[-73.6052658,45.4462768],[-73.6046705,45.4457822],[-73.6043601,45.4457925],[-73.604274,45.4457216],[-73.6039318,45.4459246],[-73.6037538,45.4459165],[-73.6038206,45.4458113],[-73.6037142,45.4456914],[-73.603738,45.4453891],[-73.6039218,45.4449855],[-73.6036888,45.4445334],[-73.6034385,45.444315],[-73.6008494,45.444956],[-73.6014345,45.4460997],[-73.6012904,45.4464838],[-73.5932863,45.4452436],[-73.5931077,45.4451156],[-73.5931285,45.4449727],[-73.5947952,45.4432461],[-73.5997297,45.4375233],[-73.6118597,45.4394752],[-73.6117368,45.4395202]],[[-73.606776,45.4415624],[-73.6057216,45.4418393],[-73.604804,45.4418706],[-73.6046115,45.4417952],[-73.604496,45.4415183],[-73.604348,45.4414849],[-73.6042642,45.441533],[-73.6043312,45.4418589],[-73.6042642,45.4419773],[-73.603214,45.4424156],[-73.600733,45.4427004],[-73.6002476,45.4431436],[-73.5996953,45.4433775],[-73.5984346,45.4435135],[-73.5975476,45.4437425],[-73.5965936,45.4437826],[-73.5960023,45.4440057],[-73.5954472,45.4438012],[-73.595245,45.4439108],[-73.5952074,45.4440507],[-73.5953803,45.4443306],[-73.5958126,45.4445077],[-73.5966369,45.4444548],[-73.5968517,45.4443599],[-73.5969744,45.4444568],[-73.597602,45.4444656],[-73.5982881,45.4442112],[-73.5988097,45.4438619],[-73.5992295,45.4436965],[-73.6017985,45.4430693],[-73.6035488,45.4425105],[-73.6052265,45.4421818],[-73.6057928,45.4421925],[-73.6066435,45.441853],[-73.6076184,45.4417042],[-73.6077397,45.4416172],[-73.6078164,45.4413755],[-73.6077313,45.4408206],[-73.6077997,45.4407286],[-73.6074357,45.4406523],[-73.6069308,45.4408118],[-73.6068722,45.4409116],[-73.6070452,45.4413618],[-73.606776,45.4415624]],[[-73.6081655,45.4442078],[-73.6087589,45.4441135],[-73.6090606,45.4439042],[-73.6090606,45.4438144],[-73.6088999,45.4436822],[-73.6088835,45.4435533],[-73.6088327,45.4436557],[-73.6082343,45.444018],[-73.6080802,45.4442205],[-73.6077605,45.4443217],[-73.6075777,45.4445385],[-73.6081655,45.4442078]],[[-73.6075373,45.444567],[-73.6075709,45.4445794],[-73.6075644,45.4445329],[-73.6075373,45.444567]],[[-73.6074425,45.4447783],[-73.607099,45.4450487],[-73.6073753,45.4448899],[-73.6074425,45.4447783]],[[-73.6047042,45.4448356],[-73.604567,45.4448046],[-73.6045957,45.4449468],[-73.6044768,45.44511],[-73.6045647,45.4452683],[-73.6048902,45.4452659],[-73.6050349,45.4453952],[-73.6050814,45.4454713],[-73.6049781,45.4457312],[-73.6050866,45.4459644],[-73.6053829,45.446194],[-73.605833,45.4462634],[-73.6070068,45.4452747],[-73.6070775,45.4451117],[-73.605891,45.4452091],[-73.605314,45.4454049],[-73.6050935,45.4454049],[-73.6049333,45.4452574],[-73.6055018,45.4448828],[-73.6056051,45.4447148],[-73.605488,45.4445516],[-73.6050522,45.4445867],[-73.6047042,45.4448356]]],[[[-73.6008672,45.4427714],[-73.6011193,45.4427379],[-73.6010628,45.4428545],[-73.6007052,45.4430139],[-73.6006965,45.4429323],[-73.6008672,45.4427714]]],[[[-73.5972977,45.4443153],[-73.597429,45.4442367],[-73.5976164,45.4442745],[-73.5976034,45.4443711],[-73.5974661,45.4444021],[-73.5972977,45.4443153]]]]}},{"type":"Feature","properties":{"id":"parc-marcelin-wilson-489293","name":"Parc Marcelin-Wilson","type":"park"},"geometry":{"type":"MultiPolygon","coordinates":[[[[-73.6794636,45.536212],[-73.6763849,45.5351065],[-73.6765871,45.5348716],[-73.6761572,45.5345715],[-73.6759336,45.5342379],[-73.675566,45.534307],[-73.6754808,45.5340849],[-73.676704,45.5338481],[-73.6778338,45.5337898],[-73.6790261,45.5338978],[-73.6799613,45.5341134],[-73.6800965,45.5342243],[-73.6803379,45.53479],[-73.6794636,45.536212]]],[[[-73.6873151,45.5397843],[-73.6873638,45.5397993],[-73.6852723,45.5391651],[-73.6856036,45.5385663],[-73.6855346,45.5384434],[-73.6819011,45.537138],[-73.6817024,45.5371453],[-73.6810809,45.5369246],[-73.6809986,45.5368109],[-73.6800701,45.5364793],[-73.6798685,45.5363118],[-73.680738,45.5349623],[-73.6815776,45.5347772],[-73.6885955,45.5379452],[-73.6873151,45.5397843]]],[[[-73.6885711,45.5382855],[-73.6888866,45.5380754],[-73.6910589,45.5391453],[-73.6908337,45.5394567],[-73.6903519,45.5392856],[-73.6898085,45.5399765],[-73.6879467,45.5393082],[-73.6885711,45.5382855]]]]}},{"type":"Feature","properties":{"id":"parc-nature-de-l-ile-de-la-visitation-654090","name":"Parc-nature de l'Île-de-la-Visitation","type":"park"},"geometry":{"type":"Polygon","coordinates":[[[-73.6659583,45.5740901],[-73.6647399,45.5755704],[-73.6642615,45.5762282],[-73.6640471,45.5766761],[-73.663663,45.5770712],[-73.6632208,45.5772763],[-73.6621211,45.578107],[-73.6620587,45.5785416],[-73.6617036,45.5787307],[-73.6614089,45.5790851],[-73.6614478,45.5792292],[-73.6611709,45.57996],[-73.6610026,45.5800444],[-73.6605225,45.5805865],[-73.6595361,45.5810056],[-73.6594771,45.5809061],[-73.6590309,45.5810091],[-73.6579194,45.5817126],[-73.6573521,45.5821827],[-73.6572599,45.582181],[-73.6572287,45.5820719],[-73.6571238,45.5821001],[-73.6569853,45.5823272],[-73.6570098,45.5824086],[-73.6567466,45.5824746],[-73.6569276,45.582117],[-73.6570202,45.5820813],[-73.6568854,45.5820597],[-73.656868,45.5819682],[-73.6569504,45.5818917],[-73.6571436,45.5818931],[-73.6576532,45.5812417],[-73.6583452,45.581091],[-73.6597185,45.5804453],[-73.6606063,45.5793038],[-73.6607029,45.5791039],[-73.6605681,45.5788434],[-73.6613902,45.5779301],[-73.6614089,45.5776926],[-73.6616269,45.577258],[-73.6614009,45.5770848],[-73.6616215,45.576232],[-73.661702,45.5762099],[-73.6617657,45.57565],[-73.6618904,45.5753627],[-73.6617862,45.5753399],[-73.6617293,45.5754739],[-73.661594,45.5754481],[-73.6617594,45.5750664],[-73.6613598,45.5749923],[-73.661191,45.5752181],[-73.6610945,45.5757129],[-73.6606948,45.5763005],[-73.6606854,45.5766431],[-73.6608644,45.5771836],[-73.66085,45.5773838],[-73.6605111,45.5777461],[-73.6601731,45.5779432],[-73.6601557,45.5782483],[-73.6598821,45.5787618],[-73.6594462,45.5788462],[-73.6594529,45.5789936],[-73.6592303,45.5792977],[-73.6587462,45.5795333],[-73.6586255,45.5797361],[-73.6584304,45.5797413],[-73.6582842,45.5800322],[-73.6570249,45.5809845],[-73.655608,45.5815186],[-73.6551245,45.5821583],[-73.6546625,45.5831621],[-73.6542407,45.5837605],[-73.6541395,45.5843541],[-73.6536728,45.5852955],[-73.653658,45.585533],[-73.6534535,45.5858],[-73.653481,45.5861149],[-73.6533891,45.586273],[-73.6531162,45.5863472],[-73.6531008,45.5868521],[-73.6529312,45.5869854],[-73.6527545,45.5873459],[-73.652447,45.5887634],[-73.6524718,45.5896494],[-73.6522056,45.5902899],[-73.6503266,45.5921399],[-73.6497387,45.5929865],[-73.649537,45.5935509],[-73.6492883,45.5939346],[-73.6483484,45.5932963],[-73.6487253,45.5924865],[-73.6495267,45.5929143],[-73.6506797,45.591433],[-73.6515394,45.5906622],[-73.6520992,45.5899699],[-73.6521901,45.5895377],[-73.6521127,45.5892973],[-73.6531002,45.5851372],[-73.6533152,45.5844179],[-73.6535025,45.5842869],[-73.6539827,45.5835199],[-73.6531619,45.5830571],[-73.6535559,45.5824676],[-73.6528869,45.5822219],[-73.6534381,45.5815724],[-73.6537707,45.5813396],[-73.6543377,45.5815181],[-73.6547629,45.5810934],[-73.6549815,45.5812064],[-73.6557285,45.580335],[-73.6555353,45.5802599],[-73.6561362,45.5795691],[-73.6564728,45.5797008],[-73.6567048,45.5794264],[-73.6564704,45.5793356],[-73.6568966,45.5789049],[-73.6558181,45.5784547],[-73.6562258,45.5774479],[-73.6580392,45.5782102],[-73.6590599,45.5769205],[-73.6587943,45.5768284],[-73.659482,45.5758703],[-73.6597403,45.5759578],[-73.6599489,45.575702],[-73.6594822,45.575533],[-73.6600561,45.5745555],[-73.6609612,45.5747856],[-73.6609978,45.5747021],[-73.6612016,45.5747002],[-73.6619564,45.5748981],[-73.6619964,45.5748237],[-73.6620991,45.5749226],[-73.6621288,45.5748568],[-73.6624572,45.5749049],[-73.6638566,45.5729694],[-73.664381,45.5727534],[-73.6643602,45.5726276],[-73.6640737,45.5723532],[-73.6635831,45.5720076],[-73.663406,45.5716278],[-73.6630132,45.5714119],[-73.6625987,45.5708458],[-73.6623181,45.5708071],[-73.6619524,45.5712392],[-73.6618904,45.571508],[-73.6617165,45.5715207],[-73.6603878,45.5707712],[-73.6604276,45.5706224],[-73.660673,45.5708283],[-73.6615854,45.5712054],[-73.6617734,45.5711107],[-73.6622254,45.5706068],[-73.6624838,45.5704638],[-73.6649001,45.5728762],[-73.6654251,45.5733159],[-73.6656604,45.5733963],[-73.6658554,45.5736223],[-73.6659583,45.5740901]]]}},{"type":"Feature","properties":{"id":"parc-frederic-back-172242","name":"Parc Frédéric-Back","type":"park"},"geometry":{"type":"Polygon","coordinates":[[[-73.6419724,45.5651514],[-73.6421202,45.5652155],[-73.6408419,45.566707],[-73.641168,45.566845],[-73.641027,45.5670115],[-73.6406875,45.566876],[-73.6400612,45.5675834],[-73.6384057,45.5668453],[-73.6374906,45.5678746],[-73.6359019,45.5671729],[-73.6357599,45.5671849],[-73.6338542,45.5692391],[-73.6269228,45.5661617],[-73.6257261,45.5674879],[-73.6193978,45.5648214],[-73.6197205,45.5644531],[-73.6181143,45.5637316],[-73.6184377,45.5633667],[-73.6184308,45.5632549],[-73.6175653,45.5628609],[-73.6185314,45.561775],[-73.6167644,45.5609896],[-73.6163402,45.5608855],[-73.6162783,45.5609688],[-73.6152471,45.5605162],[-73.6156925,45.5600317],[-73.6157971,45.5597317],[-73.6167153,45.5601014],[-73.617019,45.5596503],[-73.6175668,45.5593923],[-73.6182779,45.5593585],[-73.6187096,45.5592454],[-73.619394,45.5588228],[-73.6198539,45.558729],[-73.6201965,45.558503],[-73.6202944,45.5585805],[-73.6204502,45.5584802],[-73.6208889,45.5588153],[-73.6216592,45.5583051],[-73.6218677,45.5583038],[-73.6225419,45.5580741],[-73.6227594,45.5573233],[-73.6226341,45.5571675],[-73.6232512,45.5564089],[-73.6237237,45.5564208],[-73.6256646,45.5572662],[-73.6262062,45.5566799],[-73.6426221,45.5637866],[-73.641742,45.5648609],[-73.6420943,45.5650185],[-73.6419724,45.5651514]],[[-73.637034,45.5674352],[-73.6380004,45.5665714],[-73.6384595,45.5664411],[-73.6392162,45.5664225],[-73.6395968,45.5662538],[-73.6411101,45.5644792],[-73.6403843,45.5641378],[-73.6404384,45.5640761],[-73.6367746,45.5624744],[-73.6367636,45.5622838],[-73.6363944,45.5621134],[-73.6260907,45.5576972],[-73.625582,45.5573942],[-73.6238165,45.5566319],[-73.6235673,45.5566101],[-73.6232219,45.5569234],[-73.6230576,45.5569234],[-73.6229896,45.5570027],[-73.6228254,45.5573338],[-73.6225927,45.5585703],[-73.6222302,45.5589092],[-73.6216048,45.5590589],[-73.6196051,45.5588677],[-73.6190173,45.5592665],[-73.6189207,45.5592235],[-73.6183685,45.5595239],[-73.6175963,45.5595606],[-73.6172718,45.5596484],[-73.6167075,45.560218],[-73.6166814,45.5603926],[-73.6163078,45.5605673],[-73.6177289,45.5607896],[-73.6182205,45.5607471],[-73.6182575,45.5608366],[-73.6189899,45.5606748],[-73.6190414,45.5608027],[-73.6189375,45.5610221],[-73.6205472,45.5612689],[-73.620549,45.561435],[-73.6210296,45.5619254],[-73.6216455,45.5629986],[-73.6213585,45.5633065],[-73.6218662,45.5635834],[-73.6228872,45.5635396],[-73.6236065,45.563671],[-73.6245558,45.5640136],[-73.6264935,45.5649019],[-73.6278272,45.5644138],[-73.6285165,45.5643021],[-73.6290748,45.5643116],[-73.6300379,45.5647905],[-73.6301418,45.5650283],[-73.6305083,45.5653769],[-73.6310053,45.5656445],[-73.6319881,45.565887],[-73.632485,45.5658956],[-73.6324783,45.566073],[-73.6325854,45.5661281],[-73.633452,45.5661836],[-73.6340778,45.5664203],[-73.6341621,45.5665832],[-73.633883,45.5671388],[-73.6338124,45.5674771],[-73.6343074,45.5678358],[-73.6344014,45.5678282],[-73.6344436,45.5683438],[-73.6357536,45.5670904],[-73.6368443,45.5675048],[-73.637034,45.5674352]]]}},{"type":"Feature","properties":{"id":"refuge-d-oiseaux-migrateurs-de-l-ile-aux-herons-740074","name":"Refuge d'oiseaux migrateurs de l'Île-aux-Hérons","type":"park"},"geometry":{"type":"MultiPolygon","coordinates":[[[[-73.593643,45.4103422],[-73.5936331,45.4102618],[-73.5938522,45.4102129],[-73.5943651,45.4102723],[-73.5949478,45.410489],[-73.5949627,45.4105834],[-73.5947884,45.4106324],[-73.5942556,45.4104751],[-73.5938323,45.4104576],[-73.593643,45.4103422]]],[[[-73.5941431,45.4152563],[-73.5931177,45.415013],[-73.5902932,45.4147957],[-73.5915115,45.414007],[-73.5923955,45.4135959],[-73.592887,45.4134917],[-73.5942663,45.4135593],[-73.5952589,45.4139816],[-73.5954919,45.4144997],[-73.5951328,45.4149275],[-73.5941431,45.4152563]]],[[[-73.5945893,45.415809],[-73.59438320135813,45.416015099740044],[-73.59398726733689,45.4160469567278],[-73.5938256,45.415976],[-73.5940383,45.4158339],[-73.5945893,45.415809]]],[[[-73.5889482,45.4190908],[-73.5893494,45.4190211],[-73.5894195,45.4191626],[-73.5892939,45.4192262],[-73.5889482,45.4191564],[-73.5889482,45.4190908]]],[[[-73.5899055,45.4194148],[-73.5898695,45.4193007],[-73.5900672,45.4192809],[-73.59011,45.4194429],[-73.5899055,45.4194148]]],[[[-73.59040729395298,45.42058635380267],[-73.5904932,45.4205048],[-73.5905531,45.4205937],[-73.59040729395298,45.42058635380267]]],[[[-73.5904441,45.4208408],[-73.59025656017113,45.42094948569616],[-73.5899328,45.420998],[-73.5899698,45.4207601],[-73.5904441,45.4208408]]],[[[-73.5980129,45.4211277],[-73.59765647006604,45.421306894939306],[-73.597794,45.4211089],[-73.5984499,45.4206399],[-73.5979979,45.4210308],[-73.5980129,45.4211277]]],[[[-73.589439,45.4211518],[-73.5900866,45.4212742],[-73.5896786,45.4213671],[-73.5893913,45.4212311],[-73.589439,45.4211518]]],[[[-73.5973772,45.4215952],[-73.5970373,45.4217566],[-73.5974027,45.4214394],[-73.5975384,45.4214197],[-73.5973772,45.4215952]]],[[[-73.60007617504779,45.42188097219495],[-73.6000769,45.4218931],[-73.5996866,45.4222197],[-73.60007617504779,45.42188097219495]]],[[[-73.5994895,45.4226443],[-73.5990711,45.4229521],[-73.5984689,45.4232542],[-73.5994895,45.4226443]]],[[[-73.5974939,45.424075],[-73.5967945,45.4247132],[-73.5966235,45.4248628],[-73.5974939,45.424075]]],[[[-73.5966235,45.4248628],[-73.5961917,45.4253843],[-73.59567838594967,45.4259201804443],[-73.5966235,45.4248628]]],[[[-73.5905405,45.4285923],[-73.5900562,45.4282018],[-73.5896987,45.4282032],[-73.5901062,45.4280169],[-73.5898503,45.4279147],[-73.5894527,45.4280347],[-73.5884676,45.4287585],[-73.5881913,45.4288258],[-73.5881498,45.4286719],[-73.5885762,45.4283684],[-73.5887915,45.4280578],[-73.5895827,45.4275302],[-73.5896449,45.4271904],[-73.5901527,45.4270352],[-73.5911478,45.4260365],[-73.5926901,45.4251885],[-73.5955882,45.4231055],[-73.5958014,45.4231262],[-73.5956392,45.4233672],[-73.5917419,45.4261947],[-73.5917379,45.4263914],[-73.5918465,45.4265213],[-73.5920919,45.4265834],[-73.5927464,45.4269636],[-73.5931116,45.427213],[-73.5931018,45.4273067],[-73.5933199,45.4273567],[-73.5938073,45.4276856],[-73.5922495,45.4290573],[-73.5922075,45.4289638],[-73.5920611,45.4289613],[-73.5918807,45.4288381],[-73.5915314,45.4288432],[-73.5905405,45.4285923]],[[-73.5930167,45.4274934],[-73.5924496,45.427289],[-73.5923772,45.4271478],[-73.5918622,45.4269182],[-73.5917083,45.4267137],[-73.5913235,45.4267585],[-73.5901697,45.4275073],[-73.590193,45.4278808],[-73.5901333,45.4279406],[-73.5906327,45.428518],[-73.5917837,45.4287939],[-73.5923906,45.428746],[-73.5925247,45.4286744],[-73.5931255,45.4277525],[-73.5931187,45.4275983],[-73.5930167,45.4274934]]],[[[-73.5953307,45.4263377],[-73.5941291,45.4276535],[-73.59563221196751,45.42597183925284],[-73.5953307,45.4263377]]],[[[-73.5940101,45.4277112],[-73.5938073,45.4276856],[-73.5941291,45.4276535],[-73.5940101,45.4277112]]],[[[-73.59119752170484,45.429968706973085],[-73.5911773,45.4299839],[-73.5909425,45.4301141],[-73.59119752170484,45.429968706973085]]],[[[-73.6001228,45.408414],[-73.59999981459684,45.409385366080436],[-73.5996315,45.4093658],[-73.5987222,45.409667],[-73.5976875,45.410276],[-73.597031,45.410542],[-73.5965282,45.4106152],[-73.5958858,45.4105133],[-73.5943206,45.4100501],[-73.5938436,45.4100247],[-73.5935966,45.4100398],[-73.5934854,45.4101925],[-73.5927892,45.4102254],[-73.5911566,45.4102606],[-73.5910737,45.4102046],[-73.5899572,45.4101848],[-73.5895033,45.4102961],[-73.5894073,45.4104234],[-73.588892,45.4105763],[-73.5870634,45.4107421],[-73.5852963,45.410737],[-73.5802856,45.4100625],[-73.5786817,45.410187],[-73.5776327,45.410133],[-73.5764055,45.4111885],[-73.5763138,45.4114016],[-73.574366,45.4117271],[-73.5741271,45.4116461],[-73.5740157,45.4114521],[-73.5736855,45.4112135],[-73.5726314,45.4106567],[-73.5720347,45.4098815],[-73.5719919,45.4097109],[-73.5715982,45.4096982],[-73.5715598,45.409539],[-73.5716203,45.4094658],[-73.5713443,45.409316],[-73.5712818,45.4091339],[-73.571077,45.409121],[-73.5709804,45.409249],[-73.5705149,45.4090439],[-73.5698642,45.4090918],[-73.5694925,45.4089887],[-73.5675776,45.4089765],[-73.567369,45.4088978],[-73.5660723,45.4088395],[-73.5653362,45.4089619],[-73.5652594,45.4088832],[-73.5643842,45.4088504],[-73.56241896942613,45.40892528413058],[-73.5623778,45.4081642],[-73.5684981,45.4081546],[-73.5719574,45.4083503],[-73.57471921840742,45.40839038374135],[-73.5747172,45.4087281],[-73.5897399,45.4083979],[-73.5952488,45.4078781],[-73.6005036,45.4069497],[-73.6005709,45.4071881],[-73.6004073,45.4082787],[-73.6001228,45.408414]],[[-73.5732652,45.409775],[-73.573159,45.4090972],[-73.5724968,45.4090502],[-73.5722869,45.4091235],[-73.572341,45.4098232],[-73.5725528,45.409903],[-73.5732652,45.409775]],[[-73.5758548,45.4110277],[-73.5762351,45.4108981],[-73.5767656,45.4102294],[-73.5767331,45.4100935],[-73.5756809,45.4097958],[-73.574726,45.4097715],[-73.5746278,45.4100375],[-73.5752691,45.4104806],[-73.5758548,45.4110277]]],[[[-73.5769123,45.4147921],[-73.5769675,45.4146274],[-73.5774716,45.414686],[-73.5774329,45.415005],[-73.5771278,45.4149485],[-73.5769123,45.4147921]]],[[[-73.5887485,45.418129],[-73.5884047,45.4182801],[-73.5883404,45.4181263],[-73.588542,45.4180442],[-73.5887485,45.418129]]],[[[-73.5887904,45.4186526],[-73.5885888,45.4184845],[-73.5887573,45.4184298],[-73.5890446,45.4185631],[-73.5890533,45.4186663],[-73.5887904,45.4186526]]],[[[-73.5887582,45.4196329],[-73.5887388,45.4195338],[-73.5889715,45.4195242],[-73.5890261,45.4195994],[-73.5887582,45.4196329]]],[[[-73.5895607,45.4202379],[-73.5896844,45.4201558],[-73.589813,45.4203014],[-73.589702,45.4204587],[-73.5887027,45.4207335],[-73.5884135,45.420702],[-73.5877249,45.4203637],[-73.5874493,45.4204054],[-73.5872633,45.4203459],[-73.5872263,45.4202071],[-73.5873792,45.4200916],[-73.5879673,45.4201743],[-73.5887962,45.4200875],[-73.5891926,45.4202174],[-73.5895607,45.4202379]]],[[[-73.5872594,45.421441],[-73.5867657,45.4212509],[-73.5865641,45.4212571],[-73.586491,45.4213439],[-73.586902,45.4215961],[-73.5868309,45.421685],[-73.5864599,45.421482],[-73.5862174,45.4210356],[-73.5857138,45.4205359],[-73.5857509,45.4204676],[-73.5861492,45.4207184],[-73.5866342,45.4206624],[-73.5872877,45.4209064],[-73.5882207,45.4210493],[-73.588507,45.421171],[-73.588508,45.4212619],[-73.5881914,45.421242],[-73.5880307,45.421361],[-73.5881009,45.4214328],[-73.5888459,45.421523],[-73.5889374,45.4216618],[-73.5884232,45.4217622],[-73.5880902,45.4216474],[-73.5878593,45.4214594],[-73.5872594,45.421441]]],[[[-73.5876312,45.421961],[-73.5872068,45.4217236],[-73.58771843654213,45.4219220983458],[-73.5876312,45.421961]]],[[[-73.587383,45.4223384],[-73.5872759,45.4222846],[-73.5873832,45.4222518],[-73.587383,45.4223384]]],[[[-73.5878705,45.422683],[-73.5880717,45.4227575],[-73.587909,45.4229036],[-73.5877406,45.4227726],[-73.5878705,45.422683]]],[[[-73.5761539,45.4254143],[-73.575767,45.425599],[-73.573858,45.4260723],[-73.5729783,45.4261644],[-73.5712257,45.4258623],[-73.5711485,45.4257614],[-73.5713565,45.4257261],[-73.5713399,45.42564],[-73.570903,45.4257814],[-73.5704823,45.4257257],[-73.570536,45.4254441],[-73.5704145,45.4251675],[-73.570461,45.4250362],[-73.5706915,45.4248511],[-73.5705641,45.4247223],[-73.5705715,45.4246221],[-73.5707937,45.4241544],[-73.5712028,45.423844],[-73.5711834,45.4237516],[-73.5714332,45.4236971],[-73.5724655,45.4230782],[-73.5732783,45.4222764],[-73.5736893,45.4220933],[-73.5736928,45.4219686],[-73.5739746,45.4219974],[-73.5757469,45.4216124],[-73.5765351,45.4213115],[-73.5769896,45.421322],[-73.5785264,45.4210988],[-73.5793489,45.4208539],[-73.5804146,45.4208681],[-73.5811967,45.4207316],[-73.5818923,45.4208348],[-73.5825253,45.4207346],[-73.5826326,45.420592],[-73.5827595,45.4206482],[-73.5833943,45.4206256],[-73.5837269,45.4204717],[-73.5842323,45.4204742],[-73.5846473,45.4206047],[-73.5862613,45.4219976],[-73.5864211,45.4225664],[-73.5864427,45.4231666],[-73.5862995,45.4234451],[-73.5851654,45.4241066],[-73.5851723,45.4242177],[-73.5841709,45.4245288],[-73.5829151,45.4243362],[-73.5829967,45.4242056],[-73.5798829,45.4244728],[-73.5781699,45.4248294],[-73.5773375,45.4251631],[-73.5761539,45.4254143]]],[[[-73.5781416,45.4254757],[-73.5782798,45.425367],[-73.5790852,45.4252809],[-73.5807083,45.4249254],[-73.5803396,45.4247483],[-73.58040391221203,45.42468628921902],[-73.5815221,45.4247185],[-73.5827605,45.424937],[-73.5841745,45.4250696],[-73.5796318,45.4266443],[-73.5771353,45.4272994],[-73.5764538,45.4273903],[-73.5750114,45.4273121],[-73.5731603,45.4269351],[-73.5714178,45.4263765],[-73.571507,45.4263017],[-73.5729109,45.4264248],[-73.5737553,45.426369],[-73.5781416,45.4254757]]],[[[-73.5887781,45.4319067],[-73.5884509,45.4320516],[-73.5880204,45.4322069],[-73.5887781,45.4319067]]],[[[-73.5880204,45.4322069],[-73.5876931,45.4324591],[-73.5870641,45.4328939],[-73.5880204,45.4322069]]],[[[-73.5818599,45.4328176],[-73.5818938,45.4327071],[-73.582810345195,45.432345612166564],[-73.5825523,45.4327832],[-73.5822002,45.4328865],[-73.5818599,45.4328176]]],[[[-73.5861509,45.4333005],[-73.58593438821568,45.43343766726443],[-73.5862595,45.4331951],[-73.5861509,45.4333005]]],[[[-73.58474321378286,45.43432640749954],[-73.5857906097405,45.43354494098716],[-73.585605,45.4337334],[-73.58474321378286,45.43432640749954]]]]}},{"type":"Feature","properties":{"id":"parc-lasalle-837014","name":"Parc LaSalle","type":"park"},"geometry":{"type":"MultiPolygon","coordinates":[[[[-73.677349,45.4399339],[-73.6729556,45.4400583],[-73.6727421,45.4398443],[-73.6727731,45.4373166],[-73.6773769,45.436435],[-73.6773211,45.4376933],[-73.677408,45.4376899],[-73.6774135,45.4395906],[-73.6773526,45.4395897],[-73.677349,45.4399339]],[[-73.6750768,45.4375117],[-73.6751586,45.4378477],[-73.6754007,45.4378516],[-73.6754613,45.4374908],[-73.6753663,45.437308],[-73.6751774,45.4373621],[-73.6750768,45.4375117]]],[[[-73.6724426,45.4374116],[-73.6724233,45.4400876],[-73.6715789,45.4400961],[-73.6710856,45.4399954],[-73.6711195,45.439367],[-73.6707658,45.4393649],[-73.6707419,45.4377287],[-73.6724426,45.4374116]]],[[[-73.6752391,45.4376087],[-73.6751573,45.4376096],[-73.6752176972496,45.43740986447588],[-73.67531481184294,45.43745262973893],[-73.6752391,45.4376087]]],[[[-73.6753142,45.4377686],[-73.6752163,45.437795],[-73.67525364687938,45.43771872429355],[-73.6753142,45.4377686]]]]}},{"type":"Feature","properties":{"id":"parc-d-anjou-sur-le-lac-284855","name":"Parc d'Anjou-sur-le-Lac","type":"park"},"geometry":{"type":"MultiPolygon","coordinates":[[[[-73.5930747,45.6087409],[-73.5939312,45.6090699],[-73.5938209,45.6093097],[-73.5930935,45.6089228],[-73.5928647,45.6089013],[-73.5925224,45.6086732],[-73.5926168,45.6085672],[-73.5925934,45.6084188],[-73.5923531,45.6083139],[-73.592318,45.6081935],[-73.5916519,45.6078618],[-73.5912,45.6074177],[-73.5909732,45.6074075],[-73.5907205,45.6071885],[-73.5903918,45.6070551],[-73.589763,45.6069143],[-73.5897089,45.6069883],[-73.5888239,45.6070354],[-73.5888949,45.6072469],[-73.588836,45.6073134],[-73.5886511,45.6072318],[-73.5884514,45.6074524],[-73.5868036,45.6067304],[-73.5867555,45.6066406],[-73.5876463,45.6061224],[-73.5880456,45.606382],[-73.5900304,45.6063069],[-73.5916397,45.6069487],[-73.5926107,45.607673],[-73.5930774,45.6078906],[-73.5936369,45.6079357],[-73.5938912,45.6080892],[-73.5940127,45.6085807],[-73.5942309,45.6087292],[-73.5941645443604,45.60880124326586],[-73.5940153,45.6087393],[-73.5937073,45.6080585],[-73.5927174,45.6078731],[-73.5920708,45.6073621],[-73.590265,45.606481],[-73.5896119,45.6064193],[-73.5886466,45.6065395],[-73.5880861,45.6065159],[-73.5878265,45.6067545],[-73.5882244,45.6069247],[-73.5896164,45.6067211],[-73.5905184,45.6068701],[-73.5910555,45.6071271],[-73.5919175,45.6077586],[-73.5926872,45.6081709],[-73.5928666,45.6085295],[-73.5930747,45.6087409]]],[[[-73.5944521,45.6087344],[-73.5952025,45.6091409],[-73.5960942,45.6081034],[-73.5989327,45.6093633],[-73.5982443,45.6101852],[-73.5982213,45.6103313],[-73.5981469,45.610311],[-73.5980557,45.6100033],[-73.5978304,45.6098007],[-73.5972994,45.6096468],[-73.5964518,45.6096843],[-73.5961594,45.6096292],[-73.59432524187538,45.60886794011703],[-73.5944521,45.6087344]]],[[[-73.5972187,45.6107292],[-73.5968339,45.6106943],[-73.5963953,45.6107646],[-73.5954237,45.6118572],[-73.5948744,45.6116257],[-73.594516,45.6115676],[-73.5916801,45.610436],[-73.5924377,45.6096311],[-73.5932239,45.6097334],[-73.5936421,45.6096011],[-73.59402695917831,45.60934905383694],[-73.5940002,45.6096168],[-73.5940914,45.6099358],[-73.5945018,45.6100757],[-73.5956391,45.6099294],[-73.5956257,45.6098607],[-73.5951697,45.6098607],[-73.5948478,45.6096843],[-73.5945045,45.6096468],[-73.5944428,45.609434],[-73.5945957,45.6093766],[-73.5948076,45.6094228],[-73.5949524,45.6095541],[-73.5956444,45.6096404],[-73.5958107,45.6099594],[-73.5960414,45.6100382],[-73.596425,45.6104161],[-73.5973825,45.6105448],[-73.5972187,45.6107292]]]]}},{"type":"Feature","properties":{"id":"parc-agricole-du-bois-de-la-roche-401485","name":"Parc agricole du Bois-de-la-Roche","type":"park"},"geometry":{"type":"Polygon","coordinates":[[[-73.9315516,45.4398963],[-73.9307753,45.4387129],[-73.9390843,45.4360851],[-73.9396208,45.4369132],[-73.9555234,45.443959],[-73.9547426,45.4442428],[-73.9545307,45.4439377],[-73.953952,45.4441355],[-73.9541499,45.44442],[-73.9521647,45.4450092],[-73.9503821,45.4459011],[-73.9496333,45.445537],[-73.9491611,45.4458788],[-73.9496516,45.4463138],[-73.9481708,45.4471852],[-73.9467368,45.4476947],[-73.945631,45.4479062],[-73.9446259,45.4479811],[-73.943944,45.4479027],[-73.9424923,45.4475089],[-73.9412938,45.4475647],[-73.9394611,45.4478719],[-73.9380588,45.4482965],[-73.9373413,45.4486706],[-73.9371233,45.4492652],[-73.9369324,45.4493925],[-73.9347764,45.4491163],[-73.9247497,45.4406208],[-73.9266709,45.4400037],[-73.927452,45.441201],[-73.9315516,45.4398963]],[[-73.9513609,45.4451187],[-73.9517307,45.444951],[-73.9516306,45.4448404],[-73.9513101,45.4450128],[-73.9513609,45.4451187]],[[-73.935853,45.4489251],[-73.9357343,45.4490747],[-73.9361849,45.4492087],[-73.9362693,45.449086],[-73.935853,45.4489251]]]}},{"type":"Feature","properties":{"id":"parc-du-mont-royal-646902","name":"Parc du Mont-Royal","type":"park"},"geometry":{"type":"MultiPolygon","coordinates":[[[[-73.5993049,45.4967457],[-73.6004382,45.4971183],[-73.6004631,45.4971709],[-73.5996601,45.4976303],[-73.5994387,45.4976424],[-73.5987557,45.4972911],[-73.5986575,45.4971509],[-73.5988236,45.4967932],[-73.5993049,45.4967457]]],[[[-73.5948389,45.5033836],[-73.5941242,45.5040302],[-73.5939613,45.5043549],[-73.5939826,45.5049703],[-73.593849,45.5054301],[-73.5931267,45.5066155],[-73.5928461,45.5069539],[-73.5913519,45.5083035],[-73.5913036,45.5093351],[-73.5915086,45.5095609],[-73.5939384,45.5107837],[-73.5956869,45.5111491],[-73.5967146,45.5115876],[-73.5969016,45.5118196],[-73.5968832,45.5125046],[-73.5967885,45.5128225],[-73.597034,45.5131082],[-73.5977176,45.5132102],[-73.5986837,45.5130951],[-73.5989382,45.5131885],[-73.598002,45.5141271],[-73.5974682,45.5144665],[-73.5970632,45.5145963],[-73.5965471,45.5146412],[-73.5916691,45.5145612],[-73.5910278,45.5148722],[-73.590836,45.5148323],[-73.5902029,45.5156241],[-73.5896533,45.5156533],[-73.5881859,45.5160497],[-73.5797391,45.5120945],[-73.5795451,45.5119512],[-73.5793092,45.5114232],[-73.5788591,45.5109122],[-73.5804447,45.5112584],[-73.582787,45.5124021],[-73.5838641,45.5113614],[-73.5839356,45.5113947],[-73.5855914,45.5096634],[-73.5850862,45.5092707],[-73.5847358,45.5088116],[-73.5846044,45.5082038],[-73.5843307,45.50756],[-73.5838641,45.5073363],[-73.5841557,45.5069347],[-73.5840536,45.5058077],[-73.5838092,45.5056374],[-73.5835666,45.50559],[-73.5836086,45.5054854],[-73.5819579,45.5046795],[-73.5837382,45.5026696],[-73.5834174,45.5034483],[-73.5835737,45.5036244],[-73.5841693,45.5038911],[-73.5852868,45.5028229],[-73.586145,45.5025362],[-73.5875388,45.5013472],[-73.5855379,45.5004471],[-73.5856847,45.5002633],[-73.5867975,45.4997935],[-73.5872705,45.4998545],[-73.587594,45.499737],[-73.588421,45.4999927],[-73.5888475,45.4992877],[-73.5881942,45.4990396],[-73.5894204,45.4979554],[-73.5905765,45.4964808],[-73.5911377,45.4967072],[-73.5914196,45.4963573],[-73.5908894,45.4961317],[-73.5909882,45.4960174],[-73.591506,45.4962371],[-73.5918164,45.4958869],[-73.5912878,45.4956556],[-73.5917939,45.4951802],[-73.592973,45.4951963],[-73.5949557,45.4954533],[-73.5955835,45.4954559],[-73.5955841,45.4955858],[-73.5954178,45.4958128],[-73.5956997,45.4961242],[-73.5957462,45.4962909],[-73.596614,45.4961694],[-73.5966283,45.4960233],[-73.5971483,45.4960266],[-73.5971573,45.495938],[-73.5973285,45.4959457],[-73.5973201,45.4960301],[-73.5980523,45.496059],[-73.5980643,45.4959609],[-73.5987524,45.4960816],[-73.5986954,45.4963747],[-73.5982212,45.4967735],[-73.5981547,45.4970304],[-73.5985072,45.497084],[-73.5985058,45.4971805],[-73.5981075,45.4972222],[-73.5980793,45.4973977],[-73.5984365,45.4975852],[-73.5986695,45.4973656],[-73.5993317,45.4977101],[-73.5995675,45.4977519],[-73.6012397,45.496991],[-73.6017346,45.4960644],[-73.6029661,45.4967827],[-73.6034254,45.4964334],[-73.6038528,45.4959253],[-73.6038368,45.4957528],[-73.6036073,45.4954643],[-73.6029049,45.4953245],[-73.6027697,45.4950041],[-73.6035235,45.4948015],[-73.6041491,45.494729],[-73.6048102,45.4947616],[-73.6054739,45.4949091],[-73.6020769,45.4982764],[-73.6001568,45.4999987],[-73.5984995,45.5013587],[-73.5969807,45.5028259],[-73.5956815,45.5027052],[-73.5947672,45.5030455],[-73.5945331,45.5032286],[-73.5948389,45.5033836]],[[-73.5988576,45.4986833],[-73.5987646,45.4985574],[-73.59813068470449,45.49853653721293],[-73.59797417440531,45.49840715937275],[-73.5978118,45.4980709],[-73.5974449,45.4979712],[-73.5973064,45.4980304],[-73.5969274,45.4984531],[-73.5963435,45.4983781],[-73.5961138,45.4984357],[-73.5959907,45.4986353],[-73.5960396,45.4989555],[-73.5963321,45.4990892],[-73.5966323,45.498941],[-73.5968656,45.4989368],[-73.597008,45.4990397],[-73.5969873,45.4992985],[-73.5972675,45.4994295],[-73.5985533,45.4990022],[-73.5988439,45.4988217],[-73.5988576,45.4986833]]]]}},{"type":"Feature","properties":{"id":"parc-de-la-traversee-940244","name":"Parc de la Traversée","type":"park"},"geometry":{"type":"MultiPolygon","coordinates":[[[[-73.4953213,45.6354151],[-73.496919,45.6337053],[-73.4972587,45.6337459],[-73.4956825,45.6354702],[-73.4953213,45.6354151]]],[[[-73.4929308,45.6384874],[-73.4939058,45.6370991],[-73.4952116,45.6355653],[-73.4955144,45.6355901],[-73.494216,45.6372726],[-73.49342,45.6385662],[-73.4929308,45.6384874]]],[[[-73.4926678,45.6402246],[-73.4923144,45.640178],[-73.4928664,45.6386442],[-73.4933046,45.6386969],[-73.4926678,45.6402246]]],[[[-73.4919469,45.6436755],[-73.491644,45.6436064],[-73.4917494,45.6423403],[-73.4916904,45.6422827],[-73.491743,45.6419676],[-73.4916305,45.6419518],[-73.4919565,45.640919],[-73.4922424,45.6403906],[-73.4925821,45.6404644],[-73.4921155,45.6422558],[-73.4919469,45.6436755]]],[[[-73.4923155,45.6496352],[-73.4920019,45.6475472],[-73.4918816,45.6475346],[-73.4916173,45.6458307],[-73.4917328,45.6458481],[-73.4917604,45.645784],[-73.4916538,45.6446554],[-73.4916886,45.643791],[-73.4919742,45.6438344],[-73.4920542,45.645543],[-73.4927171,45.6497017],[-73.4923155,45.6496352]]],[[[-73.4937272,45.6559773],[-73.4933262,45.6559752],[-73.4924082,45.6499363],[-73.4927516,45.6500152],[-73.4930455,45.6518556],[-73.4931786,45.6518453],[-73.4933505,45.6522078],[-73.4931242,45.6523284],[-73.4937272,45.6559773]]],[[[-73.4949454,45.6636735],[-73.4946175,45.6636612],[-73.4936978,45.6578753],[-73.4935991,45.6576857],[-73.4933909,45.6575742],[-73.4931982,45.6566518],[-73.4934299,45.6565056],[-73.4933559,45.6561269],[-73.4937589,45.6562069],[-73.4945048,45.6604079],[-73.4944387,45.6604854],[-73.4949454,45.6636735]]],[[[-73.4955607,45.6676182],[-73.4952641,45.6676022],[-73.4946442,45.6638174],[-73.4949812,45.6639099],[-73.4955607,45.6676182]]],[[[-73.495907,45.6707068],[-73.4954562,45.670634],[-73.495601,45.6699601],[-73.4954098,45.6688358],[-73.4953671,45.6678301],[-73.4956048,45.6678859],[-73.4959433,45.6700743],[-73.495907,45.6707068]]]]}},{"type":"Feature","properties":{"id":"parc-du-canal-de-lachine-011916","name":"Parc du Canal-de-Lachine","type":"park"},"geometry":{"type":"MultiPolygon","coordinates":[[[[-73.667918,45.4317834],[-73.6673054,45.4320802],[-73.6666626,45.4320668],[-73.6660493,45.4321914],[-73.6621379,45.4335875],[-73.6586413,45.4353048],[-73.6546002,45.4369364],[-73.651506,45.4386032],[-73.6506149,45.4388507],[-73.6537122,45.4371293],[-73.6585644,45.435207],[-73.6621035,45.4334599],[-73.6653635,45.4323197],[-73.6656518,45.4321286],[-73.6674213,45.4317756],[-73.6675162,45.4315664],[-73.6678507,45.4313908],[-73.6690666,45.4309911],[-73.669168,45.4310125],[-73.6694259,45.4314124],[-73.667918,45.4317834]]],[[[-73.649968,45.4392102],[-73.6499859,45.4390331],[-73.64999,45.4391127],[-73.649968,45.4392102]]],[[[-73.6484621,45.4400506],[-73.649968,45.4392102],[-73.6490492,45.4397267],[-73.6484621,45.4400506]]],[[[-73.6484621,45.4400506],[-73.6478702,45.4403532],[-73.64704958126092,45.440729175464114],[-73.6484621,45.4400506]]],[[[-73.6688268,45.4306247],[-73.6690907,45.4307225],[-73.668842,45.430845],[-73.6688304,45.4309336],[-73.6673528,45.4313735],[-73.6663222,45.4318403],[-73.6657605,45.4319701],[-73.6655329,45.4319049],[-73.6651523,45.4320116],[-73.6649702,45.4317075],[-73.6651332,45.4315484],[-73.6650594,45.4314749],[-73.6590219,45.4345278],[-73.6536746,45.4366454],[-73.6508014,45.4382204],[-73.6499579,45.4387617],[-73.6498498,45.4387554],[-73.647785,45.4399061],[-73.6465841,45.4404615],[-73.6387107,45.4435734],[-73.6352811,45.4448363],[-73.6325463,45.4459389],[-73.6308544,45.4467212],[-73.6297271,45.4473618],[-73.6287765,45.4480478],[-73.6278112,45.4489196],[-73.6267741,45.4500487],[-73.6259643,45.4507322],[-73.6218582,45.4536151],[-73.620099,45.4546018],[-73.6128338,45.457772],[-73.6044396,45.4605143],[-73.6022341,45.4613548],[-73.5988172,45.4628616],[-73.5967304,45.4639791],[-73.5967145,45.4641481],[-73.5963697,45.4644049],[-73.5962368,45.4646529],[-73.5953361,45.4652258],[-73.5927376,45.4662098],[-73.5899309,45.4667747],[-73.5886867,45.4672654],[-73.5873968,45.467894],[-73.5873383,45.4678428],[-73.5870816,45.4679589],[-73.5866639,45.4679807],[-73.5860921,45.4681793],[-73.584376,45.469072],[-73.5843923,45.4693316],[-73.5843214,45.4693987],[-73.5821913,45.4710458],[-73.5820868,45.4710233],[-73.582114,45.4709479],[-73.5820261,45.4708896],[-73.5817306,45.470912],[-73.5809825,45.4716982],[-73.5809079,45.4719971],[-73.5775274,45.4756251],[-73.5775315,45.4757608],[-73.5772598,45.4761832],[-73.5769562,45.4764174],[-73.5767159,45.4764725],[-73.5760342,45.4771489],[-73.5738403,45.4788813],[-73.5738531,45.4791351],[-73.5734815,45.4796178],[-73.5723628,45.4805752],[-73.5711011,45.4813848],[-73.5707793,45.4814871],[-73.5678038,45.4838073],[-73.5661013,45.484917],[-73.566027,45.4850843],[-73.5644015,45.4860544],[-73.56421585645029,45.485884658475285],[-73.5644319,45.4857624],[-73.5645146,45.4858351],[-73.5657926,45.4850987],[-73.565902,45.4849914],[-73.5658547,45.4849488],[-73.566264,45.4847008],[-73.5661991,45.4846415],[-73.5676449,45.4837626],[-73.5688623,45.4828297],[-73.5689309,45.4827615],[-73.5688197,45.4826956],[-73.5695268,45.4821039],[-73.5698327,45.4818602],[-73.5699421,45.4819301],[-73.5716365,45.4805153],[-73.5712295,45.4802462],[-73.5716803,45.4798868],[-73.5722602,45.4801573],[-73.5723556,45.4800867],[-73.5718997,45.479721],[-73.5726313,45.4791711],[-73.5729358,45.4793802],[-73.574135,45.4784675],[-73.5744282,45.478201],[-73.5742554,45.4779446],[-73.5765696,45.4761612],[-73.5768533,45.4757085],[-73.5770757,45.4757673],[-73.57906,45.4736101],[-73.5789737,45.4735737],[-73.5793476,45.4731548],[-73.5788616,45.4729332],[-73.5811502,45.470607],[-73.5834036,45.46944],[-73.584528,45.468743],[-73.5888467,45.4669212],[-73.5918845,45.4662779],[-73.5928307,45.4659754],[-73.595116,45.4648734],[-73.5974775,45.4630232],[-73.5976428,45.4630268],[-73.5978765,45.4632541],[-73.5981012,45.4631554],[-73.597923,45.462939],[-73.5979802,45.4628336],[-73.5984188,45.4627253],[-73.5985157,45.462852],[-73.5990606,45.4626175],[-73.5990361,45.4625685],[-73.6032491,45.4607741],[-73.6127116,45.4576824],[-73.6199434,45.454506],[-73.6217818,45.4534856],[-73.6254047,45.4509137],[-73.6267325,45.4497684],[-73.6277012,45.448713],[-73.6286478,45.4478662],[-73.6295726,45.4472152],[-73.6312624,45.4463004],[-73.6331029,45.445477],[-73.6371848,45.4438824],[-73.6454524,45.4407198],[-73.6456732,45.4407365],[-73.6460848,45.4405804],[-73.6462688,45.4403524],[-73.6488338,45.4389624],[-73.6504112,45.4379412],[-73.6540504,45.4358511],[-73.6544756,45.4354686],[-73.6550362,45.4356482],[-73.6551677,45.4358241],[-73.6553095,45.4357632],[-73.6552351,45.4356792],[-73.6559567,45.4356048],[-73.6573395,45.4346279],[-73.6643942,45.4315768],[-73.6652954,45.4312319],[-73.6656449,45.4311684],[-73.6658524,45.4312663],[-73.6660209,45.4312443],[-73.6660235,45.4310198],[-73.6661034,45.4309509],[-73.6679441,45.430464],[-73.6684554,45.4301729],[-73.6685595,45.4301881],[-73.6686366608978,45.43034308887426],[-73.6671256,45.4308429],[-73.666249,45.4309989],[-73.6663766,45.4311469],[-73.6666809,45.4312497],[-73.6672224,45.4309514],[-73.6687149145079,45.43045745204824],[-73.6688268,45.4306247]]],[[[-73.6460481,45.4411476],[-73.6462305,45.4414431],[-73.6455926,45.441991],[-73.6447722,45.441931],[-73.6433598,45.4424293],[-73.632072,45.4468882],[-73.6309969,45.4474268],[-73.6299827,45.4481289],[-73.6290527,45.4489158],[-73.6278226,45.450351],[-73.6271605,45.4509488],[-73.6255603,45.4520859],[-73.6254991,45.452024],[-73.6251794,45.4522049],[-73.6257615,45.4526916],[-73.6227618,45.454028],[-73.6161955,45.4576963],[-73.6159725,45.4575009],[-73.6128588,45.4587008],[-73.6108997,45.4593149],[-73.6105703,45.4593516],[-73.6030113,45.4619269],[-73.6009194,45.46286],[-73.5999543,45.4631189],[-73.5988565,45.4636445],[-73.5982928,45.4639367],[-73.5982711,45.4640213],[-73.5975833,45.4644511],[-73.5975457,45.4643735],[-73.5973848,45.4644709],[-73.5962594,45.4652714],[-73.5960742,45.4653096],[-73.5942483,45.4663208],[-73.5938929,45.4666056],[-73.5910009,45.4672764],[-73.5892005,45.4678148],[-73.5881194,45.4682349],[-73.5879275,45.4683678],[-73.5880134,45.4684842],[-73.5874294,45.4687111],[-73.5873292,45.4685772],[-73.5850339,45.4697067],[-73.5841431,45.4702963],[-73.5833458,45.4709852],[-73.583287,45.4711192],[-73.5829968,45.4713684],[-73.5829367,45.4713391],[-73.5814539,45.4727819],[-73.579577,45.4748205],[-73.5798381,45.4749846],[-73.5794225,45.4752517],[-73.579278,45.4751641],[-73.5782571,45.4762477],[-73.57801654904591,45.476170383389416],[-73.5815965,45.472278],[-73.5817794,45.4723181],[-73.5832087,45.4708494],[-73.5840105,45.4702444],[-73.5857949,45.4691508],[-73.5876362,45.4682592],[-73.5904911,45.4670662],[-73.5918141,45.4667546],[-73.5926524,45.4666426],[-73.5944757,45.4659658],[-73.5955025,45.4654267],[-73.5975005,45.4641397],[-73.598808,45.4634197],[-73.6031642,45.4614574],[-73.61129,45.4587558],[-73.6111869,45.4586156],[-73.611363,45.4584827],[-73.6130302,45.4580884],[-73.6134746,45.4578081],[-73.6139649,45.4577942],[-73.6150802,45.457308],[-73.6151158,45.4571675],[-73.6153015,45.4570459],[-73.6156446,45.456943],[-73.6158011,45.4569917],[-73.6204645,45.4549434],[-73.6223799,45.4538618],[-73.6263159,45.4510895],[-73.6270515,45.4504985],[-73.6291165,45.4484084],[-73.630401,45.4475197],[-73.6314777,45.4469383],[-73.6343977,45.4456822],[-73.6392354,45.4438631],[-73.6469161,45.4407933],[-73.6460481,45.4411476]]],[[[-73.5918401,45.4666],[-73.5904424,45.46695],[-73.5903119,45.4668952],[-73.5918182,45.4665298],[-73.5918401,45.4666]]],[[[-73.57755839751276,45.47662644012385],[-73.5772628,45.4769153],[-73.5771387,45.4770309],[-73.57755839751276,45.47662644012385]]],[[[-73.5767873,45.4773362],[-73.57651263460083,45.47754466987125],[-73.5771387,45.4770309],[-73.5767873,45.4773362]]],[[[-73.5764554650582,45.47759158507946],[-73.5756834,45.4782501],[-73.5759338,45.4784111],[-73.5758668,45.4784967],[-73.5753096,45.4788571],[-73.5742016,45.479783],[-73.5740609,45.4798019],[-73.5728627,45.4807729],[-73.5723462,45.4813728],[-73.5712221,45.4822874],[-73.5703229,45.4835274],[-73.568819,45.4842531],[-73.5685387,45.4844869],[-73.5688681,45.4847663],[-73.5673993,45.4855365],[-73.5664918,45.4857727],[-73.5662976,45.4857596],[-73.5662088,45.4859159],[-73.5657129,45.4859595],[-73.5643117,45.4867349],[-73.56434642366737,45.486782539893845],[-73.5639877,45.4868787],[-73.56386,45.4868408],[-73.5663687,45.4853516],[-73.5670939,45.4850651],[-73.5684487,45.4841622],[-73.5764554650582,45.47759158507946]]],[[[-73.5649693,45.4860126],[-73.5648516,45.4859914],[-73.5662209,45.4851239],[-73.5663769,45.4851643],[-73.5649693,45.4860126]]],[[[-73.5561931,45.4903573],[-73.5567196,45.4900963],[-73.5567872,45.489535],[-73.5568814,45.489411],[-73.5570181,45.4894518],[-73.5571188,45.489859],[-73.557358,45.4897314],[-73.5573451,45.489557],[-73.5574863,45.4895658],[-73.5591778,45.4887741],[-73.5622951,45.4868365],[-73.5623634,45.4868951],[-73.562524,45.4868013],[-73.5624776,45.4867633],[-73.5639911,45.4859174],[-73.5641399,45.4859884],[-73.5641423,45.4861667],[-73.563099,45.4867581],[-73.5626402,45.4869035],[-73.5593674,45.4888736],[-73.5575396,45.4897524],[-73.5556671,45.4907835],[-73.555148,45.4908441],[-73.5549673,45.4907845],[-73.55498351598905,45.49067051576626],[-73.5561931,45.4903573]]],[[[-73.5572047,45.4902328],[-73.5572689,45.4902883],[-73.5560304,45.4910004],[-73.5558948,45.490993],[-73.5572047,45.4902328]]],[[[-73.5645107,45.4871415],[-73.5628279,45.488091],[-73.5627772,45.4880479],[-73.5621694,45.4882374],[-73.5596938,45.4897239],[-73.5595591,45.4896091],[-73.559353,45.4896604],[-73.5593686,45.4897328],[-73.5577464,45.4905692],[-73.557562,45.4905459],[-73.5573252,45.490671],[-73.5574881,45.4910497],[-73.5577139,45.4912613],[-73.5576269,45.4913007],[-73.5577649,45.4914386],[-73.5576046,45.4915167],[-73.5572105,45.4910329],[-73.556804,45.4909767],[-73.5560569,45.4913879],[-73.5558721,45.4929501],[-73.5539788,45.4930476],[-73.5532508,45.4931764],[-73.5525422,45.4958416],[-73.552794,45.4960341],[-73.5528495,45.4961889],[-73.55216966448775,45.49589636547307],[-73.5521917,45.4956731],[-73.5524082,45.4956738],[-73.5530774,45.4930603],[-73.5543094,45.4923276],[-73.5543752,45.4923528],[-73.5542432,45.492999],[-73.5546467,45.4929839],[-73.5548415,45.4920072],[-73.5553553,45.4917205],[-73.5551531,45.492958],[-73.5555674,45.4929418],[-73.5558429,45.4914202],[-73.5560126,45.4912975],[-73.5604057,45.4889798],[-73.5620559,45.4879828],[-73.5622086,45.4880971],[-73.5627018,45.4879821],[-73.5624363,45.4877636],[-73.5632035,45.4872413],[-73.5635693,45.4875141],[-73.5639439,45.487294],[-73.5637689,45.4871229],[-73.5645016,45.486919],[-73.5644231,45.4870591],[-73.5645107,45.4871415]],[[-73.5527398,45.496054],[-73.5527309,45.4961271],[-73.5527644,45.4961209],[-73.5527398,45.496054]]],[[[-73.5510705,45.4953368],[-73.5510262,45.4952259],[-73.5515764,45.4952702],[-73.5517802,45.4942608],[-73.5522707,45.4908611],[-73.5517386,45.4908613],[-73.5517639,45.4906841],[-73.55471657527134,45.49070238715615],[-73.5546822,45.4908488],[-73.5534707,45.4908563],[-73.5530904,45.4909618],[-73.5523136,45.4909059],[-73.5522222,45.4915871],[-73.5527889,45.4921413],[-73.5529033,45.4924312],[-73.5522083,45.4950055],[-73.5517158,45.4951644],[-73.55161684537678,45.49562084865365],[-73.5510705,45.4953368]]],[[[-73.55199782127445,45.49581072137245],[-73.55179545071286,45.49570986289566],[-73.5518688,45.4953753],[-73.5519632,45.4953207],[-73.5520359,45.4954145],[-73.55199782127445,45.49581072137245]]]]}}]}
