{"type":"FeatureCollection","features":[{"type":"Feature","properties":{"id":"carcassonne-agglo","name":"Carcassonne Agglo","type":"island","members":["aigues-vives-11","alairac-11","alzonne-11","aragon-11","arquettes-en-val-11","arzens-11","azille-11","badens-11","bagnoles-11","barbaira-11","berriac-11","blomac-11","bouilhonnac-11","cabrespine-11","capendu-11","carcassonne-11","castans-11","caunes-minervois-11","caunettes-en-val-11","caux-et-sauzens-11","cavanac-11","cazilhac-11","citou-11","comigne-11","conques-sur-orbiel-11","couffoulens-11","douzens-11","fajac-en-val-11","floure-11","fonties-daude-11","la-redorte-11","labastide-en-val-11","laure-minervois-11","lavalette-11","lespinassiere-11","leuc-11","limousis-11","malves-en-minervois-11","marseillette-11","mas-des-cours-11","mayronnes-11","montclar-11","montirat-11","montolieu-11","monze-11","moussoulens-11","palaja-11","pennautier-11","pepieux-11","peyriac-minervois-11","pezens-11","pomas-11","preixan-11","puicheric-11","raissac-sur-lampy-11","rieux-en-val-11","rieux-minervois-11","rouffiac-daude-11","roullens-11","rustiques-11","saint-frichoux-11","saint-martin-le-vieil-11","sainte-eulalie-11","salleles-cabardes-11","servies-en-val-11","taurize-11","trassanel-11","trausse-11","trebes-11","val-de-dagne-11","ventenac-cabardes-11","verzeille-11","villalier-11","villar-en-val-11","villarzel-cabardes-11","villedubert-11","villefloure-11","villegailhenc-11","villegly-11","villemoustaussou-11","villeneuve-minervois-11","villesequelande-11","villetritouls-11"]},"geometry":{"type":"MultiPolygon","coordinates":[[[[2.2512647,43.1206957],[2.2504215,43.1206847],[2.2495241,43.1208739],[2.2490732,43.1208493],[2.2485054,43.1206993],[2.2477364,43.1206726],[2.2463878,43.1208534],[2.2448447,43.1212171],[2.2415523,43.121255],[2.2400929,43.1214296],[2.2393649,43.121674],[2.238086,43.1216005],[2.2370576,43.1216099],[2.2365684,43.1216934],[2.2359569,43.1214888],[2.2354393,43.1214691],[2.2345273,43.1210403],[2.2333487,43.1206423],[2.2312034,43.1200535],[2.2313552,43.1197457],[2.2316606,43.1195797],[2.2315808,43.1194492],[2.2297785,43.1192366],[2.2282659,43.119519],[2.2280307,43.1194036],[2.227381,43.1183363],[2.2270502,43.1202469],[2.2267223,43.1209277],[2.2266044,43.1215754],[2.2263646,43.1218812],[2.2261403,43.122598],[2.2250367,43.1249178],[2.22378,43.125541],[2.2225891,43.1257387],[2.22161,43.1261611],[2.2222682,43.1268179],[2.2228984,43.1269274],[2.2234954,43.127394],[2.2236386,43.1281801],[2.2235588,43.1284389],[2.2244258,43.1287532],[2.2248709,43.1291207],[2.2250742,43.1296969],[2.2253398,43.129888],[2.2255845,43.130212],[2.2259364,43.1303897],[2.2270354,43.1305233],[2.2274345,43.1307502],[2.2273365,43.1309318],[2.2263499,43.1309953],[2.2263271,43.1312895],[2.2254361,43.1315054],[2.225295,43.1316964],[2.2249688,43.1318973],[2.2247181,43.1322286],[2.2247396,43.1323529],[2.2244105,43.1327909],[2.2240707,43.1334602],[2.2238905,43.1342999],[2.2237176,43.1345697],[2.2237612,43.1347788],[2.2239521,43.1349155],[2.2238189,43.1350896],[2.2235472,43.1352458],[2.2235447,43.1354433],[2.2238051,43.1355748],[2.2237711,43.1358286],[2.2235042,43.1362106],[2.2237722,43.1363535],[2.2236543,43.1365333],[2.2233046,43.1367623],[2.2234617,43.1371358],[2.223328,43.137355],[2.223442,43.13748],[2.225272,43.1378084],[2.2263917,43.1376297],[2.2269562,43.1377012],[2.2278869,43.1379603],[2.2281419,43.1381404],[2.2273908,43.1386657],[2.2267938,43.139311],[2.2256166,43.1398087],[2.2252614,43.140069],[2.2265578,43.1451632],[2.2266644,43.1452977],[2.2265891,43.1453666],[2.2266419,43.145471],[2.2264306,43.1455886],[2.2264381,43.1460644],[2.2258077,43.1466748],[2.2256617,43.1469811],[2.2251535,43.1475576],[2.2246427,43.147802],[2.2243442,43.1478545],[2.2239949,43.1481743],[2.2227766,43.1487014],[2.2238919,43.1509741],[2.2246466,43.1516459],[2.2255491,43.153163],[2.2259781,43.1535061],[2.2262332,43.1538885],[2.2259001,43.1553223],[2.226293,43.1553999],[2.2266903,43.1557486],[2.2305224,43.1560858],[2.2290936,43.1575815],[2.2280021,43.1585545],[2.2275738,43.1587881],[2.2275797,43.1602011],[2.2278859,43.1609125],[2.2283042,43.1614805],[2.2290017,43.1617736],[2.2312537,43.1618637],[2.2327566,43.1620121],[2.2333275,43.1623505],[2.2336194,43.1623178],[2.2337996,43.1623998],[2.2341241,43.1629094],[2.2341367,43.1631722],[2.2335371,43.1631651],[2.2334939,43.1628327],[2.2332444,43.163111],[2.2328304,43.1632062],[2.2324295,43.1631382],[2.2323271,43.1632927],[2.2316888,43.1634682],[2.2306273,43.1635754],[2.2301795,43.163695],[2.2298049,43.1633085],[2.229225,43.1632801],[2.2285916,43.1630635],[2.2282229,43.1631018],[2.227889,43.1630261],[2.2275351,43.1627704],[2.2266346,43.162503],[2.2263999,43.1625341],[2.2256553,43.162284],[2.2253255,43.1618896],[2.2249792,43.16192],[2.2246797,43.1617791],[2.2243782,43.1617934],[2.2228776,43.1613339],[2.2224738,43.1614946],[2.2218271,43.1614494],[2.2213667,43.1616831],[2.2193793,43.1617677],[2.2182838,43.1619154],[2.2177707,43.1618956],[2.217404,43.1617787],[2.2167526,43.162101],[2.2134445,43.1623703],[2.2113907,43.162832],[2.2107265,43.1628438],[2.2109542,43.1633641],[2.2107516,43.1635016],[2.2102542,43.1635594],[2.2093759,43.1633083],[2.2085669,43.1632171],[2.2077247,43.1629678],[2.2070884,43.1628721],[2.2065061,43.1628884],[2.205084,43.163538],[2.2046676,43.1635858],[2.2040169,43.1635306],[2.2034647,43.1633644],[2.1986088,43.1637567],[2.1998672,43.166099],[2.1960427,43.1670969],[2.1937521,43.1684302],[2.1939573,43.1686346],[2.1958213,43.1691853],[2.1961515,43.1693703],[2.1959249,43.1697441],[2.1956745,43.1698133],[2.1955741,43.1700663],[2.1948468,43.1705684],[2.194882,43.1710557],[2.1945332,43.1712257],[2.1941099,43.171801],[2.1922489,43.1731271],[2.1917753,43.1732963],[2.191313,43.1736684],[2.1906612,43.1736942],[2.1904004,43.1734996],[2.1900965,43.1734163],[2.1884603,43.1734555],[2.187346,43.1738636],[2.1863309,43.1740999],[2.1854995,43.1740737],[2.1849979,43.174273],[2.1848189,43.1741804],[2.1834881,43.1741811],[2.1828758,43.1743594],[2.1824885,43.1742958],[2.1820247,43.1747794],[2.181166,43.1749653],[2.1803892,43.1752328],[2.1802239,43.1754252],[2.1799657,43.1754581],[2.1796243,43.1756245],[2.179117,43.1755216],[2.1789451,43.1756941],[2.1817834,43.1790304],[2.1775351,43.184252],[2.1774437,43.1844946],[2.1778435,43.1845273],[2.1783561,43.1847494],[2.1787304,43.1846577],[2.1787145,43.1848363],[2.1788479,43.1850011],[2.1788311,43.1852492],[2.17955,43.1857706],[2.1794667,43.185909],[2.1794405,43.1863456],[2.1795702,43.1867983],[2.1795203,43.1869766],[2.1780922,43.1882472],[2.1769895,43.1885222],[2.1773447,43.1888474],[2.1775755,43.1893455],[2.1771987,43.1896627],[2.1765168,43.189916],[2.1762882,43.1902668],[2.1762161,43.1905889],[2.1758998,43.1909044],[2.1753071,43.1910888],[2.1753888,43.1920772],[2.1767577,43.1921913],[2.1767951,43.1934574],[2.1779629,43.194404],[2.178102,43.1951645],[2.1781033,43.1960828],[2.1774456,43.1960533],[2.1780328,43.1972936],[2.1779815,43.1980874],[2.1777786,43.1980364],[2.1774608,43.198461],[2.1779743,43.1986235],[2.1781886,43.1988385],[2.1787386,43.1998253],[2.1798211,43.2006897],[2.1807048,43.2021009],[2.1810004,43.2023214],[2.1809784,43.2024453],[2.1791867,43.2024673],[2.1788869,43.2025595],[2.1812426,43.2080815],[2.1836396,43.2082708],[2.1847536,43.2085166],[2.1856657,43.2133231],[2.186332,43.2132088],[2.1871089,43.2143522],[2.1876681,43.2137717],[2.1880884,43.2140747],[2.1883804,43.2144595],[2.1888943,43.2157045],[2.1899002,43.2166478],[2.1901644,43.2175341],[2.1904399,43.2180895],[2.1906045,43.2179459],[2.1911352,43.2195323],[2.1907491,43.2203882],[2.1895572,43.2219502],[2.1895389,43.2223075],[2.1886425,43.2233634],[2.1892867,43.2239339],[2.1904203,43.2244482],[2.1887887,43.2256579],[2.1897896,43.2259429],[2.1904572,43.2265922],[2.1880112,43.2301144],[2.1855693,43.2315233],[2.18691,43.2320428],[2.1870521,43.2320221],[2.1874223,43.2326341],[2.1879706,43.2331869],[2.1880161,43.2333212],[2.1870098,43.2345058],[2.1868526,43.2351637],[2.1869747,43.2352126],[2.1869342784212886,43.23531522399397],[2.1882334,43.2355563],[2.1889308,43.2355251],[2.1909934,43.2348646],[2.1918597,43.2347434],[2.1950811,43.2350248],[2.1959984,43.2348763],[2.1970498,43.2345695],[2.2005903,43.2332778],[2.2026851,43.2328889],[2.204104,43.2327541],[2.2048604,43.2328811],[2.2069686,43.2340985],[2.2071001,43.2344288],[2.2068721,43.2354059],[2.2068801,43.2358455],[2.2072503,43.2371899],[2.2075614,43.2377976],[2.2080952,43.2377957],[2.2125691,43.2365392],[2.2129231,43.2363477],[2.2137385,43.2354332],[2.2140389,43.235228],[2.2142991,43.2350991],[2.2150179,43.2349818],[2.2156831,43.2350639],[2.2161525,43.2353316],[2.2163188,43.2356872],[2.2162974,43.2364747],[2.2164181,43.2366408],[2.2166594,43.2367073],[2.2169545,43.2366721],[2.2183385,43.236168],[2.2189259,43.2361093],[2.2193336,43.2363438],[2.2194811,43.2366604],[2.2195777,43.2371821],[2.2199291,43.2375827],[2.2207471,43.2377742],[2.2212541,43.237782],[2.221812,43.2376511],[2.2228366,43.2371645],[2.2232899,43.2367659],[2.2241884,43.2357224],[2.2258433,43.2341806],[2.228268,43.2326036],[2.2287079,43.2323945],[2.2290861,43.2323281],[2.2294938,43.2323777],[2.2300428,43.2326792],[2.2302153,43.2329124],[2.2303253,43.2329124],[2.2311809,43.2334439],[2.2319615,43.2334595],[2.2325784,43.2333208],[2.2331443,43.2330785],[2.2339463,43.2321483],[2.2346598,43.2316265],[2.2390532,43.2293674],[2.239823,43.2290937],[2.2409173,43.2289394],[2.2425481,43.2291485],[2.2433528,43.2291758],[2.2450292,43.2289589],[2.2456219,43.2292091],[2.2458365,43.2296585],[2.2455951,43.2303347],[2.2448817,43.2311966],[2.2446403,43.2316109],[2.2445196,43.2322655],[2.2440824,43.2335592],[2.2442969,43.2340008],[2.2446966,43.2343076],[2.2453001,43.2345675],[2.2454004,43.2346588],[2.2453589,43.2346755],[2.2453676,43.2347084],[2.2451041,43.2347154],[2.2443588,43.2343737],[2.2439295,43.2339363],[2.2438517,43.233608],[2.2444391,43.2315854],[2.2455066,43.2299556],[2.2455576,43.2295901],[2.2454369,43.2293439],[2.2449058,43.2291289],[2.2434574,43.2293517],[2.2409388,43.229125],[2.240287,43.2291817],[2.2395548,43.2293693],[2.2347805,43.2317887],[2.2340133,43.2323417],[2.2334447,43.2330941],[2.2328144,43.23344],[2.2319134,43.2336489],[2.2313794,43.2336491],[2.2305828,43.2333266],[2.23019,43.233089],[2.230067,43.2329035],[2.2294779,43.2325681],[2.2290405,43.2325157],[2.2287294,43.2325997],[2.2281876,43.232887],[2.2257468,43.2345324],[2.2245425,43.2356443],[2.2231343,43.2371997],[2.2221312,43.2377468],[2.2211656,43.2379657],[2.2202509,43.2378699],[2.2195348,43.2375553],[2.2193175,43.2372564],[2.2191727,43.2364923],[2.2189447,43.2363165],[2.2185772,43.2363145],[2.2168806,43.2369092],[2.2163429,43.236846],[2.2160506,43.2365588],[2.2161138,43.2357653],[2.215974,43.2354272],[2.215583,43.235186],[2.2153118,43.235135],[2.2143581,43.235271],[2.2141489,43.2353804],[2.2128346,43.2366135],[2.2123867,43.2367874],[2.2100827,43.2373423],[2.2083811,43.2378979],[2.2079704,43.2379778],[2.2075335,43.237911],[2.2072741,43.2376994],[2.2071817,43.2374895],[2.2066387,43.2357166],[2.2066575,43.2353609],[2.2069155,43.2344278],[2.2068304,43.2342089],[2.2067003,43.2340489],[2.2060755,43.2337722],[2.2052145,43.2332465],[2.2044591,43.2329413],[2.2037446,43.2329378],[2.2007808,43.2334185],[2.1972537,43.2346809],[2.1956551,43.2351069],[2.1943649,43.2351792],[2.1921816,43.2349076],[2.1914842,43.2349427],[2.1888288,43.2357185],[2.1879893,43.2356951],[2.1868695097455713,43.235479661415724],[2.1860466,43.2375429],[2.1860114,43.2383066],[2.1820615,43.2385874],[2.1746487,43.2389306],[2.1680906,43.239377],[2.1681234,43.239567],[2.1678945355688466,43.23941996578198],[2.1673696,43.2397009],[2.1649128,43.2406131],[2.1624613,43.2411348],[2.1612343,43.2416391],[2.1596464,43.2427509],[2.1594196,43.2428054],[2.159248,43.2430125],[2.1577915,43.2438273],[2.1566216,43.24416],[2.1548413,43.2444577],[2.15153,43.2444156],[2.149128,43.244812],[2.148444,43.2451149],[2.1424312742187803,43.248579514617326],[2.1428598,43.2493776],[2.1430461,43.2493459],[2.1431878,43.2495864],[2.1430451,43.2496703],[2.1447772,43.2527566],[2.1431282,43.2527858],[2.1423883,43.2528726],[2.1410524,43.252614],[2.1407456,43.2526335],[2.1387713,43.2532587],[2.1385024,43.2534104],[2.1379871,43.2535136],[2.1377734,43.2535332],[2.1371002,43.2533438],[2.1365958,43.2534551],[2.1373781,43.2554266],[2.1357435,43.2560203],[2.1337244,43.2569056],[2.1323864,43.2572596],[2.1317993,43.2574988],[2.131453,43.2578345],[2.1326117,43.2586816],[2.1331619,43.2596076],[2.1333521,43.2600564],[2.134445,43.2641708],[2.134928,43.2655612],[2.1356905,43.266936],[2.1327036,43.2686966],[2.1324019,43.2687881],[2.1281406,43.2713871],[2.128053,43.2713669],[2.1273097,43.2726501],[2.1260102,43.2763792],[2.1258149,43.2799992],[2.1261056,43.2814002],[2.1263339,43.2844652],[2.1265576,43.285123],[2.1263487,43.2852052],[2.1262957,43.2854274],[2.1259559,43.28563],[2.1259121,43.2857474],[2.1264072,43.2858691],[2.1264069,43.2859612],[2.1262543,43.2860847],[2.126244,43.2865484],[2.1259522,43.2867098],[2.1248866,43.2868475],[2.1248205,43.287111],[2.1243806,43.2873324],[2.1240479,43.2872432],[2.1234887,43.2875403],[2.1234677,43.2879328],[2.1233365,43.2879837],[2.1229222,43.2878965],[2.122949,43.2877385],[2.1225902,43.2877338],[2.122553,43.2878276],[2.1223266,43.2879351],[2.1221266,43.2879284],[2.1220524,43.2880235],[2.1220736,43.2881665],[2.1216559,43.2880993],[2.1213321,43.2888573],[2.1205362,43.2890667],[2.1202497,43.2892252],[2.1227392,43.2913947],[2.1247511,43.2908468],[2.1254183,43.2922034],[2.1277047,43.2930851],[2.1277466,43.2929983],[2.127783959107136,43.2931263842397],[2.1285153,43.2933728],[2.128112633085734,43.29372750873019],[2.1301657,43.2961956],[2.1314656,43.2972853],[2.1320868,43.2976304],[2.1324558,43.2979506],[2.1349938,43.3010513],[2.1354321,43.3007756],[2.1374196,43.3000236],[2.1377995,43.2996126],[2.1388995,43.3000622],[2.1397089,43.2998899],[2.139875,43.3000292],[2.1387298,43.3010176],[2.1395954,43.3018531],[2.139595,43.301966],[2.1399873,43.3020362],[2.140936,43.302924],[2.1449707,43.305963],[2.1460866,43.3067207],[2.1475946,43.307592],[2.1482243,43.3078624],[2.1506741,43.3081445],[2.1520171,43.3085637],[2.1544401,43.3098361],[2.1557957,43.3100468],[2.1602152,43.3091382],[2.1632417,43.3089295],[2.1653593,43.3079409],[2.1657667,43.3085787],[2.166224,43.3088994],[2.1660813,43.3093683],[2.165543,43.3098119],[2.165645,43.3102138],[2.1655749,43.3106908],[2.165333,43.3110922],[2.165298,43.3113307],[2.1657094,43.3117456],[2.1659833,43.3121729],[2.1664781,43.313492],[2.1663221,43.3139437],[2.1665269,43.3144965],[2.1682617,43.3161466],[2.1776319,43.3154042],[2.1782835,43.3160956],[2.1794163,43.3168756],[2.1808591,43.3174552],[2.181168,43.3177067],[2.1813221,43.3179706],[2.1776238,43.318455],[2.176574,43.3188511],[2.1740198,43.3212883],[2.1721023,43.3229787],[2.1716671,43.3232377],[2.1717067,43.3235056],[2.171933,43.3237589],[2.1720074,43.3240044],[2.1728234,43.3245799],[2.1732236,43.3247019],[2.1739849,43.3243342],[2.174168,43.3243135],[2.1746396,43.3246745],[2.1752669,43.3247605],[2.1754465,43.3249507],[2.175513,43.3251559],[2.1759182,43.325552],[2.1758415,43.3257496],[2.1761205,43.3258922],[2.1767386,43.3258313],[2.1771539,43.3256217],[2.1776193,43.325678],[2.1779243,43.3255487],[2.1787534,43.3257414],[2.1788969,43.3258837],[2.1797788,43.3258407],[2.1804938,43.3259313],[2.1811717,43.3256449],[2.1816498,43.3258449],[2.1816426,43.3262994],[2.1817666,43.3269506],[2.1819094,43.3272829],[2.1821066,43.3274143],[2.1821958,43.3276198],[2.1821111,43.3279648],[2.1822,43.3283102],[2.1821632,43.3286772],[2.1825692,43.3290535],[2.1825671,43.3298619],[2.1827519,43.330168],[2.1827683,43.3307814],[2.1831216,43.3316718],[2.1830189,43.3320795],[2.1832893,43.3322899],[2.1834572,43.3328216],[2.1840082,43.335838],[2.1844948,43.3375937],[2.1873366,43.3392021],[2.1872165,43.339621],[2.187267,43.3397694],[2.1870119,43.3401892],[2.1871378,43.3406467],[2.18745,43.3410426],[2.1877205,43.3412407],[2.1878639,43.3414448],[2.1878551,43.3415808],[2.1882772,43.3420695],[2.1887847,43.3422741],[2.1887759,43.3424162],[2.1889505,43.3425034],[2.1890339,43.3426826],[2.188955,43.343137],[2.1891518,43.3434115],[2.1907098,43.3428629],[2.1961694,43.3431146],[2.2007655,43.3435436],[2.2007088,43.3434604],[2.2007605,43.3432945],[2.2012299,43.3427811],[2.2017422,43.342547],[2.2020869,43.3425133],[2.2029465,43.3428123],[2.2036707,43.3428142],[2.2045222,43.3422611],[2.204616,43.3419977],[2.2043627,43.3416965],[2.2043225,43.3413376],[2.2034887,43.3407635],[2.20314,43.3404315],[2.2030825,43.3401168],[2.2035795,43.3392054],[2.2038068,43.3391824],[2.2047845,43.3395662],[2.2053434,43.3396603],[2.2058215,43.3394313],[2.2064516,43.3389304],[2.2073051,43.33752],[2.208262,43.3367219],[2.2096562,43.3347147],[2.2098988,43.3345146],[2.2102222,43.3347457],[2.2116665,43.3363074],[2.2121154,43.336961],[2.2124855,43.3371403],[2.2129972,43.3377358],[2.2131721,43.3385805],[2.2138952,43.3389432],[2.2139625,43.3394675],[2.2143839,43.3396635],[2.2155466,43.3397105],[2.2160478,43.3398941],[2.2208103,43.3382225],[2.2222931,43.3377872],[2.2222714,43.3372048],[2.2232469,43.336719],[2.2232818,43.3363613],[2.2238182,43.3360124],[2.2236988,43.3358708],[2.2236085,43.3353881],[2.224676,43.3344657],[2.2249327,43.3343411],[2.2252988,43.3336342],[2.226246,43.3330569],[2.2265612278401674,43.33273273325528],[2.2263542,43.3326524],[2.2265956,43.3324592],[2.226558,43.3323227],[2.2263461,43.3321607],[2.22644,43.3320242],[2.22693279747892,43.3323506270296],[2.2280439,43.3315943],[2.2289709,43.3313572],[2.2282715,43.3303445],[2.2282079,43.3300241],[2.2280504,43.3288882],[2.2284163,43.3282687],[2.2283255,43.3280356],[2.228132,43.3278857],[2.227591,43.3277229],[2.2273811,43.3271985],[2.2274556,43.3269823],[2.2273649,43.3267284],[2.2275949,43.3256054],[2.2274645,43.3252267],[2.2275047,43.3250312],[2.2278528,43.3247611],[2.2279955,43.3244126],[2.2279306,43.324108],[2.2276773,43.3239037],[2.2310132,43.3231753],[2.2402848,43.3204891],[2.2403739,43.3201656],[2.2408096,43.3198306],[2.2409954,43.3195131],[2.2411164,43.3194543],[2.2413823,43.3194781],[2.2416557,43.3198196],[2.241994,43.319914],[2.2447094,43.3200045],[2.2459504,43.3199643],[2.2493609,43.318608],[2.2508472,43.3181411],[2.2512173,43.3179363],[2.2560541,43.3169742],[2.2648339,43.3179342],[2.2670285,43.3185057],[2.2688676,43.3183596],[2.274208,43.3172438],[2.2758538,43.3167913],[2.2768949,43.3161617],[2.278565,43.315556],[2.2817925,43.3139441],[2.2826625,43.3150281],[2.2828641,43.3150223],[2.283066,43.314722],[2.2836551,43.314316],[2.28593,43.313681],[2.2877772,43.313054],[2.288217,43.3129907],[2.2881992,43.3130867],[2.2882935,43.313167],[2.2874611,43.3161718],[2.2876433,43.3166133],[2.2877666,43.3167084],[2.2876749,43.3170607],[2.2877222,43.3177085],[2.2871859,43.3192439],[2.2904517,43.3205537],[2.29056,43.3206954],[2.2903088,43.3209867],[2.2924823,43.3230999],[2.2933807,43.3224743],[2.2944054,43.3220861],[2.2951236,43.3215917],[2.2957047,43.321056],[2.2985048,43.3190901],[2.3023513,43.3176657],[2.3036689,43.3170054],[2.3074754,43.3153442],[2.3094492,43.3141121],[2.3099911,43.3136667],[2.3118927,43.3175457],[2.3131752,43.3173811],[2.313877,43.3171398],[2.3144578,43.3166805],[2.3150548,43.3163685],[2.3156516,43.3164276],[2.3160226,43.3162745],[2.3171842,43.3155975],[2.3174747,43.3150911],[2.3178861,43.3149086],[2.3178943,43.3146495],[2.3180557,43.3142962],[2.3183542,43.3140371],[2.3193301,43.3136486],[2.319693,43.313949],[2.3200154,43.314432],[2.3210797,43.3152095],[2.3215233,43.3152036],[2.3218861,43.315875],[2.3227973,43.3165053],[2.3230472,43.3170118],[2.3241375,43.3172311],[2.3249566,43.3177532],[2.3258862,43.3167765],[2.327554,43.3160614],[2.3281752,43.3156491],[2.3314184,43.3129398],[2.3324429,43.3124097],[2.3341768,43.3111939],[2.3401656,43.3091839],[2.345722,43.3075929],[2.3511953,43.3049534],[2.3697611,43.2999195],[2.370837,43.2995305],[2.3714729,43.2993936],[2.3724207,43.299706],[2.3729278,43.3004505],[2.3733565,43.3004769],[2.3744479,43.3008189],[2.3748683,43.3008128],[2.3757107,43.3011378],[2.3760779,43.3011386],[2.3762596,43.3012008],[2.3763421,43.3013225],[2.3767601,43.3014255],[2.3834238,43.3017363],[2.389426,43.3026349],[2.3856079,43.3049711],[2.3823105,43.3087216],[2.3808722,43.3106017],[2.3813325,43.3126829],[2.3935073,43.3140374],[2.3933127,43.3152281],[2.3933659,43.3153262],[2.3924289,43.3162469],[2.3921874,43.3163879],[2.3912453,43.3168275],[2.3897221,43.3170648],[2.3884177,43.3176634],[2.3879843,43.3179291],[2.3872337,43.3188927],[2.3868725,43.3197132],[2.3865916,43.3198796],[2.3864672,43.3202417],[2.3864351,43.3209396],[2.3862906,43.3215177],[2.3864059,43.3226153],[2.3863557,43.3235159],[2.3862491,43.3240178],[2.3858666,43.3248435],[2.3855781,43.3251263],[2.3849511,43.3254963],[2.3841957,43.3257695],[2.3834271,43.3266683],[2.3829693,43.3269922],[2.3828815,43.3272476],[2.3830697,43.3273936],[2.383609,43.3275761],[2.3837219,43.3278042],[2.3835605,43.3288193],[2.3831543,43.3290863],[2.3837559,43.3300736],[2.3841123,43.3303663],[2.3835605,43.3306673],[2.3828059,43.3312847],[2.3821725,43.3320373],[2.3817923,43.3321995],[2.3815657,43.3324235],[2.3814505,43.3327626],[2.3815761,43.3330596],[2.3817342,43.3332605],[2.3825809,43.333105],[2.3854375,43.3334742],[2.3861502,43.3341679],[2.3871518,43.3347811],[2.3872226,43.334945],[2.3870048,43.3354604],[2.3876214,43.3360551],[2.3891685,43.3364948],[2.3927067,43.3386386],[2.3956073,43.3382765],[2.3959922,43.3380701],[2.396679,43.3381307],[2.3992274,43.3385556],[2.4015325,43.339435],[2.4059779,43.3429928],[2.407263,43.3441819],[2.4074171,43.3441958],[2.4077643,43.3446734],[2.4081023,43.3454711],[2.4089106,43.3457886],[2.409038,43.3460602],[2.4096826,43.3460598],[2.4100009,43.3465763],[2.4104005,43.3467218],[2.4110451,43.3467413],[2.4117538,43.3472178],[2.4123259,43.3474096],[2.4126621,43.3476214],[2.4131537,43.3487407],[2.4160505,43.349388],[2.4165502,43.3496195],[2.4177048,43.3508642],[2.4201369,43.3501801],[2.4212988,43.3500799],[2.4232235,43.3500851],[2.4287339,43.349882],[2.4311311,43.3502245],[2.4333873,43.3512685],[2.4334213,43.351777],[2.4337296,43.3525492],[2.4336088,43.3527498],[2.433605,43.3536838],[2.4330054,43.3544781],[2.4326269,43.355297],[2.4322313,43.3554812],[2.4319684,43.3558177],[2.4313894,43.3561817],[2.4358349,43.360107],[2.4454351,43.3615796],[2.4449923,43.3641217],[2.4448709,43.3644383],[2.4440044,43.3650029],[2.4434571,43.3650901],[2.4419713,43.3651234],[2.4414167,43.3658261],[2.4414209,43.368259],[2.4404379,43.3720873],[2.4386812,43.3754415],[2.4381815,43.3756304],[2.4407579,43.3768143],[2.4433234,43.3796159],[2.4436321,43.3798633],[2.4459754,43.3830301],[2.4492632,43.3864191],[2.4508259,43.3881581],[2.4523364,43.390906],[2.4523109,43.3917763],[2.4538593,43.3930208],[2.4549874,43.394246],[2.4556005,43.3956992],[2.4558883,43.3971823],[2.4565264,43.3975476],[2.458751,43.3976936],[2.4591853,43.3978118],[2.4610011,43.3970483],[2.4621544,43.3972448],[2.4623035,43.3972051],[2.4631041,43.3973921],[2.4638358,43.3970748],[2.4653953,43.396984],[2.466005,43.3967163],[2.4676053,43.3966552],[2.4685135,43.3964365],[2.4688661,43.3964361],[2.4666313,43.398049],[2.4648698,43.3985634],[2.4624186,43.3997674],[2.4608545,43.4010627],[2.4592237,43.4035929],[2.4589042,43.4051137],[2.4604636,43.4070608],[2.4624311,43.4113007],[2.4679024,43.4157382],[2.4684057,43.4192741],[2.4648746,43.4224702],[2.4661693,43.4243251],[2.469619,43.426018],[2.4713044,43.4272004],[2.4702883,43.4315529],[2.4692786,43.4351552],[2.4704919,43.4355328],[2.470824,43.4355643],[2.4712326,43.435807],[2.4717355,43.435978],[2.4720607,43.435934],[2.4724274,43.436262],[2.4739887,43.4363609],[2.4743611,43.4365213],[2.4746751,43.4373852],[2.4756771,43.4367868],[2.4785284,43.4366303],[2.4813254,43.4369408],[2.4839636,43.4368405],[2.4842616,43.4367614],[2.486439,43.4367266],[2.4906128,43.4383496],[2.4916747,43.4381401],[2.4922233,43.4378208],[2.4945962,43.4370842],[2.496938,43.4370621],[2.4973727,43.4363493],[2.4976808,43.4345434],[2.4971181,43.4326667],[2.4978622,43.4318689],[2.4990765,43.4310987],[2.5011194,43.4302402],[2.5026932,43.4292365],[2.5044218,43.4293703],[2.5082717,43.428872],[2.5120478,43.4298302],[2.5149052,43.4272766],[2.5182199,43.4248959],[2.519033,43.4236517],[2.5232099,43.4235709],[2.5237187,43.4234724],[2.5262032,43.4234952],[2.5300242,43.4233266],[2.5304625,43.4236778],[2.5312044,43.4237903],[2.5333081,43.4244178],[2.539172,43.4247518],[2.5414959,43.4250524],[2.5432322,43.4249219],[2.5465198,43.4243396],[2.5504398,43.4247254],[2.552954,43.4246589],[2.5547375,43.424182],[2.5566092,43.4231922],[2.5611408,43.4203148],[2.5629388,43.4213899],[2.5653527,43.4226111],[2.5659656,43.4226382],[2.5694196,43.4216608],[2.5707184,43.420872],[2.5736754,43.4197744],[2.5741793,43.4191934],[2.5758536,43.4179365],[2.577919,43.4171291],[2.579587,43.4151648],[2.5796335,43.413095],[2.5800704,43.4125744],[2.5830488,43.4122715],[2.5856679,43.4122931],[2.5868362,43.4121284],[2.5888557,43.4123442],[2.593994,43.4120408],[2.5947548,43.4109789],[2.5949734,43.410146],[2.5947341,43.4086236],[2.592438,43.4070564],[2.591969,43.4060161],[2.5930006,43.4034043],[2.5895934,43.4016002],[2.5881997,43.4007049],[2.5873188,43.3995785],[2.5864485,43.3990147],[2.5801789,43.3981279],[2.5767831,43.3982857],[2.5735439,43.3995575],[2.5690385,43.400262],[2.5680644,43.3994472],[2.5669822,43.3978666],[2.5658637,43.397766],[2.5639824,43.3958768],[2.5630977,43.3951257],[2.5599085,43.3933393],[2.5571744,43.3896793],[2.5554041,43.3883036],[2.5565734,43.3847615],[2.553482,43.3829125],[2.5531518,43.3795851],[2.55242,43.3789738],[2.5517396,43.3785585],[2.5517293,43.3777067],[2.5517868,43.3772421],[2.5525909,43.3766017],[2.5533611,43.3747404],[2.5529076,43.3733566],[2.5529599,43.3726342],[2.556885,43.3702181],[2.5568155,43.3696342],[2.5564135,43.3690407],[2.5560369,43.3686577],[2.5559301,43.368173],[2.556346,43.3674759],[2.5563829,43.3671675],[2.5565589,43.3669673],[2.5568036,43.3669456],[2.5569781,43.3670356],[2.5572343,43.3669419],[2.5573086,43.3666864],[2.5572866,43.3661967],[2.5571232,43.3658285],[2.5567254,43.3656654],[2.5560357,43.3655454],[2.5546452,43.3660887],[2.5544257,43.3658933],[2.5543289,43.3650099],[2.5541742,43.3648134],[2.5537284,43.3648023],[2.5535087,43.3645001],[2.5523935,43.3639294],[2.5522521,43.3637098],[2.5525542,43.3633095],[2.5525174,43.3627487],[2.5526669,43.3625231],[2.552958,43.3624626],[2.5531156,43.3623302],[2.5531439,43.3622206],[2.552911,43.3617413],[2.5521751,43.361574],[2.5512897,43.3619605],[2.5501605,43.3615316],[2.550017,43.361268],[2.5493886,43.3608857],[2.5491173,43.3605598],[2.5490652,43.3603698],[2.5491097,43.3600365],[2.5492976,43.3596381],[2.5491621,43.3591712],[2.5492034,43.358749],[2.5494531,43.3580104],[2.5494932,43.357647],[2.5491362,43.3572497],[2.5483937,43.3568291],[2.5466239,43.3561368],[2.546082,43.3556251],[2.5454119,43.3541212],[2.5454452,43.3537318],[2.5462221,43.3530909],[2.5463438,43.3528597],[2.5463532,43.3526212],[2.5468109,43.3520762],[2.546841,43.3519047],[2.5463701,43.3515926],[2.5457364,43.3514596],[2.5453472,43.3511473],[2.5452956,43.3510132],[2.5454576,43.3505881],[2.5454262,43.3503646],[2.5447934,43.349628],[2.5446769,43.3493304],[2.5442832,43.3491974],[2.5442253,43.3490171],[2.5445014,43.3487489],[2.5445621,43.3485848],[2.5444494,43.3484807],[2.5439697,43.3485561],[2.5436437,43.3488101],[2.5433713,43.3488664],[2.5432265,43.3487473],[2.5431458,43.3483906],[2.5433094,43.3481459],[2.5433631,43.3477411],[2.5433273,43.3475448],[2.543175,43.347345],[2.5428535,43.3471912],[2.5421529,43.3470931],[2.5419478,43.3469109],[2.5417356,43.346519],[2.5413837,43.3464244],[2.5413981,43.3462006],[2.5410833,43.3458093],[2.5408659,43.3458115],[2.5402953,43.346215],[2.5400707,43.3462154],[2.5395545,43.345891],[2.5395642,43.3457772],[2.5399807,43.345743],[2.5402964,43.3455773],[2.5404002,43.3453767],[2.5446289,43.3448009],[2.5468048,43.342069],[2.5470953,43.3404512],[2.5477162,43.3385992],[2.5489976,43.3369846],[2.5491379,43.335911],[2.5515887,43.3341558],[2.5523959,43.3351083],[2.5529876,43.3361041],[2.5536433,43.3367086],[2.5557442,43.3375775],[2.5706831,43.3345236],[2.574836,43.3342497],[2.5761103,43.3349687],[2.5810869,43.3346404],[2.5856697,43.3334793],[2.5862923,43.3314509],[2.5870826,43.3304461],[2.5872286,43.330389],[2.587955,43.3295073],[2.5887423,43.3289633],[2.5890738,43.3282309],[2.5890505,43.3278915],[2.5893319,43.326276],[2.5891466,43.3262596],[2.5891291,43.3259792],[2.5910732,43.3216791],[2.5912198,43.3202564],[2.5917043,43.3181641],[2.5921589,43.3178892],[2.5924654,43.3173548],[2.5929842,43.3174173],[2.5935755,43.3173294],[2.5942495,43.3173401],[2.5948133,43.31706],[2.5951538,43.3166344],[2.595267,43.3161678],[2.5955684,43.3159991],[2.5959133,43.3155853],[2.5962498,43.3142323],[2.5964191,43.3141622],[2.5972771,43.3142243],[2.5974113,43.314192],[2.5975251,43.3139572],[2.5982649,43.3138531],[2.5997728,43.313991],[2.5992499,43.3112147],[2.5994388,43.3110689],[2.5989023,43.3106108],[2.5977721,43.3105261],[2.5986706,43.3101604],[2.599107,43.3094541],[2.5993989,43.3083948],[2.5996807,43.3078609],[2.6002956,43.3076305],[2.6012485,43.3069837],[2.6019283,43.306052],[2.6018342,43.3054251],[2.6022646,43.3048375],[2.6020583,43.304772],[2.6020646,43.3045633],[2.6008087,43.3045261],[2.6006458,43.3025272],[2.6014695,43.3022347],[2.601143,43.3014887],[2.60172,43.2993946],[2.6021114,43.2993319],[2.6014208,43.2981391],[2.6020559,43.2978975],[2.6040483,43.2974991],[2.6049095,43.2971964],[2.6075514,43.2968936],[2.6078433,43.2966705],[2.607909,43.2959481],[2.6082885,43.2956719],[2.6090986,43.2954276],[2.6092956,43.2952895],[2.6094343,43.2949548],[2.6102663,43.2942112],[2.6097317,43.2938758],[2.6157088,43.2894242],[2.616331,43.2893347],[2.617039,43.2887769],[2.6180607,43.2876294],[2.6183015,43.2871353],[2.6174987,43.2864341],[2.6175352,43.285074],[2.6171701,43.2843337],[2.6270343,43.288579],[2.6284956,43.2922878],[2.6296496,43.2946857],[2.6301139,43.2952158],[2.6306898,43.2953321],[2.6309464,43.2954922],[2.6311295,43.2956961],[2.6311419,43.2959122],[2.6318033,43.2963508],[2.6320599,43.2967363],[2.6319168,43.2983746],[2.6321887,43.2983516],[2.6327209,43.2980194],[2.6355587,43.2959316],[2.6375669,43.295383],[2.6390135,43.2947161],[2.6431196,43.2961192],[2.6437467,43.2944768],[2.648327,43.2939755],[2.6490257,43.2936219],[2.6494219,43.2938583],[2.6513234,43.2938087],[2.6530409,43.2940768],[2.6558679,43.2937045],[2.6593729,43.2927688],[2.6594135,43.2929038],[2.6592054,43.2934588],[2.6587771,43.2942588],[2.6587159,43.2948059],[2.6589038,43.2959718],[2.6589954,43.2961666],[2.6605453,43.296225],[2.6634894,43.2965592],[2.6648829,43.2968513],[2.6654302,43.2988096],[2.6655735,43.2999317],[2.6677445,43.2994837],[2.6679275,43.3000739],[2.6683736,43.3002272],[2.6686991,43.3001616],[2.6710198,43.3010113],[2.671794,43.3011937],[2.6716588,43.3018126],[2.6717946,43.3030684],[2.6719416,43.303429],[2.6724982,43.3030276],[2.6731922,43.302796],[2.6738787,43.3022888],[2.6740222,43.302371],[2.6739657,43.3024214],[2.6747538,43.3039478],[2.6753394,43.305749],[2.6751285,43.3059674],[2.675208,43.3060336],[2.6762104,43.3057405],[2.6766257,43.3054232],[2.6770028,43.3060819],[2.6777989,43.3059601],[2.6778785,43.3065491],[2.6777836,43.3069489],[2.6770947,43.3083346],[2.6768207,43.3094644],[2.6752392,43.3126613],[2.6752375,43.3129523],[2.6756965,43.3141122],[2.6758325,43.314192],[2.678839,43.3145529],[2.6792734,43.3145609],[2.6807678,43.3142968],[2.6827959,43.3143538],[2.6827149,43.3147412],[2.6823831,43.3152788],[2.68765,43.316964],[2.6876293,43.3202775],[2.6879001,43.3231008],[2.688221,43.3230325],[2.6884809,43.32277],[2.6887062,43.3227362],[2.6890805,43.3229709],[2.6894985,43.3227174],[2.6892666,43.3225622],[2.6893197,43.3224035],[2.6913887,43.3212516],[2.6918596,43.3206321],[2.6922733,43.3204635],[2.6932193,43.3205093],[2.6941734,43.3201908],[2.6947093,43.31978],[2.6947741,43.3195461],[2.6963225,43.3182676],[2.6967536,43.318346],[2.6967891,43.317824],[2.6972785,43.3164512],[2.6980862,43.3161128],[2.6982956,43.3156697],[2.698616,43.3135044],[2.6989457,43.3129907],[2.7008337,43.311465],[2.7013557,43.3104292],[2.7008137,43.310259],[2.7001584,43.3098998],[2.6987206,43.3085811],[2.6991778,43.3082231],[2.6992544,43.3065223],[2.6996233,43.3062265],[2.6994218,43.3055854],[2.6994864,43.3052277],[2.6998422,43.3050131],[2.6992424,43.304119],[2.6984501,43.3024812],[2.6993622,43.3023725],[2.7021943,43.3009537],[2.7027467,43.3003651],[2.7048157,43.2990585],[2.7056575,43.2988375],[2.7051185,43.2985446],[2.703273,43.296865],[2.7021818,43.2955298],[2.7068873,43.2943334],[2.7038283,43.2891419],[2.7018829,43.2870558],[2.7018788,43.2866366],[2.7016694,43.2860575],[2.7016987,43.2856626],[2.701979,43.2854668],[2.7019326,43.2850589],[2.7011672,43.2828424],[2.7006607,43.2824124],[2.699084,43.2818652],[2.6991515,43.2814276],[2.6993695,43.2812595],[2.6993723,43.2809471],[2.6989512,43.280544],[2.6989015,43.2801234],[2.700261,43.279025],[2.70078,43.2790388],[2.7023502,43.2781967],[2.702570943421963,43.27776912724179],[2.7020114,43.2772202],[2.7010831,43.276828],[2.7005269,43.2769474],[2.6999536,43.2766302],[2.6997778,43.2763965],[2.6990336,43.27605],[2.6986263,43.2761238],[2.6983161,43.2759243],[2.6981991,43.2757912],[2.6982701,43.2756476],[2.6980691,43.2755026],[2.6975262,43.2754535],[2.6972974,43.2752134],[2.6969128,43.2750085],[2.696541,43.2749924],[2.6958314,43.274716],[2.6954312,43.2742463],[2.6953372,43.2740593],[2.6954044,43.2739221],[2.6952837,43.2739369],[2.6951767,43.2738256],[2.6949941,43.2734589],[2.6950315,43.2730632],[2.695169,43.2726959],[2.6951519,43.2724426],[2.6955007,43.2719963],[2.6959257,43.27185],[2.6967741,43.2687669],[2.6971538,43.2684429],[2.6982727,43.2678764],[2.6991251,43.267677],[2.6999126,43.2677204],[2.7009162,43.2681808],[2.7016607,43.2675068],[2.7017287,43.2671384],[2.7021233,43.2670119],[2.7054203,43.2677764],[2.7060928,43.2679767],[2.7063218,43.2681354],[2.7069642,43.268806],[2.7073081,43.2693013],[2.7072928,43.2694404],[2.7070482,43.2695072],[2.7073998,43.2695462],[2.7074924,43.2696758],[2.7078305,43.270509],[2.7079122,43.2709058],[2.7078202,43.2712046],[2.708502,43.2721673],[2.708715,43.2727796],[2.7087066,43.273179],[2.7085941,43.2735945],[2.70946,43.2739],[2.7090658,43.2723982],[2.7088756,43.2706092],[2.7082498096919143,43.266879927034594],[2.7061762,43.2669747],[2.7050438,43.2669347],[2.7042249,43.2668151],[2.7005806,43.2658107],[2.6985995,43.2651339],[2.6961389,43.2641464],[2.6934647,43.2632577],[2.6870998,43.262117],[2.687015,43.2620076],[2.6871508,43.2619608],[2.6880252,43.2620799],[2.6931294,43.2630253],[2.6968791,43.2642929],[2.6978313,43.264707],[2.6983114,43.2648047],[2.7018231,43.2660208],[2.7020343,43.265884],[2.7016763,43.2657608],[2.7017889,43.2651695],[2.7025715,43.2652016],[2.7030558,43.2654545],[2.7036232,43.2655863],[2.7036623,43.2657715],[2.7035303,43.2662381],[2.70309,43.2661811],[2.7030215,43.2663129],[2.7044622,43.2667039],[2.7056213,43.2668559],[2.708223123134824,43.266714241490085],[2.7081977,43.2665564],[2.7085478,43.266544],[2.7093009,43.2640732],[2.7099837,43.2635382],[2.7108072,43.2626371],[2.7113163,43.2617474],[2.711790162300518,43.26015322485855],[2.7100814,43.259856],[2.706348,43.2597197],[2.7041214,43.2589766],[2.7027811,43.2583625],[2.7013972,43.2574852],[2.6999392,43.2559783],[2.6993751,43.2556856],[2.6984127,43.2553777],[2.697597,43.2552723],[2.6954056,43.2552665],[2.6925472,43.2549817],[2.6906543,43.2543895],[2.6884164,43.2534299],[2.6874426,43.2528354],[2.6864636,43.2520154],[2.6862016,43.2517094],[2.6846937,43.2510944],[2.6827648,43.2498704],[2.6814282,43.2491594],[2.6811876,43.2489102],[2.6794599,43.2479831],[2.6790103,43.2476951],[2.6790633,43.2475662],[2.6771938,43.2462706],[2.6759476,43.2458035],[2.6751576,43.2456054],[2.6746688,43.245322],[2.6742608,43.2445992],[2.673844,43.2443065],[2.6733997,43.2442575],[2.6722811,43.2443833],[2.6712272,43.2446479],[2.6692382,43.2449481],[2.6673306,43.244718],[2.6659268,43.2443937],[2.6651703,43.2440569],[2.6649365,43.2437839],[2.6649316,43.243478],[2.6645779,43.2424064],[2.6645669,43.2420193],[2.6649678,43.240429],[2.6650178,43.2396502],[2.6650025,43.2388616],[2.6646367,43.2376228],[2.6628317,43.23421],[2.662533,43.2338459],[2.6612043,43.2330057],[2.6606329,43.2323158],[2.6594407,43.2304341],[2.6591762,43.2298168],[2.6585011,43.2289832],[2.6582487,43.2285428],[2.6580428,43.2279591],[2.6579552,43.2272611],[2.6574759819192892,43.226446640710805],[2.6566101,43.2258616],[2.6556704,43.2256246],[2.6552078,43.2253747],[2.6544322,43.2251067],[2.6537561,43.2249762],[2.6525132,43.2249248],[2.6520585,43.2247711],[2.6499628,43.223613],[2.649244,43.2229825],[2.6488843,43.2221389],[2.6482192,43.2212326],[2.6478826,43.2209079],[2.6473179,43.2206444],[2.6469475,43.2205576],[2.6463744,43.2206082],[2.6451355,43.2210327],[2.643915,43.2216239],[2.6424586,43.2224999],[2.6397383,43.2235766],[2.6379641,43.2244815],[2.6369366,43.2251062],[2.6360026,43.2253642],[2.6351066,43.2254647],[2.6324698,43.2253967],[2.6308936,43.2249905],[2.6309708,43.2248922],[2.6317702078198257,43.22502746206942],[2.631079178773502,43.22460540481289],[2.6302459,43.2243055],[2.6296374,43.2243947],[2.6295158,43.2245308],[2.6296438,43.2246866],[2.6305378,43.2247975],[2.6305487,43.2249763],[2.6293301,43.2248298],[2.6294136,43.2246895],[2.6290427,43.2242465],[2.6273383,43.2227252],[2.6265706,43.2217732],[2.6264739,43.2214863],[2.6242366,43.2180937],[2.623313,43.2169755],[2.6228117,43.2165022],[2.6223913,43.216266],[2.6211121,43.2159262],[2.6207968,43.2157298],[2.6205357,43.2153947],[2.6201301,43.2140597],[2.6199693,43.2127607],[2.6200427,43.2124539],[2.6203148,43.2119385],[2.6208715,43.2114736],[2.6243172,43.2098953],[2.6253915,43.2091589],[2.6259776,43.208588],[2.6262055,43.208237],[2.6263322,43.2076089],[2.6262875,43.2066198],[2.6260409,43.2061751],[2.6256979,43.2043801],[2.6256519,43.202567],[2.6258144781015287,43.202062988010134],[2.625532,43.2020298],[2.6255062,43.201862],[2.625834,43.2015472],[2.6264761,43.2012207],[2.6267052042921417,43.20133935467425],[2.6273407129759687,43.20111391040837],[2.6274526,43.2009153],[2.6270811,43.2004563],[2.627006466899723,43.20000782379561],[2.6267094452663673,43.19980196337976],[2.6264298,43.1998886],[2.6257354,43.1997151],[2.6253748,43.1994131],[2.6251752,43.1994063],[2.620765,43.2029724],[2.6196009,43.2036489],[2.6168516,43.204296],[2.6137362,43.2053293],[2.6129799,43.205431],[2.6100837,43.2052181],[2.6093614,43.2051036],[2.6074286,43.2045547],[2.6066637,43.2043997],[2.605598,43.2043333],[2.604815,43.2041333],[2.6037341,43.2035648],[2.6030213,43.2029349],[2.6027119,43.2024542],[2.6026841,43.2020104],[2.6014698,43.2003118],[2.5997267,43.1988939],[2.5990508,43.1982505],[2.5984703,43.1980199],[2.5963573,43.1979184],[2.5948165,43.1974423],[2.5934684,43.1974779],[2.5925303,43.1975911],[2.5918982,43.1977502],[2.5905898,43.19827],[2.588457,43.1992798],[2.586799,43.1998387],[2.5861037,43.2002799],[2.584924,43.2007866],[2.5832872,43.2018161],[2.5819435,43.2020936],[2.5813925,43.2020244],[2.580225,43.2016212],[2.5780036,43.2012276],[2.5775771,43.2008853],[2.5771068,43.2006729],[2.5769,43.2004525],[2.5768959,43.2001522],[2.5767982,43.2000981],[2.5765042,43.200088],[2.5758532,43.2003142],[2.5748134,43.2009136],[2.5739819,43.2010778],[2.5726515,43.2011756],[2.5719702,43.2007846],[2.5715893,43.2002019],[2.5696635,43.198493],[2.5695777,43.1977148],[2.5691673,43.1971243],[2.5676465,43.1955072],[2.567322,43.1952491],[2.5667748,43.195075],[2.566351,43.1951317],[2.5659943,43.1950711],[2.5653103,43.1947856],[2.5633576,43.1947231],[2.5628561,43.1948873],[2.5626227,43.1951298],[2.5628373,43.1962033],[2.5625637,43.1965435],[2.5615337,43.1969229],[2.5613433,43.1972455],[2.5609142,43.1976698],[2.5605574,43.197703],[2.5602946,43.1974528],[2.5604635,43.197136],[2.5607774,43.196872],[2.5600317,43.1967801],[2.558873,43.1970597],[2.5575426,43.1976815],[2.5564429,43.198534],[2.5553137,43.1990639],[2.5544259,43.1992878],[2.5519462,43.1991695],[2.5492385,43.1996368],[2.5473985,43.1996759],[2.5469854,43.1995772],[2.5465107,43.1996554],[2.5460118,43.1995919],[2.5455853,43.1996759],[2.5435576,43.1996662],[2.5428267,43.1998236],[2.5413743,43.1998284],[2.5395504,43.1999497],[2.5377211,43.1999653],[2.5341162,43.1997668],[2.533911,43.1996916],[2.5307822,43.2000416],[2.5301023,43.2003173],[2.529484,43.2002537],[2.527459,43.2003407],[2.5264129,43.2003016],[2.5259784,43.2003896],[2.5258523,43.2002527],[2.525509,43.2002254],[2.5249001,43.2003202],[2.5244254,43.2004864],[2.5244361,43.2006291],[2.5238755,43.200808],[2.523154,43.2009019],[2.5229904,43.2011062],[2.5225385,43.2012509],[2.5212469,43.2014503],[2.520142,43.201266],[2.519672,43.200837],[2.519398,43.200155],[2.5192447,43.1975099],[2.519022,43.1961902],[2.5184086,43.1935295],[2.5183355,43.1927089],[2.5184203,43.1918975],[2.5183779,43.191142],[2.5180273,43.1904497],[2.5174626,43.1896426],[2.5164061,43.18896],[2.5142704,43.1884456],[2.512825,43.1884672],[2.5128206,43.1886024],[2.511395,43.188681],[2.5091443,43.188571],[2.5081975,43.1884509],[2.5070791,43.1879297],[2.5065403,43.1878187],[2.5061588,43.1875611],[2.5057383,43.1874],[2.5042609,43.1871644],[2.5035439,43.1868969],[2.501465,43.186354],[2.5005347,43.1859763],[2.4999342,43.1858836],[2.4981044,43.186088],[2.4948653,43.1873708],[2.4929716,43.1885761],[2.4914629,43.1890452],[2.4912429,43.1894488],[2.4907832,43.1895602],[2.490212,43.189868],[2.489287,43.190202],[2.486066,43.19082],[2.484493,43.19098],[2.482081,43.191409],[2.4788154,43.1921023],[2.477636,43.192476],[2.475044,43.193051],[2.472683,43.193357],[2.471083,43.193791],[2.469363,43.194107],[2.465545,43.1953],[2.463501,43.195605],[2.462393,43.196162],[2.461954,43.196491],[2.461148,43.197335],[2.4601787,43.198012],[2.460111,43.198376],[2.459919,43.198593],[2.459976,43.198977],[2.459689,43.199363],[2.458528,43.200007],[2.45653,43.201998],[2.455356,43.202897],[2.454665,43.203307],[2.45322,43.203445],[2.452474,43.203608],[2.45056,43.204366],[2.448667,43.204885],[2.44763,43.204923],[2.447431,43.205139],[2.446898,43.20512],[2.446121,43.204845],[2.445631,43.204953],[2.4445,43.20586],[2.443428,43.207282],[2.44278,43.207969],[2.4416349,43.2088969],[2.440862,43.209397],[2.440661,43.209654],[2.439819,43.210373],[2.43908,43.210773],[2.438304,43.210865],[2.437141,43.21066],[2.433713,43.209732],[2.432681,43.209393],[2.431943,43.209014],[2.431386,43.208842],[2.430358,43.208203],[2.429533,43.207928],[2.428784,43.20747],[2.427658,43.207142],[2.426517,43.206933],[2.425861,43.207121],[2.425156,43.207622],[2.424373,43.208679],[2.422672,43.210052],[2.422176,43.210782],[2.421956,43.211628],[2.421647,43.21351],[2.421707,43.214198],[2.42158,43.215595],[2.420849,43.216841],[2.420115,43.218517],[2.419645,43.219183],[2.419354,43.219458],[2.41827,43.219512],[2.416613,43.219352],[2.41511,43.219383],[2.414361,43.219314],[2.414049,43.2192],[2.413793,43.2189475],[2.412954,43.2190022],[2.4122784,43.2193015],[2.4095216,43.2199885],[2.408578,43.2201148],[2.4077901,43.2204998],[2.4068805,43.2212476],[2.4060676,43.222338],[2.4061475,43.2226962],[2.4060028,43.2231787],[2.4060744,43.2237575],[2.4060252,43.2244624],[2.4065022,43.2253763],[2.4070273,43.2268889],[2.4075262,43.2272148],[2.4079562,43.2277894],[2.4086072,43.2282465],[2.4119095,43.2297215],[2.4121269,43.2298306],[2.4120558,43.2299074],[2.4122844,43.2300316],[2.4125176,43.2299658],[2.4133392,43.2303297],[2.4139839,43.2309753],[2.4140062,43.2314541],[2.4138278,43.2315559],[2.4135239,43.2324045],[2.4113709,43.2337746],[2.4104923,43.2341609],[2.4098656,43.234595],[2.4084552,43.2349433],[2.4066029,43.2355431],[2.4060891,43.2356301],[2.4048188,43.2355192],[2.4026579,43.2356571],[2.3982466,43.235704],[2.3977298,43.2357681],[2.3966887,43.2361204],[2.3931466,43.2369891],[2.3925994,43.2371767],[2.3921434,43.2375167],[2.390937,43.2376762],[2.3890326,43.2376214],[2.3872838,43.237301],[2.3858617,43.2368758],[2.3848392,43.2364213],[2.3848245,43.2364862],[2.3828423,43.2365272],[2.381528,43.2362244],[2.3808789,43.2361618],[2.3764372,43.236326],[2.3755547,43.2364315],[2.3744577,43.2368106],[2.3740688,43.2370568],[2.3737255,43.2375961],[2.3735028,43.237729],[2.3731139,43.237559],[2.3740581,43.2366113],[2.3746696,43.2363045],[2.3762441,43.2358785],[2.377722,43.236029],[2.3814207,43.2358726],[2.3829764,43.2362615],[2.3846891,43.2361996],[2.3837553,43.2345377],[2.3832181,43.2332075],[2.3835442,43.2325296],[2.3829842,43.2315762],[2.3813335,43.2278859],[2.380383,43.2262448],[2.3793903,43.2257599],[2.3787688,43.2256932],[2.3766208,43.2258255],[2.373716,43.2254546],[2.3724836,43.225219],[2.3705847,43.2243332],[2.3691212,43.2239418],[2.3684711,43.223943],[2.3683954,43.2239977],[2.3685641,43.2242687],[2.3679553,43.224212],[2.3668109,43.2237903],[2.3653044,43.2228324],[2.3645902,43.2222175],[2.3631716,43.2206802],[2.3624278,43.219343],[2.3618305,43.2179478],[2.3615373,43.217684],[2.3611024,43.2159646],[2.359997,43.2126165],[2.3597422,43.21217],[2.3588266,43.2109642],[2.3583254,43.210497],[2.3556014,43.2074668],[2.3556841,43.2074065],[2.3551198,43.2069938],[2.3547023,43.2063402],[2.3534364,43.2054421],[2.3522354,43.2051766],[2.3501351,43.2050758],[2.347288,43.2058359],[2.3446973,43.2067014],[2.3414082,43.2075436],[2.3404353,43.2076189],[2.3389877,43.2074554],[2.3377382,43.2070865],[2.3365139,43.2064073],[2.3353888,43.2056023],[2.3350084,43.2051537],[2.3348254,43.2046362],[2.3342893,43.2039509],[2.3327395,43.2025746],[2.3317202,43.2024722],[2.3313358,43.202362],[2.3302494,43.2018073],[2.3300224,43.2014254],[2.3294895,43.200918],[2.328997,43.1983074],[2.3290346,43.1977244],[2.3297302,43.1971182],[2.3314703,43.1959454],[2.3318516,43.1955235],[2.3322329,43.1949227],[2.3324991,43.1942872],[2.3324978,43.193839],[2.3323929,43.1936061],[2.3320863,43.1932942],[2.3311452,43.1926163],[2.3302238,43.1920859],[2.3290107,43.1915613],[2.3282159,43.1917615],[2.3276706,43.1913253],[2.3267584,43.1910302],[2.3261825,43.1907337],[2.3246412,43.1891661],[2.3233503,43.1886831],[2.3224608,43.1885184],[2.3223562,43.1886103],[2.3218962,43.1883788],[2.3215117,43.1879703],[2.3213052,43.1872477],[2.3213543,43.1869487],[2.3216633,43.1863634],[2.3224833,43.1855052],[2.3224632,43.1853767],[2.3227587,43.184798],[2.322674,43.1840316],[2.3221536,43.1831871],[2.3217175,43.1827811],[2.3207787,43.1821231],[2.3191874,43.1815907],[2.3181196,43.1816608],[2.317625,43.1817509],[2.3139984,43.183057],[2.3136513,43.1832876],[2.3131991,43.1834363],[2.3123165,43.1834703],[2.3114154,43.1833527],[2.3103919,43.1830605],[2.3080921,43.1821973],[2.3078583,43.1820688],[2.3076681,43.1816056],[2.3070751,43.1809934],[2.3069482,43.1806828],[2.3069965,43.1805048],[2.3069043,43.1803403],[2.306912,43.1799693],[2.306948,43.1795568],[2.3072639,43.1789421],[2.3073793,43.1783879],[2.307364,43.1775152],[2.307048,43.1769636],[2.306488,43.17642],[2.3061247,43.1762741],[2.3059638,43.1759637],[2.3057607,43.1743722],[2.30551,43.173301],[2.3046798,43.1707391],[2.3044191,43.1703707],[2.3040761,43.1700734],[2.303386,43.1691328],[2.30273,43.1677003],[2.3027846,43.1668298],[2.3030455,43.1664646],[2.3034319,43.1661568],[2.3043928,43.1658495],[2.3046438,43.1656363],[2.3046337,43.1654424],[2.3055597,43.1649798],[2.3061766,43.1648255],[2.3065677,43.164464],[2.3071102,43.1636859],[2.3070779,43.163298],[2.3064709,43.1623642],[2.3058173,43.1615716],[2.3054341,43.1608101],[2.3053513,43.159983],[2.3053919,43.1594476],[2.3050189,43.1588085],[2.3037902,43.1579322],[2.3031591,43.1577049],[2.3025155,43.1575618],[2.3007116,43.1576225],[2.2998255,43.1575327],[2.299229,43.1573013],[2.2988129,43.1569066],[2.2980301,43.1553329],[2.2974895,43.1547518],[2.297095,43.1544879],[2.2955346,43.1539174],[2.2951632,43.1536578],[2.294446,43.1529027],[2.2938978,43.1519841],[2.2938385,43.1511848],[2.2945698,43.1492151],[2.2950698,43.1469921],[2.2955862,43.1460203],[2.2957916,43.1450941],[2.2964745,43.1437586],[2.2970591,43.1431201],[2.2976702,43.1426984],[2.298126,43.1425982],[2.2983527,43.1426498],[2.2995624,43.1438409],[2.3007386,43.1444955],[2.3009084,43.1447924],[2.3012797,43.1451409],[2.3016492,43.1453307],[2.3020708,43.1453835],[2.302513,43.1452171],[2.3030619,43.1451382],[2.3037548,43.1439155],[2.3038951,43.1437583],[2.3042833,43.1436443],[2.3043677,43.1433794],[2.3047922,43.1429406],[2.3048652,43.1426011],[2.3047296,43.1423468],[2.3046393,43.1416901],[2.3037439,43.1405634],[2.3032917,43.1398598],[2.3033828,43.1393653],[2.3032573,43.1385772],[2.3030741,43.1382153],[2.3029217,43.1380115],[2.3017495,43.137235],[2.3011525,43.1367333],[2.300336,43.1358426],[2.2998224,43.1348166],[2.2998132,43.1345511],[2.2999755,43.1342419],[2.300202,43.1340226],[2.3006971,43.1338109],[2.3016632,43.1337154],[2.3018359,43.1335733],[2.3024941,43.1333417],[2.3030716,43.1326832],[2.3042417,43.1305972],[2.3050186,43.1284554],[2.3051705,43.1279188],[2.305115,43.1265816],[2.304877,43.1255844],[2.3044725,43.1243278],[2.3039475,43.1233392],[2.3033495,43.1225569],[2.3026203,43.1221562],[2.3023616,43.1217412],[2.3004556,43.1201214],[2.2987282,43.1189742],[2.2976822,43.1184025],[2.2958964,43.1178281],[2.2935007,43.1178279],[2.2931843,43.117794],[2.2929182,43.1176523],[2.2903422,43.1178337],[2.2888139,43.1178155],[2.2858234,43.1175475],[2.2846851,43.1173663],[2.283011,43.1169468],[2.2788748,43.1154415],[2.2782387,43.1149849],[2.2751762,43.113432],[2.2742606,43.1127827],[2.2731424,43.1123225],[2.2716756,43.1114465],[2.2702279,43.1100085],[2.2697652,43.1092485],[2.269421,43.1088421],[2.2690542,43.1078106],[2.268426,43.1073097],[2.2681347,43.1069422],[2.2675809,43.1066574],[2.2672339,43.1062735],[2.2647565,43.104424],[2.2629928,43.1037063],[2.2625724,43.1037158],[2.261554,43.1035185],[2.261124,43.1035628],[2.2606406,43.103502],[2.2596253975999243,43.10297734428514],[2.2592246,43.1033037],[2.2593527,43.1035093],[2.2593183,43.1035747],[2.2589128,43.1037976],[2.258853,43.104117],[2.2584748,43.1043933],[2.2583783,43.1049667],[2.257972,43.1057225],[2.2579462,43.1060052],[2.2574972,43.1065804],[2.2569523,43.1070906],[2.2555185,43.1076838],[2.2548951,43.1078648],[2.2544915,43.1081382],[2.2541335,43.1081891],[2.2540319,43.1083482],[2.2540305,43.1086767],[2.2539051,43.108848],[2.2533787,43.1090317],[2.2531504,43.1093271],[2.2523314,43.1096963],[2.2522438,43.1098147],[2.2516807,43.1099173],[2.2515827,43.1100738],[2.2517719,43.110356],[2.251586,43.1104532],[2.2509442,43.1105285],[2.2506918,43.1107196],[2.2507047,43.1117833],[2.2505976,43.1122885],[2.2509491,43.1128866],[2.251002,43.1133936],[2.2507964,43.1136096],[2.2506002,43.1141711],[2.2506677,43.1143934],[2.2505767,43.1146591],[2.2506969,43.1149829],[2.2507489,43.1156535],[2.2505586,43.1160082],[2.2510242,43.116581],[2.2509407,43.1177363],[2.250846,43.1178799],[2.2508924,43.1185703],[2.2516383,43.1190781],[2.2519672,43.1196181],[2.2523612,43.1198878],[2.2522536,43.1202349],[2.25226,43.1208444],[2.2518921,43.1208639],[2.2512647,43.1206957]],[[2.1661548,43.2597123],[2.165809,43.2596671],[2.1650304,43.2597701],[2.1648579,43.2596099],[2.1646645,43.2596394],[2.164787,43.2594797],[2.1654535,43.2594584],[2.1656422,43.25931],[2.1664111,43.2590434],[2.1671294,43.2586801],[2.1676125,43.2587627],[2.1685641,43.2586674],[2.1694947,43.2587618],[2.1702277,43.2585993],[2.1704298,43.2591126],[2.1674431,43.2593015],[2.1669696,43.2594235],[2.1669591,43.2595313],[2.1667351,43.2595867],[2.1666336,43.2595271],[2.1661548,43.2597123]],[[2.147136,43.2597452],[2.1471818,43.2595334],[2.1475366,43.2593447],[2.1496657,43.2588527],[2.1499601,43.2588966],[2.1500049,43.2590987],[2.1498648,43.2592541],[2.1474196,43.2598864],[2.147136,43.2597452]],[[2.1560355,43.2653697],[2.1574082,43.2656926],[2.1580367,43.266062],[2.1579328,43.2661734],[2.1561733,43.2657762],[2.1560536,43.2656984],[2.1559671,43.2654532],[2.1560355,43.2653697]],[[2.2028041,43.274418],[2.202999,43.2743878],[2.203138,43.2744896],[2.203159,43.2754966],[2.2028614,43.2757572],[2.2017293,43.2757355],[2.2016135,43.2756574],[2.2015398,43.2754099],[2.2020647,43.2751766],[2.2028041,43.274418]],[[2.1278152,43.2838307],[2.1279198,43.2838873],[2.1270481,43.284438],[2.1266109,43.2848187],[2.1264982,43.2846078],[2.1278152,43.2838307]],[[2.1527279,43.2865557],[2.1530432,43.2868162],[2.1530427,43.2869535],[2.1527514,43.2872525],[2.1513714,43.2879075],[2.1511748,43.2879259],[2.1509902,43.2877946],[2.1508405,43.2873908],[2.1520888,43.2869998],[2.1527279,43.2865557]],[[2.1354152,43.2939573],[2.1355655,43.2942862],[2.1343283,43.2945543],[2.1341695,43.2942468],[2.134237,43.2941794],[2.1354152,43.2939573]],[[2.1943166,43.296391],[2.1936943,43.2972578],[2.1933832,43.2974686],[2.1931525,43.2974452],[2.193571,43.29684],[2.1940913,43.2962934],[2.1943166,43.296391]],[[2.1942958,43.2998356],[2.1939863,43.2998356],[2.1939175,43.2997689],[2.1942442,43.2992976],[2.1942729,43.2990723],[2.1941984,43.2989138],[2.1940322,43.2988179],[2.1936826,43.2988095],[2.1926624,43.2991724],[2.1924847,43.2991683],[2.192393,43.2990014],[2.1929719,43.2984175],[2.1939118,43.2981505],[2.1943416,43.2982965],[2.1953159,43.2991724],[2.1951154,43.2993977],[2.1946912,43.2995603],[2.1946167,43.2997188],[2.1942958,43.2998356]],[[2.1990778,43.310628],[2.1981122,43.310749],[2.1979727,43.310667],[2.1979244,43.3104875],[2.1982516,43.3100776],[2.1985735,43.3093203],[2.1995012,43.3104732],[2.1990778,43.310628]],[[2.2933184,43.1546739],[2.2938208,43.1543361],[2.2945149,43.1542979],[2.295711,43.154832],[2.2966511,43.1548304],[2.2969374,43.1552011],[2.2971716,43.1562117],[2.2975685,43.1562625],[2.2975757,43.1568136],[2.2979528,43.1573682],[2.2986234,43.1576547],[2.2986215,43.1579197],[2.2985019,43.1581358],[2.297797,43.1585401],[2.2973523,43.1586279],[2.2975118,43.1582132],[2.2964094,43.1576911],[2.2960428,43.1576142],[2.2957975,43.1572342],[2.295249,43.1567347],[2.2950597,43.1567103],[2.2949343,43.1564889],[2.2948923,43.1556771],[2.2946003,43.1556321],[2.2940341,43.1558397],[2.2935248,43.1561321],[2.2933347,43.1552337],[2.2933184,43.1546739]],[[2.2244798,43.1664065],[2.2246203,43.1665258],[2.2251449,43.1674825],[2.2248143,43.1674138],[2.2234954,43.1678121],[2.2232595,43.1677441],[2.2233005,43.1676231],[2.2235192,43.1674859],[2.2240539,43.1673278],[2.2242257,43.1668437],[2.2242265,43.1664683],[2.2244798,43.1664065]],[[2.2867504,43.1716605],[2.2868113,43.1715494],[2.2876632,43.1711815],[2.2882721,43.1712144],[2.2883433,43.1713529],[2.2882122,43.171529],[2.2869985,43.1719674],[2.2867504,43.1716605]],[[2.2907645,43.1795036],[2.2908109,43.1790713],[2.2916348,43.178293],[2.2920729,43.177665],[2.2925968,43.177342],[2.2934847,43.1770439],[2.2945527,43.1770497],[2.2953236,43.177307],[2.2956941,43.1771595],[2.296141,43.1767809],[2.2975574,43.1766862],[2.2984381,43.1763555],[2.2996103,43.1781449],[2.2995169,43.1782654],[2.2989391,43.1783823],[2.2986689,43.1787069],[2.2982198,43.1789673],[2.2962077,43.1793852],[2.2955679,43.1791494],[2.2950443,43.1795212],[2.294393,43.1797482],[2.293442,43.1802439],[2.2926641,43.1803729],[2.2918841,43.1804005],[2.2913451,43.1802425],[2.2909737,43.1796699],[2.2907645,43.1795036]],[[2.265969,43.1826727],[2.2655788,43.1828111],[2.265538,43.1827584],[2.2659201,43.1826229],[2.265969,43.1826727]],[[2.2653591,43.1828033],[2.265399,43.1828531],[2.2651292,43.1829429],[2.2650894,43.1828728],[2.2653591,43.1828033]],[[2.2649136,43.1829175],[2.2649378,43.1829694],[2.2645776,43.1830436],[2.2645548,43.1829912],[2.2649136,43.1829175]],[[2.2601485,43.1841737],[2.2605454,43.1840516],[2.2603201,43.1843817],[2.2601485,43.1841737]],[[2.259994,43.1843379],[2.2600927,43.1845523],[2.2599017,43.184618],[2.2597687,43.1844021],[2.259994,43.1843379]],[[2.3137863,43.1863885],[2.3138561,43.1862947],[2.314414,43.1861773],[2.3146661,43.1866389],[2.3143818,43.1866428],[2.3137863,43.1863885]],[[2.311147,43.1862282],[2.3112489,43.1864081],[2.3110505,43.1869479],[2.3115279,43.187472],[2.3113026,43.1877692],[2.3104228,43.1875815],[2.3093446,43.1865293],[2.3094572,43.1864159],[2.309645,43.1863964],[2.3099132,43.1858448],[2.311147,43.1862282]],[[2.3125525,43.1866389],[2.312633,43.1869361],[2.3129334,43.1866349],[2.3131694,43.1866232],[2.3134376,43.1864707],[2.3132284,43.1869439],[2.3134644,43.1870339],[2.3133357,43.1872256],[2.313266,43.1875698],[2.3128368,43.1875463],[2.3127832,43.1877027],[2.3126759,43.1877145],[2.3126115,43.1874133],[2.3119946,43.1872725],[2.3120161,43.1871082],[2.3117264,43.1868422],[2.311721,43.1864159],[2.3119975,43.1863197],[2.3122575,43.1860091],[2.3131211,43.1863259],[2.3125525,43.1866389]],[[2.3153474,43.1882425],[2.3151167,43.1884263],[2.3140331,43.1882347],[2.3139985,43.1881541],[2.3141189,43.1881095],[2.3141135,43.1878435],[2.314253,43.187777],[2.3143549,43.1872803],[2.3149236,43.187116],[2.3153474,43.1882425]],[[2.3295472,43.1945895],[2.3295359,43.1945197],[2.3300509,43.1946175],[2.3300026,43.1949538],[2.3296056,43.1949773],[2.3294608,43.1946175],[2.3295472,43.1945895]],[[2.330185,43.1946605],[2.3312579,43.1948521],[2.331194,43.1949337],[2.3301796,43.1949069],[2.330185,43.1946605]],[[2.2100622,43.1966172],[2.2099801,43.1966545],[2.2099287,43.1965938],[2.2100108,43.1965565],[2.2100622,43.1966172]],[[2.313252,43.2012307],[2.3133377,43.2012106],[2.3143805,43.2017703],[2.3142734,43.2018329],[2.313252,43.2012307]],[[2.2711408,43.2042377],[2.2699446,43.2041204],[2.2697228,43.2038309],[2.2701304,43.2035376],[2.2704201,43.203565],[2.2711175,43.2039013],[2.2713286,43.2041478],[2.2711408,43.2042377]],[[2.3096521,43.2044606],[2.3096017,43.2042673],[2.3098968,43.2042237],[2.3099491,43.2044034],[2.309809,43.2045641],[2.3096521,43.2044606]],[[2.2239018,43.2057924],[2.2240432,43.2057835],[2.2240881,43.2061027],[2.2239544,43.2061055],[2.2239018,43.2057924]],[[2.2043135,43.2083548],[2.2043003,43.2080934],[2.2046089,43.2080862],[2.2046203,43.2083463],[2.2043135,43.2083548]],[[2.2044745,43.2084125],[2.2046008,43.2084598],[2.2044413,43.2084971],[2.2044745,43.2084125]],[[2.205034,43.2092167],[2.2049221,43.2086841],[2.2054406,43.208708],[2.2055773,43.2089181],[2.2055476,43.2091839],[2.205034,43.2092167]],[[2.2044461,43.2087577],[2.2048064,43.2087081],[2.2048844,43.2092398],[2.2038404,43.2094162],[2.2037697,43.2093686],[2.2044461,43.2087577]],[[2.2061261,43.2093972],[2.2061558,43.2095139],[2.2058583,43.2095933],[2.2053355,43.2094257],[2.2060064,43.2093385],[2.2060076,43.2094275],[2.2061261,43.2093972]],[[2.2057213,43.2100615],[2.2054549,43.2099378],[2.2053864,43.2095522],[2.2060572,43.209614],[2.2061988,43.2095137],[2.2061769,43.2093023],[2.2065736,43.2092507],[2.2065616,43.2098849],[2.2057213,43.2100615]],[[2.292939,43.2103531],[2.2920118,43.2107094],[2.2901487,43.2107525],[2.2900406,43.2106919],[2.2899944,43.2105407],[2.2900394,43.2104783],[2.2913487,43.2102781],[2.2918995,43.2106366],[2.2919655,43.210613],[2.2919482,43.2105248],[2.2917691,43.2102299],[2.293104,43.209848],[2.2932065,43.2100509],[2.292939,43.2103531]],[[2.2298497,43.2121224],[2.2296529,43.2127146],[2.2288657,43.212633],[2.2290513,43.2120069],[2.2298497,43.2121224]],[[2.2304942,43.2127994],[2.2298457,43.212747],[2.2300272,43.2121462],[2.2308728,43.2121943],[2.2304942,43.2127994]],[[2.2306679,43.2128204],[2.2310622,43.2121871],[2.2319925,43.2122583],[2.2318612,43.2125655],[2.2313276,43.2129039],[2.2306679,43.2128204]],[[2.2288433,43.2128471],[2.229479,43.2129135],[2.2292268,43.2133514],[2.2287677,43.2136448],[2.2288433,43.2128471]],[[2.3241798,43.2132922],[2.3244204,43.2132481],[2.3244622,43.2133847],[2.324223,43.2134288],[2.3241798,43.2132922]],[[2.2292536,43.2133768],[2.2295447,43.2129111],[2.2301964,43.2129854],[2.230179,43.213239],[2.2299792,43.2135792],[2.2288225,43.2141881],[2.2287011,43.2141627],[2.2286971,43.2138059],[2.2292536,43.2133768]],[[2.2302809,43.2132439],[2.2302856,43.2129893],[2.230981,43.2130499],[2.2305894,43.2135689],[2.229306,43.2143308],[2.2289422,43.2142658],[2.2289211,43.2142154],[2.2300342,43.2136427],[2.2302809,43.2132439]],[[2.3171935,43.21348],[2.3175088,43.214159],[2.3167936,43.2140938],[2.316803,43.2140115],[2.3165959,43.2139772],[2.3169253,43.213552],[2.3171935,43.21348]],[[2.2286374,43.2143726],[2.2290637,43.2144691],[2.2288978,43.2145843],[2.2286361,43.2144802],[2.2286374,43.2143726]],[[2.301208,43.2292589],[2.306968,43.2271842],[2.3084596,43.2264525],[2.3092317,43.2264122],[2.3113185,43.2266467],[2.311812,43.2265627],[2.3129225,43.2260877],[2.3134321,43.225949],[2.3161465,43.2258845],[2.3168733,43.226078],[2.3173347,43.2268187],[2.3177263,43.2269946],[2.3206284,43.2271744],[2.3217201,43.2271353],[2.322793,43.2268715],[2.3237639,43.2263438],[2.3244211,43.2256754],[2.3247671,43.2251086],[2.3249092,43.2237111],[2.3252955,43.2229997],[2.3256871,43.2225945],[2.3290693,43.2200931],[2.3303406,43.2186781],[2.3308637,43.2182246],[2.3313626,43.2179119],[2.3322237,43.2175692],[2.3370638,43.2159584],[2.3372945,43.2159481],[2.337517,43.2157942],[2.3415927,43.2144535],[2.3425959,43.214317],[2.3450447,43.2143341],[2.3453963,43.2142642],[2.3463899,43.2143401],[2.3470765,43.2147334],[2.3482486,43.2164404],[2.3483268,43.2166906],[2.3487985,43.2170966],[2.3495748,43.2172561],[2.3497466,43.2171421],[2.3510949,43.2172157],[2.3512701,43.2174006],[2.351811,43.2174846],[2.351361,43.2174364],[2.351077,43.2176389],[2.3496805,43.217566],[2.3495884,43.2174354],[2.3486831,43.2172411],[2.3482356,43.2168542],[2.3481601,43.2166154],[2.3478879,43.2163486],[2.346874,43.2148326],[2.3462692,43.2144955],[2.3450285,43.2144049],[2.3423116,43.2144954],[2.3416705,43.2146119],[2.3377129,43.2159342],[2.337517,43.215934],[2.3371939,43.2161091],[2.3319258,43.2178493],[2.3312553,43.2181855],[2.3307993,43.2185119],[2.3294877,43.2199504],[2.3257918,43.2227748],[2.3255223,43.2230507],[2.3252553,43.2234746],[2.3251211,43.2238929],[2.3250165,43.2250675],[2.3245781,43.2258534],[2.3239988,43.2264363],[2.3236361,43.2266876],[2.3227259,43.2270992],[2.3217774,43.2273217],[2.3210536,43.2273754],[2.3177653,43.2271668],[2.3172194,43.2269789],[2.3166936,43.2262363],[2.3159668,43.2260819],[2.313483,43.2261737],[2.3131385,43.2262541],[2.312386,43.2266057],[2.3115197,43.226846],[2.3087543,43.2266291],[2.3083278,43.2267503],[2.3063215,43.2276454],[2.301491,43.2293957],[2.3011034,43.2294193],[2.301208,43.2292589]],[[2.3011034,43.2294193],[2.3007113,43.2295604],[2.3009023,43.2294377],[2.3011034,43.2294193]],[[2.2336009,43.2208117],[2.2335567,43.2204117],[2.2334604,43.2202492],[2.2337522,43.2200753],[2.2340012,43.220053],[2.234309,43.2203448],[2.2344147,43.2206373],[2.2342299,43.220772],[2.233685,43.2208663],[2.2336009,43.2208117]],[[2.340049,43.2309068],[2.3402839,43.2307749],[2.3414377,43.2316597],[2.3420554,43.2317827],[2.3456596,43.2328818],[2.3457212,43.2327804],[2.3472773,43.2328982],[2.3478885,43.2330252],[2.3485501,43.2329655],[2.3493663,43.2327147],[2.3502359,43.2327117],[2.3514193,43.2333925],[2.3531162,43.2336516],[2.3538656,43.233848],[2.3540146,43.2339659],[2.3541937,43.2343242],[2.3548542,43.2345484],[2.3553549,43.2345622],[2.3561648,43.234348],[2.3575503,43.2335105],[2.3579867,43.2334687],[2.3583088,43.2335456],[2.3587581,43.2338106],[2.3591948,43.2342237],[2.3594793,43.2347239],[2.3592694,43.2357304],[2.3593704,43.2362437],[2.3596465,43.2365531],[2.3607886,43.2369799],[2.3614974,43.2374634],[2.3620133,43.2381494],[2.3619804,43.2386602],[2.3621174,43.238932],[2.3632222,43.2392873],[2.3639028,43.2396635],[2.3662788,43.2402937],[2.3680528,43.2403225],[2.3698241,43.2399812],[2.3709281,43.2396656],[2.3721834,43.2389192],[2.3729876,43.2377685],[2.3733473,43.2379459],[2.3730292,43.2381551],[2.3722081,43.2391297],[2.370846,43.2399173],[2.3680922,43.240523],[2.3661015,43.240423],[2.3649441,43.2401283],[2.3638742,43.2399786],[2.3637989,43.2401559],[2.3638942,43.2404501],[2.364218,43.2407206],[2.3644176,43.24079],[2.3699244,43.2418057],[2.3703576,43.2418284],[2.3718585,43.2415943],[2.3724815,43.2414139],[2.374303,43.2398006],[2.3746206,43.2396978],[2.3749514,43.2397841],[2.3755194,43.240134],[2.3766501,43.2411844],[2.3769184,43.2413184],[2.3775798,43.2411866],[2.3786737,43.2407683],[2.3790921,43.2408819],[2.3792244,43.2408468],[2.379083,43.2409108],[2.3786982,43.2408178],[2.3772154,43.2413843],[2.3768493,43.2414277],[2.3763552,43.2411577],[2.3759953,43.2407211],[2.3754943,43.2402912],[2.3749755,43.2399436],[2.374583,43.2398209],[2.3743999,43.2398935],[2.3733188,43.2407638],[2.3724669,43.2415384],[2.371926,43.241688],[2.370203,43.241928],[2.364383,43.2408984],[2.363828,43.2405474],[2.3635885,43.2401141],[2.3636455,43.2399347],[2.3616647,43.238903],[2.361594,43.2386787],[2.3617167,43.2381774],[2.3610216,43.237354],[2.360735,43.2371483],[2.3597337,43.2367712],[2.3592109,43.2364655],[2.3589315,43.2357736],[2.3589427,43.2354248],[2.3591061,43.235191],[2.3591644,43.2349446],[2.3591541,43.2345054],[2.3586498,43.2339754],[2.3583258,43.2337671],[2.357982,43.2336593],[2.3576397,43.2336781],[2.3561905,43.234519],[2.3552818,43.2347926],[2.3547377,43.2347929],[2.3541478,43.2345793],[2.3538063,43.2341168],[2.3535905,43.2339754],[2.3512303,43.2334976],[2.3501032,43.2329044],[2.3495771,43.2329003],[2.3486879,43.2331553],[2.3482183,43.2332007],[2.3456045,43.2330404],[2.3433555,43.232463],[2.3412069,43.2317977],[2.340049,43.2309068]],[[2.3460478,43.232234],[2.3457841,43.2325656],[2.3456032,43.2325308],[2.3458543,43.2320667],[2.3463167,43.2320228],[2.3465607,43.2320945],[2.3470906,43.2326985],[2.3469437,43.2327099],[2.3462117,43.232169],[2.3460478,43.232234]],[[2.2884795,43.2371418],[2.2883112,43.2371266],[2.2882837,43.2370109],[2.2950482,43.2314309],[2.2960165,43.2309892],[2.3003363,43.2295647],[2.3005494,43.2295127],[2.3007497,43.2295769],[2.3005817,43.229726],[2.2999417,43.229966],[2.2961157,43.2311514],[2.2951072,43.2316439],[2.2884795,43.2371418]],[[2.2453619,43.2346766],[2.2455318,43.2346865],[2.2457596,43.2348366],[2.2453619,43.2346766]],[[2.2357661,43.2358453],[2.2361872,43.2360446],[2.2362918,43.2362302],[2.2353785,43.2358384],[2.2357661,43.2358453]],[[2.2883479,43.237136],[2.2882208,43.2372749],[2.288021,43.2373695],[2.2881254,43.2372082],[2.2883479,43.237136]],[[2.2861126,43.2388557],[2.286075,43.2387746],[2.2862667,43.2385858],[2.2876721,43.2374242],[2.2878104,43.2373482],[2.2880584,43.2373765],[2.2880141,43.2374134],[2.2880892,43.2375277],[2.2862975,43.2389034],[2.2860496,43.2389067],[2.2861126,43.2388557]],[[2.3424926,43.2386336],[2.3428366,43.2385507],[2.3428831,43.2386459],[2.3427174,43.2386838],[2.3427587,43.2387707],[2.3425576,43.2388134],[2.3424926,43.2386336]],[[2.2503104,43.2355133],[2.2491544,43.2355114],[2.2468131,43.2352024],[2.2458633,43.2349369],[2.2457597,43.2348111],[2.2459542,43.2347788],[2.2476819,43.2351675],[2.2497069,43.2353648],[2.2503936,43.2353238],[2.2517213,43.2350834],[2.2524374,43.2351538],[2.2527593,43.2353355],[2.2529578,43.2356521],[2.2530141,43.2359276],[2.2529766,43.2366008],[2.2526384,43.2371372],[2.2513243,43.2386359],[2.2511956,43.2391811],[2.2512412,43.2393433],[2.251555,43.2395914],[2.25277,43.2395797],[2.2535801,43.2398474],[2.2539353,43.2401657],[2.2541326,43.2407814],[2.2540763,43.241094],[2.2539743,43.2411995],[2.2524669,43.2418248],[2.2523114,43.2420671],[2.2524267,43.2422488],[2.2538617,43.2422058],[2.2541004,43.2422449],[2.2546985,43.2426337],[2.2550767,43.2427861],[2.2568899,43.2428584],[2.2576221,43.2427802],[2.2595721,43.24228],[2.2614362,43.2415727],[2.2622811,43.2415669],[2.2639012,43.2420885],[2.2640794,43.2422075],[2.2654688,43.2424342],[2.2665137,43.242749],[2.2668421,43.2430692],[2.2668931,43.2433564],[2.2660106,43.2443939],[2.2660696,43.2446225],[2.2662627,43.2447026],[2.2687882,43.2445367],[2.2699737,43.2447067],[2.2706094,43.2447165],[2.2723299,43.2443001],[2.2756612,43.2440344],[2.2796377,43.2426454],[2.2809639,43.2418011],[2.28396,43.2404588],[2.2852608,43.2394368],[2.2855231,43.239414],[2.2853976,43.2396342],[2.284078,43.2406366],[2.2812804,43.2418656],[2.2796631,43.2428269],[2.2761762,43.2440852],[2.2751075,43.2443081],[2.2731614,43.2443724],[2.2723567,43.2444779],[2.270647,43.2448767],[2.2682073,43.2447065],[2.2660589,43.2449214],[2.2656753,43.2447475],[2.2656539,43.2445756],[2.2658497,43.2442513],[2.2666302,43.2433916],[2.2666624,43.2432186],[2.2665471,43.2430457],[2.2659302,43.2427223],[2.2641117,43.2423381],[2.2621604,43.2417251],[2.261388,43.241772],[2.2594273,43.242493],[2.2578689,43.2428955],[2.2570937,43.2430069],[2.2562489,43.2430264],[2.2549051,43.2429092],[2.2538295,43.242368],[2.2525447,43.2424539],[2.2522229,43.2423973],[2.2520485,43.2420768],[2.2521478,43.2418189],[2.2525233,43.2415669],[2.2536954,43.2411155],[2.2539019,43.2407911],[2.2536993,43.2402517],[2.2533345,43.2399429],[2.2526237,43.2397671],[2.2515013,43.2397985],[2.2511419,43.2396461],[2.2510078,43.2394175],[2.2509729,43.238886],[2.2511446,43.238503],[2.2523865,43.2370864],[2.2528707,43.2364181],[2.2527057,43.235654],[2.252534,43.2354098],[2.2521799,43.2352691],[2.2517186,43.2352573],[2.2503104,43.2355133]],[[2.2857831,43.2391626],[2.2858818,43.2390157],[2.2861118,43.2389379],[2.2857831,43.2391626]],[[2.2095453,43.2390221],[2.2083701,43.2392339],[2.2083139,43.2388574],[2.2092762,43.2389342],[2.2095453,43.2390221]],[[2.2856539,43.2391977],[2.2858209,43.2391734],[2.2854695,43.2393764],[2.2856539,43.2391977]],[[2.2510262,43.249263],[2.2505686,43.2490181],[2.2507136,43.2490127],[2.2508887,43.2491775],[2.2511042,43.2492416],[2.2511645,43.2494077],[2.2511058,43.2494333],[2.2510262,43.249263]],[[2.3091626,43.25534],[2.3083267,43.2555599],[2.3073548,43.255168],[2.3075452,43.2548238],[2.3076451,43.2547731],[2.309698,43.2553414],[2.3091626,43.25534]],[[2.2715248,43.2593079],[2.2715093,43.2593571],[2.2714459,43.2592928],[2.2715248,43.2593079]],[[2.2712775,43.2593127],[2.2713764,43.2593484],[2.2713402,43.2594113],[2.2712363,43.2593856],[2.2712775,43.2593127]],[[2.2714361,43.2594852],[2.2714705,43.2594885],[2.27143,43.2595051],[2.2714361,43.2594852]],[[2.3057608,43.2677125],[2.3064665,43.2674065],[2.3068774,43.2682623],[2.306394,43.2684055],[2.306155,43.268243],[2.3057608,43.2677125]],[[2.2478945,43.26814],[2.2484805,43.267907],[2.2492219,43.2678952],[2.2491468,43.2686677],[2.2488424,43.2688367],[2.2487485,43.2689835],[2.2483618,43.2689148],[2.2478834,43.2682437],[2.2478945,43.26814]],[[2.2477909,43.2782902],[2.2473724,43.2790429],[2.2470128,43.2790426],[2.2477661,43.2777014],[2.2479298,43.2777438],[2.2477909,43.2782902]],[[2.2222064,43.280128],[2.2221824,43.2799897],[2.222308,43.2801103],[2.2222064,43.280128]],[[2.2216755,43.2803433],[2.2217095,43.2801503],[2.2220098,43.2799916],[2.2220541,43.2800941],[2.2218061,43.2802372],[2.2217584,43.2803935],[2.2216755,43.2803433]],[[2.2338722,43.2816503],[2.2335151,43.2813597],[2.2337919,43.281168],[2.234312,43.2815875],[2.2338722,43.2816503]],[[2.2458089,43.2818282],[2.2454556,43.2812208],[2.2455103,43.2810649],[2.245892,43.2808927],[2.2462098,43.2809759],[2.2465091,43.2811885],[2.2466674,43.2816464],[2.2463535,43.2820277],[2.2458089,43.2818282]],[[2.2519601,43.283385],[2.2520103,43.2832318],[2.2521852,43.2831131],[2.2534985,43.2831657],[2.2534533,43.2833205],[2.2523804,43.2836105],[2.2521139,43.2835681],[2.2519601,43.283385]],[[2.2123103,43.2878335],[2.2121619,43.2877477],[2.2123306,43.2876856],[2.212418,43.2877433],[2.2123103,43.2878335]],[[2.2334754,43.2905764],[2.2332984,43.2908459],[2.232483,43.2908459],[2.2318983,43.2913574],[2.2318232,43.2910997],[2.231673,43.2912949],[2.2309864,43.2911348],[2.2309542,43.2907053],[2.2320861,43.2894987],[2.2323328,43.2895651],[2.2321182,43.2901352],[2.232247,43.2902484],[2.2326386,43.2902367],[2.2329068,43.2900298],[2.2328746,43.2897447],[2.2329444,43.2896588],[2.2333574,43.2896901],[2.2334593,43.2896002],[2.2335237,43.2893621],[2.2337866,43.2891824],[2.2346932,43.2888154],[2.2349936,43.2892449],[2.2349614,43.2894636],[2.2353262,43.2903539],[2.235133,43.290596],[2.2346449,43.2904593],[2.2341353,43.2905686],[2.2336364,43.29051],[2.2334754,43.2905764]],[[2.2353153,43.2912305],[2.2350251,43.2912124],[2.2354391,43.2910012],[2.2358426,43.2909188],[2.2359736,43.2910424],[2.2359665,43.2911635],[2.2352551,43.2913773],[2.2353153,43.2912305]],[[2.2338476,43.292613],[2.2337025,43.2923168],[2.2341838,43.292394],[2.2340918,43.2925254],[2.2338476,43.292613]],[[2.2169907,43.3028112],[2.2168002,43.3027672],[2.2169182,43.3026368],[2.2170208,43.3027061],[2.2169907,43.3028112]],[[2.215616,43.3034176],[2.2157458,43.3032159],[2.2156466,43.3034253],[2.215616,43.3034176]],[[2.217553,43.3060359],[2.2176627,43.3060276],[2.2177042,43.3063172],[2.2175946,43.3063255],[2.217553,43.3060359]],[[2.273348,43.306781],[2.2731534,43.3065523],[2.2727075,43.3063633],[2.2724411,43.3063434],[2.2721904,43.3064039],[2.2718732,43.3066842],[2.2712009,43.307073],[2.2695865,43.3074301],[2.2694746,43.3073821],[2.2697028,43.3070805],[2.2713388,43.3064098],[2.2719937,43.3059512],[2.2723621,43.3058282],[2.2726849,43.3058162],[2.2740744,43.3062823],[2.27487,43.3063836],[2.2749903,43.3065305],[2.2749961,43.3073853],[2.2745226,43.3077283],[2.2742611,43.3081918],[2.2739607,43.3081489],[2.2737917,43.3077653],[2.2734202,43.3075526],[2.2732466,43.3077594],[2.2726557,43.3078295],[2.2724937,43.3077307],[2.2732512,43.3070488],[2.273348,43.306781]],[[2.2637916,43.3142111],[2.2638926,43.3141573],[2.2644467,43.314369],[2.2642196,43.3147756],[2.2639466,43.3147057],[2.263712,43.314542],[2.2638542,43.3143567],[2.2637916,43.3142111]],[[2.2216673,43.3272191],[2.2225685,43.3271449],[2.2229172,43.3272015],[2.2229655,43.3272717],[2.2227429,43.3277517],[2.2226088,43.3277537],[2.2216727,43.3273166],[2.2216673,43.3272191]],[[2.4494528,43.2062805],[2.449618,43.205762],[2.449805,43.205506],[2.450143,43.205247],[2.451548,43.204637],[2.453082,43.204346],[2.45405,43.203964],[2.455515,43.203065],[2.45728,43.201688],[2.460279,43.199602],[2.461952,43.198779],[2.462093,43.198795],[2.462284,43.198671],[2.463382,43.198325],[2.464671,43.198002],[2.465278,43.197929],[2.467411,43.19797],[2.468421,43.197901],[2.471207,43.197527],[2.473382,43.197125],[2.479928,43.195534],[2.481114,43.194785],[2.482121,43.194436],[2.487075,43.194506],[2.48892,43.194165],[2.489895,43.193849],[2.490353,43.193783],[2.491016,43.193859],[2.492121,43.194239],[2.492771,43.194574],[2.4931087,43.1950499],[2.4933068,43.1951633],[2.494911,43.19491],[2.497157,43.195155],[2.498319,43.195171],[2.499868,43.194814],[2.500428,43.194796],[2.502464,43.195092],[2.504554,43.19569],[2.504998,43.195844],[2.505464,43.19618],[2.50799,43.19873],[2.508275,43.198848],[2.509506,43.199016],[2.510383,43.199287],[2.514301,43.201668],[2.514994,43.201939],[2.516844,43.202382],[2.517502,43.202437],[2.51848,43.202374],[2.5209073,43.2018766],[2.5229498,43.2018736],[2.5239207,43.201598],[2.5253611,43.201422],[2.5266781,43.2011209],[2.5283491,43.2013653],[2.5306909,43.201074],[2.5319515,43.2011052],[2.5322948,43.2011699],[2.5328418,43.2017172],[2.5333219,43.2019323],[2.5337242,43.2019558],[2.5349098,43.2017485],[2.5351967,43.2017915],[2.5383591,43.2027241],[2.538836,43.2031063],[2.5389357,43.203295],[2.5389468,43.2035551],[2.5390779,43.2036323],[2.5392981,43.2040497],[2.5395366,43.2042394],[2.5400733,43.2044349],[2.5408538,43.2045678],[2.5443165,43.2046594],[2.5478409,43.2049764],[2.549468,43.2055538],[2.5493052,43.2056441],[2.5480955,43.2052521],[2.5474252,43.2051192],[2.5447564,43.2048552],[2.5414624,43.2048083],[2.5403305,43.2047066],[2.5392683,43.2043567],[2.5389294,43.2039549],[2.5387966,43.20343],[2.5383242,43.2029724],[2.5378065,43.2027183],[2.5359102,43.2022373],[2.5351485,43.2019675],[2.5331985,43.2021004],[2.5325548,43.2017915],[2.5323136,43.2014318],[2.532139,43.2013379],[2.5316189,43.2012597],[2.5303154,43.2012734],[2.5284376,43.2015295],[2.5265305,43.2012988],[2.5252431,43.2016214],[2.5239154,43.2017407],[2.5229417,43.2020711],[2.5209623,43.2020281],[2.5185701,43.2025648],[2.5170162,43.2026071],[2.514956,43.202107],[2.514401,43.201894],[2.5102215,43.1994325],[2.5078981,43.1989074],[2.5075156,43.1986333],[2.505205,43.1962839],[2.5047607,43.1959872],[2.503278,43.1955985],[2.5020432,43.1951723],[2.5001327,43.1949724],[2.499426,43.195039],[2.498589,43.195265],[2.49813,43.195308],[2.497134,43.195286],[2.4952086,43.1950518],[2.494361,43.195134],[2.493473,43.195396],[2.493152,43.195399],[2.4929327,43.1952778],[2.492659,43.194801],[2.492343,43.194565],[2.491058,43.194075],[2.490135,43.19399],[2.488841,43.194377],[2.487183,43.194705],[2.48198,43.194646],[2.4812977,43.1948505],[2.47995,43.195721],[2.473172,43.197358],[2.471207,43.197732],[2.468178,43.198135],[2.464952,43.198136],[2.462202,43.198874],[2.46217,43.198822],[2.460026,43.199988],[2.454898,43.203655],[2.453164,43.204531],[2.452399,43.204597],[2.451048,43.204989],[2.450046,43.205561],[2.4496028,43.2062435],[2.4494528,43.2062805]],[[2.4495223,43.2062984],[2.4493448,43.2065917],[2.449341,43.2064688],[2.4495223,43.2062984]],[[2.4492418,43.2068819],[2.4491683,43.2068663],[2.4493061,43.20657],[2.4493713,43.2066134],[2.4492418,43.2068819]],[[2.4490602,43.2071879],[2.4490663,43.207034],[2.4492417,43.2068829],[2.4490602,43.2071879]],[[2.4451764,43.209995],[2.4442332,43.210177],[2.4439993,43.2100271],[2.4440553,43.2099846],[2.443672,43.209985],[2.443393,43.210107],[2.443259,43.2102819],[2.44315,43.210836],[2.442202,43.211802],[2.441773,43.2127],[2.440672,43.214442],[2.4403005,43.2147011],[2.4398576,43.2147369],[2.438999,43.214542],[2.438533,43.214535],[2.435705,43.214865],[2.4348516,43.2145478],[2.434139,43.214116],[2.433249,43.214003],[2.432297,43.214035],[2.431386,43.214251],[2.430568,43.214739],[2.429491,43.21522],[2.427605,43.215778],[2.426098,43.216048],[2.423158,43.216187],[2.422597,43.216336],[2.422386,43.216521],[2.420092,43.219603],[2.419043,43.22074],[2.417297,43.221818],[2.4144652,43.2239535],[2.4137517,43.2246043],[2.4130409,43.2257066],[2.4126144,43.2265255],[2.412247,43.2280167],[2.412255,43.2285268],[2.412373,43.228904],[2.4125608,43.2291287],[2.4133266,43.2295323],[2.4134049,43.2296681],[2.4132072,43.2296701],[2.4125466,43.2293686],[2.4121719,43.2289626],[2.4119787,43.228302],[2.4121048,43.2271431],[2.4123945,43.2263105],[2.4135666,43.2244108],[2.4140923,43.2239339],[2.416757,43.221946],[2.418874,43.22067],[2.420008,43.21944],[2.422378,43.216265],[2.422983,43.216031],[2.425555,43.215927],[2.427433,43.215646],[2.429454,43.215048],[2.430361,43.214651],[2.431208,43.214119],[2.432185,43.213873],[2.433185,43.213831],[2.433924,43.213909],[2.4344543,43.2140593],[2.435378,43.214598],[2.435863,43.214681],[2.438535,43.214372],[2.438939,43.214393],[2.439581,43.214558],[2.440237,43.214526],[2.440433,43.214396],[2.441366,43.212976],[2.4420168,43.2117273],[2.442967,43.210752],[2.4431259,43.2100418],[2.443683,43.2098366],[2.445206,43.209719],[2.446457,43.20919],[2.4486019,43.2078657],[2.4488558,43.2073246],[2.4490299,43.2071628],[2.4490594,43.2071895],[2.4491028,43.2071875],[2.449132,43.207298],[2.4489182,43.2077761],[2.448583,43.208091],[2.446725,43.209247],[2.445755,43.209707],[2.445124,43.2099021],[2.4451764,43.209995]],[[2.46018,43.209376],[2.46012,43.209344],[2.4602,43.209357],[2.46018,43.209376]],[[2.352436,43.2105056],[2.3524805,43.2103641],[2.3525863,43.2103659],[2.3526124,43.2105093],[2.352436,43.2105056]],[[2.4435025,43.2110472],[2.4435615,43.2110532],[2.4434999,43.2110785],[2.4435025,43.2110472]],[[2.4533439,43.2111293],[2.453285,43.2110596],[2.4533875,43.2110116],[2.4534633,43.211092],[2.4533439,43.2111293]],[[2.4475089,43.2140535],[2.4475679,43.2140595],[2.4475063,43.2140848],[2.4475089,43.2140535]],[[2.440102,43.215032],[2.440215,43.215032],[2.440221,43.215094],[2.440146,43.215121],[2.440102,43.215032]],[[2.417265,43.221183],[2.417464,43.221344],[2.417297,43.221461],[2.417147,43.221257],[2.417265,43.221183]],[[2.3530817,43.2176268],[2.3534116,43.2178749],[2.3535641,43.2182205],[2.3562235,43.2218016],[2.3568449,43.2222928],[2.3624894,43.2239691],[2.3634648,43.2240649],[2.366104,43.2239453],[2.3671431,43.2241369],[2.3677851,43.2244619],[2.3681761,43.2248407],[2.3684435,43.2253875],[2.3687909,43.2267017],[2.3690072,43.2270455],[2.3693322,43.2273266],[2.3697635,43.2275357],[2.3703261,43.2276794],[2.3731927,43.228034],[2.3741337,43.2284484],[2.3749709,43.2292192],[2.375141,43.2294993],[2.3753143,43.2300839],[2.375256,43.2307015],[2.3747225,43.2317615],[2.3746428,43.2318391],[2.374559,43.2317278],[2.375072,43.2303467],[2.3750052,43.2298144],[2.3749316,43.2295558],[2.3745573,43.2290143],[2.3739831,43.2285558],[2.3731563,43.2281776],[2.3700352,43.2277904],[2.3691983,43.2274488],[2.3688178,43.2271253],[2.3685725,43.2267531],[2.368133,43.2251417],[2.367664,43.2246058],[2.3670261,43.2242711],[2.366077,43.2241033],[2.3634599,43.2242047],[2.362451,43.2241083],[2.3592495,43.22322],[2.3567727,43.2224281],[2.3563139,43.2221767],[2.3560864,43.2219408],[2.3534337,43.2181897],[2.3528855,43.2177421],[2.3517956,43.2174576],[2.3520406,43.2173861],[2.3524954,43.2174202],[2.3530817,43.2176268]],[[2.3715452,43.2250109],[2.3718353,43.2251106],[2.371894,43.2252376],[2.3717333,43.2253332],[2.3714159,43.2252434],[2.3713363,43.2251407],[2.3713934,43.2250418],[2.3715452,43.2250109]],[[2.3716497,43.2253975],[2.3717084,43.2255244],[2.3715477,43.22562],[2.3712303,43.2255302],[2.3711507,43.2254275],[2.3712439,43.2253101],[2.3716497,43.2253975]],[[2.3728206,43.2255064],[2.3727311,43.2256206],[2.372458,43.2255523],[2.3725162,43.2253975],[2.3727362,43.2253901],[2.3728206,43.2255064]],[[2.3733061,43.2255963],[2.3732165,43.2257105],[2.3729434,43.2256422],[2.3730017,43.2254875],[2.3732217,43.22548],[2.3733061,43.2255963]],[[2.3725133,43.2256495],[2.3725103,43.225781],[2.3723563,43.2258497],[2.3721943,43.2257917],[2.3721978,43.2256312],[2.3724084,43.2255841],[2.3725133,43.2256495]],[[2.3734032,43.2258473],[2.3733837,43.2259468],[2.3732297,43.2260155],[2.3730676,43.2259575],[2.3730712,43.225797],[2.3732818,43.2257499],[2.3734032,43.2258473]],[[2.4137715,43.2298436],[2.4133684,43.2296805],[2.4136042,43.2297052],[2.4137715,43.2298436]],[[2.4137783,43.2298154],[2.4145081,43.2300629],[2.415703,43.2307141],[2.415927,43.2315344],[2.4158063,43.2324373],[2.4154093,43.2333557],[2.4136431,43.2354848],[2.413461,43.2354759],[2.4135079,43.2354251],[2.4134369,43.2353753],[2.4152296,43.2332014],[2.4155246,43.2325506],[2.4156829,43.2315657],[2.4155944,43.2311338],[2.4153717,43.2308211],[2.4138322,43.2299837],[2.4137316,43.2298577],[2.4137715,43.2298436],[2.4137783,43.2298154]],[[2.374619,43.2318079],[2.3744801,43.2320976],[2.3744315,43.2321043],[2.374619,43.2318079]],[[2.3721253,43.2364587],[2.3722734,43.236436],[2.3742857,43.2322487],[2.3744794,43.2320992],[2.3745059,43.2322398],[2.3742688,43.2328497],[2.3724137,43.2367483],[2.372436,43.2370772],[2.3726342,43.2373439],[2.3735066,43.2378099],[2.3733004,43.2378074],[2.3724157,43.2374028],[2.3721955,43.2371089],[2.3721955,43.236568],[2.3721253,43.2364587]],[[2.4132965,43.2357821],[2.4132267,43.2357537],[2.4133296,43.2355951],[2.4135311,43.2355123],[2.4132965,43.2357821]],[[2.3738351,43.237994],[2.3734668,43.2378582],[2.3736121,43.2378457],[2.3738685,43.2379807],[2.3738351,43.237994]],[[2.3738351,43.237994],[2.3742346,43.238148],[2.3740389,43.2381424],[2.3738351,43.237994]],[[2.3744598,43.2381608],[2.3748534,43.2383397],[2.3749521,43.2384759],[2.3746839,43.238503],[2.3743098,43.2383312],[2.3741933,43.2381617],[2.3744598,43.2381608]],[[2.374919,43.2384815],[2.3753081,43.2386278],[2.3750853,43.2386151],[2.374919,43.2384815]],[[2.3967264,43.2390012],[2.3949569,43.2392107],[2.3948046,43.2389512],[2.3969217,43.2386983],[2.3967264,43.2390012]],[[2.3752791,43.2386462],[2.3755006,43.2386603],[2.3778273,43.2398354],[2.3798824,43.2407651],[2.379988,43.2409028],[2.3804334,43.241075],[2.3829402,43.2427523],[2.3835292,43.2430732],[2.3844654,43.2434401],[2.3851414,43.2435349],[2.3871043,43.243526],[2.3877405,43.2433497],[2.3891408,43.2426197],[2.3896638,43.2424457],[2.3915063,43.2422235],[2.3941639,43.2426212],[2.3957282,43.2437119],[2.3960386,43.2438331],[2.3966457,43.2438967],[2.3977621,43.2437309],[2.3997395,43.243241],[2.4031704,43.2426491],[2.4048524,43.2426216],[2.4054612,43.2425357],[2.4060057,43.2423442],[2.4062603,43.2421726],[2.4069982,43.2411621],[2.4078135,43.2403512],[2.4108632,43.2385027],[2.4115684,43.2377408],[2.4130412,43.2358189],[2.413295,43.2357837],[2.4129846,43.2362948],[2.4111073,43.2385946],[2.4099379,43.2393566],[2.4082427,43.2402926],[2.4072554,43.241172],[2.4064534,43.2422388],[2.4061962,43.2424653],[2.4054237,43.2427154],[2.4049731,43.242776],[2.403471,43.2427975],[2.4012314,43.243114],[2.3977731,43.2438681],[2.3966336,43.2440333],[2.3960484,43.244051],[2.3955623,43.2438039],[2.3941809,43.2428174],[2.3930703,43.2425781],[2.3913381,43.2423472],[2.3897323,43.2425846],[2.3881884,43.2433539],[2.3871206,43.2436804],[2.3850814,43.2436732],[2.3843521,43.2435671],[2.3838869,43.2434084],[2.3821733,43.2424724],[2.3798949,43.2409226],[2.3791918,43.2406842],[2.3753521,43.2387738],[2.3752791,43.2386462]],[[2.3942974,43.2405725],[2.3942075,43.2402179],[2.3943309,43.2402013],[2.3944207,43.2405559],[2.3942974,43.2405725]],[[2.3942955,43.2407849],[2.3947843,43.2407567],[2.3951377,43.2418251],[2.3944358,43.2419344],[2.3944794,43.2415853],[2.3942955,43.2407849]],[[2.3942567,43.2415183],[2.3941018,43.241543],[2.3940292,43.2413173],[2.3941696,43.2412997],[2.3942567,43.2415183]],[[2.3782428,43.2416283],[2.3783355,43.2415949],[2.3782655,43.2416622],[2.3782428,43.2416283]],[[2.3811663,43.2426236],[2.3810287,43.2426903],[2.380997,43.2426424],[2.3811663,43.2426236]],[[2.356459,43.2466279],[2.3562712,43.2466605],[2.3564444,43.2465745],[2.356459,43.2466279]],[[2.3755744,43.2486089],[2.3754052,43.2481047],[2.3756281,43.2480213],[2.375841,43.2485417],[2.3755744,43.2486089]],[[2.4387299,43.2489632],[2.4388147,43.2489333],[2.4389408,43.2491229],[2.4388561,43.2491528],[2.4387299,43.2489632]],[[2.4385926,43.2490075],[2.4386736,43.2489807],[2.4387555,43.2491117],[2.4386744,43.2491385],[2.4385926,43.2490075]],[[2.4390176,43.2491844],[2.4390269,43.2492222],[2.4389574,43.2491965],[2.4390176,43.2491844]],[[2.4389261,43.2491995],[2.4389341,43.249215],[2.4388928,43.249206],[2.4389261,43.2491995]],[[2.4390956,43.2492902],[2.4390579,43.2493294],[2.4390417,43.2492627],[2.4390956,43.2492902]],[[2.3553911,43.2516711],[2.3553849,43.2516865],[2.3553037,43.2516775],[2.3553911,43.2516711]],[[2.4135376,43.2540057],[2.4134271,43.2539463],[2.4140152,43.2531897],[2.4141904,43.2532259],[2.4141904,43.2533129],[2.4135376,43.2540057]],[[2.4399058,43.2651399],[2.4398699,43.265148],[2.4398946,43.2651138],[2.4399058,43.2651399]],[[2.4398897,43.2652398],[2.4399618,43.265167],[2.4399321,43.2652527],[2.4398897,43.2652398]],[[2.4060798,43.2678752],[2.4061884,43.2678353],[2.4063853,43.2679536],[2.4061062,43.2679853],[2.4060798,43.2678752]],[[2.4393471,43.269586],[2.4390579,43.2696527],[2.4388461,43.2695304],[2.4389876,43.2692652],[2.4390974,43.269242],[2.4394075,43.2694725],[2.4393471,43.269586]],[[2.4474055,43.275692],[2.447895,43.2757584],[2.4478335,43.275999],[2.4473439,43.2759326],[2.4474055,43.275692]],[[2.4159216,43.2776805],[2.4163644,43.2782993],[2.4160021,43.2783514],[2.4152641,43.2772051],[2.4153446,43.2771009],[2.4160513,43.2771335],[2.4163913,43.277687],[2.4159216,43.2776805]],[[2.444166,43.2905325],[2.4436438,43.2904452],[2.4437478,43.2902597],[2.444166,43.2905325]],[[2.4269919,43.295109],[2.4263849,43.2960826],[2.4259797,43.296369],[2.4255847,43.29652],[2.425165,43.2964412],[2.4250877,43.2962113],[2.4253357,43.2959889],[2.4253809,43.295851],[2.4259818,43.2954291],[2.42639,43.2948387],[2.426928,43.2944705],[2.4272636,43.2948497],[2.4269919,43.295109]],[[2.396744,43.3080085],[2.3962054,43.3084506],[2.3959037,43.3091938],[2.39574,43.3092314],[2.3952789,43.309106],[2.3952099,43.3083503],[2.3952832,43.3082091],[2.3965286,43.3078141],[2.396744,43.3080085]],[[2.3965662,43.3088931],[2.3966012,43.3094203],[2.3964176,43.3094191],[2.3962273,43.3091628],[2.3964059,43.3085687],[2.3968934,43.3081824],[2.3969418,43.3082784],[2.3965662,43.3088931]],[[2.3945679,43.3085635],[2.3950893,43.3084851],[2.395141,43.3092032],[2.3946713,43.3092753],[2.3944946,43.3088582],[2.3945679,43.3085635]],[[2.3967515,43.308932],[2.3968433,43.3087218],[2.3969936,43.3086015],[2.397052,43.3090899],[2.3968416,43.3094046],[2.3967515,43.308932]],[[2.3973522,43.3089186],[2.3974541,43.3087254],[2.3976365,43.3088015],[2.3976875,43.3090396],[2.3976204,43.3092133],[2.3974514,43.3094358],[2.3971242,43.3096544],[2.3969579,43.3096095],[2.397261,43.3091606],[2.3972583,43.3089147],[2.3973522,43.3089186]],[[2.3948868,43.3100466],[2.3947101,43.3096672],[2.3950333,43.309639],[2.3950677,43.3094571],[2.3957012,43.3094666],[2.3956726,43.3097205],[2.3959326,43.3098084],[2.3957099,43.3100279],[2.3948868,43.3100466]],[[2.3881094,43.309695],[2.3886207,43.3098181],[2.3884091,43.3100157],[2.3880777,43.3099131],[2.3881094,43.309695]],[[2.3942732,43.312266],[2.3939994,43.3117083],[2.3946758,43.3114576],[2.3948998,43.3121166],[2.3942732,43.312266]],[[2.3928388,43.3122804],[2.3929116,43.3122118],[2.3930864,43.3122672],[2.3930311,43.3123761],[2.3928754,43.312363],[2.3928388,43.3122804]],[[2.3926688,43.3124717],[2.3928451,43.3124434],[2.3928978,43.312565],[2.3926505,43.3126133],[2.3926688,43.3124717]],[[2.3998269,43.3352194],[2.3999511,43.3351607],[2.4000683,43.3352918],[2.3999441,43.3353505],[2.3998269,43.3352194]],[[2.3998767,43.3353895],[2.3996958,43.3352973],[2.3997535,43.3352478],[2.3998767,43.3353895]],[[2.4608835,43.3590965],[2.4609224,43.3590079],[2.4610125,43.3590867],[2.4608835,43.3590965]],[[2.511025,43.192298],[2.511057,43.192699],[2.510919,43.19301],[2.510712,43.192727],[2.510499,43.19263],[2.510173,43.192634],[2.509996,43.19271],[2.509877,43.192926],[2.509454,43.192767],[2.509299,43.192809],[2.509268,43.193108],[2.50856,43.193154],[2.50433,43.192654],[2.505908,43.191644],[2.511025,43.192298]],[[2.513573,43.19267],[2.513073,43.193244],[2.511913,43.193793],[2.512163,43.192432],[2.513573,43.19267]],[[2.5953846,43.2025863],[2.5957748,43.2025863],[2.5959103,43.2026821],[2.5957601,43.2027681],[2.5953095,43.2027436],[2.5953846,43.2025863]],[[2.5498309,43.2057065],[2.5494505,43.2055765],[2.5497839,43.2056294],[2.5498309,43.2057065]],[[2.5498579,43.2056584],[2.5541415,43.2058113],[2.5549139,43.2060107],[2.5566866,43.2069198],[2.5572847,43.2071153],[2.5599965,43.2078406],[2.5606429,43.207909],[2.5618233,43.2077565],[2.5629418,43.207432],[2.5636362,43.2071172],[2.5647711,43.2070312],[2.5669219,43.2063157],[2.5679894,43.2060146],[2.5684293,43.2059853],[2.5696071,43.2064799],[2.5706743,43.2068044],[2.572064,43.2069471],[2.5731825,43.2072834],[2.5736918,43.2075395],[2.5741373,43.2079461],[2.5762876,43.2088023],[2.5773846,43.209323],[2.5777328,43.2094114],[2.5793916,43.2095316],[2.5813075,43.2100537],[2.5830822,43.2103232],[2.5842958,43.210604],[2.5845176,43.2107375],[2.5844911,43.2107927],[2.5841791,43.210774],[2.5813022,43.2101877],[2.579446,43.2096565],[2.5779757,43.2096063],[2.5775137,43.2095149],[2.5740378,43.208085],[2.5734373,43.2076099],[2.5729971,43.2073909],[2.5721042,43.207129],[2.5706317,43.206951],[2.5692208,43.2065033],[2.5683384,43.2061319],[2.5675281,43.2062922],[2.5649239,43.2071446],[2.5637813,43.207258],[2.562982,43.207606],[2.5613376,43.2080439],[2.560796,43.2081025],[2.5599994,43.2080283],[2.5569953,43.2072248],[2.5548066,43.2062003],[2.554356,43.2060596],[2.5499761,43.2057976],[2.5498579,43.2056584]],[[2.5845218,43.2107389],[2.5849099,43.2108461],[2.5848721,43.210868],[2.5848753,43.2108978],[2.5844944,43.2107936],[2.5845218,43.2107389]],[[2.5848753,43.2108689],[2.5853462,43.210967],[2.5851478,43.2109933],[2.5848753,43.2108689]],[[2.5857356,43.2110747],[2.5854962,43.2110897],[2.5853193,43.2110203],[2.5853811,43.2109767],[2.5857356,43.2110747]],[[2.5570094,43.2106484],[2.5572669,43.2106129],[2.5572947,43.2115665],[2.556216,43.2115919],[2.5561951,43.2112926],[2.5563969,43.210968],[2.5570094,43.2106484]],[[2.5931512,43.2137585],[2.5896695,43.212117],[2.5887961,43.2118382],[2.5865771,43.2114396],[2.585762,43.2112011],[2.5857038,43.2110951],[2.5858854,43.2110565],[2.5870334,43.2113834],[2.5892254,43.2117842],[2.5916561,43.2128024],[2.5930901,43.2134952],[2.5936726,43.2138697],[2.5965967,43.2163221],[2.596919,43.2167289],[2.5968261,43.2170538],[2.5966274,43.2169424],[2.5964629,43.2165752],[2.5945115,43.2147966],[2.5931512,43.2137585]],[[2.5424356,43.2145486],[2.5421892,43.2144052],[2.5423639,43.214255],[2.5426404,43.2144351],[2.5424356,43.2145486]],[[2.542657,43.2149512],[2.5426094,43.2149967],[2.5426083,43.2149255],[2.542657,43.2149512]],[[2.596751,43.2172258],[2.5967881,43.2170361],[2.5968825,43.2171808],[2.5968417,43.217341],[2.596751,43.2172258]],[[2.5968605,43.2176747],[2.596842,43.2173435],[2.5969412,43.2176206],[2.5968605,43.2176747]],[[2.5650022,43.221995],[2.5648748,43.2220142],[2.5645717,43.221851],[2.5644663,43.2215052],[2.5638293,43.2215212],[2.5636009,43.2213996],[2.5637019,43.2212555],[2.5649188,43.2212491],[2.5650418,43.2213163],[2.5650022,43.221995]],[[2.6054238,43.2296488],[2.6051353,43.2296916],[2.6033785,43.2294297],[2.6018443,43.2294864],[2.6014476,43.2294081],[2.6010372,43.2291228],[2.6007124,43.2286147],[2.6001733,43.227192],[2.5990727,43.2250451],[2.5986984,43.2232927],[2.5979998,43.2214345],[2.597557,43.2205646],[2.5973595,43.2202786],[2.5967113,43.2196567],[2.5965705,43.2193282],[2.5968445,43.2181786],[2.5968607,43.2176773],[2.5970297,43.2177321],[2.5971337,43.2180291],[2.5971163,43.2183729],[2.596793,43.2190976],[2.5967849,43.2193432],[2.5968553,43.2195067],[2.5976797,43.2203542],[2.598195,43.2214019],[2.5988222,43.2229144],[2.5993069,43.2250158],[2.6001494,43.2266329],[2.601174,43.2289273],[2.6014422,43.2291736],[2.6018365,43.2292732],[2.6038884,43.2291931],[2.6052965,43.2294863],[2.6054238,43.2296488]],[[2.6058392,43.2296912],[2.6058581,43.2297244],[2.6054095,43.2296173],[2.6058758,43.2296652],[2.6058392,43.2296912]],[[2.6062699,43.2297626],[2.6062873,43.2297964],[2.6058428,43.2296918],[2.6063116,43.2297386],[2.6062699,43.2297626]],[[2.5490092,43.2388789],[2.5486431,43.2390411],[2.5486203,43.2387177],[2.5491165,43.2386396],[2.5490092,43.2388789]],[[2.5955827,43.2499632],[2.5955887,43.2499541],[2.595644,43.2499879],[2.5955827,43.2499632]],[[2.5895372,43.2548335],[2.5892598,43.2547919],[2.5893822,43.2542274],[2.5895984,43.2542422],[2.5896514,43.2543343],[2.5895372,43.2548335]],[[2.5730249,43.2552798],[2.5729911,43.2551915],[2.5731363,43.2551967],[2.5732709,43.2553086],[2.5730249,43.2552798]],[[2.5195719,43.2773069],[2.5197476,43.277076],[2.5199163,43.2770259],[2.5207576,43.2781289],[2.5196522,43.2783282],[2.519154,43.2785332],[2.5188975,43.2792105],[2.518957,43.2797899],[2.5182984,43.2795951],[2.5167663,43.279635],[2.5166314,43.2795335],[2.5182995,43.2785496],[2.5183064,43.2784011],[2.5189242,43.277816],[2.5190133,43.2775678],[2.5195719,43.2773069]],[[2.4773322,43.2816786],[2.477379,43.2816904],[2.4773146,43.2817077],[2.4773322,43.2816786]],[[2.472707,43.2832332],[2.4727888,43.2831551],[2.4729397,43.2832103],[2.472707,43.2832332]],[[2.5600433,43.2994681],[2.5600328,43.2995043],[2.559995,43.2994623],[2.5600433,43.2994681]],[[2.5333979,43.3051095],[2.5333605,43.305265],[2.5333392,43.3050995],[2.5333979,43.3051095]],[[2.5030981,43.3120198],[2.5034295,43.3119652],[2.5035211,43.3121276],[2.5036651,43.3120664],[2.5037991,43.3121444],[2.5035486,43.3121966],[2.5030981,43.3120198]],[[2.4944967,43.313641],[2.4943826,43.3135964],[2.4945063,43.3135748],[2.4944967,43.313641]],[[2.5236963,43.3360597],[2.5238503,43.3360551],[2.5237426,43.3361088],[2.5236963,43.3360597]],[[2.5245119,43.3374856],[2.5246954,43.337509],[2.5246626,43.3375496],[2.5245119,43.3374856]],[[2.5360091,43.338391],[2.536017,43.3384041],[2.5359851,43.3384164],[2.5360091,43.338391]],[[2.4847467,43.3385942],[2.4844958,43.3388509],[2.4844165,43.338765],[2.4844847,43.3385546],[2.4847467,43.3385942]],[[2.470059,43.3883447],[2.4706866,43.3887579],[2.4705686,43.3888515],[2.4698363,43.3884733],[2.470059,43.3883447]],[[2.4648837,43.3910741],[2.4649542,43.3910914],[2.4649026,43.3912082],[2.4648285,43.3911916],[2.4648837,43.3910741]],[[2.5359816,43.4038976],[2.5359996,43.4039258],[2.5359437,43.4039103],[2.5359816,43.4038976]],[[2.5385647,43.4055296],[2.5385342,43.4055534],[2.5385256,43.4055032],[2.5385647,43.4055296]],[[2.6267034,43.2226175],[2.6267959,43.2226503],[2.6267061,43.2226556],[2.6267034,43.2226175]],[[2.6063638,43.2298811],[2.6062734,43.2297631],[2.606466,43.2296895],[2.607327,43.2298204],[2.60796,43.2297911],[2.6083922,43.2298567],[2.6086386,43.2301468],[2.608692,43.2305788],[2.6088317,43.2307918],[2.6104128,43.2322796],[2.6126646,43.2340337],[2.6131179,43.2342721],[2.6135551,43.234362],[2.6142122,43.2342936],[2.6147487,43.234106],[2.6168608,43.2331317],[2.618269,43.2326236],[2.6188403,43.2323089],[2.6195806,43.2317618],[2.62064,43.2314198],[2.6336756,43.2312009],[2.6343354,43.2310915],[2.6345741,43.2309019],[2.6352795,43.2305873],[2.6364624,43.2302433],[2.6372858,43.2303137],[2.6380047,43.2307241],[2.6376318,43.2306947],[2.6370176,43.230427],[2.6363631,43.2304485],[2.6354297,43.2307143],[2.6345982,43.2310524],[2.6343408,43.2312615],[2.6337775,43.2314002],[2.6217853,43.2315429],[2.6205596,43.2316386],[2.6199051,43.2318106],[2.6185908,43.2326627],[2.6169386,43.2332802],[2.6152208,43.2341275],[2.6141076,43.2344871],[2.6135283,43.234532],[2.6128643,43.234394],[2.6120692,43.233893],[2.6102506,43.2323688],[2.6086333,43.2308582],[2.6083969,43.2300609],[2.6081236,43.2299377],[2.6067661,43.2299456],[2.6063638,43.2298811]],[[2.6381307,43.2308667],[2.6379658,43.2307381],[2.6382353,43.2308003],[2.6383382,43.2309017],[2.6381307,43.2308667]],[[2.6387181,43.2311004],[2.6384579,43.2310152],[2.6383409,43.2309029],[2.6385196,43.2309273],[2.6387181,43.2311004]],[[2.6865898,43.2619318],[2.6857882,43.2618787],[2.6825669,43.261281],[2.6817112,43.2609587],[2.6794528,43.2598981],[2.6787903,43.2597223],[2.6767036,43.2594508],[2.6762717,43.2591617],[2.6743244,43.2574701],[2.671999,43.2558292],[2.6690378,43.2541062],[2.6673936,43.2535221],[2.6651286,43.2516654],[2.6651045,43.2513353],[2.6653512,43.2510227],[2.6661935,43.2505968],[2.6682105,43.2499189],[2.6684465,43.249745],[2.6686516,43.249357],[2.6686623,43.2490894],[2.6685619,43.2487233],[2.6682266,43.2483286],[2.6674326,43.2478578],[2.6660257,43.2474209],[2.6647397,43.2475823],[2.6605593,43.2484505],[2.6600524,43.2484662],[2.6597252,43.2483177],[2.6595065,43.2481454],[2.6592477,43.2477472],[2.6592075,43.2474659],[2.6607069,43.2454222],[2.6610207,43.2446368],[2.6609054,43.2442206],[2.6598968,43.2431695],[2.6580193,43.2424348],[2.6561122,43.2415126],[2.655903,43.2413367],[2.6548275,43.2397325],[2.6540899,43.2390623],[2.6523062,43.2377082],[2.6469337,43.2347946],[2.6448604,43.2338195],[2.6387342,43.2311657],[2.6387111,43.2310655],[2.6388469,43.231025],[2.6392277,43.2311774],[2.6457804,43.2340775],[2.6509919,43.2367741],[2.6528641,43.2379016],[2.6543661,43.2390311],[2.6551815,43.2398068],[2.656005,43.2411335],[2.6564207,43.2415106],[2.6578396,43.242171],[2.6598137,43.2429409],[2.6602938,43.2432476],[2.6611467,43.2441757],[2.661246,43.2446016],[2.6610716,43.2451975],[2.6594301,43.2475245],[2.6594784,43.2477687],[2.6598905,43.2481752],[2.6602846,43.2482661],[2.6607325,43.2482329],[2.665083,43.24734],[2.6660754,43.2472306],[2.667387,43.2475882],[2.6680415,43.247932],[2.6687496,43.2485924],[2.6688703,43.2490046],[2.6687389,43.2496786],[2.6684572,43.2499638],[2.6669203,43.250462],[2.6658153,43.2509699],[2.665421,43.2512064],[2.6653352,43.251558],[2.6675775,43.2534139],[2.6691063,43.2539687],[2.671551,43.2553506],[2.6747509,43.2575482],[2.6767787,43.2592808],[2.6772507,43.259398],[2.6790264,43.2595953],[2.6825079,43.2610974],[2.6864883,43.2618201],[2.6866379,43.2619101],[2.6865898,43.2619318]],[[2.6866407,43.261911],[2.6870522,43.2619838],[2.6870112,43.2620068],[2.6870327,43.2620398],[2.6865898,43.2619318],[2.6866407,43.261911]],[[2.6716921,43.250458],[2.6714897,43.2503522],[2.6715599,43.2502806],[2.6726775,43.2501913],[2.6728015,43.2502507],[2.6728612,43.2505188],[2.6716921,43.250458]],[[2.6313209,43.2855825],[2.6311615,43.2855921],[2.6310591,43.2855132],[2.6313291,43.2855152],[2.6313209,43.2855825]],[[2.6300501,43.2865701],[2.6301784,43.2866541],[2.6300229,43.28672],[2.6299044,43.2866126],[2.6300501,43.2865701]]],[[[2.1677043545217107,43.239297783748675],[2.167297,43.2391398],[2.1666915,43.2393695],[2.1527676,43.2403936],[2.1506577,43.2406925],[2.1414289,43.2412904],[2.1418507264038826,43.24277249173428],[2.1420985,43.2426885],[2.1422517,43.2421301],[2.1427592,43.2418647],[2.1431656,43.2419031],[2.1440276,43.2447074],[2.1438722,43.2447346],[2.1436314206380054,43.244636266299246],[2.1436959,43.2448982],[2.1443202,43.2449313],[2.1444772,43.2455122],[2.1441633,43.2460523],[2.1439583,43.2467487],[2.1440061,43.2472173],[2.1441666328397564,43.24736588710118],[2.1486747,43.2447886],[2.1495411,43.2444877],[2.151601,43.244222],[2.1527409,43.2441829],[2.1547821,43.244265],[2.156352,43.2440545],[2.157872,43.2435694],[2.1588832,43.2429637],[2.1591648,43.2428875],[2.159315,43.2426491],[2.1604094,43.2419047],[2.1609887,43.2415295],[2.1618524,43.2411173],[2.164815,43.2404492],[2.1674993,43.2394346],[2.1677043545217107,43.239297783748675]]],[[[2.6275089525931974,43.20070738067938],[2.6273869,43.2004479],[2.627343910885313,43.20039738779025],[2.6275089525931974,43.20070738067938]]],[[[2.6264056596803407,43.19963902698909],[2.6261848,43.1995107],[2.6261934072678796,43.19934921899318],[2.6260556,43.1992473],[2.6257207,43.1992895],[2.6257001,43.1994108],[2.6258736,43.1995343],[2.6264056596803407,43.19963902698909]]],[[[2.6260441267401764,43.19906543281453],[2.625834,43.1987382],[2.625884,43.1985053],[2.6262683,43.1974124],[2.6278477,43.1951777],[2.6283561,43.1951537],[2.630727,43.1943663],[2.6303122,43.1933946],[2.6307795,43.1934089],[2.6308606,43.1896348],[2.6311455,43.1888919],[2.6309767,43.1887845],[2.6307106,43.1883391],[2.6310209,43.1882332],[2.6308788,43.1875659],[2.631196,43.1863017],[2.6311011,43.1855704],[2.6311614,43.1852543],[2.6316653,43.1840334],[2.6329327,43.1821096],[2.63339,43.1803075],[2.6333307,43.1801114],[2.6335759,43.1795371],[2.6335866,43.1791958],[2.6337876,43.178792],[2.6336581,43.1787853],[2.6339472,43.1780974],[2.6284119,43.1766956],[2.6256202,43.1753737],[2.6277332,43.1722318],[2.6249742,43.1644752],[2.6249245,43.1565227],[2.6224178,43.1505482],[2.6269031,43.1467941],[2.6170911,43.1458061],[2.6110828,43.1326136],[2.6101307,43.1318507],[2.6093757,43.131657],[2.6088251,43.1309003],[2.6086672,43.1304832],[2.6082813,43.1301339],[2.6077804,43.1299704],[2.6077429,43.1295537],[2.6074112,43.1292002],[2.6074782,43.1289094],[2.607215,43.1289808],[2.6069899,43.1289165],[2.6072618,43.1287519],[2.6075744,43.1286975],[2.6078515,43.1282756],[2.6075725,43.1276696],[2.6076038,43.1269541],[2.6080644,43.1260833],[2.6097427,43.1252166],[2.610052,43.1249726],[2.6105917,43.1242785],[2.6113834,43.1239381],[2.6119325,43.1238713],[2.6120143,43.1236363],[2.6118824,43.123332],[2.6051715,43.1243383],[2.6016161,43.1213327],[2.5993253,43.1196583],[2.5937539,43.1163451],[2.5927958,43.1155477],[2.5911627,43.1149704],[2.5907749,43.1149495],[2.5906017,43.1148312],[2.5906078,43.1139196],[2.5906901,43.1136062],[2.589331,43.1127584],[2.5747811,43.10297],[2.5740416,43.1018443],[2.5637291,43.0954495],[2.5631339,43.095364],[2.5625777,43.0950985],[2.5624654,43.0949387],[2.5621818,43.0949168],[2.5620125,43.0947775],[2.5615404,43.0946648],[2.5615507,43.094554],[2.5609474,43.0942675],[2.5607394,43.0942528],[2.5604202,43.0939189],[2.5603932,43.0937316],[2.5601766,43.0935991],[2.5599814,43.093127],[2.5591265,43.0923197],[2.5590952,43.0913977],[2.5575522,43.0915997],[2.5574374,43.0917795],[2.5572673,43.0930819],[2.5569433,43.0934203],[2.5565547,43.0935297],[2.5560478,43.0943041],[2.5559506,43.094678],[2.5559961,43.0949277],[2.5566578,43.0955451],[2.5568143,43.0959522],[2.5561698,43.0954679],[2.5558218,43.0954439],[2.5553086,43.0955794],[2.5548851,43.0958273],[2.5537212,43.0957652],[2.5536807,43.0959472],[2.553417,43.0962242],[2.5532038,43.0967603],[2.5527319,43.0968926],[2.5522833,43.0974086],[2.5521095,43.097916],[2.5518725,43.098126],[2.5515177,43.0983356],[2.5509539,43.0985155],[2.5505198,43.0988302],[2.5500081,43.0990295],[2.5468929,43.0998138],[2.5436497,43.0981367],[2.543269,43.0947496],[2.5427476,43.0940325],[2.5426898,43.0936716],[2.5419645,43.0925106],[2.5414385,43.0912619],[2.5408403,43.0915822],[2.5393564,43.09026],[2.5404916,43.0897204],[2.541165,43.0897294],[2.5414073,43.0896544],[2.5435729,43.0898656],[2.5441002,43.0897791],[2.5443676,43.0898118],[2.5446769,43.0900282],[2.5462656,43.0900218],[2.5467848,43.089872],[2.5472678,43.0899309],[2.5473056,43.0894944],[2.5476951,43.089363],[2.5476271,43.0892172],[2.5477914,43.0891799],[2.5484024,43.0894607],[2.5492468,43.0894891],[2.5520475,43.0892472],[2.5526983,43.0893161],[2.5538324,43.0899037],[2.5601776,43.0872593],[2.5618133,43.0864239],[2.5694655,43.0813406],[2.5720712,43.0829901],[2.5789015,43.0782142],[2.5791275,43.0777671],[2.5794767,43.0774173],[2.5795361,43.0771814],[2.579554,43.0769818],[2.5791874,43.076254],[2.5794091,43.0752258],[2.5795765,43.0748935],[2.5809802,43.0736879],[2.5813299,43.0732655],[2.5814771,43.0722551],[2.5817263,43.0720381],[2.58236,43.0711264],[2.5831256,43.0665771],[2.5780576,43.0656004],[2.5746564,43.0555328],[2.5753735,43.0476868],[2.5651597,43.0493437],[2.5540302,43.0353045],[2.5534105,43.0346077],[2.5524222,43.0343069],[2.5521469,43.0342534],[2.5518299,43.0343271],[2.5506461,43.0342625],[2.5491347,43.034324],[2.5487379,43.0341427],[2.5482789,43.034081],[2.5468236,43.0348466],[2.5460482,43.0347836],[2.5452707,43.0349977],[2.5441385,43.0348509],[2.5435453,43.0350058],[2.542141,43.0343786],[2.5405889,43.0344248],[2.5402227,43.0342511],[2.5397428,43.0342567],[2.5377545,43.0339191],[2.5365607,43.0338394],[2.534263,43.03392],[2.5300988,43.0337791],[2.5157564,43.0336862],[2.5099717,43.0348219],[2.505996,43.0347925],[2.5035457,43.0346632],[2.5013006,43.0344287],[2.4985858,43.0343856],[2.4961302,43.0338754],[2.4906621,43.0343444],[2.4905335,43.0344562],[2.4913885,43.036046],[2.492525,43.0396411],[2.4959998,43.0435838],[2.4987032,43.0452377],[2.4929195,43.0492967],[2.4907254,43.0488493],[2.4863269,43.0492297],[2.4813279,43.048608],[2.4803818,43.0485688],[2.4801988,43.048478],[2.4801664,43.0482832],[2.4807692,43.0470425],[2.4817234,43.0446218],[2.4876699,43.0404257],[2.4889092,43.0372605],[2.4895826,43.0349967],[2.489448,43.0349679],[2.489245,43.03508],[2.488408,43.0350197],[2.4850625,43.0356262],[2.4840702,43.0357206],[2.4836472,43.0356551],[2.483228,43.0351306],[2.4829021,43.0349668],[2.4819415,43.0347223],[2.4792117,43.0342297],[2.478045,43.0341253],[2.4777285,43.0339826],[2.477145,43.033483],[2.4761692,43.0331615],[2.4756814,43.0326516],[2.4743577,43.0319381],[2.4723289,43.0313285],[2.4714527,43.0311634],[2.4706718,43.0311477],[2.4687557,43.0313214],[2.4667812,43.031167],[2.4709441,43.0351569],[2.4717563,43.046572],[2.4656777,43.0505236],[2.4654953,43.0504781],[2.4641422,43.0509314],[2.4625992,43.0512008],[2.4581721,43.0527822],[2.4545891,43.0527269],[2.4502728,43.0532382],[2.449426,43.05383],[2.4470447,43.0559932],[2.4468945,43.0562351],[2.4453125,43.0572637],[2.4435304,43.0582658],[2.4453052,43.0603814],[2.4396837,43.0633001],[2.4308793,43.0671172],[2.4316329,43.0683938],[2.429045,43.0721337],[2.4280556,43.0737191],[2.4275477,43.0741762],[2.4273196,43.0746705],[2.4267607,43.0750531],[2.4260623,43.0757061],[2.4239404,43.0767797],[2.4214393,43.07955],[2.4206895,43.0798861],[2.4194967,43.081714],[2.4176295,43.0833279],[2.4166128,43.0838226],[2.4155421,43.0840967],[2.4154878,43.0843611],[2.4161887,43.0855141],[2.4179494,43.0862979],[2.4187147,43.0864976],[2.4192398,43.0868978],[2.42076,43.0875856],[2.4234938,43.0885608],[2.4237236,43.0887529],[2.4253311,43.0893605],[2.4264581,43.0901767],[2.4277925,43.0907524],[2.4285258,43.0911842],[2.4297474,43.0914551],[2.4322529,43.0922914],[2.4343765,43.0922494],[2.4360617,43.0924461],[2.4368195,43.0926551],[2.4377135,43.0931736],[2.4381964,43.0933449],[2.4384441,43.0935429],[2.4388771,43.0936671],[2.4390861,43.0938199],[2.4403796,43.0954331],[2.4406505,43.0956594],[2.4413311,43.0959193],[2.4419806,43.0960094],[2.4428009,43.0965807],[2.4429178,43.09713],[2.4449756,43.0981194],[2.4453705,43.0984702],[2.4462369,43.0988545],[2.4471337,43.098916],[2.4480082,43.0994702],[2.4482866,43.0995436],[2.4507215,43.0995525],[2.4511093,43.099795],[2.4396637,43.1137181],[2.4388978,43.1134465],[2.4358149,43.1138177],[2.4341318,43.1142838],[2.431322,43.1145265],[2.4300305,43.1148876],[2.42962,43.1151426],[2.4244541,43.116154],[2.423755,43.116189],[2.423666,43.115902],[2.423505,43.115712],[2.42105,43.115261],[2.421045,43.115169],[2.420854,43.115071],[2.419757,43.114996],[2.41956,43.114774],[2.418454,43.114025],[2.416789,43.113364],[2.416299,43.11325],[2.415373,43.113377],[2.414936,43.113263],[2.414709,43.113142],[2.414536,43.11291],[2.413726,43.112456],[2.413505,43.112166],[2.413037,43.112017],[2.41281,43.111765],[2.412318,43.111454],[2.410994,43.111373],[2.410035,43.111202],[2.408836,43.111256],[2.406003,43.111206],[2.404641,43.109883],[2.404802,43.109152],[2.404743,43.108812],[2.404039,43.108242],[2.40366,43.107646],[2.403616,43.107301],[2.40346,43.106987],[2.402781,43.106421],[2.402492,43.106403],[2.402278,43.106287],[2.402106,43.106328],[2.401141,43.105978],[2.400141,43.105976],[2.398915,43.105342],[2.398349,43.105204],[2.396836,43.105641],[2.395971,43.105797],[2.394919,43.105662],[2.394455,43.105494],[2.393867,43.105188],[2.393373,43.104713],[2.392945,43.104667],[2.392565,43.10479],[2.392066,43.104784],[2.391313,43.104582],[2.391085,43.104937],[2.390004,43.105818],[2.389857,43.105848],[2.389729,43.107227],[2.389318,43.107706],[2.3891,43.107755],[2.388453,43.108304],[2.388282,43.108567],[2.387738,43.110166],[2.384226,43.112369],[2.38304,43.112673],[2.382916,43.113257],[2.382204,43.114595],[2.381901,43.11473],[2.381212,43.11478],[2.380757,43.115157],[2.379777,43.115252],[2.379413,43.115066],[2.377714,43.115028],[2.376883,43.114838],[2.376387,43.115152],[2.374383,43.11548],[2.373627,43.115726],[2.372651,43.115814],[2.3723,43.11602],[2.371201,43.116275],[2.369833,43.116282],[2.369219,43.116485],[2.368212,43.117203],[2.367193,43.117582],[2.366826,43.117855],[2.366394,43.118245],[2.366333,43.118407],[2.365484,43.118964],[2.365219,43.119318],[2.36523,43.120132],[2.365309,43.120371],[2.366042,43.121202],[2.366274,43.121634],[2.366526,43.121832],[2.366652,43.122145],[2.36493,43.122321],[2.364141,43.124975],[2.363728,43.12567],[2.363872,43.125877],[2.363752,43.126476],[2.363665,43.126687],[2.363401,43.126957],[2.3631969,43.1270443],[2.3612647,43.1268362],[2.3597628,43.1258099],[2.3587647,43.1257144],[2.3583799,43.1262274],[2.3580617,43.1262337],[2.3560296,43.1236141],[2.354492,43.1228206],[2.354095,43.1228919],[2.353803,43.1230579],[2.3536193,43.123016],[2.3534985,43.1228231],[2.353343,43.1227528],[2.3524242,43.1225514],[2.3521689,43.122415],[2.3515909,43.1214366],[2.3518335,43.121022],[2.3518206,43.1208669],[2.3516152,43.1206083],[2.3495674,43.1195083],[2.3492786,43.1192639],[2.3490666,43.1186244],[2.3470169,43.1192781],[2.3472607,43.118554],[2.3466701,43.1179804],[2.3460731,43.1171153],[2.3456366,43.1169085],[2.3453093,43.1169085],[2.3448535,43.1161421],[2.3429536,43.1143132],[2.341946,43.1140359],[2.3417535,43.1138525],[2.3406704,43.1137047],[2.3410297,43.1121436],[2.3400862,43.1106391],[2.3363898,43.1102489],[2.3352603,43.1098398],[2.3353374,43.1096141],[2.3352924,43.1094448],[2.3347791,43.1091204],[2.3337073,43.1095153],[2.3326998,43.1095435],[2.332411,43.1096375],[2.3316345,43.1094964],[2.3311147,43.1096233],[2.3310185,43.1095951],[2.3309607,43.1094541],[2.3303896,43.1094822],[2.3295488,43.1099053],[2.3292023,43.1099382],[2.3292279,43.1100746],[2.3284899,43.1104836],[2.328169,43.1104695],[2.3276684,43.1106669],[2.3276234,43.1109114],[2.3264619,43.1109865],[2.3262949,43.1113673],[2.3251013,43.1112497],[2.3241643,43.1113859],[2.3224444,43.1114656],[2.3218989,43.1113339],[2.3209684,43.111315],[2.3206796,43.111235],[2.319749,43.1112913],[2.3193383,43.1112019],[2.318581,43.1112817],[2.3167585,43.1111215],[2.3157014,43.11116],[2.3156474,43.111761],[2.3156903,43.1123327],[2.315862,43.112787],[2.3158405,43.113163],[2.3152499,43.1144102],[2.315111,43.1149643],[2.3151399,43.1154471],[2.3148687,43.1155235],[2.3144646,43.1159623],[2.3141424,43.1160154],[2.3131848,43.115982],[2.3121593,43.1156925],[2.3118657,43.1157679],[2.3109682,43.1153826],[2.3105255,43.1147057],[2.3103694,43.1138704],[2.3099365,43.1134992],[2.3098858,43.1133049],[2.3092023,43.1122627],[2.3091257,43.1120051],[2.3091744,43.1117969],[2.308937,43.1111212],[2.3090374,43.1110248],[2.3082446,43.1102875],[2.3080471,43.1095927],[2.3080762,43.1093649],[2.3070881,43.1089175],[2.3069979,43.1087035],[2.3072053,43.1085108],[2.3073681,43.1081577],[2.307249,43.1075652],[2.3062745,43.1070984],[2.3059074,43.1067761],[2.3052626,43.1064181],[2.3047613,43.105668],[2.3043139,43.1054276],[2.3030078,43.1050122],[2.3019871,43.1041903],[2.3009254,43.1036967],[2.3007458,43.1034281],[2.300424,43.1024965],[2.3006406,43.102388],[2.3000104,43.1014134],[2.2989241,43.1010192],[2.2976732,43.1002877],[2.2973458,43.0998569],[2.2971359,43.0993754],[2.2967323,43.0990608],[2.2967179,43.0986765],[2.2964454,43.0983558],[2.2940161,43.0963067],[2.2940433,43.0956375],[2.2933627,43.0945837],[2.2928449,43.0942938],[2.2909697,43.093879],[2.2910624,43.0937871],[2.2895236,43.0930383],[2.2887527,43.0922943],[2.2880199,43.0922225],[2.2856857,43.0908723],[2.2850441,43.0908515],[2.2838504,43.0909868],[2.2828796,43.0906867],[2.2814372,43.0905265],[2.2813671,43.0906353],[2.2811391,43.090533],[2.2803493,43.0904357],[2.2790794,43.0892516],[2.2787017,43.0891988],[2.277127,43.088561],[2.2766024,43.0886806],[2.2758849,43.0886495],[2.2754693,43.0888245],[2.2751123,43.0891811],[2.2737005,43.0910009],[2.2734232,43.0912529],[2.2719746,43.0921224],[2.2706566,43.0924814],[2.2691078,43.0927788],[2.2689774,43.0929971],[2.2685996,43.0931845],[2.2684733,43.0934796],[2.2681298,43.0937982],[2.2676137,43.0944975],[2.2673044,43.0955005],[2.2674907,43.09603],[2.2672531,43.0962446],[2.2669898,43.0967886],[2.2661658,43.0972582],[2.2659128,43.0976356],[2.2657354,43.0981241],[2.2654574,43.0982609],[2.2647754,43.0982642],[2.2644771,43.0984898],[2.2638657,43.0986634],[2.2634812,43.0991295],[2.2633042,43.0992257],[2.2626565,43.1001655],[2.2619286,43.1005315],[2.2616001,43.1005683],[2.2609681,43.101038],[2.2601745,43.101378],[2.2596486,43.1018181],[2.2593908,43.101892],[2.2589079285260736,43.10224769156919],[2.260689,43.1032453],[2.2637295,43.1034432],[2.2649229,43.1039778],[2.2676489,43.1060094],[2.2683857,43.106425],[2.2688794,43.1065033],[2.2695417,43.1071118],[2.2700409,43.1077335],[2.2705459,43.1079666],[2.2705872,43.1082803],[2.2700753,43.1088613],[2.2705643,43.1100705],[2.2721743,43.1114454],[2.2798094,43.1154357],[2.2811926,43.1160043],[2.283417,43.1167608],[2.2861071,43.117323],[2.2895143,43.1175124],[2.2925259,43.1173308],[2.2943606,43.1170848],[2.2948314,43.1171167],[2.2963082,43.1174854],[2.2967681,43.1177812],[2.2981971,43.118379],[2.3008847,43.1199962],[2.3019844,43.1210103],[2.3023331,43.1212217],[2.3025658,43.1215736],[2.3034884,43.1223407],[2.3041482,43.1230544],[2.3049812,43.1246892],[2.3054046,43.1263491],[2.3054931,43.1276727],[2.3052766,43.1293528],[2.3045805,43.1310024],[2.3042,43.1313757],[2.3034843,43.1326737],[2.3030741,43.1331872],[2.3025485,43.1335687],[2.3018567,43.1338866],[2.3006664,43.1340046],[2.3001689,43.134422],[2.3001173,43.1346633],[2.3009461,43.135909],[2.3018469,43.1369075],[2.3028645,43.1376682],[2.3032794,43.1380704],[2.3037839,43.138825],[2.3037726,43.139824],[2.3039467,43.1402753],[2.3047291,43.1409541],[2.3050039,43.1415045],[2.3051359,43.1420749],[2.3051349,43.1428801],[2.3044687,43.1438154],[2.3039873,43.144242],[2.3033872,43.1454461],[2.302546,43.1460017],[2.3006157,43.1467027],[2.299668,43.1469504],[2.2991519,43.1479165],[2.2993826,43.1480461],[2.2993681,43.1482459],[2.2990871,43.148599],[2.2985838,43.1488017],[2.2973691,43.1488897],[2.2963284,43.1487134],[2.2955095,43.1483743],[2.2952965,43.1481285],[2.2951539,43.1481276],[2.2951301,43.1487835],[2.2944292,43.1509473],[2.2942525,43.1517902],[2.2950362,43.1527106],[2.2952927,43.153079],[2.2954307,43.1534765],[2.2963801,43.1538044],[2.2977321,43.1545522],[2.2983026,43.1552476],[2.2987311,43.1562463],[2.2992843,43.157034],[2.2997295,43.1572872],[2.3009091,43.1574406],[2.302341,43.1572525],[2.3035918,43.1576],[2.3047898,43.1582843],[2.3051851,43.1586296],[2.3058243,43.159385],[2.3059463,43.1597645],[2.3059213,43.1608976],[2.3061568,43.1616923],[2.3068098,43.1623106],[2.3076929,43.163476],[2.3072355,43.1642933],[2.3067165,43.1648002],[2.306199,43.1651728],[2.3050265,43.1658188],[2.3038688,43.1662383],[2.3034696,43.1665848],[2.3033907,43.1670823],[2.3033834,43.1677205],[2.3034588,43.1678969],[2.3033899,43.1682305],[2.3035566,43.1689741],[2.3039986,43.1695225],[2.3048496,43.1702911],[2.3051848,43.1708602],[2.3056594,43.1721897],[2.306012,43.1734862],[2.3065883,43.1741836],[2.306867,43.1747761],[2.3069809,43.1756117],[2.3074864,43.1764136],[2.3078264,43.1767933],[2.3077994,43.1771587],[2.3076365,43.1774356],[2.3076609,43.1787351],[2.3073838,43.1794465],[2.3072572,43.1802494],[2.3074133,43.1807655],[2.3080449,43.1819598],[2.3093525,43.1824533],[2.3100072,43.1826023],[2.3107108,43.1829103],[2.3123614,43.1831292],[2.3125368,43.1832497],[2.3128541,43.1833062],[2.3131457,43.1832708],[2.3138243,43.1828751],[2.3173431,43.1814781],[2.3185023,43.1810991],[2.3195519,43.1813484],[2.3212248,43.1820248],[2.3221835,43.1827082],[2.3229847,43.183799],[2.323156,43.1844343],[2.3230602,43.1850992],[2.3228448,43.1855885],[2.3219228,43.1864773],[2.3215934,43.1870519],[2.3216817,43.1875377],[2.3218804,43.1879849],[2.3223498,43.1884013],[2.3227682,43.1884294],[2.3229372,43.1883481],[2.3235517,43.1884624],[2.3250186,43.1890288],[2.3266626,43.1906696],[2.3269824,43.1908389],[2.3276328,43.1910002],[2.3279898,43.1908544],[2.3281805,43.1909054],[2.3283991,43.1912349],[2.3286707,43.1913108],[2.3288819,43.1912021],[2.3290345,43.1912249],[2.3293505,43.1914332],[2.3301841,43.1917336],[2.3313047,43.1922907],[2.3328891,43.1932921],[2.332939,43.1934741],[2.3327511,43.1952222],[2.3323764,43.1957155],[2.3311925,43.1968447],[2.3301188,43.1973995],[2.3293458,43.1979829],[2.3293241,43.1982835],[2.3294966,43.1989492],[2.3297896,43.1995645],[2.330436,43.2003477],[2.3317247,43.20098],[2.3329818,43.2023969],[2.3347782,43.2040351],[2.3351895,43.2047969],[2.3358751,43.2056141],[2.3373487,43.2065681],[2.3381264,43.206921],[2.3393151,43.2071728],[2.3413252,43.2070993],[2.3421762,43.2069265],[2.3445292,43.2062648],[2.3473784,43.2052098],[2.3502259,43.2043434],[2.3511846,43.2036514],[2.3510206,43.2034729],[2.3522571,43.2031014],[2.3522786,43.2031933],[2.3511436,43.203559],[2.3525169,43.2042121],[2.3539281,43.2050446],[2.3554308,43.2067075],[2.3574251,43.2085919],[2.3579103,43.2094978],[2.3588607,43.2101871],[2.3594269,43.2110611],[2.3601087,43.2116222],[2.3607434,43.2129426],[2.3615409,43.2157034],[2.3620454,43.21684],[2.3623189,43.2177713],[2.3637975,43.2207945],[2.3648639,43.2219242],[2.3663117,43.2228965],[2.367153,43.2233254],[2.3677134,43.2234567],[2.3679158,43.2233752],[2.368268,43.2235825],[2.3689917,43.2237039],[2.3697778,43.2237283],[2.3701911,43.2238381],[2.3731694,43.2250346],[2.3750338,43.225376],[2.3763372,43.2254252],[2.3792281,43.2253027],[2.3796124,43.2253561],[2.3806406,43.2257812],[2.3812672,43.2266391],[2.3820052,43.2285236],[2.3823839,43.229056],[2.3829646,43.2304235],[2.3837011,43.231864],[2.3838816,43.2324313],[2.3836866,43.233494],[2.3848022,43.2358122],[2.385594,43.2364844],[2.3873321,43.2370471],[2.3892096,43.2373557],[2.3910872,43.2373557],[2.3919128,43.2372392],[2.3927335,43.2367742],[2.3948005,43.2361944],[2.3953859,43.235951],[2.3980128,43.2352773],[2.4002649,43.2352006],[2.4012048,43.2352939],[2.4025623,43.2352961],[2.4044692,43.2350911],[2.406229,43.2351014],[2.4074571,43.2347975],[2.408707,43.2343599],[2.411206,43.2332834],[2.412213,43.2325871],[2.4129733,43.2319573],[2.4133091,43.2314417],[2.4133491,43.2311805],[2.4129243,43.2305747],[2.412674,43.2305193],[2.4122034,43.2307618],[2.4120086,43.2306898],[2.4113336,43.2302656],[2.4102736,43.229288],[2.4096166,43.2291693],[2.4081869,43.2284904],[2.4073345,43.2282353],[2.4069397,43.2280564],[2.4067332,43.2278735],[2.4062737,43.2270019],[2.4061513,43.2264851],[2.4056648,43.2253605],[2.4055838,43.2246565],[2.405766,43.2245572],[2.4057161,43.2239257],[2.4055245,43.2231539],[2.4055486,43.222456],[2.4056971,43.221992],[2.406573,43.2209421],[2.4076918,43.2200757],[2.4082791,43.2198075],[2.4110374,43.2192297],[2.41241,43.2185776],[2.4130025,43.2185734],[2.4155031,43.2189063],[2.4180172,43.2190453],[2.4191172,43.2190504],[2.4193133,43.2189505],[2.4195113,43.2187946],[2.4196443,43.2185438],[2.4203756,43.2165572],[2.4206969,43.2159145],[2.4209254,43.2157243],[2.4210705,43.215439],[2.4210547,43.2140694],[2.4214825,43.2107237],[2.4216159,43.2103506],[2.424028,43.208272],[2.424992,43.207237],[2.425874,43.206677],[2.426552,43.206614],[2.427299,43.206663],[2.429189,43.207114],[2.430184,43.206709],[2.430655,43.206611],[2.431987,43.206634],[2.432468,43.206544],[2.432848,43.206331],[2.432859,43.206175],[2.432998,43.20617],[2.43288,43.20639],[2.432471,43.20659],[2.431884,43.206684],[2.431007,43.206633],[2.430339,43.206729],[2.429627,43.207071],[2.429517,43.207199],[2.430745,43.207928],[2.432816,43.208928],[2.4334,43.209291],[2.437193,43.210294],[2.438131,43.210386],[2.438974,43.210334],[2.4398487,43.20935],[2.4401269,43.2088457],[2.4405055,43.2086008],[2.440927,43.208638],[2.442005,43.207931],[2.442327,43.207652],[2.443567,43.206113],[2.444423,43.205206],[2.44517,43.204603],[2.445716,43.204436],[2.446819,43.204359],[2.447027,43.204267],[2.447037,43.204377],[2.447334,43.204326],[2.447329,43.204249],[2.447563,43.20426],[2.447617,43.204352],[2.448342,43.204389],[2.449462,43.204224],[2.450673,43.203886],[2.451966,43.203293],[2.453759,43.2028001],[2.454368,43.2027101],[2.4549905,43.2024313],[2.4555534,43.2019975],[2.4574731,43.1999472],[2.4594033,43.198274],[2.46034,43.1972148],[2.461461,43.1964621],[2.462232,43.1957421],[2.463347,43.1951711],[2.465509,43.1948431],[2.470425,43.1932931],[2.473977,43.1927061],[2.4758789,43.1924946],[2.4823384,43.1907709],[2.4826877,43.1907908],[2.4870029,43.1900031],[2.4877377,43.1897715],[2.4883742,43.1897435],[2.4898194,43.1893436],[2.4905788,43.1890486],[2.4908499,43.1887317],[2.4907876,43.1885328],[2.4908365,43.1883292],[2.4917751,43.188034],[2.4937086,43.1876786],[2.4961891,43.1864683],[2.4980823,43.1858004],[2.4996374,43.1855775],[2.5002406,43.185647],[2.5029475,43.1864041],[2.5068507,43.1873629],[2.5073737,43.1876683],[2.5087433,43.1882641],[2.5102845,43.1883487],[2.5139832,43.1881401],[2.5145129,43.1881883],[2.5160239,43.1885072],[2.5168985,43.1888655],[2.517531,43.1892476],[2.5183973,43.19035],[2.5186837,43.1908426],[2.5187965,43.191247],[2.5187219,43.1928878],[2.5189938,43.1942913],[2.5194193,43.1958338],[2.5196727,43.1973488],[2.5197852,43.1986752],[2.5200921,43.2003697],[2.5206439,43.2009931],[2.5213433,43.20108],[2.5218397,43.2010426],[2.5227235,43.2005988],[2.522812,43.2007425],[2.5232761,43.2006682],[2.5232519,43.2005499],[2.523838,43.2004531],[2.5248934,43.2000944],[2.5298502,43.2000025],[2.5330339,43.1994384],[2.5337809,43.1994071],[2.535857,43.1995645],[2.5371551,43.1995645],[2.5447834,43.1993103],[2.5484982,43.1993748],[2.55007,43.1992243],[2.5515801,43.1988078],[2.5547451,43.1989877],[2.5554934,43.1987394],[2.55651,43.1981215],[2.5573254,43.1973061],[2.5584975,43.1967645],[2.5591922,43.1965905],[2.5610751,43.1964497],[2.5616571,43.1965377],[2.5622874,43.1964027],[2.5625074,43.1959902],[2.5623921,43.1957164],[2.5616786,43.19547],[2.5613943,43.1955013],[2.5624135,43.1945881],[2.5639477,43.1939956],[2.5643125,43.193982],[2.5656697,43.1946429],[2.5672039,43.1949694],[2.5668848,43.1947935],[2.5672951,43.1948795],[2.5676492,43.1950907],[2.5697252,43.1972553],[2.57009,43.1982505],[2.5706881,43.1988469],[2.5721097,43.1996838],[2.572559,43.199847],[2.573247,43.2004756],[2.574278,43.200699],[2.5749397,43.2004442],[2.5755977,43.2000533],[2.5764084,43.1997694],[2.5769476,43.199758],[2.5772163,43.1998889],[2.5777997,43.2005903],[2.5782261,43.200946],[2.5785501,43.2010592],[2.5798909,43.2011986],[2.5813033,43.2016341],[2.5825283,43.2016878],[2.5831976,43.2014796],[2.5856026,43.2000854],[2.5863353,43.1995636],[2.5872014,43.199226],[2.587735,43.1991428],[2.5912744,43.1975866],[2.5923045,43.1974603],[2.5934584,43.1971417],[2.5949284,43.1972007],[2.5967514,43.1976105],[2.5985707,43.1976572],[2.5994936,43.1980011],[2.6001621,43.1988326],[2.6017961,43.2000575],[2.6024644,43.2009338],[2.6027996,43.2012084],[2.6035557,43.2027305],[2.6041331,43.2034586],[2.6045298,43.2036931],[2.6051102,43.2039506],[2.6074428,43.2042454],[2.6093146,43.2047538],[2.6111833,43.2049855],[2.6128685,43.2051133],[2.6141158,43.2050419],[2.6145503,43.2047887],[2.6160389,43.2042863],[2.6190779,43.2035062],[2.6201373,43.2031308],[2.6228202,43.2007633],[2.6244021,43.199474],[2.6248,43.1991956],[2.6256827,43.199124],[2.6259366,43.1990102],[2.6260441267401764,43.19906543281453]],[[2.286254,43.1084156],[2.2860941,43.1085503],[2.2858104,43.1084208],[2.2861162,43.1083415],[2.286254,43.1084156]],[[2.2873544,43.1091228],[2.287513,43.1089359],[2.2876695,43.1089893],[2.2874601,43.1091837],[2.2873544,43.1091228]],[[2.3287417,43.1484046],[2.3285566,43.1483215],[2.3285566,43.1481336],[2.3287739,43.1482256],[2.3287417,43.1484046]],[[2.4589999,43.1108246],[2.4590745,43.1108887],[2.4588788,43.1111051],[2.4589928,43.1116359],[2.4581655,43.111716],[2.4583324,43.1111779],[2.4583292,43.1106418],[2.4584453,43.110483],[2.4586795,43.1108318],[2.4589999,43.1108246]],[[2.4458374,43.1116823],[2.4456912,43.1116852],[2.4457851,43.1113436],[2.4460265,43.111508],[2.4458374,43.1116823]],[[2.4591982,43.1125612],[2.459122,43.1126796],[2.4591676,43.1128913],[2.4590138,43.1132905],[2.459014,43.1137135],[2.4591906,43.1143199],[2.4582801,43.1144228],[2.4581156,43.1142424],[2.457579,43.1140979],[2.4575996,43.1139995],[2.4583127,43.1138609],[2.4582656,43.1133739],[2.4588626,43.1124987],[2.4586879,43.1121212],[2.4589476,43.1122731],[2.4591982,43.1125612]],[[2.4536593,43.1280059],[2.4532898,43.1280796],[2.4529506,43.1279418],[2.4529074,43.1279772],[2.4530179,43.128095],[2.452641,43.1280241],[2.4523259,43.1277649],[2.4525013,43.1276506],[2.4529,43.1278431],[2.4537402,43.1279204],[2.4536593,43.1280059]],[[2.4382736,43.1288506],[2.4386344,43.1287576],[2.4399061,43.1290186],[2.4397477,43.1290918],[2.4392841,43.1289717],[2.4392912,43.1290818],[2.4390178,43.1291781],[2.4390037,43.1292538],[2.4370709,43.1298905],[2.4369249,43.1295083],[2.4379429,43.1291778],[2.4382736,43.1288506]],[[2.424136,43.1294506],[2.423999,43.129541],[2.423888,43.1294595],[2.4243817,43.1291169],[2.4242952,43.1293074],[2.4240974,43.1293855],[2.424136,43.1294506]],[[2.441132,43.1298688],[2.4411169,43.1297562],[2.4416476,43.129664],[2.4421807,43.1297525],[2.4413013,43.1299378],[2.441132,43.1298688]],[[2.4360949,43.1301426],[2.4360573,43.1304284],[2.4359474,43.1304333],[2.4359997,43.1301416],[2.4360949,43.1301426]],[[2.4205005,43.1412073],[2.4204482,43.1411446],[2.4205944,43.1411378],[2.4205005,43.1412073]],[[2.4286089,43.1763841],[2.4285984,43.1764055],[2.4285753,43.1763734],[2.4286089,43.1763841]],[[2.4223471,43.182402],[2.4226025,43.182171],[2.4238941,43.1817688],[2.4238337,43.1820298],[2.4225495,43.1829795],[2.422323,43.1830138],[2.4218013,43.1833215],[2.4214924,43.183722],[2.4213208,43.1846451],[2.4211958,43.1847596],[2.4210564,43.1851519],[2.4210896,43.1854046],[2.4217417,43.1855265],[2.4214967,43.1857137],[2.4215193,43.1858534],[2.4213136,43.1859221],[2.4212155,43.1862078],[2.4212721,43.1862778],[2.4211088,43.1864026],[2.4212029,43.1865357],[2.4209186,43.1868448],[2.4200889,43.1870937],[2.4182117,43.1868914],[2.4182689,43.1862193],[2.418012,43.1860907],[2.4175453,43.1861992],[2.4165089,43.1860338],[2.4159241,43.1861663],[2.4154267,43.186097],[2.4154064,43.1860076],[2.415792,43.1859029],[2.4161764,43.1855969],[2.4178166,43.1853959],[2.4179914,43.1853106],[2.417397,43.1846835],[2.4173259,43.184482],[2.4173513,43.1841783],[2.4175032,43.1838913],[2.4181302,43.1833467],[2.4181623,43.1831265],[2.4180048,43.1827672],[2.4180839,43.1825836],[2.4177205,43.1824225],[2.4174609,43.1821689],[2.4173963,43.182087],[2.4174594,43.1818721],[2.4172598,43.1819601],[2.4167532,43.1817947],[2.4164662,43.1816646],[2.4162791,43.1813884],[2.4162755,43.1812161],[2.4163584,43.181146],[2.4162851,43.1804544],[2.4164083,43.1802293],[2.4169288,43.1798988],[2.4176212,43.1796324],[2.4179452,43.1793343],[2.4179983,43.1792121],[2.4178555,43.1790766],[2.4178196,43.1789147],[2.4178412,43.1783237],[2.4179569,43.1782914],[2.41804,43.1783868],[2.417923,43.1787918],[2.4180066,43.1789828],[2.4184123,43.179264],[2.4183472,43.1794812],[2.4179678,43.1798227],[2.4179054,43.17997],[2.4173434,43.180362],[2.4173507,43.1810728],[2.4178299,43.1815044],[2.418419,43.1817133],[2.4189646,43.1815753],[2.4190679,43.181569],[2.4191652,43.1816965],[2.420239,43.1815408],[2.4204329,43.1817008],[2.4197715,43.1820618],[2.4188421,43.182257],[2.4188579,43.1825206],[2.419169,43.18254],[2.4192737,43.1826672],[2.4192752,43.1829292],[2.4195354,43.1832442],[2.419602,43.1835449],[2.4194542,43.1840042],[2.4192928,43.1840892],[2.4193225,43.1841636],[2.4199423,43.1843528],[2.4201771,43.1843696],[2.4205091,43.1842645],[2.4206189,43.1841262],[2.420724,43.1836556],[2.4209406,43.1833351],[2.4209389,43.1831944],[2.4214289,43.1826327],[2.4215149,43.1823382],[2.4216298,43.1822795],[2.4221167,43.1824551],[2.4223471,43.182402]],[[2.3534557,43.1985731],[2.3536206,43.1986012],[2.3535695,43.1986961],[2.3534337,43.1986736],[2.3534557,43.1985731]],[[2.451468,43.20235],[2.451427,43.202375],[2.451432,43.202316],[2.451468,43.20235]],[[2.451334,43.202503],[2.451119,43.202561],[2.451057,43.202476],[2.45125,43.202378],[2.451334,43.202503]],[[2.4396767,43.2026726],[2.4402212,43.2022715],[2.4403158,43.2023319],[2.4396767,43.2026726]],[[2.451382,43.202605],[2.451443,43.202727],[2.451254,43.202784],[2.451176,43.202713],[2.451213,43.202623],[2.451382,43.202605]],[[2.451559,43.202683],[2.451565,43.202711],[2.451504,43.202682],[2.451559,43.202683]],[[2.4221168,43.2054823],[2.4228793,43.2054158],[2.4230216,43.205461],[2.4230544,43.2055487],[2.4229376,43.2056338],[2.4221022,43.2056684],[2.4221168,43.2054823]],[[2.3892039,43.2102096],[2.3888454,43.2102699],[2.3894358,43.2090293],[2.38966,43.2089773],[2.3899739,43.2090639],[2.3900346,43.2091369],[2.3900003,43.2092965],[2.3892039,43.2102096]],[[2.3852466,43.2133012],[2.3855314,43.2133498],[2.3858798,43.2130362],[2.3860131,43.2130914],[2.3855526,43.2134602],[2.3851982,43.2133873],[2.3852466,43.2133012]],[[2.3844371,43.2169557],[2.384472,43.2170691],[2.3839101,43.2171659],[2.3833964,43.2170418],[2.3835117,43.2168903],[2.3837585,43.2169851],[2.3844371,43.2169557]],[[2.396515,43.2217153],[2.3957358,43.2220178],[2.3955637,43.2217725],[2.3968192,43.2214027],[2.3969127,43.2214645],[2.396515,43.2217153]],[[2.3941813,43.2221364],[2.3949703,43.2219265],[2.3950333,43.2220126],[2.3942701,43.2222382],[2.3941546,43.2222369],[2.3941813,43.2221364]],[[2.4095119,43.2331473],[2.4071944,43.2333506],[2.4071944,43.2330066],[2.4072803,43.232819],[2.4072373,43.2323969],[2.4070657,43.2319592],[2.4069799,43.2313964],[2.411486,43.231068],[2.4108422,43.2320373],[2.4100698,43.2329441],[2.4095119,43.2331473]],[[2.5436345,43.0410656],[2.5435567,43.0409049],[2.5436425,43.0408696],[2.5437793,43.0409637],[2.5436345,43.0410656]],[[2.5439992,43.0413342],[2.5439134,43.0410931],[2.5440314,43.0410617],[2.5441226,43.0412166],[2.5439992,43.0413342]],[[2.5544559,43.0617057],[2.5543984,43.0618183],[2.5543984,43.0617076],[2.5544559,43.0617057]],[[2.5022533,43.0639206],[2.5022344,43.0639856],[2.5017126,43.0641389],[2.5014461,43.0643654],[2.5009999,43.0643902],[2.5008657,43.0643074],[2.5007504,43.0637452],[2.501153,43.0637881],[2.5013818,43.0638834],[2.5014725,43.0640229],[2.5020604,43.0638695],[2.5022533,43.0639206]],[[2.4672037,43.0673564],[2.46748,43.067523],[2.4676275,43.0677954],[2.4674934,43.0678875],[2.4670494,43.06742],[2.4672037,43.0673564]],[[2.5443178,43.0765133],[2.5444277,43.0764388],[2.5445109,43.076574],[2.5443875,43.0766112],[2.5443178,43.0765133]],[[2.5391079,43.0885675],[2.5393412,43.0879642],[2.5399555,43.0881326],[2.5397382,43.0887222],[2.5391079,43.0885675]],[[2.4711252,43.1222238],[2.4710031,43.1221792],[2.4712092,43.1220313],[2.471311,43.1220623],[2.47128,43.1221566],[2.4711252,43.1222238]],[[2.5514299,43.1239253],[2.5513494,43.1240643],[2.5505125,43.1241407],[2.5502558,43.1240457],[2.5510383,43.1239116],[2.5514299,43.1239253]],[[2.5022887,43.1281202],[2.5027367,43.1281004],[2.5033136,43.1281747],[2.503291,43.1282853],[2.5022596,43.1281911],[2.5022887,43.1281202]],[[2.5952693,43.1322007],[2.5953203,43.1321905],[2.5952793,43.1322327],[2.5952693,43.1322007]],[[2.5179499,43.1431501],[2.5177439,43.1433427],[2.517407,43.1431485],[2.5173899,43.1430374],[2.5181516,43.1425395],[2.5183318,43.1426569],[2.5179821,43.1431313],[2.517834,43.1430405],[2.5179499,43.1431501]],[[2.5313479,43.1732579],[2.5325767,43.1731216],[2.5327091,43.1732519],[2.531483,43.1734687],[2.5313434,43.1733938],[2.5313479,43.1732579]],[[2.5269358,43.1745123],[2.5275646,43.1747366],[2.5270817,43.1750487],[2.5265261,43.1747795],[2.526464,43.1744774],[2.525969,43.1742534],[2.5258859,43.1740198],[2.5266956,43.1742999],[2.5269358,43.1745123]],[[2.5457543,43.1786083],[2.5456953,43.1788156],[2.5452099,43.1786376],[2.5457543,43.1786083]],[[2.4906282,43.1807764],[2.4908052,43.1807324],[2.4907207,43.1808439],[2.4906282,43.1807764]],[[2.4917668,43.1809192],[2.4915312,43.1808425],[2.4917534,43.1808419],[2.4917668,43.1809192]],[[2.5963725,43.1822808],[2.5966797,43.1822449],[2.596697,43.1824679],[2.5963614,43.1824751],[2.5963725,43.1822808]],[[2.5154165,43.1839322],[2.5155489,43.1839198],[2.5155622,43.1839955],[2.5154298,43.1840078],[2.5154165,43.1839322]]],[[[2.2960649,43.1176406],[2.295146,43.1173129],[2.2944104,43.1172301],[2.2935468,43.1172625],[2.2929124,43.1174667],[2.2936562,43.1177389],[2.2960649,43.1176406]]],[[[2.2970756,43.1432814],[2.2964497,43.1440518],[2.2959248,43.1451451],[2.2958755,43.1459824],[2.2952575,43.1473262],[2.2952631,43.1474841],[2.2955441,43.1474888],[2.2959603,43.1477747],[2.2959309,43.147855],[2.2957197,43.147803],[2.2956403,43.1479815],[2.295708,43.1481161],[2.296064,43.148327],[2.2967262,43.1484772],[2.2984151,43.1485979],[2.2985833,43.1484856],[2.298827,43.147831],[2.2994904,43.1468032],[2.2998188,43.1465756],[2.300664,43.1463928],[2.3023482,43.1458454],[2.3025937,43.1456464],[2.302126,43.1456084],[2.3011157,43.1452825],[2.3007116,43.1449656],[2.300557,43.1445921],[2.300357,43.1444112],[2.2990194,43.1437002],[2.2984401,43.1429225],[2.2982029,43.1428365],[2.2975477,43.14302],[2.2970756,43.1432814]]],[[[2.3057194,43.1609339],[2.3057682,43.1598665],[2.3055504,43.1596713],[2.3056083,43.1606767],[2.3057194,43.1609339]]],[[[2.3030786,43.1670844],[2.3031099,43.1673777],[2.303194,43.1673234],[2.303365,43.1667319],[2.3033169,43.1666515],[2.30323,43.166691],[2.3030786,43.1670844]]],[[[2.3030771,43.1677297],[2.3030146,43.1679086],[2.3032481,43.1681483],[2.3032178,43.1677727],[2.3030771,43.1677297]]],[[[2.3316117,43.2022056],[2.332589,43.2024129],[2.3324847,43.2022964],[2.3325248,43.2022262],[2.33203,43.201729],[2.3299265,43.20024],[2.3296204,43.2004352],[2.3297079,43.2009029],[2.3296546,43.2009541],[2.3308002,43.2018576],[2.3316117,43.2022056]]],[[[2.4933623,43.187945],[2.4933405,43.1878636],[2.4920124,43.1881164],[2.4911544,43.1885223],[2.4927267,43.1883167],[2.4933623,43.187945]]],[[[2.5625288,43.1948228],[2.5621507,43.1952931],[2.5623827,43.1954211],[2.5625865,43.1949479],[2.5625288,43.1948228]]],[[[2.5721553,43.2001198],[2.5725362,43.200898],[2.5730914,43.200984],[2.5733972,43.2008276],[2.5725201,43.1999282],[2.5719166,43.1996838],[2.5711629,43.1992477],[2.5711521,43.1993162],[2.5721553,43.2001198]]],[[[2.2057997,43.2093785],[2.2059715,43.2094619],[2.2059271,43.2093945],[2.2057997,43.2093785]]],[[[2.2055395,43.2094377],[2.2054476,43.2094178],[2.205511,43.2094731],[2.2055395,43.2094377]]],[[[2.2057321,43.2094009],[2.2055842,43.2094569],[2.2057196,43.2094513],[2.2057321,43.2094009]]],[[[2.2060955,43.2094758],[2.206025,43.2094559],[2.2060692,43.2095327],[2.2060955,43.2094758]]],[[[2.2057319,43.2095319],[2.2058206,43.2095013],[2.2057624,43.2094728],[2.2057319,43.2095319]]],[[[2.2058661,43.2095156],[2.2058689,43.2095562],[2.2059396,43.2095092],[2.2058661,43.2095156]]],[[[2.4204384,43.1853585],[2.4203207,43.1852044],[2.4203035,43.1850089],[2.4201035,43.184973],[2.4198919,43.1851638],[2.4199117,43.1855966],[2.4201351,43.185671],[2.4203741,43.1856059],[2.4204384,43.1853585]]],[[[2.4445802,43.209982],[2.4445462,43.2100904],[2.444776,43.2100357],[2.4445802,43.209982]]],[[[2.518861,43.2784497],[2.5187443,43.2783615],[2.5186734,43.2785063],[2.5188106,43.278538],[2.518861,43.2784497]]],[[[2.7021711,43.2659179],[2.7020823,43.2659852],[2.7021121,43.2660722],[2.7028405,43.2662666],[2.7029579,43.2661312],[2.7021711,43.2659179]]],[[[2.7016045,43.2754839],[2.7017727,43.2755674],[2.701895,43.2753392],[2.7017574,43.2753003],[2.701574,43.2753837],[2.7016045,43.2754839]]]]}},{"type":"Feature","properties":{"id":"aux-sources-du-canal-du-midi","name":"Aux sources du Canal du Midi","type":"island","members":["les-brunels-11"]},"geometry":{"type":"Polygon","coordinates":[[[2.0204715,43.4228266],[2.0217829,43.4229288],[2.0224373,43.4227737],[2.0229408,43.4224586],[2.0230073,43.4225266],[2.0231762,43.4225112],[2.0233804,43.422329],[2.0263067,43.4211481],[2.0268831,43.4206072],[2.0269144,43.4202801],[2.0271874,43.4201091],[2.0278869,43.419876],[2.0282335,43.4198399],[2.028317,43.4197214],[2.0290138,43.4196051],[2.0304477,43.4191716],[2.0345909,43.4209055],[2.0377867,43.422422],[2.0383038,43.4228639],[2.0386609,43.4233835],[2.0390745,43.423788],[2.0395524,43.4241134],[2.0391192,43.4248413],[2.0385013,43.4255845],[2.0382711,43.426001],[2.0370995,43.4271212],[2.0364956,43.4274028],[2.0361465,43.4277723],[2.0351862,43.4284805],[2.0347464,43.4286091],[2.0344646,43.4288257],[2.0342385,43.4287463],[2.0337147,43.4292031],[2.0328781,43.4297394],[2.0326456,43.4297651],[2.0325243,43.429982],[2.0323023,43.4301063],[2.0319933,43.4305853],[2.0314342,43.4308969],[2.0308967,43.4317841],[2.0307155,43.4326902],[2.0307086,43.4332958],[2.0302748215225725,43.4344899849833],[2.0306062,43.4343902],[2.0307718,43.434546],[2.0307756,43.4349016],[2.0309118,43.4351042],[2.0311476,43.435191],[2.0339544,43.4351162],[2.0350804,43.4353213],[2.0357547,43.4353164],[2.0364124,43.4351693],[2.0373291,43.4351886],[2.0378772,43.4353188],[2.0380466,43.435548],[2.0382326,43.4355576],[2.0386976,43.4353406],[2.039171,43.4352862],[2.0394847,43.4348904],[2.0396744,43.43488],[2.0397398,43.4347858],[2.0395666,43.4346676],[2.0395582,43.4345671],[2.0397112,43.4344691],[2.0400721,43.4343951],[2.0403454,43.4346528],[2.0404644,43.4346283],[2.0405948,43.4343171],[2.0416966,43.4343489],[2.0417211,43.4342736],[2.0415408,43.4340967],[2.041556,43.4340255],[2.0417322,43.4339883],[2.0426285,43.434058],[2.0428331,43.4341495],[2.042996,43.4339567],[2.0431274,43.4339276],[2.0439315,43.4340177],[2.044114,43.4341898],[2.0452883,43.43414],[2.0455132,43.4338769],[2.0462464,43.4335669],[2.0463532,43.433334],[2.0465959,43.4331308],[2.0470106,43.4332029],[2.0475745,43.4329979],[2.0478945,43.4330579],[2.0482822,43.432891],[2.0483269,43.4327549],[2.0485122,43.4327035],[2.0489715,43.4323629],[2.0489742,43.4320436],[2.0503169,43.431653],[2.050724,43.4312869],[2.0517766,43.430938],[2.0522302,43.4306311],[2.0527393,43.4306709],[2.0547532,43.4285357],[2.0552048,43.4283029],[2.0553273,43.4280165],[2.0545182,43.4271472],[2.0544507,43.4266482],[2.0546421,43.426395],[2.0550281,43.426285],[2.0549377,43.425939],[2.0551423,43.4257109],[2.0555145,43.425635],[2.0556753,43.42541],[2.0555749,43.4250312],[2.0557035,43.4247964],[2.0560673,43.4245685],[2.0561818,43.4244113],[2.056262,43.4239437],[2.056508,43.4233924],[2.0569952,43.4231888],[2.0574467,43.4226771],[2.0574918,43.422398],[2.0582154,43.4220171],[2.0586797,43.4219823],[2.0591916,43.4214877],[2.0591515,43.4212396],[2.0589657,43.4210916],[2.0589525,43.4208789],[2.0594045,43.4207066],[2.0595527,43.4198177],[2.0598972,43.4195884],[2.0601563,43.4192778],[2.0607016,43.4192154],[2.061258,43.4188939],[2.0612539,43.418718],[2.0609563,43.4183904],[2.0608189,43.4178294],[2.060991,43.4176868],[2.0610988,43.4170737],[2.0610421,43.4168865],[2.0610974,43.4165438],[2.0613296,43.4160052],[2.0613805,43.4156991],[2.0612293,43.4153608],[2.0612676,43.4152552],[2.0615391,43.415021],[2.0617921,43.4146114],[2.0630218,43.4137454],[2.0631766,43.4135635],[2.0631833,43.4133512],[2.0638257,43.4131099],[2.063762,43.4126894],[2.0644297,43.4121017],[2.0649593,43.4118646],[2.0654249,43.411233],[2.0664585,43.4111572],[2.0667515,43.4109845],[2.0676045,43.4107642],[2.0681708,43.4109032],[2.0684836,43.4105353],[2.0684559,43.4103211],[2.0686006,43.4099085],[2.0687008,43.4090483],[2.0694107,43.4083092],[2.0696905,43.4081148],[2.0702964,43.4080381],[2.0706721,43.4076706],[2.0710769,43.4074202],[2.0715633,43.4068185],[2.0716747,43.4068223],[2.0717134,43.406644],[2.0716126,43.4062597],[2.0711398,43.4061925],[2.070611,43.4063484],[2.0690724,43.4062534],[2.0681641,43.4060736],[2.0676062,43.4059334],[2.0662488,43.405172],[2.066739,43.4044801],[2.0673046,43.4041218],[2.0675493,43.4037887],[2.068151,43.4033091],[2.0682648,43.4030535],[2.0682253,43.4025032],[2.0683863,43.4022998],[2.0681006,43.4015325],[2.0685757,43.4009702],[2.0688759,43.4001306],[2.0692995,43.3994044],[2.0702685,43.3986212],[2.0711757,43.3983848],[2.0715801,43.3980781],[2.0718604,43.397677],[2.0718828,43.3974303],[2.0723038,43.3967239],[2.0724793,43.3962688],[2.0721821,43.3957798],[2.0710584,43.3957171],[2.0703076,43.3953361],[2.0697546,43.3952783],[2.0694909,43.3948581],[2.0689393,43.3944694],[2.0682679,43.3936609],[2.067418,43.3931989],[2.0675293,43.393054],[2.0674635,43.3929247],[2.0665235,43.3927853],[2.0658166,43.3925092],[2.0647764,43.3925228],[2.0647551,43.3923372],[2.0644354,43.3920701],[2.0638378,43.3920929],[2.0636844,43.3917617],[2.0633864,43.3915996],[2.0629801,43.3909208],[2.0629818,43.3905496],[2.0632038,43.3903887],[2.06325,43.3899612],[2.0636306,43.3890018],[2.0637556,43.3882678],[2.0634138,43.3880249],[2.0633485,43.3877746],[2.0624224,43.3870542],[2.0624012,43.3868605],[2.0622469,43.386731],[2.0621932,43.3863677],[2.0623498,43.386005],[2.062119,43.3856575],[2.0621088,43.3854718],[2.0619655,43.3853585],[2.0619889,43.3850761],[2.0612353,43.3853487],[2.0605669,43.3863315],[2.0605984,43.3867108],[2.060432,43.3868072],[2.0603853,43.3873397],[2.0599488,43.3884199],[2.0596592,43.3888227],[2.0590813,43.389378],[2.0587136,43.3899259],[2.0580044,43.3901662],[2.0575509,43.3901247],[2.0574064,43.3902615],[2.055682,43.3899022],[2.0550524,43.3896585],[2.0546416,43.3899722],[2.0542648,43.3901004],[2.051941,43.3901268],[2.0503498,43.389687],[2.0480372,43.3897053],[2.0478154,43.3898016],[2.0477927,43.3899307],[2.0482666,43.3903192],[2.0483544,43.3904566],[2.0482764,43.3905774],[2.0471799,43.3908006],[2.046018,43.3908218],[2.0450682,43.3904562],[2.0446046,43.39043],[2.0440401,43.3901346],[2.0439264,43.3902241],[2.0440187,43.3923659],[2.0444938,43.3925124],[2.0447141,43.3927228],[2.0453663,43.3928617],[2.0453215,43.3929745],[2.0446128,43.3930776],[2.0438887,43.3940682],[2.0436018,43.3939142],[2.042813,43.3945496],[2.040791,43.3939391],[2.0400959,43.3935338],[2.0396978,43.3934843],[2.0398158,43.3942351],[2.0390831,43.3947093],[2.0370276,43.3963822],[2.0361461,43.3956294],[2.0360482,43.3952822],[2.0358604,43.3952252],[2.035674,43.3948697],[2.0359077,43.3946201],[2.0359308,43.3944185],[2.0354268,43.3934246],[2.0352532,43.3927382],[2.0349663,43.3925841],[2.0341706,43.3923883],[2.0330088,43.3923691],[2.0315932,43.3922281],[2.0315498,43.3920504],[2.0310863,43.3918152],[2.0309424,43.3918309],[2.0308411,43.3921534],[2.031159,43.3927514],[2.0318193,43.3934552],[2.0319605,43.3939882],[2.0319028,43.394448],[2.0316788,43.3949638],[2.0317974,43.3955774],[2.0316072,43.3959884],[2.0316064,43.3961579],[2.0314951,43.3962786],[2.031671,43.3965131],[2.031426,43.3968029],[2.0314468,43.3970693],[2.0318538,43.3975546],[2.0318748,43.3977806],[2.031384,43.3985377],[2.0313268,43.3989088],[2.0317348,43.3991842],[2.0321738,43.3999197],[2.0325261,43.4002677],[2.0330681,43.4003337],[2.0334978,43.400698],[2.0339075,43.4006507],[2.0343388,43.4007164],[2.0347772,43.4037516],[2.0347098,43.4039532],[2.0343981,43.4043235],[2.0347095,43.4062126],[2.0341502,43.4073892],[2.0338051,43.4077837],[2.0328981,43.4076683],[2.0324344,43.407433],[2.0321909,43.4074404],[2.0319244,43.4076011],[2.0311042,43.4078248],[2.0307282,43.4077673],[2.0301615,43.4082015],[2.0297965,43.4081682],[2.0296073,43.4083614],[2.028986,43.4086421],[2.0281104,43.4088899],[2.0267663,43.4098303],[2.0262721,43.4112088],[2.0262592,43.4115638],[2.0256692,43.4122158],[2.0249761,43.4135131],[2.0249073,43.4139728],[2.0249724,43.4142312],[2.0249049,43.4144409],[2.0242822,43.4149798],[2.0240586,43.4154068],[2.0236031,43.4157203],[2.0236093,43.4166563],[2.0233742,43.4171641],[2.0235272,43.4175437],[2.0234377,43.417721],[2.0230597,43.4180185],[2.0230476,43.4182202],[2.0225999,43.419147],[2.0220901,43.4192585],[2.0217564,43.4195723],[2.0217547,43.4198951],[2.021364,43.4205072],[2.0213505,43.4209752],[2.0211829,43.4212653],[2.0211145,43.4216443],[2.0204715,43.4228266]],[[2.0394339,43.4138239],[2.0400776,43.4136564],[2.04026,43.4136992],[2.0402654,43.4137733],[2.0391871,43.414385],[2.0391657,43.4140538],[2.0394339,43.4138239]],[[2.0522465,43.414774],[2.0518577,43.4146116],[2.0529347,43.4145004],[2.0531595,43.4145605],[2.0531887,43.4148527],[2.0528703,43.4150653],[2.0527945,43.4150141],[2.0528676,43.4149521],[2.0527978,43.4148458],[2.052451,43.414711],[2.0522465,43.414774]],[[2.0376006,43.4146978],[2.038019,43.4146003],[2.0382765,43.4146315],[2.0384321,43.4147601],[2.0384321,43.4149043],[2.0372412,43.4155277],[2.0366189,43.4156797],[2.0362219,43.4149588],[2.0373914,43.414651],[2.0376006,43.4146978]],[[2.0524433,43.4192705],[2.0523802,43.4193774],[2.051957,43.4195185],[2.0517912,43.4192435],[2.0518061,43.4191546],[2.0520276,43.4190899],[2.0523616,43.4191671],[2.0524433,43.4192705]]]}},{"type":"Feature","properties":{"id":"castelnaudary-lauragais-audois","name":"Castelnaudary Lauragais Audois","type":"island","members":["airoux-11","baraigne-11","belflou-11","castelnaudary-11","cumies-11","fajac-la-relenque-11","fendeille-11","gourvieille-11","issel-11","la-louviere-lauragais-11","la-pomarede-11","labastide-danjou-11","labecede-lauragais-11","lasbordes-11","laurabuc-11","les-casses-11","marquein-11","mas-saintes-puelles-11","mayreville-11","mezerville-11","mireval-lauragais-11","molleville-11","montauriol-11","montferrand-11","montmaur-11","payra-sur-lhers-11","peyrefitte-sur-lhers-11","peyrens-11","puginier-11","ricaud-11","saint-martin-lalande-11","saint-michel-de-lanes-11","saint-papoul-11","saint-paulet-11","sainte-camelle-11","salles-sur-lhers-11","souilhanels-11","souilhe-11","soupex-11","treville-11","verdun-en-lauragais-11","villemagne-11","villeneuve-la-comptal-11"]},"geometry":{"type":"MultiPolygon","coordinates":[[[[1.8218098,43.2342444],[1.8158096,43.2361742],[1.8150771,43.2366274],[1.8134802,43.2367468],[1.8117756,43.2372715],[1.8081283,43.2377871],[1.8064313,43.2374493],[1.8038217,43.2382994],[1.8014247,43.2386431],[1.7980598,43.2386017],[1.7967108,43.2381386],[1.7963641,43.2381116],[1.7952843,43.2385883],[1.794241,43.2388623],[1.7923313,43.2390306],[1.7919141,43.23913],[1.7893576,43.2402911],[1.7878718,43.2402984],[1.7871843,43.2404789],[1.7861849,43.2410172],[1.7827669,43.2422706],[1.7814153,43.2425564],[1.7809634,43.2419776],[1.7810136,43.2414931],[1.7812204,43.2413855],[1.7811994,43.2411848],[1.7803467,43.2406792],[1.7811643,43.2400397],[1.7817039,43.2397833],[1.7811823,43.2393295],[1.780778,43.2385503],[1.7797083,43.2380268],[1.7793482,43.237415],[1.7782644,43.2359638],[1.7777787,43.2355381],[1.7771601,43.2359103],[1.7762555,43.2371786],[1.7758556,43.2373233],[1.7742081,43.2375684],[1.7727634,43.2380088],[1.7722963,43.2382825],[1.771966,43.2387839],[1.7713991,43.2392764],[1.7694903,43.2398878],[1.7686899,43.2403297],[1.767589,43.2407284],[1.7668466,43.2417461],[1.7665148,43.2419335],[1.7646387,43.2423084],[1.7635749,43.2426298],[1.7626823,43.2431416],[1.7621065,43.2432636],[1.7606842,43.2432338],[1.7593645,43.2433127],[1.7583633,43.2432338],[1.7578608,43.2431025],[1.7583837,43.2454696],[1.7586046,43.2457068],[1.7595459,43.2461366],[1.7595505,43.2468793],[1.7594478,43.2471793],[1.759946,43.2478175],[1.760169,43.2483832],[1.7599957,43.248695],[1.7601913,43.2493365],[1.7589708,43.2494818],[1.7583979,43.2494667],[1.7588944,43.2502491],[1.7587445,43.2512075],[1.7588842,43.2517941],[1.7591492,43.2523084],[1.7602002,43.2527054],[1.7609751,43.2528794],[1.7584789,43.2540206],[1.7584569,43.2536468],[1.7561526,43.2539837],[1.7541412,43.2548765],[1.7531283,43.2547467],[1.7522124,43.2542872],[1.750585,43.2542413],[1.7499987,43.2540638],[1.7446701,43.256058],[1.743266,43.2566985],[1.7428481,43.2567336],[1.7417343,43.2573195],[1.7405798,43.2577121],[1.7397034,43.2584238],[1.7380917,43.2585148],[1.7366276,43.2583326],[1.7363494,43.2588793],[1.7361516,43.2590527],[1.7361129,43.2595134],[1.7358044,43.2596799],[1.7355827,43.259685],[1.7356068,43.2598346],[1.7353991,43.2601512],[1.7354283,43.2606372],[1.7356317,43.2607504],[1.7356128,43.2609372],[1.7359527,43.2618921],[1.7361816,43.2620179],[1.736451,43.2623557],[1.7364848,43.2632405],[1.7363725,43.2633894],[1.7363955,43.2636386],[1.7362127,43.2640239],[1.7361931,43.2642729],[1.7359619,43.2643838],[1.7355399,43.2648176],[1.7340173,43.2653514],[1.7334381,43.2661519],[1.7325539,43.2667762],[1.7333643,43.2692598],[1.7335593,43.2693668],[1.7338356,43.2698666],[1.7348487,43.2719637],[1.7355111,43.2726324],[1.7349666,43.2730373],[1.7347635,43.2732894],[1.7337643,43.2738303],[1.7332308,43.274307],[1.7328342772968668,43.27491304450335],[1.7327294,43.2752848],[1.7318865,43.2761463],[1.7321446,43.2763904],[1.7315,43.276504],[1.7312534285215313,43.276241762828654],[1.7306736,43.2765516],[1.7301618,43.2766754],[1.7299235,43.276794],[1.7292583,43.2777409],[1.7289679,43.2771565],[1.7282382,43.2767328],[1.7277277,43.2762737],[1.727315,43.276065],[1.7267606,43.2754391],[1.7262361,43.2745157],[1.7256685,43.2745456],[1.7242711,43.2743873],[1.7227768,43.2740631],[1.7224165,43.2746264],[1.7209135,43.2753483],[1.7201926,43.2758578],[1.7187876,43.2764483],[1.7158119,43.2774211],[1.7130446,43.2788095],[1.7111232,43.2794488],[1.7100019,43.2801709],[1.7097294,43.2805091],[1.7090959,43.2809252],[1.7042952,43.2817705],[1.7020972,43.2816983],[1.7013842,43.2816023],[1.7012193,43.2836326],[1.701619,43.2834811],[1.7037121,43.2844739],[1.7040227,43.2847263],[1.7054505,43.2851485],[1.7061213,43.2852068],[1.7068237,43.2858869],[1.7074356,43.2869033],[1.7086375,43.2883365],[1.7082659,43.2886859],[1.708342,43.2895339],[1.7085554,43.2907755],[1.7091091,43.291957],[1.7114708,43.2934587],[1.7126017,43.2935683],[1.7140082,43.2944031],[1.7154118,43.2948694],[1.7161406,43.2954337],[1.713421,43.2982551],[1.7107157,43.3007316],[1.7087281,43.30132],[1.7077673,43.3011699],[1.7069408,43.3017028],[1.7055181,43.3021217],[1.7035207,43.3024982],[1.7051136,43.3035967],[1.7061247,43.3048057],[1.7067138,43.3050777],[1.7078958,43.3052479],[1.7092937,43.3061903],[1.7146583,43.3087436],[1.714752,43.3089661],[1.7178476,43.3095303],[1.7200527,43.3097877],[1.7206109,43.3099544],[1.7212626,43.3103668],[1.7222786,43.3107018],[1.7233889,43.3100654],[1.7242644,43.310944],[1.7256168,43.3101102],[1.7262152,43.3110481],[1.7269134,43.3116126],[1.7265568,43.3136435],[1.7271316,43.3137517],[1.7292761,43.3136933],[1.7298016,43.3139414],[1.7307927,43.3140286],[1.7318585,43.3146418],[1.7358826,43.3141346],[1.736409,43.3165104],[1.735671,43.3176512],[1.7356828,43.3187246],[1.7352324,43.3204555],[1.7339091,43.3225326],[1.7337584,43.3229326],[1.7309145,43.3232242],[1.729457,43.3237905],[1.7268668,43.3245479],[1.7279887,43.3265821],[1.7245942,43.3287536],[1.7272112,43.3316443],[1.7299832,43.3354888],[1.7239821,43.3396932],[1.7232069,43.3408439],[1.7258068,43.3397904],[1.7272063,43.339393],[1.7273217,43.3396268],[1.7283829,43.3394239],[1.7300525,43.3389175],[1.7303813,43.3394838],[1.7312991,43.3389322],[1.7311036,43.3386545],[1.7311008,43.3385207],[1.7312437,43.3383079],[1.7331198,43.3365165],[1.7339676,43.3357971],[1.7345931,43.3354568],[1.7357049,43.3371101],[1.7359394,43.3373312],[1.7365316,43.3383633],[1.7387645,43.3388856],[1.7392805,43.3389355],[1.7402139,43.3392154],[1.7410261,43.3397694],[1.7415364,43.3403926],[1.7423288,43.3407895],[1.7426917,43.341082],[1.744543,43.3421284],[1.7454925,43.3429581],[1.7459529,43.3431961],[1.7472833,43.3435958],[1.7481428,43.3437338],[1.7481952,43.3438833],[1.7489152,43.3441887],[1.7494665,43.3447075],[1.7496722,43.3447966],[1.7498013,43.3456832],[1.7495305,43.3460776],[1.7501273,43.3466776],[1.7503985,43.3471188],[1.7503885,43.3472633],[1.7497648,43.3485292],[1.7495441,43.3492735],[1.7489485,43.349663],[1.7495521,43.3495463],[1.7497731,43.3493476],[1.7500385,43.3492823],[1.7508126,43.3494596],[1.7509512,43.3492937],[1.7511315,43.3495278],[1.7514226,43.3496293],[1.7538977,43.3485496],[1.7556921,43.3479926],[1.7568489,43.3473058],[1.7592046,43.3453328],[1.7598468,43.3449963],[1.758933,43.344395],[1.7594054,43.3439634],[1.7615884,43.3429346],[1.7651354,43.3415573],[1.7661327,43.341037],[1.7677989,43.3399607],[1.7694701,43.3386472],[1.7705467,43.3381926],[1.7710577,43.3376213],[1.7718318,43.3371067],[1.7734981,43.337193],[1.7740777,43.3377289],[1.7718739,43.3408273],[1.7728245,43.3418122],[1.7735761,43.3422706],[1.7767837,43.342442],[1.7781047,43.342439],[1.7799007,43.3422535],[1.7803604,43.3434029],[1.782439,43.3461737],[1.78422,43.3453439],[1.7878293,43.3444815],[1.7931942,43.3425005],[1.794363,43.3420228],[1.7971887,43.340175],[1.7975992,43.3403592],[1.7980889,43.3402811],[1.7989209,43.340549],[1.7998108,43.341469],[1.8003372,43.3418701],[1.8041067,43.3408714],[1.8051212,43.3407072],[1.8059593,43.3406641],[1.8068172,43.3407529],[1.8091945,43.3413486],[1.811775,43.3413106],[1.8124717,43.3414727],[1.8130679,43.3413171],[1.8134992,43.3413022],[1.8134987,43.3414586],[1.8129613,43.3420695],[1.8128456,43.3425195],[1.8125697,43.3428726],[1.8122485,43.3427854],[1.8126992,43.343016],[1.8125471,43.3439776],[1.8126892,43.3441403],[1.8134101,43.3443104],[1.8142758,43.34469],[1.815182,43.3456438],[1.8157294,43.3465731],[1.8162174,43.3478004],[1.8167839,43.3496029],[1.8155153,43.350172],[1.8153904,43.3501594],[1.8112386,43.3533554],[1.8112342,43.3531042],[1.8063193242517364,43.35690330786803],[1.8084128,43.3574683],[1.8096783,43.3576141],[1.8122505,43.3576688],[1.814134,43.357285],[1.8162717,43.3565634],[1.8171456,43.3560423],[1.8180607,43.3553074],[1.8182268,43.3552161],[1.8183067,43.3552643],[1.8181058,43.3555918],[1.8163253,43.3566823],[1.8150888,43.3571933],[1.8123042,43.3578404],[1.8110199,43.3578856],[1.8083619,43.3576438],[1.8065347,43.3571441],[1.8062617,43.3569671],[1.8056015952243996,43.356742494528916],[1.8052620758479632,43.357024612746066],[1.8053114,43.3572237],[1.804614,43.3578189],[1.8041537,43.3579456],[1.8045099,43.3581665],[1.8044856,43.3583254],[1.8054411,43.3623192],[1.8044976,43.3625752],[1.8045527,43.3627725],[1.805403,43.3631983],[1.8060411,43.3636741],[1.8067523,43.364842],[1.8050101,43.3659525],[1.8044132,43.3661539],[1.8027178,43.3664786],[1.8025298,43.3663761],[1.802241,43.3660371],[1.8017255,43.3662148],[1.8020913,43.3663225],[1.8022625,43.3667926],[1.8025632,43.3667853],[1.8025771,43.3670103],[1.8030329,43.3669871],[1.8032104,43.3672061],[1.8032087,43.3674724],[1.8033729,43.3677416],[1.8033693,43.3678957],[1.8031105,43.3682775],[1.8031136,43.3684961],[1.8044589,43.3694621],[1.8049671,43.3695162],[1.8054408,43.3694675],[1.8064566,43.3699187],[1.8062362,43.3704202],[1.8068068,43.3708479],[1.8073117,43.371697],[1.8077386,43.372123],[1.8070778,43.3728364],[1.8060239,43.3733537],[1.8059725,43.374148],[1.8056688,43.3746613],[1.8045288,43.3752044],[1.8012519,43.3761198],[1.8013578,43.3762318],[1.8019914,43.3763486],[1.8026516,43.3765997],[1.8040078,43.3775616],[1.8046772,43.3782895],[1.804847,43.3786098],[1.8047754,43.3790889],[1.8048451,43.3793974],[1.8052863,43.3797398],[1.8076295,43.3805371],[1.8090245,43.3808674],[1.8108123,43.3817527],[1.8110402,43.3817671],[1.8110355,43.3818754],[1.8103784,43.3827602],[1.810134,43.3832941],[1.8099079,43.3834801],[1.8081228,43.38416],[1.8061997,43.3852562],[1.8025746,43.3870144],[1.8028117,43.3876586],[1.8028399,43.387969],[1.8030814,43.3883741],[1.8035692,43.3888034],[1.8033096,43.3890619],[1.8052026,43.3907929],[1.803048,43.3925676],[1.8053955,43.3932701],[1.8088849,43.3941424],[1.8121052,43.3955408],[1.81266,43.3948562],[1.8128513,43.3944914],[1.8132161,43.3945918],[1.8138968,43.3942394],[1.8145844,43.3937555],[1.8160574,43.3932725],[1.8170811,43.3931087],[1.8195655,43.3919774],[1.8199592,43.3923838],[1.8261429,43.3949984],[1.8255878,43.3962044],[1.82544,43.396811],[1.8252634,43.3970754],[1.8213408,43.3993724],[1.8198373,43.4005968],[1.819451,43.4010881],[1.8189375,43.4015676],[1.8185985,43.4017618],[1.8185069,43.4020073],[1.8182775,43.4022672],[1.817211,43.4030001],[1.8167175,43.4035499],[1.8166946,43.4038058],[1.8165071,43.4039957],[1.816535,43.4042298],[1.8161292,43.4047066],[1.8161004,43.4048571],[1.8163898,43.4056113],[1.8164192,43.4061986],[1.8170239,43.4063219],[1.8169867,43.4066379],[1.8172119,43.4068748],[1.8169914,43.4076919],[1.8170374,43.4079431],[1.8169399,43.4080732],[1.8168107,43.4086799],[1.8166994,43.4088149],[1.8172318,43.4095302],[1.8171731,43.4099435],[1.817245,43.4106896],[1.8171835,43.4109488],[1.8175371,43.4112609],[1.8178551,43.411319],[1.8182974,43.4112393],[1.818471,43.4113151],[1.8186444,43.4115713],[1.8191443,43.4119337],[1.8194118,43.4125246],[1.8193995,43.4128348],[1.8194712,43.4129893],[1.8206218,43.4134832],[1.820889,43.4136793],[1.8212888,43.4142486],[1.8213563,43.4151204],[1.8216478,43.4156466],[1.8227394,43.4164064],[1.8227221,43.4166849],[1.8228147,43.416789],[1.8231234,43.416973],[1.823432,43.4169717],[1.8243998,43.4173204],[1.8250059,43.4177872],[1.8255225,43.4178693],[1.8256637,43.4179751],[1.8257165,43.4181412],[1.8262359,43.4183094],[1.82697,43.4183343],[1.8276374,43.4185427],[1.8288846,43.4185434],[1.8289064,43.4184778],[1.8297064,43.4183142],[1.8315442,43.4181878],[1.8322948,43.4179578],[1.8329034,43.4183028],[1.8336334,43.4184502],[1.8343227,43.4189126],[1.8369092,43.4174532],[1.8404909,43.4156063],[1.8422022,43.4148414],[1.842361,43.4155124],[1.8421658,43.4167373],[1.8421904,43.4170504],[1.8427274,43.4183704],[1.8426727,43.4184355],[1.8431982,43.4193264],[1.8443843,43.4206637],[1.8446837,43.4213508],[1.8447111,43.4218012],[1.8445213,43.4228695],[1.8446923,43.4231625],[1.8454357,43.4237007],[1.8460013,43.4248283],[1.8461727,43.424995],[1.847107,43.4254476],[1.8481099,43.4255382],[1.8482405,43.4259506],[1.8476682,43.4264234],[1.8473077,43.4270792],[1.8468412,43.427603],[1.8467379,43.4278326],[1.8465698,43.4277086],[1.8467631,43.4300416],[1.8431378,43.4324395],[1.8426249,43.4326833],[1.8436461,43.4336546],[1.8443313,43.4339329],[1.8447809,43.4339306],[1.8448786,43.4338606],[1.8450287,43.4334671],[1.8451549,43.4333924],[1.8464371,43.4336938],[1.8462356,43.4341016],[1.8457585,43.4356798],[1.8455383,43.4359267],[1.8448288,43.4363804],[1.8460719,43.4366856],[1.8468858,43.4365992],[1.8470676,43.436767],[1.8467091,43.4372592],[1.8466908,43.4374057],[1.8471053,43.4375855],[1.8480491,43.4374944],[1.8516465,43.4376524],[1.8528767,43.4373975],[1.8555402,43.4399039],[1.8548919,43.4407539],[1.8547157,43.4413069],[1.8545191,43.4416374],[1.8545135,43.4418839],[1.8545909,43.4420631],[1.8550485,43.4424893],[1.8552094,43.4427635],[1.8562783,43.4435094],[1.8579797,43.443869],[1.8591297,43.4438561],[1.8602737,43.4430498],[1.8602013,43.4429247],[1.8623091,43.4424523],[1.8625835,43.4422385],[1.8660533,43.4409047],[1.8663367,43.4404893],[1.8674213,43.4395336],[1.8679586,43.4392168],[1.8690831,43.4389228],[1.8702778,43.4384298],[1.8717308,43.4380358],[1.8729771,43.4375699],[1.873338,43.4371964],[1.8734238,43.4364603],[1.8743548,43.435962],[1.8749577,43.4358103],[1.8747037,43.4340732],[1.8747502,43.4334032],[1.872586,43.4298037],[1.8727382,43.4291558],[1.8739946,43.4289966],[1.8772227,43.4279733],[1.8775861,43.4279847],[1.8803796,43.4266037],[1.8813389,43.4266083],[1.8820464,43.4263953],[1.8825602,43.4259455],[1.8833234,43.4246667],[1.8846029,43.4239477],[1.8849196,43.4240194],[1.8855746,43.4236922],[1.8861035,43.4236209],[1.8865787,43.4238907],[1.8868953,43.4238911],[1.8884398,43.421832],[1.8885787,43.4213275],[1.8893371,43.4208415],[1.8894268,43.4203925],[1.8902596,43.4197658],[1.8916352,43.4193315],[1.8922088,43.4189957],[1.8941005,43.4184063],[1.8944556,43.4185835],[1.8951848,43.4186045],[1.8959006,43.4183279],[1.8962416,43.417322],[1.8967276,43.4176229],[1.8974728,43.4155097],[1.8974128,43.4142388],[1.8973273,43.4142418],[1.8974627,43.4122584],[1.8983781,43.4114844],[1.9009429,43.4103706],[1.9021581,43.4096896],[1.903587,43.40909],[1.9045197,43.4084321],[1.9047055,43.4079005],[1.904891,43.4076429],[1.9045074,43.4074623],[1.9022,43.407549],[1.8999173,43.4078277],[1.8993746,43.4074412],[1.9008383,43.4072641],[1.9016203,43.4068085],[1.9019171,43.4065121],[1.901867,43.406004],[1.9035226,43.4056373],[1.9021261,43.4037131],[1.9005428,43.4046864],[1.8990132,43.4036937],[1.8993649,43.4034919],[1.8987863,43.4031429],[1.8981249,43.4029614],[1.8979918,43.4021713],[1.8975631,43.4018032],[1.8976336,43.4003247],[1.8972926,43.4001818],[1.8971229,43.399809],[1.8965435,43.399412],[1.8967334,43.3991554],[1.8971733,43.3988017],[1.897039,43.3984053],[1.8963361,43.398115],[1.8961525,43.3977317],[1.8957285,43.3975772],[1.8956261,43.3972248],[1.8956742,43.3969891],[1.8954532,43.3968083],[1.8958105,43.3968137],[1.8961596,43.396607],[1.8975349,43.396584],[1.8983251,43.3962767],[1.8987913,43.3958897],[1.8994124,43.3956941],[1.9006394,43.3955616],[1.9016313,43.3951048],[1.9024777,43.3940236],[1.9046343,43.3934252],[1.906012,43.3940988],[1.9070084,43.393716],[1.9073966,43.3943221],[1.9082549,43.3960196],[1.9086049,43.3965186],[1.910823,43.3976798],[1.9116463,43.3989074],[1.914585,43.4008753],[1.9111877,43.4033759],[1.9103367,43.4042865],[1.9119993,43.4046089],[1.911128,43.4055697],[1.9102926,43.4062677],[1.9110885,43.4066146],[1.9114484,43.406632],[1.911824,43.4068649],[1.913423,43.4068865],[1.9137036,43.4067678],[1.914393,43.407148],[1.915045,43.4073423],[1.9162762,43.4074568],[1.9164417,43.4072686],[1.916859,43.4073222],[1.9172748,43.4076445],[1.9171898,43.407836],[1.9172493,43.4084365],[1.917462,43.4086441],[1.9173718,43.4090467],[1.9176321,43.4095424],[1.9178755,43.4097568],[1.9182708,43.4105259],[1.9180821,43.411715],[1.9183149,43.4124057],[1.9188501,43.4127052],[1.9192597,43.4130676],[1.9199965,43.4132476],[1.9203133,43.4132363],[1.9212828,43.4134965],[1.9212425,43.4139788],[1.9210832,43.4141561],[1.9209357,43.415168],[1.9207121,43.4154418],[1.9203233,43.4156956],[1.9203051,43.4162335],[1.9200327,43.4163053],[1.9197724,43.4165237],[1.9201285,43.4175891],[1.9200769,43.417915],[1.9194751,43.4187273],[1.9192265,43.4188482],[1.9189333,43.4198425],[1.9181644,43.4202372],[1.918222,43.4203988],[1.9190605,43.4214057],[1.9203201,43.4209697],[1.9205125,43.4215866],[1.9253321,43.4209241],[1.9256332,43.4212503],[1.925883,43.4211939],[1.926633,43.4220013],[1.9275772,43.4217966],[1.9320528,43.4241116],[1.9324491,43.4244204],[1.9329009,43.4243058],[1.9334677,43.4246864],[1.9344489,43.4251464],[1.9366103,43.4235523],[1.9379247,43.4229775],[1.9405682,43.4222294],[1.9461984,43.4200254],[1.9475004,43.4196512],[1.9487203,43.4194509],[1.9497541,43.4194173],[1.9496353,43.4195797],[1.9502042,43.4200122],[1.9545365,43.4240091],[1.9542182,43.4265618],[1.9547866,43.4264139],[1.9556861,43.4257919],[1.9561806,43.4255607],[1.9564824,43.4255181],[1.9571794,43.4256301],[1.958282,43.4255259],[1.958629,43.4253396],[1.9595448,43.4246081],[1.9605088,43.4241993],[1.9612673,43.4234224],[1.9638813,43.4226974],[1.9637055,43.4220977],[1.9633403,43.4200267],[1.962686,43.419378],[1.9626025,43.41917],[1.9620002,43.4186878],[1.9620095,43.4185385],[1.9622494,43.4180023],[1.9629391,43.4171006],[1.9659379,43.4152192],[1.9676867,43.4166971],[1.9677992,43.4166998],[1.9679474,43.4168952],[1.9680958,43.417776],[1.9680589,43.4183767],[1.9682598,43.4187253],[1.9712583,43.4207355],[1.9721687,43.4208921],[1.9723705,43.4201812],[1.9724141,43.419238],[1.9725416,43.4189061],[1.972822,43.4185177],[1.9737913,43.4176504],[1.9743943,43.4172444],[1.9767328,43.4161432],[1.9771748,43.4157217],[1.9775677,43.4149889],[1.9787298,43.414459],[1.978088,43.4161874],[1.978181,43.4183315],[1.9803657,43.4165623],[1.9815341,43.4153205],[1.9822224,43.4136172],[1.9835155,43.411489],[1.9841258,43.4108819],[1.9857901,43.4095174],[1.9880095,43.4075169],[1.9892532,43.4077617],[1.9908064,43.4084601],[1.9916328,43.4089904],[1.9923524,43.4097899],[1.9928486,43.4101331],[1.9940452,43.4106001],[1.9948561,43.4111029],[1.9957539,43.4119908],[1.9967818,43.4127611],[1.9975826,43.4131617],[1.9995781,43.413692],[2.0009722,43.4139183],[2.0045753,43.4137592],[2.0054877,43.4140289],[2.0065808,43.4146081],[2.0070213,43.4147604],[2.0098235,43.4146585],[2.0113704,43.4148943],[2.0125279,43.4149561],[2.014299,43.4147552],[2.0143684,43.4161325],[2.0142275,43.4165376],[2.0142098,43.4168815],[2.014599,43.4175481],[2.0148123,43.4177902],[2.0155974,43.4180965],[2.0166989,43.4182228],[2.0167754,43.4185869],[2.0170452,43.4191778],[2.0175555,43.4196943],[2.0174798,43.4203697],[2.017549,43.4209553],[2.0182121,43.4213281],[2.0182973,43.4218514],[2.0193517,43.4222099],[2.020311,43.4226722],[2.0204715,43.4228266],[2.0211145,43.4216443],[2.0211829,43.4212653],[2.0213505,43.4209752],[2.021364,43.4205072],[2.0217547,43.4198951],[2.0217564,43.4195723],[2.0220901,43.4192585],[2.0225999,43.419147],[2.0230476,43.4182202],[2.0230597,43.4180185],[2.0234377,43.417721],[2.0235272,43.4175437],[2.0233742,43.4171641],[2.0236093,43.4166563],[2.0236031,43.4157203],[2.0240586,43.4154068],[2.0242822,43.4149798],[2.0249049,43.4144409],[2.0249724,43.4142312],[2.0249073,43.4139728],[2.0249761,43.4135131],[2.0256692,43.4122158],[2.0262592,43.4115638],[2.0262721,43.4112088],[2.0267663,43.4098303],[2.0281104,43.4088899],[2.028986,43.4086421],[2.0296073,43.4083614],[2.0297965,43.4081682],[2.0301615,43.4082015],[2.0307282,43.4077673],[2.0311042,43.4078248],[2.0319244,43.4076011],[2.0321909,43.4074404],[2.0324344,43.407433],[2.0328981,43.4076683],[2.0338051,43.4077837],[2.0341502,43.4073892],[2.0347095,43.4062126],[2.0343981,43.4043235],[2.0347098,43.4039532],[2.0347772,43.4037516],[2.0343388,43.4007164],[2.0339075,43.4006507],[2.0334978,43.400698],[2.0330681,43.4003337],[2.0325261,43.4002677],[2.0321738,43.3999197],[2.0317348,43.3991842],[2.0313268,43.3989088],[2.031384,43.3985377],[2.0318748,43.3977806],[2.0318538,43.3975546],[2.0314468,43.3970693],[2.031426,43.3968029],[2.031671,43.3965131],[2.0314951,43.3962786],[2.0316064,43.3961579],[2.0316072,43.3959884],[2.0317974,43.3955774],[2.0316788,43.3949638],[2.0319028,43.394448],[2.0319605,43.3939882],[2.0318193,43.3934552],[2.031159,43.3927514],[2.0308411,43.3921534],[2.0309424,43.3918309],[2.0310863,43.3918152],[2.0315498,43.3920504],[2.0315932,43.3922281],[2.0330088,43.3923691],[2.0341706,43.3923883],[2.0349663,43.3925841],[2.0352532,43.3927382],[2.0354268,43.3934246],[2.0359308,43.3944185],[2.0359077,43.3946201],[2.035674,43.3948697],[2.0358604,43.3952252],[2.0360482,43.3952822],[2.0361461,43.3956294],[2.0370276,43.3963822],[2.0390831,43.3947093],[2.0398158,43.3942351],[2.0396978,43.3934843],[2.0400959,43.3935338],[2.040791,43.3939391],[2.042813,43.3945496],[2.0436018,43.3939142],[2.0438887,43.3940682],[2.0446128,43.3930776],[2.0453215,43.3929745],[2.0453663,43.3928617],[2.0447141,43.3927228],[2.0444938,43.3925124],[2.0440187,43.3923659],[2.0439264,43.3902241],[2.0440401,43.3901346],[2.0446046,43.39043],[2.0450682,43.3904562],[2.046018,43.3908218],[2.0471799,43.3908006],[2.0482764,43.3905774],[2.0483544,43.3904566],[2.0482666,43.3903192],[2.0477927,43.3899307],[2.0478154,43.3898016],[2.0480372,43.3897053],[2.0503498,43.389687],[2.051941,43.3901268],[2.0542648,43.3901004],[2.0546416,43.3899722],[2.0550524,43.3896585],[2.055682,43.3899022],[2.0574064,43.3902615],[2.0575509,43.3901247],[2.0580044,43.3901662],[2.0587136,43.3899259],[2.0590813,43.389378],[2.0596592,43.3888227],[2.0599488,43.3884199],[2.0603853,43.3873397],[2.060432,43.3868072],[2.0605984,43.3867108],[2.0605669,43.3863315],[2.0612353,43.3853487],[2.0619889,43.3850761],[2.0619655,43.3853585],[2.0621088,43.3854718],[2.062119,43.3856575],[2.0623498,43.386005],[2.0621932,43.3863677],[2.0622469,43.386731],[2.0624012,43.3868605],[2.0624224,43.3870542],[2.0633485,43.3877746],[2.0634138,43.3880249],[2.0637556,43.3882678],[2.0636306,43.3890018],[2.06325,43.3899612],[2.0632038,43.3903887],[2.0629818,43.3905496],[2.0629801,43.3909208],[2.0633864,43.3915996],[2.0636844,43.3917617],[2.0638378,43.3920929],[2.0644354,43.3920701],[2.0647551,43.3923372],[2.0647764,43.3925228],[2.0658166,43.3925092],[2.0665235,43.3927853],[2.0674635,43.3929247],[2.0675293,43.393054],[2.067418,43.3931989],[2.0682679,43.3936609],[2.0689393,43.3944694],[2.0694909,43.3948581],[2.0697546,43.3952783],[2.0703076,43.3953361],[2.0710584,43.3957171],[2.0722869,43.3957662],[2.0727299,43.3956115],[2.072864,43.3953682],[2.0733935,43.3948917],[2.0738873,43.3950151],[2.0744526,43.3948216],[2.0748998,43.3948797],[2.0755421,43.3953635],[2.077702,43.3958341],[2.0782771,43.3957709],[2.0786769,43.3955977],[2.079133,43.3956037],[2.0793733,43.3957165],[2.0795547,43.3960257],[2.0798334,43.3962701],[2.0808,43.396778],[2.0808983,43.397013],[2.0809811,43.3970484],[2.0812769,43.3969248],[2.0818828,43.3974366],[2.0825427,43.3973999],[2.0835953,43.3976619],[2.0839637,43.3978531],[2.0847315,43.3985617],[2.085231,43.3987555],[2.0857575,43.3986077],[2.0862876,43.3986117],[2.0870243,43.3983136],[2.0873682,43.3980378],[2.0878172,43.3979011],[2.0882564,43.3975833],[2.0899631,43.3971739],[2.0904176,43.3964648],[2.0903534,43.3961928],[2.0906074,43.3956088],[2.0907598,43.3953814],[2.0912561,43.3949804],[2.09136,43.3936507],[2.0954814,43.3962814],[2.0958792,43.3964678],[2.0974216,43.3961342],[2.0993502,43.3959885],[2.1010064,43.3961247],[2.1024112,43.3958101],[2.103374,43.3958322],[2.1041961,43.3956396],[2.1048602,43.3952919],[2.1064912,43.3948775],[2.1070848,43.3948605],[2.1076621,43.3950968],[2.1078942,43.3950171],[2.1084106,43.3945107],[2.1090829,43.3943694],[2.1084038,43.393722],[2.1080978,43.3931596],[2.1080357,43.3925375],[2.108083,43.3923364],[2.1084897,43.3918643],[2.1090133,43.3908124],[2.1095621,43.3906384],[2.1102753,43.3905954],[2.1104011,43.3904886],[2.1105023,43.3902536],[2.1109378,43.3897345],[2.110961,43.3892851],[2.1113793,43.3885674],[2.1120914,43.3878529],[2.1127814,43.3873108],[2.113285,43.3867631],[2.1137552,43.3865393],[2.1140716,43.3862263],[2.114016,43.3857585],[2.1138806,43.3855571],[2.1142591,43.3849516],[2.114163,43.3847816],[2.114328,43.3847375],[2.1143287,43.3845494],[2.1144259,43.3844137],[2.1146124,43.3843592],[2.1145809,43.3841448],[2.1147856,43.3840146],[2.1147861,43.3838813],[2.1154875,43.383125],[2.1154022,43.3829419],[2.115424,43.3827324],[2.1156503,43.3822266],[2.1157979,43.3821399],[2.1159191,43.3818772],[2.1161845,43.3818696],[2.1162076,43.381991],[2.1164645,43.3819827],[2.1164934,43.3817629],[2.116724,43.3813263],[2.1166262,43.3812755],[2.1165025,43.3809161],[2.1163088,43.3807242],[2.1160191,43.3807649],[2.1156618,43.3803817],[2.1157067,43.3800632],[2.1160576,43.3796172],[2.1172016,43.379165],[2.117444,43.3787577],[2.1179218,43.3784518],[2.1182456,43.3784217],[2.1184816,43.3779429],[2.1189817,43.3777299],[2.1193895,43.3776513],[2.1201284,43.3778216],[2.121487,43.3774563],[2.1213905,43.3769959],[2.1216087,43.3767815],[2.1214765,43.3765],[2.1218363,43.3758614],[2.1221173,43.3757086],[2.1227999,43.3749888],[2.1228148,43.3747434],[2.1231805,43.3744168],[2.1235805,43.3743152],[2.1238909,43.3737584],[2.1260836,43.372824],[2.1264458,43.3727415],[2.1264961,43.3725427],[2.1263534,43.3722423],[2.1263151,43.3718409],[2.1264547,43.3716205],[2.1272048,43.3711591],[2.1272499,43.3710145],[2.1268448,43.3706449],[2.1269101,43.3703774],[2.1270992,43.3701789],[2.1273523,43.3700818],[2.1280559,43.3701879],[2.1284972,43.3701381],[2.1285106,43.3691365],[2.1279297,43.3665788],[2.1279996,43.3664343],[2.1284965,43.3660591],[2.1285863,43.3658966],[2.1285625,43.3656289],[2.1283063,43.3651945],[2.1279899,43.3649517],[2.1276992,43.3644557],[2.1272638,43.3642452],[2.1271356,43.3640388],[2.1261913,43.3633753],[2.1259711,43.3631483],[2.1259297,43.362959],[2.1259797,43.3626881],[2.1260853,43.3625655],[2.1266813,43.3625002],[2.126738,43.362311],[2.1267032,43.3622292],[2.1263953,43.3621058],[2.1263614,43.3617836],[2.1261659,43.3615531],[2.1260618,43.3612716],[2.1260626,43.3610415],[2.1263728,43.3605307],[2.1261779,43.3601366],[2.1262419,43.3598861],[2.1261097,43.3596199],[2.1257183,43.3593124],[2.1256561,43.3590617],[2.1257411,43.3587908],[2.1263876,43.3583317],[2.1264511,43.3581989],[2.1264307,43.3580096],[2.1261999,43.3578967],[2.1266798,43.3569413],[2.1269644,43.35574],[2.1269447,43.3553462],[2.1267704,43.3551055],[2.1261618,43.3547873],[2.1263957,43.3540207],[2.1260409,43.3532989],[2.1251727,43.3530672],[2.1248925,43.3530411],[2.1241695,43.3533466],[2.1236779,43.353632],[2.1228275,43.3543157],[2.1225611,43.3543356],[2.1224143,43.3542433],[2.1223799,43.3540489],[2.1221499,43.3537007],[2.1219636,43.3529026],[2.1216706,43.3525236],[2.1211632,43.3513617],[2.1212491,43.3508556],[2.1218029,43.3508106],[2.1223159,43.3504281],[2.1222111,43.3503205],[2.1219729,43.3502996],[2.1218544,43.3501408],[2.1215674,43.3500584],[2.1207443858678903,43.34942571911374],[2.1206748,43.3495323],[2.1207047,43.3492674],[2.1210566,43.3488085],[2.1208144,43.3482546],[2.1209473,43.3479383],[2.1207657,43.3475088],[2.1203976,43.3471119],[2.1195281,43.3467795],[2.1194198,43.3465073],[2.1194207,43.3462564],[2.1200216454926495,43.34631987685457],[2.1200299,43.3459677],[2.1202308,43.3457276],[2.1202051,43.3454654],[2.1198344,43.3445413],[2.1198418,43.3442693],[2.1193694,43.3434424],[2.1193673,43.3428705],[2.1191287,43.3424529],[2.1190449,43.3419227],[2.1135599,43.3423236],[2.1115573,43.3423087],[2.1113055,43.3416461],[2.1082536,43.3397772],[2.1081655,43.3395498],[2.1074904,43.3393797],[2.1073309,43.3392366],[2.106945,43.3392301],[2.106771,43.3391381],[2.1065236,43.3387482],[2.1064803,43.338443],[2.1057273,43.3377081],[2.1055072,43.337143],[2.1050361,43.3371031],[2.1048767,43.3369275],[2.1049043,43.3366939],[2.1046203,43.3365376],[2.1045492,43.3362035],[2.1035978,43.3363486],[2.1033788,43.3367305],[2.1028526,43.337341],[2.102787,43.3376526],[2.102343,43.3378399],[2.102107,43.3384393],[2.1019451,43.3386331],[2.0999896,43.335947],[2.0995389,43.335799],[2.0953268,43.3352842],[2.094649,43.335518],[2.094327,43.3354409],[2.0936757,43.3351101],[2.0931295,43.3346855],[2.091743,43.3348937],[2.0884693,43.3351421],[2.0883244,43.334572],[2.0877894,43.3343014],[2.0873868,43.3338963],[2.0869133,43.3336579],[2.0863965,43.3332269],[2.0858895,43.3325843],[2.0856542,43.3321026],[2.0856907,43.3317948],[2.0840347,43.3298615],[2.0823302,43.3276639],[2.0821707,43.3273899],[2.0822731,43.3271078],[2.0822627,43.3267428],[2.0814414,43.3253943],[2.0804513,43.3245406],[2.0800414,43.3243963],[2.0787232,43.323454],[2.0787764,43.3232629],[2.0786839,43.3231139],[2.0787909,43.3225912],[2.0791417,43.322269],[2.0791486,43.3220182],[2.0798725,43.3217207],[2.0799527,43.3214448],[2.0804808,43.3206919],[2.0807257,43.3201856],[2.0809354,43.3199635],[2.0814362,43.3190045],[2.0820138,43.3185608],[2.082071,43.3183837],[2.0822628,43.3184006],[2.0823259,43.3181659],[2.0825914,43.3180923],[2.0842101,43.3170122],[2.084583,43.3169306],[2.0850074,43.3166431],[2.0854479,43.3165781],[2.0860308,43.3161921],[2.0863488,43.3157395],[2.0864067,43.3153852],[2.0869606,43.3151846],[2.0875772,43.3148315],[2.0881362,43.3147627],[2.0887587,43.3143603],[2.0893007,43.3142996],[2.0897562,43.3146839],[2.0901302,43.3143138],[2.091171,43.3137433],[2.091934,43.3134483],[2.093499,43.3126176],[2.0943662,43.3122985],[2.0938176,43.3116811],[2.0934053,43.3114161],[2.0931142,43.3110131],[2.0930643,43.3105728],[2.0931526,43.3100448],[2.0935002,43.3092659],[2.0936411,43.3084865],[2.0931649,43.3070393],[2.0930645,43.3063097],[2.0932733,43.3057819],[2.0935853,43.3052796],[2.0945164,43.3042941],[2.0944418,43.3033761],[2.0937177,43.3018057],[2.0935088,43.2997029],[2.0932591,43.2990768],[2.0914464,43.2968371],[2.0896966,43.297316],[2.0878857,43.2957337],[2.0867414,43.2959471],[2.0863825,43.2954763],[2.085403,43.2957694],[2.0840429,43.2936518],[2.0835567,43.2923133],[2.0835639,43.2920244],[2.0837434,43.291674],[2.0825768,43.2906533],[2.0822501,43.2908018],[2.0817909,43.2904134],[2.0813066,43.2898025],[2.0807175,43.2884343],[2.0800387,43.2884372],[2.0790528,43.2882222],[2.0782369,43.2878964],[2.0779508,43.2876893],[2.0741893,43.2899386],[2.0742508,43.2898021],[2.0740263,43.2884615],[2.0741661,43.2882935],[2.0741231,43.2881917],[2.0742021,43.2880204],[2.0734352,43.2874407],[2.0744153,43.2859821],[2.0744994,43.2856393],[2.0740636,43.2858987],[2.0737981,43.285968],[2.0736332,43.2859072],[2.0732194,43.2860905],[2.0720672,43.2841696],[2.070663,43.285173],[2.0697698,43.2856409],[2.0680759,43.2862815],[2.067663,43.2852961],[2.0670952,43.2810392],[2.0669118,43.2802544],[2.0620254,43.2805434],[2.0617588,43.2797268],[2.0616295,43.2797221],[2.0610578,43.2800557],[2.0610336,43.2802103],[2.0608335,43.2802484],[2.0606223,43.2801663],[2.0604527,43.2799855],[2.0591658,43.2799136],[2.0583032,43.279598],[2.0579915,43.2796187],[2.057704,43.2795149],[2.057269,43.2795267],[2.057115,43.2797754],[2.0547863,43.2800101],[2.052224,43.2799135],[2.0514182,43.2800102],[2.0502292,43.2803636],[2.0501285,43.2805351],[2.0499048,43.280599],[2.0494531,43.280578],[2.0485692,43.280879],[2.048453937924719,43.280731385624655],[2.0478129,43.2810093],[2.0390984,43.2839479],[2.0347237,43.2852756],[2.0343869,43.2852508],[2.034477,43.2851136],[2.0396256,43.2835693],[2.0480194,43.2806754],[2.0483717930681626,43.28062618396436],[2.0480551,43.2802206],[2.0476502,43.2800822],[2.0440383,43.2806526],[2.0417553,43.2811491],[2.0386841,43.282906],[2.0375066,43.2832722],[2.0371304,43.2832798],[2.0366296,43.2835018],[2.0362123,43.283505],[2.0350825,43.2837381],[2.0346579,43.283999],[2.0327696,43.2842816],[2.0310356,43.2842425],[2.0304012,43.2841635],[2.0297032,43.2838567],[2.0293095,43.2838385],[2.0273484,43.283395],[2.0266553,43.283303],[2.0260025,43.283357],[2.0246849,43.2835294],[2.021764,43.2845434],[2.0204026,43.2852095],[2.018983,43.2857466],[2.0186586,43.2859518],[2.0176933,43.2861938],[2.0172453,43.2864116],[2.0157466,43.2863601],[2.0156646,43.2862954],[2.0160018,43.2858927],[2.015899,43.2853384],[2.0159351,43.2851882],[2.0153023,43.283692],[2.0151034,43.2824159],[2.0148895,43.281754],[2.014247,43.2809834],[2.0140886,43.28094],[2.0136238,43.281016],[2.0120859,43.2806251],[2.0109153,43.2796984],[2.010998,43.2796256],[2.0107515,43.2795562],[2.0104541,43.2791259],[2.0108387,43.2775595],[2.0108057,43.2771514],[2.0102532,43.2760719],[2.0102759,43.274045],[2.0099417,43.2728158],[2.0100741,43.2722579],[2.0099711,43.2717337],[2.0104109,43.2708374],[2.0110313,43.2702251],[2.0107806,43.2698507],[2.0107888,43.2694385],[2.0111387,43.2688426],[2.0109587,43.2684513],[2.0109652,43.2661537],[2.0110015,43.2659649],[2.0111665,43.2658795],[2.0116867,43.2653141],[2.0120083,43.2634341],[2.0120317,43.2623777],[2.0119686,43.2620855],[2.0114636,43.2609374],[2.0116139,43.2603151],[2.0121186,43.2593332],[2.0131372,43.2578631],[2.0132827,43.2577853],[2.012069,43.2575873],[2.0117666,43.2571945],[2.0100421,43.2556282],[2.009522,43.2550372],[2.0085997,43.2542664],[2.0084692,43.2538177],[2.008045,43.2529606],[2.0051818,43.2528962],[2.0048883,43.2526563],[2.004633,43.2522793],[2.0044618,43.2522044],[2.0025613,43.2516971],[1.9991798,43.2504682],[1.9979837,43.2496103],[1.9977278,43.2493391],[1.9974791,43.2487701],[1.9971809,43.2484125],[1.9964044,43.24785],[1.9948714,43.2476046],[1.9945156,43.2474329],[1.993227,43.2465661],[1.9933809,43.2464377],[1.9928127,43.2456385],[1.9907669,43.2441966],[1.9906327,43.2439734],[1.9903309,43.2424915],[1.9893446,43.2422781],[1.9891343,43.2425497],[1.9882892,43.2423202],[1.988263,43.2419694],[1.9869435,43.2418127],[1.9864817,43.2416463],[1.9859983,43.2413271],[1.984934,43.2419178],[1.9850349,43.2420295],[1.9849986,43.2424584],[1.9848286,43.2425734],[1.9840726,43.242538],[1.9840393,43.2424472],[1.9825642,43.2428427],[1.9826647,43.2430245],[1.9820821,43.2432619],[1.9820316,43.2432123],[1.9811091,43.2436631],[1.9810249,43.2435804],[1.9806506,43.2438927],[1.9786717,43.2445465],[1.9780348,43.244405],[1.9776881,43.2448246],[1.9770886,43.2450455],[1.9767563,43.2449372],[1.9767044,43.2451185],[1.9750991,43.245563],[1.973184,43.2449669],[1.9731284,43.2448265],[1.972706,43.2447013],[1.9725884,43.2445401],[1.972352,43.2444403],[1.9719399,43.2444678],[1.9717237,43.24476],[1.9711453,43.2452243],[1.9707182,43.2458458],[1.9705517,43.2463156],[1.970854,43.2476367],[1.9721448,43.2488166],[1.9726494,43.2493751],[1.9724669,43.2496798],[1.9716629,43.2501186],[1.9720372,43.2507386],[1.9727514,43.2515233],[1.9726377,43.2517975],[1.9724234,43.252008],[1.9722644,43.2520154],[1.9718946,43.252008],[1.9715879,43.2516608],[1.9711185,43.2505532],[1.971006,43.2500199],[1.9710953,43.2494307],[1.9709618,43.2488284],[1.9706687,43.2483571],[1.9701935,43.2482082],[1.9678611,43.2480814],[1.9683667,43.2474717],[1.9685483,43.2465447],[1.9668193,43.2454662],[1.9658696,43.2451691],[1.9650737,43.245029],[1.9639228,43.2449882],[1.9635841,43.2450333],[1.9628771,43.2453153],[1.9619558,43.2449631],[1.9596978,43.244951],[1.9589523,43.2448074],[1.9584578,43.2449884],[1.9579627,43.2447648],[1.9576058,43.2446965],[1.9555419,43.2448121],[1.9542925,43.2443362],[1.9519654,43.2437619],[1.9501336,43.2441239],[1.9490483,43.2446042],[1.9489474,43.2449145],[1.9488332,43.2450008],[1.9477404,43.2451127],[1.9466798,43.2455967],[1.9454068,43.2460546],[1.9446951,43.2460666],[1.9432636,43.2462653],[1.9421712,43.2470649],[1.9419308,43.2475467],[1.94133,43.248137],[1.9394457,43.2491043],[1.9384433,43.2494244],[1.9372927,43.2494405],[1.9354088,43.2497431],[1.9345597,43.2502024],[1.9329003,43.2506271],[1.9308714,43.2518942],[1.9304613,43.2523118],[1.9301608,43.2529089],[1.9305777,43.2538179],[1.9306308,43.2541446],[1.9306215,43.2543498],[1.9303805,43.2546182],[1.9297455,43.2548711],[1.9279027,43.256062],[1.9254238,43.2574083],[1.9251986,43.2575853],[1.9249155,43.2581775],[1.9246721,43.258337],[1.9243292,43.2588622],[1.922956,43.2590782],[1.9217423,43.2597043],[1.9203699,43.2597963],[1.9195528,43.2595776],[1.9184528,43.259746],[1.9178835,43.2599595],[1.9174539,43.2602274],[1.9167962,43.2604082],[1.9163164,43.2604711],[1.9147994,43.2601636],[1.9143053,43.2601564],[1.9133437,43.2603769],[1.9135754,43.260032],[1.9139778,43.2597825],[1.914172,43.2593137],[1.9140349,43.2589134],[1.9137582,43.2584614],[1.9126025,43.2572949],[1.9122205,43.2564428],[1.9119798,43.2563024],[1.9114396,43.2562446],[1.9112687,43.2561277],[1.9110435,43.2556016],[1.9106192,43.255455],[1.909671,43.2545225],[1.9088399,43.2542451],[1.9076018,43.253055],[1.9068025,43.2525086],[1.9069843,43.2522577],[1.9069986,43.2520346],[1.9067345,43.2516106],[1.9058438,43.2507751],[1.9057125,43.2504631],[1.9056272,43.2499422],[1.9057645,43.2494267],[1.9076979,43.2485137],[1.9066807,43.24758],[1.9063352,43.2478762],[1.9057796,43.2479458],[1.9053394,43.2472654],[1.9046739,43.2469514],[1.9044477,43.2465833],[1.9046007,43.2456449],[1.9050719,43.2446705],[1.9052128,43.2436437],[1.9054741,43.2426778],[1.9053869,43.2424264],[1.9053775,43.2419708],[1.9059167,43.241257],[1.9059311,43.24102],[1.9063249,43.2402033],[1.904241,43.2399629],[1.9035472,43.2400625],[1.9017436,43.240632],[1.9011198,43.2407272],[1.8974328,43.2397273],[1.899241,43.2385257],[1.8989334,43.2379853],[1.8969765,43.2373191],[1.896153,43.2356408],[1.8967313,43.2348156],[1.8956946,43.2342976],[1.8951263,43.2346558],[1.894957,43.2346019],[1.8943306,43.2329746],[1.8912142,43.2336996],[1.8896618,43.2342282],[1.888645,43.2341907],[1.8885199,43.2341067],[1.8880973,43.2340716],[1.8865469,43.2343327],[1.885633,43.2342789],[1.884661,43.2346105],[1.8839815,43.2348714],[1.8837759,43.2360531],[1.8827228,43.2365762],[1.8806622,43.2373669],[1.8803365,43.2370859],[1.8796163,43.2369471],[1.8776004,43.2375941],[1.8768972,43.2380946],[1.8765253,43.2381251],[1.8759518,43.2388099],[1.8729878,43.2405076],[1.8727925,43.240323],[1.8726964,43.2405612],[1.8722652,43.2406724],[1.8722421,43.2408401],[1.870553,43.2418214],[1.8707512,43.2436526],[1.8711512,43.2453987],[1.8711877,43.2457339],[1.8710492,43.246293],[1.8711177,43.2467542],[1.8715743,43.2480041],[1.8714869,43.2480615],[1.8716977,43.2483975],[1.8726515,43.2487365],[1.8730446,43.2490155],[1.8732771,43.2496058],[1.8728361,43.2504244],[1.8721278,43.2510455],[1.8717522,43.2515697],[1.8712846,43.2517296],[1.8708024,43.2517276],[1.8703032,43.2518873],[1.8700325,43.2511177],[1.868894,43.2501423],[1.8672566,43.2492803],[1.8637317,43.2482313],[1.8600584,43.2469736],[1.8575203,43.2470957],[1.8572519,43.2460718],[1.8575733,43.2454088],[1.8575927,43.2449582],[1.8573819,43.2446395],[1.8569894,43.2443027],[1.8560201,43.2439404],[1.8555499,43.2434415],[1.855433,43.2431395],[1.8563712,43.2425379],[1.8583107,43.2401541],[1.8601662,43.239382],[1.8618448,43.2389789],[1.862983,43.2379495],[1.8648106,43.2376798],[1.8655389,43.2375211],[1.8658781,43.2373548],[1.8658828,43.2367559],[1.866053,43.235751],[1.8665041,43.2353743],[1.8666995,43.2350983],[1.8667644,43.2337087],[1.8666439,43.2328155],[1.8673508,43.232841],[1.8687409,43.2323034],[1.8666393,43.2273397],[1.8667863,43.227312],[1.8659343,43.2256191],[1.8645797,43.2239693],[1.8646573,43.2239188],[1.864097,43.2217538],[1.861653,43.2214391],[1.860805,43.2209624],[1.8602486,43.220857],[1.8584998,43.2209105],[1.8582471,43.2196776],[1.858499,43.219407],[1.8605396,43.2180855],[1.8614958,43.217832],[1.8624507,43.217747],[1.8629969,43.2175011],[1.8633166,43.2175633],[1.8642335,43.2174267],[1.8648955,43.2171251],[1.8655938,43.2170811],[1.8666045,43.2166285],[1.8653667,43.214422],[1.8660477,43.2141392],[1.8674211,43.2145758],[1.8670018,43.2141432],[1.865782,43.2131833],[1.8651136,43.2133239],[1.8621794,43.214222],[1.8618607,43.2142565],[1.8606256,43.2141021],[1.8590458,43.2137464],[1.856544,43.2134635],[1.8551125,43.2145517],[1.8540378,43.2152413],[1.8528334,43.2156139],[1.8519763,43.2161286],[1.8516978,43.2163998],[1.8514351,43.2161966],[1.8501215,43.2167005],[1.8476235,43.2180604],[1.8461279,43.2187744],[1.8447298,43.2193131],[1.8439481,43.2194063],[1.8419239,43.2201091],[1.8424133,43.2204979],[1.8424355,43.2207176],[1.8422321,43.2206113],[1.8418238,43.2205831],[1.8401736,43.2196445],[1.8395082,43.2190256],[1.8394165,43.2188077],[1.839546,43.2185598],[1.8385769,43.2186363],[1.8379626,43.2189566],[1.8370084,43.2192817],[1.8363082,43.2197011],[1.8359995,43.2200414],[1.8345329,43.2206872],[1.8339604,43.2210823],[1.8333649,43.2211728],[1.8327254,43.2214434],[1.8328009,43.2215617],[1.8305808,43.2218811],[1.8289579,43.2229051],[1.8285945,43.2226798],[1.8278768,43.2231487],[1.8278135,43.2233151],[1.8262905,43.2238561],[1.8252783,43.2239944],[1.8254167,43.2246845],[1.8260989,43.2262359],[1.8270037,43.227065],[1.8274385,43.2268183],[1.8275066,43.2279036],[1.8273877,43.2291688],[1.8282839,43.2291955],[1.8285551,43.2316063],[1.8279108,43.2321602],[1.8259551,43.2335823],[1.8218098,43.2342444]],[[1.8028686,43.2411211],[1.8029862,43.2411045],[1.8030175,43.2415404],[1.8026138,43.2413839],[1.8028686,43.2411211]],[[1.7930464,43.2411434],[1.7928481,43.2416361],[1.7920955,43.2423923],[1.7916178,43.2419778],[1.7916605,43.2417978],[1.7921034,43.2415252],[1.7921717,43.2411134],[1.7929413,43.2410742],[1.7930464,43.2411434]],[[1.779952,43.2452331],[1.779806,43.2453052],[1.778552,43.245296],[1.7773755,43.245448],[1.7769315,43.2454124],[1.7762112,43.2451781],[1.7759346,43.2450097],[1.7759402,43.2448489],[1.7762729,43.2443467],[1.7763686,43.2443259],[1.7773106,43.2448314],[1.777735,43.2447394],[1.7789061,43.2447331],[1.779495,43.2448089],[1.7800366,43.2450575],[1.779952,43.2452331]],[[1.7952497,43.2465529],[1.795297,43.2468293],[1.7955641,43.2471433],[1.7955219,43.247219],[1.7951897,43.2472143],[1.7949252,43.2470734],[1.7944302,43.2471712],[1.7937287,43.2475988],[1.7935416,43.2476253],[1.7934441,43.247391],[1.7936593,43.2465543],[1.7947746,43.2462804],[1.7950938,43.2463427],[1.7952497,43.2465529]],[[1.8093716,43.2471579],[1.8103458,43.2473446],[1.811052,43.2473085],[1.8113792,43.2483542],[1.8094187,43.2488823],[1.8090995,43.2488262],[1.8090586,43.2487471],[1.8093965,43.2485817],[1.8097982,43.2482284],[1.809884,43.2479132],[1.8093716,43.2471579]],[[1.7621019,43.255361],[1.7623742,43.2552523],[1.7625932,43.2553437],[1.7625923,43.2554384],[1.7620949,43.2554667],[1.7621019,43.255361]],[[1.8093645,43.2596778],[1.8094259,43.2600516],[1.8093233,43.2603602],[1.8086602,43.2609495],[1.8078217,43.2614564],[1.8069118,43.2613877],[1.8063535,43.2607541],[1.8062614,43.2605433],[1.8063447,43.2604278],[1.8069623,43.2603276],[1.8073202,43.2603766],[1.8073305,43.2605397],[1.8078648,43.260568],[1.8082119,43.260501],[1.8086486,43.2602669],[1.8089763,43.2597404],[1.8092428,43.259497],[1.8093645,43.2596778]],[[1.7533849,43.2670864],[1.7534291,43.2668884],[1.7536407,43.2668191],[1.7538451,43.266873],[1.7538901,43.2672036],[1.7542936,43.2678664],[1.7537735,43.2680442],[1.7533814,43.267452],[1.7528403,43.2673126],[1.7529563,43.2671547],[1.7533849,43.2670864]],[[1.8155504,43.2680255],[1.8158004,43.2683945],[1.8154851,43.2686066],[1.8154509,43.268721],[1.8156127,43.2688297],[1.8155931,43.2690058],[1.8152355,43.269231],[1.814596,43.2693794],[1.8143656,43.2686281],[1.8147262,43.2685415],[1.8149457,43.2682452],[1.8155504,43.2680255]],[[1.7892123,43.273982],[1.7890397,43.2743595],[1.7888084,43.2746101],[1.7885659,43.2747265],[1.7885534,43.2745154],[1.7887761,43.2740779],[1.7886784,43.2737111],[1.788738,43.2735094],[1.7890401,43.273636],[1.7892123,43.273982]],[[1.7991372,43.2777976],[1.7995193,43.2774857],[1.8001742,43.2774401],[1.8004648,43.2775634],[1.8004343,43.2777124],[1.8001659,43.2779],[1.799153,43.2778952],[1.7991372,43.2777976]],[[1.7525788,43.2852986],[1.7517832,43.2860217],[1.7513805,43.2866587],[1.7511001,43.2873561],[1.7503911,43.2871446],[1.7503773,43.2870108],[1.7509085,43.2860172],[1.7518851,43.2852966],[1.7523345,43.2853839],[1.7525788,43.2852986]],[[1.7882567,43.3019902],[1.7876302,43.3018734],[1.7873758,43.3016129],[1.7874149,43.3014781],[1.7879369,43.3011637],[1.7882697,43.3005195],[1.7894834,43.300724],[1.7893398,43.3011058],[1.7891114,43.3014337],[1.7890984,43.3015774],[1.7893137,43.3019143],[1.7889875,43.3022466],[1.7889614,43.3025341],[1.7890462,43.3026644],[1.7898749,43.3029604],[1.7899206,43.3030457],[1.7896204,43.3032523],[1.7894703,43.3032703],[1.7881784,43.3027582],[1.7879696,43.3025112],[1.7882958,43.3021294],[1.7882567,43.3019902]],[[1.7415399,43.3019485],[1.7404007,43.3026442],[1.7403023,43.3028742],[1.7404148,43.3032958],[1.7395783,43.3032162],[1.7387908,43.302365],[1.7400162,43.3019705],[1.7418031,43.3010127],[1.7430495,43.3005732],[1.7430894,43.3006987],[1.7430187,43.3009089],[1.7418248,43.3015942],[1.7415399,43.3019485]],[[1.7547167,43.3113402],[1.7547157,43.3111316],[1.7548456,43.3110381],[1.755266,43.3110829],[1.7555188,43.3109922],[1.7557004,43.3106432],[1.7563444,43.3110727],[1.7554223,43.3117611],[1.7549693,43.3115883],[1.7547167,43.3113402]],[[1.7780087,43.3146771],[1.7792482,43.3140968],[1.7798479,43.3140526],[1.7799216,43.3144116],[1.779221,43.3155976],[1.7780087,43.3146771]],[[1.7936967,43.3281962],[1.7932008,43.328286],[1.791961,43.3287746],[1.7880084,43.3271213],[1.7879775,43.3270003],[1.7882093,43.3270333],[1.7884246,43.32693],[1.7883854,43.3268132],[1.7881244,43.3265841],[1.7875368,43.3263619],[1.7870997,43.3257511],[1.7872628,43.3256613],[1.7877587,43.3257915],[1.788496,43.3257241],[1.7885548,43.3253424],[1.7882744,43.3247225],[1.7884528,43.3245409],[1.7887053,43.3244697],[1.7890103,43.3245348],[1.7897527,43.3250593],[1.7903362,43.3250941],[1.7916398,43.3246149],[1.7919618,43.3243322],[1.7920634,43.3240912],[1.7922433,43.3239311],[1.7927215,43.3238343],[1.793312,43.3234977],[1.794168,43.3231974],[1.7945795,43.3229245],[1.7956822,43.3226436],[1.7958124,43.3224737],[1.7955003,43.3221199],[1.795342,43.3216316],[1.7953682,43.3214826],[1.7954957,43.3213737],[1.7956811,43.3213479],[1.7963929,43.3215753],[1.7972363,43.3215029],[1.7975789,43.3213525],[1.7980047,43.320693],[1.7988186,43.32036],[1.7998984,43.3200953],[1.8003576,43.3197966],[1.8003947,43.3195436],[1.8000131,43.3190778],[1.7999791,43.318908],[1.799876,43.3178025],[1.7999165,43.3175575],[1.8003057,43.3176534],[1.8004667,43.3178524],[1.8006016,43.3182292],[1.8008929,43.3184177],[1.8022827,43.3181238],[1.8035007,43.3169622],[1.8036928,43.3168761],[1.8042897,43.316842],[1.8044089,43.3167529],[1.8046141,43.3161161],[1.8048645,43.315833],[1.8062407,43.3155962],[1.8073423,43.315113],[1.8076921,43.3146353],[1.8080811,43.3143822],[1.8082576,43.3137468],[1.8087817,43.3132355],[1.8090348,43.3132139],[1.8093584,43.3134452],[1.8097209,43.3135145],[1.8111047,43.3127133],[1.8130667,43.3120052],[1.8136202,43.3114705],[1.8136389,43.3107669],[1.8137255,43.310641],[1.8139955,43.3103235],[1.8147952,43.309664],[1.8149985,43.3096411],[1.8153137,43.3098353],[1.8163103,43.3098294],[1.817122,43.3095302],[1.81815,43.309412],[1.8189028,43.3090061],[1.8194158,43.3088966],[1.8200856,43.3089573],[1.8207107,43.3088409],[1.8211168,43.3086748],[1.8217424,43.3081382],[1.8231425,43.3073699],[1.8237802,43.3068638],[1.8248873,43.3063441],[1.8256353,43.3061347],[1.8264687,43.3056468],[1.827104,43.3054034],[1.8276647,43.3050379],[1.8283014,43.3049488],[1.8288304,43.3050163],[1.829512,43.3054638],[1.8296053,43.3061546],[1.828899,43.3069176],[1.8282726,43.3073128],[1.8275548,43.3073892],[1.8271791,43.3077424],[1.8262982,43.3081377],[1.8261677,43.3087216],[1.8257436,43.3090809],[1.8248267,43.3092898],[1.8242199,43.3097434],[1.8236327,43.3098782],[1.82345,43.3100186],[1.8234695,43.3101043],[1.8236392,43.3101133],[1.8243569,43.3099695],[1.824631,43.3099875],[1.8247941,43.3100818],[1.8248463,43.3102345],[1.8243439,43.3107376],[1.8231237,43.3112541],[1.8223937,43.3114744],[1.8199337,43.3109354],[1.8194052,43.3109264],[1.8191638,43.3110028],[1.818044,43.3118711],[1.8177699,43.3123158],[1.8178417,43.3124191],[1.8183376,43.3125943],[1.8183898,43.3129806],[1.8174632,43.3132007],[1.8170717,43.3131602],[1.8164498,43.3129491],[1.8162736,43.313012],[1.8161627,43.3131153],[1.8162084,43.3132231],[1.8166717,43.3133803],[1.8169523,43.3136453],[1.8168413,43.3139463],[1.8159017,43.3141304],[1.8153667,43.3144538],[1.8149621,43.3145841],[1.814168,43.3152565],[1.8137373,43.3153104],[1.8134241,43.3151308],[1.8132936,43.3152161],[1.8133458,43.3153823],[1.8132871,43.315517],[1.8131035,43.3155958],[1.8123401,43.3155868],[1.8117398,43.315762],[1.8110742,43.3164986],[1.8110873,43.3169828],[1.8112308,43.3171131],[1.8120791,43.3174185],[1.8122031,43.3175353],[1.8121704,43.3176341],[1.8119355,43.3177464],[1.811022,43.3178452],[1.8094954,43.3175582],[1.8081838,43.3180073],[1.8080794,43.318187],[1.8085101,43.3185059],[1.8085753,43.3186766],[1.8085101,43.3187979],[1.807851,43.3189012],[1.8072573,43.3191976],[1.8074655,43.3200684],[1.8072893,43.3202166],[1.8068195,43.3203648],[1.8065846,43.3203379],[1.8063367,43.3201223],[1.8061801,43.3195788],[1.8059452,43.3195743],[1.8057103,43.3196731],[1.805645,43.3197674],[1.8056776,43.3198887],[1.8060235,43.3203558],[1.8060235,43.3207062],[1.8056124,43.32107],[1.805247,43.3211913],[1.804725,43.3212092],[1.8042905,43.3214963],[1.8041339,43.3217658],[1.8041013,43.3219993],[1.8041926,43.3223497],[1.8036837,43.3227898],[1.8022998,43.3234903],[1.801954,43.3237868],[1.8016604,43.3238497],[1.8017256,43.3239664],[1.8016343,43.3240877],[1.8009818,43.3243976],[1.800649,43.324447],[1.8005772,43.3245369],[1.8006163,43.3247749],[1.8005185,43.3248782],[1.8000748,43.3250175],[1.7988574,43.3257952],[1.797957,43.3259524],[1.7990075,43.3260333],[1.7996078,43.3259255],[1.8000319,43.3261007],[1.8002734,43.3264555],[1.8006583,43.3265858],[1.8009977,43.3265319],[1.8024211,43.3257503],[1.8038175,43.3252428],[1.8043004,43.3251799],[1.8046527,43.3254],[1.8046853,43.3256021],[1.8043721,43.3262264],[1.8043787,43.3265633],[1.8045026,43.3267025],[1.8053838,43.3267856],[1.8058667,43.3269339],[1.8062256,43.3272258],[1.8066171,43.3272707],[1.807387,43.3271315],[1.8081113,43.3272573],[1.8083528,43.327118],[1.8083071,43.326597],[1.808418,43.3264802],[1.8086138,43.3264578],[1.8093576,43.3267048],[1.8098239,43.3267323],[1.8107113,43.3263056],[1.8110245,43.3259463],[1.8114095,43.3257487],[1.8114552,43.3254478],[1.8116053,43.3252995],[1.8121469,43.3249537],[1.8123426,43.3246527],[1.812584,43.3245225],[1.8129299,43.3244776],[1.8134323,43.3246752],[1.8136085,43.3246393],[1.8138086,43.3243371],[1.8141022,43.324162],[1.814435,43.324135],[1.8153876,43.3242967],[1.8160597,43.3240856],[1.8166013,43.3238565],[1.818248,43.3226862],[1.8186591,43.3220664],[1.8188548,43.3219361],[1.8195726,43.321734],[1.8200032,43.3219182],[1.8207406,43.3212983],[1.8213217,43.3212503],[1.821922,43.3208505],[1.8223657,43.3207203],[1.8234097,43.3205451],[1.8238181,43.3207346],[1.8238822,43.3210436],[1.8236943,43.3215215],[1.823029,43.3220715],[1.821972,43.3224937],[1.8219198,43.322606],[1.8220568,43.322889],[1.8219915,43.3230732],[1.8215739,43.323446],[1.821098,43.3237041],[1.8202033,43.3238301],[1.8179289,43.3250923],[1.8169769,43.3255035],[1.8164025,43.3260421],[1.8162093,43.3260707],[1.815516,43.325907],[1.8148198,43.3260292],[1.8143984,43.3259703],[1.8142044,43.3260171],[1.8138501,43.3265455],[1.8137448,43.3268666],[1.8129837,43.3276405],[1.8125139,43.327911],[1.8111855,43.3281569],[1.8112852,43.3283026],[1.8111963,43.32872],[1.8108093,43.3293345],[1.8104043,43.3296073],[1.8095442,43.3297169],[1.8092505,43.329654],[1.808714,43.3292763],[1.80811,43.3292474],[1.8073387,43.3293617],[1.8069868,43.3293128],[1.8065352,43.3289986],[1.8063844,43.3289933],[1.8060048,43.3292401],[1.8058315,43.3295588],[1.8057924,43.3298828],[1.8054332,43.3303084],[1.8051598,43.330575],[1.8047809,43.3307812],[1.804694,43.3305034],[1.804836,43.3301927],[1.8048567,43.3296871],[1.8045601,43.3293913],[1.8036663,43.3294819],[1.8027146,43.3297695],[1.8013479,43.329908],[1.8008747,43.3295588],[1.8006506,43.3295409],[1.7999655,43.3297661],[1.7994604,43.3293565],[1.7991761,43.3292843],[1.7988052,43.3293397],[1.7981156,43.3296514],[1.7976294,43.3303087],[1.7972825,43.3303649],[1.7970969,43.3301875],[1.7971334,43.329622],[1.7968824,43.3291244],[1.7964354,43.328997],[1.7952289,43.3292505],[1.7949216,43.329247],[1.7944432,43.3290236],[1.7940882,43.3284522],[1.7936967,43.3281962]],[[1.7435823,43.3335194],[1.7427281,43.3341907],[1.7424516,43.3340242],[1.7416822,43.3338887],[1.7413359,43.3339009],[1.7413208,43.3336724],[1.7418721,43.333301],[1.7433956,43.3330552],[1.7435823,43.3335194]],[[1.8225573,43.3515141],[1.8223248,43.3516586],[1.8214134,43.3513461],[1.8198122,43.3516349],[1.8196854,43.3515739],[1.8197063,43.3513537],[1.8198024,43.3512815],[1.8212897,43.3510094],[1.8223941,43.35139],[1.8225573,43.3515141]],[[1.8186772,43.350749],[1.819328,43.354295],[1.8185767,43.3550099],[1.8184975,43.3549721],[1.8185323,43.3548741],[1.819007,43.354328],[1.8190285,43.354012],[1.818307,43.3500606],[1.8183719,43.3497606],[1.8190955,43.3490171],[1.8198417,43.3484304],[1.824476,43.3457695],[1.8268289,43.3441821],[1.836444,43.3406529],[1.8373828,43.3404754],[1.84164,43.3402924],[1.8426239,43.3400385],[1.8434714,43.3395274],[1.8436806,43.3393167],[1.8437724,43.3390771],[1.8437155,43.3388465],[1.8423583,43.3380213],[1.8421142,43.3376819],[1.8421303,43.3372059],[1.8422677,43.3369098],[1.8427419,43.336367],[1.8429645,43.3362207],[1.847189,43.3347322],[1.8480848,43.3342366],[1.8491309,43.3333236],[1.8493782,43.3331991],[1.8517568,43.3329529],[1.854469,43.3319778],[1.8564405,43.3319232],[1.8590792,43.3308341],[1.8607615,43.330376],[1.8611606,43.3303957],[1.8610387,43.3305132],[1.8593662,43.3309843],[1.8565424,43.3321085],[1.8544873,43.3322096],[1.851679,43.333187],[1.8494206,43.3334465],[1.8482243,43.3344454],[1.8475999,43.3347891],[1.8433218,43.3363089],[1.8427553,43.3367689],[1.8424871,43.3371142],[1.8424093,43.3373639],[1.8424522,43.337717],[1.8439274,43.3387548],[1.8440004,43.3389581],[1.8438416,43.3394396],[1.8431388,43.3400541],[1.8426914,43.3402417],[1.8416449,43.3404832],[1.8370315,43.3406783],[1.8355965,43.3412167],[1.8344485,43.3415074],[1.8270783,43.3443304],[1.8264448,43.3446499],[1.8247845,43.3458046],[1.8206088,43.3481944],[1.8195976,43.3488576],[1.8185247,43.3499596],[1.8185403,43.3502946],[1.818881,43.3506203],[1.8186772,43.350749]],[[1.8183092,43.3552617],[1.8182294,43.3552134],[1.8183445,43.3550749],[1.8185739,43.3550132],[1.8183092,43.3552617]],[[1.8509264,43.21737],[1.8510733,43.2171704],[1.8514801,43.2172947],[1.8517267,43.2172059],[1.8517761,43.2173124],[1.8517413,43.2174716],[1.8503109,43.2181804],[1.8498446,43.2178107],[1.8505292,43.2174418],[1.8509264,43.21737]],[[1.8555186,43.2228549],[1.8557469,43.2229516],[1.8557087,43.2230959],[1.8540382,43.223825],[1.8534614,43.2239421],[1.852021,43.2239981],[1.851856,43.2233609],[1.8519875,43.2232896],[1.853572,43.2232103],[1.8555186,43.2228549]],[[1.8811106,43.2405854],[1.8814824,43.2405094],[1.8813653,43.2408061],[1.8808034,43.2414629],[1.8797556,43.2421113],[1.8785324,43.2425651],[1.878499,43.2423065],[1.8782883,43.2421247],[1.87782,43.2420969],[1.8778187,43.2411212],[1.8788018,43.2408539],[1.8794047,43.2406043],[1.8800858,43.2405231],[1.8811106,43.2405854]],[[1.8468116,43.2456443],[1.8477746,43.2453249],[1.8481026,43.2453321],[1.8482117,43.2455262],[1.8481627,43.2457253],[1.8479286,43.2458283],[1.8475778,43.2461966],[1.8471261,43.2463333],[1.8468116,43.2456443]],[[1.844007,43.256386],[1.8439872,43.2562769],[1.8441368,43.2559806],[1.8442977,43.2558177],[1.8442596,43.2564159],[1.844007,43.256386]],[[1.8973515,43.2557841],[1.8976468,43.2559473],[1.8985952,43.256102],[1.8986126,43.2561636],[1.8983215,43.2564683],[1.8981942,43.2567386],[1.8962763,43.2565812],[1.8962746,43.2564082],[1.8966457,43.2556325],[1.8973515,43.2557841]],[[1.8921821,43.2652184],[1.8922826,43.2653751],[1.8919467,43.2655348],[1.891577,43.2659791],[1.8914668,43.2659833],[1.8911403,43.2657251],[1.8911389,43.2656399],[1.8915817,43.2653383],[1.8921821,43.2652184]],[[1.9146894,43.2666529],[1.9147258,43.2666589],[1.9139295,43.2669906],[1.9146894,43.2666529]],[[1.8517436,43.2693842],[1.8518137,43.2694394],[1.8518043,43.2696189],[1.8515073,43.2697186],[1.8512014,43.2694773],[1.8517436,43.2693842]],[[1.8990422,43.2704167],[1.8991597,43.2707346],[1.8990714,43.2709248],[1.8980118,43.2711965],[1.89785,43.271198],[1.8973395,43.2709574],[1.8974009,43.2707562],[1.8980489,43.270634],[1.8981554,43.2704133],[1.8980634,43.2698853],[1.8988846,43.2690216],[1.899,43.2692169],[1.8990422,43.2704167]],[[1.9168698,43.2723859],[1.9171401,43.2724999],[1.9166286,43.2732411],[1.9164949,43.2732685],[1.9158739,43.2730061],[1.9149275,43.2723136],[1.9151047,43.2721316],[1.9156508,43.2721941],[1.9158631,43.2721345],[1.9160158,43.2718053],[1.9155006,43.2715588],[1.9162416,43.2716328],[1.9168698,43.2723859]],[[1.8721557,43.2778885],[1.8716787,43.2789712],[1.8709199,43.2800345],[1.8704556,43.2805507],[1.8702264,43.2806891],[1.8690347,43.2803539],[1.8688356,43.2798289],[1.8689025,43.2797535],[1.8698094,43.2793906],[1.870287,43.2792926],[1.8707414,43.2789946],[1.871957,43.2778453],[1.8722418,43.2774768],[1.8720775,43.2778155],[1.8721557,43.2778885]],[[1.8284924,43.2855492],[1.8291366,43.2858892],[1.83005,43.2857493],[1.8299872,43.2858648],[1.8294205,43.2861389],[1.8283732,43.2865691],[1.8281101,43.2865933],[1.8277528,43.286795],[1.8267978,43.2877282],[1.8258185,43.2866718],[1.8259191,43.2864561],[1.8261383,43.2862652],[1.826545,43.2860864],[1.8270137,43.2859699],[1.8276284,43.2859699],[1.8282178,43.2857466],[1.8284924,43.2855492]],[[1.9192475,43.3035305],[1.9191632,43.303349],[1.9194508,43.3032651],[1.9195459,43.3034792],[1.9192475,43.3035305]],[[1.892164,43.3175464],[1.8921964,43.317311],[1.8926923,43.3167342],[1.8930901,43.3165272],[1.8935077,43.3169752],[1.8943723,43.3176292],[1.8931903,43.3183469],[1.892164,43.3175464]],[[1.9116922,43.3186495],[1.911609,43.3183314],[1.9116962,43.3182846],[1.9118638,43.3183353],[1.9118947,43.3184231],[1.9118142,43.3186739],[1.9116922,43.3186495]],[[1.8920574,43.3209042],[1.8919346,43.3204021],[1.8920518,43.3200619],[1.8922693,43.3198666],[1.8925315,43.319783],[1.8928718,43.3198443],[1.8930893,43.320034],[1.893318,43.3204468],[1.8933292,43.3208707],[1.8920574,43.3209042]],[[1.9137626,43.3210031],[1.9133374,43.3209349],[1.913491,43.3209048],[1.9137626,43.3210031]],[[1.9104065,43.3209185],[1.9117229,43.3207112],[1.9130211,43.3208088],[1.913351,43.3209057],[1.913086,43.3210043],[1.9116805,43.3209107],[1.911106,43.3209493],[1.9089039,43.3215601],[1.9044144,43.3223371],[1.9017022,43.3224577],[1.9010451,43.3225689],[1.8994062,43.3230704],[1.8991399,43.3230441],[1.8992372,43.3229455],[1.9001283,43.3226513],[1.9016539,43.3222957],[1.9040491,43.3222021],[1.9094672,43.3212439],[1.9104065,43.3209185]],[[1.8991634,43.3230693],[1.8990414,43.3231192],[1.8987145,43.3231617],[1.898843,43.3230782],[1.8991634,43.3230693]],[[1.8854949,43.3252595],[1.8857323,43.3252031],[1.8888142,43.3251778],[1.8916654,43.3244948],[1.8949972,43.3240484],[1.8982663,43.3231484],[1.8986257,43.3231153],[1.8987422,43.3231847],[1.8985613,43.3233006],[1.8955041,43.3241245],[1.8915372,43.3247255],[1.8888732,43.32533],[1.8867655,43.3253791],[1.885502,43.3253144],[1.8854949,43.3252595]],[[1.8854942,43.3253151],[1.8853166,43.3253397],[1.8850173,43.3252959],[1.8854845,43.3252596],[1.8854942,43.3253151]],[[1.8847775,43.3253514],[1.8845686,43.3253072],[1.8850089,43.3252961],[1.8847775,43.3253514]],[[1.8845589,43.3253072],[1.8845831,43.3253356],[1.8841345,43.3253143],[1.8845784,43.3252736],[1.8845589,43.3253072]],[[1.8587197,43.3271282],[1.8582684,43.3265189],[1.8591384,43.3262676],[1.8608622,43.3268354],[1.8587197,43.3271282]],[[1.882806,43.325209],[1.8840184,43.325248],[1.8841556,43.3253437],[1.8839862,43.3254178],[1.8831654,43.3253748],[1.8824016,43.3254669],[1.8784582,43.3272577],[1.8740003,43.3277143],[1.8712618,43.3285865],[1.8709018,43.3285833],[1.8709834,43.3284678],[1.8740003,43.3275036],[1.8780344,43.3271133],[1.8786781,43.3269768],[1.8820121,43.3254041],[1.882806,43.325209]],[[1.8708969,43.3285848],[1.8709304,43.3286082],[1.8705136,43.3287077],[1.8708993,43.3285524],[1.8708969,43.3285848]],[[1.870097,43.3288341],[1.8701465,43.3287703],[1.8705322,43.3287316],[1.870097,43.3288341]],[[1.8660857,43.329139],[1.866871,43.3290528],[1.8686279,43.3291074],[1.8698831,43.3287777],[1.8701205,43.3288587],[1.8699824,43.3290079],[1.8689154,43.3293068],[1.8670379,43.3292639],[1.8660267,43.3293692],[1.8634834,43.3298722],[1.8617748,43.3303034],[1.861571,43.3302595],[1.8616573,43.3301575],[1.862491,43.3298995],[1.8660857,43.329139]],[[1.8611332,43.3303743],[1.8612411,43.3302995],[1.8615929,43.3302853],[1.8611332,43.3303743]],[[1.8638885,43.3535497],[1.8635626,43.3538043],[1.8634137,43.3538082],[1.8633024,43.3535946],[1.8633695,43.3535205],[1.8637128,43.3534747],[1.8638885,43.3535497]],[[1.8663556,43.3638406],[1.8661326,43.3639195],[1.8663253,43.3637999],[1.8663556,43.3638406]],[[1.8478569,43.3667198],[1.8480286,43.366867],[1.8479768,43.3669609],[1.8470375,43.3672365],[1.847101,43.3670861],[1.8473553,43.3670213],[1.8478569,43.3667198]],[[1.8759542,43.3836561],[1.8763635,43.3835879],[1.8764618,43.3836602],[1.8764057,43.3838187],[1.8752119,43.3841878],[1.8750935,43.3840012],[1.8759542,43.3836561]],[[1.8538275,43.4214394],[1.8542956,43.4216819],[1.8541481,43.421791],[1.8537404,43.4215212],[1.8538275,43.4214394]],[[1.9523779,43.2474716],[1.9524664,43.2474052],[1.9528312,43.2475302],[1.9533784,43.2478819],[1.9531772,43.2480382],[1.9523779,43.2474716]],[[1.9463275,43.2533031],[1.9464175,43.2535586],[1.9463843,43.2538024],[1.9452086,43.253781],[1.9448121,43.2536182],[1.9452373,43.253378],[1.9452884,43.252938],[1.9460087,43.2532683],[1.9463275,43.2533031]],[[1.9343247,43.2608342],[1.9344052,43.2609201],[1.934204,43.2610881],[1.9337869,43.2607482],[1.9343247,43.2608342]],[[1.9688573,43.2635816],[1.9688761,43.2637979],[1.9683636,43.264],[1.9681474,43.2638308],[1.9685,43.2633747],[1.9686928,43.2633465],[1.9688573,43.2635816]],[[1.9694732,43.263229],[1.9698869,43.2631443],[1.9701784,43.2633183],[1.9715889,43.264724],[1.9714807,43.2648416],[1.9710952,43.2649074],[1.9698399,43.2637743],[1.9694732,43.263229]],[[1.9694074,43.26463],[1.969398,43.2643761],[1.9695484,43.2642774],[1.9698023,43.2643197],[1.9700327,43.2644608],[1.9702348,43.2646394],[1.9702489,43.264757],[1.9690031,43.2653352],[1.9687304,43.265039],[1.9687586,43.264898],[1.9689701,43.2646347],[1.9691535,43.2646864],[1.9694074,43.26463]],[[1.9885486,43.2765021],[1.9882789,43.2761785],[1.9884113,43.2759628],[1.988905,43.2757301],[1.9893183,43.2758451],[1.9897253,43.2761491],[1.9898086,43.2763599],[1.98974,43.2765266],[1.9890879,43.2767767],[1.9888684,43.2767275],[1.9885486,43.2765021]],[[1.9883868,43.2768208],[1.9886001,43.2768992],[1.9885854,43.2769654],[1.9878254,43.2769997],[1.9876023,43.2768159],[1.9879761,43.276456],[1.9883255,43.276632],[1.9883868,43.2768208]],[[1.9812714,43.2772092],[1.9809066,43.2773518],[1.9807993,43.2772825],[1.980873,43.2771604],[1.9811989,43.2771419],[1.9812714,43.2772092]],[[1.9412343,43.2813666],[1.9414482,43.2814522],[1.9413431,43.2815002],[1.9411922,43.2814421],[1.9412343,43.2813666]],[[1.9482592,43.2825248],[1.9482062,43.2822588],[1.9492506,43.2818312],[1.9495376,43.2821544],[1.948377,43.2826393],[1.9482592,43.2825248]],[[1.9244645,43.2891771],[1.924418,43.2891143],[1.924497,43.2891049],[1.9244645,43.2891771]],[[1.9236782,43.2950216],[1.9236565,43.2950688],[1.9236304,43.2950296],[1.9236782,43.2950216]],[[1.9303488,43.29557],[1.9302502,43.2956084],[1.9302007,43.2954532],[1.9303488,43.29557]],[[1.9840528,43.2960642],[1.9834024,43.2962545],[1.9835003,43.2959412],[1.9838892,43.2959178],[1.9840528,43.2960642]],[[1.9423341,43.2969464],[1.9420636,43.2967525],[1.9420385,43.2966815],[1.9423344,43.2968259],[1.9423341,43.2969464]],[[1.9879822,43.29742],[1.9881338,43.2974873],[1.988178,43.2976406],[1.9880171,43.2977684],[1.9878682,43.2975322],[1.9879822,43.29742]],[[1.9693871,43.2989949],[1.9695674,43.2991],[1.9694395,43.2992163],[1.9692655,43.2991379],[1.9693871,43.2989949]],[[1.9687682,43.2992504],[1.9689181,43.2991668],[1.9690979,43.2992091],[1.9691556,43.2993052],[1.9689871,43.2994583],[1.968758,43.299355],[1.9687682,43.2992504]],[[1.9696862,43.2993873],[1.9698665,43.2994924],[1.9697386,43.2996086],[1.9695646,43.2995302],[1.9696862,43.2993873]],[[1.9690113,43.2996191],[1.9691294,43.2995118],[1.9692733,43.2995066],[1.9694054,43.2996048],[1.9692922,43.2997828],[1.9690358,43.2997225],[1.9690113,43.2996191]],[[1.9685864,43.2997445],[1.9684508,43.2996942],[1.9685736,43.2996652],[1.9685864,43.2997445]],[[1.9297295,43.2999542],[1.92964,43.2999916],[1.9295705,43.2998946],[1.9296666,43.2998666],[1.9297295,43.2999542]],[[1.9896507,43.2984558],[1.9910574,43.298358],[1.9931012,43.297665],[1.9933092,43.2976184],[1.9935033,43.2977145],[1.9913685,43.2984751],[1.9909474,43.2985708],[1.9896841,43.2986411],[1.9891637,43.2988363],[1.9863931,43.3007188],[1.9843814,43.3014696],[1.9799289,43.3042472],[1.9782847,43.3050963],[1.9778461,43.3051784],[1.977885,43.3050416],[1.9780299,43.3049538],[1.9781735,43.3049462],[1.979827,43.3041067],[1.9839602,43.3014208],[1.9845879,43.3011338],[1.9858834,43.3007317],[1.9890538,43.2986918],[1.9896507,43.2984558]],[[1.9799906,43.3028203],[1.9801918,43.3029608],[1.9801274,43.3031111],[1.9796661,43.3033746],[1.9793576,43.3031072],[1.979481,43.3029803],[1.9799906,43.3028203]],[[1.9403981,43.3047446],[1.940416,43.304734],[1.9404187,43.3047796],[1.9403981,43.3047446]],[[1.9778781,43.3051941],[1.9777556,43.3052715],[1.9774764,43.3053514],[1.9775532,43.3052715],[1.9778781,43.3051941]],[[1.9771211,43.3055239],[1.9772102,43.305425],[1.9775082,43.3053678],[1.9771211,43.3055239]],[[1.9319361,43.3056687],[1.9319405,43.3056237],[1.9320589,43.3056755],[1.9319361,43.3056687]],[[1.977067,43.3055803],[1.9770919,43.3056821],[1.9748381,43.3066226],[1.9735425,43.3072687],[1.9712922,43.3077469],[1.9690954,43.3083948],[1.9686743,43.3086134],[1.9668853,43.3103232],[1.9661423,43.310776],[1.9639537,43.311381],[1.9620386,43.3117635],[1.9617088,43.3117243],[1.962347,43.3114064],[1.9644874,43.3110472],[1.9660324,43.3105866],[1.9664213,43.3103622],[1.9686985,43.3083109],[1.9712117,43.3075439],[1.973497,43.3070442],[1.9769248,43.3054554],[1.977161,43.3055406],[1.977067,43.3055803]],[[1.9617025,43.311725],[1.9612794,43.3118262],[1.9614792,43.3117245],[1.9617025,43.311725]],[[1.9613004,43.3118493],[1.961165,43.3118976],[1.9608819,43.3119138],[1.9610502,43.3118279],[1.9613004,43.3118493]],[[1.960491,43.3119992],[1.960645,43.3119177],[1.9609027,43.3119366],[1.960491,43.3119992]],[[1.9605088,43.312024],[1.9603072,43.312094],[1.9600432,43.3121066],[1.9601924,43.3120242],[1.9605088,43.312024]],[[1.9593802,43.3121337],[1.9597958,43.3120407],[1.9600612,43.3121292],[1.9599484,43.3122374],[1.9589054,43.3124605],[1.9587806,43.3136659],[1.9577642,43.3149075],[1.956555,43.3150536],[1.9556153,43.3149319],[1.9546639,43.3151095],[1.954523,43.3151695],[1.9544655,43.3153695],[1.9516475,43.3155096],[1.9511294,43.3156843],[1.950974,43.3156631],[1.9508041,43.3157466],[1.9507908,43.3158693],[1.950518,43.3160041],[1.9498156,43.3160639],[1.9494838,43.3160121],[1.9489916,43.3157839],[1.948282,43.3149897],[1.9480449,43.3145386],[1.9480835,43.3138685],[1.9479712,43.3135766],[1.9477906,43.3134191],[1.9466919,43.3129985],[1.9460306,43.3129204],[1.9453403,43.3131123],[1.9447394,43.3135467],[1.9444045,43.3136763],[1.9434643,43.3138908],[1.9413334,43.3150951],[1.9408571,43.315493],[1.9403261,43.3162307],[1.9387221,43.3176065],[1.9381937,43.3177607],[1.9372523,43.3178817],[1.9358709,43.3183285],[1.9355866,43.3183305],[1.9349429,43.3181139],[1.934562,43.3180924],[1.9325664,43.3193316],[1.9320676,43.3195677],[1.931161,43.3198428],[1.9287282,43.3202956],[1.9248122,43.3207502],[1.9226557,43.3212908],[1.92202,43.3212478],[1.9208479,43.3209649],[1.9197669,43.3208829],[1.9185921,43.3210215],[1.9162506,43.3215757],[1.9140592,43.3211034],[1.9137579,43.3209755],[1.9140029,43.32092],[1.9144979,43.3209748],[1.9156605,43.3212966],[1.9162149,43.3213507],[1.9184059,43.3208343],[1.9200849,43.3206646],[1.9225338,43.3210627],[1.924237,43.3206334],[1.9283527,43.3201473],[1.931338,43.3195736],[1.9325021,43.3191462],[1.9344976,43.3178602],[1.9349348,43.3178641],[1.9356069,43.3180789],[1.9360399,43.3180651],[1.9371906,43.317665],[1.938588,43.3173938],[1.9401759,43.3160355],[1.9406211,43.3153427],[1.9412154,43.314859],[1.9432926,43.3137054],[1.9442394,43.3134887],[1.9446057,43.3133172],[1.9448617,43.3130867],[1.9456824,43.3127979],[1.9467218,43.3128231],[1.9476142,43.3131361],[1.9479768,43.3133502],[1.9482995,43.3136577],[1.9483526,43.3138028],[1.9483021,43.3143381],[1.9485832,43.315005],[1.9488836,43.3154538],[1.9493986,43.3157895],[1.9498273,43.315843],[1.9507678,43.3156879],[1.9509323,43.3155962],[1.95098,43.3154661],[1.9512424,43.3153458],[1.9526406,43.3150659],[1.9544898,43.3151274],[1.9546074,43.3150679],[1.9548171,43.314674],[1.9545313,43.3140441],[1.9545381,43.3138451],[1.955589,43.3130273],[1.9563144,43.312884],[1.9562174,43.3127744],[1.956352,43.3127371],[1.956389,43.3128749],[1.9585836,43.3122653],[1.9593613,43.3122469],[1.9593802,43.3121337]],[[1.9305191,43.3272221],[1.9301593,43.327417],[1.9299682,43.3277047],[1.929949,43.3276077],[1.9301134,43.3273466],[1.9303668,43.3271706],[1.9305191,43.3272221]],[[1.9319405,43.3285186],[1.931583,43.3284614],[1.9321835,43.3283185],[1.9319405,43.3285186]],[[1.9871107,43.3651695],[1.9873539,43.3646709],[1.9875789,43.3646783],[1.9873325,43.3652012],[1.9871107,43.3651695]],[[1.9874357,43.3657697],[1.9871859,43.3658244],[1.9876607,43.3647296],[1.9878368,43.3647945],[1.9874357,43.3657697]],[[1.9872651,43.3652942],[1.9870827,43.3657974],[1.9868453,43.3658255],[1.9870552,43.3652869],[1.9872651,43.3652942]],[[1.9895439,43.3682107],[1.9895944,43.3683029],[1.9891486,43.3682615],[1.9888822,43.3680616],[1.9889638,43.3679866],[1.9892474,43.368167],[1.9895439,43.3682107]],[[1.943803,43.3778497],[1.9435126,43.3774536],[1.9432295,43.3773036],[1.9431205,43.3770021],[1.9431444,43.3767367],[1.9429989,43.3765839],[1.9424092,43.3764718],[1.9428882,43.3758744],[1.9432022,43.3760503],[1.9439346,43.3760691],[1.9440582,43.3761699],[1.9440838,43.3763287],[1.9439627,43.3765161],[1.944033,43.3766394],[1.9443912,43.3768382],[1.9444701,43.3770003],[1.9444849,43.377444],[1.9449046,43.3777628],[1.9451992,43.3781913],[1.9451805,43.3783434],[1.9447892,43.3784328],[1.9441695,43.3781554],[1.943803,43.3778497]],[[1.972999,43.3920063],[1.9728548,43.3918552],[1.9729296,43.3914891],[1.9724205,43.3912209],[1.9726057,43.3910526],[1.9730526,43.3909909],[1.9737843,43.3913474],[1.9731471,43.391964],[1.972999,43.3920063]],[[1.9341945,43.3930745],[1.9340228,43.3933552],[1.9334241,43.3937605],[1.9330437,43.3942494],[1.9323577,43.3945417],[1.9302754,43.3950575],[1.9298472,43.3952434],[1.9294015,43.3946981],[1.9296026,43.3945713],[1.9295175,43.3944129],[1.9302087,43.3939699],[1.931215,43.3938925],[1.9313695,43.3940236],[1.932229,43.3938146],[1.933553,43.3928916],[1.9340417,43.3926769],[1.934452,43.3926223],[1.934688,43.3923884],[1.9346517,43.392264],[1.9352132,43.3919327],[1.935282,43.3920547],[1.9341945,43.3930745]],[[1.9814655,43.397099],[1.9810443,43.3973641],[1.9807976,43.3973251],[1.9807788,43.3971828],[1.9810202,43.3967229],[1.9811758,43.3966995],[1.9814681,43.3969665],[1.9814655,43.397099]],[[1.9295778,43.4020321],[1.9284835,43.4019853],[1.9286235,43.4015594],[1.9287343,43.4014614],[1.9293203,43.4016087],[1.9300284,43.4016424],[1.9299855,43.401845],[1.9296851,43.4018762],[1.9295778,43.4020321]],[[1.936551,43.4057222],[1.9362203,43.4051525],[1.9354148,43.4049841],[1.9343021,43.4050119],[1.9336891,43.4055587],[1.9335931,43.4055147],[1.9334524,43.4048951],[1.9332739,43.4046791],[1.9319925,43.4040504],[1.931872,43.403863],[1.9318667,43.403646],[1.9321242,43.4032839],[1.9320849,43.4031122],[1.9316211,43.4027173],[1.9315464,43.4024931],[1.9326618,43.4025096],[1.9330596,43.4028422],[1.9331571,43.4035633],[1.933295,43.4037215],[1.9346607,43.4040457],[1.9361956,43.4040505],[1.9370554,43.4041781],[1.9379554,43.4046036],[1.938034,43.4047014],[1.9379721,43.4052435],[1.9381025,43.4058268],[1.9383755,43.4061417],[1.9383846,43.40629],[1.9386667,43.4067771],[1.9394199,43.4068168],[1.9395493,43.4071056],[1.939888,43.407243],[1.9395639,43.4083704],[1.9393177,43.4088344],[1.9388963,43.4094952],[1.9380774,43.4103644],[1.9377902,43.4102313],[1.9379971,43.4098132],[1.9379745,43.4092912],[1.9376297,43.4087476],[1.9374087,43.4085866],[1.9375039,43.4083411],[1.9378073,43.4080602],[1.937947,43.4077871],[1.9379277,43.4075697],[1.937632,43.4071324],[1.9384967,43.406798],[1.9384327,43.4066984],[1.9374526,43.4070606],[1.9373215,43.4067936],[1.9373945,43.4062601],[1.9373293,43.4061306],[1.936551,43.4057222]],[[1.9387125,43.41174],[1.938911,43.4113522],[1.939383,43.411664],[1.9399678,43.4117341],[1.9400187,43.4118082],[1.9399624,43.4119134],[1.939434,43.4120965],[1.9391443,43.4118686],[1.9387125,43.41174]],[[1.9687605,43.4132525],[1.9686459,43.4131876],[1.9687014,43.4131673],[1.9687605,43.4132525]],[[1.9935838,43.2774631],[1.9935348,43.2772669],[1.9937355,43.2770613],[1.9942975,43.27673],[1.9946281,43.2767718],[1.9950792,43.277012],[1.9953341,43.2772571],[1.9953096,43.2774484],[1.994231,43.2779975],[1.9939908,43.277919],[1.9935838,43.2774631]],[[2.0340217,43.2853309],[2.0343837,43.2852515],[2.0344121,43.2852708],[2.0340181,43.2853928],[2.0340217,43.2853309]],[[2.0322471,43.2859986],[2.0291948,43.2866488],[2.0287843,43.2867235],[2.0286566,43.2866606],[2.028088,43.2867908],[2.0280155,43.2868767],[2.0263621,43.2873162],[2.0254192,43.2877631],[2.0248037,43.2879019],[2.0232373,43.2880737],[2.0172921,43.2898014],[2.0156434,43.2901864],[2.0155191,43.2903168],[2.0126599,43.2911583],[2.0090845,43.2919353],[2.0058819,43.2930618],[2.0048481,43.2933372],[2.0041749,43.293716],[2.0024755,43.2951682],[2.0018694,43.2955957],[1.9997665,43.2961853],[1.9995619,43.2961345],[1.999729,43.2959686],[2.0016923,43.2953947],[2.0026847,43.2946606],[2.003586,43.2938114],[2.0040607,43.2934659],[2.004632,43.2932472],[2.0048654,43.2932699],[2.0059558,43.2927633],[2.0090496,43.2917205],[2.0127618,43.2909064],[2.0149505,43.2902133],[2.0155767,43.2901541],[2.0168066,43.2896979],[2.0225867,43.2880716],[2.0235711,43.2878568],[2.0250007,43.287683],[2.0264947,43.2870309],[2.0271384,43.2868474],[2.0286358,43.2866105],[2.0286482,43.2865236],[2.0290392,43.2864126],[2.0321446,43.2857538],[2.0338142,43.2853023],[2.0339884,43.2853417],[2.0339306,43.2855011],[2.0322471,43.2859986]],[[1.9995535,43.2961367],[1.999591,43.2961618],[1.9991518,43.296243],[1.9995679,43.296104],[1.9995535,43.2961367]],[[1.9988867,43.2964196],[1.9951117,43.2973783],[1.9947101,43.2973745],[1.9950002,43.297177],[1.9962179,43.296849],[1.9988975,43.2962126],[1.9991438,43.2962442],[1.9988867,43.2964196]],[[1.9942922,43.2974818],[1.9943679,43.2974182],[1.9947269,43.2973975],[1.9942922,43.2974818]],[[1.9942838,43.2974842],[1.9938797,43.2975872],[1.9941042,43.2974773],[1.9942838,43.2974842]],[[1.993871,43.2975899],[1.9939022,43.2976112],[1.9934791,43.2976922],[1.9938757,43.2975604],[1.993871,43.2975899]],[[2.026553,43.303029],[2.0265432,43.3030828],[2.0264499,43.3030248],[2.026553,43.303029]],[[2.0262787,43.3031188],[2.0263523,43.3031048],[2.0262893,43.3031632],[2.0262787,43.3031188]],[[2.044989,43.3114182],[2.0448397,43.3115113],[2.0445285,43.3121575],[2.0441685,43.3121768],[2.044395,43.3118489],[2.0442744,43.3117424],[2.0447768,43.3109147],[2.0450118,43.3109962],[2.044989,43.3114182]],[[2.0625128,43.3243469],[2.0624452,43.3244621],[2.0619702,43.3246079],[2.0618952,43.3242439],[2.0615704,43.3240368],[2.0615951,43.3238759],[2.0622137,43.3237375],[2.0625128,43.3243469]],[[2.0772529,43.3373326],[2.078712,43.3366693],[2.0790124,43.3365874],[2.079227,43.3366693],[2.0792377,43.3368254],[2.0790124,43.3370088],[2.0774621,43.3376018],[2.0772529,43.3373326]],[[2.0853925,43.3435708],[2.0857908,43.3437224],[2.0860686,43.3439876],[2.0859177,43.3440606],[2.0850641,43.344075],[2.0851971,43.3436132],[2.0853925,43.3435708]],[[2.0876569,43.3455711],[2.0877112,43.3458044],[2.0878959,43.3459574],[2.0875795,43.3461611],[2.087213,43.3460653],[2.0871429,43.3458492],[2.0864434,43.3452143],[2.0870641,43.3448759],[2.0872375,43.3449195],[2.0873268,43.3452709],[2.0876569,43.3455711]],[[2.0674272,43.3469365],[2.0677531,43.3464033],[2.0679135,43.3462798],[2.0681993,43.3463136],[2.0682479,43.3464735],[2.0677694,43.347172],[2.0674799,43.3470748],[2.0674272,43.3469365]],[[2.0703319,43.3472801],[2.0703148,43.3473717],[2.0700998,43.3474078],[2.0700444,43.3473181],[2.0701313,43.3472308],[2.0703319,43.3472801]],[[2.0221434,43.3473305],[2.0224306,43.3470316],[2.0229765,43.3462036],[2.0234733,43.3456664],[2.0241482,43.3446259],[2.0254461,43.3450791],[2.0234633,43.34756],[2.0234377,43.3479031],[2.0231536,43.3481759],[2.0227355,43.3490282],[2.0226744,43.3499032],[2.0224685,43.3505758],[2.0217713,43.3507476],[2.0220848,43.3511003],[2.022,43.3513845],[2.0220431,43.3516886],[2.0213487,43.3513154],[2.0211862,43.3510804],[2.0212861,43.3502055],[2.0214452,43.3499367],[2.0213466,43.3494586],[2.0217884,43.3486216],[2.0215717,43.3482891],[2.0219023,43.3479053],[2.0221434,43.3473305]],[[2.0797254,43.3537378],[2.079907,43.3543041],[2.079911,43.3546909],[2.0795679,43.3553212],[2.0793931,43.3544495],[2.0789479,43.3541838],[2.0788821,43.353915],[2.0790891,43.3537811],[2.0797254,43.3537378]],[[2.0645756,43.3558037],[2.0641693,43.355591],[2.064774,43.3551283],[2.0659491,43.3556116],[2.0660155,43.355742],[2.0652003,43.3558663],[2.0645756,43.3558037]],[[2.0794022,43.3626818],[2.0790528,43.3621884],[2.0798535,43.361555],[2.0803554,43.3616376],[2.0804049,43.3617884],[2.0798906,43.3620111],[2.0798226,43.3622471],[2.0798996,43.3625242],[2.0798035,43.3627886],[2.0796248,43.362833],[2.0794022,43.3626818]],[[2.0766691,43.3641015],[2.0766685,43.3642195],[2.0760375,43.3643158],[2.0760103,43.364161],[2.0762172,43.3640597],[2.0766691,43.3641015]],[[2.0696119,43.3644179],[2.0703488,43.3643626],[2.0705104,43.3644282],[2.0704496,43.3655395],[2.0702447,43.3651848],[2.0695668,43.3645359],[2.0696119,43.3644179]],[[2.0819386,43.3653706],[2.0818206,43.3655698],[2.0814141,43.3653572],[2.0817662,43.3652399],[2.0819386,43.3653706]],[[2.0361769,43.3659616],[2.0361244,43.3658505],[2.0366428,43.365727],[2.0366465,43.3657865],[2.0361769,43.3659616]],[[2.0805672,43.3660362],[2.0804215,43.3661621],[2.0800534,43.3661043],[2.0800884,43.3657583],[2.080484,43.3659017],[2.0805672,43.3660362]],[[2.0830953,43.3663463],[2.0831532,43.3658456],[2.0832711,43.3656668],[2.0834999,43.3656795],[2.08401,43.3664746],[2.0833181,43.3664486],[2.0830953,43.3663463]],[[2.0764201,43.366157],[2.0765305,43.3664422],[2.0762008,43.3665351],[2.0758733,43.3661516],[2.0762642,43.3660833],[2.0764201,43.366157]],[[2.0842708,43.3668253],[2.0845507,43.3666102],[2.0847781,43.3669608],[2.0847373,43.3673516],[2.0842247,43.3671672],[2.0839467,43.3669142],[2.0842708,43.3668253]],[[2.0538486,43.3680987],[2.0539557,43.3679838],[2.0548847,43.3684784],[2.0549984,43.3686226],[2.0549461,43.3688413],[2.0546494,43.3689931],[2.0544601,43.3689725],[2.0543463,43.368834],[2.054141,43.3688479],[2.0541545,43.3684996],[2.0540688,43.3682662],[2.0538486,43.3680987]],[[2.0439328,43.3702847],[2.0441369,43.3701492],[2.044476,43.3701353],[2.0445605,43.3701849],[2.0445429,43.3703308],[2.0446839,43.3705983],[2.0445441,43.3707711],[2.0443338,43.3707977],[2.0439052,43.3703935],[2.0439328,43.3702847]],[[2.078678,43.3791386],[2.0794163,43.3790828],[2.0794635,43.3791376],[2.0793562,43.3792957],[2.0794726,43.3797738],[2.0793326,43.3801939],[2.0787711,43.3795189],[2.078678,43.3791386]],[[2.087129,43.384474],[2.0877662,43.3842759],[2.0878826,43.3844797],[2.0880409,43.3853473],[2.087973,43.3855751],[2.0876269,43.3855622],[2.0873582,43.3857448],[2.0870303,43.385398],[2.087129,43.384474]],[[2.0340034,43.3872114],[2.0337788,43.3872813],[2.0332474,43.3871484],[2.033073,43.3868368],[2.0336202,43.3864567],[2.0340234,43.3867272],[2.0340034,43.3872114]],[[2.0267604,43.4024372],[2.0262668,43.4022911],[2.0264814,43.4020767],[2.0268757,43.4023456],[2.0267604,43.4024372]],[[2.0103187,43.4132548],[2.0100934,43.4132256],[2.0100827,43.4130327],[2.0105214,43.413067],[2.0103187,43.4132548]],[[2.0989358,43.343153],[2.0991854,43.3428298],[2.0994498,43.3429607],[2.0989995,43.3432834],[2.0989358,43.343153]],[[2.0896811,43.3473461],[2.0894605,43.3472765],[2.0890477,43.3469474],[2.0877709,43.3466222],[2.0882107,43.3461596],[2.08844,43.3460248],[2.0890262,43.3464263],[2.0893216,43.3465277],[2.0897793,43.3465057],[2.0896602,43.3466954],[2.0896811,43.3473461]],[[2.0985918,43.3487264],[2.0989493,43.3491158],[2.098866,43.3492106],[2.0981321,43.3492494],[2.0985918,43.3487264]],[[2.112648,43.3498637],[2.1123781,43.3499118],[2.1123999,43.3496945],[2.1124878,43.3496282],[2.1127715,43.3496569],[2.112648,43.3498637]],[[2.0882379,43.3570946],[2.0881433,43.3570455],[2.0881504,43.3566669],[2.087985,43.3562064],[2.0874898,43.3558715],[2.0880829,43.3554656],[2.0882778,43.3555597],[2.0886204,43.3563748],[2.088569,43.3566475],[2.0882379,43.3570946]],[[2.0919417,43.3580137],[2.09194,43.3574868],[2.0921416,43.357375],[2.0928104,43.3578572],[2.0919417,43.3580137]],[[2.1137339,43.3627733],[2.1140539,43.3627089],[2.1143677,43.3629572],[2.1142978,43.3630926],[2.1138678,43.3634245],[2.1137912,43.3633628],[2.1138222,43.363023],[2.1137339,43.3627733]],[[2.0940259,43.3630538],[2.0938338,43.3627482],[2.0947861,43.3624249],[2.0949579,43.3628715],[2.0949256,43.3630701],[2.0941414,43.3637709],[2.0940259,43.3630538]],[[2.1150778,43.3700761],[2.1160313,43.3695988],[2.1161704,43.370174],[2.1161253,43.3703078],[2.1157951,43.370468],[2.1152604,43.3702825],[2.1150778,43.3700761]],[[2.0910077,43.3760337],[2.090997,43.3758621],[2.0911579,43.3756866],[2.0918553,43.3754293],[2.0918982,43.3755619],[2.091469,43.3757685],[2.091292,43.376061],[2.0910077,43.3760337]],[[2.0973431,43.3824467],[2.0973129,43.3825109],[2.0972888,43.3824332],[2.0973431,43.3824467]],[[2.1103263,43.3835355],[2.110672,43.3832369],[2.1109855,43.3834038],[2.1100863,43.3840376],[2.1103263,43.3835355]],[[2.0966599,43.3907141],[2.0967647,43.3907136],[2.0966786,43.390743],[2.0966599,43.3907141]]],[[[1.9880775,43.2766947],[1.9879016,43.2767531],[1.987941,43.2768852],[1.9882197,43.2768074],[1.9880775,43.2766947]]],[[[1.9546684,43.3139761],[1.9550467,43.3145962],[1.9552218,43.3145486],[1.9553292,43.3143889],[1.9551121,43.3139846],[1.9547735,43.3139064],[1.9546684,43.3139761]]],[[[2.0675419,43.3468764],[2.067672,43.346931],[2.0677337,43.3468286],[2.067617,43.3467652],[2.0675419,43.3468764]]]]}},{"type":"Feature","properties":{"id":"corbieres-salanque-mediterranee-aude","name":"Corbières Salanque Méditerranée (Aude)","type":"island","members":["cucugnan-11","duilhac-sous-peyrepertuse-11","durban-corbieres-11","embres-et-castelmaure-11","feuilla-11","fitou-11","fontjoncouse-11","fraisse-des-corbieres-11","maisons-11","montgaillard-11","padern-11","paziols-11","rouffiac-des-corbieres-11","saint-jean-de-barrou-11","soulatge-11","tuchan-11","villeneuve-les-corbieres-11","villeseque-des-corbieres-11"]},"geometry":{"type":"Polygon","coordinates":[[[2.7542337,42.8518921],[2.748045,42.84455],[2.747737,42.844373],[2.747145,42.84427],[2.746903,42.844108],[2.746795,42.84394],[2.746808,42.843652],[2.746243,42.842427],[2.745955,42.842088],[2.745627,42.841907],[2.7442,42.840722],[2.74413,42.840538],[2.744288,42.840201],[2.744098,42.839957],[2.743467,42.839595],[2.742162,42.839438],[2.742096,42.839308],[2.742164,42.83916],[2.742546,42.839015],[2.742285,42.838811],[2.741686,42.838754],[2.7412,42.838842],[2.741183,42.83818],[2.741091,42.837837],[2.740817,42.837905],[2.739915,42.837609],[2.739496,42.837241],[2.73911,42.83704],[2.739021,42.836804],[2.738534,42.83658],[2.737929,42.835897],[2.737319,42.835552],[2.735953,42.835636],[2.735274,42.835873],[2.734408,42.835695],[2.733968,42.835774],[2.733713,42.836105],[2.733492,42.836134],[2.733441,42.836345],[2.733014,42.836708],[2.732704,42.835974],[2.732072,42.835463],[2.731067,42.834972],[2.730837,42.835074],[2.730682,42.83505],[2.72955,42.834578],[2.717519,42.833768],[2.714687,42.834364],[2.713154,42.835021],[2.711563,42.836016],[2.711308,42.836038],[2.710451,42.835625],[2.709817,42.835485],[2.709654,42.834848],[2.709482,42.834642],[2.709032,42.834588],[2.708513,42.834315],[2.707896,42.834203],[2.707088,42.833903],[2.706564,42.833454],[2.706145,42.832651],[2.705118,42.832192],[2.704008,42.83214],[2.703459,42.831708],[2.703112,42.831657],[2.702474,42.831413],[2.7022,42.831374],[2.701676,42.831491],[2.700789,42.831421],[2.698792,42.830847],[2.696055,42.830524],[2.688405,42.831261],[2.684292,42.830933],[2.683941,42.83081],[2.680146,42.830716],[2.676141,42.831791],[2.67321,42.833004],[2.6660989,42.8366467],[2.638486,42.8344318],[2.635612,42.83497],[2.6334976,42.836254],[2.6314518,42.8365009],[2.6264338,42.8374589],[2.6252689,42.8371371],[2.6248885,42.8372873],[2.6216619,42.8366665],[2.6178103,42.836391],[2.6141935,42.8362843],[2.6110169,42.8356893],[2.6094755,42.8360348],[2.6076254,42.8360555],[2.6076444,42.836225],[2.6054251,42.8362572],[2.604192,42.8360772],[2.6022357,42.8368864],[2.6005298,42.8372699],[2.5987964,42.8372282],[2.5975694,42.8367521],[2.5963147,42.8374923],[2.5942623,42.8381187],[2.5914882,42.8392929],[2.5861994,42.8407634],[2.5831207,42.8408294],[2.5795822,42.8420696],[2.5774359,42.8421415],[2.5765758,42.8419361],[2.5760896,42.8419937],[2.5726639,42.8431312],[2.5686461,42.8434141],[2.5596467,42.8455044],[2.5555467,42.8463231],[2.5519631,42.8466463],[2.5517582,42.8462556],[2.552569,42.8452971],[2.5519763,42.8439918],[2.5458517,42.8452432],[2.542957,42.8452736],[2.5359214,42.8446871],[2.5305129,42.8436731],[2.52502,42.8445728],[2.5199766,42.8445645],[2.516737,42.8426892],[2.5151874,42.8463863],[2.5087529,42.8503738],[2.5076796,42.8507582],[2.5054305,42.8512775],[2.5048652,42.8513283],[2.503802,42.8512633],[2.5021286,42.8514073],[2.501654,42.8515744],[2.5007467,42.8506021],[2.4998343,42.8501518],[2.4901322,42.8581058],[2.4843988,42.8629297],[2.4766102,42.8691097],[2.4738792,42.8746002],[2.4727581,42.8778377],[2.4662516,42.8906964],[2.4743393,42.8947519],[2.4858119,42.9017854],[2.4939555,42.9041814],[2.4953771,42.9047181],[2.4957204,42.9053625],[2.4969005,42.9053467],[2.4983288,42.905903],[2.5028849,42.907375],[2.5044738,42.907591],[2.509454,42.9080387],[2.5164611,42.9079778],[2.5175408,42.9080504],[2.5182049,42.9079852],[2.5210688,42.9082734],[2.5233324,42.9078043],[2.5245038,42.9072043],[2.524688,42.905616],[2.5302545,42.90406],[2.5318443,42.9031766],[2.538746,42.9017377],[2.5433102,42.9015604],[2.5487758,42.9018071],[2.5634932,42.9068664],[2.5694945,42.9086006],[2.5778015,42.9078394],[2.5823225,42.9114383],[2.5946045,42.9130314],[2.6000921,42.914049],[2.6070429,42.9154115],[2.610334,42.9163556],[2.6170435,42.9172344],[2.6179509,42.918268],[2.618504,42.9187359],[2.6190804,42.9186016],[2.6242955,42.9192426],[2.6240576,42.9207283],[2.6216428,42.9275222],[2.6207231,42.9277956],[2.6194962,42.9278524],[2.6188851,42.9281047],[2.6184543,42.9284019],[2.6177989,42.9297434],[2.6171765,42.930604],[2.6166659,42.9316198],[2.616332,42.9320932],[2.6157684,42.9324817],[2.6133647,42.9330781],[2.6123808,42.9332033],[2.6094608,42.9344643],[2.6087342,42.934578],[2.6082699,42.9345679],[2.6075404,42.9343088],[2.6075458,42.9346398],[2.6063954,42.9352457],[2.6056349,42.935469],[2.6050228,42.935872],[2.6041989,42.9360681],[2.6036503,42.9363543],[2.6031371,42.9368655],[2.6026657,42.9369548],[2.6016557,42.9375723],[2.6083701,42.9412735],[2.6264626,42.9479913],[2.6500191,42.9388336],[2.6494798,42.9350443],[2.6497526,42.9348136],[2.6637078,42.9327955],[2.6694803,42.9312833],[2.6809734,42.9398558],[2.6837318,42.9424856],[2.6843819,42.9429884],[2.6845574,42.9433048],[2.6853764,42.9432906],[2.6860222,42.9435858],[2.6870916,42.9437572],[2.6880957,42.9436394],[2.688656,42.9433797],[2.6892802,42.9420233],[2.6891374,42.9416153],[2.6890508,42.9408029],[2.6891496,42.9397222],[2.6892723,42.9392011],[2.6895672,42.9388055],[2.6899428,42.938544],[2.6904334,42.9383913],[2.690604,42.938248],[2.6922587,42.9377893],[2.6935242,42.9372562],[2.6938556,42.9372384],[2.694928,42.936882],[2.6961906,42.9369495],[2.6967072,42.9369066],[2.6985396,42.9364549],[2.6988322,42.9365255],[2.70028,42.9373436],[2.7009376,42.9374044],[2.7016221,42.9371923],[2.7029875,42.9361696],[2.7039961,42.9352216],[2.7049358,42.9346936],[2.7055773,42.9344711],[2.7065631,42.9344783],[2.7074617,42.9342339],[2.708345,42.9338321],[2.7090564,42.9333574],[2.7135181,42.9312389],[2.7133472,42.9318033],[2.7138056,42.9325963],[2.7138804,42.9334161],[2.714241,42.9336786],[2.715587,42.9341674],[2.7158758,42.9346598],[2.7158363,42.9351953],[2.715497,42.9357633],[2.7155721,42.9363509],[2.7159934,42.9374727],[2.7158096,42.9377882],[2.7154112,42.9380415],[2.7152994,42.9384408],[2.7157006,42.9387389],[2.7166587,42.9389185],[2.7170923,42.9388595],[2.7173944,42.9400764],[2.7176931,42.9406592],[2.7178747,42.9412873],[2.7184486,42.9416633],[2.7198308,42.9442493],[2.7212298,42.9448477],[2.722131,42.9453425],[2.7229786,42.9455388],[2.7238691,42.9463006],[2.7243626,42.9466226],[2.7248025,42.9467797],[2.7251887,42.9472352],[2.7254891,42.9483425],[2.7251673,42.9484446],[2.7251244,42.9485467],[2.7253926,42.9493712],[2.7262938,42.9499524],[2.7265084,42.9501801],[2.7267185,42.9509064],[2.7271032,42.9512582],[2.7276113,42.9514757],[2.7278917,42.9514681],[2.7286903,42.9518242],[2.7292334,42.9518622],[2.7297973,42.9523056],[2.7301773,42.9522976],[2.7306222,42.9525287],[2.7320059,42.9524241],[2.7324065,42.9528016],[2.7328498,42.9527867],[2.7330677,42.9528923],[2.7340365,42.9529952],[2.734353,42.9529542],[2.7359788,42.9538857],[2.7361871,42.9539182],[2.7369093,42.9536497],[2.7379561,42.9536392],[2.7383825,42.9533852],[2.7389657,42.954008],[2.7396735,42.9542979],[2.7402622,42.9543888],[2.7406961,42.9543208],[2.7422631,42.9545478],[2.7422013,42.954774],[2.7423402,42.9552587],[2.7421248,42.955512],[2.7420547,42.9558646],[2.7423848,42.9563576],[2.7423962,42.9568603],[2.7419654,42.9573936],[2.7422917,42.9574656],[2.7428119,42.9581284],[2.7438102,42.9585568],[2.7440845,42.9589679],[2.7447291,42.9593971],[2.7451412,42.9595318],[2.7456161,42.95953],[2.7461096,42.9597112],[2.7468049,42.9605977],[2.7479625,42.9613506],[2.7486091,42.9618928],[2.7491699,42.9625129],[2.7497847,42.962718],[2.7502022,42.9629993],[2.7515395,42.9634315],[2.7510359,42.9646257],[2.7510432,42.964962],[2.7513338,42.9653565],[2.7520586,42.9656368],[2.7522557,42.9658753],[2.7533371,42.9662488],[2.753803,42.966614],[2.7558573,42.9673614],[2.7573799,42.9676642],[2.7580859,42.9681826],[2.7585635,42.9681489],[2.7593103,42.9682844],[2.7599329,42.968282],[2.7608112,42.9685818],[2.7618028,42.9694723],[2.7621531,42.9698485],[2.7624023,42.9702836],[2.7625799,42.97082],[2.7623758,42.9711504],[2.7619908,42.9714922],[2.7616542,42.9720199],[2.7610183,42.9722084],[2.7605574,42.9725823],[2.7603793,42.9729925],[2.7597909,42.9737604],[2.7587953,42.9753434],[2.7585643,42.9759597],[2.7586596,42.9766573],[2.7590843,42.9771281],[2.7599059,42.9773726],[2.7600993,42.9776098],[2.7603766,42.9784833],[2.7605495,42.9786318],[2.7609775,42.9787112],[2.762213,42.9786645],[2.76287,42.9785081],[2.7648733,42.978506],[2.764826,42.9793203],[2.7649206,42.9796064],[2.7648498,42.9798834],[2.7649358,42.9804307],[2.7646045,42.9807311],[2.7640118,42.981079],[2.7639596,42.9813666],[2.7641135,42.9821776],[2.7648966,42.9815589],[2.7651809,42.9817667],[2.7661779,42.9810068],[2.7675963,42.9803231],[2.7692731,42.9796553],[2.7710688,42.9792815],[2.7716682,42.9792749],[2.7714971,42.9798648],[2.7720257,42.9800904],[2.772049,42.980462],[2.7711767,42.9812846],[2.771303,42.9816104],[2.7710372,42.9820059],[2.7707072,42.9820906],[2.7703295,42.9827369],[2.7703322,42.9831162],[2.7707885,42.983342],[2.7707624,42.9840248],[2.7706221,42.9846398],[2.7703142,42.9849369],[2.7703471,42.9852023],[2.7700878,42.9860823],[2.7706699,42.9869838],[2.770631,42.9873253],[2.7709625,42.9874454],[2.7713308,42.9878239],[2.7714639,42.9883686],[2.7713865,42.9895402],[2.7717495,42.9897209],[2.7722242,42.9896205],[2.772974,42.989678],[2.77298,42.9899857],[2.77309,42.9902546],[2.7731903,42.990271],[2.7732842,42.9899888],[2.7736433,42.9900036],[2.7736496,42.9901605],[2.774061,42.9902103],[2.7756979,42.9898193],[2.7755988,42.9903305],[2.7759304,42.9904765],[2.7761514,42.9907982],[2.776114,42.9912921],[2.7759823,42.9915174],[2.776072,42.9922218],[2.7762296,42.9923871],[2.7763136,42.9927781],[2.7768122,42.9936142],[2.7770341,42.9938336],[2.7771193,42.9940868],[2.7769496,42.9943283],[2.7770321,42.9949992],[2.7775098,42.9955044],[2.7780934,42.9959054],[2.7781008,42.9961411],[2.7789191,42.9956478],[2.779412,42.9956926],[2.7796949,42.9955384],[2.7807855,42.9953767],[2.7809914,42.995583],[2.7813035,42.9952087],[2.7815875,42.9952034],[2.7821465,42.9947843],[2.783165,42.9945888],[2.7836228,42.9945836],[2.7842069,42.9944188],[2.784819,42.9941271],[2.7853292,42.9941633],[2.7856144,42.9938899],[2.7868245,42.99359],[2.78716,42.9933137],[2.7880755,42.9933016],[2.788145045445729,42.99325916016245],[2.7884513,42.9914213],[2.7885693,42.9911349],[2.7886525,42.9911094],[2.7886954,42.9913605],[2.7883936,42.9933018],[2.7884299,42.9934842],[2.7883286979563393,42.993404248701616],[2.7883827,42.993628],[2.7837161,42.9982963],[2.777784,43.0039598],[2.7784663,43.0101919],[2.7739447,43.0157722],[2.7736783,43.0160028],[2.7733267,43.0161426],[2.7727312,43.0161959],[2.7714872,43.0164971],[2.7713702,43.0166131],[2.7516372,43.0222138],[2.7513608,43.022796],[2.751426,43.0231502],[2.7511096,43.0234094],[2.750868,43.0241866],[2.751205,43.024323],[2.751188,43.0254354],[2.7513613,43.0256374],[2.7514056,43.0258309],[2.7512974,43.026169],[2.7516912,43.0263162],[2.7518917,43.0269054],[2.7522738,43.0271381],[2.7541868,43.027721],[2.7547127,43.0283135],[2.7552727,43.0285231],[2.7554924,43.0292248],[2.7558566,43.0295206],[2.756098,43.0299153],[2.7562539,43.0305867],[2.7568159,43.0315345],[2.7567935,43.0318453],[2.7570789,43.0327941],[2.7569931,43.0332588],[2.7570154,43.0336288],[2.7567908,43.0340432],[2.7567053,43.0345587],[2.7566334,43.0355967],[2.7561717,43.0360628],[2.7558705,43.0368476],[2.7545995,43.0375997],[2.7543521,43.0378952],[2.754762,43.0379334],[2.7553588,43.0384784],[2.756017,43.0385363],[2.756077,43.0387084],[2.7566439,43.0391458],[2.7573375,43.0399495],[2.7580291,43.0410113],[2.75846,43.0413516],[2.7585668,43.0415663],[2.7589374,43.0418793],[2.7596805,43.0421118],[2.7598063,43.0428999],[2.7604998,43.0442155],[2.7646719,43.0536454],[2.7659972,43.0596544],[2.7635275,43.0645156],[2.7620664,43.0694532],[2.7818435,43.0671743],[2.7905357,43.065684],[2.8083244,43.0654798],[2.8330262,43.0663298],[2.8337654,43.056125],[2.8352938,43.0545273],[2.8379663,43.0513747],[2.842699,43.0551434],[2.8466444,43.0557717],[2.8521172,43.055183],[2.8585224,43.0540778],[2.8669774,43.0527457],[2.8708098,43.0516248],[2.8724382,43.0500811],[2.8703928,43.0486285],[2.8716802,43.0470901],[2.8686006,43.0430381],[2.8674972,43.0417798],[2.8673923,43.0401546],[2.8706274,43.0372836],[2.8723613,43.0321507],[2.898412,43.0200765],[2.8912004,43.003905],[2.8896125,43.001049],[2.8843087,42.9888601],[2.9020084,42.9590069],[2.9028422,42.9589823],[2.9061386,42.9583875],[2.939543,42.9532943],[2.9334639,42.9391043],[2.9306735,42.9340319],[2.9302338,42.9330815],[2.9152711,42.9189994],[2.9145148,42.9127465],[2.9127124,42.901583],[2.9150801,42.9022908],[2.919248,42.9039837],[2.9224582,42.9050539],[2.9263558,42.905091],[2.928196,42.904707],[2.9321768,42.9049658],[2.9366016,42.9048642],[2.9519916,42.9063597],[2.9575675,42.907621],[2.9589799,42.9083526],[2.9626126,42.9106417],[2.9657695,42.9120275],[2.9809512,42.9214225],[2.9813028,42.9223467],[2.9817552,42.9227052],[2.9816029,42.9234161],[2.9819346,42.9234396],[2.9819336,42.9244093],[2.9822814,42.9242333],[2.9825442,42.9245467],[2.9828381,42.9246114],[2.9830822,42.9252896],[2.9851352,42.9263636],[2.9857086,42.9268159],[2.9867861,42.9264888],[2.9872469,42.9264313],[2.9921613,42.9265295],[2.9941172,42.9266802],[2.9925996,42.9317736],[2.9928492,42.9320582],[2.9936872,42.9320201],[2.9937203,42.9319037],[2.9949127,42.9319215],[2.9962873,42.9316266],[2.9978345,42.9314791],[3.0041705,42.9295653],[3.0043524,42.9289798],[3.0045704,42.9276039],[3.0047067,42.927536],[3.0047734,42.9273762],[3.0046699,42.9273097],[3.0054735,42.9266672],[3.005769,42.9265395],[3.0060324,42.9266135],[3.0064766,42.9265101],[3.0065526,42.9261573],[3.0068152,42.9261557],[3.0068598,42.9260631],[3.0061807,42.9255637],[3.0061409,42.9250689],[3.0062628,42.9247325],[3.0057049,42.922806],[3.0059275,42.9222844],[3.0063325,42.921745],[3.0071621,42.9209226],[3.0071165,42.9208008],[3.0072927,42.9203981],[3.00700889975475,42.92013969822028],[3.0059994,42.9194982],[3.0049763,42.9178261],[3.0044232,42.9173595],[3.0032735,42.916628],[3.0029939,42.9150857],[3.002948,42.9140287],[3.0030079,42.913248],[3.0035168,42.9128086],[3.0031581,42.9123661],[3.0046913,42.9116521],[3.0046773,42.9114172],[3.0045169,42.9113679],[3.0044918,42.9111582],[3.0043306,42.9110333],[3.0045987,42.9105031],[3.0048611,42.9104931],[3.0048863,42.9096707],[3.0047104,42.9092438],[3.0049957,42.9092421],[3.004982,42.9090324],[3.0045339,42.9087666],[3.0044057,42.9085324],[3.0045738,42.9082461],[3.0052444,42.907982],[3.0052754,42.9076881],[3.0050527,42.907323],[3.0045953,42.907224],[3.0042974,42.9070086],[3.0042752,42.9065834],[3.0043552,42.9064196],[3.0045108293972493,42.90635770080754],[3.0044848698972646,42.90628123716185],[3.0038045,42.9062897],[3.0036978,42.9061529],[3.0039705,42.9059794],[3.0041098,42.90536],[3.003914,42.9050905],[3.0030553,42.9051256],[3.0029657,42.90495],[3.0032561,42.9047894],[3.0036832,42.9042971],[3.0040033,42.9041835],[3.0055709,42.9043073],[3.0063497,42.904453],[3.0066437,42.9039931],[3.0061779,42.9037108],[3.0057378,42.9035459],[3.005627,42.9035723],[3.0049097,42.9031728],[3.0047557,42.9029846],[3.004687,42.9025855],[3.0050682,42.9021837],[3.0045811,42.9014649],[3.004199,42.9012566],[3.0038718,42.9012586],[3.0038084,42.9013449],[3.0024504,42.9006054],[3.0025256,42.9005362],[3.0023729,42.9004684],[3.0022977,42.9005376],[3.0013103,42.900015],[3.0014552,42.8999111],[3.0012845,42.8997961],[3.0008097,42.9001898],[2.9998458,42.8978652],[2.999661,42.8972151],[2.9984529,42.8946747],[2.9981233,42.8937503],[2.9945648,42.8815037],[2.9948664,42.8813708],[2.9951289,42.8809104],[2.9954309,42.8808168],[2.9968531,42.8788157],[2.9970015,42.8788232],[2.9970488,42.8789739],[2.9974605,42.8790638],[2.9981332,42.8790179],[2.9988274,42.8788627],[2.9998445,42.8779673],[2.9998232,42.8770696],[2.9999795,42.8767582],[3.0005353,42.8743803],[3.0004088,42.8742888],[2.9999415,42.8743251],[2.9996437,42.8742178],[2.9989986,42.8736426],[2.9981298,42.8734883],[2.9974097413653222,42.873739018313316],[2.9968006,42.8744055],[2.9966982,42.8751966],[2.9965375,42.875451],[2.9955269,42.8754483],[2.995097,42.8751287],[2.9946692,42.874262],[2.9937985,42.8728721],[2.9932949,42.8724555],[2.9923921,42.8720518],[2.9921875,42.872036],[2.9921864,42.8719329],[2.9911326,42.871707],[2.990651,42.8714607],[2.9901355,42.8713219],[2.9895156,42.8707026],[2.989341,42.8702224],[2.9893382,42.8694191],[2.9889342,42.8687856],[2.9889499,42.8686332],[2.9886481,42.8679681],[2.9882577,42.8674869],[2.9873026,42.8671923],[2.9852276,42.8659195],[2.9827022,42.8681641],[2.9764259,42.8704327],[2.968685,42.8716475],[2.9580688,42.8735975],[2.9481608,42.8750992],[2.9473971,42.8752805],[2.9411334,42.876998],[2.9376841,42.8782442],[2.9376519,42.8784093],[2.9304635,42.8809683],[2.9248792,42.8831499],[2.9217732,42.8838299],[2.9175675,42.8846161],[2.9064864,42.8951816],[2.8910876,42.8986183],[2.8834982,42.9006255],[2.8814361,42.9021912],[2.8776138,42.9101932],[2.8765125,42.90999],[2.8762657,42.91043],[2.8730059,42.9113898],[2.8650512,42.9186456],[2.8625797,42.9172689],[2.8620873,42.9166808],[2.8598075,42.9168261],[2.8586434,42.9162251],[2.8574954,42.9162565],[2.855693,42.9154158],[2.8546013,42.9153235],[2.852123,42.9142627],[2.8480031,42.9155828],[2.8458654,42.9150779],[2.8446637,42.9135693],[2.8349434,42.9121863],[2.8350078,42.9112748],[2.834364,42.910049],[2.8342568,42.9090431],[2.8296648,42.9088388],[2.827283,42.9063713],[2.8235494,42.9057112],[2.8234635,42.9053654],[2.8225623,42.9051925],[2.8212963,42.9041237],[2.8209101,42.9027563],[2.8205453,42.902379],[2.8199874,42.9022533],[2.8191291,42.9015931],[2.8188712,42.9008205],[2.8044573,42.8981892],[2.791806,42.894594],[2.7632002,42.8737677],[2.759342,42.8626672],[2.7542337,42.8518921]],[[2.5872972,42.8641963],[2.5873912,42.8637687],[2.5880486,42.8628586],[2.588299,42.8630624],[2.5879429,42.8633881],[2.5872972,42.8641963]],[[2.5008462,42.8708233],[2.5011864,42.8709013],[2.5010607,42.871031],[2.5007813,42.8708691],[2.5008462,42.8708233]],[[2.477649,42.882575],[2.477535,42.8827067],[2.4774063,42.8827175],[2.4774894,42.8825023],[2.477649,42.882575]],[[2.6893095,42.8635543],[2.6904496,42.8639013],[2.6913136,42.863872],[2.6913115,42.8640061],[2.690987,42.8640807],[2.6901661,42.8639815],[2.689318,42.8636507],[2.6893095,42.8635543]],[[2.6419966,42.8663568],[2.6420595,42.866462],[2.6419969,42.8665943],[2.641687,42.8668894],[2.6414958,42.8669158],[2.6419336,42.8665244],[2.6418861,42.8662928],[2.6420457,42.8661733],[2.642076,42.8662874],[2.6419966,42.8663568]],[[2.6401051,42.8666918],[2.640245,42.8667579],[2.6403473,42.8668306],[2.6401051,42.8666918]],[[2.6407865,42.8668986],[2.640376,42.8668378],[2.6406547,42.8667969],[2.6407865,42.8668986]],[[2.6123196,42.8943063],[2.6123017,42.8943559],[2.6122955,42.8943011],[2.6123196,42.8943063]],[[2.6246861,42.9105552],[2.6247384,42.9105816],[2.6247139,42.9105912],[2.6246861,42.9105552]],[[2.639497,42.9246315],[2.6403392,42.9250361],[2.6406235,42.9249733],[2.6406933,42.925044],[2.6402883,42.925152],[2.6393361,42.9249359],[2.639497,42.9246315]],[[2.7226732,42.8739425],[2.7229057,42.873949],[2.7237199,42.874744],[2.7237075,42.8748413],[2.7226373,42.8757026],[2.7222702,42.8753125],[2.7225486,42.8740306],[2.7226732,42.8739425]],[[2.7239315,42.874948],[2.7243744,42.8754061],[2.7232806,42.8761789],[2.7230723,42.876143],[2.7227569,42.8758533],[2.7227814,42.8757501],[2.7238273,42.874936],[2.7239315,42.874948]],[[2.7210511,42.8779488],[2.7203871,42.8785074],[2.7200834,42.8782885],[2.7202447,42.8780795],[2.7203548,42.87767],[2.7207125,42.8774645],[2.7210511,42.8779488]],[[2.719835,42.8778412],[2.719937,42.8779316],[2.7195212,42.8783012],[2.7188829,42.8784997],[2.7188158,42.8777665],[2.7191967,42.87768],[2.719835,42.8778412]],[[2.7186334,42.8785881],[2.7180728,42.8789517],[2.7176866,42.878537],[2.7180836,42.8780299],[2.7185905,42.8778491],[2.7186629,42.8779493],[2.7187085,42.8784643],[2.7186334,42.8785881]],[[2.7171161,42.8829561],[2.7170208,42.8827633],[2.7175834,42.8825838],[2.7177074,42.8828807],[2.7173656,42.8830846],[2.7171161,42.8829561]],[[2.8064275,42.998717],[2.8059825,42.998699],[2.8059186,42.9986307],[2.8059653,42.9985552],[2.8064275,42.998717]],[[2.8221585,43.0033475],[2.8221275,43.0031067],[2.8222089,43.0031011],[2.8222399,43.0033419],[2.8221585,43.0033475]],[[2.8222648,43.0031572],[2.8223461,43.0031516],[2.8223771,43.0033924],[2.8222957,43.003398],[2.8222648,43.0031572]],[[2.822412,43.0031989],[2.8224933,43.0031933],[2.8225243,43.0034341],[2.8224429,43.0034397],[2.822412,43.0031989]],[[2.8218001,43.0033843],[2.8218901,43.0033674],[2.8219156,43.0034245],[2.8218453,43.0034534],[2.8218001,43.0033843]],[[2.8220021,43.0034146],[2.8221086,43.0034085],[2.8221176,43.0034547],[2.8220473,43.0034836],[2.8220021,43.0034146]],[[2.8333267,43.0120055],[2.8334263,43.0122079],[2.8331712,43.012372],[2.8329369,43.0123726],[2.8327901,43.0121061],[2.8329051,43.0120661],[2.8330109,43.0121457],[2.8330244,43.0120658],[2.8329077,43.0119506],[2.8329035,43.0120524],[2.8327813,43.0120914],[2.8322999,43.0113436],[2.83233,43.011215],[2.8324592,43.0112519],[2.8333267,43.0120055]],[[2.8135452,43.0626551],[2.8137437,43.0626727],[2.8137131,43.0629163],[2.8135206,43.0628708],[2.8135452,43.0626551]],[[2.8617018,43.0484248],[2.8623813,43.048492],[2.8628065,43.0486221],[2.8628719,43.0487458],[2.8623321,43.0487507],[2.861861,43.0485424],[2.8616682,43.048589],[2.8613061,43.0483562],[2.8608686,43.047849],[2.8609524,43.0477768],[2.8617018,43.0484248]],[[2.9430493,42.8868362],[2.9429562,42.8867467],[2.9429834,42.8867223],[2.9430881,42.8867334],[2.9430493,42.8868362]],[[2.98657,42.8723592],[2.9864932,42.872392],[2.9859367,42.8716138],[2.98657,42.8723592]],[[2.9877949,42.8724811],[2.9877118,42.8723991],[2.9883098,42.8723897],[2.9883834,42.872453],[2.9883354,42.8725163],[2.9877949,42.8724811]],[[2.9894613,42.8737328],[2.989554,42.8738031],[2.9894389,42.8742133],[2.9893173,42.8741781],[2.9893525,42.8738031],[2.9894613,42.8737328]],[[2.9896863,42.8744257],[2.9894708,42.8745396],[2.9893208,42.8743426],[2.9895674,42.8742759],[2.9896863,42.8744257]],[[2.9892182,42.8748086],[2.9897203,42.8745742],[2.9897267,42.8746399],[2.989231,42.8748696],[2.9892182,42.8748086]],[[2.9872868,42.8747031],[2.9873637,42.8746401],[2.9874406,42.8746931],[2.9874994,42.8750362],[2.9873365,42.8750461],[2.9872868,42.8747031]],[[2.9901847,42.8792995],[2.9900374,42.8793055],[2.9897632,42.8786728],[2.9899064,42.8785978],[2.9901847,42.8792995]],[[2.9918871,42.8794855],[2.9916743,42.8790356],[2.9918257,42.8790056],[2.9920099,42.8794225],[2.9918871,42.8794855]],[[2.9905868,42.8798129],[2.990636,42.8798002],[2.9909774,42.8805954],[2.9905868,42.8798129]],[[2.992106,42.8808541],[2.9920626,42.8808647],[2.9917993,42.8799847],[2.992106,42.8808541]],[[2.9913551,42.8813837],[2.9913306,42.8815006],[2.9911914,42.8814946],[2.9909623,42.8809339],[2.991085,42.8808709],[2.9913551,42.8813837]],[[2.9925174,42.8816116],[2.992411,42.8816476],[2.9923373,42.8812098],[2.992501,42.8811738],[2.9925174,42.8816116]],[[2.9915392,42.9097137],[2.9916071,42.9097461],[2.9912265,42.9100049],[2.9911517,42.9099452],[2.9915392,42.9097137]],[[2.9893974,42.9110146],[2.98914,42.9113439],[2.9890188,42.911322],[2.9890129,42.9112191],[2.9892591,42.9109421],[2.9893974,42.9110146]],[[2.9833574,42.9169924],[2.9834853,42.9170309],[2.9832336,42.9173419],[2.9831203,42.9172858],[2.9833574,42.9169924]]]}},{"type":"Feature","properties":{"id":"piege-lauragais-malepere","name":"Piège Lauragais Malepère","type":"island","members":["belpech-11","bram-11","brezilhac-11","cahuzac-11","carlipa-11","cazalrenoux-11","cenne-monesties-11","fanjeaux-11","fenouillet-du-razes-11","ferran-11","fonters-du-razes-11","gaja-la-selve-11","generville-11","hounoux-11","la-cassaigne-11","la-force-11","lafage-11","lasserre-de-prouille-11","laurac-11","molandier-11","montreal-11","orsans-11","pech-luna-11","pecharic-et-le-py-11","pexiora-11","plaigne-11","plavilla-11","ribouisse-11","saint-amans-11","saint-gauderic-11","saint-julien-de-briola-11","saint-sernin-11","villasavary-11","villautou-11","villeneuve-les-montreal-11","villepinte-11","villesiscle-11","villespy-11"]},"geometry":{"type":"MultiPolygon","coordinates":[[[[1.9900726,43.1197551],[1.9902461,43.1194893],[1.9903638,43.1188253],[1.9900449,43.11819],[1.9896057,43.117834],[1.9884611,43.1181565],[1.988026,43.1180939],[1.9874052,43.1174169],[1.986869,43.1170079],[1.9869533,43.1167543],[1.9868433,43.1164078],[1.9864855,43.1159743],[1.9859211,43.1156563],[1.9847004,43.1152021],[1.9846414,43.1149995],[1.9843343,43.1147294],[1.9827791,43.1140506],[1.9806043,43.1127786],[1.9806418,43.1116618],[1.9804464,43.111382],[1.9804549,43.1104521],[1.9789953,43.1106918],[1.978606,43.1100414],[1.9775847,43.109638],[1.9766483,43.1095336],[1.9744653,43.1097113],[1.974488,43.1095901],[1.9740292,43.1089745],[1.9736418,43.1086222],[1.9714942,43.1087546],[1.9711846,43.1087013],[1.9705335,43.1088572],[1.9682725,43.1091654],[1.967000452447331,43.109533500178195],[1.9666781,43.1097532],[1.965696,43.1101108],[1.9644395,43.1103673],[1.9642841,43.1103786],[1.9642235087786337,43.11003517335726],[1.9636634,43.1099977],[1.9620488,43.1102834],[1.9617294,43.1101304],[1.961444,43.1102779],[1.9608761,43.1104014],[1.9606297,43.1105493],[1.9601131,43.110516],[1.9598967,43.1106213],[1.9589677,43.1107486],[1.9571318,43.1108463],[1.9566185,43.1106272],[1.9562757,43.1107027],[1.9557691,43.1106624],[1.9551802,43.1108643],[1.9547515,43.1108318],[1.9542028,43.1109698],[1.952953,43.1110298],[1.9525507,43.111162],[1.9519262,43.1111634],[1.9516269,43.1112393],[1.9518371,43.1119997],[1.9530332,43.1126815],[1.951964,43.1150739],[1.9515372,43.115612],[1.9512417,43.1165995],[1.9507353,43.1177301],[1.9500218,43.1178789],[1.9491764,43.1176692],[1.9496302,43.1182861],[1.9496085,43.1195267],[1.9497632,43.1200845],[1.949584,43.1206538],[1.9494486,43.1208324],[1.9463099,43.121225],[1.9465726,43.1223854],[1.94156,43.1226056],[1.9416514,43.1228429],[1.9405604,43.1233157],[1.9399259,43.1234799],[1.9391716,43.1235327],[1.9371035,43.1244231],[1.9368747,43.1241373],[1.9363753,43.1241733],[1.9344186,43.1238461],[1.9328114,43.1237672],[1.9318965,43.1236403],[1.931664,43.1244136],[1.9284279,43.1238975],[1.9285653,43.1245523],[1.928638,43.125895],[1.9284935,43.12629],[1.9286849,43.1270259],[1.9285393,43.1275767],[1.9285314,43.1279363],[1.9283539,43.1283752],[1.9280575,43.1286418],[1.9277925,43.1291043],[1.9273398,43.1290946],[1.925612,43.1296796],[1.9253049,43.1299222],[1.9206826,43.1314885],[1.9202668,43.131847],[1.9187228,43.1325613],[1.9184039,43.1326256],[1.9177293,43.1332327],[1.9148574,43.1333164],[1.9142,43.1334547],[1.9135024,43.1329509],[1.9129752,43.1328568],[1.9122116,43.1329971],[1.911994,43.1329677],[1.9113448,43.1323474],[1.910459,43.1321871],[1.9070712,43.1324583],[1.9065227,43.1320215],[1.9052103,43.1314923],[1.9049064,43.1311163],[1.9043752,43.1307829],[1.9039025,43.1307607],[1.9031834,43.1304582],[1.9028001,43.1301413],[1.9021608,43.1297876],[1.9022916,43.1290507],[1.902152,43.1287861],[1.9016685,43.1284642],[1.9018341,43.1284002],[1.9019129,43.128027],[1.901329,43.1258586],[1.9017706,43.1248937],[1.902029,43.1232853],[1.9015739,43.123389],[1.9013156,43.1230051],[1.9003791,43.1222531],[1.9002119,43.1223036],[1.8992897,43.1218332],[1.898428,43.1215447],[1.8984886,43.1214415],[1.8981879,43.1209136],[1.8978973,43.1209641],[1.8973478,43.1197335],[1.8971231,43.1194802],[1.8967376,43.1193754],[1.896644,43.119278],[1.8962648,43.1180291],[1.8959469,43.1174287],[1.8959019,43.1168859],[1.8956662,43.1166816],[1.894966,43.1168219],[1.8942016,43.1160151],[1.8935003,43.1155358],[1.8932304,43.115658],[1.8928102,43.1160121],[1.8916388,43.1165209],[1.8909066,43.1170814],[1.8909056,43.1184828],[1.8900363,43.1187745],[1.8889202,43.119474],[1.8891895,43.1201735],[1.8896876,43.1205602],[1.8900003,43.1213314],[1.8904954,43.1217731],[1.8910579,43.1219672],[1.8912371,43.1222647],[1.8911032,43.1226022],[1.8909278,43.1235571],[1.8910983,43.1240901],[1.8909133,43.1249026],[1.8909628,43.1252145],[1.8912056,43.125608],[1.8906539,43.1256086],[1.8904675,43.1255022],[1.8897272,43.1255176],[1.8875711,43.1258732],[1.8869564,43.1258556],[1.8858797,43.1256292],[1.8845467,43.1257231],[1.8832865,43.1274787],[1.8827733,43.1273652],[1.8820912,43.1273508],[1.8809753,43.1266602],[1.8807269,43.1269789],[1.8806619,43.1274934],[1.8809269,43.1280992],[1.8806042,43.1285883],[1.8805277,43.1298526],[1.8804535,43.1302643],[1.8803136,43.1304928],[1.880324,43.1307766],[1.8805485,43.1310347],[1.8804408,43.1313271],[1.8805057,43.1316733],[1.880679,43.1319375],[1.8809619,43.1321701],[1.8809327,43.1326736],[1.8806168,43.1329117],[1.8805136,43.1333232],[1.8806488,43.1335967],[1.8814382,43.134131],[1.881508,43.1344545],[1.8819508,43.1349544],[1.8824738,43.1352001],[1.8826655,43.1353705],[1.8825867,43.1355686],[1.8821026,43.1358706],[1.8821456,43.1362924],[1.8817946,43.1366979],[1.8817568,43.1370031],[1.8815658,43.1373833],[1.881486,43.1379734],[1.8815668,43.1382562],[1.8813106,43.1386739],[1.8813071,43.1388705],[1.8811861,43.139112],[1.8812439,43.1393058],[1.8810267,43.1395217],[1.8809157,43.1399078],[1.8806417,43.1401421],[1.88066,43.1409476],[1.8809947,43.1421556],[1.8806007,43.1428934],[1.8802589,43.1442055],[1.8805987,43.1448781],[1.8813509,43.1451268],[1.8812363,43.1454548],[1.8810405,43.1455133],[1.8808391,43.1458734],[1.8808237,43.1461009],[1.8811484,43.14699],[1.8815636,43.1476442],[1.88156,43.1478416],[1.8808893,43.1476458],[1.8802614,43.1471514],[1.8788876,43.145455],[1.8780416,43.1448476],[1.8768503,43.1427974],[1.8766754,43.1426925],[1.8760808,43.1425989],[1.8746474,43.1424927],[1.8738428,43.1425748],[1.8711706,43.1431783],[1.8710819,43.1431182],[1.8687651,43.1432595],[1.8668011,43.1430188],[1.8633769,43.14391],[1.862634,43.1443944],[1.8621455,43.1446109],[1.8606019,43.1449797],[1.8593228,43.1451367],[1.8584385,43.1451373],[1.8569164,43.1444313],[1.8567564,43.1444391],[1.8567514,43.1445374],[1.8565222,43.1447342],[1.8562352,43.1453753],[1.8560333,43.14557],[1.8558562,43.1460659],[1.8558547,43.1466608],[1.8555379,43.1470147],[1.8554774,43.1472554],[1.8556085,43.147519],[1.8553528,43.1493577],[1.8555835,43.1495814],[1.8555637,43.1498373],[1.8556684,43.1498549],[1.8557309,43.1502525],[1.8551202,43.1508748],[1.8550506,43.1515301],[1.8544833,43.1519779],[1.8547537,43.153703],[1.8546639,43.1538093],[1.854695,43.1544993],[1.8544897,43.1550369],[1.8544902,43.1552763],[1.8543283,43.1555784],[1.8537494,43.1562623],[1.8541938,43.1567742],[1.8542895,43.1571005],[1.854611,43.1573458],[1.8546681,43.1575504],[1.8541214,43.1584361],[1.854059,43.1589263],[1.8539319,43.1590682],[1.8538292,43.1595857],[1.8532471,43.1598877],[1.852838,43.1599925],[1.8522179,43.1604324],[1.8519262,43.1603242],[1.8514442,43.1599643],[1.8512712,43.158393],[1.8498342,43.1569307],[1.8493087,43.1567604],[1.8490044,43.1568209],[1.8489503,43.156701],[1.8475393,43.156795],[1.847156,43.1564215],[1.8462689,43.1566678],[1.8444315,43.1569754],[1.842881,43.158246],[1.8422043,43.1567631],[1.8421244,43.1560756],[1.8417583,43.155385],[1.8428939,43.1542511],[1.8441297,43.153692],[1.8460526,43.1532327],[1.8476088,43.153218],[1.8482304,43.1530787],[1.8488334,43.1525367],[1.8499381,43.1505046],[1.850405,43.1499951],[1.8509227,43.1497324],[1.8512086,43.1494512],[1.8516321,43.1492026],[1.8520768,43.148485],[1.8525427,43.1479297],[1.851656,43.1465909],[1.8504746,43.1460882],[1.8491813,43.1458835],[1.8478791,43.1458378],[1.8450488,43.1460533],[1.8445974,43.1461707],[1.8437903,43.1465329],[1.8434735,43.146765],[1.8414318,43.1471213],[1.8412547,43.1470476],[1.8411219,43.146835],[1.8395923,43.1463838],[1.837573,43.1446097],[1.8374032,43.1446189],[1.8361634,43.1452211],[1.8355848,43.1454104],[1.8348817,43.1459414],[1.8344366,43.1461209],[1.8332171,43.1463665],[1.8323784,43.1464165],[1.8314046,43.1467579],[1.8306014,43.1464458],[1.8295149,43.1463771],[1.8282226,43.1461464],[1.8276039,43.1459117],[1.8274121,43.1456735],[1.8269088,43.1454984],[1.8263185,43.1453925],[1.8259169,43.1454301],[1.8254135,43.1455745],[1.8247157,43.1459279],[1.8240353,43.1466404],[1.8236489,43.1468409],[1.8237315,43.147455],[1.8236777,43.1477185],[1.8234975,43.147905],[1.8228709,43.1482314],[1.822704,43.1484233],[1.8203488,43.1495048],[1.82003,43.1495194],[1.8179886,43.1500441],[1.817303,43.1500808],[1.8161595,43.1503976],[1.8156975,43.150692],[1.8150769,43.1508687],[1.8145825,43.1513111],[1.8139993,43.1516562],[1.813535,43.1517652],[1.8124588,43.1524016],[1.8117217,43.1529797],[1.8107446,43.1533999],[1.8102586,43.1537625],[1.8092972,43.1537238],[1.8088835,43.1538273],[1.8086678,43.1540116],[1.8077617,43.1543152],[1.8074528,43.1549124],[1.8064156,43.1559594],[1.8047796,43.1569009],[1.8032573,43.1573156],[1.8027391,43.1573417],[1.8024617,43.1574515],[1.8011294,43.1575424],[1.8003754,43.1573848],[1.7999779,43.1574228],[1.7992784,43.1572655],[1.798897,43.1568019],[1.7983576,43.1565969],[1.7976828,43.1567219],[1.7966237,43.1567225],[1.796225,43.156886],[1.7956875,43.1568976],[1.7954292,43.1570446],[1.793962,43.1573853],[1.7938905,43.1575475],[1.7934433,43.1579073],[1.793077,43.1583674],[1.7929283,43.1588827],[1.7928459,43.1589421],[1.7925967,43.1589495],[1.7919947,43.1587669],[1.7906093,43.1582385],[1.7892594,43.1576646],[1.7882217,43.157021],[1.7864515,43.1551479],[1.7863138,43.1548821],[1.7864737,43.1540049],[1.7842656,43.1523435],[1.7833805,43.1512102],[1.7826301,43.1515115],[1.7822418,43.1518232],[1.7823409,43.1524737],[1.7824788,43.1527281],[1.7823327,43.1533687],[1.7828545,43.1537904],[1.7824581,43.1545496],[1.7833287,43.1551411],[1.7821337,43.1572163],[1.7813705,43.1580535],[1.779592,43.1603813],[1.7781844,43.1607799],[1.777219,43.1607904],[1.7766081,43.1608996],[1.7747843,43.1614185],[1.7737781,43.1620589],[1.7733794,43.1625849],[1.7726619,43.163293],[1.772467,43.1638179],[1.772014,43.1640254],[1.7719244,43.164526],[1.7718177,43.1645915],[1.7695205,43.1650966],[1.7689656,43.1654162],[1.7681522,43.1655791],[1.7671651,43.1655779],[1.7664525,43.1657375],[1.7643919,43.166465],[1.7632555,43.1671118],[1.7625953,43.1673376],[1.7608106,43.1675071],[1.7604053,43.1677109],[1.7591059,43.1687336],[1.7587006,43.1689412],[1.7578542,43.1692088],[1.7569149,43.1697555],[1.7554615,43.1702335],[1.7553167,43.1703882],[1.7546857,43.1719775],[1.7529275,43.1726792],[1.7528353,43.1734323],[1.7526953,43.1736374],[1.7524817,43.1737723],[1.7517404,43.1741413],[1.7497081,43.1746434],[1.7480929,43.1753652],[1.7446357,43.1761045],[1.7445692,43.1763916],[1.7448515,43.1773719],[1.7446846,43.177608],[1.7448362,43.177838],[1.7452508,43.177778],[1.7454174,43.1781129],[1.744816,43.1782768],[1.7452189,43.1788694],[1.7447338,43.1790766],[1.7447329,43.1791737],[1.7445153,43.1791725],[1.7430183,43.1797278],[1.7436728,43.1822445],[1.743942,43.1829373],[1.743038,43.1830996],[1.742024,43.1836536],[1.7394025,43.1846182],[1.7353620213559993,43.18574946948962],[1.735591,43.1862671],[1.7355976,43.1865227],[1.7358306,43.1871809],[1.7360147,43.1874995],[1.7371992,43.1884441],[1.7374454,43.1887255],[1.7374546,43.1889031],[1.7373348,43.1891796],[1.7354094,43.1909878],[1.7339099,43.1919888],[1.7337413,43.192191],[1.7338212,43.1924271],[1.7341029,43.1925403],[1.7347883,43.1930659],[1.7352297,43.1939003],[1.7359773,43.1945779],[1.7364276,43.194869],[1.7371196,43.1955822],[1.7387722,43.1970343],[1.7389164,43.1972478],[1.7389364,43.197492],[1.7388853,43.1977313],[1.7386901,43.197956],[1.737357,43.1985899],[1.736015,43.1984978],[1.7354005,43.1981258],[1.734582,43.1979156],[1.7342404,43.1979253],[1.7340252,43.1980272],[1.7339898,43.1981323],[1.7340807,43.1983199],[1.7343935,43.1984848],[1.7348615,43.1984541],[1.7351965,43.198556],[1.73511,43.198881],[1.7354959,43.1991171],[1.7356582,43.1988257],[1.7357754,43.1989683],[1.7356756,43.1990831],[1.7357111,43.1995165],[1.7358486,43.1997477],[1.7365562,43.2003832],[1.7371463,43.2022443],[1.7373814,43.2026938],[1.7380091,43.2035831],[1.7382443,43.2036785],[1.7384127,43.2039768],[1.7396723,43.2046129],[1.740232,43.204783],[1.7424165,43.2050286],[1.7441809,43.2054714],[1.7467463,43.205676],[1.747119,43.2057466],[1.7472715,43.2058648],[1.7475256,43.206177],[1.747499,43.2064434],[1.7472062,43.2071596],[1.7470537,43.2077735],[1.7471045,43.2079834],[1.7479201,43.2092394],[1.7480629,43.2098321],[1.7480605,43.210289],[1.7477677,43.2115026],[1.7467076,43.2129543],[1.7461413,43.2135099],[1.7455749,43.2139315],[1.7451538,43.2140902],[1.7446915,43.214122],[1.744026,43.2141467],[1.7433774,43.2139862],[1.7427166,43.213621],[1.7424964,43.2129437],[1.7424577,43.2125609],[1.7421963,43.211963],[1.7419276,43.2117919],[1.7416251,43.2118854],[1.7414266,43.2120953],[1.7413153,43.2124516],[1.7406425,43.213039],[1.7395606,43.2136951],[1.7383021,43.2139297],[1.7378084,43.2142895],[1.7369904,43.2150621],[1.7365329,43.2156812],[1.7357851,43.2181452],[1.7355019,43.218826],[1.7350227,43.2193234],[1.7336214,43.2200659],[1.7297055,43.221662],[1.7290036,43.2218578],[1.7269633,43.2221735],[1.7260727,43.2226373],[1.7255959,43.223341],[1.7255378,43.2239212],[1.7251264,43.2249952],[1.7249763,43.225907],[1.7244673,43.2265247],[1.7237862,43.2270657],[1.7230204,43.2275194],[1.7221931,43.2278431],[1.7213922,43.2281051],[1.7193227,43.2283564],[1.7185334,43.2287078],[1.7182061,43.2291828],[1.7173496,43.2308504],[1.7162359,43.2320643],[1.7159933,43.2328992],[1.7163733,43.2336318],[1.7167065,43.2345262],[1.7165867,43.2350927],[1.7161268,43.2359201],[1.7158199,43.236248],[1.7146653,43.2367804],[1.7142064,43.2368975],[1.7106022,43.237317],[1.7081264,43.2380496],[1.7075564,43.2381454],[1.706203,43.2381412],[1.7054693,43.2382476],[1.7038821,43.2388716],[1.7031689,43.2393145],[1.7026573,43.2398405],[1.7023767,43.240277],[1.7023095,43.2408051],[1.7023738,43.2414141],[1.7026252,43.2418847],[1.7031338,43.242268],[1.7046304,43.2430367],[1.7069601,43.2440843],[1.707267,43.244393],[1.7073401,43.245051],[1.7070478,43.2454598],[1.7060861,43.2459942],[1.7055512,43.2460794],[1.704037,43.245892],[1.7028883,43.2454619],[1.70138,43.2445399],[1.700696,43.244574],[1.7000617,43.2447678],[1.6989392,43.2455599],[1.6981734,43.2459836],[1.6972877,43.2462433],[1.6961097,43.2464435],[1.6956712,43.2466394],[1.6954052,43.2469247],[1.6952410572539296,43.24724805082098],[1.6955138,43.2474475],[1.6966092,43.2478564],[1.6969598,43.2481058],[1.6975175,43.2475862],[1.6980246,43.2474499],[1.6992804,43.248535],[1.6995908,43.2489884],[1.7012823,43.2524185],[1.7028813,43.2547111],[1.7026015,43.2564784],[1.7022701,43.2571822],[1.7010239,43.2587636],[1.7009156,43.2602015],[1.7005356,43.2619362],[1.6998169,43.2629705],[1.6984454,43.2641672],[1.697998,43.2644553],[1.6976618,43.2644874],[1.6968595,43.2651134],[1.6961112,43.2659964],[1.6955228,43.2665001],[1.6952996,43.2668391],[1.695105,43.266981],[1.6949334,43.2674382],[1.6946151,43.267767],[1.6944794,43.268089],[1.6938947,43.2683389],[1.6935216,43.2685978],[1.692785,43.2694461],[1.6927249,43.2696178],[1.6920097,43.2701995],[1.6912343,43.271749],[1.6909405,43.2720006],[1.689767,43.2726337],[1.6887151,43.2736787],[1.6900133,43.2742253],[1.6920875,43.2743785],[1.69413,43.2743065],[1.6943626,43.2744293],[1.6943532,43.2747118],[1.6967584,43.2755418],[1.6971819,43.2757815],[1.6985597,43.2771098],[1.6987464,43.2774619],[1.6990757,43.277419],[1.6988051,43.2799368],[1.6985399,43.28002],[1.6984648,43.2804106],[1.6985326,43.2805863],[1.7001049,43.2810897],[1.7006826,43.2816432],[1.7013842,43.2816023],[1.7020972,43.2816983],[1.7042952,43.2817705],[1.7090959,43.2809252],[1.7097294,43.2805091],[1.7100019,43.2801709],[1.7111232,43.2794488],[1.7130446,43.2788095],[1.7158119,43.2774211],[1.7187876,43.2764483],[1.7201926,43.2758578],[1.7209135,43.2753483],[1.7224165,43.2746264],[1.7227768,43.2740631],[1.7242711,43.2743873],[1.7256685,43.2745456],[1.7262361,43.2745157],[1.7267606,43.2754391],[1.727315,43.276065],[1.7277277,43.2762737],[1.7282382,43.2767328],[1.7289679,43.2771565],[1.7292583,43.2777409],[1.7299235,43.276794],[1.7306736,43.2765516],[1.7312534285215313,43.276241762828654],[1.7311978,43.2761826],[1.7314465,43.2759241],[1.731703,43.2758123],[1.732857,43.2748325],[1.7328342772968668,43.27491304450335],[1.7332308,43.274307],[1.7337643,43.2738303],[1.7347635,43.2732894],[1.7349666,43.2730373],[1.7355111,43.2726324],[1.7348487,43.2719637],[1.7338356,43.2698666],[1.7335593,43.2693668],[1.7333643,43.2692598],[1.7325539,43.2667762],[1.7334381,43.2661519],[1.7340173,43.2653514],[1.7355399,43.2648176],[1.7359619,43.2643838],[1.7361931,43.2642729],[1.7362127,43.2640239],[1.7363955,43.2636386],[1.7363725,43.2633894],[1.7364848,43.2632405],[1.736451,43.2623557],[1.7361816,43.2620179],[1.7359527,43.2618921],[1.7356128,43.2609372],[1.7356317,43.2607504],[1.7354283,43.2606372],[1.7353991,43.2601512],[1.7356068,43.2598346],[1.7355827,43.259685],[1.7358044,43.2596799],[1.7361129,43.2595134],[1.7361516,43.2590527],[1.7363494,43.2588793],[1.7366276,43.2583326],[1.7380917,43.2585148],[1.7397034,43.2584238],[1.7405798,43.2577121],[1.7417343,43.2573195],[1.7428481,43.2567336],[1.743266,43.2566985],[1.7446701,43.256058],[1.7499987,43.2540638],[1.750585,43.2542413],[1.7522124,43.2542872],[1.7531283,43.2547467],[1.7541412,43.2548765],[1.7561526,43.2539837],[1.7584569,43.2536468],[1.7584789,43.2540206],[1.7609751,43.2528794],[1.7602002,43.2527054],[1.7591492,43.2523084],[1.7588842,43.2517941],[1.7587445,43.2512075],[1.7588944,43.2502491],[1.7583979,43.2494667],[1.7589708,43.2494818],[1.7601913,43.2493365],[1.7599957,43.248695],[1.760169,43.2483832],[1.759946,43.2478175],[1.7594478,43.2471793],[1.7595505,43.2468793],[1.7595459,43.2461366],[1.7586046,43.2457068],[1.7583837,43.2454696],[1.7578608,43.2431025],[1.7583633,43.2432338],[1.7593645,43.2433127],[1.7606842,43.2432338],[1.7621065,43.2432636],[1.7626823,43.2431416],[1.7635749,43.2426298],[1.7646387,43.2423084],[1.7665148,43.2419335],[1.7668466,43.2417461],[1.767589,43.2407284],[1.7686899,43.2403297],[1.7694903,43.2398878],[1.7713991,43.2392764],[1.771966,43.2387839],[1.7722963,43.2382825],[1.7727634,43.2380088],[1.7742081,43.2375684],[1.7758556,43.2373233],[1.7762555,43.2371786],[1.7771601,43.2359103],[1.7777787,43.2355381],[1.7782644,43.2359638],[1.7793482,43.237415],[1.7797083,43.2380268],[1.780778,43.2385503],[1.7811823,43.2393295],[1.7817039,43.2397833],[1.7811643,43.2400397],[1.7803467,43.2406792],[1.7811994,43.2411848],[1.7812204,43.2413855],[1.7810136,43.2414931],[1.7809634,43.2419776],[1.7814153,43.2425564],[1.7827669,43.2422706],[1.7861849,43.2410172],[1.7871843,43.2404789],[1.7878718,43.2402984],[1.7893576,43.2402911],[1.7919141,43.23913],[1.7923313,43.2390306],[1.794241,43.2388623],[1.7952843,43.2385883],[1.7963641,43.2381116],[1.7967108,43.2381386],[1.7980598,43.2386017],[1.8014247,43.2386431],[1.8038217,43.2382994],[1.8064313,43.2374493],[1.8081283,43.2377871],[1.8117756,43.2372715],[1.8134802,43.2367468],[1.8150771,43.2366274],[1.8158096,43.2361742],[1.8218098,43.2342444],[1.8259551,43.2335823],[1.8279108,43.2321602],[1.8285551,43.2316063],[1.8282839,43.2291955],[1.8273877,43.2291688],[1.8275066,43.2279036],[1.8274385,43.2268183],[1.8270037,43.227065],[1.8260989,43.2262359],[1.8254167,43.2246845],[1.8252783,43.2239944],[1.8262905,43.2238561],[1.8278135,43.2233151],[1.8278768,43.2231487],[1.8285945,43.2226798],[1.8289579,43.2229051],[1.8305808,43.2218811],[1.8328009,43.2215617],[1.8327254,43.2214434],[1.8333649,43.2211728],[1.8339604,43.2210823],[1.8345329,43.2206872],[1.8359995,43.2200414],[1.8363082,43.2197011],[1.8370084,43.2192817],[1.8379626,43.2189566],[1.8385769,43.2186363],[1.839546,43.2185598],[1.8394165,43.2188077],[1.8395082,43.2190256],[1.8401736,43.2196445],[1.8418238,43.2205831],[1.8422321,43.2206113],[1.8424355,43.2207176],[1.8424133,43.2204979],[1.8419239,43.2201091],[1.8439481,43.2194063],[1.8447298,43.2193131],[1.8461279,43.2187744],[1.8476235,43.2180604],[1.8501215,43.2167005],[1.8514351,43.2161966],[1.8516978,43.2163998],[1.8519763,43.2161286],[1.8528334,43.2156139],[1.8540378,43.2152413],[1.8551125,43.2145517],[1.856544,43.2134635],[1.8590458,43.2137464],[1.8606256,43.2141021],[1.8618607,43.2142565],[1.8621794,43.214222],[1.8651136,43.2133239],[1.865782,43.2131833],[1.8670018,43.2141432],[1.8674211,43.2145758],[1.8660477,43.2141392],[1.8653667,43.214422],[1.8666045,43.2166285],[1.8655938,43.2170811],[1.8648955,43.2171251],[1.8642335,43.2174267],[1.8633166,43.2175633],[1.8629969,43.2175011],[1.8624507,43.217747],[1.8614958,43.217832],[1.8605396,43.2180855],[1.858499,43.219407],[1.8582471,43.2196776],[1.8584998,43.2209105],[1.8602486,43.220857],[1.860805,43.2209624],[1.861653,43.2214391],[1.864097,43.2217538],[1.8646573,43.2239188],[1.8645797,43.2239693],[1.8659343,43.2256191],[1.8667863,43.227312],[1.8666393,43.2273397],[1.8687409,43.2323034],[1.8673508,43.232841],[1.8666439,43.2328155],[1.8667644,43.2337087],[1.8666995,43.2350983],[1.8665041,43.2353743],[1.866053,43.235751],[1.8658828,43.2367559],[1.8658781,43.2373548],[1.8655389,43.2375211],[1.8648106,43.2376798],[1.862983,43.2379495],[1.8618448,43.2389789],[1.8601662,43.239382],[1.8583107,43.2401541],[1.8563712,43.2425379],[1.855433,43.2431395],[1.8555499,43.2434415],[1.8560201,43.2439404],[1.8569894,43.2443027],[1.8573819,43.2446395],[1.8575927,43.2449582],[1.8575733,43.2454088],[1.8572519,43.2460718],[1.8575203,43.2470957],[1.8600584,43.2469736],[1.8604766,43.2470736],[1.8637317,43.2482313],[1.8672566,43.2492803],[1.868894,43.2501423],[1.8700325,43.2511177],[1.8703032,43.2518873],[1.8708024,43.2517276],[1.8712846,43.2517296],[1.8717522,43.2515697],[1.8721278,43.2510455],[1.8728361,43.2504244],[1.8732771,43.2496058],[1.8730446,43.2490155],[1.8726515,43.2487365],[1.8716977,43.2483975],[1.8714869,43.2480615],[1.8715743,43.2480041],[1.8711177,43.2467542],[1.8710492,43.246293],[1.8711877,43.2457339],[1.8711512,43.2453987],[1.8707512,43.2436526],[1.870553,43.2418214],[1.8722421,43.2408401],[1.8722652,43.2406724],[1.8726964,43.2405612],[1.8727925,43.240323],[1.8729878,43.2405076],[1.8759518,43.2388099],[1.8765253,43.2381251],[1.8768972,43.2380946],[1.8776004,43.2375941],[1.8796163,43.2369471],[1.8803365,43.2370859],[1.8806622,43.2373669],[1.8827228,43.2365762],[1.8837759,43.2360531],[1.8839815,43.2348714],[1.884661,43.2346105],[1.885633,43.2342789],[1.8865469,43.2343327],[1.8880973,43.2340716],[1.8885199,43.2341067],[1.888645,43.2341907],[1.8896618,43.2342282],[1.8912142,43.2336996],[1.8943306,43.2329746],[1.894957,43.2346019],[1.8951263,43.2346558],[1.8956946,43.2342976],[1.8967313,43.2348156],[1.896153,43.2356408],[1.8969765,43.2373191],[1.8989334,43.2379853],[1.899241,43.2385257],[1.8974328,43.2397273],[1.9011198,43.2407272],[1.9017436,43.240632],[1.9035472,43.2400625],[1.904241,43.2399629],[1.9063249,43.2402033],[1.9059311,43.24102],[1.9059167,43.241257],[1.9053775,43.2419708],[1.9053869,43.2424264],[1.9054741,43.2426778],[1.9052128,43.2436437],[1.9050719,43.2446705],[1.9046007,43.2456449],[1.9044477,43.2465833],[1.9046739,43.2469514],[1.9053394,43.2472654],[1.9057796,43.2479458],[1.9063352,43.2478762],[1.9066807,43.24758],[1.9076979,43.2485137],[1.9057645,43.2494267],[1.9056272,43.2499422],[1.9058438,43.2507751],[1.9067345,43.2516106],[1.9069986,43.2520346],[1.9069843,43.2522577],[1.9068025,43.2525086],[1.9076018,43.253055],[1.9088399,43.2542451],[1.909671,43.2545225],[1.9106192,43.255455],[1.9110435,43.2556016],[1.9112687,43.2561277],[1.9114396,43.2562446],[1.9119798,43.2563024],[1.9122205,43.2564428],[1.9126025,43.2572949],[1.9137582,43.2584614],[1.9140349,43.2589134],[1.914172,43.2593137],[1.9139778,43.2597825],[1.9135754,43.260032],[1.9133437,43.2603769],[1.9143053,43.2601564],[1.9147994,43.2601636],[1.9163164,43.2604711],[1.9174539,43.2602274],[1.9178835,43.2599595],[1.9184528,43.259746],[1.9195528,43.2595776],[1.9203699,43.2597963],[1.9217423,43.2597043],[1.922956,43.2590782],[1.9243292,43.2588622],[1.9246721,43.258337],[1.9249155,43.2581775],[1.9251986,43.2575853],[1.9254238,43.2574083],[1.9279027,43.256062],[1.9297455,43.2548711],[1.9303805,43.2546182],[1.9306215,43.2543498],[1.9306308,43.2541446],[1.9305777,43.2538179],[1.9301608,43.2529089],[1.9304613,43.2523118],[1.9308714,43.2518942],[1.9329003,43.2506271],[1.9345597,43.2502024],[1.9354088,43.2497431],[1.9372927,43.2494405],[1.9384433,43.2494244],[1.9394457,43.2491043],[1.94133,43.248137],[1.9419308,43.2475467],[1.9421712,43.2470649],[1.9432636,43.2462653],[1.9446951,43.2460666],[1.9454068,43.2460546],[1.9466798,43.2455967],[1.9477404,43.2451127],[1.9488332,43.2450008],[1.9489474,43.2449145],[1.9490483,43.2446042],[1.9501336,43.2441239],[1.9519654,43.2437619],[1.9542925,43.2443362],[1.9555419,43.2448121],[1.9576058,43.2446965],[1.9579627,43.2447648],[1.9584578,43.2449884],[1.9589523,43.2448074],[1.9596978,43.244951],[1.9619558,43.2449631],[1.9628771,43.2453153],[1.9635841,43.2450333],[1.9639228,43.2449882],[1.9650737,43.245029],[1.9658696,43.2451691],[1.9668193,43.2454662],[1.9685483,43.2465447],[1.9683667,43.2474717],[1.9678611,43.2480814],[1.9701935,43.2482082],[1.9706687,43.2483571],[1.9709618,43.2488284],[1.9710953,43.2494307],[1.971006,43.2500199],[1.9711185,43.2505532],[1.9715879,43.2516608],[1.9718946,43.252008],[1.9722644,43.2520154],[1.9724234,43.252008],[1.9726377,43.2517975],[1.9727514,43.2515233],[1.9720372,43.2507386],[1.9716629,43.2501186],[1.9724669,43.2496798],[1.9726494,43.2493751],[1.9721448,43.2488166],[1.970854,43.2476367],[1.9705517,43.2463156],[1.9707182,43.2458458],[1.9711453,43.2452243],[1.9717237,43.24476],[1.9719399,43.2444678],[1.972352,43.2444403],[1.9725884,43.2445401],[1.972706,43.2447013],[1.9731284,43.2448265],[1.973184,43.2449669],[1.9750991,43.245563],[1.9767044,43.2451185],[1.9767563,43.2449372],[1.9770886,43.2450455],[1.9776881,43.2448246],[1.9780348,43.244405],[1.9786717,43.2445465],[1.9806506,43.2438927],[1.9810249,43.2435804],[1.9811091,43.2436631],[1.9820316,43.2432123],[1.9820821,43.2432619],[1.9826647,43.2430245],[1.9825642,43.2428427],[1.9840393,43.2424472],[1.9840726,43.242538],[1.9848286,43.2425734],[1.9849986,43.2424584],[1.9850349,43.2420295],[1.984934,43.2419178],[1.9859983,43.2413271],[1.9864817,43.2416463],[1.9869435,43.2418127],[1.988263,43.2419694],[1.9882892,43.2423202],[1.9891343,43.2425497],[1.9893446,43.2422781],[1.9903309,43.2424915],[1.9906327,43.2439734],[1.9907669,43.2441966],[1.9928127,43.2456385],[1.9933809,43.2464377],[1.993227,43.2465661],[1.9945156,43.2474329],[1.9948714,43.2476046],[1.9964044,43.24785],[1.9971809,43.2484125],[1.9974791,43.2487701],[1.9977278,43.2493391],[1.9979837,43.2496103],[1.9991798,43.2504682],[2.0025613,43.2516971],[2.0044618,43.2522044],[2.004633,43.2522793],[2.0048883,43.2526563],[2.0051818,43.2528962],[2.008045,43.2529606],[2.0084692,43.2538177],[2.0085997,43.2542664],[2.009522,43.2550372],[2.0100421,43.2556282],[2.0117666,43.2571945],[2.012069,43.2575873],[2.0132827,43.2577853],[2.0131372,43.2578631],[2.0121186,43.2593332],[2.0116139,43.2603151],[2.0114636,43.2609374],[2.0119686,43.2620855],[2.0120317,43.2623777],[2.0120083,43.2634341],[2.0116867,43.2653141],[2.0111665,43.2658795],[2.0110015,43.2659649],[2.0109652,43.2661537],[2.0109587,43.2684513],[2.0111387,43.2688426],[2.0107888,43.2694385],[2.0107806,43.2698507],[2.0110313,43.2702251],[2.0104109,43.2708374],[2.0099711,43.2717337],[2.0100741,43.2722579],[2.0099417,43.2728158],[2.0102759,43.274045],[2.0102532,43.2760719],[2.0108057,43.2771514],[2.0108387,43.2775595],[2.0104541,43.2791259],[2.0107515,43.2795562],[2.010998,43.2796256],[2.0109153,43.2796984],[2.0120859,43.2806251],[2.0136238,43.281016],[2.0140886,43.28094],[2.014247,43.2809834],[2.0148895,43.281754],[2.0151034,43.2824159],[2.0153023,43.283692],[2.0159351,43.2851882],[2.015899,43.2853384],[2.0160018,43.2858927],[2.0156646,43.2862954],[2.0157466,43.2863601],[2.0172453,43.2864116],[2.0176933,43.2861938],[2.0186586,43.2859518],[2.018983,43.2857466],[2.0204026,43.2852095],[2.021764,43.2845434],[2.0246849,43.2835294],[2.0260025,43.283357],[2.0266553,43.283303],[2.0273484,43.283395],[2.0293095,43.2838385],[2.0297032,43.2838567],[2.0304012,43.2841635],[2.0310356,43.2842425],[2.0327696,43.2842816],[2.0346579,43.283999],[2.0350825,43.2837381],[2.0362123,43.283505],[2.0366296,43.2835018],[2.0371304,43.2832798],[2.0375066,43.2832722],[2.0386841,43.282906],[2.0417553,43.2811491],[2.0440383,43.2806526],[2.0476502,43.2800822],[2.0480551,43.2802206],[2.0483717930681626,43.28062618396436],[2.049441,43.2802243],[2.0496492,43.2802873],[2.0495042,43.28041],[2.048453937924719,43.280731385624655],[2.0485692,43.280879],[2.0494531,43.280578],[2.0501285,43.2805351],[2.0502292,43.2803636],[2.0514182,43.2800102],[2.052224,43.2799135],[2.0547863,43.2800101],[2.057115,43.2797754],[2.057269,43.2795267],[2.0583032,43.279598],[2.0591658,43.2799136],[2.0604527,43.2799855],[2.0606223,43.2801663],[2.0608335,43.2802484],[2.0610336,43.2802103],[2.0610578,43.2800557],[2.0616295,43.2797221],[2.0617588,43.2797268],[2.0620254,43.2805434],[2.0669118,43.2802544],[2.0670952,43.2810392],[2.067663,43.2852961],[2.0680759,43.2862815],[2.0697698,43.2856409],[2.070663,43.285173],[2.0720672,43.2841696],[2.0732194,43.2860905],[2.0736332,43.2859072],[2.0737981,43.285968],[2.0740636,43.2858987],[2.0744994,43.2856393],[2.0744153,43.2859821],[2.0734352,43.2874407],[2.0742021,43.2880204],[2.0741231,43.2881917],[2.0741661,43.2882935],[2.0740263,43.2884615],[2.0742508,43.2898021],[2.0741893,43.2899386],[2.0779508,43.2876893],[2.0782369,43.2878964],[2.0790528,43.2882222],[2.0800387,43.2884372],[2.0807175,43.2884343],[2.0813066,43.2898025],[2.0817909,43.2904134],[2.0822501,43.2908018],[2.0825768,43.2906533],[2.0837434,43.291674],[2.0835639,43.2920244],[2.0835567,43.2923133],[2.0840429,43.2936518],[2.085403,43.2957694],[2.0863825,43.2954763],[2.0867414,43.2959471],[2.0878857,43.2957337],[2.0896966,43.297316],[2.0914464,43.2968371],[2.0932591,43.2990768],[2.0935088,43.2997029],[2.0937177,43.3018057],[2.0944418,43.3033761],[2.0945164,43.3042941],[2.0935853,43.3052796],[2.0932733,43.3057819],[2.0930645,43.3063097],[2.0931649,43.3070393],[2.0936411,43.3084865],[2.0935002,43.3092659],[2.0931526,43.3100448],[2.0930643,43.3105728],[2.0931142,43.3110131],[2.0934053,43.3114161],[2.0938176,43.3116811],[2.0943662,43.3122985],[2.093499,43.3126176],[2.091934,43.3134483],[2.091171,43.3137433],[2.0901302,43.3143138],[2.0897562,43.3146839],[2.0893007,43.3142996],[2.0887587,43.3143603],[2.0881362,43.3147627],[2.0875772,43.3148315],[2.0869606,43.3151846],[2.0864067,43.3153852],[2.0863488,43.3157395],[2.0860308,43.3161921],[2.0854479,43.3165781],[2.0850074,43.3166431],[2.084583,43.3169306],[2.0842101,43.3170122],[2.0825914,43.3180923],[2.0823259,43.3181659],[2.0822628,43.3184006],[2.082071,43.3183837],[2.0820138,43.3185608],[2.0814362,43.3190045],[2.0809354,43.3199635],[2.0807257,43.3201856],[2.0804808,43.3206919],[2.0799527,43.3214448],[2.0798725,43.3217207],[2.0791486,43.3220182],[2.0791417,43.322269],[2.0787909,43.3225912],[2.0786839,43.3231139],[2.0787764,43.3232629],[2.0787232,43.323454],[2.0800414,43.3243963],[2.0804513,43.3245406],[2.0814414,43.3253943],[2.0822627,43.3267428],[2.0822731,43.3271078],[2.0821707,43.3273899],[2.0823302,43.3276639],[2.0840347,43.3298615],[2.0856907,43.3317948],[2.0856542,43.3321026],[2.0858895,43.3325843],[2.0863965,43.3332269],[2.0869133,43.3336579],[2.0873868,43.3338963],[2.0877894,43.3343014],[2.0883244,43.334572],[2.0884693,43.3351421],[2.091743,43.3348937],[2.0931295,43.3346855],[2.0936757,43.3351101],[2.094327,43.3354409],[2.094649,43.335518],[2.0953268,43.3352842],[2.0995389,43.335799],[2.0999896,43.335947],[2.1019451,43.3386331],[2.102107,43.3384393],[2.102343,43.3378399],[2.102787,43.3376526],[2.1028526,43.337341],[2.1033788,43.3367305],[2.1035978,43.3363486],[2.1045492,43.3362035],[2.1046203,43.3365376],[2.1049043,43.3366939],[2.1048767,43.3369275],[2.1050361,43.3371031],[2.1055072,43.337143],[2.1057273,43.3377081],[2.1064803,43.338443],[2.1065236,43.3387482],[2.106771,43.3391381],[2.106945,43.3392301],[2.1073309,43.3392366],[2.1074904,43.3393797],[2.1081655,43.3395498],[2.1082536,43.3397772],[2.1113055,43.3416461],[2.1115573,43.3423087],[2.1135599,43.3423236],[2.1191326,43.3419031],[2.1237035,43.3421914],[2.1326434,43.339788],[2.1350113,43.3387699],[2.1346445,43.3370528],[2.1346721,43.3364901],[2.1349576,43.3356699],[2.134963,43.3321666],[2.1347459,43.3317676],[2.1340259,43.3298398],[2.1353678,43.3270639],[2.1424969,43.3255387],[2.1429805,43.3253437],[2.14329,43.32507],[2.1452112,43.3242211],[2.1457495,43.3236931],[2.1460452,43.3235271],[2.1462477,43.3231455],[2.146291,43.3221661],[2.1461044,43.3217838],[2.1461987,43.3216566],[2.1459714,43.321431],[2.1455561,43.3212638],[2.1452756,43.3208617],[2.1453167,43.3205973],[2.1449283,43.3204106],[2.1447148,43.3200576],[2.1444338,43.3198318],[2.1454285,43.3191969],[2.1455912,43.318678],[2.1452303,43.3182563],[2.1458342,43.3181789],[2.1460504,43.3176994],[2.1458933,43.3164944],[2.1472117,43.3153017],[2.1499743,43.3143013],[2.1521168,43.3133799],[2.1535487,43.3129893],[2.1537012,43.312472],[2.1535516,43.3120404],[2.1542763,43.311131],[2.1544401,43.3098361],[2.1520171,43.3085637],[2.1506741,43.3081445],[2.1482243,43.3078624],[2.1475946,43.307592],[2.1460866,43.3067207],[2.1449707,43.305963],[2.140936,43.302924],[2.1399873,43.3020362],[2.139595,43.301966],[2.1395954,43.3018531],[2.1387298,43.3010176],[2.139875,43.3000292],[2.1397089,43.2998899],[2.1388995,43.3000622],[2.1377995,43.2996126],[2.1374196,43.3000236],[2.1354321,43.3007756],[2.1349938,43.3010513],[2.1324558,43.2979506],[2.1320868,43.2976304],[2.1314656,43.2972853],[2.1302663,43.2963063],[2.128112633085734,43.29372750873019],[2.1276295,43.2941531],[2.1276273,43.2930736],[2.127783959107136,43.2931263842397],[2.1277466,43.2929983],[2.1277047,43.2930851],[2.1254183,43.2922034],[2.1247511,43.2908468],[2.1227392,43.2913947],[2.1202497,43.2892252],[2.1205362,43.2890667],[2.1213321,43.2888573],[2.1216559,43.2880993],[2.1220736,43.2881665],[2.1220524,43.2880235],[2.1221266,43.2879284],[2.1223266,43.2879351],[2.122553,43.2878276],[2.1225902,43.2877338],[2.122949,43.2877385],[2.1229222,43.2878965],[2.1233365,43.2879837],[2.1234677,43.2879328],[2.1234887,43.2875403],[2.1240479,43.2872432],[2.1243806,43.2873324],[2.1248205,43.287111],[2.1248866,43.2868475],[2.1259522,43.2867098],[2.126244,43.2865484],[2.1262543,43.2860847],[2.1264069,43.2859612],[2.1264072,43.2858691],[2.1259121,43.2857474],[2.1259559,43.28563],[2.1262957,43.2854274],[2.1263487,43.2852052],[2.1265576,43.285123],[2.1263339,43.2844652],[2.1261056,43.2814002],[2.1258149,43.2799992],[2.1260102,43.2763792],[2.1273097,43.2726501],[2.128053,43.2713669],[2.1281406,43.2713871],[2.1324019,43.2687881],[2.1327036,43.2686966],[2.1356905,43.266936],[2.134928,43.2655612],[2.134445,43.2641708],[2.1333521,43.2600564],[2.1331619,43.2596076],[2.1326117,43.2586816],[2.131453,43.2578345],[2.1317993,43.2574988],[2.1323864,43.2572596],[2.1337244,43.2569056],[2.1357435,43.2560203],[2.1373781,43.2554266],[2.1365958,43.2534551],[2.1371002,43.2533438],[2.1377734,43.2535332],[2.1379871,43.2535136],[2.1385024,43.2534104],[2.1387713,43.2532587],[2.1407456,43.2526335],[2.1410524,43.252614],[2.1423883,43.2528726],[2.1431282,43.2527858],[2.1447772,43.2527566],[2.1430451,43.2496703],[2.1431878,43.2495864],[2.1430461,43.2493459],[2.1428598,43.2493776],[2.1424312742187803,43.248579514617326],[2.1405504,43.2496633],[2.1273359,43.2552448],[2.1272573,43.2553461],[2.126658,43.255563],[2.1264875,43.2555512],[2.1263719,43.2556596],[2.1208066,43.2579812],[2.1197988,43.2583112],[2.1196961,43.2584364],[2.1188164,43.2588153],[2.1126917,43.2613607],[2.1120961,43.2617053],[2.1114537,43.2624621],[2.1100068,43.2649683],[2.1095759,43.2655449],[2.1096265,43.2656532],[2.108262,43.268061],[2.1079078,43.2684377],[2.1069477,43.2688969],[2.1063148,43.2690689],[2.1032032,43.2691867],[2.1012667,43.2700813],[2.0981204,43.2712472],[2.0974992,43.2716254],[2.0947557,43.2736749],[2.0942822,43.2738879],[2.0939281,43.2741629],[2.0939067,43.2743094],[2.0922518,43.2754712],[2.0915478,43.2758308],[2.0912406,43.275899],[2.0893243,43.2757429],[2.0794565,43.2758738],[2.0757389,43.2761491],[2.075032,43.2760318],[2.0733732,43.275284],[2.0726195,43.2750848],[2.0722681,43.2750731],[2.0693323,43.2761899],[2.0687368,43.2763247],[2.0584881,43.2777151],[2.0570934,43.2779806],[2.0548993,43.2786133],[2.0507365,43.2800056],[2.0501357,43.2801813],[2.0499771,43.2801551],[2.050074,43.2800368],[2.0510316,43.2796795],[2.0566883,43.2779084],[2.0593062,43.2774124],[2.0685732,43.2761626],[2.0696461,43.275858],[2.0717489,43.2750046],[2.0722076,43.2748913],[2.0727601,43.2749401],[2.0737955,43.2752194],[2.0751232,43.2758619],[2.0756596,43.2759556],[2.0801416,43.2756705],[2.08965,43.2755299],[2.0913746,43.2756646],[2.0918923,43.2754176],[2.0934722,43.2742762],[2.093849,43.2740994],[2.0973104,43.271462],[2.0980131,43.2710421],[2.1016958,43.2696379],[2.1030669,43.2689468],[2.1061992,43.2688684],[2.107028,43.268636],[2.1076007,43.2683323],[2.1079078,43.2680228],[2.1087259,43.2667669],[2.1093374,43.26564],[2.1096647,43.2652591],[2.1097049,43.2651693],[2.1096352,43.2651458],[2.1113303,43.262261],[2.1118104,43.2616867],[2.1122771,43.261338],[2.1188324,43.2585184],[2.1197764,43.258277],[2.1203224,43.2579568],[2.1221342,43.257194],[2.1262246,43.2554945],[2.1265438,43.255432],[2.1265626,43.2553441],[2.1268442,43.2551722],[2.1285555,43.2545451],[2.1405261,43.2494472],[2.1441666328397564,43.24736588710118],[2.1440061,43.2472173],[2.1439413,43.2469448],[2.1441633,43.2460523],[2.1444772,43.2455122],[2.1443202,43.2449313],[2.1436959,43.2448982],[2.1436314206380054,43.244636266299246],[2.1432363,43.2444749],[2.1424847,43.244873],[2.1413004,43.2450271],[2.1407316,43.2448245],[2.1403594,43.244418],[2.1392399,43.2440979],[2.1387962,43.2432659],[2.1367158,43.2430732],[2.1366693,43.2429312],[2.137062,43.2425658],[2.1395765,43.2422021],[2.1396799,43.2424296],[2.1396636,43.242904],[2.1401658,43.2430211],[2.1414852,43.2428964],[2.1418507264038826,43.24277249173428],[2.1414289,43.2412904],[2.1506577,43.2406925],[2.1527676,43.2403936],[2.1666915,43.2393695],[2.167297,43.2391398],[2.1677043545217107,43.239297783748675],[2.1698534,43.2378639],[2.1713742,43.2375395],[2.1728495,43.2375336],[2.1740672,43.2373949],[2.174609,43.2372464],[2.1768301,43.2361325],[2.1795308,43.2355444],[2.1797199,43.2356032],[2.1795999,43.2357236],[2.177208,43.2362303],[2.1743181,43.2375221],[2.1734491,43.2376452],[2.1713474,43.2377036],[2.1700051,43.2379813],[2.169474,43.2382686],[2.1678945355688466,43.23941996578198],[2.1681234,43.239567],[2.1680906,43.239377],[2.1746487,43.2389306],[2.1820615,43.2385874],[2.1860114,43.2383066],[2.1860466,43.2375429],[2.1868695097455713,43.235479661415724],[2.1852347,43.23472],[2.1848833,43.2346144],[2.1844676,43.2346008],[2.1828475,43.2350307],[2.1804884,43.2355092],[2.1801162,43.2354799],[2.180196,43.2353783],[2.1846822,43.2344288],[2.1852615,43.2345304],[2.1869342784212886,43.23531522399397],[2.1869747,43.2352126],[2.1868526,43.2351637],[2.1870098,43.2345058],[2.1880161,43.2333212],[2.1879706,43.2331869],[2.1874223,43.2326341],[2.1870521,43.2320221],[2.18691,43.2320428],[2.1855693,43.2315233],[2.1880112,43.2301144],[2.1904572,43.2265922],[2.1897896,43.2259429],[2.1887887,43.2256579],[2.1904203,43.2244482],[2.1892867,43.2239339],[2.1886425,43.2233634],[2.1895389,43.2223075],[2.1895572,43.2219502],[2.1907491,43.2203882],[2.1911352,43.2195323],[2.1906045,43.2179459],[2.1904399,43.2180895],[2.1901644,43.2175341],[2.1899002,43.2166478],[2.1888943,43.2157045],[2.1883804,43.2144595],[2.1880884,43.2140747],[2.1876681,43.2137717],[2.1871089,43.2143522],[2.186332,43.2132088],[2.1856657,43.2133231],[2.1847536,43.2085166],[2.1836396,43.2082708],[2.1812426,43.2080815],[2.1788869,43.2025595],[2.1791867,43.2024673],[2.1809784,43.2024453],[2.1810004,43.2023214],[2.1807048,43.2021009],[2.1798211,43.2006897],[2.1787386,43.1998253],[2.1781886,43.1988385],[2.1779743,43.1986235],[2.1774608,43.198461],[2.1777786,43.1980364],[2.1779815,43.1980874],[2.1780328,43.1972936],[2.1774456,43.1960533],[2.1781033,43.1960828],[2.178102,43.1951645],[2.1779629,43.194404],[2.1767951,43.1934574],[2.1767577,43.1921913],[2.1753888,43.1920772],[2.1753071,43.1910888],[2.1758998,43.1909044],[2.1762161,43.1905889],[2.1762882,43.1902668],[2.1765168,43.189916],[2.1771987,43.1896627],[2.1775755,43.1893455],[2.1773447,43.1888474],[2.1769895,43.1885222],[2.1780922,43.1882472],[2.1795203,43.1869766],[2.1795702,43.1867983],[2.1794405,43.1863456],[2.1794667,43.185909],[2.17955,43.1857706],[2.1788311,43.1852492],[2.1788479,43.1850011],[2.1787145,43.1848363],[2.1787304,43.1846577],[2.1783561,43.1847494],[2.1778435,43.1845273],[2.1774437,43.1844946],[2.1775351,43.184252],[2.1817834,43.1790304],[2.1789451,43.1756941],[2.179117,43.1755216],[2.1796243,43.1756245],[2.1799657,43.1754581],[2.1802239,43.1754252],[2.1803892,43.1752328],[2.181166,43.1749653],[2.1820247,43.1747794],[2.1824885,43.1742958],[2.1828758,43.1743594],[2.1834881,43.1741811],[2.1848189,43.1741804],[2.1849979,43.174273],[2.1854995,43.1740737],[2.1863309,43.1740999],[2.187346,43.1738636],[2.1884603,43.1734555],[2.1900965,43.1734163],[2.1904004,43.1734996],[2.1906612,43.1736942],[2.191313,43.1736684],[2.1917753,43.1732963],[2.1922489,43.1731271],[2.1941099,43.171801],[2.1945332,43.1712257],[2.194882,43.1710557],[2.1948468,43.1705684],[2.1955741,43.1700663],[2.1956745,43.1698133],[2.1959249,43.1697441],[2.1961515,43.1693703],[2.1958213,43.1691853],[2.1939573,43.1686346],[2.1937521,43.1684302],[2.1960427,43.1670969],[2.1998672,43.166099],[2.1986088,43.1637567],[2.2034647,43.1633644],[2.2040169,43.1635306],[2.2046676,43.1635858],[2.205084,43.163538],[2.2065061,43.1628884],[2.2070884,43.1628721],[2.2077247,43.1629678],[2.2085669,43.1632171],[2.2093759,43.1633083],[2.2102542,43.1635594],[2.2107516,43.1635016],[2.2109542,43.1633641],[2.2098296,43.1612026],[2.2098255,43.1593649],[2.2102531,43.1591247],[2.2103852,43.1589026],[2.2100478,43.1585828],[2.2095229,43.1577819],[2.2093167,43.1573076],[2.209231,43.1567935],[2.2088942,43.1562643],[2.2085986,43.1559087],[2.2069091,43.155362],[2.2066115,43.1551511],[2.2061572,43.1546007],[2.2057353,43.1544019],[2.2053575,43.1543587],[2.2036742,43.1546511],[2.2014202,43.1541219],[2.1960888,43.1539428],[2.194961,43.1540971],[2.194094,43.154064],[2.1938561,43.1539137],[2.1937041,43.153541],[2.1929002,43.1536232],[2.1921315,43.153834],[2.1916791,43.1538511],[2.1907865,43.1536623],[2.1897295,43.1533045],[2.1886844,43.1535352],[2.1880432,43.1534062],[2.1875455,43.1530348],[2.1867383,43.1526016],[2.1850542,43.1525355],[2.1845469,43.1523371],[2.1842322,43.1521077],[2.1838932,43.1520349],[2.1829679,43.1521528],[2.1823193,43.1520183],[2.1815758,43.1523593],[2.1809034,43.152901],[2.1808264,43.1531331],[2.1798692,43.1534238],[2.1781053,43.1537954],[2.1764338,43.1538916],[2.1759628,43.1537421],[2.1755598,43.1534849],[2.1735366,43.1533568],[2.1713888,43.1525946],[2.1709013,43.1525802],[2.1702236,43.1529649],[2.1688006,43.153263],[2.1682506,43.1534971],[2.1670551,43.154457],[2.1664827,43.1547017],[2.1659118,43.1548383],[2.1655504,43.1547815],[2.1638882,43.1541905],[2.1630722,43.1540796],[2.1624405,43.155664],[2.1618775,43.1558795],[2.1595168,43.1573633],[2.1592332,43.1576249],[2.1572289,43.1586426],[2.1556498,43.1592827],[2.1547363,43.1595176],[2.1528241,43.1596499],[2.152401,43.1598665],[2.1520617,43.1598127],[2.151958,43.1600755],[2.1511422,43.1604869],[2.1507654,43.1605442],[2.149728,43.1610637],[2.1495129,43.1610658],[2.1484781,43.1613949],[2.148037113091689,43.16172770352198],[2.148259,43.1617752],[2.1479022,43.1619689],[2.1475914284116535,43.16197309385264],[2.1476091,43.1622493],[2.1478549,43.1624944],[2.1480168,43.1627996],[2.1481313,43.16353],[2.1485517,43.1641614],[2.1474488,43.1658253],[2.1475777,43.1665153],[2.1475054,43.1667377],[2.1478864,43.1672168],[2.1476069,43.1674073],[2.1477015,43.1675701],[2.1468121,43.1678169],[2.144865,43.1674578],[2.1447856,43.1671938],[2.1445117,43.1669789],[2.1430316,43.1668969],[2.142117,43.166961],[2.1396186,43.167851],[2.1384359,43.1677595],[2.1371582,43.1680437],[2.1358877,43.1688043],[2.1355059,43.1693689],[2.135092,43.1702576],[2.1335766,43.1716851],[2.1332619,43.1724022],[2.1317326,43.1738296],[2.1313372,43.1743738],[2.1305499,43.1762021],[2.1278573,43.1776307],[2.1269908,43.1781916],[2.1262872,43.1789868],[2.1241901,43.1799189],[2.1246864,43.17673],[2.1244971,43.1751117],[2.1243496,43.1747037],[2.121201,43.1738115],[2.1173272,43.1730345],[2.1170781,43.1728385],[2.1167073,43.1718846],[2.1153471,43.1715054],[2.1152259,43.1716403],[2.1140115,43.1712622],[2.1136929,43.1712888],[2.1136726,43.1708617],[2.1113217,43.1702322],[2.1109607,43.1704428],[2.1098819,43.1707741],[2.1090962,43.1700984],[2.1079357,43.1705844],[2.1079707,43.1709146],[2.1050572,43.1715906],[2.1046315,43.1722123],[2.1026409,43.1726726],[2.1018242,43.1729421],[2.1012352,43.1722939],[2.0997109,43.1730815],[2.0987802,43.1725135],[2.0982839,43.1720876],[2.0983034,43.1713221],[2.099784,43.1703329],[2.1004824,43.1693255],[2.1001169,43.168979],[2.1017662,43.1677139],[2.1014983,43.1674465],[2.1039244,43.1665672],[2.1029454,43.1653598],[2.1027527,43.1649725],[2.104487,43.1650319],[2.1047909,43.1649807],[2.1058002,43.1645831],[2.1067236,43.1643378],[2.1071983,43.1640354],[2.1093297,43.1633786],[2.1094575,43.1632189],[2.1096558,43.1625165],[2.1093094,43.162025],[2.1093562,43.1619845],[2.1108858,43.1613018],[2.1107127,43.1609868],[2.1115109,43.1607175],[2.1130104,43.1603848],[2.1129314,43.1600628],[2.1133294,43.1585585],[2.1132926,43.1582063],[2.1129919,43.1573164],[2.1124438,43.1561874],[2.1114248,43.1551083],[2.109568,43.1534182],[2.108478,43.1523105],[2.1071489,43.1514371],[2.1061774,43.1510225],[2.1047941,43.1505837],[2.103647,43.1503853],[2.1033527,43.1501935],[2.1074846,43.146798],[2.1081586,43.1459155],[2.1080988,43.1454364],[2.1061687,43.1451788],[2.1045393,43.1453597],[2.1043445,43.1452391],[2.1042333,43.1449652],[2.1042119,43.1441064],[2.1024235,43.1440379],[2.1021179,43.1440801],[2.1015993,43.1443193],[2.0996048,43.1435348],[2.0988761,43.1434708],[2.0969821,43.142368],[2.0959509,43.1421316],[2.0939322,43.1408614],[2.0934077,43.1412303],[2.0922539,43.141092],[2.0913032,43.1411347],[2.0903455,43.1409908],[2.089374,43.1404524],[2.089294636336207,43.14028398195136],[2.0890977,43.1402958],[2.087386,43.1397695],[2.0874196666352254,43.139714930243926],[2.0871499,43.1398394],[2.0865438,43.1396525],[2.084723,43.1399308],[2.0842891,43.1401353],[2.0840893,43.1404062],[2.0836658,43.1405677],[2.0834857,43.1408244],[2.0827634,43.1413278],[2.0824542,43.1417053],[2.0814782,43.1421493],[2.0809519,43.1426398],[2.0802414,43.1436595],[2.0797542,43.1441504],[2.0777384,43.1456307],[2.0791093,43.1468282],[2.0788768,43.1468941],[2.078392,43.1473196],[2.0766805,43.1492833],[2.0728618,43.1511412],[2.0735935,43.1518342],[2.0723949,43.1524318],[2.071876,43.1528271],[2.0717919,43.1533378],[2.071832,43.1535778],[2.0713552,43.1540773],[2.0703865,43.1546288],[2.0694635,43.1550368],[2.0686776,43.1550464],[2.067746,43.1553105],[2.0675945,43.1552214],[2.0667539,43.1552385],[2.0659388,43.1550161],[2.0607409,43.1566436],[2.0589949,43.1566293],[2.0592047,43.1563981],[2.0585905,43.1564707],[2.0580618,43.1563455],[2.0579572,43.1562411],[2.0581036,43.1559229],[2.0583193,43.1557002],[2.0587111,43.1547538],[2.0576457,43.154253],[2.0571567,43.1538519],[2.0570376,43.1531603],[2.0556854,43.1521478],[2.0559727,43.1518653],[2.0565539,43.151637],[2.05664,43.1514046],[2.0562972,43.1506939],[2.0529581,43.1521894],[2.0513674,43.1526036],[2.0512548,43.1523341],[2.0502663,43.1526312],[2.0412298,43.1468847],[2.0412526,43.1469618],[2.0410515,43.1468492],[2.0378397,43.1462699],[2.0333622,43.1433729],[2.032247,43.1438039],[2.0310051,43.144795],[2.0290026,43.145417],[2.0273624,43.1454894],[2.0272293,43.1457041],[2.0270633,43.1457632],[2.0268056,43.1456574],[2.0263185,43.1458864],[2.0260133,43.1457974],[2.0245332,43.1461907],[2.0235702,43.1466832],[2.0230451,43.1470759],[2.0232164,43.1474314],[2.0230712,43.1476633],[2.0220037,43.1487939],[2.0212401,43.1493572],[2.0200405,43.1506335],[2.0194128,43.1508008],[2.01752,43.151869],[2.0165762,43.1522726],[2.0149192,43.1525142],[2.0141909,43.1527638],[2.0126274,43.1535489],[2.0126357,43.1530311],[2.0125171,43.1524624],[2.0125157,43.1504223],[2.0108321,43.1480807],[2.01003,43.1476245],[2.0088376,43.1465412],[2.0083204,43.1463807],[2.0080768,43.1461665],[2.0071032,43.1457775],[2.0054257,43.145189],[2.0048599,43.1448784],[2.0042639,43.1443242],[2.0037536,43.1442698],[2.0030411,43.1440703],[2.0036141,43.143938],[2.0053721,43.1432358],[2.0058765,43.1431278],[2.0065475,43.1427281],[2.0072042,43.1426901],[2.0077144,43.1427507],[2.0077606,43.1419962],[2.0081539,43.1419122],[2.0087747,43.14198],[2.0097045,43.1419132],[2.0094894,43.1409817],[2.0090382,43.1399047],[2.0090682,43.1391002],[2.0089258,43.1389492],[2.009424,43.1381674],[2.0091982,43.1373794],[2.0093659,43.1370127],[2.0088751,43.1357482],[2.0086019,43.1352592],[2.0089197,43.1350998],[2.0097232,43.1349258],[2.0104094,43.1346385],[2.01054,43.1344587],[2.0107777,43.1345106],[2.0114188,43.1349092],[2.0113994,43.1350525],[2.0117722,43.1357108],[2.0128467,43.1366996],[2.0145749,43.1362465],[2.0157003,43.1356573],[2.0163189,43.1358622],[2.0166268,43.1363203],[2.0183386,43.1372483],[2.0187489,43.1366169],[2.0189343,43.1364903],[2.0201835,43.1365742],[2.0226385,43.1363204],[2.0231667,43.1361295],[2.024343,43.1360785],[2.0244701,43.1364703],[2.0244736,43.1367756],[2.0252928,43.136636],[2.0257176,43.136658],[2.0278112,43.1371214],[2.0285867,43.1371036],[2.0304769,43.1377789],[2.0331317,43.1394033],[2.0332008,43.138189],[2.0342056,43.1379105],[2.0343534,43.1369898],[2.0345465,43.1363748],[2.034405,43.135293],[2.0338383,43.1352821],[2.0338715,43.1342323],[2.0342545,43.1326665],[2.0333462,43.1326466],[2.0331655,43.1324741],[2.0332165,43.1317149],[2.0316323,43.1316893],[2.0306801,43.131779],[2.028832,43.1315557],[2.0252111,43.1316349],[2.0250722,43.1309251],[2.0242299,43.1303926],[2.0241376,43.1299032],[2.0243647,43.1292576],[2.023449,43.1291521],[2.0230962,43.1293079],[2.0227291,43.129317],[2.0225102,43.1294495],[2.0208628,43.1292033],[2.0207499,43.128958],[2.0208009,43.1275304],[2.0214629,43.1273345],[2.0214814,43.1266933],[2.0216982,43.1261698],[2.021566,43.1260954],[2.0195329,43.1259803],[2.0160881,43.126018],[2.0162327,43.1247975],[2.015541,43.1232033],[2.0153936,43.1225118],[2.015385,43.1220108],[2.0146118,43.1218637],[2.0150061,43.1211952],[2.0145986,43.1211245],[2.013939,43.1211799],[2.0130018,43.1213795],[2.0110434,43.1213015],[2.0096982,43.1214671],[2.0094826,43.1213919],[2.0091618,43.120595],[2.0089391,43.120678],[2.0060712,43.1209344],[2.0059189,43.1210115],[2.0032069,43.1205776],[2.0016851,43.1208825],[2.0015895,43.1213473],[1.9997575,43.1217601],[1.9988311,43.1218304],[1.9977382,43.1209172],[1.9968061,43.1209552],[1.9958787,43.1207027],[1.9948848,43.1210536],[1.993682,43.1218637],[1.9931125,43.1220524],[1.9929889,43.121913],[1.9930635,43.1215863],[1.9925598,43.1215957],[1.9920455,43.1210309],[1.9917509,43.1205393],[1.9911707,43.1206385],[1.9909251,43.1198735],[1.9900726,43.1197551]],[[1.7989493,43.1660617],[1.7993115,43.1658532],[1.7994494,43.1658584],[1.799543,43.1660081],[1.7991546,43.166284],[1.7989402,43.1661431],[1.7989493,43.1660617]],[[1.8191929,43.1670685],[1.8188602,43.1672434],[1.818939,43.1670601],[1.8191195,43.1669904],[1.8191929,43.1670685]],[[1.8187021,43.1672988],[1.818764,43.1673801],[1.8183871,43.1675395],[1.8182332,43.1675001],[1.8187021,43.1672988]],[[1.7885007,43.1696191],[1.7881728,43.1702055],[1.7878569,43.17044],[1.7872662,43.1705917],[1.7870491,43.1706035],[1.7865061,43.1700278],[1.7866478,43.1699148],[1.787456,43.1697148],[1.7876964,43.169716],[1.7879797,43.1698376],[1.7881148,43.1698146],[1.7881392,43.1697053],[1.7885007,43.1696191]],[[1.7536842,43.1773454],[1.7536588,43.1775913],[1.7531943,43.1776362],[1.7531137,43.1775465],[1.7532664,43.1771474],[1.7534255,43.1770856],[1.7536842,43.1773454]],[[1.7683415,43.1880186],[1.7675052,43.1877579],[1.7670943,43.1875268],[1.7665678,43.1869379],[1.7663229,43.1863641],[1.7661544,43.1856533],[1.7653873,43.1847013],[1.7647139,43.1844276],[1.7664634,43.1834243],[1.767019,43.1842378],[1.7674126,43.1849818],[1.7673535,43.1852701],[1.7676763,43.1868748],[1.7678503,43.1870085],[1.7687364,43.187297],[1.7697614,43.1881266],[1.7699584,43.1884757],[1.7695586,43.1883912],[1.7693076,43.1884586],[1.7693492,43.1886924],[1.769479,43.1888671],[1.7683415,43.1880186]],[[1.7825379,43.1878928],[1.7824834,43.1884842],[1.7823406,43.1886941],[1.782151,43.1886663],[1.7818721,43.1883557],[1.7817729,43.1878173],[1.7820327,43.1868774],[1.7827049,43.1857198],[1.7827065,43.1855495],[1.7837712,43.1856623],[1.7837937,43.1858865],[1.7839263,43.1861158],[1.7838946,43.1863034],[1.7835952,43.1864742],[1.7832553,43.18648],[1.7827347,43.1871453],[1.7825379,43.1878928]],[[1.7706339,43.1898623],[1.7703639,43.1892838],[1.7709477,43.1891173],[1.7711657,43.1892329],[1.7713477,43.189843],[1.7708272,43.1899457],[1.7706339,43.1898623]],[[1.8077816,43.1907393],[1.8076354,43.190857],[1.8079956,43.1909376],[1.8078115,43.1911097],[1.8078894,43.1912133],[1.80783,43.1913648],[1.806628,43.1917324],[1.8059138,43.191814],[1.8052349,43.1907273],[1.8062374,43.1904012],[1.8077816,43.1907393]],[[1.8204532,43.192055],[1.8200347,43.1920797],[1.8200767,43.1919835],[1.8203797,43.1919563],[1.8204532,43.192055]],[[1.8254158,43.1944165],[1.8264118,43.1936053],[1.8271682,43.1927753],[1.8276504,43.1931811],[1.8267272,43.1938786],[1.825757,43.1944751],[1.8253961,43.1946182],[1.8254158,43.1944165]],[[1.824213,43.1962664],[1.8245064,43.1956098],[1.8245207,43.1953423],[1.8251253,43.1954416],[1.8251603,43.1955602],[1.8250686,43.1957615],[1.8242743,43.1968105],[1.8240822,43.1968491],[1.8238792,43.1967429],[1.824213,43.1962664]],[[1.7673348,43.1970687],[1.7675167,43.1970242],[1.7676975,43.1970964],[1.7681181,43.1975617],[1.7680819,43.1976489],[1.7667237,43.1980242],[1.7663791,43.1979512],[1.7665009,43.1977089],[1.7673348,43.1970687]],[[1.8067376,43.2023856],[1.8057312,43.2025669],[1.805486,43.2024882],[1.8054665,43.2022958],[1.8056885,43.2021139],[1.8069061,43.2015397],[1.8070519,43.2013512],[1.8070617,43.2012055],[1.8082131,43.2009255],[1.8083409,43.2013355],[1.8080954,43.2017655],[1.8080854,43.2019422],[1.8082139,43.2022747],[1.8088495,43.2027987],[1.8100883,43.2027053],[1.8098442,43.2029833],[1.8091633,43.2032747],[1.8092864,43.2037374],[1.8094714,43.2039089],[1.8102867,43.2042538],[1.8110493,43.2043132],[1.8119106,43.2042459],[1.8121958,43.2041139],[1.8123308,43.2041828],[1.8124968,43.2045929],[1.8129621,43.2052123],[1.8128291,43.2053916],[1.812816,43.2059218],[1.8126573,43.2061289],[1.8127901,43.2064552],[1.8121099,43.2061791],[1.8116185,43.2056495],[1.8112509,43.2054958],[1.8110115,43.2052373],[1.8096202,43.2048338],[1.8086579,43.2043392],[1.8083716,43.2041053],[1.8080635,43.203468],[1.8070104,43.202697],[1.8067376,43.2023856]],[[1.7918578,43.2100145],[1.791839,43.2098111],[1.7919597,43.2096743],[1.7927965,43.2097935],[1.7929441,43.2101415],[1.7920563,43.2102256],[1.7918578,43.2100145]],[[1.7906481,43.2135625],[1.7905408,43.2134101],[1.7907688,43.2132283],[1.7909324,43.2134531],[1.7907608,43.213586],[1.7906481,43.2135625]],[[1.7890656,43.2151459],[1.7888349,43.2150912],[1.7890763,43.2145869],[1.7895108,43.2139848],[1.7903745,43.2144227],[1.7903745,43.2145829],[1.7898434,43.214927],[1.7890656,43.2151459]],[[1.8043166,43.2229097],[1.8047566,43.2229448],[1.8047243,43.2232264],[1.8048155,43.2236329],[1.8047458,43.2237697],[1.8042768,43.2238545],[1.8040162,43.2235],[1.8043166,43.2229097]],[[1.7666753,43.2225013],[1.7667339,43.2226608],[1.7661165,43.2229171],[1.7655147,43.2232901],[1.7651591,43.2236688],[1.7650223,43.2243095],[1.7648192,43.2242867],[1.7644714,43.2239706],[1.7643815,43.2236887],[1.7644245,43.2228259],[1.7666753,43.2225013]],[[1.7910176,43.224522],[1.791014,43.2245944],[1.7908067,43.2245894],[1.7908074,43.2245168],[1.7910176,43.224522]],[[1.820298,43.2253251],[1.8192111,43.2260123],[1.8186253,43.2261848],[1.8182495,43.2263882],[1.8170871,43.2266837],[1.8167181,43.2257615],[1.8186032,43.2253557],[1.820298,43.2253251]],[[1.8096543,43.2353299],[1.8091159,43.2350377],[1.8096375,43.2346957],[1.8098145,43.2347123],[1.809612,43.235138],[1.8096543,43.2353299]],[[1.8993864,43.1256306],[1.8988066,43.1257723],[1.8987411,43.1256056],[1.8984563,43.1255089],[1.8979844,43.1248779],[1.8979862,43.1247777],[1.8992307,43.1240566],[1.8999589,43.1239853],[1.9001333,43.1242783],[1.9001028,43.1245474],[1.8999544,43.1249595],[1.8993896,43.1254552],[1.8993864,43.1256306]],[[1.9111962,43.1362003],[1.9119511,43.1367544],[1.9115017,43.1368857],[1.9111342,43.1363255],[1.9111962,43.1362003]],[[1.9050576,43.1405076],[1.9051166,43.1404274],[1.9052748,43.1404195],[1.9054626,43.1404978],[1.9052856,43.1406309],[1.9050576,43.1405076]],[[1.9144951,43.1437994],[1.9144039,43.1440441],[1.9142027,43.1439834],[1.9142684,43.143776],[1.9143569,43.143729],[1.9144951,43.1437994]],[[1.9031166,43.1495327],[1.9022458,43.1492936],[1.9030796,43.1493775],[1.9031166,43.1495327]],[[1.8897836,43.1498605],[1.8897185,43.1500286],[1.8895774,43.1501215],[1.8891173,43.1501664],[1.8887718,43.1493889],[1.8888746,43.1493173],[1.8897836,43.1498605]],[[1.8765473,43.1504005],[1.8768305,43.1501626],[1.8766653,43.1503348],[1.8765988,43.1505868],[1.8763284,43.1506729],[1.8761954,43.1505446],[1.8765473,43.1504005]],[[1.8883211,43.1524589],[1.8884222,43.1526089],[1.8883478,43.1531603],[1.8875688,43.1531572],[1.8874369,43.1528574],[1.8874887,43.1527595],[1.8878087,43.1526672],[1.8880337,43.1524624],[1.8883211,43.1524589]],[[1.8875233,43.1541155],[1.8874089,43.1540449],[1.8877138,43.1534056],[1.8880207,43.1533554],[1.8880913,43.1541551],[1.8875233,43.1541155]],[[1.9126859,43.16051],[1.9126429,43.1605997],[1.9122777,43.1607224],[1.9121044,43.1606721],[1.9120966,43.1605791],[1.9122115,43.160502],[1.9125848,43.1604228],[1.9126859,43.16051]],[[1.856836,43.1918386],[1.8566759,43.1914877],[1.8567592,43.1913675],[1.856432,43.1905657],[1.8558455,43.1905706],[1.8558087,43.1904975],[1.8561472,43.1902225],[1.8564539,43.1897712],[1.8575191,43.1899975],[1.8573864,43.1910146],[1.856836,43.1918386]],[[1.869366,43.1940262],[1.8687289,43.1940077],[1.8684317,43.1943173],[1.8681147,43.1943889],[1.8678903,43.1942473],[1.8678367,43.1939183],[1.8675407,43.1935112],[1.8680512,43.1930947],[1.8688365,43.1935546],[1.8693035,43.1937025],[1.8700833,43.1937564],[1.8694621,43.1939251],[1.869366,43.1940262]],[[1.8769226,43.1967619],[1.8767977,43.1966504],[1.8770094,43.1956142],[1.8769353,43.1951033],[1.8770018,43.1949069],[1.8770759,43.1948533],[1.8778686,43.1949263],[1.8779365,43.19512],[1.8784539,43.1954869],[1.8784133,43.1956897],[1.8778572,43.1958492],[1.8776696,43.1960038],[1.8775405,43.1964505],[1.8768088,43.1968946],[1.8769226,43.1967619]],[[1.8484906,43.1955735],[1.848594,43.1956374],[1.8486146,43.1957737],[1.8489772,43.1959306],[1.8490749,43.1961719],[1.8486725,43.196595],[1.8485428,43.1966165],[1.8477269,43.1962579],[1.8477102,43.196185],[1.8482717,43.1955982],[1.8484906,43.1955735]],[[1.8883355,43.1972896],[1.8876512,43.1973826],[1.8872997,43.1971491],[1.8874248,43.1970419],[1.8881322,43.1969227],[1.8883355,43.1972896]],[[1.8841587,43.2037093],[1.8840525,43.2035233],[1.8841591,43.2031812],[1.8841765,43.2025977],[1.8839538,43.2022448],[1.8839037,43.2019877],[1.8840375,43.2020611],[1.8848433,43.2021405],[1.8851411,43.202313],[1.885334,43.2026055],[1.8845624,43.2037442],[1.8841587,43.2037093]],[[1.8405434,43.2066116],[1.8403507,43.2068096],[1.8402333,43.2071384],[1.8402951,43.2073685],[1.8402048,43.2074986],[1.8386837,43.2075913],[1.8385696,43.2075224],[1.8385631,43.2067675],[1.8400709,43.2067493],[1.8405434,43.2066116]],[[1.8912592,43.21398],[1.8910017,43.2142283],[1.8906559,43.2148902],[1.8904543,43.2149918],[1.8908369,43.2151135],[1.8908963,43.2153007],[1.8906767,43.2153755],[1.8896189,43.2152021],[1.8895953,43.2150996],[1.8897356,43.2150557],[1.8905528,43.2123835],[1.8921174,43.2123229],[1.8923481,43.2124084],[1.8924505,43.2125513],[1.8922222,43.2129733],[1.8926294,43.213055],[1.8926836,43.2131309],[1.8925967,43.2133576],[1.8919361,43.2138002],[1.8912592,43.21398]],[[1.920445,43.2230218],[1.9212485,43.2240061],[1.9198724,43.2232793],[1.920445,43.2230218]],[[1.8815365,43.2282724],[1.8815771,43.2295354],[1.8813167,43.2297377],[1.880343,43.2297507],[1.8804933,43.2292993],[1.880957,43.2287514],[1.8815365,43.2282724]],[[1.8738339,43.2360513],[1.8739571,43.236097],[1.8729775,43.237367],[1.8727035,43.2373319],[1.8738339,43.2360513]],[[1.9168539,43.2451768],[1.9176606,43.2453053],[1.9180883,43.2455208],[1.9181795,43.2456699],[1.917892,43.245864],[1.9167567,43.2458923],[1.9163474,43.2457676],[1.9162495,43.2456444],[1.916391,43.2454447],[1.9168539,43.2451768]],[[1.9202018,43.2558407],[1.9207145,43.2558328],[1.9204935,43.255924],[1.9199778,43.2563658],[1.9198337,43.2563916],[1.9191202,43.2555179],[1.9186903,43.25525],[1.9181565,43.2550475],[1.9184017,43.2547131],[1.9187318,43.254458],[1.919721,43.254937],[1.9202574,43.255601],[1.9208548,43.2557084],[1.9202018,43.2558407]],[[1.9339589,43.1278977],[1.9340003,43.1277812],[1.9343287,43.1274764],[1.9344011,43.1276014],[1.9340488,43.1280896],[1.9339589,43.1278977]],[[1.973775,43.1275482],[1.9740167,43.127503],[1.9744519,43.1278297],[1.9748215,43.1278588],[1.9750197,43.1279552],[1.9749265,43.1282599],[1.9745398,43.1285448],[1.9743561,43.1289907],[1.9733069,43.1284907],[1.9734182,43.1278032],[1.973775,43.1275482]],[[1.9486892,43.1416574],[1.94848,43.1423228],[1.9475029,43.1420565],[1.9478147,43.1416002],[1.9478311,43.141031],[1.9470241,43.1402911],[1.9472301,43.1402209],[1.9474983,43.1404479],[1.9486463,43.1407532],[1.9487643,43.1408824],[1.9486892,43.1416574]],[[1.9238073,43.1428307],[1.9237387,43.1429662],[1.9235399,43.1429565],[1.9235385,43.1427078],[1.9236303,43.1427098],[1.9237333,43.1424172],[1.9237094,43.1427846],[1.9238073,43.1428307]],[[1.9864173,43.1453276],[1.9868948,43.1451721],[1.986656,43.145345],[1.9866694,43.145437],[1.9859924,43.1459187],[1.9858938,43.1459178],[1.9856167,43.1455707],[1.9860504,43.1452959],[1.9864173,43.1453276]],[[1.9233971,43.1476845],[1.9232421,43.1475699],[1.9233633,43.147373],[1.9240353,43.1472],[1.9233971,43.1476845]],[[1.9860505,43.1481362],[1.9860856,43.1479135],[1.9864885,43.1479345],[1.9865827,43.148107],[1.9860505,43.1481362]],[[1.9756866,43.1478966],[1.975991,43.1481415],[1.976895,43.1483959],[1.9765426,43.149025],[1.9759016,43.1487935],[1.9752655,43.1482705],[1.9751901,43.1480851],[1.9752836,43.147856],[1.9752278,43.1475024],[1.9755786,43.1476534],[1.9756866,43.1478966]],[[1.9657626,43.1605335],[1.9657934,43.160827],[1.9646358,43.161043],[1.964474,43.160998],[1.9642911,43.1607873],[1.9636676,43.1603695],[1.9636038,43.1601599],[1.9636427,43.1599658],[1.9634487,43.1597143],[1.9631289,43.1589276],[1.9635249,43.1591896],[1.9641646,43.1593521],[1.9644127,43.1596882],[1.9647179,43.1599319],[1.9658617,43.1598319],[1.9660535,43.1599788],[1.9660308,43.1601499],[1.9658377,43.1603165],[1.9657626,43.1605335]],[[1.9516998,43.1596455],[1.9518022,43.1597828],[1.950848,43.1606494],[1.9504834,43.1608592],[1.9500213,43.160872],[1.9496454,43.161059],[1.9491733,43.1616543],[1.9481407,43.1609713],[1.9481552,43.1605764],[1.948304,43.1604982],[1.9486183,43.1605096],[1.9501766,43.1599612],[1.9516998,43.1596455]],[[1.97996,43.1667296],[1.9799271,43.1670208],[1.9797683,43.1671302],[1.978862,43.1673274],[1.9775333,43.1674887],[1.9773737,43.1674455],[1.9773266,43.1672439],[1.977444,43.1665922],[1.9799002,43.1666141],[1.97996,43.1667296]],[[1.9301787,43.1692884],[1.9301125,43.1695026],[1.9298035,43.1698395],[1.9291207,43.1699634],[1.9285128,43.1699278],[1.9289407,43.1691096],[1.9301787,43.1692884]],[[1.9562028,43.1723684],[1.9562369,43.1726857],[1.9551734,43.1726968],[1.9549327,43.1720498],[1.9562028,43.1723684]],[[1.9481494,43.2024006],[1.948361,43.2017755],[1.9495671,43.201916],[1.9493032,43.2021102],[1.9488094,43.2031681],[1.9486354,43.2032171],[1.9482717,43.2031353],[1.9481494,43.2024006]],[[1.9310335,43.2112301],[1.9304401,43.2107235],[1.9307739,43.2105522],[1.9312986,43.2110865],[1.9310335,43.2112301]],[[1.9763574,43.2141451],[1.9770763,43.2141255],[1.9771406,43.214192],[1.9772157,43.2151068],[1.9764567,43.2149798],[1.9763574,43.2141451]],[[1.9534561,43.2144537],[1.9536207,43.2146419],[1.9533856,43.2149846],[1.9530773,43.2150586],[1.9520829,43.2156441],[1.9516176,43.2155732],[1.9516232,43.2153221],[1.9517668,43.215083],[1.9515465,43.2149639],[1.9512268,43.2149685],[1.9511645,43.2148413],[1.9513359,43.2145792],[1.9519491,43.2143475],[1.9524408,43.2139855],[1.9534561,43.2144537]],[[1.9247966,43.2337774],[1.9249482,43.2336562],[1.9251964,43.233648],[1.9253919,43.2338719],[1.9255724,43.2344327],[1.9248977,43.234449],[1.9247966,43.2337774]],[[1.951148,43.2409236],[1.9513262,43.2409333],[1.951408,43.2410911],[1.9513369,43.2411939],[1.9500471,43.24135],[1.9500143,43.2412893],[1.951148,43.2409236]],[[2.0265298,43.1335925],[2.0264271,43.1333096],[2.0266968,43.1331716],[2.0267902,43.1336274],[2.0265298,43.1335925]],[[1.9942664,43.1371022],[1.9944407,43.1371159],[1.9943989,43.1373833],[1.9938058,43.1378254],[1.9936303,43.1378878],[1.9932632,43.1377233],[1.9932449,43.137571],[1.9942664,43.1371022]],[[1.9932135,43.1382189],[1.9931402,43.13813],[1.9933301,43.1379521],[1.9937798,43.1381478],[1.9935661,43.1382554],[1.9932135,43.1382189]],[[1.9987661,43.141396],[1.9989138,43.1413657],[1.9989342,43.1414083],[1.9987906,43.141462],[1.9987661,43.141396]],[[2.0020392,43.1507781],[2.0018536,43.1507297],[2.0019583,43.1506769],[2.0020392,43.1507781]],[[2.0020211,43.150996],[2.0020865,43.1509786],[2.0022325,43.1511348],[2.0020892,43.1512284],[2.0020104,43.1511458],[2.0020211,43.150996]],[[2.049811,43.1530161],[2.0503797,43.1528481],[2.0505382,43.1526962],[2.0506742,43.1526757],[2.0508695,43.1528177],[2.0499064,43.1531399],[2.049811,43.1530161]],[[2.0820999,43.1580736],[2.0816343,43.157821],[2.0816035,43.1577386],[2.0823927,43.1574595],[2.0829802,43.1574525],[2.0827853,43.1576347],[2.0826548,43.1582241],[2.0827273,43.1586252],[2.0829257,43.1587504],[2.0828158,43.1588346],[2.082856,43.1589793],[2.0823464,43.1591417],[2.0821264,43.1590126],[2.0822123,43.1582867],[2.0820999,43.1580736]],[[2.0365198,43.1648575],[2.0379548,43.1643443],[2.0382075,43.1643176],[2.0389855,43.1647252],[2.0392553,43.1651199],[2.037393,43.1657304],[2.0364647,43.1651051],[2.0365198,43.1648575]],[[2.0088923,43.166334],[2.0086158,43.1662942],[2.0087714,43.1659165],[2.0089322,43.1658965],[2.0090283,43.1660442],[2.0088923,43.166334]],[[2.0377169,43.1672247],[2.0380307,43.1671192],[2.0386612,43.1672633],[2.0386988,43.1673533],[2.0378159,43.1673092],[2.0377169,43.1672247]],[[2.0008802,43.1688236],[1.9998856,43.1682183],[2.00136,43.1671645],[2.0018868,43.1676753],[2.0008802,43.1688236]],[[2.0874396,43.1687819],[2.0873176,43.168824],[2.0873002,43.1687839],[2.0874021,43.1687154],[2.0874396,43.1687819]],[[2.0807897,43.18557],[2.0807736,43.1853822],[2.0809935,43.1852219],[2.0812725,43.1851827],[2.0815353,43.1854135],[2.0810954,43.1857186],[2.0807897,43.18557]],[[2.0611636,43.1869609],[2.0619379,43.1862613],[2.0621302,43.1865045],[2.0625446,43.1867381],[2.06249,43.186934],[2.0619618,43.1873978],[2.0617193,43.1874034],[2.0611809,43.18718],[2.0611636,43.1869609]],[[2.0567681,43.1896136],[2.0569051,43.1893174],[2.0570988,43.189273],[2.0570958,43.1896147],[2.0567681,43.1896136]],[[2.0580303,43.191879],[2.0583435,43.1917492],[2.0586217,43.1918281],[2.0589694,43.19214],[2.0583509,43.1923022],[2.0580303,43.191879]],[[2.0566753,43.1989043],[2.0572506,43.1987435],[2.0574912,43.1992394],[2.0569702,43.1994246],[2.0566753,43.1989043]],[[2.0661616,43.2043932],[2.066216,43.2044975],[2.0658576,43.204589],[2.0650877,43.2037363],[2.0651107,43.203639],[2.065573,43.2035012],[2.0662665,43.2042871],[2.0661616,43.2043932]],[[2.0570254,43.2075385],[2.0572311,43.2078674],[2.0563324,43.2084106],[2.0560938,43.2079808],[2.0567845,43.2075365],[2.0570254,43.2075385]],[[2.0011691,43.2180181],[2.0008983,43.218457],[2.0004613,43.2187922],[1.9992849,43.2188959],[1.9991418,43.2188509],[2.0005887,43.2178378],[2.0011691,43.2180181]],[[2.0313165,43.2186573],[2.0311901,43.2187652],[2.0309264,43.218656],[2.0306629,43.2186973],[2.0302151,43.2189155],[2.0297116,43.218717],[2.0294194,43.2186928],[2.0298637,43.2186926],[2.0303031,43.218837],[2.0305473,43.2184665],[2.030722,43.2183848],[2.0313165,43.2186573]],[[2.0371376,43.2258541],[2.0370376,43.2258196],[2.0371173,43.2257911],[2.0371376,43.2258541]],[[2.0367907,43.2258439],[2.0368702,43.2258188],[2.0368182,43.2258901],[2.0367907,43.2258439]],[[2.0829664,43.2490552],[2.0806324,43.2495051],[2.07953,43.2496294],[2.0793417,43.2495187],[2.0793555,43.248945],[2.0801448,43.2488088],[2.0810935,43.2484552],[2.0820356,43.2478615],[2.0824272,43.248061],[2.0826972,43.2484643],[2.0830551,43.2485865],[2.0831745,43.2489067],[2.0829664,43.2490552]],[[2.0771752,43.2519464],[2.0765023,43.2502507],[2.0788573,43.2498586],[2.0788358,43.2506977],[2.0771752,43.2505702],[2.0776946,43.2518445],[2.0771752,43.2519464]],[[2.049975,43.2801558],[2.0500114,43.2801745],[2.0496166,43.280265],[2.0499893,43.2801233],[2.049975,43.2801558]],[[2.0926505,43.1468122],[2.0925366,43.1467326],[2.0928491,43.1464071],[2.092931,43.1464536],[2.0928291,43.1465737],[2.0928501,43.1466801],[2.0926505,43.1468122]],[[2.0929091,43.1470872],[2.0926698,43.14686],[2.0928945,43.1467244],[2.0931457,43.1469938],[2.0929091,43.1470872]],[[2.0922418,43.1470416],[2.0924835,43.1467688],[2.0928636,43.1471198],[2.0924737,43.147267],[2.0922418,43.1470416]],[[2.1690823,43.1572292],[2.1689482,43.1578113],[2.1687685,43.1577858],[2.1687108,43.1576489],[2.1688181,43.1573495],[2.1690823,43.1572292]],[[2.0945483,43.1597096],[2.095142,43.1594943],[2.0951242,43.1596377],[2.0947881,43.1597498],[2.0945483,43.1597096]],[[2.1820763,43.1663551],[2.1824893,43.1666271],[2.1824142,43.1666642],[2.1821567,43.1665214],[2.1818295,43.1665918],[2.1816632,43.1665449],[2.1818536,43.1663121],[2.1820763,43.1663551]],[[2.1792251,43.1707019],[2.1792117,43.1704574],[2.1793699,43.1703479],[2.1795282,43.1703576],[2.1796542,43.1704926],[2.1793565,43.1707391],[2.1792251,43.1707019]],[[2.1646929,43.1735129],[2.1646902,43.17364],[2.1635261,43.1748078],[2.1631721,43.1746768],[2.1631452,43.1745829],[2.1633089,43.1742621],[2.1645185,43.1733349],[2.1646929,43.1735129]],[[2.1091551,43.1775893],[2.1092201,43.1776548],[2.109249,43.1781547],[2.1096298,43.1789702],[2.1091404,43.1790877],[2.1087561,43.179079],[2.1086329,43.1789568],[2.1089143,43.1776452],[2.1091551,43.1775893]],[[2.120334,43.1841853],[2.1193933,43.1836638],[2.1194933,43.1836306],[2.120442,43.1840527],[2.120334,43.1841853]],[[2.1531728,43.1862008],[2.1529341,43.1862321],[2.1530199,43.1861362],[2.1532077,43.1861186],[2.1531728,43.1862008]],[[2.1433906,43.1941573],[2.144494,43.1951351],[2.1444891,43.1952672],[2.1442558,43.1953214],[2.1436052,43.1950053],[2.1429368,43.1944361],[2.1433906,43.1941573]],[[2.1639553,43.2125343],[2.1652535,43.2122489],[2.1655002,43.2129448],[2.1643844,43.2131501],[2.1639553,43.2125343]],[[2.177771,43.218195],[2.1790786,43.2177692],[2.1792964,43.2179768],[2.1788259,43.2182619],[2.178921,43.2184737],[2.1785848,43.2189756],[2.177771,43.218195]],[[2.1247816,43.2237404],[2.1252644,43.2242388],[2.1253315,43.2243834],[2.1252939,43.2245144],[2.1255729,43.2248408],[2.1255487,43.224915],[2.123706,43.2245847],[2.1236712,43.2241782],[2.1237838,43.2238713],[2.1240091,43.223758],[2.1241084,43.2235332],[2.124669,43.2234629],[2.1247816,43.2237404]],[[2.146857,43.2255541],[2.1466869,43.2255535],[2.1468872,43.2254778],[2.146857,43.2255541]],[[2.1273002,43.226717],[2.1272197,43.2265489],[2.1275872,43.2263085],[2.127673,43.2260388],[2.1273109,43.2259059],[2.1267235,43.2258258],[2.1265465,43.2256694],[2.1261924,43.2250362],[2.1260852,43.2246649],[2.1285796,43.2250518],[2.128939,43.2251926],[2.12888,43.2254505],[2.1289766,43.2256851],[2.1289337,43.2261659],[2.1290141,43.2262284],[2.1290678,43.2265763],[2.1283194,43.2269261],[2.1274826,43.2268186],[2.1273002,43.226717]],[[2.1252644,43.2258375],[2.1252805,43.2259079],[2.1246153,43.226889],[2.1221799,43.2269398],[2.1219063,43.226674],[2.1217024,43.225904],[2.1217668,43.225302],[2.1218419,43.2251222],[2.1219599,43.2251183],[2.12358,43.2256186],[2.1252644,43.2258375]],[[2.1162171,43.227322],[2.1165872,43.227195],[2.1170995,43.2271481],[2.1173463,43.2273826],[2.1174589,43.2276797],[2.11626,43.2279748],[2.1157504,43.2277578],[2.1157826,43.2274921],[2.1160213,43.2274862],[2.1162171,43.227322]],[[2.1282577,43.2288199],[2.1279412,43.2284368],[2.1278232,43.2283899],[2.1275711,43.2284955],[2.1260101,43.2296915],[2.1258813,43.2296915],[2.1257847,43.2295782],[2.1256989,43.2296212],[2.1258491,43.229797],[2.1242505,43.2310673],[2.1237946,43.230055],[2.1247655,43.2282414],[2.1251142,43.2282492],[2.12542,43.2279443],[2.1257043,43.2278349],[2.1272868,43.2278935],[2.1272331,43.2277606],[2.1276516,43.2277802],[2.1291375,43.2280577],[2.1291375,43.228175],[2.1283919,43.2288472],[2.1282577,43.2288199]],[[2.1648742,43.2295932],[2.1648686,43.2298222],[2.164636,43.229814],[2.1645035,43.229663],[2.1648742,43.2295932]],[[2.1649884,43.2302546],[2.1648587,43.2302741],[2.1647586,43.229965],[2.1648122,43.2299095],[2.1649165,43.2299722],[2.1649884,43.2302546]],[[2.1649018,43.2326753],[2.1648306,43.2326264],[2.1647099,43.2317665],[2.1646898,43.2306086],[2.1650083,43.230445],[2.1652665,43.23055],[2.1659647,43.2325458],[2.1649018,43.2326753]],[[2.1178481,43.2335951],[2.117776,43.2337652],[2.1176913,43.2337858],[2.1175437,43.2335135],[2.1177703,43.2334515],[2.1178481,43.2335951]],[[2.1204606,43.2336703],[2.1204579,43.2341745],[2.1193019,43.234622],[2.1187225,43.2346923],[2.1189478,43.2341256],[2.119554,43.2339478],[2.1196827,43.2337817],[2.1199805,43.2337153],[2.1203533,43.2334475],[2.1204606,43.2336703]],[[2.1174699,43.2340866],[2.1178856,43.2340612],[2.1180814,43.2343093],[2.1180627,43.2344852],[2.1174887,43.2345184],[2.1174699,43.2340866]],[[2.1254468,43.2338618],[2.1255058,43.2337837],[2.1258151,43.2338475],[2.1259374,43.2337981],[2.1258652,43.2336742],[2.1260905,43.2336469],[2.1261656,43.2337094],[2.1268151,43.2349741],[2.1266377,43.2353157],[2.1262246,43.2354017],[2.1261013,43.2353001],[2.1260893,43.2352073],[2.1263303,43.2350424],[2.1256775,43.2343973],[2.1254468,43.2338618]],[[2.1801131,43.2354805],[2.1801377,43.2355018],[2.1796929,43.2355849],[2.1801247,43.2354503],[2.1801131,43.2354805]],[[2.1314308,43.236621],[2.1298885,43.23709],[2.1296874,43.2372815],[2.1296847,43.2375355],[2.1296149,43.2376137],[2.1290195,43.2377309],[2.1287566,43.2376684],[2.1285742,43.2374691],[2.128585,43.237305],[2.1288103,43.2364647],[2.1288103,43.2355893],[2.1290517,43.2345028],[2.1291161,43.2344598],[2.1292019,43.2345692],[2.1291268,43.2353626],[2.1298778,43.2355658],[2.1302587,43.2355033],[2.1302962,43.2354212],[2.130028,43.2351477],[2.1300119,43.2348663],[2.1297705,43.2344442],[2.129969,43.2349014],[2.1299905,43.2352004],[2.1297491,43.2352082],[2.1294406,43.2350851],[2.1294647,43.2349952],[2.1294004,43.2349601],[2.129623,43.2348291],[2.129674,43.234452],[2.1301916,43.2343054],[2.1306959,43.234366],[2.1310258,43.234919],[2.1311063,43.2353548],[2.1310419,43.2354408],[2.130653,43.2353567],[2.1303257,43.2354994],[2.1305054,43.2358042],[2.1306074,43.2365058],[2.1309534,43.2366543],[2.1312109,43.2365546],[2.1312511,43.2361149],[2.1310794,43.2356147],[2.1312135,43.2355795],[2.1316346,43.2364921],[2.1314308,43.236621]],[[2.1222094,43.2366601],[2.1222603,43.236877],[2.1218848,43.2370079],[2.1218714,43.2367989],[2.1217588,43.2366679],[2.121343,43.2366074],[2.1212921,43.2365136],[2.1217561,43.2364999],[2.1222094,43.2366601]],[[2.1272653,43.2385908],[2.1250446,43.238938],[2.1249314,43.2388597],[2.1245966,43.2382187],[2.1244103,43.2380207],[2.124504,43.2378423],[2.124458,43.2377378],[2.1240586,43.2371739],[2.1243349,43.2370282],[2.1243895,43.2368046],[2.1240469,43.2363033],[2.1252924,43.2359149],[2.1255005,43.2359239],[2.1255774,43.2361372],[2.1259242,43.2365487],[2.1258357,43.236709],[2.1259064,43.237288],[2.1260366,43.2374389],[2.1268308,43.2377364],[2.1272653,43.2385908]],[[2.1384815,43.2444954],[2.1384131,43.2449808],[2.1376857,43.2450605],[2.1374308,43.2451587],[2.1370977,43.2449759],[2.1368113,43.2443928],[2.1364492,43.2443199],[2.1360238,43.2443618],[2.1358986,43.2435194],[2.1369415,43.243412],[2.138215,43.2434717],[2.1383842,43.2436232],[2.1384815,43.2444954]],[[2.094366,43.2447155],[2.0966148,43.2441715],[2.0974166,43.2447307],[2.0974557,43.2452926],[2.0951,43.2459705],[2.094366,43.2447155]],[[2.1347424,43.2447289],[2.135311,43.2447211],[2.1356973,43.2460419],[2.133927,43.2461825],[2.1334549,43.2456198],[2.1331438,43.2456667],[2.134324,43.2475267],[2.1330794,43.2470813],[2.1329292,43.2465186],[2.1325323,43.2458543],[2.1320817,43.2454401],[2.130762,43.2453541],[2.13088,43.2443616],[2.1315774,43.2442678],[2.1315559,43.2438692],[2.1323713,43.2437051],[2.1327576,43.243752],[2.1331653,43.2435254],[2.1338197,43.243455],[2.1346029,43.2441584],[2.1345922,43.2445961],[2.1347424,43.2447289]],[[2.1386477,43.2464482],[2.1388516,43.2469171],[2.1389374,43.2470031],[2.1391734,43.2470187],[2.1393022,43.2472376],[2.1392485,43.248105],[2.1394631,43.248316],[2.1387872,43.2482613],[2.1384224,43.2481519],[2.1381113,43.2482535],[2.1380576,43.2483707],[2.136974,43.2482066],[2.136856,43.2480816],[2.1370062,43.2477065],[2.1367058,43.2474329],[2.136738,43.2471907],[2.1365663,43.2460575],[2.1368345,43.2459246],[2.1371886,43.2459403],[2.1376177,43.2462685],[2.1377036,43.2467687],[2.1379503,43.2468859],[2.1382293,43.2466202],[2.1386477,43.2464482]],[[2.1395151,43.2495483],[2.138861,43.249831],[2.1386332,43.249763],[2.1363627,43.2506238],[2.1361409,43.2506099],[2.1354705,43.2502438],[2.1352442,43.2497344],[2.1353802,43.2495951],[2.1359661,43.249452],[2.1361455,43.2492541],[2.1362398,43.2486867],[2.1365237,43.2485386],[2.1366034,43.2486513],[2.1372505,43.248648],[2.1386364,43.2488036],[2.1392505,43.2494127],[2.13946,43.2494176],[2.1395151,43.2495483]],[[2.0893256,43.250132],[2.0894156,43.2499877],[2.0897404,43.2499162],[2.0923577,43.2494715],[2.0927364,43.2500328],[2.0897835,43.2508757],[2.0893256,43.250132]],[[2.1322589,43.2515586],[2.1323325,43.2516569],[2.1321603,43.2516979],[2.1321499,43.2515785],[2.1322589,43.2515586]],[[2.1320089,43.2517755],[2.1318435,43.2517972],[2.1318277,43.2516964],[2.1319361,43.2516647],[2.1320089,43.2517755]],[[2.1076396,43.2949465],[2.1080589,43.2962756],[2.1073195,43.2962387],[2.1068342,43.2963351],[2.1061784,43.2966526],[2.1055106,43.2969168],[2.1050374,43.2969956],[2.1045758,43.2972337],[2.1041268,43.2973656],[2.10312,43.2974963],[2.1019811,43.2973257],[2.101607,43.2968822],[2.102977,43.2968673],[2.1035109,43.2967356],[2.1045552,43.2963127],[2.1065594,43.2952985],[2.1076396,43.2949465]],[[2.1040794,43.3062003],[2.102714,43.307551],[2.10257,43.3076171],[2.102094,43.3068677],[2.1030595,43.3061527],[2.1038694,43.3060145],[2.1040751,43.3060673],[2.1040794,43.3062003]],[[2.1344925,43.3186052],[2.1345803,43.3184315],[2.134862,43.3184344],[2.1350926,43.3186699],[2.135112,43.3188732],[2.1347025,43.3189998],[2.1344925,43.3186052]]],[[[1.7351160326408186,43.18581483173383],[1.7294336,43.1867364],[1.7284194,43.1867697],[1.7266383,43.1870397],[1.7239768,43.1882887],[1.7212373,43.1872851],[1.7195092,43.1862634],[1.718625,43.1862695],[1.7174612,43.1863951],[1.7163535,43.1862181],[1.7148565,43.1857048],[1.7138416,43.1858002],[1.7137125,43.185747],[1.7113479,43.186893],[1.7114409,43.1869308],[1.7114818,43.1870833],[1.7112829,43.187424],[1.7114241,43.1881395],[1.7104954,43.1888242],[1.7098215,43.189768],[1.7100698,43.1899072],[1.7095941,43.190327],[1.7094845,43.1905469],[1.7089611,43.1908581],[1.7100382,43.1916796],[1.7101711,43.1923993],[1.7104158,43.1930833],[1.7105745,43.1941891],[1.7108983,43.1940517],[1.7109934,43.1945587],[1.7096813,43.194708],[1.7089241,43.1980593],[1.7087348,43.1979978],[1.7086672,43.1981455],[1.7093363,43.1997048],[1.7107148,43.2005492],[1.7115578,43.2007516],[1.712212,43.2010215],[1.7134524,43.2011734],[1.7136125,43.2022931],[1.7138638,43.2022728],[1.7137747,43.2035385],[1.7141147,43.2048428],[1.7145339,43.2051907],[1.7143416,43.2052622],[1.714725,43.2055543],[1.715745,43.2062703],[1.7165245,43.2065985],[1.719364,43.2073922],[1.720342,43.2079525],[1.7207874,43.2080033],[1.7240706,43.211592],[1.7242716,43.2115034],[1.724659,43.2119812],[1.7254747,43.2119537],[1.725276,43.2125248],[1.7248008,43.2127252],[1.7243563,43.2136836],[1.7239021,43.2141644],[1.7232591,43.2150096],[1.7232686,43.2151121],[1.7222712,43.2162453],[1.7214693,43.2176308],[1.7215782,43.2180954],[1.7212729,43.2195204],[1.721258,43.220788],[1.7211264,43.2211316],[1.7210085,43.2225627],[1.7208201,43.2232171],[1.7235048,43.2248478],[1.7210944,43.2258768],[1.7197647,43.226238],[1.7169681,43.2274519],[1.7156456,43.2279158],[1.7162857,43.2283302],[1.7167651,43.2283087],[1.7171746,43.2286553],[1.7151441,43.2304806],[1.7119694,43.2330607],[1.7101876,43.2339841],[1.7092177,43.2346794],[1.7095,43.2358804],[1.7091527543387357,43.23744884224039],[1.7107133,43.237053],[1.7123648,43.2368507],[1.7130313,43.2368549],[1.7143818,43.2366164],[1.7155685,43.2361373],[1.7159281,43.2356411],[1.7163061,43.2347796],[1.7162535,43.2342195],[1.7160401,43.2337915],[1.7157419,43.2328417],[1.7157624,43.2325137],[1.7159845,43.2319344],[1.7171099,43.2306097],[1.7180541,43.2288931],[1.7185539,43.2284246],[1.7189778,43.2282052],[1.7193958,43.2280774],[1.720679,43.2279794],[1.7223744,43.2274981],[1.7229794,43.2272063],[1.7243416,43.2262414],[1.7245963,43.2257888],[1.7252643,43.2238524],[1.7253127,43.2231576],[1.7255354,43.2227943],[1.7259493,43.2224098],[1.7273796,43.2217255],[1.7289286,43.2216797],[1.7302331,43.2212264],[1.7339263,43.2197079],[1.735059,43.2190465],[1.7353809,43.2184786],[1.7361167,43.2159334],[1.7365378,43.2151838],[1.7379609,43.2139085],[1.7384038,43.2137075],[1.7396333,43.2134235],[1.7399164,43.21327],[1.7410346,43.2123828],[1.7412258,43.2119189],[1.7414024,43.2117742],[1.7419857,43.2116578],[1.7422447,43.2117407],[1.7425835,43.2120071],[1.7427263,43.2123687],[1.7428933,43.2134782],[1.7433193,43.2137957],[1.7447908,43.2139368],[1.7452337,43.2138327],[1.7461171,43.2131748],[1.747453,43.2115467],[1.7477604,43.2103225],[1.7477314,43.2096875],[1.7475886,43.20928],[1.7470416,43.2084244],[1.7467294,43.2077347],[1.7473054,43.2064363],[1.7472207,43.2060994],[1.7466084,43.2058542],[1.7443866,43.205766],[1.7435492,43.2056248],[1.7420874,43.2051838],[1.7401295,43.2049363],[1.7393711,43.2047252],[1.7385941,43.2043186],[1.7378938,43.2037982],[1.737164,43.2028216],[1.7364675,43.2011351],[1.7364675,43.200836],[1.7360394,43.2001843],[1.7356778,43.1999207],[1.7352608,43.1992287],[1.7349924,43.1990087],[1.7347351,43.1990443],[1.7343269,43.1988438],[1.7338522,43.1984266],[1.7336903,43.1981501],[1.7336792,43.1978137],[1.7338212,43.1975097],[1.7340763,43.1974936],[1.7350013,43.1977054],[1.7357399,43.1981598],[1.7365385,43.1979997],[1.7373548,43.1980951],[1.7380091,43.1979674],[1.7384217,43.1977879],[1.7387101,43.1974693],[1.7385925,43.1972559],[1.7376298,43.1964651],[1.7360039,43.1948706],[1.7351832,43.1942868],[1.7350944,43.1940798],[1.7348194,43.1938599],[1.7344955,43.1932535],[1.7342315,43.1929818],[1.7339609,43.1928249],[1.7338766,43.1926907],[1.7334774,43.1925791],[1.7332067,43.1922929],[1.7334152,43.1919484],[1.7343291,43.1914826],[1.7348526,43.1911123],[1.7370753,43.1890519],[1.7371285,43.1888594],[1.7370306,43.1885654],[1.7366469,43.1883551],[1.7356553,43.1873459],[1.7353958,43.1867798],[1.7353204,43.1863156],[1.7351160326408186,43.18581483173383]],[[1.7155037,43.2046746],[1.7150692,43.2048486],[1.7149244,43.2047079],[1.7143235,43.2036169],[1.7140634,43.203527],[1.7143477,43.2032396],[1.7150665,43.2032259],[1.7153455,43.2034957],[1.7155574,43.2045593],[1.7155037,43.2046746]]],[[[2.0894598,43.1399438],[2.0894308985546477,43.139929349277324],[2.0894574635530248,43.139952942945236],[2.0894598,43.1399438]]],[[[1.7365233,43.1985119],[1.7374927,43.198431],[1.737577,43.1983373],[1.7374394,43.1982273],[1.7366986,43.1981545],[1.7364612,43.1981788],[1.7362882,43.198313],[1.7365233,43.1985119]]],[[[2.1243042,43.2240883],[2.1247923,43.2243209],[2.1248272,43.2242681],[2.1244088,43.2239534],[2.1243042,43.2240883]]],[[[2.1246207,43.2297423],[2.1245027,43.2300511],[2.1246368,43.2301215],[2.124846,43.2300902],[2.1249801,43.2298322],[2.1247762,43.2296759],[2.1246207,43.2297423]]]]}},{"type":"Feature","properties":{"id":"region-lezignanaise-corbieres-et-minervois","name":"Région Lézignanaise, Corbières et Minervois","type":"island","members":["albas-11","albieres-11","argens-minervois-11","auriac-11","bouisse-11","boutenac-11","camplong-daude-11","canet-11","cascastel-des-corbieres-11","castelnau-daude-11","conilhac-corbieres-11","coustouge-11","cruscades-11","davejean-11","dernacueillette-11","escales-11","fabrezan-11","felines-termenes-11","ferrals-les-corbieres-11","fontcouverte-11","homps-11","jonquieres-11","lagrasse-11","lairiere-11","lanet-11","laroque-de-fa-11","lezignan-corbieres-11","luc-sur-orbieu-11","massac-11","montbrun-des-corbieres-11","montjoi-11","montseret-11","mouthoumet-11","moux-11","ornaisons-11","palairac-11","paraza-11","quintillan-11","ribaute-11","roquecourbe-minervois-11","roubia-11","saint-andre-de-roquelongue-11","saint-couat-daude-11","saint-laurent-de-la-cabrerisse-11","saint-martin-des-puits-11","saint-pierre-des-champs-11","salza-11","talairan-11","termes-11","thezan-des-corbieres-11","tournissan-11","tourouzelle-11","vignevieille-11","villerouge-termenes-11"]},"geometry":{"type":"MultiPolygon","coordinates":[[[[2.6050228,42.935872],[2.6056349,42.935469],[2.6063954,42.9352457],[2.6075458,42.9346398],[2.6075404,42.9343088],[2.6082699,42.9345679],[2.6087342,42.934578],[2.6094608,42.9344643],[2.6123808,42.9332033],[2.6133647,42.9330781],[2.6157684,42.9324817],[2.616332,42.9320932],[2.6166659,42.9316198],[2.6171765,42.930604],[2.6177989,42.9297434],[2.6184543,42.9284019],[2.6188851,42.9281047],[2.6194962,42.9278524],[2.6207231,42.9277956],[2.6216428,42.9275222],[2.6240576,42.9207283],[2.6242955,42.9192426],[2.6190804,42.9186016],[2.618504,42.9187359],[2.6179509,42.918268],[2.6170435,42.9172344],[2.610334,42.9163556],[2.6070429,42.9154115],[2.6000921,42.914049],[2.5946045,42.9130314],[2.5823225,42.9114383],[2.5778015,42.9078394],[2.5694945,42.9086006],[2.5634932,42.9068664],[2.5487758,42.9018071],[2.5433102,42.9015604],[2.538746,42.9017377],[2.5318443,42.9031766],[2.5302545,42.90406],[2.524688,42.905616],[2.5245038,42.9072043],[2.5233324,42.9078043],[2.5210688,42.9082734],[2.5182049,42.9079852],[2.5175408,42.9080504],[2.5164611,42.9079778],[2.509454,42.9080387],[2.5044738,42.907591],[2.5028849,42.907375],[2.4983288,42.905903],[2.4969005,42.9053467],[2.4957204,42.9053625],[2.4953771,42.9047181],[2.4939555,42.9041814],[2.4858119,42.9017854],[2.476151,42.8958628],[2.4769047,42.8982835],[2.4765853,42.8983047],[2.4763882,42.8984855],[2.4762513,42.8988406],[2.4759932,42.8989227],[2.4756124,42.8989058],[2.4753842,42.8991091],[2.4751956,42.8994868],[2.4752825,42.9001684],[2.4755585,42.9004043],[2.4761534,42.900672],[2.4762447,42.9008314],[2.4760778,42.901088],[2.4761768,42.9015577],[2.4764304,42.9019979],[2.4763771,42.9022172],[2.4762113,42.9023451],[2.4754687,42.9024855],[2.4757136,42.9027516],[2.4748922,42.903694],[2.4745779,42.9043284],[2.4742871,42.9046223],[2.4725785,42.9057499],[2.4720699,42.9062244],[2.4719127,42.9065416],[2.4712633,42.9066218],[2.470653,42.9069445],[2.4704749,42.9072919],[2.470143,42.907578],[2.4700873,42.9080622],[2.4702689,42.9085021],[2.4697847,42.9097261],[2.4696698,42.9099224],[2.4693699,42.9100648],[2.4696344,42.9104445],[2.4696449,42.9106109],[2.470022,42.9110668],[2.4701104,42.9115593],[2.4705615,42.911796],[2.4711636,42.9124346],[2.4710582,42.9127218],[2.4710658,42.9130322],[2.4707759,42.9132125],[2.4707746,42.9133639],[2.4703793,42.9138314],[2.4699048,42.91392],[2.4697795,42.9141162],[2.4702664,42.9149814],[2.4703138,42.9154661],[2.4698042,42.9160466],[2.4692765,42.9163242],[2.4685328,42.9177741],[2.4656917,42.9215155],[2.46039,42.9265591],[2.4543208,42.9325823],[2.4527938,42.9323623],[2.4501579,42.9322067],[2.4473389,42.932818],[2.4464531,42.9327273],[2.4455322,42.9325134],[2.4444201,42.9324449],[2.4441434,42.9325266],[2.4439513,42.932765],[2.4437651,42.9328505],[2.4423814,42.9332992],[2.4420062,42.9332707],[2.4414489,42.9333677],[2.4404111,42.9340872],[2.4385767,42.934846],[2.4375438,42.9350038],[2.4366684,42.9347735],[2.4358953,42.9342299],[2.4350396,42.9340565],[2.4344382,42.9340629],[2.4326121,42.9336872],[2.4309166,42.9330207],[2.4304348,42.9325388],[2.4296064,42.9321963],[2.4289972,42.9316668],[2.4277311,42.931604],[2.4268657,42.9311202],[2.4265706,42.9307834],[2.4266533,42.9301445],[2.4265344,42.9291756],[2.4265976,42.9278785],[2.4198624,42.9311264],[2.4194122,42.9314528],[2.4193048,42.9317943],[2.4188461,42.93172],[2.4185429,42.9320335],[2.418285,42.9321042],[2.4180441,42.9323146],[2.4176146,42.9323889],[2.4171892,42.9326748],[2.4163624,42.9326526],[2.4158042,42.9327218],[2.415299,42.9330253],[2.4148531,42.9335407],[2.4146443,42.9335936],[2.4141609,42.9335281],[2.4140557,42.9336446],[2.4140457,42.9340497],[2.4127027,42.9341914],[2.4122647,42.9345177],[2.4117759,42.9343802],[2.4108853,42.9346187],[2.4104264,42.9345578],[2.4101135,42.9346057],[2.4099045,42.9346856],[2.4096442,42.9349994],[2.4090528,42.9350741],[2.4086857,42.9354032],[2.4081494,42.9362153],[2.4078824,42.9369523],[2.407212,42.9372926],[2.4071041,42.9377058],[2.4074893,42.9381917],[2.4073691,42.9389804],[2.4074622,42.9392164],[2.4072767,42.9395847],[2.4074185,42.9401584],[2.4073986,42.9404193],[2.4073109,42.940527],[2.4069112,42.9406459],[2.4068936,42.9415753],[2.4068146,42.9416831],[2.4060695,42.9416728],[2.4055121,42.9419755],[2.4053088,42.9423882],[2.4054619,42.9426882],[2.4058324,42.9429002],[2.4058107,42.9433585],[2.4050578,42.944164],[2.4055983,42.9452967],[2.4058724,42.9454692],[2.406035,42.9457626],[2.4060145,42.9459831],[2.4062888,42.9461285],[2.4066391,42.9461012],[2.4070882,42.9465492],[2.4080635,42.9470854],[2.4124212,42.9570911],[2.4108123,42.959386],[2.406779,42.9640991],[2.4016194,42.9657007],[2.3981676,42.9677219],[2.398071,42.9678924],[2.3968245,42.9683734],[2.3965892,42.9686255],[2.3960866,42.9688762],[2.3951135,42.969612],[2.3946215,42.9696537],[2.3938764,42.9700044],[2.3937686,42.9704472],[2.3931046,42.9704373],[2.3921601,42.9709108],[2.3918425,42.9709628],[2.3915215,42.9707417],[2.3911189,42.970753],[2.3896879,42.9711573],[2.3888512,42.9712872],[2.386777,42.9719837],[2.3863495,42.9720396],[2.3860818,42.9719844],[2.394123,42.9797285],[2.4044738,42.9841527],[2.4081862,42.9862573],[2.4149507,42.9904461],[2.4272071,43.0002006],[2.4316293,43.0079204],[2.4336288,43.022584],[2.4453996,43.0226909],[2.452306,43.0203878],[2.4521897,43.021007],[2.455891,43.0311704],[2.4636356,43.0309927],[2.4658687,43.0310265],[2.4680483,43.0313076],[2.4714527,43.0311634],[2.4723289,43.0313285],[2.4743577,43.0319381],[2.4756814,43.0326516],[2.4761692,43.0331615],[2.477145,43.033483],[2.4777285,43.0339826],[2.478045,43.0341253],[2.4792117,43.0342297],[2.4819415,43.0347223],[2.4829021,43.0349668],[2.483228,43.0351306],[2.4836472,43.0356551],[2.4840702,43.0357206],[2.4850625,43.0356262],[2.488408,43.0350197],[2.489245,43.03508],[2.489448,43.0349679],[2.4895826,43.0349967],[2.4889092,43.0372605],[2.4876699,43.0404257],[2.4817234,43.0446218],[2.4807692,43.0470425],[2.4801664,43.0482832],[2.4801988,43.048478],[2.4803818,43.0485688],[2.4813279,43.048608],[2.4863269,43.0492297],[2.4907254,43.0488493],[2.4929195,43.0492967],[2.4987032,43.0452377],[2.4959998,43.0435838],[2.492525,43.0396411],[2.4913885,43.036046],[2.4905335,43.0344562],[2.4906621,43.0343444],[2.4961302,43.0338754],[2.4985858,43.0343856],[2.5013006,43.0344287],[2.5035457,43.0346632],[2.505996,43.0347925],[2.5099717,43.0348219],[2.5157564,43.0336862],[2.5300988,43.0337791],[2.534263,43.03392],[2.5365607,43.0338394],[2.5377545,43.0339191],[2.5397428,43.0342567],[2.5402227,43.0342511],[2.5405889,43.0344248],[2.542141,43.0343786],[2.5435453,43.0350058],[2.5441385,43.0348509],[2.5452707,43.0349977],[2.5460482,43.0347836],[2.5468236,43.0348466],[2.5482789,43.034081],[2.5487379,43.0341427],[2.5491347,43.034324],[2.5506461,43.0342625],[2.5518299,43.0343271],[2.5521469,43.0342534],[2.5524222,43.0343069],[2.5534105,43.0346077],[2.5540302,43.0353045],[2.5651597,43.0493437],[2.5753735,43.0476868],[2.5746564,43.0555328],[2.5780576,43.0656004],[2.5831256,43.0665771],[2.58236,43.0711264],[2.5817263,43.0720381],[2.5814771,43.0722551],[2.5813299,43.0732655],[2.5809802,43.0736879],[2.5795765,43.0748935],[2.5794091,43.0752258],[2.5791874,43.076254],[2.579554,43.0769818],[2.5795361,43.0771814],[2.5794767,43.0774173],[2.5791275,43.0777671],[2.5789015,43.0782142],[2.5720712,43.0829901],[2.5694655,43.0813406],[2.5618133,43.0864239],[2.5601776,43.0872593],[2.5538324,43.0899037],[2.5526983,43.0893161],[2.5520475,43.0892472],[2.5492468,43.0894891],[2.5484024,43.0894607],[2.5477914,43.0891799],[2.5476271,43.0892172],[2.5476951,43.089363],[2.5473056,43.0894944],[2.5472678,43.0899309],[2.5467848,43.089872],[2.5462656,43.0900218],[2.5446769,43.0900282],[2.5443676,43.0898118],[2.5441002,43.0897791],[2.5435729,43.0898656],[2.5414073,43.0896544],[2.541165,43.0897294],[2.5404916,43.0897204],[2.5393564,43.09026],[2.5408403,43.0915822],[2.5414385,43.0912619],[2.5419645,43.0925106],[2.5426898,43.0936716],[2.5427476,43.0940325],[2.543269,43.0947496],[2.5436497,43.0981367],[2.5468929,43.0998138],[2.5500081,43.0990295],[2.5505198,43.0988302],[2.5509539,43.0985155],[2.5515177,43.0983356],[2.5518725,43.098126],[2.5521095,43.097916],[2.5522833,43.0974086],[2.5527319,43.0968926],[2.5532038,43.0967603],[2.553417,43.0962242],[2.5536807,43.0959472],[2.5537212,43.0957652],[2.5548851,43.0958273],[2.5553086,43.0955794],[2.5558218,43.0954439],[2.5561698,43.0954679],[2.5568143,43.0959522],[2.5566578,43.0955451],[2.5559961,43.0949277],[2.5559506,43.094678],[2.5560478,43.0943041],[2.5565547,43.0935297],[2.5569433,43.0934203],[2.5572673,43.0930819],[2.5574374,43.0917795],[2.5575522,43.0915997],[2.5590952,43.0913977],[2.5591265,43.0923197],[2.5599814,43.093127],[2.5601766,43.0935991],[2.5603932,43.0937316],[2.5604202,43.0939189],[2.5607394,43.0942528],[2.5609474,43.0942675],[2.5615507,43.094554],[2.5615404,43.0946648],[2.5620125,43.0947775],[2.5621818,43.0949168],[2.5624654,43.0949387],[2.5625777,43.0950985],[2.5631339,43.095364],[2.5637291,43.0954495],[2.5740416,43.1018443],[2.5747811,43.10297],[2.589331,43.1127584],[2.5906901,43.1136062],[2.5906078,43.1139196],[2.5906017,43.1148312],[2.5907749,43.1149495],[2.5911627,43.1149704],[2.5927958,43.1155477],[2.5937539,43.1163451],[2.5993253,43.1196583],[2.6016161,43.1213327],[2.6051715,43.1243383],[2.6118824,43.123332],[2.6120143,43.1236363],[2.6119325,43.1238713],[2.6113834,43.1239381],[2.6105917,43.1242785],[2.610052,43.1249726],[2.6097427,43.1252166],[2.6080644,43.1260833],[2.6076038,43.1269541],[2.6075725,43.1276696],[2.6078515,43.1282756],[2.6075744,43.1286975],[2.6072618,43.1287519],[2.6069899,43.1289165],[2.607215,43.1289808],[2.6074782,43.1289094],[2.6074112,43.1292002],[2.6077429,43.1295537],[2.6077804,43.1299704],[2.6082813,43.1301339],[2.6086672,43.1304832],[2.6088251,43.1309003],[2.6093757,43.131657],[2.6101307,43.1318507],[2.6110828,43.1326136],[2.6170911,43.1458061],[2.6269031,43.1467941],[2.6224178,43.1505482],[2.6249245,43.1565227],[2.6249742,43.1644752],[2.6277332,43.1722318],[2.6256202,43.1753737],[2.6284119,43.1766956],[2.6339472,43.1780974],[2.6336581,43.1787853],[2.6337876,43.178792],[2.6335866,43.1791958],[2.6335759,43.1795371],[2.6333307,43.1801114],[2.63339,43.1803075],[2.6329327,43.1821096],[2.6316653,43.1840334],[2.6311614,43.1852543],[2.6311011,43.1855704],[2.631196,43.1863017],[2.6308788,43.1875659],[2.6310209,43.1882332],[2.6307106,43.1883391],[2.6309767,43.1887845],[2.6311455,43.1888919],[2.6308606,43.1896348],[2.6307795,43.1934089],[2.6303122,43.1933946],[2.630727,43.1943663],[2.6283561,43.1951537],[2.6278477,43.1951777],[2.6262683,43.1974124],[2.625884,43.1985053],[2.625834,43.1987382],[2.6259285,43.1989569],[2.6268769,43.1994932],[2.6275399,43.2002775],[2.627731,43.2007138],[2.6277832,43.2011955],[2.6274756,43.201554],[2.6271121,43.2017119],[2.6267882,43.201793],[2.6266425,43.201589],[2.6264332,43.201637],[2.6265138,43.201801],[2.6261409,43.2020684],[2.6260558,43.2030578],[2.6262156,43.2041087],[2.626245,43.2050394],[2.6265965,43.2065314],[2.6266613,43.2075606],[2.6265355,43.2083785],[2.6261985,43.2088685],[2.6245974,43.2100516],[2.6235174,43.2106566],[2.6213512,43.2116038],[2.6205105,43.2121826],[2.6203572,43.2124823],[2.6203955,43.2131794],[2.620618,43.213803],[2.620782,43.2147224],[2.6210898,43.2154407],[2.6213602,43.2156299],[2.6225644,43.2159225],[2.6231296,43.2162058],[2.6247389,43.2177275],[2.6276401,43.2221659],[2.629007,43.223064],[2.6300174,43.223503],[2.6308942,43.2241797],[2.6321072,43.2248737],[2.6331498,43.225173],[2.6350347,43.2251887],[2.6355813,43.2251072],[2.6374312,43.2244829],[2.6397993,43.2231532],[2.6423106,43.2221996],[2.6443154,43.2210302],[2.6459009,43.2203402],[2.6465198,43.2202231],[2.6475082,43.2203832],[2.6480211,43.220599],[2.6489264,43.2216108],[2.6505131,43.2229816],[2.6509447,43.223773],[2.6519309,43.2243186],[2.6527234,43.2245828],[2.6558826,43.2250757],[2.656782,43.2255037],[2.6576219,43.2260701],[2.6580954,43.2267167],[2.6585351,43.2275687],[2.6585847,43.2280563],[2.6587517,43.2285825],[2.6589522,43.2289559],[2.6594392,43.2295308],[2.6605711,43.2316848],[2.6617989,43.2330313],[2.6622552,43.2332573],[2.6627434,43.2336362],[2.6631655,43.2341345],[2.6647908,43.236935],[2.665062,43.237538],[2.6653892,43.2386764],[2.6654105,43.2395605],[2.6653926,43.2404542],[2.6649123,43.2422163],[2.6654475,43.2435798],[2.6661631,43.2442175],[2.669423,43.244638],[2.6698807,43.2446154],[2.6728786,43.2439071],[2.673578,43.2439186],[2.6742298,43.2442789],[2.6752252,43.2451945],[2.6759095,43.2455931],[2.6776389,43.2461763],[2.6780952,43.2464261],[2.6802445,43.2479853],[2.6845521,43.2506734],[2.6863062,43.2513621],[2.6882518,43.2529409],[2.6894903,43.2532825],[2.690324,43.2536276],[2.6910095,43.2540428],[2.6917536,43.2543314],[2.6946878,43.2548606],[2.6966548,43.2547672],[2.6977148,43.2548404],[2.6984919,43.2549458],[2.7001416,43.2553447],[2.7008653,43.2558492],[2.7013641,43.2563531],[2.7020282,43.2572426],[2.702598,43.2576809],[2.7041176,43.2584364],[2.7057084,43.2590605],[2.7064786,43.2592832],[2.7078665,43.2593572],[2.7099361,43.2593296],[2.711118,43.2594735],[2.7132945,43.2599533],[2.7160568,43.260242],[2.7179204,43.2602842],[2.7200983,43.2604915],[2.7222109,43.2609147],[2.7228926,43.260813],[2.7233501,43.260551],[2.7249146,43.2599348],[2.7258723,43.259923],[2.7273492,43.2602271],[2.7281771,43.2604968],[2.7324215,43.2613992],[2.7362924,43.262763],[2.7365048,43.2629708],[2.7369086,43.2631378],[2.7369216,43.2632873],[2.7401434,43.2644706],[2.740712,43.2645124],[2.7422196,43.2641298],[2.7427767,43.2637304],[2.7432955682529263,43.26348016508012],[2.7435549,43.2629085],[2.7434573,43.2626471],[2.7437243,43.2623209],[2.7442096,43.2611812],[2.7447719,43.2603573],[2.745111,43.260168],[2.7453811,43.2601488],[2.7459679,43.2597066],[2.7462299,43.2596963],[2.7469548,43.2594272],[2.7499912,43.2573114],[2.7512547,43.2560942],[2.7520553,43.2550675],[2.7527014,43.2538189],[2.7531896,43.2517818],[2.7543038,43.2502654],[2.7549757,43.2500144],[2.7559406,43.2486277],[2.7563081,43.2482972],[2.7571754,43.2478078],[2.7582781,43.2470401],[2.7604318,43.245965],[2.7609113,43.2456178],[2.7612502,43.2451869],[2.7613162,43.244871],[2.7612157,43.2442581],[2.7612358,43.2436285],[2.7608539,43.2434214],[2.7599334,43.2424182],[2.7595006,43.2412512],[2.7596748,43.2407435],[2.7598463,43.2406022],[2.7604337,43.240508],[2.7605264,43.2403565],[2.7615775,43.239986],[2.7625865,43.2391424],[2.7626062,43.2387288],[2.7628872,43.2383562],[2.7635814,43.2377378],[2.7646354,43.2370089],[2.7650878,43.2368062],[2.7659732,43.2362288],[2.7664088,43.2357865],[2.7664762,43.2354405],[2.7666955,43.2352276],[2.7670805,43.2350064],[2.7698629,43.2339847],[2.7710433,43.2337307],[2.775096,43.2338188],[2.7765624,43.2339312],[2.7774028,43.234048],[2.7804746,43.2347626],[2.7827399,43.2356226],[2.783184,43.2359297],[2.7848169,43.2382106],[2.7850501,43.2384522],[2.7855223,43.2386324],[2.7858849,43.2386508],[2.787099,43.2381861],[2.7894992,43.2369535],[2.791073,43.2365562],[2.7915536,43.236587],[2.7931781,43.2370927],[2.7945272,43.2377929],[2.795137,43.2377868],[2.7971128,43.238182],[2.7989425,43.2383069],[2.8007243,43.2381861],[2.803072,43.2376768],[2.804311,43.2373034],[2.8056729,43.2365565],[2.8065369,43.2363645],[2.8076412,43.2364306],[2.8105641,43.237229],[2.8116448,43.2373207],[2.8142018,43.2373378],[2.8147481,43.2374357],[2.8174227,43.2386191],[2.8184352,43.2394598],[2.81908,43.240632],[2.8196736,43.2414772],[2.8200744,43.2424781],[2.8202462,43.2433342],[2.8204029,43.2436525],[2.820665,43.243861],[2.8209121,43.2439291],[2.821334,43.2437535],[2.8228497,43.2438544],[2.8233439,43.2437798],[2.8246004,43.2434089],[2.8259082,43.2428008],[2.8267097,43.2425374],[2.8288914,43.2422301],[2.8307687,43.2422542],[2.8312599,43.2423486],[2.8314979,43.2425923],[2.8324923,43.2429501],[2.8330933,43.2427247],[2.8335031,43.2423998],[2.8340516,43.2422089],[2.8351725,43.2420223],[2.835965,43.2417633],[2.8374596,43.2410564],[2.8374867,43.2408962],[2.8368208,43.2395132],[2.8366973,43.2391005],[2.8366882,43.2387142],[2.8368148,43.2382883],[2.8372065,43.2379283],[2.8378212,43.2375375],[2.8385384,43.2373839],[2.8408044,43.2381698],[2.841621,43.2386351],[2.8427811,43.2389908],[2.8448875,43.2393332],[2.8452084,43.2394605],[2.8453169,43.2396581],[2.8454841,43.2397273],[2.8457342,43.2396932],[2.8463309,43.2402867],[2.8468281,43.2404821],[2.8480847,43.2418014],[2.8505887,43.2438757],[2.8515259,43.2442752],[2.8518242,43.2442181],[2.8522069,43.2439196],[2.8532947,43.242956],[2.8536997,43.2424922],[2.8545012,43.2405288],[2.8549276,43.2398231],[2.8585415,43.2374967],[2.861619702309702,43.2358601911733],[2.860843,43.233823],[2.8580114,43.2275591],[2.8556728,43.2217977],[2.8556554,43.2215826],[2.853343,43.217694],[2.853136,43.217521],[2.852785,43.216869],[2.851163,43.215849],[2.84626,43.209983],[2.842293,43.205815],[2.842434,43.204814],[2.842569,43.204376],[2.843484,43.203202],[2.844227,43.203125],[2.845323,43.203206],[2.845613,43.203118],[2.845835,43.202921],[2.845909,43.20262],[2.845776,43.201924],[2.845447,43.201036],[2.847809,43.200396],[2.848238,43.200181],[2.848574,43.199889],[2.8479076,43.199712],[2.8470459,43.1990804],[2.8467701,43.1987457],[2.8476667,43.1976431],[2.852557,43.1963043],[2.8523928,43.1959692],[2.8629981,43.1911809],[2.860561,43.186815],[2.857739,43.182792],[2.861351,43.181691],[2.862861,43.179832],[2.862872,43.179733],[2.862557,43.179615],[2.861997,43.179569],[2.860926,43.179579],[2.860615,43.179314],[2.860261,43.179212],[2.859923,43.179267],[2.859129,43.178834],[2.85793,43.178704],[2.857272,43.178426],[2.855703,43.178244],[2.854537,43.177757],[2.85441,43.17758],[2.854014,43.177587],[2.853221,43.177308],[2.85145,43.17693],[2.850836,43.176622],[2.850284,43.176512],[2.849095,43.176005],[2.847357,43.175676],[2.845735,43.175215],[2.845357,43.175191],[2.845118,43.174969],[2.844586,43.174786],[2.844238,43.17441],[2.84405,43.174358],[2.843642,43.174445],[2.843079,43.174127],[2.842766,43.174108],[2.842489,43.173818],[2.842422,43.173663],[2.843305,43.172665],[2.843446,43.17246],[2.843471,43.172258],[2.843343,43.17206],[2.843062,43.171859],[2.841167,43.171148],[2.840698,43.170705],[2.840133,43.169294],[2.840301,43.168809],[2.840791,43.168033],[2.840742,43.167685],[2.840362,43.16682],[2.835892,43.163485],[2.835618,43.163062],[2.835653,43.16226],[2.836018,43.16171],[2.836733,43.160981],[2.837589,43.160381],[2.838093,43.1595],[2.838333,43.159225],[2.840035,43.157738],[2.840705,43.157394],[2.841141,43.156848],[2.841211,43.156478],[2.841062,43.156257],[2.840363,43.155857],[2.838661,43.155296],[2.837136,43.154586],[2.83718,43.154329],[2.837332,43.15407],[2.838437,43.152598],[2.838669,43.151732],[2.838609,43.151172],[2.83734,43.149599],[2.837117,43.149094],[2.837187,43.148747],[2.837581,43.148138],[2.837757,43.147439],[2.837733,43.147234],[2.836172,43.145334],[2.835594,43.145094],[2.834383,43.144839],[2.834095,43.144661],[2.833888,43.144382],[2.833829,43.144065],[2.833887,43.143874],[2.834344,43.143267],[2.834976,43.142812],[2.835125,43.142463],[2.835644,43.141701],[2.835764,43.141221],[2.835045,43.139614],[2.834933,43.139107],[2.834245,43.138233],[2.833733,43.137237],[2.833472,43.136403],[2.833031,43.135963],[2.83249,43.135646],[2.831494,43.134692],[2.831829,43.134337],[2.832376,43.134564],[2.832888,43.134356],[2.832848,43.133409],[2.833373,43.133055],[2.83339,43.132771],[2.833316,43.132644],[2.833863,43.132189],[2.834146,43.131589],[2.834739,43.131155],[2.834739,43.130767],[2.835435,43.130364],[2.835024,43.129915],[2.835373,43.129596],[2.836461,43.129475],[2.836394,43.12921],[2.837753,43.128633],[2.83802,43.128794],[2.838631,43.128701],[2.8419714,43.1278028],[2.8419136,43.1275382],[2.8498119,43.1282671],[2.849663,43.128428],[2.851966,43.130156],[2.854306,43.131102],[2.854183,43.129917],[2.8544165,43.1286812],[2.854465,43.128631],[2.855365,43.128709],[2.857937,43.127015],[2.857979,43.126519],[2.857971,43.125942],[2.857417,43.126136],[2.856284,43.124585],[2.856535,43.124509],[2.855704,43.123032],[2.856151,43.122875],[2.855908,43.122195],[2.855679,43.120825],[2.855841,43.120782],[2.8559,43.120422],[2.856118,43.120102],[2.857296,43.119001],[2.857673,43.118431],[2.857101,43.118501],[2.856139,43.118757],[2.855753,43.118748],[2.854933,43.117773],[2.855385,43.117541],[2.854942,43.116978],[2.854626,43.115882],[2.854828,43.115857],[2.854929,43.115547],[2.855246,43.115621],[2.855405,43.115297],[2.855642,43.115378],[2.85656,43.114413],[2.856381,43.11426],[2.85661,43.114025],[2.856699,43.113701],[2.856922,43.113851],[2.857325,43.113347],[2.857116,43.113136],[2.857177,43.112514],[2.85828,43.112177],[2.85812,43.111617],[2.859024,43.111132],[2.85987,43.110837],[2.860386,43.110773],[2.861627,43.109972],[2.862807,43.10707],[2.862961,43.106424],[2.863545,43.105554],[2.863902,43.105255],[2.863874,43.10487],[2.864068,43.104701],[2.864707,43.104501],[2.865278,43.104217],[2.865458,43.103668],[2.865388,43.103035],[2.865469,43.102386],[2.865308,43.101881],[2.865309,43.101356],[2.865406,43.101198],[2.865906,43.101034],[2.866144,43.100835],[2.866012,43.100404],[2.866271,43.099948],[2.866049,43.099316],[2.865937,43.098705],[2.866075,43.098272],[2.865923,43.096481],[2.867636,43.095921],[2.87062,43.096877],[2.872667,43.097044],[2.872813,43.096904],[2.874117,43.096305],[2.877051,43.096352],[2.882142,43.096773],[2.8825997,43.097065],[2.8849175,43.0955857],[2.8904679,43.0957859],[2.8915405,43.095303],[2.8918859,43.0934923],[2.8908164,43.0917127],[2.8916466,43.0889349],[2.8913614,43.0865484],[2.8911012,43.0832935],[2.8897069,43.0793547],[2.8870418,43.0790259],[2.8823548,43.0778847],[2.8750502,43.0745214],[2.8700962,43.0733055],[2.8685331,43.0630906],[2.8675011,43.061071],[2.8615852,43.0573746],[2.8585224,43.0540778],[2.8521172,43.055183],[2.8466444,43.0557717],[2.842699,43.0551434],[2.8379663,43.0513747],[2.8352938,43.0545273],[2.8337654,43.056125],[2.8330262,43.0663298],[2.8083244,43.0654798],[2.7905357,43.065684],[2.7818435,43.0671743],[2.7620664,43.0694532],[2.7635275,43.0645156],[2.7659972,43.0596544],[2.7646719,43.0536454],[2.7604998,43.0442155],[2.7598063,43.0428999],[2.7596805,43.0421118],[2.7589374,43.0418793],[2.7585668,43.0415663],[2.75846,43.0413516],[2.7580291,43.0410113],[2.7573375,43.0399495],[2.7566439,43.0391458],[2.756077,43.0387084],[2.756017,43.0385363],[2.7553588,43.0384784],[2.754762,43.0379334],[2.7543521,43.0378952],[2.7545995,43.0375997],[2.7558705,43.0368476],[2.7561717,43.0360628],[2.7566334,43.0355967],[2.7567053,43.0345587],[2.7567908,43.0340432],[2.7570154,43.0336288],[2.7569931,43.0332588],[2.7570789,43.0327941],[2.7567935,43.0318453],[2.7568159,43.0315345],[2.7562539,43.0305867],[2.756098,43.0299153],[2.7558566,43.0295206],[2.7554924,43.0292248],[2.7552727,43.0285231],[2.7547127,43.0283135],[2.7541868,43.027721],[2.7522738,43.0271381],[2.7518917,43.0269054],[2.7516912,43.0263162],[2.7512974,43.026169],[2.7514056,43.0258309],[2.7513613,43.0256374],[2.751188,43.0254354],[2.751205,43.024323],[2.750868,43.0241866],[2.7511096,43.0234094],[2.751426,43.0231502],[2.7513608,43.022796],[2.7516372,43.0222138],[2.7713702,43.0166131],[2.7714872,43.0164971],[2.7727312,43.0161959],[2.7733267,43.0161426],[2.7736783,43.0160028],[2.7739447,43.0157722],[2.7784663,43.0101919],[2.777784,43.0039598],[2.7837161,42.9982963],[2.7883827,42.993628],[2.7883286979563393,42.993404248701616],[2.788145045445729,42.99325916016245],[2.78716,42.9933137],[2.7868245,42.99359],[2.7856144,42.9938899],[2.7853292,42.9941633],[2.784819,42.9941271],[2.7842069,42.9944188],[2.7836228,42.9945836],[2.783165,42.9945888],[2.7821465,42.9947843],[2.7815875,42.9952034],[2.7813035,42.9952087],[2.7809914,42.995583],[2.7807855,42.9953767],[2.7796949,42.9955384],[2.779412,42.9956926],[2.7789191,42.9956478],[2.7781008,42.9961411],[2.7780934,42.9959054],[2.7775098,42.9955044],[2.7770321,42.9949992],[2.7769496,42.9943283],[2.7771193,42.9940868],[2.7770341,42.9938336],[2.7768122,42.9936142],[2.7763136,42.9927781],[2.7762296,42.9923871],[2.776072,42.9922218],[2.7759823,42.9915174],[2.776114,42.9912921],[2.7761514,42.9907982],[2.7759304,42.9904765],[2.7755988,42.9903305],[2.7756979,42.9898193],[2.774061,42.9902103],[2.7736496,42.9901605],[2.7736433,42.9900036],[2.7732842,42.9899888],[2.7731903,42.990271],[2.77309,42.9902546],[2.77298,42.9899857],[2.772974,42.989678],[2.7722242,42.9896205],[2.7717495,42.9897209],[2.7713865,42.9895402],[2.7714639,42.9883686],[2.7713308,42.9878239],[2.7709625,42.9874454],[2.770631,42.9873253],[2.7706699,42.9869838],[2.7700878,42.9860823],[2.7703471,42.9852023],[2.7703142,42.9849369],[2.7706221,42.9846398],[2.7707624,42.9840248],[2.7707885,42.983342],[2.7703322,42.9831162],[2.7703295,42.9827369],[2.7707072,42.9820906],[2.7710372,42.9820059],[2.771303,42.9816104],[2.7711767,42.9812846],[2.772049,42.980462],[2.7720257,42.9800904],[2.7714971,42.9798648],[2.7716682,42.9792749],[2.7710688,42.9792815],[2.7692731,42.9796553],[2.7675963,42.9803231],[2.7661779,42.9810068],[2.7651809,42.9817667],[2.7648966,42.9815589],[2.7641135,42.9821776],[2.7639596,42.9813666],[2.7640118,42.981079],[2.7646045,42.9807311],[2.7649358,42.9804307],[2.7648498,42.9798834],[2.7649206,42.9796064],[2.764826,42.9793203],[2.7648733,42.978506],[2.76287,42.9785081],[2.762213,42.9786645],[2.7609775,42.9787112],[2.7605495,42.9786318],[2.7603766,42.9784833],[2.7600993,42.9776098],[2.7599059,42.9773726],[2.7590843,42.9771281],[2.7586596,42.9766573],[2.7585643,42.9759597],[2.7587953,42.9753434],[2.7597909,42.9737604],[2.7603793,42.9729925],[2.7605574,42.9725823],[2.7610183,42.9722084],[2.7616542,42.9720199],[2.7619908,42.9714922],[2.7623758,42.9711504],[2.7625799,42.97082],[2.7624023,42.9702836],[2.7621531,42.9698485],[2.7618028,42.9694723],[2.7608112,42.9685818],[2.7599329,42.968282],[2.7593103,42.9682844],[2.7585635,42.9681489],[2.7580859,42.9681826],[2.7573799,42.9676642],[2.7558573,42.9673614],[2.753803,42.966614],[2.7533371,42.9662488],[2.7522557,42.9658753],[2.7520586,42.9656368],[2.7513338,42.9653565],[2.7510432,42.964962],[2.7510359,42.9646257],[2.7515395,42.9634315],[2.7502022,42.9629993],[2.7497847,42.962718],[2.7491699,42.9625129],[2.7486091,42.9618928],[2.7479625,42.9613506],[2.7468049,42.9605977],[2.7461096,42.9597112],[2.7456161,42.95953],[2.7451412,42.9595318],[2.7447291,42.9593971],[2.7440845,42.9589679],[2.7438102,42.9585568],[2.7428119,42.9581284],[2.7422917,42.9574656],[2.7419654,42.9573936],[2.7423962,42.9568603],[2.7423848,42.9563576],[2.7420547,42.9558646],[2.7421248,42.955512],[2.7423402,42.9552587],[2.7422013,42.954774],[2.7422631,42.9545478],[2.7406961,42.9543208],[2.7402622,42.9543888],[2.7396735,42.9542979],[2.7389657,42.954008],[2.7383825,42.9533852],[2.7379561,42.9536392],[2.7369093,42.9536497],[2.7361871,42.9539182],[2.7359788,42.9538857],[2.734353,42.9529542],[2.7340365,42.9529952],[2.7330677,42.9528923],[2.7328498,42.9527867],[2.7324065,42.9528016],[2.7320059,42.9524241],[2.7306222,42.9525287],[2.7301773,42.9522976],[2.7297973,42.9523056],[2.7292334,42.9518622],[2.7286903,42.9518242],[2.7278917,42.9514681],[2.7276113,42.9514757],[2.7271032,42.9512582],[2.7267185,42.9509064],[2.7265084,42.9501801],[2.7262938,42.9499524],[2.7253926,42.9493712],[2.7251244,42.9485467],[2.7251673,42.9484446],[2.7254891,42.9483425],[2.7251887,42.9472352],[2.7248025,42.9467797],[2.7243626,42.9466226],[2.7238691,42.9463006],[2.7229786,42.9455388],[2.722131,42.9453425],[2.7212298,42.9448477],[2.7198308,42.9442493],[2.7184486,42.9416633],[2.7178747,42.9412873],[2.7176931,42.9406592],[2.7173944,42.9400764],[2.7170923,42.9388595],[2.7166587,42.9389185],[2.7157006,42.9387389],[2.7152994,42.9384408],[2.7154112,42.9380415],[2.7158096,42.9377882],[2.7159934,42.9374727],[2.7155721,42.9363509],[2.715497,42.9357633],[2.7158363,42.9351953],[2.7158758,42.9346598],[2.715587,42.9341674],[2.714241,42.9336786],[2.7138804,42.9334161],[2.7138056,42.9325963],[2.7133472,42.9318033],[2.7135181,42.9312389],[2.7090564,42.9333574],[2.708345,42.9338321],[2.7074617,42.9342339],[2.7065631,42.9344783],[2.7055773,42.9344711],[2.7049358,42.9346936],[2.7039961,42.9352216],[2.7029875,42.9361696],[2.7016221,42.9371923],[2.7009376,42.9374044],[2.70028,42.9373436],[2.6988322,42.9365255],[2.6985396,42.9364549],[2.6967072,42.9369066],[2.6961906,42.9369495],[2.694928,42.936882],[2.6938556,42.9372384],[2.6935242,42.9372562],[2.6922587,42.9377893],[2.690604,42.938248],[2.6904334,42.9383913],[2.6899428,42.938544],[2.6895672,42.9388055],[2.6892723,42.9392011],[2.6891496,42.9397222],[2.6890508,42.9408029],[2.6891374,42.9416153],[2.6892802,42.9420233],[2.688656,42.9433797],[2.6880957,42.9436394],[2.6870916,42.9437572],[2.6860222,42.9435858],[2.6853764,42.9432906],[2.6845574,42.9433048],[2.6843819,42.9429884],[2.6837318,42.9424856],[2.6809734,42.9398558],[2.6694803,42.9312833],[2.6637078,42.9327955],[2.6497526,42.9348136],[2.6494798,42.9350443],[2.6500191,42.9388336],[2.6264626,42.9479913],[2.6083701,42.9412735],[2.6016557,42.9375723],[2.6026657,42.9369548],[2.6031371,42.9368655],[2.6036503,42.9363543],[2.6041989,42.9360681],[2.6050228,42.935872]],[[2.4416149,42.9447242],[2.4417771,42.9446918],[2.4418496,42.9445848],[2.4420829,42.9446137],[2.4420675,42.9449495],[2.4416752,42.9450673],[2.441757,42.9449092],[2.4416149,42.9447242]],[[2.4423317,42.9446633],[2.4428279,42.9447516],[2.4432544,42.9447143],[2.4439813,42.9449244],[2.4446974,42.9450029],[2.4447806,42.9452071],[2.4446277,42.945374],[2.4442522,42.9454388],[2.4422942,42.9450442],[2.4423317,42.9446633]],[[2.4464697,42.9482165],[2.446526,42.9483696],[2.4464697,42.9484442],[2.4460351,42.9485169],[2.4454772,42.9487407],[2.4453431,42.9485993],[2.4460083,42.948187],[2.4464697,42.9482165]],[[2.4503282,42.9485982],[2.4507404,42.9490162],[2.4507776,42.9491433],[2.4500806,42.9494502],[2.4498329,42.9492492],[2.4501643,42.948675],[2.4503282,42.9485982]],[[2.4194558,42.9512526],[2.4193069,42.9512556],[2.4191299,42.9511044],[2.4193163,42.9509405],[2.4195966,42.9510416],[2.4194558,42.9512526]],[[2.4478107,42.9836834],[2.4479164,42.9839245],[2.4470273,42.9839899],[2.447015,42.9839233],[2.4472836,42.9837821],[2.4472844,42.9836966],[2.4470144,42.9835085],[2.4478107,42.9836834]],[[2.4455097,42.9841329],[2.4457793,42.9841184],[2.4457824,42.9842562],[2.4455296,42.9843183],[2.4455097,42.9841329]],[[2.4400905,43.0083797],[2.4400313,43.0076564],[2.4408111,43.008576],[2.4408441,43.0088917],[2.4405453,43.0089165],[2.4400905,43.0083797]],[[2.5953359,42.9215036],[2.5953141,42.9215099],[2.5953324,42.921494],[2.5953359,42.9215036]],[[2.5831303,42.9218521],[2.5832982,42.9217011],[2.5841476,42.9223823],[2.5841032,42.9224823],[2.58357,42.9227624],[2.5834717,42.9227123],[2.5831303,42.9218521]],[[2.5562112,42.950691],[2.5565556,42.9510092],[2.5564048,42.9510773],[2.5560348,42.9507518],[2.5562112,42.950691]],[[2.603809,42.9559923],[2.6033735,42.9561316],[2.6032303,42.9558667],[2.6033504,42.9557528],[2.6036682,42.9556992],[2.603833,42.9559047],[2.603809,42.9559923]],[[2.5530661,42.9686659],[2.5534933,42.9688863],[2.5534897,42.9689825],[2.5531347,42.9690599],[2.5530609,42.9689743],[2.5530661,42.9686659]],[[2.5244534,43.0048182],[2.5245077,43.0048104],[2.5244622,43.0048295],[2.5244534,43.0048182]],[[2.5241798,43.0049993],[2.5241909,43.0049977],[2.524192,43.00503],[2.5241798,43.0049993]],[[2.5259609,43.0056865],[2.526036,43.0057433],[2.5259823,43.0057424],[2.5259609,43.0056865]],[[2.527089,43.0059391],[2.5270908,43.0059518],[2.5270553,43.0059411],[2.527089,43.0059391]],[[2.5263004,43.0060058],[2.5263315,43.0059975],[2.5263207,43.0060091],[2.5263004,43.0060058]],[[2.5251562,43.0060434],[2.5251938,43.0059964],[2.525183,43.006064],[2.5251562,43.0060434]],[[2.5257654,43.0060263],[2.5257708,43.0060576],[2.5257454,43.0060276],[2.5257654,43.0060263]],[[2.526481,43.0061073],[2.5264794,43.0061216],[2.5264525,43.0061055],[2.526481,43.0061073]],[[2.5257168,43.0063034],[2.5257296,43.0063088],[2.5256987,43.0063327],[2.5257168,43.0063034]],[[2.5256859,43.006362],[2.5257078,43.0063686],[2.5256768,43.0063886],[2.5256859,43.006362]],[[2.5249931,43.007096],[2.5250158,43.0070787],[2.5249976,43.0071106],[2.5249931,43.007096]],[[2.5261975,43.0080326],[2.526498,43.0082458],[2.5263919,43.0083169],[2.5260915,43.0081295],[2.5261975,43.0080326]],[[2.5261047,43.0084009],[2.525875,43.0082684],[2.5259766,43.0081715],[2.5262064,43.0083201],[2.5261047,43.0084009]],[[2.5477864,43.0230349],[2.5476797,43.0229279],[2.547822,43.0228441],[2.5479268,43.0229611],[2.5477864,43.0230349]],[[2.5377328,43.0234044],[2.537706,43.0232671],[2.5385321,43.023169],[2.5385536,43.0232985],[2.5377328,43.0234044]],[[2.5833321,43.0597679],[2.5841045,43.0601598],[2.5860609,43.0604216],[2.5861146,43.0608204],[2.5850245,43.0606948],[2.5842735,43.0604812],[2.583147,43.0599501],[2.5825569,43.0593994],[2.5823638,43.058688],[2.5824335,43.0584274],[2.5825649,43.0585097],[2.5827607,43.0591897],[2.5829834,43.0595033],[2.5833321,43.0597679]],[[2.6031164,43.0785581],[2.6045996,43.0792183],[2.6055384,43.0793731],[2.6059246,43.0793143],[2.6064959,43.0797688],[2.6053372,43.0796963],[2.6045165,43.079473],[2.6031298,43.0788088],[2.6026711,43.0783955],[2.6025531,43.0781173],[2.6025129,43.0775197],[2.6025907,43.0771416],[2.6035267,43.0749747],[2.603634,43.0751001],[2.6028186,43.0772944],[2.6028186,43.0779018],[2.6031164,43.0785581]],[[2.6022282,43.1021364],[2.6026896,43.1024869],[2.6026762,43.1026044],[2.6017722,43.1028825],[2.6004606,43.1030588],[2.5996721,43.1029491],[2.5997204,43.102812],[2.6007825,43.102673],[2.6019841,43.1021501],[2.6022282,43.1021364]],[[2.6237603,43.0040425],[2.6239722,43.0039714],[2.6240017,43.0040758],[2.6239152,43.0041366],[2.6239796,43.0043725],[2.6239078,43.0044544],[2.6238301,43.0043867],[2.6237603,43.0040425]],[[2.6791965,43.0313773],[2.6792419,43.0313604],[2.6792269,43.0314137],[2.6791965,43.0313773]],[[2.6938713,43.0760765],[2.6933643,43.0760256],[2.693375,43.0761197],[2.6922405,43.0761177],[2.6920205,43.0757396],[2.6921359,43.0756867],[2.6926374,43.0758767],[2.6930505,43.0758943],[2.6946604,43.0758187],[2.6945671,43.0757248],[2.6949453,43.0757601],[2.6955676,43.0760736],[2.6959163,43.07663],[2.6958948,43.0768102],[2.69553,43.0766652],[2.695353,43.0762832],[2.6951921,43.0761617],[2.6947863,43.0761159],[2.6944506,43.075961],[2.6938364,43.0760119],[2.6938713,43.0760765]],[[2.618377,43.0882482],[2.6181081,43.0879108],[2.6175308,43.0874283],[2.6176428,43.0873457],[2.6184461,43.0879581],[2.6186162,43.0881785],[2.6185553,43.0890811],[2.6184711,43.0892379],[2.6185487,43.0893843],[2.6182134,43.0894103],[2.618377,43.0882482]],[[2.6965163,43.0890193],[2.6965533,43.0891834],[2.6959558,43.088998],[2.6959902,43.0888648],[2.6965163,43.0890193]],[[2.6957416,43.0891409],[2.6958447,43.0890289],[2.6965401,43.0892896],[2.6964846,43.089446],[2.6957866,43.0892722],[2.6957416,43.0891409]],[[2.6965718,43.0894633],[2.6966221,43.089334],[2.6973465,43.0893378],[2.6973518,43.0894691],[2.6965718,43.0894633]],[[2.6189077,43.092809],[2.6183862,43.0924361],[2.6179221,43.0919477],[2.617964,43.0913447],[2.6182558,43.0902657],[2.618307,43.0894463],[2.6184436,43.0894304],[2.6185305,43.0902499],[2.6180013,43.0917063],[2.6180153,43.0919069],[2.6187556,43.092554],[2.6189496,43.0926333],[2.6192181,43.0930765],[2.619111,43.0931093],[2.6189077,43.092809]],[[2.6283604,43.1060127],[2.6287957,43.1063666],[2.6291008,43.106478],[2.6305683,43.1066811],[2.6316577,43.1071114],[2.6309761,43.1071927],[2.6308501,43.1071007],[2.6305068,43.1071379],[2.6301218,43.1069154],[2.6291906,43.1067237],[2.627391,43.105957],[2.6270198,43.1056672],[2.6274538,43.1056687],[2.6283604,43.1060127]],[[2.6320794,43.1076834],[2.6322636,43.107645],[2.6328751,43.1078272],[2.6336351,43.1082384],[2.6320866,43.1077469],[2.6320794,43.1076834]],[[2.7047304,43.1351573],[2.7053884,43.1355429],[2.705726,43.1358916],[2.7061559,43.136918],[2.7077981,43.1385382],[2.7091111,43.1390343],[2.7102453,43.1390561],[2.7109813,43.1393674],[2.7126931,43.1394507],[2.7140871,43.1392426],[2.7145614,43.139269],[2.7150092,43.1394123],[2.7156542,43.1407656],[2.7162505,43.1414588],[2.7164458,43.1421225],[2.7165495,43.1430229],[2.7169393,43.1436018],[2.7176482,43.1451574],[2.7178926,43.1454612],[2.7186234,43.1459968],[2.7191424,43.1466328],[2.7196374,43.1468614],[2.7226996,43.1469226],[2.7235179,43.1471867],[2.7241244,43.147564],[2.7245242,43.147865],[2.7250177,43.1484283],[2.7259871,43.1496529],[2.7267796,43.150896],[2.7273936,43.151526],[2.7289845,43.1527046],[2.7297688,43.1538561],[2.7303661,43.1543849],[2.7322071,43.155621],[2.7331071,43.1559736],[2.7343446,43.1561218],[2.7351082,43.1561109],[2.7357562,43.1559071],[2.7372106,43.1557683],[2.7378705,43.1557825],[2.7389173,43.1561291],[2.7397437,43.156589],[2.7401579,43.1565773],[2.7402922,43.1564449],[2.7401723,43.156233],[2.7404143,43.156123],[2.7406601,43.1561426],[2.7408515,43.1567936],[2.7408238,43.1572294],[2.7403417,43.1590159],[2.7405476,43.1592943],[2.7404307,43.1594045],[2.7403468,43.1598623],[2.7402441,43.1606674],[2.740268,43.1611381],[2.7404039,43.1616626],[2.7405879,43.1620199],[2.7409837,43.1622461],[2.7413459,43.1622808],[2.7412821,43.1625641],[2.7407708,43.162429],[2.7402207,43.1621391],[2.7398778,43.1615888],[2.7400207,43.1604616],[2.7398881,43.1601897],[2.7398642,43.1597191],[2.7397452,43.1592988],[2.7398902,43.1586611],[2.740103,43.15833],[2.7400701,43.1579446],[2.7397534,43.1573596],[2.7390779,43.1569317],[2.7386396,43.1565296],[2.7381011,43.156342],[2.7375059,43.1563154],[2.7345107,43.1566149],[2.7337775,43.156569],[2.7331698,43.1564349],[2.7312922,43.1556883],[2.7299888,43.1548483],[2.7293099,43.154234],[2.7286334,43.1529882],[2.7281136,43.1525939],[2.7276684,43.1525437],[2.7266443,43.1516994],[2.7265964,43.1514849],[2.7260585,43.1506812],[2.7263249,43.1507475],[2.7261808,43.1502891],[2.7258963,43.1497882],[2.7241513,43.1485155],[2.723609,43.1476901],[2.7226682,43.1473216],[2.7218848,43.1472259],[2.7206128,43.1472563],[2.7189456,43.1470066],[2.718474,43.1467642],[2.7179638,43.1462918],[2.7172208,43.1453676],[2.7170339,43.144887],[2.7169962,43.1444626],[2.7166298,43.1438922],[2.7159856,43.1433859],[2.715547,43.1432486],[2.7153701,43.1426027],[2.71523,43.1425555],[2.7149079,43.1429634],[2.7148915,43.1425569],[2.7150115,43.1423272],[2.7152595,43.1421268],[2.7150759,43.1415993],[2.7146991,43.1412924],[2.7141564,43.1406144],[2.714227,43.1398508],[2.7139799,43.1396803],[2.7120098,43.1396821],[2.7114147,43.1397722],[2.7091942,43.1392127],[2.7078423,43.1387648],[2.7066712,43.1381501],[2.7062105,43.1377492],[2.7058487,43.1373124],[2.7054423,43.1358841],[2.7049817,43.1354764],[2.7033013,43.1347945],[2.7029773,43.134823],[2.7021212,43.1352251],[2.7011091,43.1353489],[2.700175,43.1352968],[2.69944,43.1348838],[2.699339,43.1347345],[2.699583,43.1340283],[2.7006542,43.1325179],[2.700945,43.1323222],[2.7011334,43.1316136],[2.7010055,43.1312925],[2.700702,43.1309168],[2.7006674,43.130438],[2.7002509,43.1298565],[2.699587,43.129403],[2.6990512,43.1292707],[2.6975676,43.1293571],[2.6961916,43.1301394],[2.6937889,43.1309054],[2.6931503,43.1309556],[2.691452,43.1308223],[2.690613,43.1308788],[2.6900924,43.1307645],[2.6894063,43.1304735],[2.6878785,43.1295412],[2.687323,43.1290225],[2.6868795,43.1289174],[2.6867109,43.128725],[2.6866752,43.1284742],[2.6863781,43.1280872],[2.6859086,43.1270448],[2.6859107,43.1266202],[2.6860233,43.1263246],[2.6858077,43.1256714],[2.6852484,43.1247055],[2.6852615,43.1245587],[2.6849042,43.123878],[2.684366,43.123007],[2.684157,43.1228822],[2.6840655,43.12269],[2.6822851,43.1205825],[2.6816275,43.1201629],[2.680818,43.1193137],[2.6804892,43.119114],[2.6789968,43.1185769],[2.6786343,43.1183274],[2.6780466,43.1181067],[2.6773655,43.1180664],[2.6767176,43.1181617],[2.6765623,43.1183713],[2.6762536,43.1184585],[2.6749148,43.1186151],[2.6747864,43.1184182],[2.6758288,43.1183286],[2.6764184,43.1181993],[2.677058,43.117921],[2.6777364,43.1178823],[2.6783556,43.1179743],[2.6794099,43.1185667],[2.6803239,43.1188877],[2.6810926,43.1192828],[2.6830348,43.1210882],[2.6844844,43.1227634],[2.6860154,43.1254506],[2.6861582,43.125853],[2.6862263,43.1264133],[2.6860095,43.1266114],[2.6860112,43.1268757],[2.6861511,43.1272464],[2.6867233,43.128122],[2.6878431,43.1292249],[2.6898077,43.1303662],[2.6907619,43.130694],[2.6913668,43.130594],[2.6932318,43.1306961],[2.6939356,43.1305444],[2.6944731,43.1303358],[2.6950745,43.1303126],[2.6956373,43.1300001],[2.6961363,43.1294753],[2.6968716,43.1291814],[2.6976983,43.1291158],[2.6980935,43.1290084],[2.6992252,43.1290024],[2.7005022,43.1295364],[2.7009098,43.1300502],[2.7013773,43.1309163],[2.7014127,43.1312507],[2.7011366,43.1322414],[2.700085,43.1341515],[2.7001689,43.1346418],[2.7007034,43.1350768],[2.7016995,43.1350614],[2.7028053,43.1346826],[2.7035054,43.1346753],[2.7047304,43.1351573]],[[2.6331677,43.1284913],[2.6331105,43.1285947],[2.6329934,43.1285884],[2.6327519,43.1284397],[2.6326265,43.1284718],[2.6323001,43.1283465],[2.6326725,43.1282175],[2.6332219,43.1281986],[2.6331861,43.1281186],[2.6328597,43.1279844],[2.6344049,43.1282941],[2.6350471,43.128302],[2.6351822,43.1286871],[2.6349546,43.1295947],[2.6347524,43.1296414],[2.6344619,43.1295783],[2.6344874,43.1293683],[2.6338426,43.1291148],[2.6342849,43.1287759],[2.6343059,43.1286429],[2.633369,43.1286044],[2.6331677,43.1284913]],[[2.628915,43.1301453],[2.6287938,43.1302737],[2.6285563,43.13006],[2.6287993,43.1300207],[2.628915,43.1301453]],[[2.6688462,43.1325111],[2.6695141,43.1326208],[2.6693532,43.1331375],[2.6688462,43.1325111]],[[2.6684019,43.1324941],[2.6687595,43.132492],[2.6693487,43.1332059],[2.6692726,43.1335794],[2.6684019,43.1324941]],[[2.6679918,43.1325249],[2.6682235,43.1324106],[2.6691631,43.1336621],[2.6689098,43.1337284],[2.6679918,43.1325249]],[[2.6695634,43.1338197],[2.6696173,43.1335452],[2.6697355,43.1334498],[2.6713331,43.1339845],[2.6702488,43.134502],[2.6697041,43.1344206],[2.6695634,43.1338197]],[[2.6694552,43.1344806],[2.6689704,43.133818],[2.6693548,43.1336978],[2.6695338,43.1344712],[2.6694552,43.1344806]],[[2.6364805,43.1419736],[2.6366248,43.1419384],[2.6366602,43.1420323],[2.6365019,43.1420636],[2.6364805,43.1419736]],[[2.6336933,43.148409],[2.6335629,43.1484385],[2.6336587,43.1483972],[2.6336933,43.148409]],[[2.6325546,43.1538332],[2.6327493,43.1536727],[2.6327937,43.1537709],[2.6327161,43.1538887],[2.6325546,43.1538332]],[[2.6324191,43.1542316],[2.6324641,43.1541747],[2.6328472,43.1540837],[2.6327658,43.1542797],[2.6325525,43.1543518],[2.6324191,43.1542316]],[[2.6942338,43.2284275],[2.6938816,43.2284516],[2.6938954,43.2281805],[2.6942975,43.2281519],[2.6942338,43.2284275]],[[2.6937413,43.2284467],[2.6935137,43.2284735],[2.6932376,43.2282106],[2.6937581,43.2282166],[2.6937413,43.2284467]],[[2.6935973,43.2285876],[2.6942988,43.2285257],[2.694348,43.229287],[2.6935973,43.2285876]],[[2.6714738,43.2352683],[2.6713774,43.2352917],[2.6714133,43.2352519],[2.6714738,43.2352683]],[[2.671567,43.23539],[2.6716669,43.235368],[2.6716282,43.2354078],[2.671567,43.23539]],[[2.7336693,43.0009135],[2.7337363,43.0006055],[2.7340287,43.00017],[2.7342701,43.0001622],[2.7342674,43.0003446],[2.7336693,43.0009135]],[[2.726741,43.0012874],[2.7266699,43.0013084],[2.7266263,43.0012193],[2.726741,43.0012874]],[[2.6971757,43.0525676],[2.6973951,43.052658],[2.6973704,43.0527485],[2.69711,43.0527002],[2.6971757,43.0525676]],[[2.6973386,43.0892548],[2.6966723,43.0892452],[2.6967278,43.0890424],[2.6973386,43.0891119],[2.6973386,43.0892548]],[[2.7209143,43.0894002],[2.7209896,43.0893383],[2.7209793,43.0894118],[2.7209143,43.0894002]],[[2.697521,43.0893127],[2.6982798,43.0893263],[2.6982798,43.0894131],[2.6975263,43.0894595],[2.697521,43.0893127]],[[2.6973597,43.0895444],[2.6973623,43.0897105],[2.6967305,43.0897086],[2.6965903,43.0895425],[2.6973597,43.0895444]],[[2.7010403,43.0912496],[2.7011915,43.0912205],[2.7012704,43.091439],[2.7011374,43.0914646],[2.7010403,43.0912496]],[[2.7009743,43.0913254],[2.7010356,43.0913441],[2.700947,43.0913641],[2.7009743,43.0913254]],[[2.7009828,43.0914223],[2.7010676,43.091428],[2.7009704,43.0914742],[2.7009828,43.0914223]],[[2.7002742,43.0919573],[2.7007052,43.0916426],[2.7008718,43.0916194],[2.7010013,43.0918357],[2.7008797,43.092021],[2.7003165,43.0920693],[2.7002742,43.0919573]],[[2.7541083,43.1225589],[2.7542076,43.1226763],[2.7540144,43.1230414],[2.7538079,43.1229749],[2.7539232,43.1225598],[2.7541083,43.1225589]],[[2.7286473,43.1538313],[2.7284311,43.1539572],[2.7280384,43.1539941],[2.727802,43.1537883],[2.7277828,43.1532671],[2.7280116,43.1532108],[2.7285105,43.1535689],[2.7286473,43.1538313]],[[2.7347182,43.1553191],[2.7348729,43.1548742],[2.7352436,43.154971],[2.7361639,43.1556558],[2.7352682,43.1557771],[2.7350658,43.1557104],[2.7347182,43.1553191]],[[2.7386727,43.1548305],[2.7391776,43.1547748],[2.739449,43.1548544],[2.7393961,43.1551259],[2.738987,43.1559903],[2.7375307,43.1555448],[2.7373849,43.1553455],[2.7377932,43.1547053],[2.7386727,43.1548305]],[[2.7473663,43.1703074],[2.7473081,43.1702479],[2.7474362,43.1699454],[2.7475201,43.169336],[2.7478877,43.1682127],[2.7481119,43.1671526],[2.7483854,43.1672607],[2.748078,43.1684358],[2.7477451,43.1692916],[2.7475803,43.1701474],[2.7473883,43.1704752],[2.7472673,43.171733],[2.7470202,43.1717772],[2.7472743,43.1704599],[2.7473663,43.1703074]],[[2.7455977,43.1705102],[2.7457291,43.1701288],[2.746059,43.1700251],[2.7466813,43.1701268],[2.7464345,43.1707254],[2.7455977,43.1705102]],[[2.7459678,43.174063],[2.7460302,43.1742601],[2.7457432,43.1743325],[2.7456486,43.1741354],[2.745721,43.1740621],[2.7459678,43.174063]],[[2.7318764,43.1798672],[2.7316809,43.1803484],[2.7316687,43.1805711],[2.7313143,43.1804375],[2.7314976,43.1789183],[2.7317725,43.1789539],[2.7318947,43.1790698],[2.7318764,43.1798672]],[[2.7176182,43.1820269],[2.7175329,43.1819851],[2.7175786,43.1819355],[2.7176551,43.181957],[2.7176182,43.1820269]],[[2.7175946,43.1821655],[2.7175191,43.1821285],[2.7175596,43.1820846],[2.7176273,43.1821036],[2.7175946,43.1821655]],[[2.7452313,43.1915926],[2.7450893,43.191473],[2.7452648,43.1914949],[2.7452313,43.1915926]],[[2.7373713,43.2156502],[2.7374813,43.2160158],[2.7376422,43.2161585],[2.7375832,43.2162328],[2.7372131,43.2161858],[2.7370897,43.2160197],[2.7372667,43.215617],[2.7373713,43.2156502]],[[2.8049134,43.0811148],[2.8052807,43.0809989],[2.8054977,43.0810843],[2.8044543,43.0822792],[2.8042623,43.0822955],[2.8041148,43.0819155],[2.803614,43.0819236],[2.8033747,43.08182],[2.8030297,43.0820659],[2.8026429,43.0821024],[2.8028238,43.0816106],[2.8025956,43.0813038],[2.8026708,43.0811717],[2.8029295,43.0811168],[2.8035806,43.0813078],[2.8038505,43.0812814],[2.8043319,43.0810355],[2.8044933,43.0806535],[2.8047353,43.0807246],[2.8049134,43.0811148]],[[2.7960956,43.0823202],[2.7960837,43.0826887],[2.7945802,43.083098],[2.7943414,43.0827684],[2.7948725,43.0827512],[2.7960956,43.0823202]],[[2.8043285,43.0902083],[2.8046816,43.0900827],[2.8048369,43.0902027],[2.8045521,43.0903327],[2.8043298,43.0902773],[2.8043285,43.0902083]],[[2.7712454,43.1071559],[2.7713452,43.1072744],[2.7712671,43.1072801],[2.7712454,43.1071559]],[[2.771371,43.1073027],[2.7713677,43.1073321],[2.7713029,43.1072964],[2.771371,43.1073027]],[[2.7849028,43.1706696],[2.7850623,43.1706315],[2.7858281,43.1706736],[2.7857745,43.1708565],[2.7849457,43.1708486],[2.7849028,43.1706696]],[[2.7572941,43.2342024],[2.7573573,43.2340985],[2.7581646,43.2344581],[2.7578213,43.2348626],[2.7569388,43.2342939],[2.7572941,43.2342024]],[[2.8305539,43.1179458],[2.8304638,43.1178683],[2.8305635,43.1178599],[2.8305539,43.1179458]],[[2.8307499,43.1179693],[2.8306208,43.1179777],[2.8306941,43.1179266],[2.8307499,43.1179693]],[[2.8359788,43.1652741],[2.8368984,43.1651543],[2.8369851,43.1652894],[2.8360371,43.1654445],[2.835959,43.1654032],[2.8359788,43.1652741]],[[2.8294447,43.166706],[2.8282986,43.166747],[2.8283015,43.1666193],[2.8294679,43.166598],[2.8294447,43.166706]],[[2.8288159,43.1674466],[2.8287683,43.1672782],[2.829567,43.1672504],[2.8295436,43.1674034],[2.8288159,43.1674466]],[[2.8316232,43.2089771],[2.8324967,43.2090995],[2.8329263,43.2098271],[2.8310665,43.2100125],[2.8308122,43.2095892],[2.8315944,43.2091835],[2.8316232,43.2089771]],[[2.8381107,43.2112788],[2.8368306,43.2111888],[2.836562,43.211012],[2.8364133,43.2110932],[2.8365891,43.2112631],[2.8362085,43.2113644],[2.8352349,43.211139],[2.8344092,43.2110903],[2.8341781,43.2107982],[2.8342532,43.2104658],[2.8345133,43.2103372],[2.834162,43.2098956],[2.8340429,43.2093321],[2.8334865,43.2092159],[2.8333106,43.2090664],[2.833617,43.2090125],[2.8335342,43.2087342],[2.834073,43.2084771],[2.8349087,43.208234],[2.8373952,43.20819],[2.8377468,43.2085502],[2.8390122,43.2106965],[2.8392148,43.2112736],[2.8390471,43.2115312],[2.8387595,43.2115105],[2.8381107,43.2112788]],[[2.8421513,43.2088389],[2.8420364,43.2082739],[2.8425725,43.208216],[2.8426874,43.208781],[2.8421513,43.2088389]],[[2.8385072,43.2086938],[2.8396497,43.208166],[2.8409486,43.2081339],[2.8387475,43.2090266],[2.8385072,43.2086938]],[[2.8420941,43.2088407],[2.8415581,43.2088986],[2.8414432,43.2083336],[2.8419793,43.2082757],[2.8420941,43.2088407]],[[2.8412986,43.2091252],[2.8398508,43.2093132],[2.8397592,43.2088652],[2.8411059,43.208297],[2.8412986,43.2091252]],[[2.8422904,43.2094532],[2.8421755,43.2088882],[2.8427116,43.2088303],[2.8428265,43.2093953],[2.8422904,43.2094532]],[[2.8416849,43.2095188],[2.84157,43.2089538],[2.8421061,43.2088959],[2.842221,43.2094609],[2.8416849,43.2095188]],[[2.8418237,43.2101414],[2.8417088,43.2095764],[2.8422449,43.2095185],[2.8423598,43.2100835],[2.8418237,43.2101414]],[[2.8431261,43.2108371],[2.8419872,43.2108822],[2.8419202,43.2105255],[2.8430366,43.2104044],[2.8431261,43.2108371]],[[2.8409142,43.2106855],[2.841573,43.2106729],[2.8415906,43.2110258],[2.8418127,43.2112501],[2.8421836,43.2113252],[2.8421545,43.2118545],[2.8409112,43.2118392],[2.8401507,43.211716],[2.8398545,43.2114645],[2.8396611,43.2108874],[2.839699,43.2105888],[2.8399405,43.2105145],[2.8409142,43.2106855]],[[2.8375644,43.2198527],[2.8377913,43.2202827],[2.8377939,43.2204987],[2.8370228,43.220716],[2.8365236,43.2200743],[2.8375644,43.2198527]],[[2.8373769,43.2215759],[2.8370994,43.2208946],[2.8378735,43.2207524],[2.8379921,43.2208113],[2.837888,43.2213183],[2.837486,43.2215784],[2.8373769,43.2215759]]],[[[2.6261848,43.1995107],[2.6264056596803407,43.19963902698909],[2.6266504,43.1996872],[2.6261934072678796,43.19934921899318],[2.6261848,43.1995107]]],[[[2.6268637,43.1998948],[2.627006466899723,43.20000782379561],[2.6267094452663673,43.19980196337976],[2.6268637,43.1998948]]],[[[2.6273325,43.2002893],[2.6275089525931974,43.20070738067938],[2.6275541,43.2007213],[2.627556,43.2006008],[2.6273325,43.2002893]]],[[[2.6273059,43.2011331],[2.6268582,43.2012735],[2.6267052042921417,43.20133935467425],[2.6270513,43.2015186],[2.6273059,43.2011331]]],[[[2.6257527750855574,43.202230467624915],[2.6258665,43.2020691],[2.6258144781015287,43.202062988010134],[2.6257527750855574,43.202230467624915]]],[[[2.6256519,43.202567],[2.6256492,43.2033885],[2.6257113397517196,43.203659668371934],[2.62573711667945,43.20227790817285],[2.6256519,43.202567]]],[[[2.631079178773502,43.22460540481289],[2.6317702078198257,43.22502746206942],[2.6318677,43.2249854],[2.631746,43.2248454],[2.631079178773502,43.22460540481289]]],[[[2.6566517438799435,43.22588145972872],[2.6574759819192892,43.226446640710805],[2.6571446,43.2261165],[2.6566517438799435,43.22588145972872]]],[[[2.711790162300518,43.26015322485855],[2.7113163,43.2617474],[2.7108072,43.2626371],[2.7099837,43.2635382],[2.7093009,43.2640732],[2.7085478,43.266544],[2.7081977,43.2665564],[2.708223123134824,43.266714241490085],[2.7105786,43.2668265],[2.7132499,43.2673187],[2.7172023,43.2682555],[2.7198633,43.2687541],[2.7200394,43.2689073],[2.7203476,43.2689215],[2.7237754,43.2697045],[2.7289011,43.269728],[2.7299123,43.2697729],[2.7301641,43.2698195],[2.7302233,43.269909],[2.7298801,43.2699662],[2.7271332,43.2698624],[2.723987,43.2699054],[2.7178284,43.2685404],[2.7171229,43.2687971],[2.7169489,43.2685557],[2.7171175,43.2683862],[2.7167283,43.2683627],[2.7164001,43.268227],[2.7163414,43.2683409],[2.7164147,43.2684336],[2.7154888,43.2687989],[2.7149815,43.2680952],[2.7151743,43.2680182],[2.7151139,43.2679373],[2.71106,43.2670658],[2.7098312,43.266912],[2.7082498096919143,43.266879927034594],[2.7088756,43.2706092],[2.7090658,43.2723982],[2.70946,43.2739],[2.7099834,43.2749804],[2.7101305,43.2750522],[2.7116815,43.2747281],[2.713099,43.2743199],[2.7136409,43.2751061],[2.7146469,43.2771193],[2.7160624,43.2764479],[2.7176051,43.2760055],[2.7253212,43.2728865],[2.7311671,43.270267],[2.7311721,43.2700976],[2.731407586463009,43.270015028789494],[2.7307542,43.2699894],[2.7306507,43.2699048],[2.7307676,43.2698273],[2.7318318499462664,43.26986626461453],[2.7345964,43.2688969],[2.7361186,43.2681846],[2.7377305,43.2673174],[2.7391635,43.2667176],[2.7396501,43.2657517],[2.740826129857232,43.26476809913223],[2.7401635,43.2647613],[2.7385612,43.2641967],[2.7367574,43.2634298],[2.7358329,43.2632062],[2.7344414,43.2624702],[2.733299,43.2620824],[2.732754,43.2617758],[2.7301597,43.261253],[2.7293502,43.2611948],[2.7268012,43.2605969],[2.7259544,43.2602473],[2.7253761,43.2602224],[2.7248421,43.2603573],[2.7237985,43.2608903],[2.7231998,43.261105],[2.7213345,43.2614246],[2.7203836,43.2613471],[2.7192923,43.2610532],[2.7170186,43.2607235],[2.7141914,43.2605709],[2.711790162300518,43.26015322485855]],[[2.7306514,43.2699331],[2.7302082,43.2698816],[2.73061,43.2698714],[2.7306514,43.2699331]],[[2.7120973,43.2710677],[2.7121069,43.27154],[2.7117415,43.2719563],[2.7113223,43.2720757],[2.710784,43.2720287],[2.7106822,43.2717698],[2.7105516,43.2717116],[2.7102879,43.2718291],[2.7100717,43.2708522],[2.7101343,43.2707429],[2.7109493,43.2704827],[2.7113052,43.2704902],[2.7120973,43.2710677]]],[[[2.7527216287325476,43.25475050882842],[2.753852953132671,43.25482737610245],[2.756664,43.2506288],[2.7567663,43.2504876],[2.7569487,43.2504192],[2.7569648,43.2505638],[2.7568041,43.2508179],[2.7541166918330586,43.25484529583998],[2.7613005,43.2553334],[2.7630044,43.2555833],[2.7665977,43.2567015],[2.7698734,43.2572875],[2.7721929,43.2578071],[2.7718915,43.2583216],[2.7720092,43.2584043],[2.7712693,43.2589304],[2.7712604,43.2594188],[2.7715818,43.2596661],[2.7721555,43.2597511],[2.7722573,43.260919],[2.7729409,43.26108],[2.7732996,43.2610766],[2.7737123,43.2617244],[2.7734562,43.2619066],[2.7747998,43.2633118],[2.7749779,43.2644833],[2.7793886,43.2653431],[2.7834049,43.2676115],[2.7848014,43.2698792],[2.7855428,43.2703278],[2.7875364,43.2723769],[2.7872954,43.2734304],[2.7869121,43.2735397],[2.7870727,43.2741633],[2.7902478,43.2732076],[2.7913086,43.2731299],[2.792423,43.2733456],[2.7930575,43.2733322],[2.7936715,43.273489],[2.7941426,43.273403],[2.7947816,43.2735272],[2.7952475,43.2735136],[2.7955998,43.2733947],[2.7957978,43.2734566],[2.7958866,43.2735727],[2.7960047,43.2738372],[2.7959594,43.2740653],[2.7961372,43.2742395],[2.796469,43.2743233],[2.7967459,43.2745266],[2.7972511,43.2746144],[2.7981059,43.2739206],[2.7994561,43.2732675],[2.7997884,43.2731884],[2.8022007,43.2736163],[2.8031373,43.2736614],[2.803311,43.2735856],[2.8035403,43.2731551],[2.8040713,43.2729387],[2.8056127,43.2729522],[2.8069575,43.2724003],[2.8087018,43.2724684],[2.809446,43.2722162],[2.8096888,43.2722347],[2.8101041,43.2725613],[2.8103516,43.2726559],[2.8113773,43.2727336],[2.8117545,43.2725785],[2.8124004,43.2720327],[2.8137144,43.2718321],[2.8142922,43.2715866],[2.8142917,43.2717604],[2.8235121,43.2744548],[2.823812,43.2735788],[2.8244093,43.2726889],[2.8251735,43.2723279],[2.8256305,43.2719882],[2.8254244,43.2712346],[2.825435,43.2710173],[2.8255946,43.2706554],[2.8252677,43.2705825],[2.824991,43.2702779],[2.8282267,43.2687183],[2.8281776,43.2685589],[2.8287244,43.2679441],[2.8284873,43.2676685],[2.8285776,43.2672847],[2.8290242,43.2670754],[2.8290448,43.2667929],[2.8302556,43.2662153],[2.8308602,43.26618],[2.8309778,43.2666871],[2.8326434,43.2664723],[2.832743,43.2663203],[2.8327443,43.2658495],[2.8326161,43.2655886],[2.8325974,43.2651902],[2.8324593,43.2649293],[2.8321626,43.2647043],[2.8317073,43.2645081],[2.8313318,43.2641019],[2.8307487,43.2639599],[2.8312171,43.2630082],[2.8316854,43.2616984],[2.8329716,43.260661],[2.8339931,43.2603872],[2.8344957,43.260102],[2.83582,43.2587],[2.83692,43.25796],[2.8373961,43.2570893],[2.8380068,43.2566158],[2.83982,43.25586],[2.840114054479243,43.254477544262194],[2.8396036,43.254385],[2.8387912,43.253844],[2.8383915,43.2535041],[2.8382655,43.2532541],[2.8383862,43.2528751],[2.8390055,43.2518903],[2.8392311,43.2507789],[2.8393276,43.2506226],[2.8395073,43.249427],[2.8394617,43.2490225],[2.8393222,43.2488819],[2.8386732,43.2488272],[2.8361867,43.2489464],[2.8336494,43.2488018],[2.8312568,43.2488682],[2.825753,43.2503842],[2.8239478,43.2506578],[2.8213246,43.251701],[2.8204395,43.2518553],[2.8178485,43.2519842],[2.8156678,43.2515271],[2.8122722,43.2512438],[2.8085975,43.2503002],[2.8078251,43.2500326],[2.8040056,43.2474869],[2.8034236,43.2469829],[2.8030266,43.2464671],[2.8016426,43.2456035],[2.800738,43.2442749],[2.7999955,43.2434527],[2.7990167,43.2426943],[2.7981343,43.2422786],[2.7971284,43.2420104],[2.7960982,43.241954],[2.7928928,43.2421715],[2.7908547,43.2421198],[2.7880224,43.2425195],[2.7874473,43.2423878],[2.7852039,43.2409753],[2.7841579,43.2405271],[2.7832549,43.2402725],[2.7794714,43.2398826],[2.7793918,43.2397863],[2.779509,43.2396911],[2.7820571,43.2399158],[2.7841573,43.2402812],[2.7855252,43.2409064],[2.7872445,43.2420065],[2.7879338,43.242323],[2.7908306,43.2419362],[2.7930193,43.2419557],[2.7959973,43.2417749],[2.7970158,43.241815],[2.7980967,43.2420788],[2.7989952,43.2424598],[2.7997455,43.2429759],[2.8008486,43.2440346],[2.8019081,43.2455742],[2.8032385,43.2464182],[2.8039144,43.2471822],[2.8043346,43.2475016],[2.8073074,43.2495149],[2.808281,43.2500678],[2.8119691,43.2510387],[2.8158502,43.2513923],[2.8176044,43.2517928],[2.8203483,43.2517088],[2.8217511,43.2513962],[2.8238486,43.2505112],[2.8260346,43.2501225],[2.8303342,43.2488956],[2.8313454,43.2486865],[2.8332605,43.2486709],[2.8337379,43.2487373],[2.8337754,43.248667],[2.8344728,43.2486689],[2.835779,43.2487862],[2.8389682,43.2486396],[2.8394725,43.2487021],[2.8396897,43.2489092],[2.8397943,43.2492589],[2.839628,43.2506109],[2.839215,43.2519374],[2.8385924,43.2530233],[2.8385602,43.2533047],[2.8388663,43.2536741],[2.8396924,43.2542328],[2.840141529892905,43.25436874162409],[2.84047,43.25226],[2.8408,43.25123],[2.84131,43.25063],[2.84171,43.24938],[2.84139,43.24866],[2.84133,43.24829],[2.84143,43.24765],[2.8424011,43.2473437],[2.8436632,43.2466068],[2.84531,43.24591],[2.84536,43.24561],[2.8442,43.2452],[2.84394,43.2449],[2.8440827,43.2436974],[2.8442905,43.2434934],[2.8438672,43.24327],[2.843871,43.2431625],[2.84408,43.2429],[2.846373338603045,43.24120746102562],[2.8461652,43.2408706],[2.8455143,43.2406643],[2.8452009,43.2404514],[2.8445063,43.2395571],[2.8426847,43.2393486],[2.8418139,43.2391071],[2.8394424,43.2381983],[2.8391049,43.2379458],[2.8385022,43.2376912],[2.8380201,43.2378119],[2.8371824,43.2383981],[2.837089,43.2390105],[2.8371372,43.2392059],[2.837764,43.2402508],[2.8377941,43.2406745],[2.8379357,43.2408457],[2.8379659,43.2410718],[2.8370769,43.2416667],[2.8362061,43.2419937],[2.8333675,43.2428191],[2.8329714,43.2430993],[2.8321217,43.2430357],[2.8311454,43.2426559],[2.8305728,43.2425725],[2.8295272,43.2425089],[2.8277855,43.242645],[2.8268574,43.2427745],[2.8263451,43.2429325],[2.8245522,43.2436898],[2.8239104,43.2438742],[2.8228075,43.2440674],[2.8223585,43.2441003],[2.8217046,43.2439993],[2.8208127,43.2441288],[2.8204029,43.2439576],[2.8199539,43.2434791],[2.8197912,43.2430576],[2.819758,43.242713],[2.8193241,43.2416242],[2.8179199,43.2393676],[2.8175372,43.2389835],[2.8170972,43.2386959],[2.814454,43.2376138],[2.8118118,43.2375875],[2.8098377,43.2374402],[2.8073658,43.2365544],[2.8059599,43.2368403],[2.8044311,43.2374677],[2.8042582,43.2376618],[2.8037076,43.2378283],[2.8003842,43.2385526],[2.798712,43.2387553],[2.7941281,43.237926],[2.7925598,43.2371951],[2.7912726,43.2367487],[2.7894261,43.2373302],[2.7880237,43.2380735],[2.7860366,43.238829],[2.7852047,43.238829],[2.7848956,43.2387205],[2.7846005,43.238487],[2.7838697,43.2373282],[2.7831587,43.2365153],[2.7830041,43.2362143],[2.7821722,43.235684],[2.7808175,43.2351148],[2.7799659,43.234867],[2.7769587,43.2342671],[2.7745396,43.2340604],[2.7718865,43.2340031],[2.7707763,43.2342038],[2.7697842,43.2344822],[2.7679546,43.2351682],[2.7678843,43.2351211],[2.7679321,43.2349696],[2.7678759,43.2349327],[2.7671227,43.2351764],[2.7667039,43.2355531],[2.7668725,43.2357927],[2.7667826,43.2359155],[2.7659507,43.2366015],[2.7640817,43.2377481],[2.7634437,43.2383705],[2.7634072,43.2385937],[2.7632357,43.2387268],[2.7630193,43.2387452],[2.7629322,43.2390994],[2.762786,43.2393267],[2.7618361,43.240119],[2.7615494,43.2402972],[2.7600402,43.240809],[2.7598716,43.2409339],[2.7598041,43.2410936],[2.7600571,43.2415768],[2.7602341,43.2421398],[2.7608215,43.2429792],[2.7615144,43.2436222],[2.7615086,43.2439464],[2.7616407,43.2441807],[2.7615632,43.2444861],[2.7616493,43.2446367],[2.7616321,43.2450049],[2.7613794,43.2455111],[2.7609888,43.2460089],[2.7582379,43.2473874],[2.7575343,43.2479647],[2.7570318,43.2480985],[2.7562277,43.2487532],[2.755484,43.25005],[2.7549068,43.2507716],[2.7545593,43.2508887],[2.7537495,43.2514785],[2.7534107,43.2528401],[2.753359,43.2533986],[2.7530862,43.2541222],[2.7527216287325476,43.25475050882842]],[[2.7706765,43.2391987],[2.778766,43.2396325],[2.7789608,43.2397258],[2.7787902,43.2398396],[2.7702205,43.2393628],[2.7692129,43.2396076],[2.7695303,43.2401552],[2.7682213,43.2404491],[2.7682496,43.2405733],[2.7677571,43.2406815],[2.767682,43.2405283],[2.7674168,43.2405858],[2.767307,43.2402104],[2.7676141,43.2401472],[2.7675497,43.2399899],[2.7656605,43.2404079],[2.7653978,43.2405819],[2.7650635,43.2406645],[2.7644222,43.2413352],[2.7621924,43.2459179],[2.7614792,43.247233],[2.7609347,43.2477233],[2.7590837,43.2489813],[2.758102,43.2489598],[2.7576246,43.2491318],[2.7573322,43.2497628],[2.7571659,43.2498175],[2.7573861,43.2491515],[2.7575471,43.2489718],[2.7580191,43.2488018],[2.7590142,43.2488233],[2.7604009,43.2479089],[2.7613585,43.2471196],[2.7617554,43.2464339],[2.7639066,43.241858],[2.7645086,43.2408628],[2.764956,43.2405384],[2.7656486,43.2402644],[2.7695654,43.2393498],[2.7706765,43.2391987]],[[2.7793989,43.2398154],[2.7791952,43.2398161],[2.7789489,43.2397513],[2.7791576,43.2397165],[2.7793989,43.2398154]],[[2.7657854,43.247746],[2.7655988,43.2473383],[2.7660093,43.2472242],[2.7667929,43.247371],[2.7670914,43.2472568],[2.7671511,43.247159],[2.7676885,43.2472242],[2.7682407,43.2476699],[2.7687034,43.2475503],[2.7688452,43.2473818],[2.7688378,43.247197],[2.7691363,43.2471481],[2.7693228,43.2469306],[2.7713534,43.2469254],[2.7714072,43.2469689],[2.7713594,43.2470037],[2.7710907,43.2470385],[2.7710251,43.2471298],[2.7710191,43.2475169],[2.7720818,43.2476865],[2.7714191,43.2478169],[2.7713773,43.2480561],[2.7711863,43.2481953],[2.770846,43.2482692],[2.771031,43.2484866],[2.7708639,43.2485214],[2.7708221,43.2487041],[2.7699623,43.2485606],[2.7696041,43.2486432],[2.7697235,43.2489128],[2.7699086,43.2489954],[2.7701116,43.2492607],[2.7700818,43.2493868],[2.7699325,43.249452],[2.7695802,43.2494651],[2.7693832,43.2492911],[2.7691981,43.2492564],[2.7688757,43.2485475],[2.7688041,43.2484649],[2.7686787,43.2484692],[2.7686071,43.2485475],[2.7686071,43.2487606],[2.7689056,43.2492172],[2.7688877,43.2493172],[2.7690847,43.2494216],[2.7690907,43.2494999],[2.7694131,43.2495651],[2.769628,43.2498086],[2.7699206,43.2498826],[2.7696459,43.2502826],[2.7686727,43.250587],[2.7685593,43.2506044],[2.7677115,43.2498695],[2.7675861,43.2498913],[2.7676996,43.2500696],[2.7674846,43.2502522],[2.7666906,43.2502783],[2.7660577,43.2505262],[2.7658906,43.2505175],[2.7655682,43.2503087],[2.7653652,43.2502696],[2.7652756,43.2501174],[2.7645413,43.2498782],[2.7644816,43.2497869],[2.7644278,43.249926],[2.7642069,43.2498956],[2.7641532,43.2497999],[2.76398,43.249813],[2.7638009,43.2496912],[2.7637412,43.2495738],[2.7635621,43.2496216],[2.7634606,43.2495347],[2.7630964,43.2495477],[2.7629054,43.2493694],[2.7626546,43.249526],[2.7624636,43.249339],[2.7624218,43.2489215],[2.763186,43.2485606],[2.7634129,43.2483475],[2.7635391,43.2484962],[2.7636883,43.2484962],[2.7637704,43.2486593],[2.7636659,43.2486973],[2.7638674,43.2486919],[2.7638749,43.2485941],[2.764014,43.2485915],[2.7639271,43.2485016],[2.7640913,43.2483386],[2.7640689,43.2482244],[2.7641809,43.2480505],[2.764666,43.2478058],[2.7648227,43.2478711],[2.7657854,43.247746]],[[2.7572267,43.249834],[2.7570444,43.2501353],[2.7571647,43.2498201],[2.7572267,43.249834]],[[2.7568896,43.2503508],[2.7570841,43.250137],[2.7569085,43.2504281],[2.7568896,43.2503508]]],[[[2.6490743,43.2219301],[2.6493181,43.2225401],[2.6498343,43.2233317],[2.6507759,43.2236916],[2.6504022,43.2230336],[2.6490743,43.2219301]]],[[[2.7548404,43.2505332],[2.7549866,43.2501442],[2.7544708,43.2502936],[2.7541642,43.2506648],[2.7545926,43.2506796],[2.7548404,43.2505332]]],[[[2.8406349,43.238261],[2.8402279,43.2380639],[2.8395376,43.2379211],[2.8396697,43.2381229],[2.8404325,43.2383821],[2.8405987,43.2383588],[2.8406349,43.238261]]],[[[2.8470507,43.2409552],[2.8468142,43.2406194],[2.8465791,43.2405546],[2.8465294,43.2406611],[2.846775,43.2409585],[2.8469392,43.2410321],[2.8470507,43.2409552]]],[[[2.705712,43.1362393],[2.7061005,43.1368862],[2.7055905,43.1358506],[2.705712,43.1362393]]],[[[2.7062458,43.1374647],[2.7071646,43.1381424],[2.7072112,43.1380747],[2.7063025,43.1372187],[2.7062458,43.1374647]]],[[[2.7108842,43.1393846],[2.7099883,43.1391486],[2.7094299,43.1391235],[2.7104871,43.1394594],[2.7108842,43.1393846]]],[[[2.7114543,43.1396734],[2.7118753,43.1395624],[2.7112719,43.1394708],[2.7107908,43.1395328],[2.7114543,43.1396734]]],[[[2.7148787,43.1395742],[2.7147207,43.1394354],[2.7137178,43.1393569],[2.7130433,43.1394736],[2.7130246,43.1395428],[2.7140945,43.1396616],[2.7142832,43.1397447],[2.7143679,43.1399012],[2.7143804,43.1404841],[2.71451,43.1408217],[2.7152973,43.1413618],[2.7155333,43.14178],[2.7159168,43.1432661],[2.7166108,43.1435537],[2.7166204,43.1434532],[2.7162867,43.1430705],[2.7160069,43.1415802],[2.7153741,43.1405916],[2.7148787,43.1395742]]],[[[2.7190748,43.1466684],[2.7185832,43.1461178],[2.7181173,43.1459626],[2.7181078,43.1460407],[2.7185326,43.146513],[2.7190748,43.1466684]]],[[[2.7275937,43.1518183],[2.7270165,43.1512877],[2.7270433,43.1514195],[2.7274531,43.1518783],[2.7279153,43.1521898],[2.7281623,43.1522038],[2.7275937,43.1518183]]],[[[2.7691336,43.2397495],[2.7690921,43.2396355],[2.7676692,43.2399675],[2.7677242,43.2400909],[2.7691336,43.2397495]]],[[[2.7686634,43.2502168],[2.768907,43.250276],[2.7688926,43.2503664],[2.7693225,43.2500985],[2.769012,43.2500185],[2.7685965,43.2500533],[2.7686634,43.2502168]]],[[[2.7697355,43.2476604],[2.7703504,43.2476778],[2.7705892,43.2475603],[2.7708453,43.2469741],[2.7697235,43.2470994],[2.769634,43.2471863],[2.7697355,43.2476604]]],[[[2.7668675,43.2480396],[2.7668899,43.2479689],[2.7667332,43.2478765],[2.7668825,43.2476591],[2.7667765,43.2474536],[2.7664571,43.2474906],[2.7664048,43.2475775],[2.7665093,43.2476699],[2.7664571,43.2478656],[2.7665466,43.2478711],[2.7665914,43.2479744],[2.7664496,43.248132],[2.7668675,43.2480396]]],[[[2.7674714,43.2493082],[2.767204,43.2489742],[2.7669508,43.2489673],[2.7669747,43.2491447],[2.7673473,43.2493743],[2.7674714,43.2493082]]],[[[2.837118,43.2092096],[2.8371745,43.2089083],[2.8370793,43.2088368],[2.8367403,43.2088845],[2.8366808,43.2091381],[2.8369812,43.2092833],[2.837118,43.2092096]]],[[[2.836431,43.2095412],[2.8364994,43.209292],[2.8360801,43.2090081],[2.8358898,43.2090384],[2.8358541,43.2093635],[2.8361307,43.2095087],[2.836431,43.2095412]]],[[[2.8354051,43.2097883],[2.8357322,43.209823],[2.8358422,43.2095282],[2.8355924,43.2094285],[2.8352207,43.2094979],[2.8350631,43.2092508],[2.8349352,43.20924],[2.8347152,43.2094069],[2.8349323,43.2095998],[2.8352237,43.2095759],[2.8354051,43.2097883]]],[[[2.8367564,43.2102081],[2.836462,43.2102818],[2.836468,43.2105635],[2.8366762,43.2104573],[2.8367564,43.2102081]]]]}},{"type":"Feature","properties":{"id":"montagne-noire","name":"Montagne Noire","type":"island","members":["brousses-et-villaret-11","caudebronde-11","cuxac-cabardes-11","fontiers-cabardes-11","fournes-cabardes-11","fraisse-cabardes-11","la-tourette-cabardes-11","labastide-esparbairenque-11","lacombe-11","laprade-11","lastours-11","les-ilhes-11","les-martys-11","mas-cabardes-11","miraval-cabardes-11","pradelles-cabardes-11","roquefere-11","saint-denis-11","saissac-11","salsigne-11","villaniere-11","villardonnel-11"]},"geometry":{"type":"MultiPolygon","coordinates":[[[[2.3511953,43.3049534],[2.345722,43.3075929],[2.3401656,43.3091839],[2.3341768,43.3111939],[2.3324429,43.3124097],[2.3314184,43.3129398],[2.3281752,43.3156491],[2.327554,43.3160614],[2.3258862,43.3167765],[2.3249566,43.3177532],[2.3241375,43.3172311],[2.3230472,43.3170118],[2.3227973,43.3165053],[2.3218861,43.315875],[2.3215233,43.3152036],[2.3210797,43.3152095],[2.3200154,43.314432],[2.319693,43.313949],[2.3193301,43.3136486],[2.3183542,43.3140371],[2.3180557,43.3142962],[2.3178943,43.3146495],[2.3178861,43.3149086],[2.3174747,43.3150911],[2.3171842,43.3155975],[2.3160226,43.3162745],[2.3156516,43.3164276],[2.3150548,43.3163685],[2.3144578,43.3166805],[2.313877,43.3171398],[2.3131752,43.3173811],[2.3118927,43.3175457],[2.3099911,43.3136667],[2.3094492,43.3141121],[2.3074754,43.3153442],[2.3036689,43.3170054],[2.3023513,43.3176657],[2.2985048,43.3190901],[2.2957047,43.321056],[2.2951236,43.3215917],[2.2944054,43.3220861],[2.2933807,43.3224743],[2.2924823,43.3230999],[2.2903088,43.3209867],[2.29056,43.3206954],[2.2904517,43.3205537],[2.2871859,43.3192439],[2.2877222,43.3177085],[2.2876749,43.3170607],[2.2877666,43.3167084],[2.2876433,43.3166133],[2.2874611,43.3161718],[2.2882935,43.313167],[2.2881992,43.3130867],[2.288217,43.3129907],[2.2877772,43.313054],[2.28593,43.313681],[2.2836551,43.314316],[2.283066,43.314722],[2.2828641,43.3150223],[2.2826625,43.3150281],[2.2817925,43.3139441],[2.278565,43.315556],[2.2768949,43.3161617],[2.2758538,43.3167913],[2.274208,43.3172438],[2.2688676,43.3183596],[2.2670285,43.3185057],[2.2648339,43.3179342],[2.2560541,43.3169742],[2.2512173,43.3179363],[2.2508472,43.3181411],[2.2493609,43.318608],[2.2459504,43.3199643],[2.2447094,43.3200045],[2.241994,43.319914],[2.2416557,43.3198196],[2.2413823,43.3194781],[2.2411164,43.3194543],[2.2409954,43.3195131],[2.2408096,43.3198306],[2.2403739,43.3201656],[2.2402848,43.3204891],[2.2310132,43.3231753],[2.2276773,43.3239037],[2.2279306,43.324108],[2.2279955,43.3244126],[2.2278528,43.3247611],[2.2275047,43.3250312],[2.2274645,43.3252267],[2.2275949,43.3256054],[2.2273649,43.3267284],[2.2274556,43.3269823],[2.2273811,43.3271985],[2.227591,43.3277229],[2.228132,43.3278857],[2.2283255,43.3280356],[2.2284163,43.3282687],[2.2280504,43.3288882],[2.2282079,43.3300241],[2.2282715,43.3303445],[2.2289709,43.3313572],[2.2280439,43.3315943],[2.22693279747892,43.3323506270296],[2.2272259,43.3326075],[2.2265612278401674,43.33273273325528],[2.226246,43.3330569],[2.2252988,43.3336342],[2.2249327,43.3343411],[2.224676,43.3344657],[2.2236085,43.3353881],[2.2236988,43.3358708],[2.2238182,43.3360124],[2.2232818,43.3363613],[2.2232469,43.336719],[2.2222714,43.3372048],[2.2222931,43.3377872],[2.2208103,43.3382225],[2.2160478,43.3398941],[2.2155466,43.3397105],[2.2143839,43.3396635],[2.2139625,43.3394675],[2.2138952,43.3389432],[2.2131721,43.3385805],[2.2129972,43.3377358],[2.2124855,43.3371403],[2.2121154,43.336961],[2.2116665,43.3363074],[2.2102222,43.3347457],[2.2098988,43.3345146],[2.2096562,43.3347147],[2.208262,43.3367219],[2.2073051,43.33752],[2.2064516,43.3389304],[2.2058215,43.3394313],[2.2053434,43.3396603],[2.2047845,43.3395662],[2.2038068,43.3391824],[2.2035795,43.3392054],[2.2030825,43.3401168],[2.20314,43.3404315],[2.2034887,43.3407635],[2.2043225,43.3413376],[2.2043627,43.3416965],[2.204616,43.3419977],[2.2045222,43.3422611],[2.2036707,43.3428142],[2.2029465,43.3428123],[2.2020869,43.3425133],[2.2017422,43.342547],[2.2012299,43.3427811],[2.2007605,43.3432945],[2.2007088,43.3434604],[2.2007655,43.3435436],[2.1961694,43.3431146],[2.1907098,43.3428629],[2.1891518,43.3434115],[2.188955,43.343137],[2.1890339,43.3426826],[2.1889505,43.3425034],[2.1887759,43.3424162],[2.1887847,43.3422741],[2.1882772,43.3420695],[2.1878551,43.3415808],[2.1878639,43.3414448],[2.1877205,43.3412407],[2.18745,43.3410426],[2.1871378,43.3406467],[2.1870119,43.3401892],[2.187267,43.3397694],[2.1872165,43.339621],[2.1873366,43.3392021],[2.1844948,43.3375937],[2.1840082,43.335838],[2.1834572,43.3328216],[2.1832893,43.3322899],[2.1830189,43.3320795],[2.1831216,43.3316718],[2.1827683,43.3307814],[2.1827519,43.330168],[2.1825671,43.3298619],[2.1825692,43.3290535],[2.1821632,43.3286772],[2.1822,43.3283102],[2.1821111,43.3279648],[2.1821958,43.3276198],[2.1821066,43.3274143],[2.1819094,43.3272829],[2.1817666,43.3269506],[2.1816426,43.3262994],[2.1816498,43.3258449],[2.1811717,43.3256449],[2.1804938,43.3259313],[2.1797788,43.3258407],[2.1788969,43.3258837],[2.1787534,43.3257414],[2.1779243,43.3255487],[2.1776193,43.325678],[2.1771539,43.3256217],[2.1767386,43.3258313],[2.1761205,43.3258922],[2.1758415,43.3257496],[2.1759182,43.325552],[2.175513,43.3251559],[2.1754465,43.3249507],[2.1752669,43.3247605],[2.1746396,43.3246745],[2.174168,43.3243135],[2.1739849,43.3243342],[2.1732236,43.3247019],[2.1728234,43.3245799],[2.1720074,43.3240044],[2.171933,43.3237589],[2.1717355,43.3235799],[2.1716671,43.3232377],[2.1721023,43.3229787],[2.1740198,43.3212883],[2.176574,43.3188511],[2.1776238,43.318455],[2.1813221,43.3179706],[2.181168,43.3177067],[2.1808591,43.3174552],[2.1794163,43.3168756],[2.1782835,43.3160956],[2.1776319,43.3154042],[2.1682617,43.3161466],[2.1665269,43.3144965],[2.1663221,43.3139437],[2.1664781,43.313492],[2.1659833,43.3121729],[2.1657094,43.3117456],[2.165298,43.3113307],[2.165333,43.3110922],[2.1655749,43.3106908],[2.165645,43.3102138],[2.165543,43.3098119],[2.1660813,43.3093683],[2.166224,43.3088994],[2.1657667,43.3085787],[2.1653593,43.3079409],[2.1632417,43.3089295],[2.1602152,43.3091382],[2.1557957,43.3100468],[2.1544401,43.3098361],[2.1542763,43.311131],[2.1535516,43.3120404],[2.1537012,43.312472],[2.1535487,43.3129893],[2.1521168,43.3133799],[2.1499743,43.3143013],[2.1472117,43.3153017],[2.1458933,43.3164944],[2.1460504,43.3176994],[2.1458342,43.3181789],[2.1452303,43.3182563],[2.1455912,43.318678],[2.1454285,43.3191969],[2.1444338,43.3198318],[2.1447148,43.3200576],[2.1449283,43.3204106],[2.1453167,43.3205973],[2.1452756,43.3208617],[2.1455561,43.3212638],[2.1459714,43.321431],[2.1461987,43.3216566],[2.1461044,43.3217838],[2.146291,43.3221661],[2.1462477,43.3231455],[2.1460452,43.3235271],[2.1457495,43.3236931],[2.1452112,43.3242211],[2.14329,43.32507],[2.1429805,43.3253437],[2.1424969,43.3255387],[2.1353678,43.3270639],[2.1340259,43.3298398],[2.1347459,43.3317676],[2.134963,43.3321666],[2.1349576,43.3356699],[2.1346721,43.3364901],[2.1346445,43.3370528],[2.1350113,43.3387699],[2.1326434,43.339788],[2.1237035,43.3421914],[2.1190449,43.3419227],[2.1191287,43.3424529],[2.1193673,43.3428705],[2.1193694,43.3434424],[2.1198418,43.3442693],[2.1198344,43.3445413],[2.1202051,43.3454654],[2.1202308,43.3457276],[2.1200299,43.3459677],[2.1200216454926495,43.34631987685457],[2.1205738,43.3463782],[2.1212814,43.3470596],[2.1217077,43.3473465],[2.1222119,43.3474319],[2.1215944,43.3475878],[2.1213958,43.348312],[2.1213873,43.3488959],[2.1213128,43.3490528],[2.120817,43.3493145],[2.1207443858678903,43.34942571911374],[2.1215674,43.3500584],[2.1218544,43.3501408],[2.1219729,43.3502996],[2.1222111,43.3503205],[2.1223159,43.3504281],[2.1218029,43.3508106],[2.1212491,43.3508556],[2.1211632,43.3513617],[2.1216706,43.3525236],[2.1219636,43.3529026],[2.1221499,43.3537007],[2.1223799,43.3540489],[2.1224143,43.3542433],[2.1225611,43.3543356],[2.1228275,43.3543157],[2.1236779,43.353632],[2.1241695,43.3533466],[2.1248925,43.3530411],[2.1251727,43.3530672],[2.1260409,43.3532989],[2.1263957,43.3540207],[2.1261618,43.3547873],[2.1267704,43.3551055],[2.1269447,43.3553462],[2.1269644,43.35574],[2.1266798,43.3569413],[2.1261999,43.3578967],[2.1264307,43.3580096],[2.1264511,43.3581989],[2.1263876,43.3583317],[2.1257411,43.3587908],[2.1256561,43.3590617],[2.1257183,43.3593124],[2.1261097,43.3596199],[2.1262419,43.3598861],[2.1261779,43.3601366],[2.1263728,43.3605307],[2.1260626,43.3610415],[2.1260618,43.3612716],[2.1261659,43.3615531],[2.1263614,43.3617836],[2.1263953,43.3621058],[2.1267032,43.3622292],[2.126738,43.362311],[2.1266813,43.3625002],[2.1260853,43.3625655],[2.1259797,43.3626881],[2.1259297,43.362959],[2.1259711,43.3631483],[2.1261913,43.3633753],[2.1271356,43.3640388],[2.1272638,43.3642452],[2.1276992,43.3644557],[2.1279899,43.3649517],[2.1283063,43.3651945],[2.1285625,43.3656289],[2.1285863,43.3658966],[2.1284965,43.3660591],[2.1279996,43.3664343],[2.1279297,43.3665788],[2.1283599,43.36829],[2.1285106,43.3691365],[2.1285474,43.3699502],[2.1284972,43.3701381],[2.1283483,43.3701993],[2.1273523,43.3700818],[2.1270992,43.3701789],[2.1269101,43.3703774],[2.1268448,43.3706449],[2.1272499,43.3710145],[2.1272048,43.3711591],[2.1264547,43.3716205],[2.1263151,43.3718409],[2.1263534,43.3722423],[2.1264961,43.3725427],[2.1264458,43.3727415],[2.1260836,43.372824],[2.1238909,43.3737584],[2.1235805,43.3743152],[2.1231805,43.3744168],[2.1228148,43.3747434],[2.1227999,43.3749888],[2.1221173,43.3757086],[2.1218363,43.3758614],[2.1214765,43.3765],[2.1216087,43.3767815],[2.1213905,43.3769959],[2.121487,43.3774563],[2.1201284,43.3778216],[2.1193895,43.3776513],[2.1189817,43.3777299],[2.1184816,43.3779429],[2.1182456,43.3784217],[2.1179218,43.3784518],[2.117444,43.3787577],[2.1172016,43.379165],[2.1160576,43.3796172],[2.1157067,43.3800632],[2.1156618,43.3803817],[2.1160191,43.3807649],[2.1163088,43.3807242],[2.1165025,43.3809161],[2.1166262,43.3812755],[2.116724,43.3813263],[2.1164934,43.3817629],[2.1164645,43.3819827],[2.1162076,43.381991],[2.1161845,43.3818696],[2.1159191,43.3818772],[2.1157979,43.3821399],[2.1156503,43.3822266],[2.115424,43.3827324],[2.1154022,43.3829419],[2.1154875,43.383125],[2.1147861,43.3838813],[2.1147856,43.3840146],[2.1145809,43.3841448],[2.1146124,43.3843592],[2.1144259,43.3844137],[2.1143287,43.3845494],[2.114328,43.3847375],[2.114163,43.3847816],[2.1142591,43.3849516],[2.1138806,43.3855571],[2.114016,43.3857585],[2.1140716,43.3862263],[2.1137552,43.3865393],[2.113285,43.3867631],[2.1127814,43.3873108],[2.1120914,43.3878529],[2.1113793,43.3885674],[2.110961,43.3892851],[2.1109378,43.3897345],[2.1105023,43.3902536],[2.1104011,43.3904886],[2.1102753,43.3905954],[2.1095621,43.3906384],[2.1090133,43.3908124],[2.1084897,43.3918643],[2.108083,43.3923364],[2.1080357,43.3925375],[2.1080978,43.3931596],[2.1084038,43.393722],[2.1091643,43.3944377],[2.11020784505785,43.39583845613775],[2.11079,43.3955],[2.1117854,43.3955001],[2.112444,43.3958133],[2.1129637,43.3962155],[2.113968,43.3982599],[2.1162,43.398288],[2.1179132,43.3984594],[2.1182239,43.398912],[2.1191085,43.3990844],[2.1212767,43.3987602],[2.1224571,43.3989609],[2.12332,43.398849],[2.12397,43.39846],[2.12418,43.39859],[2.1241817,43.3991474],[2.1247131,43.3996221],[2.1255974,43.3993835],[2.1260361,43.3991167],[2.1265211,43.3990298],[2.12779,43.399021],[2.13002,43.3997489],[2.1312361,43.4017796],[2.13169,43.401939],[2.1325034,43.4030445],[2.1328928,43.4034032],[2.1340385,43.4031083],[2.1347122,43.4027474],[2.1354061,43.4026522],[2.1360258,43.4028111],[2.1363583,43.4031331],[2.1367546,43.4032791],[2.1371613,43.4035481],[2.1377744,43.4033204],[2.1385416,43.4034559],[2.1389901,43.4035889],[2.1397168,43.4039898],[2.1406824,43.4041826],[2.1420786,43.4053394],[2.1421498,43.4057131],[2.1419002,43.4060262],[2.141451,43.4063669],[2.1412912,43.4070449],[2.1411787,43.407196],[2.1409692,43.4072703],[2.1409603,43.4074691],[2.1416123,43.407521],[2.1418743,43.407409],[2.1422784,43.4074389],[2.1430487,43.407581],[2.1435481,43.4075848],[2.1441824,43.4078063],[2.1455577,43.4078569],[2.1456808,43.4080344],[2.1463333,43.4084817],[2.1466292,43.40858],[2.1476778,43.4091912],[2.1480491,43.4095961],[2.148396,43.409554],[2.1491603,43.4096849],[2.1497093,43.4096555],[2.150402,43.4098641],[2.1505773,43.4100352],[2.1506028,43.4101828],[2.1504265,43.4107311],[2.1507319,43.4114551],[2.1507132,43.4123509],[2.1508767,43.4124884],[2.151836,43.4129223],[2.1525565,43.4131221],[2.1534615,43.4130619],[2.1543414,43.4128182],[2.154652,43.4129635],[2.1551423,43.4129717],[2.1571682,43.4142737],[2.1575317,43.4143658],[2.1575751,43.4145471],[2.1565366,43.4156073],[2.1565228,43.4157145],[2.1567046,43.4158633],[2.1567087,43.4160085],[2.156896,43.4162021],[2.1572639,43.4161936],[2.157442,43.4163916],[2.1576203,43.4163549],[2.1582316,43.4160333],[2.1589724,43.4154445],[2.1594211,43.415354],[2.1614445,43.4155767],[2.1657876,43.4156143],[2.1678521,43.4160965],[2.170301,43.4165331],[2.1710363,43.4157302],[2.170972,43.4156371],[2.1711374,43.4155366],[2.1711225,43.4154319],[2.1712013,43.4153666],[2.171145,43.4152855],[2.171377,43.4151168],[2.1712569,43.4149066],[2.1714272,43.4144563],[2.1713819,43.4141659],[2.1715913,43.4135574],[2.1719849,43.4129742],[2.1720969,43.4128853],[2.172742,43.4128004],[2.1732255,43.4128398],[2.1736181,43.4126273],[2.1748872,43.4109015],[2.1756424,43.409133],[2.1766597,43.407965],[2.177069,43.4073256],[2.1773919,43.4064154],[2.1785462,43.4047447],[2.178795,43.4041187],[2.1791985,43.4039012],[2.1795626,43.4030511],[2.1799104,43.4016228],[2.1803224,43.4007789],[2.1809002,43.4001115],[2.1821893,43.3989703],[2.1832663,43.3983136],[2.1837832,43.3975136],[2.185086,43.3962552],[2.1852254,43.3956702],[2.185509,43.3952248],[2.1878738,43.3936321],[2.187984,43.3937802],[2.1882758,43.3937769],[2.1884838,43.3933311],[2.18874,43.3931911],[2.1900225,43.3929384],[2.1903899,43.3929784],[2.1906868,43.3931146],[2.1908678,43.3930405],[2.1911537,43.3928554],[2.1911224,43.3926178],[2.1917931,43.3917289],[2.1928619,43.3908456],[2.1938711,43.3906964],[2.1942575,43.3904394],[2.1951042,43.3901298],[2.1971724,43.3895329],[2.2053619,43.385505],[2.2054541,43.3853428],[2.2064645,43.3852846],[2.2067144,43.385152],[2.2070751,43.3851312],[2.2073384,43.3852031],[2.2076867,43.3855034],[2.2078835,43.3855721],[2.2081296,43.3855626],[2.2092317,43.3851554],[2.2093537,43.3852273],[2.2096829,43.3851324],[2.2099546,43.3851581],[2.2101049,43.3850284],[2.2102891,43.3850484],[2.2103081,43.3851681],[2.2109064,43.3852657],[2.2111136,43.385099],[2.211293,43.3850927],[2.2113106,43.3849284],[2.2114441,43.3849032],[2.2114863,43.3848138],[2.212203,43.3848748],[2.212373,43.384805],[2.2124982,43.3846377],[2.2129296,43.3845659],[2.2129604,43.3844839],[2.2133821,43.3843385],[2.2138095,43.384009],[2.2142036,43.3839734],[2.2143525,43.3838764],[2.2146932,43.3839051],[2.2145782,43.3836674],[2.2146243,43.3833998],[2.2146062,43.3832801],[2.2144987,43.3832267],[2.2145184,43.3829757],[2.2145825,43.382835],[2.2149388,43.3828298],[2.2148176,43.3829132],[2.2149351,43.383026],[2.2149159,43.3832381],[2.2151017,43.3834487],[2.2150706,43.3836339],[2.2156263,43.3840923],[2.2156858,43.3842482],[2.2158939,43.3843244],[2.2158421,43.3845214],[2.2159398,43.3845789],[2.216462,43.3844569],[2.2166418,43.384506],[2.2170802,43.3848409],[2.2173137,43.3854825],[2.217402,43.3862635],[2.2175223,43.3864707],[2.2187201,43.3870561],[2.2189911,43.387339],[2.2190583,43.3875308],[2.2190038,43.3879401],[2.2191403,43.3884763],[2.2190713,43.388742],[2.2186863,43.3893373],[2.2186034,43.3897255],[2.2187778,43.3898702],[2.2195957,43.3900373],[2.2198473,43.3902364],[2.2211441,43.3916554],[2.2212079,43.3918801],[2.2215938,43.3921556],[2.2220176,43.3927566],[2.2222609,43.3936045],[2.2225969,43.3937647],[2.2231963,43.3938874],[2.22383,43.3937865],[2.2244872,43.3942623],[2.2250117,43.394797],[2.2249906,43.3951628],[2.2251072,43.3952808],[2.2254558,43.3954626],[2.2261351,43.3954481],[2.2266825,43.3957318],[2.2266001,43.3962146],[2.2259928,43.3965643],[2.2254526,43.3967352],[2.2250249,43.3973399],[2.2246294,43.3974783],[2.2245272,43.3977743],[2.2248638,43.3983818],[2.2253785,43.3986676],[2.2254829,43.3989649],[2.2255701,43.4000874],[2.2257014,43.4003419],[2.2265299,43.4009648],[2.2265878,43.401312],[2.2263521,43.4015257],[2.2261481,43.4015698],[2.2260429,43.4018441],[2.2259187,43.4017871],[2.2258342,43.4020006],[2.225165,43.4019936],[2.2245427,43.4022316],[2.2244231,43.4025985],[2.2245301,43.4028893],[2.2249543,43.4030716],[2.225279,43.403331],[2.2255574,43.4033718],[2.2257018,43.403618],[2.22600909902056,43.40367399823459],[2.2288842,43.4029454],[2.2291434,43.4031809],[2.2301192,43.4034217],[2.2305492,43.4037917],[2.2318174,43.4040105],[2.2315023,43.4045202],[2.2315295,43.4048547],[2.2315619,43.405056],[2.2319696,43.4054877],[2.2319043,43.4059026],[2.2320027,43.4067133],[2.2321189,43.4069777],[2.2331949,43.4075704],[2.2359719,43.4085819],[2.2351668,43.4086154],[2.2344214,43.408479],[2.2336355,43.4085181],[2.2328596,43.4084523],[2.2323354,43.4094971],[2.2322569,43.4098958],[2.2323089,43.4102266],[2.2329513,43.4110723],[2.2333912,43.4124128],[2.2333984,43.4128015],[2.233279,43.4133517],[2.2331234,43.4136282],[2.2331664,43.413765],[2.2338332,43.4140251],[2.2341167,43.4142554],[2.234407,43.4147494],[2.2344648,43.4150502],[2.2342602,43.4150975],[2.2337586,43.4143914],[2.2334019,43.4142548],[2.2323365,43.4141921],[2.231799,43.4139906],[2.231508,43.4137383],[2.2312441,43.4124786],[2.2311365,43.4123935],[2.2301089,43.412397],[2.2292504,43.4130125],[2.2291278,43.4135265],[2.2291699,43.4139284],[2.2290363,43.4142474],[2.2286417,43.4148242],[2.2285785,43.4150626],[2.2281691,43.4154417],[2.2279691,43.4154317],[2.2279036,43.4152476],[2.2279372,43.4145321],[2.2276491,43.4142617],[2.2270188,43.4144732],[2.2251211,43.4154322],[2.224391,43.4159232],[2.2238978,43.4164997],[2.2235442,43.4177187],[2.2240678,43.4185578],[2.2239644,43.4189091],[2.2240694,43.4193872],[2.2236639,43.4200018],[2.2236566,43.4204],[2.223463,43.4207548],[2.2235584,43.4208898],[2.2235273,43.4211929],[2.223714,43.4211994],[2.2237391,43.4214417],[2.2233044,43.4218053],[2.2229626,43.4224902],[2.2226702,43.42285],[2.2226531332432145,43.42259083217447],[2.222479,43.4227389],[2.2224745,43.4230905],[2.2229065,43.4236891],[2.2229802,43.4240819],[2.2233414,43.4243236],[2.2235612,43.4245859],[2.2235465,43.4249589],[2.2236231,43.4251269],[2.2234911,43.425437],[2.2235056,43.4258414],[2.223294,43.4259547],[2.2232191,43.4261671],[2.2230078,43.4262614],[2.2225538,43.426342],[2.222316,43.4262064],[2.2213518,43.4261471],[2.2205525,43.4265339],[2.2209576,43.4266779],[2.2214926,43.4266791],[2.2216325,43.4267758],[2.2216813,43.4270656],[2.2216253,43.4273355],[2.2219312,43.4275314],[2.2220143,43.4277114],[2.2216744,43.4281061],[2.2218658,43.4285285],[2.2220439,43.4287139],[2.2221311,43.4290829],[2.222254,43.4292248],[2.222624,43.4292944],[2.2227652,43.4295441],[2.2227479,43.4296134],[2.2224196,43.4296183],[2.2223793,43.4296874],[2.2224005,43.4303334],[2.222605,43.4305095],[2.2227434,43.4309769],[2.2225778,43.4310882],[2.2224625,43.431628],[2.2227752,43.4318144],[2.2231662,43.4317859],[2.2234972,43.4315705],[2.2238251,43.4315943],[2.2239539,43.431533],[2.2241205,43.4316011],[2.2245257,43.4312283],[2.2248797,43.4312666],[2.2251302,43.4311918],[2.2252679,43.4312023],[2.2252691,43.4313626],[2.2257731,43.4314761],[2.2258574,43.431558],[2.2268634,43.4314405],[2.2275616,43.4317658],[2.2283723,43.4315154],[2.2287002,43.4315415],[2.2287406,43.4319772],[2.2290777,43.4320536],[2.2293315,43.431974],[2.2294589,43.4320179],[2.2296972,43.4321248],[2.229871,43.4323891],[2.2301463,43.4324269],[2.2303125,43.4325213],[2.2303633,43.4326508],[2.2308648,43.4327117],[2.2308327,43.4329052],[2.2310169,43.4328777],[2.2311899,43.4329579],[2.2312709,43.4332981],[2.2316595,43.4334514],[2.2316988,43.4337172],[2.2315466,43.4338071],[2.2315832,43.4340274],[2.2316937,43.4341191],[2.2324463,43.434306],[2.2325925,43.4344242],[2.232875,43.4344094],[2.2328706,43.4344907],[2.2330802,43.4345304],[2.2331734,43.4346889],[2.2336317,43.4347853],[2.2337598,43.4350349],[2.2336802,43.4356157],[2.2336006,43.4356821],[2.2338161,43.4360281],[2.2337616,43.4361856],[2.2339135,43.4361172],[2.2340689,43.4362881],[2.2343333,43.4364023],[2.2342526,43.4366933],[2.2344681,43.4368472],[2.2347342,43.4368999],[2.2347567,43.4370645],[2.2353744,43.4372152],[2.2356827,43.4371694],[2.2359264,43.4373684],[2.2363474,43.4374969],[2.2367906,43.4374969],[2.2372799,43.4377394],[2.2376687,43.4378197],[2.2381112,43.4381995],[2.2384021,43.4382343],[2.238409,43.438336],[2.2386574,43.4385593],[2.2387968,43.4385662],[2.2390125,43.4390371],[2.2394015,43.4394225],[2.2397654,43.4395296],[2.2397885,43.4396524],[2.2401,43.4396784],[2.2401134,43.4399207],[2.240667,43.4401074],[2.2406213,43.4403158],[2.2407759,43.4404245],[2.2407545,43.4404901],[2.2410001,43.4405426],[2.2412357,43.4407355],[2.2412087,43.4409208],[2.241344,43.4412536],[2.2412068,43.4417221],[2.2414372,43.4419988],[2.2414295,43.4422858],[2.2416208,43.4424066],[2.2415034,43.4426062],[2.2420954,43.4430509],[2.242436,43.4430736],[2.2424729,43.4434752],[2.2426161,43.4435986],[2.242914,43.4444102],[2.2431602,43.4445071],[2.2431814,43.4446774],[2.2435241,43.4449008],[2.2438912,43.4454067],[2.2439173,43.4455633],[2.2440989,43.4455986],[2.2441162,43.4457075],[2.2442743,43.445763],[2.2443126,43.4460592],[2.2441634,43.446412],[2.2444687,43.4466385],[2.2444641,43.4469991],[2.2447298,43.4474091],[2.2446157,43.4475716],[2.2446723,43.4478951],[2.2448015,43.4480219],[2.2454276,43.4483526],[2.2464061,43.4484576],[2.2472631,43.4488066],[2.2474557,43.4488201],[2.2475103,43.4487347],[2.247609,43.4487899],[2.2478715,43.4486022],[2.248208,43.4486044],[2.2485442,43.4488831],[2.2490653,43.4490549],[2.2499672,43.4488725],[2.2505494,43.4490558],[2.2508641,43.4493376],[2.2508408,43.4494857],[2.2509189,43.4496022],[2.2513873,43.4495874],[2.2515843,43.4497359],[2.2522457,43.4498272],[2.2523785,43.4499685],[2.2530417,43.4502794],[2.2532312,43.450546],[2.2532245,43.4508391],[2.2533844,43.4508981],[2.2536172,43.4512497],[2.2539431,43.4513688],[2.2539138,43.4515169],[2.2549017,43.4516761],[2.2550301,43.4515666],[2.2555136,43.4523055],[2.2559506,43.4524789],[2.2563907,43.4525163],[2.2564,43.4527549],[2.256753,43.453289],[2.2567972,43.4536738],[2.2565887,43.4539511],[2.2565709,43.4541561],[2.2566499,43.4542012],[2.2563681,43.4543476],[2.2561406,43.4546783],[2.256134,43.4549636],[2.2562661,43.4550469],[2.2565502,43.4555794],[2.2572062,43.4557375],[2.2576624,43.4559679],[2.2575805,43.4565292],[2.2578051,43.4569275],[2.2578401,43.457193],[2.2580079,43.4573568],[2.2580620780102567,43.45770850527573],[2.2582248,43.4577106],[2.2583556,43.457941],[2.2582639,43.4583229],[2.2581413,43.4583726],[2.2578959721848744,43.45806305760583],[2.2579677,43.4586262],[2.2578898,43.459115],[2.2579839,43.4591769],[2.257996,43.4593152],[2.2577109,43.4594761],[2.2576789,43.4595885],[2.2579572,43.4597252],[2.2583047,43.4597141],[2.2583559,43.4600382],[2.26193,43.4594569],[2.262256,43.4580489],[2.262516,43.457424],[2.263087,43.456764],[2.263449,43.456127],[2.2647219,43.454704],[2.2647,43.453983],[2.265535,43.453239],[2.2657599,43.45288],[2.266741,43.451927],[2.267762,43.451198],[2.26919,43.449699],[2.270179,43.4493779],[2.2736829,43.447311],[2.2750489,43.445789],[2.2797639,43.442741],[2.2808439,43.44173],[2.281834,43.441017],[2.283266,43.442264],[2.285048,43.4436109],[2.2859059,43.444046],[2.2900899,43.444351],[2.292225,43.444206],[2.2945369,43.4443849],[2.296254,43.44477],[2.2995119,43.4460709],[2.3018912,43.4469191],[2.3034094,43.4472997],[2.3039448,43.4476158],[2.3064892,43.4472326],[2.3089687,43.4443191],[2.3116637,43.4414871],[2.3160563,43.4400843],[2.3180108,43.4399219],[2.324579,43.4386563],[2.3271263,43.438767],[2.3298155,43.4384548],[2.3318971,43.4380782],[2.3332569,43.4373567],[2.3352224,43.4370362],[2.3370375,43.4355482],[2.3382861,43.434145],[2.3419088,43.4322943],[2.3436635,43.4325644],[2.3462855,43.4327722],[2.3483301,43.432839],[2.3525395,43.4312166],[2.3616904,43.4255275],[2.3631271,43.4247006],[2.3640664,43.4242924],[2.3649016,43.4240236],[2.3675713,43.4234575],[2.3753203,43.4229534],[2.3762611,43.4233581],[2.3788093,43.4231477],[2.37984,43.4228732],[2.3811458,43.4223309],[2.3817512,43.4220198],[2.3825244,43.421416],[2.3833819,43.4203923],[2.3841394,43.4187068],[2.3896314,43.4198944],[2.3912332,43.4198616],[2.3931063,43.4195249],[2.3933186,43.4196138],[2.3949735,43.4186627],[2.3950877,43.4183727],[2.3950697,43.4180209],[2.395299,43.4178211],[2.395377,43.4176453],[2.3955928,43.4175445],[2.3956504,43.4172367],[2.3957416,43.4172413],[2.396506,43.4167061],[2.3969151,43.4165708],[2.3972052,43.4165542],[2.3982478,43.4169226],[2.3987482,43.4169727],[2.4005434,43.4169138],[2.4010109,43.4167197],[2.402038,43.4171524],[2.4036061,43.4183186],[2.4036931,43.4184799],[2.4038791,43.4185333],[2.404487,43.4189983],[2.4048155,43.4193625],[2.4053102,43.4194976],[2.4060187,43.4192709],[2.4063527,43.4192469],[2.4067723,43.4192764],[2.4069726,43.4194241],[2.4064496,43.4205033],[2.4065907,43.4207024],[2.406548,43.4209465],[2.4055307,43.4219396],[2.4052111,43.4221455],[2.4043486,43.423103],[2.404267,43.4234226],[2.404005,43.4238019],[2.4040468,43.4239325],[2.4036015,43.4243751],[2.4033142,43.4244788],[2.403096,43.4247745],[2.4031186,43.4249231],[2.4037462,43.4248201],[2.4047099,43.4248505],[2.4059346,43.4247143],[2.4070238,43.424722],[2.408358,43.4251855],[2.4091477,43.4252598],[2.4101711,43.4256138],[2.410549,43.425631],[2.4114937,43.4259037],[2.4119046,43.4258028],[2.4124404,43.4259964],[2.4126397,43.4262677],[2.412813,43.4263449],[2.4138068,43.4264702],[2.4142473,43.4267786],[2.4145514,43.427117],[2.4150431,43.4273755],[2.4154283,43.4274062],[2.4158799,43.4276975],[2.4162131,43.4277482],[2.4169529,43.4277813],[2.4171965,43.4276567],[2.4174758,43.4276657],[2.4180562,43.4279468],[2.4188784,43.4285548],[2.4190761,43.4286186],[2.4193086,43.4285933],[2.419768,43.4283398],[2.4203919,43.4284156],[2.4205639,43.4289621],[2.4206033,43.4295984],[2.4223796,43.4301636],[2.4227308,43.4304227],[2.4234241,43.4311754],[2.4235736,43.431554],[2.4244751,43.4325339],[2.424681,43.4326551],[2.4248704,43.4326062],[2.4252045,43.4327643],[2.4255283,43.4332872],[2.4260526,43.4335844],[2.4263021,43.4339082],[2.4263977,43.434614],[2.426617,43.4347785],[2.4268005,43.4350858],[2.4272749,43.4351013],[2.4278111,43.4355615],[2.4287225,43.4358602],[2.4295416,43.4356495],[2.4308105,43.4359927],[2.4313428,43.4358458],[2.4317349,43.4355226],[2.4321012,43.4353482],[2.4323571,43.4349011],[2.4322517,43.4346399],[2.432362,43.4343107],[2.4326987,43.4341707],[2.4329752,43.4341324],[2.4341294,43.4345293],[2.4344714,43.434869],[2.4351086,43.4350622],[2.4357969,43.4349378],[2.4363176,43.4346672],[2.4367969,43.4348154],[2.4379847,43.4342006],[2.4383929,43.4342679],[2.4393762,43.4341927],[2.440734,43.4342828],[2.440928,43.4344973],[2.4414885,43.4344731],[2.4421247,43.4343503],[2.442353,43.4340799],[2.4427181,43.4339484],[2.4431434,43.4339751],[2.4436898,43.4338831],[2.4440414,43.4337253],[2.44519,43.433738],[2.4461486,43.4334881],[2.4464081,43.4332964],[2.4467262,43.4333162],[2.4471678,43.4327743],[2.4481478,43.4328005],[2.4486709,43.4327062],[2.4496274,43.4326803],[2.4499738,43.4325068],[2.4524823,43.4318148],[2.4532718,43.432129],[2.454117,43.4320778],[2.4559597,43.4327616],[2.4567547,43.432831],[2.457321,43.4332205],[2.4594771,43.4329154],[2.4605928,43.4336583],[2.4611926,43.4349178],[2.4620227,43.4351271],[2.4630882,43.4357255],[2.4635549,43.435772],[2.4639872,43.4355565],[2.4642958,43.4356866],[2.4646212,43.4356847],[2.4649681,43.4358615],[2.466734,43.4352955],[2.4679221,43.4351064],[2.4692786,43.4351552],[2.4702883,43.4315529],[2.4713044,43.4272004],[2.469619,43.426018],[2.4661693,43.4243251],[2.4648746,43.4224702],[2.4684057,43.4192741],[2.4679024,43.4157382],[2.4624311,43.4113007],[2.4604636,43.4070608],[2.4589042,43.4051137],[2.4592237,43.4035929],[2.4608545,43.4010627],[2.4624186,43.3997674],[2.4648698,43.3985634],[2.4666313,43.398049],[2.4688661,43.3964361],[2.4685135,43.3964365],[2.4676053,43.3966552],[2.466005,43.3967163],[2.4653953,43.396984],[2.4638358,43.3970748],[2.4631041,43.3973921],[2.4623035,43.3972051],[2.4621544,43.3972448],[2.4610011,43.3970483],[2.4591853,43.3978118],[2.458751,43.3976936],[2.4565264,43.3975476],[2.4558883,43.3971823],[2.4556005,43.3956992],[2.4549874,43.394246],[2.4538593,43.3930208],[2.4523109,43.3917763],[2.4523364,43.390906],[2.4508259,43.3881581],[2.4492632,43.3864191],[2.4459754,43.3830301],[2.4436321,43.3798633],[2.4433234,43.3796159],[2.4407579,43.3768143],[2.4381815,43.3756304],[2.4386812,43.3754415],[2.4404379,43.3720873],[2.4414209,43.368259],[2.4414167,43.3658261],[2.4419713,43.3651234],[2.4434571,43.3650901],[2.4440044,43.3650029],[2.4448709,43.3644383],[2.4449923,43.3641217],[2.4454351,43.3615796],[2.4358349,43.360107],[2.4313894,43.3561817],[2.4319684,43.3558177],[2.4322313,43.3554812],[2.4326269,43.355297],[2.4330054,43.3544781],[2.433605,43.3536838],[2.4336088,43.3527498],[2.4337296,43.3525492],[2.4334213,43.351777],[2.4333873,43.3512685],[2.4311311,43.3502245],[2.4287339,43.349882],[2.4232235,43.3500851],[2.4212988,43.3500799],[2.4201369,43.3501801],[2.4177048,43.3508642],[2.4165502,43.3496195],[2.4160505,43.349388],[2.4131537,43.3487407],[2.4126621,43.3476214],[2.4123259,43.3474096],[2.4117538,43.3472178],[2.4110451,43.3467413],[2.4104005,43.3467218],[2.4100009,43.3465763],[2.4096826,43.3460598],[2.409038,43.3460602],[2.4089106,43.3457886],[2.4081023,43.3454711],[2.4077643,43.3446734],[2.4074171,43.3441958],[2.407263,43.3441819],[2.4059779,43.3429928],[2.4015325,43.339435],[2.3992274,43.3385556],[2.396679,43.3381307],[2.3959922,43.3380701],[2.3956073,43.3382765],[2.3927067,43.3386386],[2.3891685,43.3364948],[2.3876214,43.3360551],[2.3870048,43.3354604],[2.3872226,43.334945],[2.3871518,43.3347811],[2.3861502,43.3341679],[2.3854375,43.3334742],[2.3825809,43.333105],[2.3817342,43.3332605],[2.3814748,43.3329147],[2.3814599,43.3326216],[2.3815657,43.3324235],[2.3817923,43.3321995],[2.3821725,43.3320373],[2.3828059,43.3312847],[2.3835605,43.3306673],[2.3841123,43.3303663],[2.3837559,43.3300736],[2.3831543,43.3290863],[2.3835605,43.3288193],[2.3837219,43.3278042],[2.383609,43.3275761],[2.3830697,43.3273936],[2.3828815,43.3272476],[2.3829693,43.3269922],[2.3834271,43.3266683],[2.3841957,43.3257695],[2.3849511,43.3254963],[2.3855781,43.3251263],[2.3858666,43.3248435],[2.3862491,43.3240178],[2.3863557,43.3235159],[2.3864059,43.3226153],[2.3862906,43.3215177],[2.3864351,43.3209396],[2.3864672,43.3202417],[2.3865916,43.3198796],[2.3868725,43.3197132],[2.3872337,43.3188927],[2.3879843,43.3179291],[2.3897221,43.3170648],[2.3912453,43.3168275],[2.3921874,43.3163879],[2.3924289,43.3162469],[2.3933659,43.3153262],[2.3933127,43.3152281],[2.3935073,43.3140374],[2.3813325,43.3126829],[2.3808722,43.3106017],[2.3823105,43.3087216],[2.3856079,43.3049711],[2.389426,43.3026349],[2.3834238,43.3017363],[2.3767601,43.3014255],[2.3763421,43.3013225],[2.3762596,43.3012008],[2.3760779,43.3011386],[2.3757107,43.3011378],[2.3748683,43.3008128],[2.3744479,43.3008189],[2.3733565,43.3004769],[2.3729278,43.3004505],[2.3724207,43.299706],[2.3715257,43.2993854],[2.3511953,43.3049534]],[[2.1680785,43.3207471],[2.1687495,43.3206082],[2.169201,43.3212896],[2.1690149,43.3216111],[2.1689366,43.3222031],[2.1692349,43.3228563],[2.1682658,43.3222814],[2.1680117,43.3218147],[2.1678969,43.3217493],[2.1679302,43.3212551],[2.167752,43.321059],[2.167778,43.3208865],[2.1680785,43.3207471]],[[2.1614136,43.3221905],[2.162161,43.3221077],[2.1623012,43.3222245],[2.1621593,43.3226859],[2.161204,43.3239852],[2.1610317,43.3239244],[2.1609441,43.3233134],[2.1611705,43.3223253],[2.1614136,43.3221905]],[[2.1583967,43.3251977],[2.1585951,43.3250442],[2.1595734,43.3246727],[2.1597458,43.324673],[2.1598795,43.3248271],[2.1598019,43.3251487],[2.1584219,43.3253237],[2.1583967,43.3251977]],[[2.1695157,43.3307818],[2.1696288,43.3307095],[2.1699855,43.3307331],[2.1700122,43.3308716],[2.1697717,43.3312965],[2.1696045,43.3313425],[2.1693385,43.3311574],[2.1695157,43.3307818]],[[2.1437528,43.3340619],[2.1435792,43.3339742],[2.1436564,43.3338425],[2.1438418,43.3337818],[2.1439179,43.3339715],[2.1437528,43.3340619]],[[2.1735953,43.3440059],[2.1730721,43.3436952],[2.173005,43.3434643],[2.1737958,43.3433699],[2.1740429,43.3438516],[2.1739928,43.3439999],[2.1735953,43.3440059]],[[2.1436318,43.3464141],[2.1437209,43.3469456],[2.1436168,43.3469914],[2.142732,43.3467921],[2.1420354,43.3469426],[2.1418552,43.346906],[2.1415545,43.3463252],[2.1416815,43.3461474],[2.1426854,43.345826],[2.1429975,43.3458],[2.1432047,43.3458863],[2.1436318,43.3464141]],[[2.1409113,43.3503155],[2.1409941,43.3498689],[2.141078,43.3497718],[2.1414411,43.3499422],[2.1414678,43.3500675],[2.1409113,43.3503155]],[[2.140576,43.350927],[2.1403816,43.3509696],[2.1403732,43.3507602],[2.140658,43.3507162],[2.140576,43.350927]],[[2.1876858,43.3510533],[2.188385,43.3508317],[2.1887512,43.3517004],[2.1887126,43.351892],[2.1876858,43.3510533]],[[2.1405104,43.3516255],[2.1404237,43.3518845],[2.1401684,43.3518674],[2.1400147,43.3519432],[2.1400464,43.3518512],[2.1398985,43.3514535],[2.1404732,43.3514085],[2.1405104,43.3516255]],[[2.1407823,43.3535395],[2.1403953,43.3536577],[2.1402775,43.3535456],[2.1405883,43.3532664],[2.1407823,43.3535395]],[[2.1841094,43.353836],[2.183982,43.3539872],[2.1839209,43.3546762],[2.182989,43.3548294],[2.1828665,43.3547149],[2.1828898,43.3538868],[2.1841094,43.353836]],[[2.1305477,43.3547902],[2.1305477,43.3542489],[2.1308823,43.3542297],[2.1312162,43.3543728],[2.1312383,43.3544571],[2.1307505,43.3548197],[2.1305477,43.3547902]],[[2.1976121,43.3555181],[2.1977028,43.3553468],[2.1978612,43.3552513],[2.1980871,43.355245],[2.1982857,43.3553442],[2.1984298,43.3555488],[2.198384,43.3558323],[2.1980856,43.3559077],[2.1976121,43.3555181]],[[2.1969371,43.3562492],[2.1967924,43.356305],[2.1964993,43.3560541],[2.1966396,43.3559686],[2.1967796,43.3559918],[2.1969371,43.3562492]],[[2.1644515,43.356558],[2.1646607,43.3565356],[2.1646567,43.3566302],[2.1645427,43.3566711],[2.1644515,43.356558]],[[2.1647023,43.357226],[2.1645574,43.3568437],[2.1647157,43.3567794],[2.1647948,43.3571558],[2.1647023,43.357226]],[[2.1875328,43.3593266],[2.1879907,43.3591295],[2.1885753,43.3590221],[2.1894094,43.3590727],[2.189498,43.3592304],[2.1892304,43.3595328],[2.1887896,43.3597114],[2.1884211,43.3597449],[2.1875328,43.3593266]],[[2.1774126,43.3628511],[2.1774361,43.362911],[2.177255,43.3629076],[2.1774126,43.3628511]],[[2.1767467,43.363439],[2.1768674,43.363714],[2.1763109,43.3637803],[2.1763578,43.3634332],[2.1764946,43.3633649],[2.1767467,43.363439]],[[2.1609271,43.3641166],[2.1610947,43.3638329],[2.161316,43.3638329],[2.1614742,43.3641386],[2.1609271,43.3641166]],[[2.1719952,43.3642129],[2.1719741,43.3646728],[2.172276,43.3652724],[2.1719789,43.3652463],[2.1712617,43.3643904],[2.1719952,43.3642129]],[[2.1735903,43.3666709],[2.1737523,43.3665014],[2.1742221,43.3668333],[2.174078,43.3669531],[2.1735903,43.3666709]],[[2.2011656,43.367608],[2.2012192,43.3679219],[2.2013399,43.3680487],[2.2013013,43.3681698],[2.2011156,43.3682978],[2.2010406,43.3688667],[2.200892,43.3687428],[2.2006828,43.36823],[2.2007605,43.3676606],[2.2010288,43.3675709],[2.2011656,43.367608]],[[2.2029668,43.3692909],[2.2029152,43.3695006],[2.2025382,43.3694815],[2.2022639,43.3692597],[2.2024053,43.3688822],[2.2029668,43.3692909]],[[2.1333767,43.3724231],[2.1331971,43.3723125],[2.1333988,43.372281],[2.133482,43.3723665],[2.1333767,43.3724231]],[[2.1570076,43.3729493],[2.1573007,43.3732482],[2.1572408,43.3740174],[2.1569828,43.374805],[2.1564313,43.3754149],[2.1564467,43.3745523],[2.1559553,43.3742764],[2.1553738,43.3742475],[2.154965,43.3741396],[2.1549143,43.3739857],[2.1545373,43.3739524],[2.1560486,43.3730317],[2.156222,43.3727382],[2.1568488,43.372618],[2.1570076,43.3729493]],[[2.1596722,43.3745148],[2.159636,43.3746116],[2.1594737,43.3745556],[2.1594936,43.3744503],[2.1595952,43.3744147],[2.1596722,43.3745148]],[[2.1374647,43.374493],[2.1377008,43.374571],[2.1378241,43.3747113],[2.1379422,43.3753196],[2.1378563,43.3756901],[2.1377416,43.3758011],[2.1375291,43.3756511],[2.1371858,43.3751169],[2.1371053,43.3747542],[2.1374647,43.374493]],[[2.1716547,43.3748918],[2.1727625,43.3745852],[2.1728703,43.3748557],[2.172932,43.3756202],[2.1734893,43.3765446],[2.1729804,43.3768003],[2.1729179,43.3769559],[2.1727707,43.3768975],[2.1724987,43.3770369],[2.1720595,43.3771228],[2.1718162,43.3768191],[2.1716547,43.3748918]],[[2.1549052,43.3787939],[2.1554572,43.3789174],[2.1554518,43.3792108],[2.1553246,43.3794117],[2.1548497,43.3795165],[2.1547146,43.3793415],[2.1545283,43.3796544],[2.1544063,43.3796443],[2.154538,43.3794632],[2.1544256,43.3792586],[2.1546709,43.3788403],[2.1549052,43.3787939]],[[2.1710873,43.3857],[2.1713662,43.3855889],[2.1717095,43.3856513],[2.1718356,43.3857585],[2.1715352,43.3858755],[2.1710873,43.3857]],[[2.1306633,43.3884146],[2.1305239,43.3884692],[2.1305882,43.3887576],[2.1304166,43.3889058],[2.1305024,43.3889448],[2.1302556,43.389358],[2.1298158,43.3895841],[2.1293973,43.3886953],[2.1295154,43.3881495],[2.1304335,43.388076],[2.1306633,43.3884146]],[[2.1405734,43.3982506],[2.1396759,43.3983941],[2.139404,43.3982117],[2.1393879,43.3980479],[2.1406807,43.3981532],[2.1405734,43.3982506]],[[2.1707892,43.3996884],[2.1708037,43.3995073],[2.1715459,43.3987345],[2.1715848,43.398525],[2.1714185,43.3981479],[2.1714748,43.3979169],[2.1721709,43.3975603],[2.1723151,43.3973925],[2.1739013,43.39733],[2.1739895,43.3976179],[2.1744242,43.3979706],[2.1750404,43.3982718],[2.1755875,43.3984149],[2.1767449,43.3983224],[2.1767812,43.3983814],[2.17651,43.3985733],[2.1760189,43.3987039],[2.1748878,43.3988146],[2.1746714,43.3990271],[2.1744138,43.3996157],[2.1740009,43.4002068],[2.1738477,43.400623],[2.1740436,43.4008899],[2.17471,43.4009881],[2.1742227,43.4017188],[2.1748857,43.4027407],[2.1750826,43.4034597],[2.1754243,43.4041102],[2.1754305,43.4045716],[2.1759394,43.4055907],[2.1756997,43.4059212],[2.1751723,43.4058992],[2.1746811,43.4053772],[2.1735249,43.4052849],[2.1734638,43.4050041],[2.1735267,43.4045864],[2.1731183,43.4040458],[2.1720728,43.4042255],[2.1718807,43.4041682],[2.171886,43.4040459],[2.1721574,43.4038777],[2.1721682,43.4033814],[2.1718916,43.402903],[2.1717989,43.4024635],[2.1717588,43.4018515],[2.1718343,43.4015393],[2.1717008,43.4012333],[2.17133,43.4009176],[2.171157,43.4005488],[2.1709847,43.4004036],[2.1709497,43.3999272],[2.1707892,43.3996884]],[[2.3286376,43.3220452],[2.3287007,43.3220627],[2.3286081,43.3221086],[2.3286376,43.3220452]],[[2.2976539,43.3248152],[2.2983575,43.3246198],[2.2991349,43.3241897],[2.2995031,43.3245615],[2.299369,43.3246642],[2.2975533,43.325089],[2.2976539,43.3248152]],[[2.2468452,43.3308228],[2.2474886,43.3306341],[2.2490232,43.3304247],[2.2493611,43.3305535],[2.2494416,43.3307486],[2.2492763,43.3309199],[2.2485457,43.3310998],[2.2478923,43.3314106],[2.2472797,43.3314822],[2.2468452,43.3308228]],[[2.2443236,43.3344649],[2.2445811,43.3346268],[2.2449164,43.3346658],[2.245257,43.3350111],[2.2450103,43.3350384],[2.244219,43.3346561],[2.2441332,43.3344707],[2.2443236,43.3344649]],[[2.2623897,43.3370556],[2.2624111,43.3367396],[2.2622663,43.3365016],[2.2625989,43.3363806],[2.262792,43.3366498],[2.2627008,43.3368995],[2.2623897,43.3370556]],[[2.3252794,43.3377296],[2.3250139,43.3376214],[2.3245566,43.3377423],[2.3243876,43.3375931],[2.3245002,43.3374419],[2.3249763,43.3374721],[2.3252258,43.3373112],[2.3255865,43.3374321],[2.3252794,43.3377296]],[[2.2257201,43.3407216],[2.2255351,43.3401754],[2.2260018,43.3400895],[2.226093,43.3401773],[2.226042,43.3407391],[2.2259562,43.3407957],[2.2257201,43.3407216]],[[2.206193,43.3427144],[2.2066715,43.3421864],[2.2068486,43.3421176],[2.2072593,43.3424784],[2.2073206,43.3426827],[2.2071515,43.3428567],[2.2068097,43.3429824],[2.206205,43.3429037],[2.206193,43.3427144]],[[2.2477461,43.3477063],[2.2477681,43.3479816],[2.2472186,43.3483591],[2.2465873,43.3483227],[2.2464228,43.3480158],[2.2464622,43.3477206],[2.2473384,43.3476062],[2.2477461,43.3477063]],[[2.2330215,43.3492708],[2.2331645,43.3492924],[2.2337934,43.3491028],[2.2338381,43.3492296],[2.2330722,43.3494528],[2.2330215,43.3492708]],[[2.2289596,43.3701567],[2.2282445,43.3695954],[2.227517,43.369463],[2.2270288,43.3689953],[2.2264181,43.3686762],[2.2264185,43.3685063],[2.2270367,43.3678826],[2.227485,43.3678915],[2.2296305,43.3693674],[2.229665,43.369601],[2.2295772,43.3698558],[2.2292156,43.3702079],[2.2289596,43.3701567]],[[2.2982681,43.3699019],[2.298398,43.3699315],[2.2984234,43.3701527],[2.2982363,43.3702323],[2.2981192,43.3701295],[2.2982681,43.3699019]],[[2.2301229,43.3711639],[2.229929,43.3712158],[2.2288045,43.3710033],[2.2287243,43.3708835],[2.2280849,43.3707705],[2.2280192,43.3706864],[2.2280524,43.3705422],[2.228229,43.3704955],[2.2286901,43.3707861],[2.2291432,43.3709593],[2.2301336,43.3710824],[2.2301229,43.3711639]],[[2.2463713,43.3726353],[2.2462701,43.3727717],[2.2458743,43.3727516],[2.2458388,43.3726465],[2.2459888,43.3724352],[2.2463564,43.3724981],[2.2463713,43.3726353]],[[2.2462996,43.3733565],[2.246054,43.3734086],[2.2455494,43.373248],[2.2454559,43.3730592],[2.2456061,43.3728412],[2.2463005,43.372995],[2.2462996,43.3733565]],[[2.2128905,43.3778796],[2.2139451,43.3773618],[2.2140488,43.3772463],[2.2140844,43.3769827],[2.2139125,43.3765583],[2.2135934,43.3761317],[2.2128375,43.375804],[2.2125822,43.3755519],[2.2119941,43.3753774],[2.213061,43.3746416],[2.2133881,43.3748624],[2.2142025,43.3751654],[2.2145628,43.37539],[2.2150959,43.3760533],[2.2152684,43.3766285],[2.2154282,43.3768723],[2.2159219,43.3772335],[2.2161481,43.3776918],[2.2160672,43.3780621],[2.2157453,43.3786465],[2.2154645,43.3787436],[2.2153969,43.3791627],[2.2151029,43.3791721],[2.2151971,43.3788408],[2.2147557,43.3790742],[2.2145846,43.379084],[2.214592,43.3788296],[2.2150031,43.3785106],[2.2147165,43.378166],[2.2146557,43.3777767],[2.2128905,43.3778796]],[[2.2200149,43.3786924],[2.2200212,43.3776142],[2.2202972,43.3775154],[2.2205564,43.3776268],[2.2211066,43.3783812],[2.2210977,43.3787145],[2.2207592,43.3792067],[2.2203097,43.3795666],[2.2198112,43.3797193],[2.2196754,43.3796561],[2.2196881,43.3794969],[2.2199028,43.3791668],[2.2200149,43.3786924]],[[2.2421809,43.3839012],[2.2416578,43.3846615],[2.241116,43.3846127],[2.2410624,43.384488],[2.2415291,43.3837843],[2.2421809,43.3839012]],[[2.264655,43.3879532],[2.2642056,43.3880432],[2.2641843,43.3879223],[2.2639083,43.387786],[2.2639507,43.387714],[2.26388,43.3876008],[2.2642587,43.3870967],[2.2653877,43.3873976],[2.2652284,43.3875339],[2.264963,43.387606],[2.2648497,43.3878477],[2.264556,43.3877731],[2.264655,43.3879532]],[[2.2394885,43.3885205],[2.2390471,43.3879407],[2.2390735,43.3877731],[2.2398129,43.38764],[2.2399292,43.3877314],[2.2399314,43.3881601],[2.2396747,43.3885398],[2.2394885,43.3885205]],[[2.24596,43.394059],[2.2459222,43.3944568],[2.2457668,43.3946781],[2.2457407,43.3955867],[2.2455478,43.3959964],[2.245292,43.3959779],[2.2450878,43.3953722],[2.2450136,43.394039],[2.2448166,43.3935472],[2.245096,43.392721],[2.2462879,43.392754],[2.246377,43.3929066],[2.2462086,43.3936298],[2.24596,43.394059]],[[2.3186335,43.3993519],[2.3183346,43.3996811],[2.3182854,43.3996136],[2.3184452,43.3992869],[2.3186335,43.3993519]],[[2.2718498,43.4074813],[2.2715521,43.4075398],[2.2714958,43.407265],[2.2716285,43.4072718],[2.2718498,43.4074813]],[[2.2776811,43.4133367],[2.2776087,43.4135529],[2.2774747,43.4135774],[2.2774424,43.4134497],[2.277547,43.413325],[2.2776811,43.4133367]],[[2.2725445,43.4138607],[2.2736764,43.4135372],[2.274473,43.4136035],[2.2747412,43.4134534],[2.2749218,43.4134689],[2.276033,43.4138416],[2.2809812,43.4158148],[2.2805724,43.416335],[2.2806555,43.4164305],[2.2810605,43.4165649],[2.281664,43.4172274],[2.2819121,43.4173803],[2.2817968,43.4175157],[2.2815111,43.417618],[2.2814065,43.4179268],[2.281652,43.418316],[2.2818491,43.4183999],[2.2818384,43.4185843],[2.2819329,43.4186418],[2.2821072,43.4186194],[2.2821126,43.4185405],[2.2825565,43.4186169],[2.2828897,43.4187674],[2.282749,43.418933],[2.2828046,43.4190801],[2.2829998,43.4190835],[2.2831554,43.4196135],[2.2830883,43.4197045],[2.2831909,43.4197761],[2.2828542,43.4198833],[2.2827027,43.4198589],[2.2827087,43.4197021],[2.2825357,43.4198736],[2.2825646,43.4197284],[2.2824586,43.419667],[2.2822977,43.4197971],[2.2823252,43.4199685],[2.2822856,43.4199101],[2.2821542,43.4199632],[2.2822782,43.4200396],[2.2818001,43.4202919],[2.2816989,43.4207712],[2.2808325,43.4211666],[2.2805938,43.4213537],[2.280111,43.4220043],[2.2801566,43.4222069],[2.280449,43.4225868],[2.2808164,43.4229433],[2.2813609,43.423257],[2.2818464,43.4238628],[2.2818249,43.4240011],[2.2811919,43.4241609],[2.2811115,43.4243167],[2.2812879,43.4249986],[2.2806635,43.4252089],[2.2798857,43.4248349],[2.2798187,43.4247238],[2.2800547,43.4242797],[2.2799957,43.4240829],[2.2786492,43.4225927],[2.2783005,43.4211783],[2.2780108,43.4209816],[2.2774181,43.4210205],[2.2765169,43.4214433],[2.2756532,43.4215309],[2.2746608,43.4213225],[2.2741511,43.4215134],[2.2733679,43.4215777],[2.2729549,43.421718],[2.2723031,43.4217374],[2.2716647,43.4219556],[2.2700983,43.4222323],[2.2694761,43.4220589],[2.2693232,43.4219128],[2.2693285,43.4217102],[2.2695136,43.4215641],[2.2698328,43.4215231],[2.2699508,43.4212601],[2.2698274,43.4211978],[2.2693983,43.4213303],[2.2692937,43.4215524],[2.2689798,43.4217452],[2.2685802,43.4218504],[2.2681591,43.4217433],[2.2681457,43.4213575],[2.268261,43.4210926],[2.2689825,43.4203309],[2.2690067,43.4201828],[2.2688994,43.4199646],[2.2681725,43.4197152],[2.2662601,43.4198536],[2.266252,43.4197269],[2.2668689,43.4189126],[2.266826,43.4186165],[2.2672123,43.4178625],[2.2675958,43.4175956],[2.2682396,43.4174046],[2.2689906,43.4167909],[2.269181,43.4166974],[2.2695672,43.4166682],[2.2702029,43.4162883],[2.2704256,43.4157954],[2.2704363,43.4155869],[2.2697818,43.4150375],[2.2697684,43.4149303],[2.2703397,43.4144588],[2.2716942,43.4139113],[2.2725445,43.4138607]],[[2.2779073,43.425272],[2.277949,43.4252631],[2.2779141,43.4252887],[2.2779073,43.425272]],[[2.2786519,43.4264751],[2.2786063,43.4261634],[2.2784889,43.4259698],[2.2788531,43.4257173],[2.2801957,43.4255281],[2.2810914,43.4252654],[2.2812228,43.4253716],[2.2817203,43.4252479],[2.2819081,43.4254504],[2.2818089,43.4256491],[2.2822031,43.4263193],[2.2822809,43.4267127],[2.2822514,43.4269173],[2.282116,43.4270234],[2.2815111,43.4267537],[2.2811101,43.4267819],[2.2808379,43.426702],[2.2807346,43.4264634],[2.2801405,43.4261663],[2.2795477,43.4261712],[2.2793466,43.426255],[2.2791132,43.4265861],[2.2788396,43.426592],[2.2786519,43.4264751]],[[2.2693371,43.4298625],[2.2692358,43.4304599],[2.2689525,43.4301046],[2.2690008,43.4299248],[2.2691661,43.4298251],[2.2693371,43.4298625]],[[2.2695968,43.4303534],[2.2695968,43.4298762],[2.2707555,43.4300281],[2.2708815,43.4301644],[2.2709084,43.4305326],[2.2695968,43.4303534]],[[2.2522572,43.4417185],[2.2521903,43.4417611],[2.2520322,43.4417237],[2.2521957,43.4416281],[2.2522572,43.4417185]],[[2.2641043,43.4470379],[2.2642273,43.4468573],[2.2644189,43.4469479],[2.2641043,43.4470379]],[[2.2599415,43.4565101],[2.2597225,43.4562401],[2.2604093,43.4560974],[2.2606773,43.4559357],[2.2604746,43.456305],[2.2599415,43.4565101]],[[2.2591154,43.4564763],[2.259671,43.4564373],[2.2596366,43.4565887],[2.2593002,43.4567317],[2.2591154,43.4564763]],[[2.3581744,43.3274571],[2.3582389,43.3272775],[2.3583989,43.3272836],[2.3583231,43.3275102],[2.3581744,43.3274571]],[[2.3997861,43.3498742],[2.3996375,43.3498559],[2.3997584,43.3498192],[2.3997861,43.3498742]],[[2.3996598,43.3504215],[2.3995516,43.3503628],[2.3996131,43.3502936],[2.3997309,43.3503404],[2.3996598,43.3504215]],[[2.3815172,43.3620947],[2.3813657,43.3620635],[2.381481,43.3618256],[2.3816192,43.3618312],[2.3815172,43.3620947]],[[2.4262571,43.3830986],[2.4264318,43.3831934],[2.4262565,43.3831663],[2.4262571,43.3830986]],[[2.4233222,43.3941106],[2.4236977,43.3940911],[2.4237192,43.3943094],[2.4236441,43.394438],[2.4232739,43.3945141],[2.4233222,43.3941106]],[[2.421914,43.394783],[2.4218899,43.3949019],[2.4217638,43.3949565],[2.4214634,43.3949097],[2.4217504,43.3947284],[2.421914,43.394783]],[[2.4354377,43.3977649],[2.4363068,43.3979793],[2.4362987,43.3980962],[2.4361619,43.398217],[2.4360144,43.3982307],[2.4358615,43.398067],[2.4355718,43.3980494],[2.4354377,43.3977649]],[[2.4411881,43.3987853],[2.4410201,43.3985774],[2.440743,43.3985015],[2.4407793,43.3982969],[2.4408747,43.3982275],[2.4412517,43.3982308],[2.4412926,43.3983497],[2.4416151,43.3984388],[2.4416878,43.3988414],[2.4415333,43.3989899],[2.4411609,43.3988678],[2.4411881,43.3987853]],[[2.435537,43.3987315],[2.4356067,43.3984665],[2.4360949,43.3984782],[2.4358508,43.3988173],[2.435537,43.3987315]],[[2.4356174,43.3989849],[2.4359822,43.3990395],[2.4359286,43.399324],[2.4355316,43.399324],[2.4356174,43.3989849]],[[2.4357408,43.3994663],[2.4358454,43.3996319],[2.4355397,43.3998229],[2.435714,43.3996417],[2.4356765,43.3995598],[2.4354431,43.3996806],[2.4353787,43.3996124],[2.4355531,43.3994585],[2.4357408,43.3994663]],[[2.4353465,43.4000314],[2.4353868,43.3999944],[2.4355504,43.4000353],[2.4354646,43.4001873],[2.4353465,43.4000314]],[[2.3951416,43.4013156],[2.3954205,43.4011811],[2.3956083,43.4014344],[2.3955493,43.401567],[2.3954286,43.4015806],[2.3951416,43.4013156]],[[2.4403408,43.4037769],[2.440424,43.40351],[2.440365,43.4033054],[2.4396488,43.4032859],[2.4395737,43.403206],[2.4402955,43.4028252],[2.440263,43.402673],[2.440507,43.4021981],[2.440392,43.4020162],[2.4435491,43.4021241],[2.4437117,43.4022418],[2.4433191,43.4031221],[2.4434254,43.4037536],[2.4433878,43.4039231],[2.4432058,43.4040571],[2.4429935,43.4040205],[2.4429168,43.4039256],[2.4423364,43.403964],[2.4412851,43.403845],[2.4406654,43.4039406],[2.4403408,43.4037769]],[[2.4522186,43.4041888],[2.4514783,43.4041927],[2.4511725,43.404105],[2.4515293,43.4039686],[2.4515937,43.4038341],[2.4519933,43.4037153],[2.4520899,43.4037094],[2.4522562,43.4038653],[2.4529079,43.4038478],[2.4528355,43.4040699],[2.4522588,43.4040349],[2.4522186,43.4041888]],[[2.4494818,43.4051079],[2.4496722,43.4051332],[2.4496025,43.4052365],[2.4494603,43.405217],[2.4494818,43.4051079]],[[2.4508765,43.4075086],[2.4506003,43.4076801],[2.450442,43.4076197],[2.4505708,43.407341],[2.4508765,43.4075086]]],[[[2.2290272,43.4094257],[2.2291182080511014,43.40972360338679],[2.229036734989943,43.40923095297519],[2.2290272,43.4094257]]],[[[2.2226963,43.419133],[2.222708322981468,43.419211497151736],[2.2227266285558755,43.419085560706634],[2.2226963,43.419133]]],[[[2.2227726881300955,43.41982939124573],[2.2227933,43.4205115],[2.2229418123144624,43.420835440220564],[2.2228648,43.4200367],[2.2227726881300955,43.41982939124573]]],[[[2.1613535,43.3640713],[2.1612818,43.363947],[2.161092,43.3639894],[2.1613535,43.3640713]]],[[[2.2983534,43.3699482],[2.2983178,43.3699509],[2.298263,43.3700472],[2.2983534,43.3699482]]],[[[2.4414815,43.4033082],[2.4415008,43.4030896],[2.441389,43.4029748],[2.441173,43.40293],[2.440934,43.4032101],[2.4410535,43.403353],[2.4414815,43.4033082]]]]}},{"type":"Feature","properties":{"id":"pyrenees-audoises","name":"Pyrénées Audoises","type":"island","members":["artigues-11","aunat-11","axat-11","belcaire-11","belfort-sur-rebenty-11","belvianes-et-cavirac-11","belvis-11","bessede-de-sault-11","cailla-11","campagna-de-sault-11","campagne-sur-aude-11","camurac-11","chalabre-11","comus-11","corbieres-11","coudons-11","counozouls-11","courtauly-11","escouloubre-11","esperaza-11","espezel-11","fontanes-de-sault-11","galinagues-11","gincla-11","ginoles-11","granes-11","joucou-11","la-fajolle-11","le-bousquet-11","le-clat-11","marsa-11","mazuby-11","merial-11","montfort-sur-boulzane-11","montjardin-11","nebias-11","niort-de-sault-11","peyrefitte-du-razes-11","puilaurens-11","puivert-11","quillan-11","quirbajou-11","rivel-11","rodome-11","roquefeuil-11","roquefort-de-sault-11","saint-benoit-11","saint-ferriol-11","saint-jean-de-paracol-11","saint-julia-de-bec-11","saint-just-et-le-bezu-11","saint-louis-et-parahou-11","saint-martin-lys-11","sainte-colombe-sur-guette-11","sainte-colombe-sur-lhers-11","salvezines-11","sonnac-sur-lhers-11","treziers-11","val-de-lambronne-11","val-du-faby-11","villefort-11"]},"geometry":{"type":"MultiPolygon","coordinates":[[[[1.970189,42.7360354],[1.9677098,42.7360272],[1.9629869,42.7370366],[1.9594272,42.7357319],[1.9513844,42.7357934],[1.9490806,42.7367215],[1.9480961,42.739348],[1.9486966,42.7400188],[1.9479646,42.7409969],[1.9472124,42.7450952],[1.9466057,42.7454051],[1.9443697,42.7451298],[1.9424894,42.7459701],[1.940552,42.7462752],[1.9358723,42.7496908],[1.9315535,42.7513371],[1.9316308,42.7535621],[1.9300582,42.7553048],[1.9226781,42.7551831],[1.920103,42.7573965],[1.9136806,42.7580317],[1.9108172,42.763783],[1.9072735,42.7673391],[1.908418,42.7689844],[1.9107669,42.7692535],[1.9136438,42.7697559],[1.9144593,42.7702058],[1.9158064,42.7700553],[1.9214584,42.7699605],[1.9221884,42.7705922],[1.9245444,42.7711034],[1.9274515,42.7736565],[1.9287794,42.77506],[1.92754,42.7757927],[1.9233797,42.7775803],[1.9228775,42.7781516],[1.9221671,42.779205],[1.9213491,42.7800316],[1.9211092,42.7801765],[1.9197891,42.7805688],[1.9194844,42.7811912],[1.918873,42.7817471],[1.9185901,42.7821885],[1.9174845,42.7831196],[1.9157632,42.7852301],[1.9150279,42.7859112],[1.9146343,42.7865583],[1.9137468,42.788501],[1.9137169,42.7888679],[1.9108498,42.7907654],[1.9105975,42.7911262],[1.9103101,42.7912384],[1.9096213,42.7922398],[1.9089075,42.7928292],[1.9088683,42.7929346],[1.9085703,42.7930673],[1.9084734,42.7934094],[1.9080112,42.7940075],[1.9079066,42.7939736],[1.9073381,42.7947721],[1.9069402,42.7961531],[1.9071101,42.796352],[1.9071128,42.7964704],[1.9069612,42.7966423],[1.9067985,42.7973935],[1.9063121,42.7979477],[1.9062247,42.7979576],[1.905921,42.7983813],[1.9057775,42.7984013],[1.905661,42.7985528],[1.9044728,42.7989807],[1.9039602,42.7992825],[1.902674,42.7997074],[1.901926,42.8001679],[1.9012591,42.8003211],[1.8999157,42.8011839],[1.8997861,42.8014257],[1.8994148,42.8015501],[1.8984957,42.8025814],[1.8980159,42.8027098],[1.8978933,42.8028615],[1.8981586,42.8031489],[1.8982293,42.8034602],[1.8984359,42.8034588],[1.898547,42.803645],[1.8985039,42.8037298],[1.8986089,42.8043255],[1.8981817,42.805409],[1.897865,42.8056782],[1.8976793,42.8059642],[1.8976259,42.8066339],[1.8974036,42.8071545],[1.8964385,42.808143],[1.8950041,42.8089552],[1.8946672,42.8089508],[1.8943046,42.8090724],[1.8937505,42.8096229],[1.8930854,42.8099738],[1.8926086,42.8101585],[1.8911085,42.8104101],[1.8909045,42.8106459],[1.8893718,42.8114536],[1.8891527,42.8114908],[1.8890013,42.8114186],[1.8878717,42.8116893],[1.8874103,42.8116091],[1.8861611,42.8116219],[1.8852652,42.8119473],[1.88503,42.8121052],[1.8841433,42.8123615],[1.8831561,42.8124486],[1.8824799,42.8123726],[1.8815508,42.8125134],[1.879431,42.8131344],[1.8794902,42.8132673],[1.8792039,42.8138908],[1.8787711,42.8142871],[1.8780398,42.8145046],[1.8745025,42.8142985],[1.8730541,42.8145937],[1.8725123,42.8147944],[1.8717774,42.8148337],[1.8693563,42.8153372],[1.8689329,42.8154919],[1.8673352,42.8165617],[1.8664844,42.8172973],[1.8662669,42.8173923],[1.865141,42.8174373],[1.8636833,42.8178373],[1.8627604,42.8177498],[1.8622767,42.8179065],[1.8614516,42.8183603],[1.8613191,42.8187726],[1.8611599,42.8189488],[1.8605951,42.8192439],[1.8604504,42.8195911],[1.8598979,42.8199845],[1.8597155,42.8202954],[1.8594436,42.8216748],[1.859221,42.8218694],[1.8592206,42.8221224],[1.8594232,42.8228309],[1.8594167,42.8230364],[1.8592868,42.8232542],[1.859543,42.8241015],[1.8593731,42.8243128],[1.8591068,42.8244475],[1.8590507,42.8246207],[1.8591187,42.8249148],[1.8597181,42.8257896],[1.8599713,42.8269189],[1.8605955,42.8275608],[1.8608209,42.8279678],[1.8614895,42.8285374],[1.8624361,42.8290614],[1.8628226,42.8295888],[1.8635826,42.8297894],[1.8637482,42.8299057],[1.8645141,42.8310133],[1.864747,42.8318326],[1.8651543,42.8318321],[1.8655014,42.832007],[1.8659228,42.8317286],[1.8662471,42.8317991],[1.866684,42.8321696],[1.8670681,42.8326477],[1.8683082,42.8333048],[1.8691307,42.8339327],[1.8716362,42.8350443],[1.8718231,42.8353838],[1.8725029,42.8357024],[1.8729852,42.8360896],[1.873625,42.8370376],[1.8739176,42.8372219],[1.8740576,42.8374938],[1.8745187,42.8377816],[1.8750734,42.8390707],[1.8753702,42.8393767],[1.8759737,42.8397853],[1.8763775,42.8402038],[1.8764874,42.8403786],[1.876919,42.8426326],[1.8769034,42.8439161],[1.8770418,42.8439626],[1.8769452,42.8441084],[1.8762979,42.8444269],[1.8756097,42.8457078],[1.875791,42.8461986],[1.8757697,42.8465672],[1.8753743,42.8472963],[1.8753322,42.8479585],[1.8750389,42.848688],[1.8751208,42.8489],[1.8758505,42.8493537],[1.8760705,42.8497166],[1.8762616,42.8502159],[1.8762583,42.8506461],[1.8760419,42.8510276],[1.8762536,42.8512606],[1.8763619,42.8516708],[1.8768282,42.8525946],[1.8769093,42.8529091],[1.8840759,42.8527267],[1.8981072,42.8532361],[1.9131923,42.8538515],[1.9458735,42.8557],[1.9602014,42.8611278],[1.9607088,42.8611897],[1.9768747,42.8677573],[1.987431,42.870596],[1.9808318,42.8786253],[1.9826495,42.8828609],[1.982489,42.8833102],[1.9827312,42.8846264],[1.9831693,42.8850631],[1.9836413,42.8853258],[1.9840391,42.8859122],[1.9835534,42.8868635],[1.983385,42.8875497],[1.9832271,42.8886713],[1.9833966,42.8889378],[1.9832917,42.8900015],[1.9834938,42.8903165],[1.9843009,42.8906334],[1.9849092,42.8912302],[1.9853315,42.8921215],[1.985601,42.892161],[1.9859866,42.8925878],[1.9860177,42.8928926],[1.9863844,42.8934669],[1.9864973,42.8934895],[1.9870189,42.8949317],[1.9868522,42.895982],[1.9842204,42.9029514],[1.987315,42.9039345],[1.9889302,42.9047739],[1.9896944,42.904879],[1.9918781,42.9055569],[1.9907262,42.9097924],[1.9906707,42.9099191],[1.9899666,42.9100717],[1.9897202,42.9104004],[1.9892399,42.911548],[1.9885816,42.9127934],[1.9885233,42.9132123],[1.9883919,42.9135029],[1.9881039,42.9138028],[1.9873937,42.9151879],[1.9875059,42.9159032],[1.9874313,42.9160411],[1.987456,42.9167973],[1.9873921,42.9170206],[1.9869835,42.9176686],[1.9866016,42.917986],[1.9873167,42.9182091],[1.987586,42.9181612],[1.9882251,42.9182325],[1.9853076,42.9193714],[1.9819263,42.920912],[1.9812055,42.921074],[1.9806714,42.9297873],[1.9786093,42.9298653],[1.9760063,42.930293],[1.974695,42.930682],[1.9689085,42.9316557],[1.9634643,42.9329936],[1.958549,42.9340324],[1.9562636,42.9346124],[1.9538043,42.9353722],[1.9506876,42.9365771],[1.9471757,42.9370058],[1.9457268,42.9375417],[1.9424923,42.9377992],[1.9388311,42.9385474],[1.9370589,42.9386678],[1.9334942,42.9396482],[1.936575,42.9539113],[1.9395231,42.9546663],[1.9402156,42.9550128],[1.944516,42.9536781],[1.945726,42.9561912],[1.9458082,42.9565197],[1.9460976,42.9566298],[1.9468495,42.9565922],[1.9500279,42.9561472],[1.9505389,42.9559868],[1.9511151,42.9556236],[1.9524394,42.9550016],[1.9524639,42.9551379],[1.952567,42.9551052],[1.9524146,42.9553916],[1.9523507,42.9566499],[1.9522414,42.9569949],[1.9523345,42.9574073],[1.9520354,42.9575869],[1.9519154,42.9579361],[1.9515829,42.9579406],[1.9518636,42.9589375],[1.9529413,42.9583911],[1.9555968,42.9582128],[1.9570175,42.9602061],[1.9570334,42.9606412],[1.9567837,42.9612395],[1.9564986,42.9624463],[1.9567346,42.9631653],[1.9576372,42.9640719],[1.9577912,42.9638536],[1.959039,42.962956],[1.9594231,42.9625318],[1.9618398,42.9611356],[1.962411,42.9609029],[1.9628741,42.9608152],[1.9644316,42.9607013],[1.9714395,42.9609258],[1.9717368,42.9610318],[1.9742011,42.9601831],[1.9747777,42.9602145],[1.9765267,42.9609672],[1.9801697,42.9606104],[1.9808053,42.9601677],[1.9801204,42.959283],[1.9805108,42.9588131],[1.9810921,42.9584011],[1.9812367,42.9581891],[1.9820551,42.957488],[1.9829002,42.9568496],[1.9834292,42.9565842],[1.9842321,42.9563504],[1.9853409,42.955787],[1.9862215,42.9555381],[1.9866852,42.9552221],[1.9883386,42.9537368],[1.9889828,42.9534421],[1.9899188,42.9532905],[1.9936064,42.9539066],[1.994014,42.9538323],[1.9946256,42.9532788],[1.9950341,42.9530401],[1.9952041,42.9530341],[1.9956731,42.9531834],[1.9962572,42.9535434],[1.9965103,42.9538761],[1.9965747,42.9543627],[1.9968017,42.9545606],[1.9971193,42.954578],[1.9985403,42.9541057],[1.9987861,42.9541492],[1.9989375,42.9542811],[1.9993188,42.9548968],[1.9992867,42.9552953],[1.9994246,42.9555929],[2.0002062,42.9561718],[2.0010522,42.9564613],[2.0013577,42.9567312],[2.0014051,42.956985],[2.0011392,42.9577682],[2.0010191,42.9580267],[2.0006441,42.9583432],[2.0006046,42.9585455],[2.0007608,42.9586844],[2.0021677,42.9584913],[2.0026798,42.9586184],[2.0030192,42.9590601],[2.0029794,42.9593111],[2.0030651,42.9595829],[2.0038166,42.9605818],[2.0043718,42.961119],[2.0059067,42.9621793],[2.0061389,42.9625684],[2.0060441,42.9629684],[2.0058088,42.9631359],[2.0048539,42.9633052],[2.0037255,42.9633138],[2.0029527,42.963443],[2.0020385,42.9637892],[2.0015597,42.9611212],[2.0010402,42.9611934],[1.9996141,42.9611891],[1.9991305,42.961323],[1.9987122,42.9612684],[1.9984072,42.9614089],[1.9980861,42.9614469],[1.9980391,42.9613545],[1.9976097,42.9612897],[1.9975365,42.9614001],[1.9972324,42.9613869],[1.9972349,42.9614484],[1.9970055,42.961542],[1.9967602,42.9614798],[1.9965615,42.9615775],[1.9961123,42.9615536],[1.9958015,42.9617453],[1.9957546,42.9616448],[1.995593,42.961591],[1.995472,42.9617648],[1.9949276,42.9618062],[1.9949212,42.9619415],[1.9945922,42.9618933],[1.9944439,42.9619585],[1.9944377,42.9620732],[1.9941938,42.9622652],[1.9939765,42.9621887],[1.9937222,42.9622555],[1.9936332,42.9621896],[1.9933172,42.9623158],[1.99308,42.9623068],[1.992881,42.9624538],[1.9928887,42.9625645],[1.9925917,42.9627727],[1.9923359,42.962612],[1.991956,42.9626723],[1.9915545,42.9630892],[1.9914493,42.963423],[1.9909197,42.9637883],[1.988714,42.9648347],[1.9877163,42.9657375],[1.9862234053115377,42.966525237269686],[1.9862093,42.9666318],[1.9865291,42.9667703],[1.9865833,42.9669391],[1.9860667,42.9673225],[1.9851374474917567,42.9673753613787],[1.9849322,42.9675719],[1.984881,42.9681226],[1.9849978,42.9682831],[1.9859542,42.9691857],[1.9867661,42.9693753],[1.9867948,42.9704361],[1.9866718,42.9711916],[1.9867051,42.9714581],[1.9878123,42.9730681],[1.9872611,42.9730536],[1.9878373,42.9747925],[1.9876794,42.9749432],[1.9870106,42.9747412],[1.9864731,42.9747677],[1.9869921,42.9761325],[1.9862291,42.9765298],[1.9845965,42.9770473],[1.9852702,42.9776029],[1.9857062,42.977635],[1.9857531,42.979809],[1.9846017,42.9812156],[1.984322,42.9817627],[1.9847446,42.982214],[1.9847295,42.9829748],[1.9848288,42.9834159],[1.9848026,42.9836087],[1.984607,42.983751],[1.98461,42.9838494],[1.9847607,42.9846668],[1.9849442,42.9848007],[1.9849172,42.9851203],[1.9845294,42.9850802],[1.9839413,42.986311],[1.9827731,42.9861375],[1.9821759,42.987546],[1.9822752,42.9882371],[1.9840634,42.9889724],[1.9853631,42.9892061],[1.9852828,42.9895851],[1.9849457,42.9897789],[1.9845313,42.9897656],[1.9855279,42.9909257],[1.9859562,42.9923082],[1.9846853,42.9934151],[1.985037,42.9935725],[1.9857379,42.99369],[1.9874451,42.9936159],[1.9873027,42.9941235],[1.9866625,42.9948932],[1.9864338,42.9949648],[1.9863031,42.9951123],[1.9861946,42.9952992],[1.9862197,42.9955951],[1.9858403,42.9961723],[1.9852243,42.9966206],[1.9854768,42.9970717],[1.985815,42.9974277],[1.9862707,42.9976132],[1.9872165,42.9982011],[1.987523,42.9986162],[1.9875345,42.9989449],[1.9873576,42.9997167],[1.987503,42.9999511],[1.9872939,43.0000363],[1.9871623,43.000194],[1.9870761,43.000431],[1.9871473,43.000793],[1.9869376,43.0009825],[1.9870471,43.0010771],[1.9869189,43.0014435],[1.987021,43.0016188],[1.9870681,43.0021978],[1.9869182,43.0023488],[1.986921,43.0026567],[1.9867147,43.002656],[1.9859282,43.0030726],[1.9859195,43.0037708],[1.9853302,43.0037993],[1.9852893,43.004516],[1.9854833,43.0046663],[1.9851163,43.0046988],[1.9838897,43.0043096],[1.9837374,43.004469],[1.9832459,43.0042369],[1.9829123,43.0048181],[1.9825485,43.0050862],[1.9815389,43.0056164],[1.9805483,43.0060154],[1.9784397,43.0066699],[1.9778109,43.0063768],[1.9773828,43.0062694],[1.977275,43.0066679],[1.9769129,43.0070184],[1.9766113,43.0076164],[1.9761403,43.0081567],[1.9754186,43.0080787],[1.9739365,43.008124],[1.9710372,43.0084229],[1.9702291,43.008339],[1.9698865,43.0079984],[1.9696874,43.0079237],[1.9694147,43.0080092],[1.9809914,43.0193059],[1.9810534,43.0192777],[1.9812262,43.0194883],[1.9818644,43.0195045],[1.9823859,43.0196424],[1.982659,43.0198959],[1.9828582,43.02024],[1.9835475,43.0207758],[1.9839616,43.0214129],[1.9844628,43.0216955],[1.9848284,43.0220231],[1.9849318,43.022205],[1.984774,43.022724],[1.9848646,43.0229233],[1.9852419,43.0234294],[1.9859017,43.0236788],[1.9853685,43.0249342],[1.9854256,43.0250933],[1.985837,43.0255317],[1.9858246,43.0256821],[1.9855451,43.025843],[1.9852662,43.0258876],[1.9852193,43.0259783],[1.9851972,43.0264465],[1.9852728,43.0267448],[1.985189,43.0271987],[1.985354,43.0274235],[1.9851204,43.0276697],[1.9853086,43.0279059],[1.9853914,43.028312],[1.9850958,43.0285807],[1.9856277,43.0289259],[1.9857424,43.0291646],[1.9856831,43.0293773],[1.9852791,43.0296542],[1.9852549,43.0298273],[1.9853356,43.0299127],[1.9859242,43.0300659],[1.9861173,43.0302692],[1.9861125,43.0303547],[1.9859303,43.030503],[1.9857545,43.0310315],[1.9854413,43.0314359],[1.9855021,43.0321108],[1.9853973,43.0323227],[1.984755,43.0328718],[1.9845463,43.0331214],[1.9844302,43.0334336],[1.9839428,43.0336928],[1.9833767,43.0337671],[1.9829217,43.034038],[1.9829863,43.0340699],[1.9812254,43.0368613],[1.9807467,43.0374869],[1.9798824,43.0378634],[1.9752718,43.0402568],[1.9755785,43.0409673],[1.9757093,43.0426606],[1.9753157,43.0432729],[1.9753865,43.0436565],[1.9750675,43.0440228],[1.9729701,43.0447409],[1.9733289,43.0461753],[1.9725681,43.0466023],[1.9714599,43.0468321],[1.9696481,43.04699],[1.9686481,43.0472275],[1.9681379,43.0470868],[1.967873,43.0472249],[1.9671111,43.0472746],[1.9669468,43.0475794],[1.9664171,43.0478556],[1.9663009,43.0480216],[1.9659417,43.0481023],[1.96568,43.0482628],[1.9653856,43.0482618],[1.9649461,43.0487246],[1.9645559,43.0488648],[1.9641538,43.0487542],[1.9632,43.0491904],[1.9619358,43.0494518],[1.9615514,43.0497534],[1.9611613,43.0498762],[1.9610546,43.0501688],[1.9608534,43.0504089],[1.9601579,43.0506548],[1.9589123,43.0506407],[1.958764,43.0505459],[1.9586913,43.0502576],[1.9579383,43.0499746],[1.9576232,43.0500132],[1.9573122,43.0499452],[1.9564543,43.050183],[1.9560788,43.050152],[1.9555288,43.0498745],[1.954762,43.0496187],[1.954156,43.0496464],[1.9537709,43.049521],[1.9538244,43.0485555],[1.9542272,43.0480306],[1.9546112,43.0472599],[1.9547574,43.0471511],[1.9549764,43.0467696],[1.9555064,43.046466],[1.9563398,43.0463497],[1.9562436,43.0456675],[1.9551366,43.0456985],[1.9539167,43.0459227],[1.9530079,43.0461927],[1.9525694,43.0464766],[1.951993,43.046636],[1.9507915,43.0466219],[1.9423668,43.0512869],[1.9426392,43.051551],[1.9427661,43.0518196],[1.9426648,43.0523033],[1.9423376,43.0526373],[1.9414445,43.053071],[1.940988,43.0535014],[1.9410325,43.0539533],[1.941422,43.0544338],[1.9418157,43.0547877],[1.9429959,43.0554944],[1.9430138,43.0558718],[1.9429196,43.0562985],[1.9424344,43.0569844],[1.9422408,43.0575919],[1.9426571,43.0581271],[1.9426766,43.0582613],[1.9424246,43.0590772],[1.9418616,43.0601848],[1.9409966,43.0614701],[1.9406359,43.0617444],[1.9403445,43.0617802],[1.9395542,43.062525],[1.9402732,43.0643845],[1.9406448,43.0645223],[1.9412936,43.0650468],[1.9414345,43.0662669],[1.9419132,43.067287],[1.9422663,43.0676913],[1.943663,43.0672718],[1.9446553,43.0667192],[1.9450727,43.0666809],[1.9455887,43.0664682],[1.9458205,43.0662307],[1.9469298,43.0655891],[1.9480723,43.0656726],[1.948705,43.0658495],[1.9501688,43.0656758],[1.9512958,43.065644],[1.9517011,43.0657983],[1.9522209,43.0658478],[1.9524476,43.0659697],[1.9528781,43.065999],[1.953048,43.0661227],[1.953786,43.0663516],[1.9551772,43.0660942],[1.9564211,43.0668511],[1.9568524,43.0667612],[1.9579114,43.0667668],[1.9580106,43.0669359],[1.9584424,43.0667587],[1.9597281,43.066475],[1.961534,43.0666122],[1.9639284,43.0692493],[1.9626604,43.0698493],[1.9624985,43.0700894],[1.9615273,43.0709446],[1.9611569,43.0711266],[1.9608443,43.071615],[1.9605404,43.0719065],[1.9604742,43.0723656],[1.9601731,43.0728048],[1.9600736,43.0731982],[1.9598928,43.0734792],[1.9594849,43.0737075],[1.9594357,43.0738194],[1.9590136,43.0739301],[1.9591431,43.0740919],[1.9586758,43.074268],[1.958295,43.0749229],[1.9578461,43.0751347],[1.9575872,43.0759732],[1.9576476,43.0764464],[1.9574265,43.0766179],[1.9575121,43.0772334],[1.9571615,43.0779752],[1.9570757,43.0784185],[1.9567722,43.078639],[1.9567627,43.0789588],[1.9564389,43.0794417],[1.9564703,43.0797754],[1.9567754,43.0798994],[1.9568976,43.0800366],[1.9565436,43.0809256],[1.9564779,43.0809407],[1.9563893,43.0803279],[1.955987,43.0802303],[1.9548063,43.0810247],[1.9545342,43.0811091],[1.9543018,43.0810492],[1.9533556,43.0806304],[1.952209,43.0798062],[1.9514554,43.0795871],[1.951014,43.0795593],[1.9504104,43.0796863],[1.9498897,43.0803757],[1.9501172,43.0826428],[1.9501853,43.0829233],[1.9503611,43.0831392],[1.950928,43.0834428],[1.9509388,43.0835795],[1.9514279,43.0836581],[1.9516075,43.0838296],[1.953368,43.0846986],[1.954008,43.0848717],[1.9546175,43.0852668],[1.9585379,43.0852773],[1.9593866,43.0852015],[1.9627246,43.0845087],[1.9630603,43.0848547],[1.9646889,43.0842762],[1.9649867,43.0846219],[1.9650074,43.0848909],[1.9654824,43.0852289],[1.9655708,43.0859899],[1.9658081,43.0861681],[1.9664774,43.0862298],[1.9674579,43.0873418],[1.9673134,43.0884159],[1.9701524,43.0873197],[1.971226,43.0881637],[1.9724436,43.0879614],[1.9750767,43.0878274],[1.9798182,43.0882163],[1.9818905,43.0872973],[1.9823066,43.0870126],[1.9826742,43.0864193],[1.9838165,43.086023],[1.9839951,43.0860377],[1.9852685,43.0852886],[1.9854741,43.085297],[1.9860855,43.0850992],[1.9860877,43.0849616],[1.988716,43.0828478],[1.9881155,43.0818396],[1.988571,43.0818558],[1.989068,43.0819987],[1.9893687,43.0817639],[1.9897006,43.0821032],[1.9915235,43.0820401],[1.9919037,43.082726],[1.9930041,43.0831116],[1.9932566,43.0833512],[1.994458,43.0833321],[1.9945763,43.083531],[1.9949912,43.0837424],[1.9951904,43.083942],[1.9951732,43.0841693],[1.9954798,43.0843996],[1.9957275,43.0849359],[1.9962882,43.0853168],[1.9963644,43.0856043],[1.9961164,43.0859187],[1.996606,43.0865165],[1.9966156,43.0866517],[1.9962932,43.0874357],[1.9962688,43.0877642],[1.995274,43.0890706],[1.9959455,43.0900278],[1.996548,43.0905437],[1.9969065,43.0913862],[1.9968116,43.091938],[1.9974003,43.0927126],[1.9974429,43.0930278],[1.9992767,43.0929529],[2.003464,43.0919471],[2.0036532,43.0914591],[2.004053,43.0909379],[2.0047299,43.0898036],[2.0049509,43.08912],[2.005348,43.0887597],[2.0064318,43.0872293],[2.0072277,43.0855841],[2.0073056,43.0849319],[2.0072521,43.0840708],[2.0069968,43.0831585],[2.0072668,43.0823199],[2.0087032,43.0819565],[2.0110156,43.0808289],[2.0134394,43.0803255],[2.0150754,43.0801318],[2.0153359,43.079036],[2.0225786,43.0786404],[2.023785,43.0783045],[2.0245819,43.0782618],[2.0249894,43.0780971],[2.0248891,43.0776115],[2.0250198,43.077029],[2.0253671,43.0763988],[2.0272592,43.0753663],[2.0274651,43.0751405],[2.0284425,43.0747729],[2.0291735,43.0746307],[2.0300322,43.074665],[2.0305544,43.0744515],[2.0342928,43.0746684],[2.0353094,43.0751403],[2.0353117,43.074992],[2.0361813,43.0751662],[2.0367647,43.0750413],[2.0375412,43.0746957],[2.0376593,43.0744187],[2.037867,43.0742647],[2.0357005,43.0724692],[2.0359728,43.0723286],[2.0361281,43.0720983],[2.0352056,43.0696625],[2.0354096,43.069553],[2.0359544,43.0686587],[2.0365296,43.0682557],[2.0378505,43.066228],[2.0384846,43.0660944],[2.0388433,43.0657823],[2.0391042,43.0652655],[2.0405913,43.0647312],[2.0412216,43.0648384],[2.0419176,43.0647886],[2.0421213,43.0646884],[2.0430305,43.0647423],[2.0442846,43.0646192],[2.0438799,43.0632906],[2.0436012,43.063239],[2.0433504,43.0628737],[2.0433069,43.0622738],[2.0435758,43.0618726],[2.0431452,43.0614104],[2.0431391,43.0609977],[2.0429233,43.0603998],[2.0424675,43.0599558],[2.0423718,43.0596707],[2.0420243,43.0595027],[2.041612,43.0594718],[2.0411177,43.0590916],[2.0399637,43.0593112],[2.0386494,43.0593827],[2.0375381,43.0576676],[2.0373858,43.0570061],[2.0376408,43.0566964],[2.0378274,43.0559551],[2.0366055,43.0557248],[2.0360454,43.055555],[2.035748,43.0553782],[2.0353234,43.055338],[2.0335726,43.0545437],[2.0341548,43.0540993],[2.0349681,43.0540694],[2.0356985,43.0537454],[2.0368201,43.0539933],[2.0377585,43.0539645],[2.0382576,43.0540329],[2.0390743,43.0537921],[2.0400004,43.0537449],[2.0409166,43.0535325],[2.0414287,43.0535734],[2.0427595,43.0532361],[2.0428818,43.0534113],[2.0454843,43.052516],[2.0466998,43.0523518],[2.0475288,43.0521203],[2.0483182,43.0520168],[2.0487542,43.0521213],[2.049842,43.0521303],[2.0501401,43.0522612],[2.051973,43.0517995],[2.0523186,43.0520958],[2.0536414,43.0522718],[2.0539263,43.0524484],[2.0540964,43.0527708],[2.0563658,43.0532022],[2.057177,43.0533098],[2.0587876,43.0531558],[2.0593506,43.0529749],[2.0595923,43.0525329],[2.0598377,43.0524355],[2.059942,43.0521183],[2.0594342,43.0510473],[2.0590988,43.0505277],[2.0588919,43.0498766],[2.0587384,43.0498687],[2.0587496,43.0491398],[2.0590621,43.0487912],[2.0611475,43.0477216],[2.0627848,43.0469994],[2.06316,43.0466844],[2.0637869,43.0458612],[2.0644228,43.0444417],[2.064033,43.0441449],[2.0645319,43.043403],[2.0656407,43.0428602],[2.067219,43.0416775],[2.0675163,43.0413632],[2.0692592,43.0403452],[2.0698932,43.0398803],[2.0720619,43.0392541],[2.0723258,43.0393074],[2.0729819,43.0392207],[2.0735076,43.0390135],[2.0731419,43.0380764],[2.0732033,43.0371767],[2.0733467,43.0365696],[2.0737516,43.0360947],[2.0737351,43.0359153],[2.0741229,43.0353102],[2.0751437,43.0346209],[2.0751456,43.0341389],[2.0761733,43.031884],[2.0784716,43.0308483],[2.0789418,43.0302774],[2.0794203,43.0298512],[2.0814195,43.0283296],[2.0818953,43.0277321],[2.0818972,43.0276103],[2.0815334,43.0273029],[2.0798064,43.0265773],[2.0795238,43.0263924],[2.0794791,43.0262626],[2.0791005,43.0259094],[2.0788527,43.0258275],[2.078684,43.0256587],[2.0782893,43.0256935],[2.0781257,43.0255324],[2.0778822,43.0255076],[2.0776572,43.0252888],[2.0774457,43.0252148],[2.077713,43.0250267],[2.0780339,43.0250787],[2.0781503,43.0249236],[2.078417,43.0247811],[2.079302,43.0245751],[2.079946,43.0241731],[2.08,43.0236825],[2.0804805,43.0217469],[2.0822779,43.0204626],[2.0882727,43.0158924],[2.0889379,43.0155532],[2.0892071,43.0152001],[2.0963512,43.0122102],[2.0970121,43.0111605],[2.0981906,43.0096601],[2.1002647,43.0079898],[2.0994104,43.0080002],[2.0981384,43.0083366],[2.098116,43.008167],[2.0976329,43.0076517],[2.0972815,43.0069558],[2.0962273,43.0067557],[2.09588,43.0069584],[2.0956719,43.0069919],[2.0950641,43.0068493],[2.094274,43.0061072],[2.0938896,43.0059538],[2.0936827,43.0057047],[2.0936378,43.0053655],[2.0940924,43.0053043],[2.0945169,43.0050509],[2.0948499,43.0045995],[2.0949366,43.0041024],[2.095238,43.0038148],[2.0952539,43.0036962],[2.0945069,43.0037172],[2.0942688,43.0035641],[2.093199,43.0034374],[2.0922919,43.0030681],[2.0919763,43.0030448],[2.0915693,43.0027839],[2.0903516,43.0030469],[2.0896021,43.0036669],[2.0892333,43.0034795],[2.0889811,43.0030099],[2.0889295,43.0024616],[2.0890659,43.0011169],[2.0888455,43.0004213],[2.0887951,42.9995735],[2.0886516,42.9989006],[2.0879845,42.9982323],[2.087825,42.9977007],[2.0878417,42.9973729],[2.0879426,42.9971754],[2.089018,42.9959288],[2.0892737,42.9955281],[2.0883191,42.9946397],[2.0879372,42.9938985],[2.0875466,42.9934173],[2.0875192,42.9925921],[2.0881179,42.991158],[2.0888987,42.9903629],[2.0897542,42.9901387],[2.0902145,42.9886478],[2.0906874,42.9859531],[2.0911917,42.9849709],[2.0918244,42.9846106],[2.0919172,42.9845147],[2.0919023,42.9843847],[2.0906278,42.9829738],[2.0902307,42.982427],[2.0900262,42.981916],[2.0898272,42.9817741],[2.0890639,42.9815348],[2.0882263,42.9809769],[2.087953,42.9804809],[2.0880297,42.9802486],[2.0874574,42.9787763],[2.0873704,42.9781797],[2.0875515,42.9776696],[2.0875397,42.9771994],[2.0869659,42.9761265],[2.0868052,42.9753144],[2.0869783,42.9746393],[2.0869108,42.9744926],[2.0861482,42.9737093],[2.0839472,42.9737677],[2.0835222,42.9738717],[2.0823926,42.9738505],[2.0810588,42.9733156],[2.0804908,42.972927],[2.0803383,42.9724258],[2.0806864,42.9715953],[2.0807038,42.9708001],[2.0809981,42.9693808],[2.0815519,42.9681325],[2.0817251,42.9670796],[2.0817348,42.9664341],[2.0822511,42.9652089],[2.0820089,42.9632092],[2.0821002,42.962782],[2.0823525,42.9624077],[2.0831337,42.9618834],[2.0841315,42.9609387],[2.08462,42.9597627],[2.08268,42.9590547],[2.082397,42.9582254],[2.0820057,42.9575933],[2.0811237,42.9565719],[2.0809939,42.9555063],[2.0813624,42.9551784],[2.0814812,42.9545934],[2.0814289,42.9542644],[2.0814945,42.9535807],[2.0813262,42.9531594],[2.0793052,42.9526155],[2.0776982,42.9508324],[2.0776235,42.9505485],[2.077573,42.9490465],[2.078487,42.9484673],[2.0785018,42.9479652],[2.0787339,42.946966],[2.0797789,42.9468289],[2.0808171,42.9468173],[2.0813272,42.9461662],[2.0817674,42.9458822],[2.0822908,42.9452234],[2.0833015,42.9427808],[2.0847173,42.9429992],[2.0867773,42.9425638],[2.0879661,42.9421504],[2.0885759,42.9421678],[2.0891386,42.9430251],[2.0897921,42.9430025],[2.0917506,42.9434309],[2.0921754,42.9434238],[2.0924808,42.9432965],[2.0933191,42.9433783],[2.0937225,42.9432432],[2.0956263,42.9437434],[2.0962779,42.9442008],[2.0981072,42.9442768],[2.1011784,42.9442673],[2.1016789,42.9443724],[2.1023845,42.9449659],[2.1042904,42.9447575],[2.1044591,42.9449445],[2.1051282,42.9451722],[2.1058396,42.9464239],[2.1073713,42.9466308],[2.1088371,42.9459492],[2.1097316,42.9456229],[2.1106963,42.9450648],[2.1114811,42.9452531],[2.1115484,42.9455656],[2.1129942,42.9462886],[2.1155609,42.9472458],[2.1168645,42.9481605],[2.1185726,42.9486679],[2.119529,42.9492378],[2.1199755,42.9492467],[2.1214231,42.9495055],[2.1226758,42.9494599],[2.126632,42.9486994],[2.1269374,42.948572],[2.1279809,42.9484996],[2.1287078,42.9492136],[2.129725,42.9499594],[2.1305101,42.9502418],[2.1311673,42.950628],[2.1322152,42.9507027],[2.1324836,42.9509009],[2.1333061,42.9526971],[2.1358445,42.953706],[2.1363087,42.9536656],[2.1363683,42.9535793],[2.1370221,42.9533125],[2.1382643,42.9524512],[2.1391157,42.9519689],[2.139789,42.9518349],[2.1411405,42.9521702],[2.1427769,42.952017],[2.1448865,42.9522911],[2.1456563,42.9529583],[2.1460582,42.9535209],[2.1472922,42.9536604],[2.1484628,42.9540707],[2.1493137,42.9542193],[2.1497745,42.9541722],[2.1502793,42.9545078],[2.1505538,42.9547952],[2.151115,42.9546968],[2.1519012,42.9547202],[2.1524729,42.9544489],[2.1528695,42.9541406],[2.1537877,42.9551794],[2.1546065,42.9555288],[2.1547267,42.9552578],[2.1552737,42.9548005],[2.1554479,42.9548354],[2.1572033,42.9539074],[2.1582631,42.9530506],[2.1591124,42.952681],[2.1594705,42.9523446],[2.1594946,42.9517979],[2.1598165,42.9513695],[2.1602561,42.9511588],[2.1616415,42.9498981],[2.1626924,42.9490748],[2.1637141,42.9479458],[2.1641339,42.9476556],[2.1643994,42.9470923],[2.1646039,42.9461192],[2.1651355,42.946172],[2.1664187,42.9456895],[2.1664998,42.9455343],[2.1670128,42.9451164],[2.1680557,42.9451109],[2.1727788,42.9478215],[2.1753962,42.9495021],[2.1759818,42.9497239],[2.176607,42.9503364],[2.1766964,42.9510678],[2.1773839,42.950878],[2.1793527,42.9509364],[2.1821544,42.951822],[2.1908446,42.9529151],[2.1938502,42.9538301],[2.1940652,42.9537927],[2.1940775,42.9534644],[2.1961678,42.9533702],[2.1960741,42.9527181],[2.1961904,42.9523718],[2.1970948,42.9517534],[2.1976795,42.9515304],[2.1984638,42.9514319],[2.2019234,42.9495489],[2.202348,42.9496507],[2.2025182,42.9494954],[2.2035292,42.9493213],[2.2034969,42.9492141],[2.2044435,42.9488254],[2.2056881,42.9487847],[2.2079574,42.9501343],[2.2082258,42.9501773],[2.2100224,42.9499263],[2.2106298,42.9497658],[2.2121383,42.9501302],[2.2123608,42.9502553],[2.2135147,42.9503044],[2.2149804,42.9499478],[2.2164897,42.9496845],[2.2169862,42.9492804],[2.2196476,42.9481516],[2.2198659,42.9478183],[2.2217473,42.9463144],[2.2236322,42.9457887],[2.2265901,42.9441768],[2.2267965,42.9440088],[2.2272096,42.9434205],[2.22713,42.9431598],[2.2279216,42.9422102],[2.2286321,42.9417231],[2.2300653,42.9404126],[2.2304215,42.9396392],[2.2308795,42.9395556],[2.2307087,42.9390256],[2.2311875,42.938518],[2.2313546,42.9385441],[2.2315515,42.9382322],[2.2322084,42.9381123],[2.2329672,42.9378154],[2.233815029878841,42.93781107984775],[2.2339796,42.9369146],[2.2339796,42.9365592],[2.2337945,42.9358052],[2.2335612,42.9352848],[2.2331535,42.9349902],[2.2325234,42.9347516],[2.2316997,42.9345935],[2.2312947,42.9346328],[2.2295942,42.9344581],[2.2293048,42.9343608],[2.2281336,42.9334612],[2.227876,42.9329937],[2.2273073,42.9323604],[2.2266287,42.9317704],[2.2252341,42.9312655],[2.2246514,42.9314045],[2.2215906,42.9333301],[2.2206814,42.9337013],[2.2200698,42.9338427],[2.218608,42.9339311],[2.2183304,42.9341244],[2.218333,42.9340265],[2.2174575,42.9342928],[2.2159528,42.934444],[2.2153278,42.9342633],[2.214749,42.9338678],[2.2144077,42.9334303],[2.2138337,42.9329374],[2.2136513,42.9326428],[2.2131149,42.9323875],[2.2130317,42.9322206],[2.2130639,42.9319123],[2.213764,42.9310659],[2.2164837,42.9294182],[2.2170067,42.9288329],[2.2180902,42.9280934],[2.2180768,42.9280109],[2.2186696,42.9277968],[2.2191336,42.9271762],[2.2193348,42.9266263],[2.2192865,42.9255559],[2.2190907,42.9253635],[2.219387,42.9252435],[2.2195977,42.9260057],[2.2195521,42.9264928],[2.2191444,42.9275376],[2.2188037,42.9280561],[2.2183488,42.9285295],[2.2177631,42.9287328],[2.2169343,42.9291806],[2.2153491,42.9303412],[2.2138605,42.9312642],[2.2133536,42.9318455],[2.2133294,42.9321892],[2.2134394,42.9323738],[2.2137264,42.9325486],[2.2150729,42.9338937],[2.2156093,42.9341156],[2.2159044,42.9340803],[2.2163979,42.9341824],[2.2159714,42.9341569],[2.2158293,42.9342217],[2.2160036,42.934312],[2.2163764,42.9343179],[2.2175673,42.9341274],[2.2180072,42.9340096],[2.2183461,42.9338234],[2.2206527,42.933481],[2.221697,42.9330085],[2.22207,42.9329151],[2.2220767,42.9328393],[2.2222147,42.9328228],[2.2222692,42.932679],[2.2226967,42.9324253],[2.2229343,42.9323844],[2.2232702,42.9320122],[2.223772,42.9317147],[2.2237879,42.9316059],[2.2239233,42.9315135],[2.2240162,42.9316039],[2.2244185,42.9314173],[2.2244291,42.9313298],[2.224161,42.9313872],[2.2242194,42.9312579],[2.2245698,42.931115],[2.2250809,42.9310635],[2.2258699,42.9312717],[2.2264724,42.9315232],[2.2267996,42.9317608],[2.228311,42.9332079],[2.2286366,42.9336333],[2.229463,42.9343235],[2.2301255,42.9343805],[2.2304313,42.9343255],[2.232413,42.9344955],[2.2333117,42.9348213],[2.2338082,42.9351679],[2.2340952,42.9356569],[2.2342803,42.9363226],[2.2343151,42.93668],[2.234131351308813,42.937809468018806],[2.2343497,42.9383898],[2.2349141333217655,42.93895018377406],[2.235203201079974,42.939109755891195],[2.2367822,42.9385263],[2.2365408,42.9383312],[2.2360113,42.9376116],[2.2352216,42.9363531],[2.2352429,42.9362229],[2.2356437,42.9360887],[2.2357591,42.9358942],[2.2357367,42.9355727],[2.2358865,42.9354713],[2.2358752,42.9353444],[2.2366939,42.934626],[2.2367058,42.9343891],[2.236372,42.9343465],[2.2361308,42.933974],[2.2356246,42.9337198],[2.2357055,42.9335675],[2.2359594,42.9332209],[2.2361666,42.9332549],[2.2366382,42.9335261],[2.2369606,42.9335179],[2.2387793,42.9338495],[2.2411278,42.9340969],[2.2413029,42.932608],[2.2421298,42.9326569],[2.2414264,42.9296121],[2.2416793,42.9289801],[2.241963,42.9274109],[2.2455961,42.9227567],[2.2438828,42.9170047],[2.2448485,42.914762],[2.2453693,42.9145807],[2.2466417,42.9146732],[2.2470787,42.9147888],[2.2475172,42.9147796],[2.2476278,42.9146998],[2.2477731,42.9144711],[2.2476885,42.9142128],[2.2477348,42.9140157],[2.2488996,42.9128593],[2.2492364,42.912205],[2.249849,42.9113954],[2.2501512,42.9104226],[2.2502021,42.9098429],[2.2505084,42.9094381],[2.2506229,42.909036],[2.2506457,42.9075996],[2.2510396,42.9074375],[2.2515992,42.9074659],[2.2522064,42.907264],[2.2526695,42.9069378],[2.2542778,42.9063638],[2.258175,42.9035655],[2.2606656,42.900371],[2.2628894,42.8979322],[2.2648463,42.8972121],[2.2655866,42.8971016],[2.2660395,42.8966764],[2.266839,42.8962947],[2.2684834,42.8964287],[2.2691759,42.8965731],[2.2696656,42.8968232],[2.2701465,42.8968674],[2.2711048,42.8972604],[2.2719104,42.897315],[2.2729423,42.8971569],[2.2825705,42.8972228],[2.2846795,42.897855],[2.288907,42.8983026],[2.2983057,42.8989755],[2.2985247,42.8953484],[2.3015126,42.8899275],[2.3008219,42.8859597],[2.3057648,42.8806732],[2.3082565,42.8791716],[2.3094369,42.8785753],[2.3100761,42.8783418],[2.3118615,42.8774425],[2.3153016,42.8761047],[2.3149227,42.8755023],[2.3152807,42.8755638],[2.3161209,42.8749885],[2.317778,42.8735147],[2.3177166,42.873389],[2.3173604,42.8731693],[2.3174709,42.8728995],[2.3173216,42.8726217],[2.3173257,42.8722524],[2.3168636,42.8718804],[2.31652,42.871331],[2.3165939,42.8711336],[2.3165908,42.870606],[2.3166824,42.8704285],[2.31665,42.8701183],[2.3167943,42.8700401],[2.3168069,42.8697038],[2.3173851,42.8693116],[2.317396,42.8691336],[2.3175414,42.8689564],[2.3178558,42.868899],[2.3181221,42.8683268],[2.319203,42.8678717],[2.3197061,42.8677757],[2.3212446,42.8672705],[2.3216885,42.8668511],[2.3222378,42.8666302],[2.3229743,42.8665026],[2.3232144,42.8666821],[2.3240575,42.8666475],[2.3259478,42.8659465],[2.3261672,42.8655587],[2.3279698,42.8638416],[2.3285054,42.8628766],[2.3290262,42.8629939],[2.3296292,42.8632712],[2.3296956,42.8635327],[2.3328884,42.8636788],[2.3354711,42.8629776],[2.3397793,42.8642274],[2.3410212,42.864865],[2.3428446,42.8649386],[2.3442302,42.8647394],[2.3453925,42.8636563],[2.3474321,42.86276],[2.3492874,42.8627989],[2.3524411,42.8622896],[2.3554371,42.8609414],[2.3573947,42.8597567],[2.3563145,42.8590257],[2.3573256,42.8577886],[2.3581905,42.8558352],[2.3596631,42.8545066],[2.3618879,42.8534363],[2.3626573,42.8532806],[2.3639169,42.8527415],[2.3670816,42.852763],[2.3685888,42.8525114],[2.3689929,42.852658],[2.3691178,42.8516809],[2.3694259,42.8515671],[2.369374,42.8510297],[2.3696657,42.850333],[2.3698719,42.8502657],[2.37056,42.8477309],[2.3710628,42.8462643],[2.3704429,42.8462059],[2.3700065,42.8460585],[2.3695296,42.846068],[2.3689816,42.8458603],[2.3678524,42.8456352],[2.3655913,42.8457488],[2.3639494,42.8455814],[2.3638582,42.8453969],[2.359115,42.8442569],[2.3582713,42.84419],[2.3535287,42.8444425],[2.352791,42.8432546],[2.3514988,42.8418421],[2.3488083,42.8418592],[2.3460494,42.8414567],[2.342789,42.8412724],[2.3420366,42.8410878],[2.3410105,42.8406516],[2.3397109,42.8405342],[2.3374765,42.8409873],[2.3363365,42.8404336],[2.3348318,42.8391416],[2.3337374,42.839108],[2.3318907,42.8388227],[2.3308648,42.8379837],[2.3276514,42.8372803],[2.3253932,42.8350883],[2.3240945,42.8333858],[2.3280619,42.8288057],[2.3229783,42.8299964],[2.3194675,42.824119],[2.3200621,42.8241067],[2.3264217,42.8230673],[2.3296812,42.8226648],[2.3321886,42.8202489],[2.3323938,42.8199301],[2.3324394,42.8196616],[2.3323711,42.8186046],[2.332166,42.8181516],[2.3320293,42.8175475],[2.3327131,42.8164234],[2.3332374,42.8161214],[2.3333741,42.8157355],[2.3338983,42.8152657],[2.3340807,42.8149637],[2.3340579,42.814712],[2.333944,42.8145107],[2.3341035,42.8142422],[2.3340351,42.8139738],[2.3337845,42.8135711],[2.3341947,42.8134872],[2.3342631,42.8133026],[2.3336484,42.8016248],[2.3429103,42.8012839],[2.3428702,42.7913195],[2.343477,42.7877245],[2.3434889,42.7870236],[2.3441934,42.7803085],[2.3439037,42.778536],[2.3432314,42.7765388],[2.3430851,42.7758778],[2.3435494,42.773996],[2.3453139,42.7715667],[2.3493073,42.7694792],[2.3508857,42.7670841],[2.3514426,42.7656128],[2.3516282,42.7647916],[2.3502169,42.7575079],[2.3524012,42.7497445],[2.3538482,42.7487894],[2.3582016,42.7333016],[2.3556641,42.7269744],[2.3532601,42.7265008],[2.3531169,42.7260243],[2.3505271,42.7252189],[2.3488862,42.7245538],[2.3481886,42.7245691],[2.3456782,42.7251544],[2.33671,42.7182323],[2.3324903,42.7137536],[2.3214197,42.7088828],[2.3227058,42.7077808],[2.320776,42.7069749],[2.3119402,42.7066548],[2.3052621,42.7060604],[2.304672,42.7047911],[2.303406,42.704523],[2.302258,42.7040421],[2.3002946,42.7021419],[2.2996724,42.7020631],[2.299211,42.7016215],[2.298696,42.7016215],[2.2981488,42.7010617],[2.2970116,42.7011958],[2.2931063,42.7008804],[2.2924948,42.700494],[2.2902108,42.6999346],[2.2881818,42.7003994],[2.2862935,42.700636],[2.2823185,42.701452],[2.2813153,42.7011248],[2.2725928,42.7040894],[2.266147,42.7085723],[2.265882,42.7057701],[2.2649578,42.702028],[2.2558139,42.6975872],[2.2557694,42.6947867],[2.2519831,42.6887655],[2.2507744,42.6882123],[2.2469402,42.6817309],[2.2426007,42.6785402],[2.2349904,42.6751791],[2.2216894,42.6735069],[2.1924292,42.6587644],[2.1912878,42.6577836],[2.191347,42.6545922],[2.1924132,42.6518211],[2.1912438,42.6513646],[2.1898989,42.6513482],[2.1887487,42.6515672],[2.1856938,42.651373],[2.1839946,42.6516685],[2.1829119,42.6513862],[2.181831,42.6509083],[2.1817083,42.6506595],[2.1814583,42.6505234],[2.181012,42.6504066],[2.1803243,42.6505669],[2.1788537,42.6506699],[2.1782901,42.6499119],[2.1781872,42.6492294],[2.1776489,42.6486677],[2.1762652,42.6485544],[2.1768107,42.652326],[2.175731,42.6537022],[2.1755365,42.6537097],[2.1741162,42.6549819],[2.1724821,42.6558848],[2.1721458,42.6558345],[2.1711742,42.6564418],[2.1709077,42.657093],[2.1704742,42.6571851],[2.1698811,42.65869],[2.1699478,42.6601237],[2.1684246,42.6623152],[2.1657986,42.6637524],[2.1652458,42.6662703],[2.1678782,42.6740494],[2.1727493,42.6762433],[2.1732564,42.6786383],[2.175501,42.6815279],[2.1758135,42.6828695],[2.1709713,42.6906174],[2.1710467,42.6919294],[2.1680266,42.6977849],[2.1641471,42.699878],[2.1618522,42.7006907],[2.159734,42.7028229],[2.1557471,42.7016336],[2.1541649,42.7019954],[2.1523366,42.7020288],[2.1478415,42.7016568],[2.1458744,42.7024838],[2.1442753,42.7043404],[2.1429905,42.7054895],[2.1401144,42.7062353],[2.140609,42.7078802],[2.1408332,42.7095112],[2.140223,42.7111253],[2.1395739,42.7118779],[2.1377143,42.7128129],[2.135394,42.7142701],[2.1326797,42.7149728],[2.1307599,42.7151692],[2.128921,42.7160733],[2.1270966,42.7163312],[2.1267871,42.7178076],[2.1256379,42.718313],[2.1251336,42.7193427],[2.1238012,42.7185556],[2.1202289,42.7199178],[2.1207891,42.7207957],[2.12085,42.7212573],[2.1183437,42.7220216],[2.1171477,42.7238651],[2.1158751,42.7238626],[2.1146834,42.7245217],[2.1133776,42.7250469],[2.1127826,42.7255432],[2.1124031,42.726224],[2.1118674,42.7269028],[2.1115955,42.7270439],[2.1112976,42.727084],[2.1105929,42.7269592],[2.1097853,42.7271487],[2.1092583,42.7274451],[2.1089026,42.727524],[2.1078556,42.7275166],[2.1067432,42.7282773],[2.1062898,42.7287757],[2.1059289,42.7289679],[2.1054581,42.7289864],[2.1050806,42.7291024],[2.1046955,42.72933],[2.1040053,42.730212],[2.1035837,42.7305405],[2.1028402,42.7309072],[2.1023619,42.7314905],[2.1021767,42.7315981],[2.1017057,42.7316499],[2.1010095,42.7315701],[2.1004907,42.7318362],[2.1004185,42.7320892],[2.1001707,42.7323562],[2.0994309,42.7330235],[2.0989599,42.7332804],[2.098381,42.7333611],[2.0973182,42.7331179],[2.0967754,42.7331685],[2.096298,42.7333086],[2.0952829,42.7337976],[2.0942259,42.7341253],[2.0934394,42.7346464],[2.0927172,42.734628],[2.0922527,42.7347185],[2.0917748,42.7348933],[2.0913226,42.735179],[2.0895616,42.7366135],[2.0886847,42.7376548],[2.0884006,42.7383842],[2.0880823,42.7386726],[2.0873288,42.739107],[2.0871875,42.7392753],[2.0872325,42.739473],[2.0876217,42.7398879],[2.0877002,42.7401494],[2.0876015,42.7403559],[2.0872907,42.7406217],[2.0871735,42.7410991],[2.0872966,42.7414005],[2.0876172,42.7417327],[2.088083,42.7419174],[2.0881826,42.7420895],[2.0881272,42.7422686],[2.0879068,42.7424021],[2.0872652,42.7426248],[2.0871172,42.7428365],[2.0872063,42.7434221],[2.0869762,42.7437396],[2.086298,42.744114],[2.0862219,42.7443403],[2.086395,42.7451671],[2.0863493,42.7459404],[2.086135,42.7463663],[2.0853774,42.7469621],[2.0846851,42.7480563],[2.0846892,42.7483188],[2.0849064,42.7485922],[2.0858545,42.7493557],[2.0859549,42.7495824],[2.08574,42.7501625],[2.0857968,42.7506542],[2.0862628,42.7521721],[2.0848315,42.751763],[2.082432,42.7513683],[2.079687,42.7520174],[2.07516,42.753345],[2.0732706,42.753204],[2.0710826,42.7535538],[2.0696718,42.754124],[2.0650037,42.7537849],[2.0629981,42.7547632],[2.0606377,42.755424],[2.056326,42.7550196],[2.0522961,42.752961],[2.0506379,42.7509631],[2.0489776,42.7494294],[2.0476504,42.7480058],[2.0433609,42.7461374],[2.0405858,42.7453107],[2.0369526,42.746291],[2.0357797,42.7457684],[2.0340339,42.7452478],[2.0334238,42.74061],[2.0292869,42.7382796],[2.024436,42.7388616],[2.0192746,42.7399597],[2.014605,42.7393966],[2.0124889,42.7366903],[2.0078645,42.7343552],[2.0035606,42.7335016],[2.0029769,42.734727],[2.0014491,42.7358262],[1.9979368,42.7359649],[1.991035,42.7350472],[1.9832511,42.735944],[1.9817417,42.735538],[1.9761744,42.7362333],[1.9714653,42.7349698],[1.970189,42.7360354]],[[1.8903355,42.8128184],[1.8903798,42.8127984],[1.8903419,42.8128261],[1.8903355,42.8128184]],[[1.8898145,42.8130229],[1.8898695,42.8130455],[1.8898611,42.8130506],[1.8898145,42.8130229]],[[1.88641,42.817519],[1.8863966,42.8175284],[1.8863208,42.8174613],[1.88641,42.817519]],[[1.9325115,42.7768716],[1.932203,42.7764955],[1.9324619,42.7762229],[1.9328147,42.7763435],[1.9328147,42.7764633],[1.9325115,42.7768716]],[[1.9236757,42.7943324],[1.9236607,42.7942124],[1.9245637,42.7938616],[1.9250858,42.7938548],[1.925207,42.7939711],[1.9252564,42.7942445],[1.92411,42.7945602],[1.9236757,42.7943324]],[[1.9475573,42.8159972],[1.9487978,42.8161169],[1.9486541,42.817043],[1.9484912,42.8171152],[1.9479057,42.8170384],[1.9475315,42.8170763],[1.9471185,42.8172088],[1.946925,42.8171236],[1.9466024,42.8167734],[1.9466153,42.8164989],[1.9469121,42.8161487],[1.9475573,42.8159972]],[[1.9880375,42.9855906],[1.9879412,42.9857189],[1.9877624,42.9857742],[1.9873188,42.9855353],[1.9873119,42.9854472],[1.9876833,42.9854648],[1.9880375,42.9855906]],[[1.9885589,42.9859723],[1.9885454,42.985838],[1.9889963,42.9859427],[1.9897254,42.9862943],[1.9894068,42.9864918],[1.9885589,42.9859723]],[[2.027259,42.7493541],[2.0264893,42.7498344],[2.0263489,42.7497563],[2.026212,42.7494296],[2.025954,42.7491719],[2.0260406,42.7490272],[2.0270805,42.7487184],[2.0273587,42.7491083],[2.027259,42.7493541]],[[2.0866655,42.7536991],[2.086511,42.7533006],[2.086544,42.7531414],[2.0863323,42.752679],[2.0863511,42.7522488],[2.0875111,42.7526881],[2.0875521,42.752797],[2.0874634,42.7529339],[2.0874733,42.7530935],[2.0873778,42.7531803],[2.0873669,42.7534969],[2.0874715,42.7536687],[2.0874733,42.7538547],[2.0873636,42.7538496],[2.0873343,42.7536346],[2.0866655,42.7536991]],[[2.0207199,42.7649871],[2.0206599,42.7649474],[2.0208248,42.7649811],[2.0207199,42.7649871]],[[2.0206924,42.7654228],[2.021017,42.7653766],[2.0210975,42.765731],[2.0207957,42.7657723],[2.0206924,42.7654228]],[[2.0843749,42.7686581],[2.0843433,42.768663],[2.0843717,42.7686392],[2.0843749,42.7686581]],[[2.0816813,42.7687146],[2.081681,42.7687248],[2.0816064,42.7687141],[2.0816813,42.7687146]],[[2.037831,42.7743091],[2.0378167,42.7743244],[2.0375861,42.7741995],[2.037831,42.7743091]],[[1.9940193,42.8188589],[1.9939923,42.8187064],[1.9938508,42.8186092],[1.9940058,42.8185804],[1.9941698,42.8186735],[1.9941125,42.8188811],[1.9940193,42.8188589]],[[1.9975291,42.8571655],[1.9978955,42.8574491],[1.9982671,42.8575243],[1.9985285,42.8577309],[1.9985952,42.8579094],[1.9982236,42.8579319],[1.9974701,42.8572237],[1.9975291,42.8571655]],[[2.046036,42.9169396],[2.0456898,42.9168327],[2.0455743,42.9166908],[2.0451969,42.9155632],[2.0454325,42.9151295],[2.0454647,42.9147471],[2.0461299,42.9146826],[2.0476124,42.9160825],[2.0478471,42.9168959],[2.0476044,42.9170914],[2.0464215,42.9168841],[2.046036,42.9169396]],[[1.9913941,42.9866123],[1.9926146,42.9870054],[1.9918532,42.9875742],[1.991567,42.9873629],[1.9905517,42.9870192],[1.9904599,42.986796],[1.9898874,42.9866834],[1.9898145,42.9866083],[1.9898334,42.9865036],[1.9900116,42.9864365],[1.9904896,42.9866241],[1.9909027,42.9866814],[1.9913941,42.9866123]],[[2.0411423,43.00348],[2.0408352,43.0038684],[2.0406286,43.0038105],[2.040469,43.003586],[2.0404865,43.0034516],[2.0408861,43.0033741],[2.0413595,43.0033545],[2.0414449,43.0034137],[2.0411423,43.00348]],[[2.0606926,43.0337183],[2.061169,43.0338117],[2.0607597,43.0339849],[2.0601362,43.0339773],[2.0600898,43.0339048],[2.0601968,43.0335601],[2.0604009,43.0335071],[2.0606926,43.0337183]],[[2.0622079,43.034136],[2.0623707,43.0341274],[2.0625361,43.0343947],[2.0621768,43.0344017],[2.0614588,43.0341423],[2.0614182,43.0336969],[2.061578,43.0336634],[2.0620152,43.0338833],[2.0622079,43.034136]],[[2.0677492,43.0343553],[2.0679723,43.0343969],[2.0680117,43.0344792],[2.0677556,43.0346039],[2.06621,43.0348375],[2.0649385,43.0348743],[2.0647163,43.0343305],[2.0647589,43.0342016],[2.0648954,43.034143],[2.0657125,43.0341199],[2.0661273,43.03426],[2.0673359,43.0343469],[2.0674396,43.0344348],[2.0677492,43.0343553]],[[2.0638666,43.0344902],[2.0638823,43.0345698],[2.0631695,43.0348673],[2.0627372,43.0347668],[2.0629767,43.0341746],[2.0633833,43.0343992],[2.0638666,43.0344902]],[[2.0554473,43.037301],[2.0552984,43.0371662],[2.0552588,43.0369338],[2.0553331,43.0369362],[2.05553,43.0372226],[2.0554473,43.037301]],[[1.9921532,43.041428],[1.9922689,43.0413539],[1.9927333,43.0413182],[1.9928845,43.0414654],[1.9928532,43.041538],[1.9926264,43.0415957],[1.9922052,43.0415676],[1.9921532,43.041428]],[[2.1396586,42.7124967],[2.1388409,42.7127221],[2.1385998,42.71307],[2.1381837,42.7134174],[2.1378453,42.7133877],[2.1377121,42.7132459],[2.1387496,42.7126389],[2.1395826,42.7123226],[2.1401213,42.7118654],[2.1403253,42.7119423],[2.1400006,42.7123097],[2.1396586,42.7124967]],[[2.1597151,42.7432145],[2.1597304,42.743277],[2.1596299,42.7432257],[2.1597151,42.7432145]],[[2.0985429,42.7892466],[2.0986649,42.7895599],[2.0984779,42.7896329],[2.0983071,42.7893331],[2.0985429,42.7892466]],[[2.098053,42.7894241],[2.0982624,42.7893465],[2.0984332,42.7896494],[2.0982014,42.7897239],[2.098053,42.7894241]],[[2.0975835,42.7895673],[2.0979961,42.789436],[2.0981587,42.7897642],[2.0977095,42.7899029],[2.0975835,42.7895673]],[[2.1930546,42.8582692],[2.1926844,42.8585012],[2.1918127,42.8587372],[2.1915954,42.8588571],[2.1913353,42.8591776],[2.191004,42.859034],[2.191177,42.8588207],[2.1915954,42.8585297],[2.1923853,42.8584098],[2.1927837,42.8582024],[2.1936916,42.8569981],[2.1941449,42.8566766],[2.1949348,42.8565213],[2.1971283,42.8564392],[2.1995147,42.856185],[2.2001731,42.8558429],[2.2004145,42.8554546],[2.2006781,42.8547158],[2.2004199,42.8551001],[2.1994986,42.8557043],[2.2004045,42.8550839],[2.2006988,42.8545137],[2.2011736,42.8539356],[2.2016403,42.8531373],[2.2023243,42.8526398],[2.2034562,42.8523075],[2.2045854,42.8516114],[2.2046685,42.8514286],[2.2045934,42.8511316],[2.2042581,42.8506518],[2.2038719,42.8496961],[2.2038665,42.8486323],[2.2036144,42.8476923],[2.2041911,42.8476982],[2.2041026,42.8482734],[2.2041361,42.8496706],[2.2045854,42.8506754],[2.2049528,42.8510254],[2.2050467,42.851403],[2.2050065,42.8515937],[2.2042957,42.85216],[2.202571,42.8528571],[2.2019635,42.8532523],[2.2012702,42.854091],[2.2005808,42.8559039],[2.199811,42.856362],[2.1943903,42.8567926],[2.1939424,42.8570875],[2.1930546,42.8582692]],[[2.1828939,42.8737316],[2.1829264,42.8736917],[2.1829484,42.8737554],[2.1828939,42.8737316]],[[2.0969558,42.879297],[2.0979858,42.8795637],[2.0979347,42.8800139],[2.0974692,42.8800008],[2.0964294,42.8796364],[2.0963735,42.8793145],[2.0969558,42.879297]],[[2.1866043,42.8969026],[2.1871838,42.8964826],[2.1881964,42.896048],[2.1892849,42.8953395],[2.1902824,42.8944856],[2.1910275,42.8936658],[2.1916442,42.8932722],[2.1920296,42.8927965],[2.1927725,42.8924165],[2.19331,42.8911193],[2.1933166,42.8902844],[2.1931239,42.888983],[2.1928847,42.8886073],[2.1919105,42.8874849],[2.1904358,42.8861476],[2.1894094,42.8854314],[2.1893235,42.885301],[2.1892223,42.8847505],[2.1892107,42.882822],[2.1892771,42.8823455],[2.1893966,42.8821159],[2.1893783,42.8819359],[2.1894625,42.8818212],[2.1894209,42.881696],[2.1891164,42.881339],[2.187567,42.8801027],[2.1864452,42.8793897],[2.1863615,42.8793022],[2.1865109,42.8792218],[2.1863016,42.8790415],[2.1851368,42.8783516],[2.1848705,42.878059],[2.1849336,42.8779991],[2.1848714,42.8777179],[2.184969,42.8768969],[2.1854677,42.87513],[2.1857776,42.8744739],[2.1858064,42.8740023],[2.1854813,42.8734799],[2.185153,42.8732577],[2.1845809,42.8730448],[2.1843735,42.8728326],[2.1841147,42.8722925],[2.184059,42.8717058],[2.1841365,42.8712277],[2.1847598,42.8706514],[2.1850053,42.8700571],[2.1849445,42.8696258],[2.1848247,42.8694756],[2.1848687,42.8693578],[2.1845029,42.8685404],[2.1845579,42.8684145],[2.1843405,42.8679723],[2.1840518,42.866946],[2.1840661,42.8664307],[2.1842077,42.8662209],[2.1844602,42.8661041],[2.1850391,42.8652786],[2.1856142,42.8639546],[2.1860896,42.863707],[2.1866272,42.8636609],[2.1874339,42.8638985],[2.1896479,42.864174],[2.1905695,42.8644054],[2.1909016,42.8643775],[2.1918335,42.8637347],[2.1923789,42.8629057],[2.1926768,42.8622843],[2.1927887,42.8617426],[2.1930308,42.8617133],[2.1931462,42.861945],[2.1931166,42.8621465],[2.1925929,42.8632641],[2.1918737,42.8641548],[2.1915106,42.8644793],[2.1911674,42.8645636],[2.1905801,42.8645709],[2.1898722,42.8644953],[2.1886517,42.8641666],[2.1860383,42.8639439],[2.1858385,42.8640932],[2.1858541,42.8643788],[2.1857014,42.8649839],[2.1860414,42.8655159],[2.1859606,42.8657065],[2.1854052,42.8659689],[2.185213,42.8661402],[2.1845312,42.8662428],[2.1843155,42.8664908],[2.1843365,42.8667578],[2.1848642,42.8672488],[2.1863421,42.8681111],[2.1869061,42.8687689],[2.1870117,42.8690662],[2.1868098,42.8694656],[2.1865763,42.8696913],[2.1852933,42.8700523],[2.185272,42.8704373],[2.1845187,42.8712543],[2.1843302,42.8717519],[2.1844417,42.8722847],[2.1846709,42.8726368],[2.1851446,42.8730297],[2.1857277,42.8733656],[2.1861072,42.8740506],[2.1861137,42.8743034],[2.1854861,42.8766066],[2.185319,42.877875],[2.1856132,42.8782903],[2.1873552,42.8795274],[2.1879653,42.8800969],[2.1891019,42.88092],[2.1896992,42.8815269],[2.1898036,42.8819435],[2.1896338,42.8830404],[2.1895732,42.8843853],[2.1897692,42.8853416],[2.1905218,42.8857737],[2.1922503,42.88727],[2.1926368,42.8878376],[2.1931819,42.8884217],[2.193598,42.8895145],[2.1937896,42.8905032],[2.1936639,42.8914623],[2.1937385,42.8916397],[2.1935574,42.8917289],[2.1932559,42.8925378],[2.1928934,42.8929587],[2.192377,42.8934274],[2.1884156,42.8963493],[2.1871934,42.8968306],[2.1865046,42.8972899],[2.1863276,42.8975392],[2.1862782,42.897999],[2.1858943,42.8979881],[2.1861495,42.8973816],[2.1866043,42.8969026]],[[2.2025313,42.8836623],[2.2024685,42.883531],[2.2025313,42.8834484],[2.2026939,42.8834633],[2.2026772,42.8836907],[2.2025313,42.8836623]],[[2.1985224,42.8912809],[2.1982836,42.8910133],[2.1982752,42.8907468],[2.198443,42.8905441],[2.1987593,42.8903926],[2.1996294,42.8902326],[2.199833,42.8903032],[2.1999324,42.8905396],[2.199854,42.8907299],[2.1992664,42.8909282],[2.1988253,42.8913397],[2.1985224,42.8912809]],[[2.1971079,42.8919442],[2.1969161,42.8919716],[2.1959585,42.8916624],[2.195839,42.891456],[2.1957957,42.8908576],[2.1967045,42.8904787],[2.1969112,42.8904698],[2.1969523,42.8905429],[2.1968448,42.8909333],[2.1969017,42.891366],[2.1971079,42.8919442]],[[2.1256547,42.8933238],[2.1253529,42.8933415],[2.1253368,42.8930379],[2.1256506,42.8930418],[2.1256547,42.8933238]],[[2.1277428,42.8942076],[2.1279466,42.8941786],[2.1279238,42.8943441],[2.1277575,42.894323],[2.1277428,42.8942076]],[[2.1620995,42.8968242],[2.1620379,42.8968437],[2.1619945,42.8967694],[2.1620657,42.89675],[2.1620995,42.8968242]],[[2.1892098,42.8979011],[2.1897186,42.8975734],[2.1899066,42.8976336],[2.1894817,42.8979932],[2.1892595,42.8979912],[2.1892098,42.8979011]],[[2.1913874,42.8982428],[2.1911783,42.8984636],[2.191175,42.8985651],[2.1908341,42.8987338],[2.1907606,42.8987043],[2.1908666,42.8979964],[2.1914835,42.8978348],[2.1913874,42.8982428]],[[2.1792905,42.9019448],[2.1794384,42.9019898],[2.1793808,42.9020537],[2.1792259,42.9020258],[2.1792905,42.9019448]],[[2.1804458,42.9019271],[2.1805166,42.9020463],[2.1803306,42.90219],[2.1799289,42.9022938],[2.1795482,42.902202],[2.1795599,42.902133],[2.1801134,42.9018861],[2.1804458,42.9019271]],[[2.1164294,42.9140402],[2.1163139,42.9138217],[2.116381,42.9133425],[2.1169362,42.913066],[2.1174762,42.9134023],[2.1175578,42.9135749],[2.1175276,42.9137284],[2.1176174,42.9137864],[2.1175121,42.91401],[2.1168732,42.9140882],[2.1164294,42.9140402]],[[2.2308227,42.7181592],[2.2310373,42.718305],[2.2308296,42.7182849],[2.2308227,42.7181592]],[[2.3380132,42.7935806],[2.3389702,42.7936148],[2.3389441,42.7940026],[2.3383156,42.7940259],[2.3378203,42.7936518],[2.3380132,42.7935806]],[[2.2104406,42.8077201],[2.2106633,42.8077605],[2.2106619,42.8078746],[2.2104205,42.8078864],[2.2104406,42.8077201]],[[2.2584421,42.8084502],[2.2583476,42.808431],[2.2584904,42.8082514],[2.2584421,42.8084502]],[[2.2851546,42.8628952],[2.2851236,42.8627991],[2.2854782,42.8627411],[2.2855091,42.8628504],[2.2851546,42.8628952]],[[2.2770978,42.8627715],[2.2772241,42.8627846],[2.2772046,42.8628814],[2.2770807,42.8628683],[2.2770978,42.8627715]],[[2.2773692,42.8628957],[2.2776007,42.8628109],[2.2776651,42.8629047],[2.2774401,42.8629824],[2.2773692,42.8628957]],[[2.2899671,42.8807631],[2.2898806,42.8806635],[2.2900938,42.8804009],[2.290341,42.8804122],[2.2904182,42.8805843],[2.2901618,42.8807699],[2.2899671,42.8807631]],[[2.2043577,42.888048],[2.2043922,42.8878546],[2.204579,42.8878494],[2.2047525,42.8880636],[2.2045952,42.8881856],[2.2043577,42.888048]],[[2.2316742,42.89165],[2.2315117,42.8915832],[2.2315597,42.891521],[2.2317505,42.8915544],[2.2316742,42.89165]],[[2.2332697,42.9338404],[2.2334251,42.933852],[2.233422,42.9339497],[2.2332912,42.9339691],[2.2332697,42.9338404]],[[2.2336053,42.9339531],[2.2337478,42.9340013],[2.2337009,42.9340927],[2.2335696,42.9340801],[2.2336053,42.9339531]],[[2.2337341,42.9342601],[2.2336434,42.934368],[2.232948,42.9340549],[2.2330387,42.9339469],[2.2337341,42.9342601]]],[[[2.1849772,42.8660941],[2.1853095,42.8659077],[2.1855877,42.8655591],[2.1856604,42.8651903],[2.1851749,42.8653348],[2.184906,42.865695],[2.1847242,42.8661359],[2.1849772,42.8660941]]],[[[2.1844059,42.867665],[2.1852487,42.869943],[2.1865472,42.8694348],[2.1867305,42.8692536],[2.1867904,42.869116],[2.1867358,42.86885],[2.1863882,42.8683803],[2.1859298,42.8680073],[2.1842292,42.8670856],[2.1842919,42.8672682],[2.1844518,42.8673514],[2.1844059,42.867665]]],[[[2.1278246,42.8942901],[2.1278775,42.8942906],[2.1278212,42.8942351],[2.1278246,42.8942901]]],[[[2.2256982,42.9313871],[2.2257164,42.9313749],[2.2258699,42.9312717],[2.2256982,42.9313871]]]]}},{"type":"Feature","properties":{"id":"limouxin","name":"Limouxin","type":"island","members":["ajac-11","alaigne-11","alet-les-bains-11","antugnac-11","arques-11","belcastel-et-buc-11","bellegarde-du-razes-11","belveze-du-razes-11","bouriege-11","bourigeole-11","brugairolles-11","bugarach-11","cailhau-11","cailhavel-11","cambieure-11","camps-sur-lagly-11","cassaignes-11","castelreng-11","caunette-sur-lauquet-11","cepie-11","clermont-sur-lauquet-11","couiza-11","cournanel-11","coustaussa-11","cubieres-sur-cinoble-11","donazac-11","escueillens-et-saint-just-de-belengard-11","festes-et-saint-andre-11","fourtou-11","gaja-et-villedieu-11","gardie-11","gramazie-11","greffeil-11","la-bezole-11","la-courtete-11","la-digne-damont-11","la-digne-daval-11","la-serpent-11","ladern-sur-lauquet-11","lauraguel-11","lignairolles-11","limoux-11","loupia-11","luc-sur-aude-11","magrie-11","malras-11","malvies-11","mazerolles-du-razes-11","missegre-11","montazels-11","montgradail-11","monthaut-11","pauligne-11","peyrolles-11","pieusse-11","pomy-11","rennes-le-chateau-11","rennes-les-bains-11","roquetaillade-et-conilhac-11","routier-11","saint-couat-du-razes-11","saint-hilaire-11","saint-martin-de-villereglan-11","saint-polycarpe-11","seignalens-11","serres-11","sougraigne-11","terroles-11","tourreilles-11","valmigere-11","veraza-11","villar-saint-anselme-11","villardebelle-11","villarzel-du-razes-11","villebazy-11","villelongue-daude-11"]},"geometry":{"type":"MultiPolygon","coordinates":[[[[2.0834812,42.9738534],[2.0839472,42.9737677],[2.0861482,42.9737093],[2.0869108,42.9744926],[2.0869783,42.9746393],[2.0868052,42.9753144],[2.0869659,42.9761265],[2.0875397,42.9771994],[2.0875515,42.9776696],[2.0873704,42.9781797],[2.0874574,42.9787763],[2.0880297,42.9802486],[2.087953,42.9804809],[2.0882263,42.9809769],[2.0890639,42.9815348],[2.0898272,42.9817741],[2.0900262,42.981916],[2.0902307,42.982427],[2.0906278,42.9829738],[2.0919023,42.9843847],[2.0919172,42.9845147],[2.0918244,42.9846106],[2.0911917,42.9849709],[2.0906874,42.9859531],[2.0902145,42.9886478],[2.0897542,42.9901387],[2.0888987,42.9903629],[2.0881179,42.991158],[2.0875192,42.9925921],[2.0875466,42.9934173],[2.0879372,42.9938985],[2.0883191,42.9946397],[2.0892737,42.9955281],[2.089018,42.9959288],[2.0879426,42.9971754],[2.0878417,42.9973729],[2.087825,42.9977007],[2.0879845,42.9982323],[2.0886516,42.9989006],[2.0887951,42.9995735],[2.0888455,43.0004213],[2.0890659,43.0011169],[2.0889295,43.0024616],[2.0889811,43.0030099],[2.0892333,43.0034795],[2.0896021,43.0036669],[2.0903516,43.0030469],[2.0915693,43.0027839],[2.0919763,43.0030448],[2.0922919,43.0030681],[2.093199,43.0034374],[2.0942688,43.0035641],[2.0945069,43.0037172],[2.0952539,43.0036962],[2.095238,43.0038148],[2.0949366,43.0041024],[2.0948499,43.0045995],[2.0945169,43.0050509],[2.0940924,43.0053043],[2.0936378,43.0053655],[2.0936827,43.0057047],[2.0938896,43.0059538],[2.094274,43.0061072],[2.0950641,43.0068493],[2.0956719,43.0069919],[2.09588,43.0069584],[2.0962273,43.0067557],[2.0972815,43.0069558],[2.0976329,43.0076517],[2.098116,43.008167],[2.0981384,43.0083366],[2.0994104,43.0080002],[2.1002647,43.0079898],[2.0981906,43.0096601],[2.0970121,43.0111605],[2.0963512,43.0122102],[2.0892071,43.0152001],[2.0889379,43.0155532],[2.0882727,43.0158924],[2.0822779,43.0204626],[2.0804805,43.0217469],[2.08,43.0236825],[2.079946,43.0241731],[2.079302,43.0245751],[2.078417,43.0247811],[2.0781503,43.0249236],[2.0780339,43.0250787],[2.077713,43.0250267],[2.0774457,43.0252148],[2.0776572,43.0252888],[2.0778822,43.0255076],[2.0781257,43.0255324],[2.0782893,43.0256935],[2.078684,43.0256587],[2.0788527,43.0258275],[2.0791005,43.0259094],[2.0794791,43.0262626],[2.0795238,43.0263924],[2.0798064,43.0265773],[2.0815334,43.0273029],[2.0818972,43.0276103],[2.0817623,43.0279556],[2.0807418,43.0288989],[2.0794203,43.0298512],[2.0789418,43.0302774],[2.0784716,43.0308483],[2.0761733,43.031884],[2.0751456,43.0341389],[2.0751437,43.0346209],[2.0741229,43.0353102],[2.0737351,43.0359153],[2.0737516,43.0360947],[2.0733467,43.0365696],[2.0732033,43.0371767],[2.0731419,43.0380764],[2.0735076,43.0390135],[2.0729819,43.0392207],[2.0723258,43.0393074],[2.0720619,43.0392541],[2.0698932,43.0398803],[2.0692592,43.0403452],[2.0675163,43.0413632],[2.067219,43.0416775],[2.0656407,43.0428602],[2.0645319,43.043403],[2.064033,43.0441449],[2.0644228,43.0444417],[2.0637869,43.0458612],[2.06316,43.0466844],[2.0627848,43.0469994],[2.0611475,43.0477216],[2.0590621,43.0487912],[2.0587496,43.0491398],[2.0587384,43.0498687],[2.0588919,43.0498766],[2.0590988,43.0505277],[2.0594342,43.0510473],[2.059942,43.0521183],[2.0598377,43.0524355],[2.0595923,43.0525329],[2.0593506,43.0529749],[2.0587876,43.0531558],[2.057177,43.0533098],[2.0563658,43.0532022],[2.0540964,43.0527708],[2.0539263,43.0524484],[2.0536414,43.0522718],[2.0523186,43.0520958],[2.051973,43.0517995],[2.0501401,43.0522612],[2.049842,43.0521303],[2.0487542,43.0521213],[2.0483182,43.0520168],[2.0454843,43.052516],[2.0428818,43.0534113],[2.0427595,43.0532361],[2.0414287,43.0535734],[2.0409166,43.0535325],[2.0400004,43.0537449],[2.0390743,43.0537921],[2.0382576,43.0540329],[2.0377585,43.0539645],[2.0368201,43.0539933],[2.0356985,43.0537454],[2.0349681,43.0540694],[2.0341548,43.0540993],[2.0335726,43.0545437],[2.0353234,43.055338],[2.035748,43.0553782],[2.0360454,43.055555],[2.0366055,43.0557248],[2.0378274,43.0559551],[2.0376408,43.0566964],[2.0373858,43.0570061],[2.0375381,43.0576676],[2.0386494,43.0593827],[2.0399637,43.0593112],[2.0411177,43.0590916],[2.041612,43.0594718],[2.0420243,43.0595027],[2.0423718,43.0596707],[2.0424675,43.0599558],[2.0429233,43.0603998],[2.0431391,43.0609977],[2.0431452,43.0614104],[2.0435758,43.0618726],[2.0433069,43.0622738],[2.0433504,43.0628737],[2.0436012,43.063239],[2.0438799,43.0632906],[2.0442846,43.0646192],[2.0430305,43.0647423],[2.0421213,43.0646884],[2.0419176,43.0647886],[2.0412216,43.0648384],[2.0405913,43.0647312],[2.0391042,43.0652655],[2.0388433,43.0657823],[2.0384846,43.0660944],[2.0378505,43.066228],[2.0365296,43.0682557],[2.0359544,43.0686587],[2.0354096,43.069553],[2.0352056,43.0696625],[2.0361281,43.0720983],[2.0359728,43.0723286],[2.0357005,43.0724692],[2.037867,43.0742647],[2.0376593,43.0744187],[2.0375412,43.0746957],[2.0367647,43.0750413],[2.0361813,43.0751662],[2.0353117,43.074992],[2.0353094,43.0751403],[2.0342928,43.0746684],[2.0305544,43.0744515],[2.0300322,43.074665],[2.0291735,43.0746307],[2.0284425,43.0747729],[2.0274651,43.0751405],[2.0272592,43.0753663],[2.0253671,43.0763988],[2.0250198,43.077029],[2.0248891,43.0776115],[2.0249894,43.0780971],[2.0245819,43.0782618],[2.023785,43.0783045],[2.0225786,43.0786404],[2.0153359,43.079036],[2.0150754,43.0801318],[2.0134394,43.0803255],[2.0110156,43.0808289],[2.0087032,43.0819565],[2.0072668,43.0823199],[2.0069968,43.0831585],[2.0072521,43.0840708],[2.0073056,43.0849319],[2.0072277,43.0855841],[2.0064318,43.0872293],[2.005348,43.0887597],[2.0049509,43.08912],[2.0047299,43.0898036],[2.004053,43.0909379],[2.0036532,43.0914591],[2.003464,43.0919471],[1.9992767,43.0929529],[1.9974429,43.0930278],[1.9974003,43.0927126],[1.9968116,43.091938],[1.9969065,43.0913862],[1.996548,43.0905437],[1.9959455,43.0900278],[1.995274,43.0890706],[1.9962688,43.0877642],[1.9962932,43.0874357],[1.9966156,43.0866517],[1.996606,43.0865165],[1.9961164,43.0859187],[1.9963644,43.0856043],[1.9962882,43.0853168],[1.9957275,43.0849359],[1.9954798,43.0843996],[1.9951732,43.0841693],[1.9951904,43.083942],[1.9949912,43.0837424],[1.9945763,43.083531],[1.994458,43.0833321],[1.9932566,43.0833512],[1.9930041,43.0831116],[1.9919037,43.082726],[1.9915235,43.0820401],[1.9897006,43.0821032],[1.9893687,43.0817639],[1.989068,43.0819987],[1.988571,43.0818558],[1.9881155,43.0818396],[1.988716,43.0828478],[1.9860877,43.0849616],[1.9860855,43.0850992],[1.9854741,43.085297],[1.9852685,43.0852886],[1.9839951,43.0860377],[1.9838165,43.086023],[1.9826742,43.0864193],[1.9823066,43.0870126],[1.9818905,43.0872973],[1.9798182,43.0882163],[1.9750767,43.0878274],[1.9724436,43.0879614],[1.971226,43.0881637],[1.9701524,43.0873197],[1.9673134,43.0884159],[1.9674579,43.0873418],[1.9664774,43.0862298],[1.9658081,43.0861681],[1.9655708,43.0859899],[1.9654824,43.0852289],[1.9650074,43.0848909],[1.9649867,43.0846219],[1.9646889,43.0842762],[1.9630603,43.0848547],[1.9627246,43.0845087],[1.9593866,43.0852015],[1.9585379,43.0852773],[1.9556257,43.0852916],[1.9556304,43.0864502],[1.954761,43.0933171],[1.9523354,43.0975467],[1.9506291,43.1022374],[1.9515677,43.1055716],[1.9494859,43.106318],[1.951027,43.1106334],[1.9508071,43.1109307],[1.9513772,43.1112511],[1.9525507,43.111162],[1.952953,43.1110298],[1.9542028,43.1109698],[1.9547515,43.1108318],[1.9551802,43.1108643],[1.9557691,43.1106624],[1.9562757,43.1107027],[1.9566185,43.1106272],[1.9571318,43.1108463],[1.9589677,43.1107486],[1.9598967,43.1106213],[1.9601131,43.110516],[1.9606297,43.1105493],[1.9608761,43.1104014],[1.961444,43.1102779],[1.9617294,43.1101304],[1.9620488,43.1102834],[1.9636634,43.1099977],[1.9642235087786337,43.11003517335726],[1.9641519,43.1096293],[1.965518,43.1094091],[1.9657661,43.1094291],[1.9660994,43.1092981],[1.9674283,43.1092419],[1.967000452447331,43.109533500178195],[1.9682725,43.1091654],[1.9705335,43.1088572],[1.9711846,43.1087013],[1.9714942,43.1087546],[1.9736418,43.1086222],[1.9740292,43.1089745],[1.974488,43.1095901],[1.9744653,43.1097113],[1.9766483,43.1095336],[1.9775847,43.109638],[1.978606,43.1100414],[1.9789953,43.1106918],[1.9804549,43.1104521],[1.9804464,43.111382],[1.9806418,43.1116618],[1.9806043,43.1127786],[1.9827791,43.1140506],[1.9843343,43.1147294],[1.9846414,43.1149995],[1.9847004,43.1152021],[1.9859211,43.1156563],[1.9864855,43.1159743],[1.9868433,43.1164078],[1.9869533,43.1167543],[1.986869,43.1170079],[1.9874052,43.1174169],[1.988026,43.1180939],[1.9884611,43.1181565],[1.9896057,43.117834],[1.9900449,43.11819],[1.9903638,43.1188253],[1.9902461,43.1194893],[1.9900726,43.1197551],[1.9909251,43.1198735],[1.9911707,43.1206385],[1.9917509,43.1205393],[1.9920455,43.1210309],[1.9925598,43.1215957],[1.9930635,43.1215863],[1.9929889,43.121913],[1.9931125,43.1220524],[1.993682,43.1218637],[1.9948848,43.1210536],[1.9958787,43.1207027],[1.9968061,43.1209552],[1.9977382,43.1209172],[1.9988311,43.1218304],[1.9997575,43.1217601],[2.0015895,43.1213473],[2.0016851,43.1208825],[2.0032069,43.1205776],[2.0059189,43.1210115],[2.0060712,43.1209344],[2.0089391,43.120678],[2.0091618,43.120595],[2.0094826,43.1213919],[2.0096982,43.1214671],[2.0110434,43.1213015],[2.0130018,43.1213795],[2.013939,43.1211799],[2.0145986,43.1211245],[2.0150061,43.1211952],[2.0146118,43.1218637],[2.015385,43.1220108],[2.0153936,43.1225118],[2.015541,43.1232033],[2.0162327,43.1247975],[2.0160881,43.126018],[2.0195329,43.1259803],[2.021566,43.1260954],[2.0216982,43.1261698],[2.0214814,43.1266933],[2.0214629,43.1273345],[2.0208009,43.1275304],[2.0207499,43.128958],[2.0208628,43.1292033],[2.0225102,43.1294495],[2.0227291,43.129317],[2.0230962,43.1293079],[2.023449,43.1291521],[2.0243647,43.1292576],[2.0241376,43.1299032],[2.0242299,43.1303926],[2.0250722,43.1309251],[2.0252111,43.1316349],[2.028832,43.1315557],[2.0306801,43.131779],[2.0316323,43.1316893],[2.0332165,43.1317149],[2.0331655,43.1324741],[2.0333462,43.1326466],[2.0342545,43.1326665],[2.0338715,43.1342323],[2.0338383,43.1352821],[2.034405,43.135293],[2.0345465,43.1363748],[2.0343534,43.1369898],[2.0342056,43.1379105],[2.0332008,43.138189],[2.0331317,43.1394033],[2.0304769,43.1377789],[2.0285867,43.1371036],[2.0278112,43.1371214],[2.0257176,43.136658],[2.0252928,43.136636],[2.0244736,43.1367756],[2.0244701,43.1364703],[2.024343,43.1360785],[2.0231667,43.1361295],[2.0226385,43.1363204],[2.0201835,43.1365742],[2.0189343,43.1364903],[2.0187489,43.1366169],[2.0183386,43.1372483],[2.0166268,43.1363203],[2.0163189,43.1358622],[2.0157003,43.1356573],[2.0145749,43.1362465],[2.0128467,43.1366996],[2.0117722,43.1357108],[2.0113994,43.1350525],[2.0114188,43.1349092],[2.0107777,43.1345106],[2.01054,43.1344587],[2.0104094,43.1346385],[2.0097232,43.1349258],[2.0089197,43.1350998],[2.0086019,43.1352592],[2.0088751,43.1357482],[2.0093659,43.1370127],[2.0091982,43.1373794],[2.009424,43.1381674],[2.0089258,43.1389492],[2.0090682,43.1391002],[2.0090382,43.1399047],[2.0094894,43.1409817],[2.0097045,43.1419132],[2.0087747,43.14198],[2.0081539,43.1419122],[2.0077606,43.1419962],[2.0077144,43.1427507],[2.0072042,43.1426901],[2.0065475,43.1427281],[2.0058765,43.1431278],[2.0053721,43.1432358],[2.0036141,43.143938],[2.0030411,43.1440703],[2.0037536,43.1442698],[2.0042639,43.1443242],[2.0048599,43.1448784],[2.0054257,43.145189],[2.0071032,43.1457775],[2.0080768,43.1461665],[2.0083204,43.1463807],[2.0088376,43.1465412],[2.01003,43.1476245],[2.0108321,43.1480807],[2.0125157,43.1504223],[2.0125171,43.1524624],[2.0126357,43.1530311],[2.0126274,43.1535489],[2.0141909,43.1527638],[2.0149192,43.1525142],[2.0165762,43.1522726],[2.01752,43.151869],[2.0194128,43.1508008],[2.0200405,43.1506335],[2.0212401,43.1493572],[2.0220037,43.1487939],[2.0230712,43.1476633],[2.0232164,43.1474314],[2.0230451,43.1470759],[2.0235702,43.1466832],[2.0245332,43.1461907],[2.0260133,43.1457974],[2.0263185,43.1458864],[2.0268056,43.1456574],[2.0270633,43.1457632],[2.0272293,43.1457041],[2.0273624,43.1454894],[2.0290026,43.145417],[2.0310051,43.144795],[2.032247,43.1438039],[2.0333622,43.1433729],[2.0378397,43.1462699],[2.0410515,43.1468492],[2.0412526,43.1469618],[2.0412298,43.1468847],[2.0502663,43.1526312],[2.0512548,43.1523341],[2.0513674,43.1526036],[2.0529581,43.1521894],[2.0562972,43.1506939],[2.05664,43.1514046],[2.0565539,43.151637],[2.0559727,43.1518653],[2.0556854,43.1521478],[2.0570376,43.1531603],[2.0571567,43.1538519],[2.0576457,43.154253],[2.0587111,43.1547538],[2.0583193,43.1557002],[2.0581036,43.1559229],[2.0579572,43.1562411],[2.0580618,43.1563455],[2.0585905,43.1564707],[2.0592047,43.1563981],[2.0589949,43.1566293],[2.0607409,43.1566436],[2.0659388,43.1550161],[2.0667539,43.1552385],[2.0675945,43.1552214],[2.067746,43.1553105],[2.0686776,43.1550464],[2.0694635,43.1550368],[2.0703865,43.1546288],[2.0713552,43.1540773],[2.071832,43.1535778],[2.0717919,43.1533378],[2.071876,43.1528271],[2.0723949,43.1524318],[2.0735935,43.1518342],[2.0728618,43.1511412],[2.0766805,43.1492833],[2.078392,43.1473196],[2.0788768,43.1468941],[2.0791093,43.1468282],[2.0777384,43.1456307],[2.0797542,43.1441504],[2.0802414,43.1436595],[2.0809519,43.1426398],[2.0814782,43.1421493],[2.0824542,43.1417053],[2.0827634,43.1413278],[2.0834857,43.1408244],[2.0836658,43.1405677],[2.0840893,43.1404062],[2.0842891,43.1401353],[2.084723,43.1399308],[2.0865438,43.1396525],[2.0871499,43.1398394],[2.0873863,43.139748],[2.0875622,43.1394839],[2.0885673,43.1394094],[2.0890639,43.1396034],[2.0896343,43.14011],[2.0895193,43.1402705],[2.089294636336207,43.14028398195136],[2.089374,43.1404524],[2.0903455,43.1409908],[2.0913032,43.1411347],[2.0922539,43.141092],[2.0934077,43.1412303],[2.0939322,43.1408614],[2.0959509,43.1421316],[2.0969821,43.142368],[2.0988761,43.1434708],[2.0996048,43.1435348],[2.1015993,43.1443193],[2.1021179,43.1440801],[2.1024235,43.1440379],[2.1042119,43.1441064],[2.1042333,43.1449652],[2.1043445,43.1452391],[2.1045393,43.1453597],[2.1061687,43.1451788],[2.1080988,43.1454364],[2.1081586,43.1459155],[2.1074846,43.146798],[2.1033527,43.1501935],[2.103647,43.1503853],[2.1047941,43.1505837],[2.1061774,43.1510225],[2.1071489,43.1514371],[2.108478,43.1523105],[2.109568,43.1534182],[2.1106829,43.1543757],[2.1124438,43.1561874],[2.1129919,43.1573164],[2.1132926,43.1582063],[2.1133294,43.1585585],[2.1129314,43.1600628],[2.1130104,43.1603848],[2.1115109,43.1607175],[2.1107127,43.1609868],[2.1108858,43.1613018],[2.1093562,43.1619845],[2.1093094,43.162025],[2.1096558,43.1625165],[2.1094575,43.1632189],[2.1093297,43.1633786],[2.1071983,43.1640354],[2.1067236,43.1643378],[2.1058002,43.1645831],[2.1047909,43.1649807],[2.104487,43.1650319],[2.1027527,43.1649725],[2.1029454,43.1653598],[2.1039244,43.1665672],[2.1014983,43.1674465],[2.1017662,43.1677139],[2.1001169,43.168979],[2.1004824,43.1693255],[2.099784,43.1703329],[2.0983034,43.1713221],[2.0982839,43.1720876],[2.0987802,43.1725135],[2.0997109,43.1730815],[2.1012352,43.1722939],[2.1018242,43.1729421],[2.1026409,43.1726726],[2.1046315,43.1722123],[2.1050572,43.1715906],[2.1079707,43.1709146],[2.1079357,43.1705844],[2.1090962,43.1700984],[2.1098819,43.1707741],[2.1109607,43.1704428],[2.1113217,43.1702322],[2.1136726,43.1708617],[2.1136929,43.1712888],[2.1140115,43.1712622],[2.1152259,43.1716403],[2.1153471,43.1715054],[2.1167073,43.1718846],[2.1170781,43.1728385],[2.1173272,43.1730345],[2.121201,43.1738115],[2.1243496,43.1747037],[2.1244971,43.1751117],[2.1246864,43.17673],[2.1241901,43.1799189],[2.1262872,43.1789868],[2.1269908,43.1781916],[2.1278573,43.1776307],[2.1305499,43.1762021],[2.1313372,43.1743738],[2.1317326,43.1738296],[2.1332619,43.1724022],[2.1335766,43.1716851],[2.135092,43.1702576],[2.1355059,43.1693689],[2.1358877,43.1688043],[2.1371582,43.1680437],[2.1384359,43.1677595],[2.1396186,43.167851],[2.142117,43.166961],[2.1430316,43.1668969],[2.1445117,43.1669789],[2.1447856,43.1671938],[2.144865,43.1674578],[2.1468121,43.1678169],[2.1477015,43.1675701],[2.1476069,43.1674073],[2.1478864,43.1672168],[2.1475054,43.1667377],[2.1475777,43.1665153],[2.1474488,43.1658253],[2.1485517,43.1641614],[2.1481313,43.16353],[2.1480168,43.1627996],[2.1478549,43.1624944],[2.1476091,43.1622493],[2.1475914284116535,43.16197309385264],[2.1471351,43.1618417],[2.146993,43.1616813],[2.1469045,43.1612841],[2.1474597,43.1617752],[2.148037113091689,43.16172770352198],[2.1484781,43.1613949],[2.1495129,43.1610658],[2.149728,43.1610637],[2.1507654,43.1605442],[2.1511422,43.1604869],[2.151958,43.1600755],[2.1520617,43.1598127],[2.152401,43.1598665],[2.1528241,43.1596499],[2.1547363,43.1595176],[2.1556498,43.1592827],[2.1572289,43.1586426],[2.1592332,43.1576249],[2.1595168,43.1573633],[2.1618775,43.1558795],[2.1624405,43.155664],[2.1630722,43.1540796],[2.1638882,43.1541905],[2.1655504,43.1547815],[2.1659118,43.1548383],[2.1664827,43.1547017],[2.1670551,43.154457],[2.1682506,43.1534971],[2.1688006,43.153263],[2.1702236,43.1529649],[2.1709013,43.1525802],[2.1713888,43.1525946],[2.1735366,43.1533568],[2.1755598,43.1534849],[2.1759628,43.1537421],[2.1764338,43.1538916],[2.1781053,43.1537954],[2.1798692,43.1534238],[2.1808264,43.1531331],[2.1809034,43.152901],[2.1815758,43.1523593],[2.1823193,43.1520183],[2.1829679,43.1521528],[2.1838932,43.1520349],[2.1842322,43.1521077],[2.1845469,43.1523371],[2.1850542,43.1525355],[2.1867383,43.1526016],[2.1875455,43.1530348],[2.1880432,43.1534062],[2.1886844,43.1535352],[2.1897295,43.1533045],[2.1907865,43.1536623],[2.1916791,43.1538511],[2.1921315,43.153834],[2.1929002,43.1536232],[2.1937041,43.153541],[2.1938561,43.1539137],[2.194094,43.154064],[2.194961,43.1540971],[2.1960888,43.1539428],[2.2014202,43.1541219],[2.2036742,43.1546511],[2.2053575,43.1543587],[2.2057353,43.1544019],[2.2061572,43.1546007],[2.2066115,43.1551511],[2.2069091,43.155362],[2.2085986,43.1559087],[2.209231,43.1567935],[2.2093167,43.1573076],[2.2095229,43.1577819],[2.2100478,43.1585828],[2.2103852,43.1589026],[2.2102531,43.1591247],[2.2098255,43.1593649],[2.2098296,43.1612026],[2.2107265,43.1628438],[2.2113907,43.162832],[2.2134445,43.1623703],[2.2167526,43.162101],[2.217404,43.1617787],[2.2177707,43.1618956],[2.2182838,43.1619154],[2.2193793,43.1617677],[2.2213667,43.1616831],[2.2218271,43.1614494],[2.2224738,43.1614946],[2.2228776,43.1613339],[2.2243782,43.1617934],[2.2246797,43.1617791],[2.2249792,43.16192],[2.2253255,43.1618896],[2.2256553,43.162284],[2.2263999,43.1625341],[2.2266346,43.162503],[2.2275351,43.1627704],[2.227889,43.1630261],[2.2282229,43.1631018],[2.2285916,43.1630635],[2.229225,43.1632801],[2.2298049,43.1633085],[2.2301795,43.163695],[2.2306273,43.1635754],[2.2316888,43.1634682],[2.2323271,43.1632927],[2.2324295,43.1631382],[2.2328304,43.1632062],[2.2332444,43.163111],[2.2334939,43.1628327],[2.2335371,43.1631651],[2.2341367,43.1631722],[2.2341241,43.1629094],[2.2337996,43.1623998],[2.2336194,43.1623178],[2.2333275,43.1623505],[2.2327566,43.1620121],[2.2312537,43.1618637],[2.2290017,43.1617736],[2.2283042,43.1614805],[2.2278859,43.1609125],[2.2275797,43.1602011],[2.2275738,43.1587881],[2.2280021,43.1585545],[2.2290936,43.1575815],[2.2305224,43.1560858],[2.2266903,43.1557486],[2.226293,43.1553999],[2.2259001,43.1553223],[2.2262332,43.1538885],[2.2259781,43.1535061],[2.2255491,43.153163],[2.2246466,43.1516459],[2.2238919,43.1509741],[2.2227766,43.1487014],[2.2239949,43.1481743],[2.2243442,43.1478545],[2.2246427,43.147802],[2.2251535,43.1475576],[2.2256617,43.1469811],[2.2258077,43.1466748],[2.2264381,43.1460644],[2.2264306,43.1455886],[2.2266419,43.145471],[2.2265891,43.1453666],[2.2266644,43.1452977],[2.2265578,43.1451632],[2.2252614,43.140069],[2.2256166,43.1398087],[2.2267938,43.139311],[2.2273908,43.1386657],[2.2281419,43.1381404],[2.2278869,43.1379603],[2.2269562,43.1377012],[2.2263917,43.1376297],[2.225272,43.1378084],[2.223442,43.13748],[2.223328,43.137355],[2.2234617,43.1371358],[2.2233046,43.1367623],[2.2236543,43.1365333],[2.2237722,43.1363535],[2.2235042,43.1362106],[2.2237711,43.1358286],[2.2238051,43.1355748],[2.2235447,43.1354433],[2.2235472,43.1352458],[2.2238189,43.1350896],[2.2239521,43.1349155],[2.2237612,43.1347788],[2.2237176,43.1345697],[2.2238905,43.1342999],[2.2240707,43.1334602],[2.2244105,43.1327909],[2.2247396,43.1323529],[2.2247181,43.1322286],[2.2249688,43.1318973],[2.225295,43.1316964],[2.2254361,43.1315054],[2.2263271,43.1312895],[2.2263499,43.1309953],[2.2273365,43.1309318],[2.2274345,43.1307502],[2.2270354,43.1305233],[2.2259364,43.1303897],[2.2255845,43.130212],[2.2253398,43.129888],[2.2250742,43.1296969],[2.2248709,43.1291207],[2.2244258,43.1287532],[2.2235588,43.1284389],[2.2236386,43.1281801],[2.2234954,43.127394],[2.2228984,43.1269274],[2.2222682,43.1268179],[2.22161,43.1261611],[2.2225891,43.1257387],[2.22378,43.125541],[2.2250367,43.1249178],[2.2261403,43.122598],[2.2263646,43.1218812],[2.2266044,43.1215754],[2.2267223,43.1209277],[2.2270502,43.1202469],[2.227381,43.1183363],[2.2280307,43.1194036],[2.2282659,43.119519],[2.2297785,43.1192366],[2.2315808,43.1194492],[2.2316606,43.1195797],[2.2313552,43.1197457],[2.2312034,43.1200535],[2.2333487,43.1206423],[2.2345273,43.1210403],[2.2354393,43.1214691],[2.2359569,43.1214888],[2.2365684,43.1216934],[2.2370576,43.1216099],[2.238086,43.1216005],[2.2393649,43.121674],[2.2400929,43.1214296],[2.2415523,43.121255],[2.2448447,43.1212171],[2.2463878,43.1208534],[2.2477364,43.1206726],[2.2485054,43.1206993],[2.2490732,43.1208493],[2.2495241,43.1208739],[2.2504215,43.1206847],[2.2512647,43.1206957],[2.2518921,43.1208639],[2.25226,43.1208444],[2.2522536,43.1202349],[2.2523612,43.1198878],[2.2519672,43.1196181],[2.2516383,43.1190781],[2.2508924,43.1185703],[2.250846,43.1178799],[2.2509407,43.1177363],[2.2510242,43.116581],[2.2505586,43.1160082],[2.2507489,43.1156535],[2.2506969,43.1149829],[2.2505767,43.1146591],[2.2506677,43.1143934],[2.2506002,43.1141711],[2.2507964,43.1136096],[2.251002,43.1133936],[2.2509491,43.1128866],[2.2505976,43.1122885],[2.2507047,43.1117833],[2.2506918,43.1107196],[2.2509442,43.1105285],[2.251586,43.1104532],[2.2517719,43.110356],[2.2515827,43.1100738],[2.2516807,43.1099173],[2.2522438,43.1098147],[2.2523314,43.1096963],[2.2531504,43.1093271],[2.2533787,43.1090317],[2.2539051,43.108848],[2.2540305,43.1086767],[2.2540319,43.1083482],[2.2541335,43.1081891],[2.2544915,43.1081382],[2.2548951,43.1078648],[2.2555185,43.1076838],[2.2569523,43.1070906],[2.2574972,43.1065804],[2.2579462,43.1060052],[2.257972,43.1057225],[2.2583783,43.1049667],[2.2584748,43.1043933],[2.258853,43.104117],[2.2589128,43.1037976],[2.2593183,43.1035747],[2.2593527,43.1035093],[2.2592246,43.1033037],[2.2596253975999243,43.10297734428514],[2.2571553,43.1017008],[2.2555424,43.100664],[2.254127,43.0999103],[2.2525154,43.0993773],[2.2519658,43.0990733],[2.2503618,43.0984012],[2.2493451,43.0978432],[2.2493662,43.0977509],[2.2475494,43.0971125],[2.2466403,43.0963157],[2.2462885,43.0962495],[2.2458526,43.096351],[2.2426609,43.0982872],[2.2415109,43.098772],[2.2409109,43.0988641],[2.2383362,43.0978392],[2.238052,43.0976178],[2.2343037,43.0964243],[2.2310206,43.0949718],[2.230986,43.0945572],[2.2308599,43.0944275],[2.230845,43.0942868],[2.2308627,43.0928579],[2.2309793,43.0926359],[2.2309239,43.0925248],[2.2309693,43.0910844],[2.2307276,43.0906577],[2.2303039,43.08951],[2.2300298,43.088628],[2.2298865,43.0877901],[2.2294718,43.0865875],[2.2290495,43.0855024],[2.2286667,43.0848653],[2.2285215,43.0841913],[2.2284229,43.0841247],[2.2284587,43.0839657],[2.228184,43.0831614],[2.2278278,43.0815384],[2.2276643,43.0790634],[2.2279049,43.0778173],[2.2279218,43.0772427],[2.2276496,43.0754836],[2.2272536,43.074827],[2.226228,43.0737932],[2.2260627,43.0735046],[2.2243421,43.0726162],[2.2241014,43.0724515],[2.2238448,43.0720404],[2.2238092,43.071609],[2.2240845,43.070847],[2.2243136,43.070588],[2.2246222,43.070449],[2.2248014,43.0702702],[2.224858,43.0700062],[2.2241246,43.0685688],[2.2237335,43.0681297],[2.2230671,43.0676709],[2.2228342,43.067593],[2.2221365,43.0669128],[2.2218832,43.0664505],[2.2204578,43.0647923],[2.2171178,43.0627878],[2.2157243,43.0618027],[2.2155138,43.0615865],[2.2144649,43.0599771],[2.2143559,43.0599494],[2.2142143,43.0592662],[2.2143152,43.0587876],[2.2155351,43.0575533],[2.2163207,43.0568348],[2.2178052,43.0556868],[2.2184859,43.054956],[2.2199803,43.0530305],[2.2208058,43.0516594],[2.2212504,43.0505218],[2.2213374,43.0491427],[2.2215332,43.0486583],[2.2213616,43.0481278],[2.2212302,43.0479755],[2.2211758,43.0472525],[2.2213261,43.0469191],[2.2212411,43.0464829],[2.2222362,43.0456761],[2.2225278,43.0455681],[2.223278,43.0455484],[2.2242433,43.045766],[2.2272695,43.0469786],[2.228109,43.0467571],[2.2289919,43.0460869],[2.2297013,43.0457097],[2.2306443,43.0454047],[2.231376,43.0450122],[2.2321496,43.0450235],[2.232457,43.0451013],[2.2331051,43.0454896],[2.2338158,43.0457299],[2.2369354,43.0451231],[2.2379445,43.0451416],[2.238206,43.0450634],[2.2383765,43.0442661],[2.2377973,43.0427732],[2.2378745,43.0427418],[2.2384793,43.043412],[2.2388062,43.0444933],[2.2388103,43.0449293],[2.2386794,43.0452233],[2.238974,43.0452909],[2.2397466,43.0456815],[2.2418171,43.0457678],[2.2423561,43.0452103],[2.2431971,43.0430738],[2.2432495,43.0427037],[2.2447517,43.0412226],[2.2452553,43.0404957],[2.2453356,43.0402157],[2.2462317,43.0393495],[2.2472297,43.0388042],[2.2478737,43.038659],[2.2493211,43.0384874],[2.2498675,43.0382568],[2.2517274,43.0381149],[2.2525494,43.0372236],[2.2525902,43.036709],[2.251339,43.0350509],[2.2507984,43.0340894],[2.2505303,43.0329588],[2.2510741,43.0317534],[2.2520042,43.0292992],[2.2520562,43.0278563],[2.2518029,43.025981],[2.2516002,43.0256189],[2.2519157,43.0256864],[2.2519367,43.0256127],[2.2518555,43.025437],[2.2513835,43.025225],[2.2512583,43.0244055],[2.2513479,43.024136],[2.2521276,43.0229195],[2.2522906,43.022756],[2.2526514,43.0226465],[2.2528146,43.0224703],[2.2526135,43.02103],[2.2523256,43.019874],[2.2521012,43.0194062],[2.2517729,43.0192078],[2.251726,43.0190493],[2.2523252,43.0184835],[2.2529154,43.0181898],[2.2532806,43.0181838],[2.2554813,43.01716],[2.2560955,43.0172526],[2.2564976,43.0170527],[2.2569168,43.0154371],[2.2569142,43.0149328],[2.2567363,43.0141868],[2.2567795,43.0137039],[2.2566379,43.0135215],[2.2557279,43.0129248],[2.255162,43.0126447],[2.2539106,43.0122209],[2.2527635,43.011975],[2.2508405,43.0119329],[2.250436,43.0118585],[2.2501537,43.0116667],[2.2495304,43.0109052],[2.2492223,43.0100001],[2.2488629,43.0083519],[2.2483574,43.0075975],[2.2481804,43.0074993],[2.2480058,43.0071964],[2.2479971,43.0069706],[2.2481124,43.0067076],[2.24836,43.0064412],[2.2487258,43.0061482],[2.2494055,43.005813],[2.2497156,43.0053783],[2.2497772,43.0050347],[2.2496939,43.0047958],[2.2491669,43.0041656],[2.248826,43.0035916],[2.2487356,43.0029038],[2.2488625,43.0022752],[2.2499516,43.0008645],[2.2508655,42.9999378],[2.2517323,42.9995764],[2.2527661,42.9989565],[2.2530718,42.9986335],[2.2532598,42.9983035],[2.2533922,42.9978106],[2.2533484,42.9969199],[2.2532346,42.9965816],[2.2532358,42.9960077],[2.253453,42.9956398],[2.2541547,42.9949038],[2.2566119,42.9935082],[2.2572802,42.9933881],[2.2591033,42.9928471],[2.2593762,42.9926167],[2.259545,42.9922085],[2.259546,42.9918793],[2.2597094,42.991201],[2.2599085,42.9911369],[2.2602285,42.9912972],[2.2607584,42.9904883],[2.2606676,42.9891943],[2.260833,42.9883429],[2.2619173,42.9863581],[2.2619016,42.9859866],[2.2620048,42.9855294],[2.2622734,42.9851767],[2.2623205,42.9848457],[2.2624965,42.9845514],[2.2626013,42.9839571],[2.2632106,42.9825072],[2.2636104,42.9820013],[2.2642144,42.9819567],[2.2643652,42.9818416],[2.2644307,42.9816563],[2.2643961,42.9814219],[2.2636055,42.9802416],[2.263461,42.9798313],[2.2630771,42.9792507],[2.2629366,42.9780218],[2.2628447,42.9777806],[2.2626462,42.9775578],[2.2625172,42.9770464],[2.2623891,42.9769485],[2.2611798,42.9766685],[2.2606794,42.9764627],[2.2601173,42.9758852],[2.2599376,42.9755379],[2.2597814,42.9732286],[2.2598174,42.9726212],[2.260147,42.9719734],[2.2603606,42.9719781],[2.2603315,42.972152],[2.2600932,42.9725052],[2.2600374,42.9729102],[2.2602312,42.9755134],[2.2603888,42.9758801],[2.260807,42.9762882],[2.2613565,42.9765055],[2.2625608,42.9766587],[2.2626709,42.9767343],[2.262675,42.9768995],[2.2628379,42.9770746],[2.2629067,42.9773417],[2.2631513,42.9777134],[2.2634481,42.9792399],[2.2636026,42.9796198],[2.2648876,42.9813223],[2.264845,42.9816239],[2.2646397,42.9819817],[2.2640742,42.9826318],[2.2633016,42.9829645],[2.2631758,42.9831972],[2.2628746,42.9840501],[2.2627558,42.9846927],[2.2623517,42.985611],[2.2620991,42.9864135],[2.2611097,42.9883415],[2.2610375,42.9886033],[2.2611344,42.9900337],[2.260981,42.9905615],[2.2607869,42.9909855],[2.2603419,42.991551],[2.2603067,42.9917359],[2.2598251,42.9920963],[2.2597709,42.9926181],[2.2591474,42.9930525],[2.2569193,42.9936417],[2.2561195,42.994011],[2.2541083,42.9952758],[2.2538831,42.9955321],[2.2537543,42.9960115],[2.2538353,42.9962588],[2.2540574,42.9965092],[2.2542707,42.9974822],[2.254213,42.9977881],[2.2539176,42.9983876],[2.2533535,42.9986219],[2.2532186,42.9988501],[2.2524698,42.9994665],[2.2507339,43.0005325],[2.2499904,43.0011952],[2.2493343,43.0023256],[2.2492882,43.0026601],[2.2490213,43.0031321],[2.2489824,43.003372],[2.2492526,43.0038606],[2.2499044,43.0045699],[2.2499731,43.0053349],[2.249858,43.0056668],[2.2493695,43.0060932],[2.2485435,43.0066276],[2.2482543,43.0069517],[2.2483166,43.0072606],[2.2487581,43.0077394],[2.2489696,43.0081175],[2.2491445,43.0085483],[2.2495391,43.0101614],[2.2495413,43.010472],[2.2497632,43.0109868],[2.2501278,43.0113748],[2.2506408,43.0116513],[2.2528098,43.0117867],[2.2546928,43.0122308],[2.2563853,43.0130393],[2.2569881,43.0135918],[2.2570543,43.0138236],[2.2571551,43.0154303],[2.2568269,43.0169969],[2.2566662,43.0173814],[2.2564867,43.0175785],[2.2555212,43.0174643],[2.2537946,43.0182219],[2.2524542,43.0185811],[2.2522786,43.0186967],[2.2521151,43.0189883],[2.2524427,43.019524],[2.2528875,43.0207276],[2.2529641,43.0215962],[2.2531815,43.0224833],[2.2528127,43.0229347],[2.2521862,43.0233404],[2.2522029,43.0234551],[2.2516316,43.0242577],[2.2515813,43.0244424],[2.252139,43.0257481],[2.2523959,43.0285831],[2.2520327,43.0302992],[2.251071,43.0328287],[2.2510125,43.0332007],[2.2513205,43.0342955],[2.2516309,43.0349496],[2.2521813,43.0356274],[2.2528145,43.0361669],[2.2530376,43.0368425],[2.2529732,43.0371946],[2.2523736,43.0380984],[2.2519889,43.0383669],[2.2517875,43.0383744],[2.2509357,43.038772],[2.2498109,43.0387439],[2.2475608,43.0389349],[2.247108,43.0391214],[2.2464715,43.0395931],[2.2457717,43.0403243],[2.2454709,43.0408533],[2.2436636,43.0427317],[2.2435254,43.042982],[2.2431652,43.0444406],[2.2429436,43.0450124],[2.2424501,43.0457678],[2.2416789,43.0461156],[2.2391729,43.0461843],[2.2390491,43.0461331],[2.2390415,43.0460214],[2.238631,43.0461157],[2.2376201,43.0455563],[2.2370085,43.0455009],[2.2355779,43.0458801],[2.2339797,43.0461115],[2.231065,43.045459],[2.2291958,43.0462849],[2.2280091,43.0471045],[2.2272555,43.047199],[2.225798,43.046812],[2.2233809,43.0459787],[2.2226588,43.0459136],[2.2221866,43.0462069],[2.2218155,43.0465888],[2.2217194,43.0467819],[2.2217227,43.0471155],[2.2222477,43.0480614],[2.222463,43.0481465],[2.2226866,43.0480589],[2.223113,43.0483667],[2.223224,43.0487648],[2.223219,43.0493033],[2.2212802,43.0519734],[2.220079,43.0540867],[2.2194028,43.0549395],[2.2189128,43.0552908],[2.2186365,43.0556807],[2.2180416,43.056234],[2.2166631,43.0572239],[2.2149556,43.0587375],[2.2147816,43.0590198],[2.2150022,43.0594358],[2.2149478,43.0597469],[2.2151708,43.0603397],[2.2159054,43.0615512],[2.2162581,43.0619124],[2.2170266,43.0624683],[2.2202511,43.0642217],[2.2210657,43.0648647],[2.221584,43.0655063],[2.2218965,43.0656909],[2.2233651,43.0673895],[2.2247683,43.0683757],[2.2250228,43.0687116],[2.2254204,43.0696745],[2.225034,43.0703056],[2.224699,43.0706931],[2.2243718,43.0709212],[2.2241938,43.0713617],[2.2242178,43.0719244],[2.2243572,43.0721435],[2.2243843,43.0723641],[2.2246308,43.0725378],[2.2262296,43.0732411],[2.2280509,43.0749707],[2.228369,43.0759696],[2.2284409,43.0772432],[2.2283648,43.0783186],[2.2282097,43.0791766],[2.2282182,43.080157],[2.2285294,43.081999],[2.2290237,43.0836018],[2.2290859,43.0841051],[2.2295308,43.0846696],[2.2296558,43.0853549],[2.2302537,43.087125],[2.2301732,43.0876258],[2.2302447,43.0881956],[2.2305515,43.0893937],[2.231175,43.0906152],[2.231239,43.0909635],[2.2315722,43.0915075],[2.231539,43.0931732],[2.231452,43.0938136],[2.2315515,43.094654],[2.2320367,43.0950934],[2.2324869,43.0952038],[2.2343339,43.0961104],[2.238063,43.0973707],[2.2393877,43.0979303],[2.2398551,43.0980629],[2.2401986,43.0980537],[2.2411706,43.0983692],[2.2423267,43.097963],[2.245506,43.0959481],[2.2457839,43.0958604],[2.2458222,43.0956245],[2.2461822,43.0955831],[2.2466487,43.0957535],[2.2466965,43.0958012],[2.2465881,43.0959414],[2.2469426,43.0961025],[2.2472537,43.0965345],[2.247889,43.0969657],[2.2490364,43.0973698],[2.2511956,43.0985222],[2.2546383,43.0998562],[2.2589079285260736,43.10224769156919],[2.2593908,43.101892],[2.2596486,43.1018181],[2.2601745,43.101378],[2.2609681,43.101038],[2.2616001,43.1005683],[2.2619286,43.1005315],[2.2626565,43.1001655],[2.2633042,43.0992257],[2.2634812,43.0991295],[2.2638657,43.0986634],[2.2644771,43.0984898],[2.2647754,43.0982642],[2.2654574,43.0982609],[2.2657354,43.0981241],[2.2659128,43.0976356],[2.2661658,43.0972582],[2.2669898,43.0967886],[2.2672531,43.0962446],[2.2674907,43.09603],[2.2673044,43.0955005],[2.2676137,43.0944975],[2.2681298,43.0937982],[2.2684733,43.0934796],[2.2685996,43.0931845],[2.2689774,43.0929971],[2.2691078,43.0927788],[2.2706566,43.0924814],[2.2719746,43.0921224],[2.2734232,43.0912529],[2.2737005,43.0910009],[2.2751123,43.0891811],[2.2754693,43.0888245],[2.2758849,43.0886495],[2.2766024,43.0886806],[2.277127,43.088561],[2.2787017,43.0891988],[2.2790794,43.0892516],[2.2803493,43.0904357],[2.2811391,43.090533],[2.2813671,43.0906353],[2.2814372,43.0905265],[2.2828796,43.0906867],[2.2838504,43.0909868],[2.2850441,43.0908515],[2.2856857,43.0908723],[2.2880199,43.0922225],[2.2887527,43.0922943],[2.2895236,43.0930383],[2.2910624,43.0937871],[2.2909697,43.093879],[2.2928449,43.0942938],[2.2933627,43.0945837],[2.2940433,43.0956375],[2.2940161,43.0963067],[2.2964454,43.0983558],[2.2967179,43.0986765],[2.2967323,43.0990608],[2.2971359,43.0993754],[2.2973458,43.0998569],[2.2976732,43.1002877],[2.2989241,43.1010192],[2.3000104,43.1014134],[2.3006406,43.102388],[2.300424,43.1024965],[2.3007458,43.1034281],[2.3009254,43.1036967],[2.3019871,43.1041903],[2.3030078,43.1050122],[2.3043139,43.1054276],[2.3047613,43.105668],[2.3052626,43.1064181],[2.3059074,43.1067761],[2.3062745,43.1070984],[2.307249,43.1075652],[2.3073681,43.1081577],[2.3072053,43.1085108],[2.3069979,43.1087035],[2.3070881,43.1089175],[2.3080762,43.1093649],[2.3080471,43.1095927],[2.3082446,43.1102875],[2.3090374,43.1110248],[2.308937,43.1111212],[2.3091744,43.1117969],[2.3091257,43.1120051],[2.3092023,43.1122627],[2.3098858,43.1133049],[2.3099365,43.1134992],[2.3103694,43.1138704],[2.3105255,43.1147057],[2.3109682,43.1153826],[2.3118657,43.1157679],[2.3121593,43.1156925],[2.3131848,43.115982],[2.3141424,43.1160154],[2.3144646,43.1159623],[2.3148687,43.1155235],[2.3151399,43.1154471],[2.315111,43.1149643],[2.3152499,43.1144102],[2.3158405,43.113163],[2.315862,43.112787],[2.3156903,43.1123327],[2.3156474,43.111761],[2.3157014,43.11116],[2.3167585,43.1111215],[2.318581,43.1112817],[2.3193383,43.1112019],[2.319749,43.1112913],[2.3206796,43.111235],[2.3209684,43.111315],[2.3218989,43.1113339],[2.3224444,43.1114656],[2.3241643,43.1113859],[2.3251013,43.1112497],[2.3262949,43.1113673],[2.3264619,43.1109865],[2.3276234,43.1109114],[2.3276684,43.1106669],[2.328169,43.1104695],[2.3284899,43.1104836],[2.3292279,43.1100746],[2.3292023,43.1099382],[2.3295488,43.1099053],[2.3303896,43.1094822],[2.3309607,43.1094541],[2.3310185,43.1095951],[2.3311147,43.1096233],[2.3316345,43.1094964],[2.332411,43.1096375],[2.3326998,43.1095435],[2.3337073,43.1095153],[2.3347791,43.1091204],[2.3352924,43.1094448],[2.3353374,43.1096141],[2.3352603,43.1098398],[2.3363898,43.1102489],[2.3400862,43.1106391],[2.3410297,43.1121436],[2.3406704,43.1137047],[2.3417535,43.1138525],[2.341946,43.1140359],[2.3429536,43.1143132],[2.3448535,43.1161421],[2.3453093,43.1169085],[2.3456366,43.1169085],[2.3460731,43.1171153],[2.3466701,43.1179804],[2.3472607,43.118554],[2.3470169,43.1192781],[2.3490666,43.1186244],[2.3492786,43.1192639],[2.3495674,43.1195083],[2.3516152,43.1206083],[2.3518206,43.1208669],[2.3518335,43.121022],[2.3515909,43.1214366],[2.3521689,43.122415],[2.3524242,43.1225514],[2.353343,43.1227528],[2.3534985,43.1228231],[2.3536193,43.123016],[2.353803,43.1230579],[2.354095,43.1228919],[2.354492,43.1228206],[2.3560296,43.1236141],[2.3580617,43.1262337],[2.3583799,43.1262274],[2.3587647,43.1257144],[2.3597628,43.1258099],[2.3612647,43.1268362],[2.3631969,43.1270443],[2.363401,43.126957],[2.363665,43.126687],[2.363752,43.126476],[2.363872,43.125877],[2.363728,43.12567],[2.364141,43.124975],[2.36493,43.122321],[2.366652,43.122145],[2.366526,43.121832],[2.366274,43.121634],[2.366042,43.121202],[2.365309,43.120371],[2.36523,43.120132],[2.365219,43.119318],[2.365484,43.118964],[2.366333,43.118407],[2.366394,43.118245],[2.366826,43.117855],[2.367193,43.117582],[2.368212,43.117203],[2.369219,43.116485],[2.369833,43.116282],[2.371201,43.116275],[2.3723,43.11602],[2.372651,43.115814],[2.373627,43.115726],[2.374383,43.11548],[2.376387,43.115152],[2.376883,43.114838],[2.377714,43.115028],[2.379413,43.115066],[2.379777,43.115252],[2.380757,43.115157],[2.381212,43.11478],[2.381901,43.11473],[2.382204,43.114595],[2.382916,43.113257],[2.38304,43.112673],[2.384226,43.112369],[2.387738,43.110166],[2.388282,43.108567],[2.388453,43.108304],[2.3891,43.107755],[2.389318,43.107706],[2.389729,43.107227],[2.389857,43.105848],[2.390004,43.105818],[2.391085,43.104937],[2.391313,43.104582],[2.392066,43.104784],[2.392565,43.10479],[2.392945,43.104667],[2.393373,43.104713],[2.393867,43.105188],[2.394455,43.105494],[2.394919,43.105662],[2.395971,43.105797],[2.396836,43.105641],[2.398349,43.105204],[2.398915,43.105342],[2.400141,43.105976],[2.401141,43.105978],[2.402106,43.106328],[2.402278,43.106287],[2.402492,43.106403],[2.402781,43.106421],[2.40346,43.106987],[2.403616,43.107301],[2.40366,43.107646],[2.404039,43.108242],[2.404743,43.108812],[2.404802,43.109152],[2.404641,43.109883],[2.406003,43.111206],[2.408836,43.111256],[2.410035,43.111202],[2.410994,43.111373],[2.412318,43.111454],[2.41281,43.111765],[2.413037,43.112017],[2.413505,43.112166],[2.413726,43.112456],[2.414536,43.11291],[2.414709,43.113142],[2.414936,43.113263],[2.415373,43.113377],[2.416299,43.11325],[2.416789,43.113364],[2.418454,43.114025],[2.41956,43.114774],[2.419757,43.114996],[2.420854,43.115071],[2.421045,43.115169],[2.42105,43.115261],[2.423505,43.115712],[2.423666,43.115902],[2.423755,43.116189],[2.4244541,43.116154],[2.42962,43.1151426],[2.4300305,43.1148876],[2.431322,43.1145265],[2.4341318,43.1142838],[2.4358149,43.1138177],[2.4388978,43.1134465],[2.4396637,43.1137181],[2.4511093,43.099795],[2.4507215,43.0995525],[2.4482866,43.0995436],[2.4480082,43.0994702],[2.4471337,43.098916],[2.4462369,43.0988545],[2.4453705,43.0984702],[2.4449756,43.0981194],[2.4429178,43.09713],[2.4428009,43.0965807],[2.4419806,43.0960094],[2.4413311,43.0959193],[2.4406505,43.0956594],[2.4403796,43.0954331],[2.4390861,43.0938199],[2.4388771,43.0936671],[2.4384441,43.0935429],[2.4381964,43.0933449],[2.4377135,43.0931736],[2.4368195,43.0926551],[2.4360617,43.0924461],[2.4343765,43.0922494],[2.4322529,43.0922914],[2.4297474,43.0914551],[2.4285258,43.0911842],[2.4277925,43.0907524],[2.4264581,43.0901767],[2.4253311,43.0893605],[2.4237236,43.0887529],[2.4234938,43.0885608],[2.42076,43.0875856],[2.4192398,43.0868978],[2.4187147,43.0864976],[2.4179494,43.0862979],[2.4161887,43.0855141],[2.4154878,43.0843611],[2.4155421,43.0840967],[2.4166128,43.0838226],[2.4176295,43.0833279],[2.4194967,43.081714],[2.4206895,43.0798861],[2.4214393,43.07955],[2.4239404,43.0767797],[2.4260623,43.0757061],[2.4267607,43.0750531],[2.4273196,43.0746705],[2.4275477,43.0741762],[2.4280556,43.0737191],[2.429045,43.0721337],[2.4316329,43.0683938],[2.4308793,43.0671172],[2.4396837,43.0633001],[2.4453052,43.0603814],[2.4435304,43.0582658],[2.4453125,43.0572637],[2.4468945,43.0562351],[2.4470447,43.0559932],[2.449426,43.05383],[2.4502728,43.0532382],[2.4545891,43.0527269],[2.4581721,43.0527822],[2.4625992,43.0512008],[2.4641422,43.0509314],[2.4654953,43.0504781],[2.4656777,43.0505236],[2.4717563,43.046572],[2.4709441,43.0351569],[2.4667812,43.031167],[2.4658687,43.0310265],[2.4636356,43.0309927],[2.455891,43.0311704],[2.4521897,43.021007],[2.452306,43.0203878],[2.4453996,43.0226909],[2.4336288,43.022584],[2.4316293,43.0079204],[2.4272071,43.0002006],[2.4149507,42.9904461],[2.4081862,42.9862573],[2.4044738,42.9841527],[2.394123,42.9797285],[2.3860818,42.9719844],[2.3863495,42.9720396],[2.386777,42.9719837],[2.3888512,42.9712872],[2.3896879,42.9711573],[2.3911189,42.970753],[2.3915215,42.9707417],[2.3918425,42.9709628],[2.3921601,42.9709108],[2.3931046,42.9704373],[2.3937686,42.9704472],[2.3938764,42.9700044],[2.3946215,42.9696537],[2.3951135,42.969612],[2.3960866,42.9688762],[2.3965892,42.9686255],[2.3968245,42.9683734],[2.398071,42.9678924],[2.3981676,42.9677219],[2.4016194,42.9657007],[2.406779,42.9640991],[2.4108123,42.959386],[2.4124212,42.9570911],[2.4080635,42.9470854],[2.4070882,42.9465492],[2.4066391,42.9461012],[2.4062888,42.9461285],[2.4060145,42.9459831],[2.406035,42.9457626],[2.4058724,42.9454692],[2.4055983,42.9452967],[2.4050578,42.944164],[2.4058107,42.9433585],[2.4058324,42.9429002],[2.4054619,42.9426882],[2.4053088,42.9423882],[2.4055121,42.9419755],[2.4060695,42.9416728],[2.4068146,42.9416831],[2.4068936,42.9415753],[2.4069112,42.9406459],[2.4073109,42.940527],[2.4073986,42.9404193],[2.4074185,42.9401584],[2.4072767,42.9395847],[2.4074622,42.9392164],[2.4073691,42.9389804],[2.4074893,42.9381917],[2.4071041,42.9377058],[2.407212,42.9372926],[2.4078824,42.9369523],[2.4081494,42.9362153],[2.4086857,42.9354032],[2.4090528,42.9350741],[2.4096442,42.9349994],[2.4099045,42.9346856],[2.4101135,42.9346057],[2.4104264,42.9345578],[2.4108853,42.9346187],[2.4117759,42.9343802],[2.4122647,42.9345177],[2.4127027,42.9341914],[2.4140457,42.9340497],[2.4140557,42.9336446],[2.4141609,42.9335281],[2.4146443,42.9335936],[2.4148531,42.9335407],[2.415299,42.9330253],[2.4158042,42.9327218],[2.4163624,42.9326526],[2.4171892,42.9326748],[2.4176146,42.9323889],[2.4180441,42.9323146],[2.418285,42.9321042],[2.4185429,42.9320335],[2.4188461,42.93172],[2.4193048,42.9317943],[2.4194122,42.9314528],[2.4198624,42.9311264],[2.4265976,42.9278785],[2.4265344,42.9291756],[2.4266533,42.9301445],[2.4265706,42.9307834],[2.4268657,42.9311202],[2.4277311,42.931604],[2.4289972,42.9316668],[2.4296064,42.9321963],[2.4304348,42.9325388],[2.4309166,42.9330207],[2.4326121,42.9336872],[2.4344382,42.9340629],[2.4350396,42.9340565],[2.4358953,42.9342299],[2.4366684,42.9347735],[2.4375438,42.9350038],[2.4385767,42.934846],[2.4404111,42.9340872],[2.4414489,42.9333677],[2.4420062,42.9332707],[2.4423814,42.9332992],[2.4437651,42.9328505],[2.4439513,42.932765],[2.4441434,42.9325266],[2.4444201,42.9324449],[2.4455322,42.9325134],[2.4464531,42.9327273],[2.4473389,42.932818],[2.4501579,42.9322067],[2.4527938,42.9323623],[2.4543208,42.9325823],[2.46039,42.9265591],[2.4656917,42.9215155],[2.4685328,42.9177741],[2.4692765,42.9163242],[2.4698042,42.9160466],[2.4703138,42.9154661],[2.4702664,42.9149814],[2.4697795,42.9141162],[2.4699048,42.91392],[2.4703793,42.9138314],[2.4707746,42.9133639],[2.4707759,42.9132125],[2.4710658,42.9130322],[2.4710582,42.9127218],[2.4711636,42.9124346],[2.4705615,42.911796],[2.4701104,42.9115593],[2.470022,42.9110668],[2.4696449,42.9106109],[2.4696344,42.9104445],[2.4693699,42.9100648],[2.4696698,42.9099224],[2.4697847,42.9097261],[2.4702689,42.9085021],[2.4700873,42.9080622],[2.470143,42.907578],[2.4704749,42.9072919],[2.470653,42.9069445],[2.4708809,42.906779],[2.4712633,42.9066218],[2.4719127,42.9065416],[2.4720699,42.9062244],[2.4725785,42.9057499],[2.4742871,42.9046223],[2.4745779,42.9043284],[2.4748922,42.903694],[2.4757136,42.9027516],[2.4754687,42.9024855],[2.4762113,42.9023451],[2.4763771,42.9022172],[2.4764304,42.9019979],[2.4761768,42.9015577],[2.4760778,42.901088],[2.4762447,42.9008314],[2.4761534,42.900672],[2.4755585,42.9004043],[2.4752825,42.9001684],[2.4751956,42.8994868],[2.4753842,42.8991091],[2.4756124,42.8989058],[2.4759932,42.8989227],[2.4762513,42.8988406],[2.4763882,42.8984855],[2.4765853,42.8983047],[2.4769047,42.8982835],[2.476151,42.8958628],[2.4743393,42.8947519],[2.4662516,42.8906964],[2.4727581,42.8778377],[2.4738792,42.8746002],[2.4766102,42.8691097],[2.4843988,42.8629297],[2.4901322,42.8581058],[2.4998343,42.8501518],[2.493431,42.846735],[2.488001,42.8459602],[2.4819137,42.8445038],[2.4762512,42.8417557],[2.4745013,42.8396248],[2.4628599,42.8385159],[2.4599436,42.8378612],[2.4562024,42.8375729],[2.4534028,42.8370143],[2.4435311,42.837167],[2.4366664,42.8392939],[2.4222829,42.8415629],[2.4201414,42.8405573],[2.4173841,42.8412344],[2.4090649,42.8419169],[2.4012189,42.843443],[2.3969438,42.8457029],[2.3821931,42.8485789],[2.3791145,42.8481942],[2.3786125,42.8477414],[2.3785666,42.8473052],[2.3710628,42.8462643],[2.37056,42.8477309],[2.3698719,42.8502657],[2.3696657,42.850333],[2.369374,42.8510297],[2.3694259,42.8515671],[2.3691178,42.8516809],[2.3689929,42.852658],[2.3685888,42.8525114],[2.3670816,42.852763],[2.3639169,42.8527415],[2.3626573,42.8532806],[2.3618879,42.8534363],[2.3596631,42.8545066],[2.3581905,42.8558352],[2.3573256,42.8577886],[2.3563145,42.8590257],[2.3573947,42.8597567],[2.3554371,42.8609414],[2.3524411,42.8622896],[2.3492874,42.8627989],[2.3474321,42.86276],[2.3453925,42.8636563],[2.3442302,42.8647394],[2.3428446,42.8649386],[2.3410212,42.864865],[2.3397793,42.8642274],[2.3354711,42.8629776],[2.3328884,42.8636788],[2.3296956,42.8635327],[2.3296292,42.8632712],[2.3290262,42.8629939],[2.3285054,42.8628766],[2.3279698,42.8638416],[2.3261672,42.8655587],[2.3259478,42.8659465],[2.3240575,42.8666475],[2.3232144,42.8666821],[2.3229743,42.8665026],[2.3222378,42.8666302],[2.3216885,42.8668511],[2.3212446,42.8672705],[2.3197061,42.8677757],[2.319203,42.8678717],[2.3181221,42.8683268],[2.3178558,42.868899],[2.3175414,42.8689564],[2.317396,42.8691336],[2.3173851,42.8693116],[2.3168069,42.8697038],[2.3167943,42.8700401],[2.31665,42.8701183],[2.3166824,42.8704285],[2.3165908,42.870606],[2.3165939,42.8711336],[2.31652,42.871331],[2.3168636,42.8718804],[2.3173257,42.8722524],[2.3173216,42.8726217],[2.3174709,42.8728995],[2.3173604,42.8731693],[2.3177166,42.873389],[2.317778,42.8735147],[2.3161209,42.8749885],[2.3152807,42.8755638],[2.3149227,42.8755023],[2.3153016,42.8761047],[2.3118615,42.8774425],[2.3100761,42.8783418],[2.3094369,42.8785753],[2.3082565,42.8791716],[2.3057648,42.8806732],[2.3008219,42.8859597],[2.3015126,42.8899275],[2.2985247,42.8953484],[2.2983057,42.8989755],[2.288907,42.8983026],[2.2846795,42.897855],[2.2825705,42.8972228],[2.2729423,42.8971569],[2.2719104,42.897315],[2.2711048,42.8972604],[2.2701465,42.8968674],[2.2696656,42.8968232],[2.2691759,42.8965731],[2.2684834,42.8964287],[2.266839,42.8962947],[2.2660395,42.8966764],[2.2655866,42.8971016],[2.2648463,42.8972121],[2.2628894,42.8979322],[2.2606656,42.900371],[2.258175,42.9035655],[2.2542778,42.9063638],[2.2526695,42.9069378],[2.2522064,42.907264],[2.2515992,42.9074659],[2.2510396,42.9074375],[2.2506457,42.9075996],[2.2506229,42.909036],[2.2505084,42.9094381],[2.2502021,42.9098429],[2.2501512,42.9104226],[2.249849,42.9113954],[2.2492364,42.912205],[2.2488996,42.9128593],[2.2477348,42.9140157],[2.2476885,42.9142128],[2.2477731,42.9144711],[2.2476278,42.9146998],[2.2475172,42.9147796],[2.2470787,42.9147888],[2.2466417,42.9146732],[2.2453693,42.9145807],[2.2448485,42.914762],[2.2438828,42.9170047],[2.2455961,42.9227567],[2.241963,42.9274109],[2.2416793,42.9289801],[2.2414264,42.9296121],[2.2421298,42.9326569],[2.2413029,42.932608],[2.2411278,42.9340969],[2.2387793,42.9338495],[2.2369606,42.9335179],[2.2366382,42.9335261],[2.2361666,42.9332549],[2.2359594,42.9332209],[2.2356246,42.9337198],[2.2361308,42.933974],[2.236372,42.9343465],[2.2367058,42.9343891],[2.2366939,42.934626],[2.2358752,42.9353444],[2.2358865,42.9354713],[2.2357367,42.9355727],[2.2357591,42.9358942],[2.2356437,42.9360887],[2.2352429,42.9362229],[2.2352216,42.9363531],[2.2360113,42.9376116],[2.2365408,42.9383312],[2.2367822,42.9385263],[2.235203201079974,42.939109755891195],[2.2359149,42.9397903],[2.2364593,42.9406579],[2.2365213,42.9410367],[2.236701,42.9414399],[2.2367458,42.9418512],[2.2369918,42.9419678],[2.2373032,42.9419763],[2.2381055,42.9416184],[2.2383213,42.9414962],[2.2388202,42.9408889],[2.2392691,42.9405497],[2.2403684,42.9398749],[2.2410098,42.9396764],[2.2415259,42.939642],[2.2425084,42.9397559],[2.2435872,42.9397063],[2.2442303,42.9395427],[2.2456515,42.9395021],[2.2460354,42.9397098],[2.2469094,42.9398602],[2.2474834,42.9400695],[2.2480077,42.9404426],[2.2485344,42.9406239],[2.2488475,42.9409283],[2.2512136,42.9421745],[2.2515707,42.9425111],[2.2519488,42.9430893],[2.252041,42.9435014],[2.2519977,42.943692],[2.2521678,42.9439773],[2.2522143,42.9443878],[2.2530959,42.9436266],[2.2533153,42.9435505],[2.2541738,42.9427413],[2.2543945,42.9423886],[2.2551759,42.9417844],[2.2557579,42.9414457],[2.2565089,42.9412277],[2.2576996,42.9410535],[2.2629587,42.9407016],[2.2646993,42.9401279],[2.2657508,42.939949],[2.2663052,42.9397667],[2.2664986,42.9398401],[2.2669554,42.9396113],[2.2677502,42.9394416],[2.2694879,42.939598],[2.2700096,42.9394786],[2.2706516,42.9398609],[2.2708366,42.9398858],[2.2707905,42.9400156],[2.2701787,42.939805],[2.2699523,42.9398279],[2.2694721,42.9396557],[2.269391,42.9397049],[2.2688937,42.9395951],[2.2673087,42.9396409],[2.2665264,42.9400835],[2.2648674,42.9403507],[2.2635473,42.9408039],[2.2624021,42.9410197],[2.2613068,42.94104],[2.2586228,42.9412988],[2.2583334,42.9412832],[2.2583832,42.9411781],[2.2568898,42.9412248],[2.2561093,42.9413956],[2.2553462,42.9417942],[2.2548205,42.9422026],[2.2539781,42.9431693],[2.2529413,42.9441591],[2.2525882,42.9447279],[2.2538413,42.9457146],[2.2538715,42.9459936],[2.254006,42.9462165],[2.2539904,42.9464257],[2.2535884,42.946907],[2.2532906,42.9474558],[2.253036,42.9476987],[2.2526735,42.9484477],[2.2526144,42.9490755],[2.2526659,42.949503],[2.2527938,42.9500297],[2.2528978,42.9501445],[2.2530041,42.9507994],[2.25285,42.9515059],[2.252721,42.9516925],[2.2522671,42.9519921],[2.2517147,42.9520122],[2.2525055,42.951593],[2.2526729,42.9512515],[2.2526779,42.9510993],[2.2525516,42.950981],[2.2526352,42.9507223],[2.2523392,42.9500036],[2.2522136,42.9491887],[2.2522389,42.948591],[2.2523683,42.9481233],[2.2532973,42.9464629],[2.253348,42.9462322],[2.2530729,42.9456426],[2.2529062,42.9454872],[2.2521012,42.9452703],[2.2516555,42.9446087],[2.2514436,42.9438868],[2.2511662,42.9439109],[2.2515065,42.9433248],[2.2515006,42.9431332],[2.2512321,42.9426245],[2.2495614,42.9416554],[2.2486623,42.941227],[2.2478514,42.9411268],[2.247865,42.9407666],[2.2472251,42.9404137],[2.2454669,42.9399801],[2.2429498,42.9402644],[2.2419696,42.9400317],[2.2410699,42.9400597],[2.2393051,42.9411752],[2.2386404,42.941703],[2.2370935,42.9423377],[2.2364844,42.942308],[2.2363407,42.9422398],[2.2359295,42.9417298],[2.2358105,42.9411242],[2.2358455,42.940388],[2.2352159,42.9396023],[2.2342881,42.9388822],[2.2337543,42.9381419],[2.233815029878841,42.93781107984775],[2.2329672,42.9378154],[2.2322084,42.9381123],[2.2315515,42.9382322],[2.2313546,42.9385441],[2.2311875,42.938518],[2.2307087,42.9390256],[2.2308795,42.9395556],[2.2304215,42.9396392],[2.2300653,42.9404126],[2.2286321,42.9417231],[2.2279216,42.9422102],[2.22713,42.9431598],[2.2272096,42.9434205],[2.2267965,42.9440088],[2.2265901,42.9441768],[2.2236322,42.9457887],[2.2217473,42.9463144],[2.2198659,42.9478183],[2.2196476,42.9481516],[2.2169862,42.9492804],[2.2164897,42.9496845],[2.2149804,42.9499478],[2.2135147,42.9503044],[2.2123608,42.9502553],[2.2121383,42.9501302],[2.2106298,42.9497658],[2.2100224,42.9499263],[2.2082258,42.9501773],[2.2079574,42.9501343],[2.2056881,42.9487847],[2.2044435,42.9488254],[2.2034969,42.9492141],[2.2035292,42.9493213],[2.2025182,42.9494954],[2.202348,42.9496507],[2.2019234,42.9495489],[2.1984638,42.9514319],[2.1976795,42.9515304],[2.1970948,42.9517534],[2.1961904,42.9523718],[2.1960741,42.9527181],[2.1961678,42.9533702],[2.1940775,42.9534644],[2.1940652,42.9537927],[2.1938502,42.9538301],[2.1908446,42.9529151],[2.1821544,42.951822],[2.1793527,42.9509364],[2.1773839,42.950878],[2.1766964,42.9510678],[2.176607,42.9503364],[2.1759818,42.9497239],[2.1753962,42.9495021],[2.1727788,42.9478215],[2.1680557,42.9451109],[2.1670128,42.9451164],[2.1664998,42.9455343],[2.1664187,42.9456895],[2.1651355,42.946172],[2.1646039,42.9461192],[2.1643994,42.9470923],[2.1641339,42.9476556],[2.1637141,42.9479458],[2.1626924,42.9490748],[2.1616415,42.9498981],[2.1602561,42.9511588],[2.1598165,42.9513695],[2.1594946,42.9517979],[2.1594705,42.9523446],[2.1591124,42.952681],[2.1582631,42.9530506],[2.1572033,42.9539074],[2.1554479,42.9548354],[2.1552737,42.9548005],[2.1547267,42.9552578],[2.1546065,42.9555288],[2.1537877,42.9551794],[2.1528695,42.9541406],[2.1524729,42.9544489],[2.1519012,42.9547202],[2.151115,42.9546968],[2.1505538,42.9547952],[2.1502793,42.9545078],[2.1497745,42.9541722],[2.1493137,42.9542193],[2.1484628,42.9540707],[2.1472922,42.9536604],[2.1460582,42.9535209],[2.1456563,42.9529583],[2.1448865,42.9522911],[2.1427769,42.952017],[2.1411405,42.9521702],[2.139789,42.9518349],[2.1391157,42.9519689],[2.1382643,42.9524512],[2.1370221,42.9533125],[2.1363683,42.9535793],[2.1363087,42.9536656],[2.1358445,42.953706],[2.1333061,42.9526971],[2.1324836,42.9509009],[2.1322152,42.9507027],[2.1311673,42.950628],[2.1305101,42.9502418],[2.129725,42.9499594],[2.1287078,42.9492136],[2.1279809,42.9484996],[2.1269374,42.948572],[2.126632,42.9486994],[2.1226758,42.9494599],[2.1214231,42.9495055],[2.1199755,42.9492467],[2.119529,42.9492378],[2.1185726,42.9486679],[2.1168645,42.9481605],[2.1155609,42.9472458],[2.1129942,42.9462886],[2.1115484,42.9455656],[2.1114811,42.9452531],[2.1106963,42.9450648],[2.1097316,42.9456229],[2.1088371,42.9459492],[2.1073713,42.9466308],[2.1058396,42.9464239],[2.1051282,42.9451722],[2.1044591,42.9449445],[2.1042904,42.9447575],[2.1023845,42.9449659],[2.1016789,42.9443724],[2.1011784,42.9442673],[2.0981072,42.9442768],[2.0962779,42.9442008],[2.0956263,42.9437434],[2.0937225,42.9432432],[2.0933191,42.9433783],[2.0924808,42.9432965],[2.0921754,42.9434238],[2.0917506,42.9434309],[2.0897921,42.9430025],[2.0891386,42.9430251],[2.0885759,42.9421678],[2.0879661,42.9421504],[2.0867773,42.9425638],[2.0847173,42.9429992],[2.0833015,42.9427808],[2.0822908,42.9452234],[2.0817674,42.9458822],[2.0813272,42.9461662],[2.0808171,42.9468173],[2.0797789,42.9468289],[2.0787339,42.946966],[2.0785018,42.9479652],[2.078487,42.9484673],[2.077573,42.9490465],[2.0776235,42.9505485],[2.0776982,42.9508324],[2.0793052,42.9526155],[2.0813262,42.9531594],[2.0814945,42.9535807],[2.0814289,42.9542644],[2.0814812,42.9545934],[2.0813624,42.9551784],[2.0809939,42.9555063],[2.0811237,42.9565719],[2.0820057,42.9575933],[2.082397,42.9582254],[2.08268,42.9590547],[2.08462,42.9597627],[2.0841315,42.9609387],[2.0831337,42.9618834],[2.0823525,42.9624077],[2.0821002,42.962782],[2.0820089,42.9632092],[2.0822511,42.9652089],[2.0817348,42.9664341],[2.0817251,42.9670796],[2.0815519,42.9681325],[2.0809981,42.9693808],[2.0807038,42.9708001],[2.0806864,42.9715953],[2.0803383,42.9724258],[2.0804908,42.972927],[2.0810588,42.9733156],[2.0823926,42.9738505],[2.0834812,42.9738534]],[[1.9896559,43.0898783],[1.9897822,43.0895749],[1.9906639,43.0890455],[1.9913851,43.0891955],[1.9899553,43.0899583],[1.9896559,43.0898783]],[[1.9882158,43.0902899],[1.9891992,43.0895424],[1.9894141,43.0895306],[1.9894296,43.0897224],[1.9892948,43.089971],[1.9884237,43.0904252],[1.9882158,43.0902899]],[[1.9722031,43.0980639],[1.9724606,43.0987095],[1.9717872,43.0984355],[1.9704064,43.0973044],[1.96957,43.0968644],[1.9695245,43.0966674],[1.9704137,43.0962823],[1.9708217,43.0966719],[1.9709871,43.096702],[1.9712803,43.0966653],[1.9718843,43.096417],[1.9718639,43.0967671],[1.9713227,43.0970481],[1.9712317,43.0972403],[1.9713404,43.097445],[1.9722031,43.0980639]],[[1.9861475,43.1081051],[1.9860221,43.1083436],[1.985831,43.1083213],[1.9858676,43.1080856],[1.9861475,43.1081051]],[[1.9882955,43.1153123],[1.988279,43.1151693],[1.9885068,43.1150929],[1.9888142,43.1151509],[1.9889298,43.1153963],[1.9894134,43.1158386],[1.9899122,43.1165069],[1.9896264,43.1166657],[1.989083,43.1167947],[1.988922,43.1166365],[1.9888657,43.1162303],[1.9886204,43.1158408],[1.9886428,43.1156243],[1.9882955,43.1153123]],[[2.0720655,43.0672005],[2.0728554,43.0673139],[2.0730432,43.0674711],[2.0730589,43.0676074],[2.0729272,43.0678333],[2.072596,43.0680965],[2.072164,43.068294],[2.0719647,43.0683151],[2.0711454,43.0680912],[2.0711469,43.0679972],[2.0720655,43.0672005]],[[2.0407445,43.0870017],[2.0410291,43.0869114],[2.0411533,43.0870603],[2.0409004,43.0872459],[2.0407445,43.0870017]],[[2.0344553,43.0960395],[2.0336613,43.0958828],[2.0335219,43.095922],[2.033318,43.0957966],[2.0325992,43.0956948],[2.031698,43.0958358],[2.0314619,43.0960003],[2.0313117,43.0959455],[2.0311615,43.0960082],[2.0311186,43.0959142],[2.0312581,43.0952561],[2.0314727,43.0949035],[2.0320949,43.0945588],[2.0327816,43.0943238],[2.0337472,43.0942141],[2.0339725,43.0940731],[2.0350132,43.0943473],[2.0355282,43.0941828],[2.0357213,43.09441],[2.036129,43.0945901],[2.036365,43.0953579],[2.0344553,43.0960395]],[[2.0665457,43.0988026],[2.0659729,43.1005004],[2.0645011,43.1002955],[2.0644455,43.0998536],[2.0645683,43.0995197],[2.0649583,43.098914],[2.0652746,43.0986045],[2.0655427,43.0978253],[2.0654532,43.0975632],[2.0651144,43.0973017],[2.065179,43.0969217],[2.0650481,43.0966491],[2.0650037,43.0961566],[2.0652314,43.0966658],[2.0666276,43.0977403],[2.0668605,43.0981379],[2.0668741,43.0986049],[2.0665457,43.0988026]],[[2.0480907,43.1021933],[2.0485761,43.1028783],[2.0485111,43.1030415],[2.0482585,43.1031933],[2.0466824,43.1033963],[2.0445397,43.1038336],[2.045663,43.1031521],[2.0480907,43.1021933]],[[1.992638,43.1133911],[1.9918723,43.1132645],[1.9921667,43.1129628],[1.9924842,43.1127857],[1.9931805,43.1125429],[1.992638,43.1133911]],[[2.0306441,43.1163236],[2.0309328,43.116639],[2.0309345,43.1168183],[2.0307689,43.1168756],[2.0305878,43.1167893],[2.0305201,43.116567],[2.0301746,43.1161827],[2.0295689,43.115933],[2.0292176,43.1156334],[2.0298237,43.1158602],[2.0306441,43.1163236]],[[2.0559562,43.1217612],[2.0568597,43.1214104],[2.0570335,43.1213857],[2.0571384,43.1215006],[2.0571211,43.1217643],[2.0569543,43.1222026],[2.0557144,43.1227428],[2.0549805,43.1224697],[2.0548005,43.1223249],[2.0549988,43.1218608],[2.0559562,43.1217612]],[[2.0850448,43.1230548],[2.0859581,43.122727],[2.0862494,43.1227584],[2.0866953,43.1230922],[2.0867171,43.123413],[2.0863175,43.1235264],[2.0853759,43.1235334],[2.0835848,43.1231403],[2.0834739,43.123018],[2.0835493,43.1228583],[2.0837487,43.122821],[2.0845274,43.1230701],[2.0850448,43.1230548]],[[2.0605022,43.1255231],[2.0608279,43.1260338],[2.0606363,43.1260583],[2.0596624,43.1257735],[2.059311,43.1252039],[2.0594275,43.1251462],[2.0605022,43.1255231]],[[2.0723514,43.1275051],[2.0720857,43.1274804],[2.0716491,43.1271907],[2.0711239,43.1272223],[2.0706581,43.1271501],[2.0705399,43.1270287],[2.0719863,43.1269394],[2.0741857,43.1273415],[2.074668,43.1275017],[2.0749437,43.1277938],[2.0738007,43.128107],[2.0730595,43.1277232],[2.0728028,43.1273499],[2.0726236,43.1274331],[2.0723898,43.1273107],[2.0723514,43.1275051]],[[2.0556653,43.1304052],[2.0560424,43.1299398],[2.0562143,43.1295077],[2.056306,43.1294894],[2.0567407,43.1298021],[2.0568843,43.1300837],[2.0568083,43.1302201],[2.0558974,43.1305983],[2.0556653,43.1304052]],[[2.0140267,43.137275],[2.0148559,43.1377807],[2.0158498,43.1381642],[2.0152056,43.1390263],[2.014851,43.1389546],[2.0140579,43.1383341],[2.0137412,43.1377976],[2.0129154,43.1370758],[2.0133496,43.1370486],[2.0140267,43.137275]],[[2.047319,43.1385242],[2.0475982,43.1385783],[2.0465675,43.1387079],[2.0464367,43.1385881],[2.047319,43.1385242]],[[2.1971749,42.9618535],[2.1966296,42.9618479],[2.1965772,42.9617487],[2.1970655,42.9615762],[2.1972689,42.9616292],[2.1973228,42.9617769],[2.1971749,42.9618535]],[[2.2014163,42.9663666],[2.2014964,42.9665988],[2.2009326,42.9667769],[2.2008247,42.9667386],[2.2009048,42.9665943],[2.2011575,42.9664342],[2.2010642,42.966313],[2.2011716,42.9662703],[2.2014163,42.9663666]],[[2.1751591,42.9713896],[2.1751768,42.971501],[2.1750423,42.9716434],[2.1746105,42.9715916],[2.1747238,42.9712783],[2.1749751,42.9712679],[2.1751591,42.9713896]],[[2.1186163,43.0226359],[2.1184711,43.0225308],[2.1187646,43.0221814],[2.1188919,43.0221716],[2.1190076,43.0222873],[2.1187924,43.0226301],[2.1186163,43.0226359]],[[2.192255,43.0280114],[2.1922412,43.0281893],[2.1920239,43.028097],[2.1920224,43.0279956],[2.192255,43.0280114]],[[2.1222745,43.0289383],[2.122292,43.028827],[2.1227487,43.0287534],[2.1228516,43.0288254],[2.1228177,43.0289063],[2.1224048,43.0290159],[2.1222745,43.0289383]],[[2.0937407,43.0302075],[2.093695,43.03019],[2.0937518,43.0301924],[2.0937407,43.0302075]],[[2.1227331,43.0305443],[2.1228132,43.0305046],[2.1227689,43.0305656],[2.1227331,43.0305443]],[[2.1230344,43.0306832],[2.123082,43.030668],[2.1230937,43.0307644],[2.1230344,43.0306832]],[[2.1919491,43.045335],[2.1921543,43.0448096],[2.1930617,43.0450991],[2.1935384,43.04513],[2.1936333,43.0452525],[2.1936308,43.0454412],[2.1934737,43.0455659],[2.1921027,43.0454776],[2.1919491,43.045335]],[[2.1938957,43.0465006],[2.1935797,43.0464748],[2.1919325,43.0457791],[2.1919549,43.0457085],[2.1937389,43.045784],[2.1939559,43.0463988],[2.1938957,43.0465006]],[[2.196177,43.0555106],[2.1964124,43.0555042],[2.1963646,43.0556697],[2.1961381,43.0556348],[2.196177,43.0555106]],[[2.1845574,43.0951241],[2.1866676,43.0949511],[2.1871174,43.0948473],[2.1899022,43.0934578],[2.1909054,43.0927198],[2.1916319,43.0934693],[2.1915858,43.0935904],[2.1897119,43.0945014],[2.1880687,43.0956026],[2.187348,43.0957871],[2.1853877,43.0959716],[2.1852032,43.0957583],[2.1849322,43.0957064],[2.1830872,43.095937],[2.1820032,43.0957295],[2.1812306,43.0956833],[2.1821531,43.095643],[2.1834908,43.095274],[2.1842172,43.0952394],[2.1845574,43.0951241]],[[2.1953465,43.1037914],[2.1953944,43.1036269],[2.1955997,43.1035133],[2.196124,43.1036254],[2.1957412,43.1041523],[2.1946009,43.1051523],[2.1943796,43.1051959],[2.194278,43.1046283],[2.1953465,43.1037914]],[[2.1913498,43.1046277],[2.1910412,43.1046712],[2.1907921,43.1048491],[2.1906946,43.1052168],[2.1898824,43.1050626],[2.1894383,43.1051733],[2.1889835,43.1054422],[2.1885611,43.1049994],[2.1886856,43.1047424],[2.1894979,43.1044815],[2.190126,43.1044775],[2.1904726,43.1042917],[2.1909383,43.104177],[2.1910845,43.1042166],[2.1909437,43.104347],[2.191117,43.1044459],[2.1915935,43.1042126],[2.192043,43.1038686],[2.1921242,43.10392],[2.1910637,43.1052367],[2.1910986,43.1053457],[2.1912199,43.1053552],[2.1914636,43.1056398],[2.1915989,43.1059126],[2.1914798,43.1060905],[2.1900232,43.1066638],[2.1889618,43.1068892],[2.1888914,43.1067626],[2.1894546,43.1060036],[2.1894221,43.1057347],[2.1895845,43.1054817],[2.1899744,43.1053236],[2.1903805,43.1053077],[2.1906621,43.1054026],[2.1907596,43.1055687],[2.1910596,43.105429],[2.1908425,43.1050313],[2.1913498,43.1046277]],[[2.1917928,43.1047326],[2.1921468,43.1046093],[2.1921978,43.1046896],[2.192584,43.10476],[2.1923158,43.1048638],[2.1917928,43.1047326]],[[2.18851,43.1066702],[2.1883545,43.1067342],[2.1874574,43.1066295],[2.1872102,43.1062918],[2.187258,43.1056572],[2.187888,43.1054068],[2.1883664,43.1056368],[2.1887612,43.1060618],[2.18851,43.1066702]],[[2.1859889,43.1084191],[2.1863138,43.1077826],[2.1868986,43.1071422],[2.1874835,43.1068971],[2.1879925,43.106901],[2.1882578,43.1070433],[2.1883932,43.1072647],[2.1861243,43.1090556],[2.1859348,43.1087117],[2.1859889,43.1084191]],[[2.1753894,43.1093769],[2.1755802,43.1094176],[2.1754469,43.1094301],[2.1753894,43.1093769]],[[2.1103363,43.1130327],[2.1103588,43.1128969],[2.1107902,43.1124853],[2.1110834,43.1124029],[2.1121096,43.112831],[2.1121209,43.1129154],[2.1111792,43.1138374],[2.1107592,43.1140721],[2.1103701,43.1141132],[2.1101304,43.1140083],[2.1100882,43.1138457],[2.1106859,43.1132797],[2.1106605,43.113183],[2.1103363,43.1130327]],[[2.1310916,43.1187254],[2.1307656,43.1187346],[2.1310313,43.1186055],[2.1310916,43.1187254]],[[2.129182,43.1195774],[2.1286896,43.1195381],[2.1286757,43.1194333],[2.1296764,43.1189881],[2.1299176,43.1193999],[2.129182,43.1195774]],[[2.1610165,43.1195563],[2.1612331,43.1194083],[2.1614166,43.1196556],[2.1611584,43.1198058],[2.1610165,43.1195563]],[[2.1614681,43.1196864],[2.1616451,43.1199032],[2.1613598,43.1200126],[2.1611999,43.1198112],[2.1614681,43.1196864]],[[2.1450018,43.1199188],[2.1450932,43.1201188],[2.1448851,43.1202893],[2.1440578,43.1205116],[2.1435502,43.1197558],[2.1437888,43.1196076],[2.1450018,43.1199188]],[[2.1616793,43.1199338],[2.1619103,43.120255],[2.1615344,43.1204043],[2.1614008,43.1200535],[2.1616793,43.1199338]],[[2.1431695,43.1207746],[2.1426011,43.1198966],[2.1426366,43.1197002],[2.1429208,43.1196002],[2.1433218,43.1196483],[2.1438446,43.1205782],[2.1437634,43.1206746],[2.1431695,43.1207746]],[[2.1407332,43.120293],[2.140784,43.1202078],[2.1415504,43.1200114],[2.1416773,43.120041],[2.1419108,43.120519],[2.1413169,43.1207227],[2.1407332,43.120293]],[[2.1418397,43.1199114],[2.1423473,43.1198113],[2.143002,43.1206931],[2.1430629,43.1208894],[2.1424539,43.121071],[2.141789,43.1199892],[2.1418397,43.1199114]],[[2.1452607,43.1203671],[2.1454383,43.1205708],[2.1455094,43.1208005],[2.1454434,43.1209154],[2.1445349,43.121271],[2.1442456,43.1212488],[2.1440273,43.1208561],[2.1440628,43.1207005],[2.1450577,43.1203671],[2.1452607,43.1203671]],[[2.1441745,43.121297],[2.1440781,43.1214489],[2.1435248,43.1216971],[2.1433573,43.1216934],[2.1428244,43.12146],[2.1426061,43.1212784],[2.142662,43.1211858],[2.1438192,43.1208079],[2.1441745,43.121297]],[[2.1541446,43.121274],[2.1548943,43.1216218],[2.1549741,43.1218607],[2.1516616,43.1218845],[2.1515792,43.1215847],[2.1536672,43.1212578],[2.1541446,43.121274]],[[2.1436114,43.1319009],[2.1442693,43.1311535],[2.14451,43.1312089],[2.1446036,43.1313248],[2.1435818,43.1321942],[2.1421177,43.1332049],[2.1419467,43.1329933],[2.1419886,43.1329088],[2.1428836,43.1324416],[2.1436114,43.1319009]],[[2.193015,43.1375251],[2.1927896,43.1378343],[2.1924149,43.1379127],[2.1920053,43.1381936],[2.191849,43.1381519],[2.1931886,43.136952],[2.1938031,43.1372232],[2.1934308,43.1374739],[2.193015,43.1375251]],[[2.1040381,43.1423969],[2.1042381,43.1422158],[2.104345,43.1422496],[2.1052592,43.1427259],[2.1053574,43.1428788],[2.1051958,43.1430399],[2.1040381,43.1423969]],[[2.1867085,43.1427861],[2.1863433,43.1431943],[2.1865082,43.1427243],[2.1867085,43.1427861]],[[2.1006283,43.143046],[2.1012711,43.1431206],[2.1015812,43.1432371],[2.101674,43.1433768],[2.1015819,43.1436491],[2.1013354,43.1438258],[2.1010506,43.1438335],[2.0999389,43.1433781],[2.0988924,43.1430969],[2.0984282,43.14286],[2.0995049,43.1424665],[2.1001469,43.1425956],[2.1004199,43.1429303],[2.1006283,43.143046]],[[2.1276649,43.1460481],[2.1273534,43.1458206],[2.128127,43.1456245],[2.1282325,43.1456641],[2.1283279,43.1459186],[2.128164,43.1460079],[2.1276649,43.1460481]],[[2.1305229,43.1507378],[2.1308724,43.1504256],[2.1310075,43.1504193],[2.1315128,43.1507527],[2.1314214,43.1508508],[2.1314746,43.1509794],[2.1313188,43.1510331],[2.1311855,43.1509113],[2.1309778,43.1511038],[2.1305512,43.1508589],[2.1305229,43.1507378]],[[2.3433624,42.909793],[2.3435887,42.9097578],[2.3434081,42.9098813],[2.3433624,42.909793]],[[2.3478594,42.9191767],[2.347978,42.9194012],[2.3478022,42.9195075],[2.3477266,42.9191871],[2.3478594,42.9191767]],[[2.2858368,42.9870893],[2.2859836,42.9868466],[2.2862893,42.9869613],[2.2859303,42.9871268],[2.2858368,42.9870893]],[[2.2198551,42.9915357],[2.2192875,42.9914617],[2.2189828,42.9911952],[2.2196142,42.9910212],[2.2198439,42.9910482],[2.2201031,42.9914832],[2.2198551,42.9915357]],[[2.2523932,43.0004454],[2.2522546,43.0004472],[2.2523923,43.0004077],[2.2523932,43.0004454]],[[2.3448177,43.0281394],[2.3448702,43.0282446],[2.3446968,43.0283084],[2.3446626,43.0281873],[2.3448177,43.0281394]],[[2.2517526,43.0348753],[2.2515506,43.0340071],[2.2516584,43.0338815],[2.251882,43.0340241],[2.2520032,43.0346095],[2.251925,43.0348563],[2.2517526,43.0348753]],[[2.2713114,43.0441584],[2.271188,43.0441369],[2.271011,43.0437487],[2.2707321,43.0436193],[2.2704612,43.0433449],[2.2706087,43.0432489],[2.2707428,43.0432704],[2.2712846,43.0437644],[2.2713114,43.0441584]],[[2.2259813,43.055393],[2.2260554,43.0555035],[2.2257102,43.0556006],[2.225691,43.0554738],[2.2259813,43.055393]],[[2.2476347,43.0712265],[2.2477822,43.0711109],[2.2481014,43.0712441],[2.2476266,43.0713421],[2.2476347,43.0712265]],[[2.260452,43.072426],[2.260392,43.072461],[2.260426,43.072387],[2.260452,43.072426]],[[2.2251263,43.0757487],[2.2248867,43.0750853],[2.2251574,43.0750314],[2.2253919,43.0756966],[2.2251263,43.0757487]],[[2.2221389,43.0811473],[2.222253,43.0811167],[2.2223275,43.0812715],[2.2222053,43.081303],[2.2221389,43.0811473]],[[2.222217,43.0820163],[2.2223963,43.081944],[2.2224417,43.0820104],[2.2222741,43.0820809],[2.222217,43.0820163]],[[2.219303,43.0905019],[2.219054,43.0904053],[2.2188959,43.0904659],[2.2185665,43.089911],[2.2185769,43.089805],[2.2192589,43.0899413],[2.2193912,43.0903201],[2.219303,43.0905019]],[[2.2180349,43.0903599],[2.2180271,43.0898201],[2.2181282,43.0898447],[2.218512,43.0904281],[2.2185094,43.0905303],[2.2183279,43.0905701],[2.2180349,43.0903599]],[[2.2223761,43.091517],[2.221191,43.0912273],[2.2210432,43.0910758],[2.2204519,43.091],[2.2202807,43.0907614],[2.2203222,43.0901875],[2.2211054,43.0901383],[2.2220598,43.0908523],[2.2228533,43.0910966],[2.2230245,43.0913068],[2.2228844,43.0915587],[2.2223761,43.091517]],[[2.2149187,43.092087],[2.2148456,43.0921907],[2.214648,43.0921333],[2.2146491,43.0920759],[2.2149187,43.092087]],[[2.2246934,43.0923538],[2.2246347,43.092461],[2.2244036,43.092544],[2.2240295,43.0925788],[2.2239452,43.0927315],[2.2237985,43.0928038],[2.2236554,43.0927395],[2.2237324,43.092161],[2.2238205,43.092086],[2.2245026,43.0921449],[2.2246934,43.0923538]],[[2.213681,43.093509],[2.2137946,43.0934],[2.213914,43.0934748],[2.2138037,43.0935824],[2.213681,43.093509]],[[2.2052686,43.1217182],[2.2053278,43.1216448],[2.2054438,43.1216915],[2.2053822,43.1217535],[2.2052686,43.1217182]],[[2.2047907,43.1417326],[2.2046198,43.1414916],[2.2048327,43.1414696],[2.2049525,43.1416445],[2.2047907,43.1417326]],[[2.3896292,42.8508351],[2.3896694,42.8502984],[2.3899685,42.8502689],[2.3903212,42.8503835],[2.3897274,42.8508548],[2.3896292,42.8508351]],[[2.4396019,42.8528414],[2.4398044,42.8527558],[2.4399036,42.8527932],[2.4398795,42.8528846],[2.43963,42.8529879],[2.4396019,42.8528414]],[[2.4423282,42.8611675],[2.4422421,42.8611675],[2.4422156,42.861063],[2.442331,42.8610506],[2.4423282,42.8611675]],[[2.4160634,42.8617682],[2.4167134,42.8617449],[2.4168121,42.8618426],[2.4167607,42.8623047],[2.4164656,42.8623752],[2.4162437,42.8621913],[2.4157688,42.8622179],[2.4153177,42.8620224],[2.4150111,42.8620595],[2.4148976,42.8619443],[2.4151121,42.8616749],[2.4149978,42.8613458],[2.4153711,42.8615507],[2.4160634,42.8617682]],[[2.4170777,42.8670914],[2.4172907,42.8669311],[2.4173803,42.8669951],[2.4171673,42.8671554],[2.4170777,42.8670914]],[[2.354504,42.8703818],[2.3543044,42.8705036],[2.3541158,42.8712642],[2.3529212,42.8710578],[2.3529723,42.8708187],[2.3536329,42.8699428],[2.3535467,42.8694025],[2.3536304,42.8692768],[2.3540463,42.8691177],[2.3540598,42.8688834],[2.3542868,42.8685445],[2.3544458,42.8689072],[2.3543572,42.8691038],[2.3544262,42.869193],[2.3543546,42.8694773],[2.3544297,42.8703324],[2.354504,42.8703818]],[[2.4453457,42.878513],[2.4452538,42.8790301],[2.4449546,42.879052],[2.4444611,42.8789212],[2.4444385,42.8787907],[2.4453457,42.878513]],[[2.4442805,42.8811622],[2.4441893,42.8813407],[2.444044,42.8812784],[2.444156,42.8811005],[2.4442805,42.8811622]],[[2.4439935,42.8832959],[2.4441066,42.8829644],[2.4443253,42.8829092],[2.4444573,42.8830252],[2.4444082,42.8833236],[2.4441745,42.8833788],[2.4439935,42.8832959]],[[2.4082242,42.8954255],[2.4082475,42.8956348],[2.4079881,42.8957458],[2.4076237,42.8957116],[2.4075771,42.8956348],[2.4077316,42.8953785],[2.4080959,42.8953486],[2.4082242,42.8954255]],[[2.355188,42.9038525],[2.3552852,42.9039254],[2.355188,42.9039949],[2.3550908,42.903922],[2.355188,42.9038525]],[[2.4195296,42.9093909],[2.4193861,42.9094675],[2.419205,42.9093005],[2.4194008,42.9092308],[2.4195296,42.9093909]],[[2.3851683,42.9154156],[2.3853794,42.9153884],[2.3854284,42.9155928],[2.3852174,42.91562],[2.3851683,42.9154156]],[[2.3799275,42.9289608],[2.379692,42.9288416],[2.3798262,42.928767],[2.3799817,42.928875],[2.3799275,42.9289608]],[[2.3734265,42.9450758],[2.3737606,42.9451546],[2.3737727,42.9454438],[2.3732124,42.9462152],[2.3732603,42.9463992],[2.3731531,42.946741],[2.3724971,42.9469603],[2.3719964,42.9475827],[2.3711406,42.9478438],[2.3708562,42.948083],[2.3705192,42.9481435],[2.369407,42.9464266],[2.3697885,42.946111],[2.3707069,42.9457602],[2.3716135,42.9455759],[2.3719832,42.9454268],[2.372365,42.9454442],[2.3728897,42.9451987],[2.3734265,42.9450758]],[[2.4010186,42.9474893],[2.4008634,42.9475718],[2.4008292,42.9474444],[2.4010186,42.9474893]],[[2.3910688,42.9521077],[2.3910579,42.9522686],[2.3912183,42.9525379],[2.3909964,42.95252],[2.3907615,42.9523785],[2.3910688,42.9521077]],[[2.3710258,42.9986074],[2.3711492,42.9984093],[2.3710607,42.9983533],[2.3708032,42.9984318],[2.3710435,42.9982632],[2.3712538,42.9983651],[2.3714858,42.9982033],[2.3711251,42.9986643],[2.3710258,42.9986074]],[[2.3718851,42.9994062],[2.3712659,42.9992057],[2.3712317,42.9990527],[2.3718957,42.9992459],[2.3718851,42.9994062]],[[2.3677173,43.0341243],[2.3676141,43.033939],[2.368117,43.0338419],[2.3680834,43.0340331],[2.3677173,43.0341243]],[[2.360593,43.0498612],[2.3599523,43.0498133],[2.3599503,43.0495513],[2.3601564,43.0495194],[2.3602079,43.0496352],[2.360593,43.0498612]],[[2.409543,43.0782054],[2.4092288,43.0786414],[2.4090019,43.0787613],[2.4092183,43.078134],[2.409543,43.0782054]],[[2.3759153,43.0791247],[2.3758907,43.0789542],[2.3759923,43.0789431],[2.376011,43.0791196],[2.3759153,43.0791247]],[[2.3757506,43.0791426],[2.3757261,43.0789857],[2.3758137,43.0789823],[2.3758324,43.0791392],[2.3757506,43.0791426]],[[2.3938019,43.0945807],[2.394251,43.0944699],[2.3942985,43.0945359],[2.3941253,43.0947396],[2.3938433,43.094659],[2.3938019,43.0945807]],[[2.4030286,43.0945281],[2.4032048,43.0945751],[2.4030393,43.0947653],[2.4028891,43.0946501],[2.4030286,43.0945281]],[[2.36757,43.1042021],[2.3675566,43.1042002],[2.36756,43.1041708],[2.36757,43.1042021]],[[2.3675844,43.1042231],[2.3675674,43.1042246],[2.3675753,43.1042122],[2.3675844,43.1042231]],[[2.3675528,43.1042548],[2.367601,43.1042489],[2.3675648,43.104291],[2.3675528,43.1042548]],[[2.3676158,43.1043507],[2.3675984,43.1043527],[2.3676077,43.104289],[2.3676158,43.1043507]],[[2.3676104,43.1043664],[2.3676439,43.1043752],[2.3676011,43.1044072],[2.3676104,43.1043664]],[[2.4726051,42.8464113],[2.47259,42.8464676],[2.4722558,42.846336],[2.4724044,42.8463028],[2.4726051,42.8464113]]],[[[2.2343497,42.9383898],[2.234131351308813,42.937809468018806],[2.2342293,42.9382784],[2.2346719,42.9388184],[2.2349141333217655,42.93895018377406],[2.2343497,42.9383898]]],[[[2.2534393,42.9984646],[2.2539034,42.9982697],[2.2540192,42.9979103],[2.2540378,42.9972705],[2.2537865,42.9972668],[2.2534393,42.9984646]]],[[[2.2510225,43.0000076],[2.2508129,43.0002134],[2.2511816,43.0000109],[2.2510225,43.0000076]]],[[[2.2489333,43.0061013],[2.2486119,43.0063469],[2.2490583,43.0061177],[2.2489333,43.0061013]]],[[[2.2520144,43.0191674],[2.2521198,43.0192289],[2.2521529,43.0191309],[2.2520203,43.0190319],[2.2520144,43.0191674]]],[[[2.2596928,42.9918727],[2.2597646,42.9918996],[2.2600103,42.9916764],[2.2599903,42.9915926],[2.2598373,42.9915872],[2.2596928,42.9918727]]],[[[2.2213439,43.0506152],[2.2213934,43.0507382],[2.2212512,43.0508112],[2.2214768,43.0510973],[2.2217625,43.0503899],[2.2220954,43.0501626],[2.2221954,43.0499214],[2.2218985,43.049245],[2.2216316,43.0488715],[2.2215557,43.0489124],[2.2214066,43.0496732],[2.2213439,43.0506152]]]]}},{"type":"Feature","properties":{"id":"le-grand-narbonne","name":"Le Grand Narbonne","type":"island","members":["argeliers-11","armissan-11","bages-11","bizanet-11","bize-minervois-11","caves-11","coursan-11","cuxac-daude-11","fleury-11","ginestas-11","gruissan-11","la-palme-11","leucate-11","mailhac-11","marcorignan-11","mirepeisset-11","montredon-des-corbieres-11","moussan-11","narbonne-11","nevian-11","ouveillan-11","peyriac-de-mer-11","port-la-nouvelle-11","portel-des-corbieres-11","pouzols-minervois-11","raissac-daude-11","roquefort-des-corbieres-11","saint-marcel-sur-aude-11","saint-nazaire-daude-11","sainte-valiere-11","salleles-daude-11","salles-daude-11","sigean-11","treilles-11","ventenac-en-minervois-11","villedaigne-11","vinassan-11"]},"geometry":{"type":"MultiPolygon","coordinates":[[[[2.898412,43.0200765],[2.8723613,43.0321507],[2.8706274,43.0372836],[2.8673923,43.0401546],[2.8674972,43.0417798],[2.8686006,43.0430381],[2.8716802,43.0470901],[2.8703928,43.0486285],[2.8724382,43.0500811],[2.8708098,43.0516248],[2.8669774,43.0527457],[2.8585224,43.0540778],[2.8615852,43.0573746],[2.8675011,43.061071],[2.8685331,43.0630906],[2.8700962,43.0733055],[2.8750502,43.0745214],[2.8823548,43.0778847],[2.8870418,43.0790259],[2.8897069,43.0793547],[2.8911012,43.0832935],[2.8913614,43.0865484],[2.8916466,43.0889349],[2.8908164,43.0917127],[2.8918859,43.0934923],[2.8915405,43.095303],[2.8904679,43.0957859],[2.8849175,43.0955857],[2.8825997,43.097065],[2.882142,43.096773],[2.877051,43.096352],[2.874117,43.096305],[2.872813,43.096904],[2.872667,43.097044],[2.87062,43.096877],[2.867636,43.095921],[2.865923,43.096481],[2.866075,43.098272],[2.865937,43.098705],[2.866049,43.099316],[2.866271,43.099948],[2.866012,43.100404],[2.866144,43.100835],[2.865906,43.101034],[2.865406,43.101198],[2.865309,43.101356],[2.865308,43.101881],[2.865469,43.102386],[2.865388,43.103035],[2.865458,43.103668],[2.865278,43.104217],[2.864707,43.104501],[2.864068,43.104701],[2.863874,43.10487],[2.863902,43.105255],[2.863545,43.105554],[2.862961,43.106424],[2.862807,43.10707],[2.861627,43.109972],[2.860386,43.110773],[2.85987,43.110837],[2.859024,43.111132],[2.85812,43.111617],[2.85828,43.112177],[2.857177,43.112514],[2.857116,43.113136],[2.857325,43.113347],[2.856922,43.113851],[2.856699,43.113701],[2.85661,43.114025],[2.856381,43.11426],[2.85656,43.114413],[2.855642,43.115378],[2.855405,43.115297],[2.855246,43.115621],[2.854929,43.115547],[2.854828,43.115857],[2.854626,43.115882],[2.854942,43.116978],[2.855385,43.117541],[2.854933,43.117773],[2.855753,43.118748],[2.856139,43.118757],[2.857101,43.118501],[2.857673,43.118431],[2.857296,43.119001],[2.856118,43.120102],[2.8559,43.120422],[2.855841,43.120782],[2.855679,43.120825],[2.855908,43.122195],[2.856151,43.122875],[2.855704,43.123032],[2.856535,43.124509],[2.856284,43.124585],[2.857417,43.126136],[2.857971,43.125942],[2.857979,43.126519],[2.857937,43.127015],[2.855365,43.128709],[2.854465,43.128631],[2.8544165,43.1286812],[2.854183,43.129917],[2.854306,43.131102],[2.851966,43.130156],[2.849663,43.128428],[2.8498119,43.1282671],[2.8419136,43.1275382],[2.8419714,43.1278028],[2.838631,43.128701],[2.83802,43.128794],[2.837753,43.128633],[2.836394,43.12921],[2.836461,43.129475],[2.835373,43.129596],[2.835024,43.129915],[2.835435,43.130364],[2.834739,43.130767],[2.834739,43.131155],[2.834146,43.131589],[2.833863,43.132189],[2.833316,43.132644],[2.83339,43.132771],[2.833373,43.133055],[2.832848,43.133409],[2.832888,43.134356],[2.832376,43.134564],[2.831829,43.134337],[2.831494,43.134692],[2.83249,43.135646],[2.833031,43.135963],[2.833472,43.136403],[2.833733,43.137237],[2.834245,43.138233],[2.834933,43.139107],[2.835045,43.139614],[2.835764,43.141221],[2.835644,43.141701],[2.835125,43.142463],[2.834976,43.142812],[2.834344,43.143267],[2.833887,43.143874],[2.833829,43.144065],[2.833888,43.144382],[2.834095,43.144661],[2.834383,43.144839],[2.835594,43.145094],[2.836172,43.145334],[2.837733,43.147234],[2.837757,43.147439],[2.837581,43.148138],[2.837187,43.148747],[2.837117,43.149094],[2.83734,43.149599],[2.838609,43.151172],[2.838669,43.151732],[2.838437,43.152598],[2.837332,43.15407],[2.83718,43.154329],[2.837136,43.154586],[2.838661,43.155296],[2.840363,43.155857],[2.841062,43.156257],[2.841211,43.156478],[2.841141,43.156848],[2.840705,43.157394],[2.840035,43.157738],[2.838333,43.159225],[2.838093,43.1595],[2.837589,43.160381],[2.836733,43.160981],[2.836018,43.16171],[2.835653,43.16226],[2.835618,43.163062],[2.835892,43.163485],[2.840362,43.16682],[2.840742,43.167685],[2.840791,43.168033],[2.840301,43.168809],[2.840133,43.169294],[2.840698,43.170705],[2.841167,43.171148],[2.843062,43.171859],[2.843343,43.17206],[2.843471,43.172258],[2.843446,43.17246],[2.843305,43.172665],[2.842422,43.173663],[2.842489,43.173818],[2.842766,43.174108],[2.843079,43.174127],[2.843642,43.174445],[2.84405,43.174358],[2.844238,43.17441],[2.844586,43.174786],[2.845118,43.174969],[2.845357,43.175191],[2.845735,43.175215],[2.847357,43.175676],[2.849095,43.176005],[2.850284,43.176512],[2.850836,43.176622],[2.85145,43.17693],[2.853221,43.177308],[2.854014,43.177587],[2.85441,43.17758],[2.854537,43.177757],[2.855703,43.178244],[2.857272,43.178426],[2.85793,43.178704],[2.859129,43.178834],[2.859923,43.179267],[2.860261,43.179212],[2.860615,43.179314],[2.860926,43.179579],[2.861997,43.179569],[2.862557,43.179615],[2.862872,43.179733],[2.862861,43.179832],[2.861351,43.181691],[2.857739,43.182792],[2.860561,43.186815],[2.8629981,43.1911809],[2.8523928,43.1959692],[2.852557,43.1963043],[2.8476667,43.1976431],[2.8467701,43.1987457],[2.8470459,43.1990804],[2.8479076,43.199712],[2.848574,43.199889],[2.848238,43.200181],[2.847809,43.200396],[2.845447,43.201036],[2.845776,43.201924],[2.845909,43.20262],[2.845835,43.202921],[2.845613,43.203118],[2.845323,43.203206],[2.844227,43.203125],[2.843434,43.203237],[2.842526,43.204473],[2.842293,43.205815],[2.84626,43.209983],[2.851163,43.215849],[2.852785,43.216869],[2.853136,43.217521],[2.853343,43.217694],[2.8556554,43.2215826],[2.8556728,43.2217977],[2.8580114,43.2275591],[2.860843,43.233823],[2.861619702309702,43.2358601911733],[2.8630509,43.2347773],[2.8636272,43.2345854],[2.864113,43.2345914],[2.8646647,43.2347273],[2.8653892,43.2346833],[2.8663938,43.2347833],[2.870641,43.2348812],[2.8733747,43.2348498],[2.8749096,43.2344755],[2.8763632,43.2348632],[2.8803154,43.2381906],[2.8813405,43.2397297],[2.8816708,43.2405263],[2.8822801,43.2426047],[2.882782,43.2431897],[2.8832185,43.2433399],[2.8835769,43.2433612],[2.8862526,43.2430308],[2.8868656,43.242821],[2.8894187,43.2413895],[2.891616,43.2402827],[2.89435,43.2396864],[2.8948027,43.2389943],[2.8949843,43.2384588],[2.894242,43.2365501],[2.8941666,43.2359194],[2.8943486,43.2353338],[2.894747,43.2347825],[2.8957467,43.2339398],[2.8968501,43.2333337],[2.8975108,43.233153],[2.8989212,43.2329527],[2.8995993,43.2329368],[2.9002985,43.2329717],[2.9045234,43.2336794],[2.906069,43.2336363],[2.9068448,43.2334782],[2.9079825,43.2330678],[2.9086942,43.2329158],[2.9100266,43.2327822],[2.9123272,43.2323635],[2.9139847,43.2322336],[2.9162997,43.2317505],[2.9178791,43.2312914],[2.9190826,43.2311839],[2.9193319,43.2312487],[2.9193947,43.2311887],[2.9206108,43.2320705],[2.923149,43.232989],[2.9250219,43.2334228],[2.9263991,43.233877],[2.9277365,43.2345686],[2.9282077,43.2350238],[2.9287057,43.2362408],[2.9294077,43.2376637],[2.9298851,43.238932],[2.9302486,43.2406799],[2.930128,43.2432191],[2.9304432,43.2445765],[2.9307261,43.2452807],[2.9310608,43.2456246],[2.9316602,43.2456899],[2.9322206,43.2454578],[2.9344927,43.2437572],[2.9347657,43.242827],[2.935373,43.2425982],[2.9362136,43.2425057],[2.9368102,43.2424719],[2.9378137,43.2425739],[2.9390676,43.2425128],[2.9404799,43.2427076],[2.9416596,43.2427232],[2.9430663,43.2429633],[2.9476161,43.2454657],[2.9495631,43.2461736],[2.9503379,43.2463617],[2.9511704,43.2463939],[2.9529339,43.2460672],[2.9546875,43.2453668],[2.9563379,43.2449122],[2.9591799,43.2446535],[2.960511,43.2448349],[2.9612614,43.2448201],[2.9614283,43.2447494],[2.9649009,43.244433],[2.9678668,43.243626],[2.9687981,43.2431298],[2.9758446,43.2383264],[2.9766527,43.2379142],[2.9775735,43.2375719],[2.9884318,43.2343143],[2.999698,43.2308029],[3.0002122,43.2305375],[3.0032157,43.2281441],[3.0033129,43.2281402],[3.0033495,43.228248],[3.0025864,43.2289036],[3.0034559,43.2291441],[3.0037412,43.2290324],[3.003973,43.2285855],[3.004055,43.2280139],[3.0041584,43.227975],[3.0042404,43.2280217],[3.0042404,43.2284556],[3.004137,43.2288817],[3.0039373,43.2290948],[3.0033775,43.2292428],[3.0024425,43.2290272],[3.0001827,43.2307924],[2.9987523,43.2313345],[2.9885587,43.2344706],[2.9776586,43.2377066],[2.9767577,43.2380415],[2.9759725,43.2384421],[2.9688032,43.2433491],[2.9679569,43.2437594],[2.9649376,43.244579],[2.9614487,43.2449199],[2.9612708,43.244874],[2.9602692,43.2449221],[2.9604783,43.244921],[2.9605151,43.2453004],[2.9606814,43.2455505],[2.9606962,43.2457312],[2.9610087,43.24591],[2.9616792,43.2465742],[2.9622639,43.2474495],[2.9628125,43.2479012],[2.962832,43.2482875],[2.9630788,43.2485059],[2.9637837,43.24947],[2.9642692,43.2497678],[2.9657589,43.2499631],[2.9669474,43.2500024],[2.9683169,43.2498768],[2.9710299,43.2491904],[2.9754282,43.2484772],[2.9756004,43.2485455],[2.9761221,43.2484945],[2.9762836,43.2483855],[2.9771255,43.2481904],[2.9774825,43.2479837],[2.9799204,43.2471035],[2.9802755,43.2471502],[2.9807516,43.2470171],[2.9811542,43.2467555],[2.9812349,43.2465602],[2.9830208,43.2456423],[2.9832313,43.2456018],[2.9834319,43.2454371],[2.9844619,43.2450073],[2.9889787,43.2433858],[2.9892631,43.2431983],[2.9907866,43.242659],[2.9923583,43.2421393],[2.9925783,43.2421979],[2.9928787,43.2420259],[2.9928572,43.2419048],[2.9939677,43.241471],[2.9952658,43.2411584],[2.9954643,43.241174],[2.9970468,43.240537],[2.9976476,43.240455],[2.9987581,43.2405097],[2.999493,43.2404198],[3.0016871,43.2395483],[3.0026151,43.2393842],[3.0052222,43.2386182],[3.0054582,43.2384502],[3.0065043,43.2380281],[3.0070193,43.2379539],[3.007486,43.2380203],[3.0088593,43.2377702],[3.0141862,43.2362187],[3.0148299,43.2361522],[3.016171,43.2358122],[3.0178286,43.2355738],[3.0211384,43.2356481],[3.0219163,43.2357028],[3.0228872,43.2359373],[3.0232359,43.2359412],[3.0269588,43.2372309],[3.0285413,43.2375279],[3.0294318,43.2375943],[3.0304564,43.2375631],[3.0314328,43.2374145],[3.0325807,43.237055],[3.0336697,43.2369534],[3.0342115,43.2371527],[3.0346836,43.2372231],[3.0355741,43.2377116],[3.0355634,43.237821],[3.0357672,43.2380867],[3.0357726,43.2392591],[3.0356492,43.239986],[3.0357726,43.2406934],[3.0361964,43.2414007],[3.03706,43.2425183],[3.0373014,43.2426863],[3.0378057,43.24287],[3.038723,43.2428895],[3.0399407,43.2426746],[3.0412175,43.2421549],[3.0419738,43.2415726],[3.0433632,43.2398141],[3.0442376,43.2392982],[3.0454446,43.2389778],[3.0472095,43.2389074],[3.0484111,43.2387433],[3.0491836,43.2384697],[3.0512489,43.2370589],[3.0524237,43.2363554],[3.0532874,43.2356447],[3.0541189,43.2355191],[3.0548055,43.2353002],[3.0563022,43.2351791],[3.0574234,43.2354566],[3.0579008,43.2356676],[3.0617793,43.237864],[3.0636514,43.2385127],[3.0645634,43.2386456],[3.0652769,43.2385674],[3.0657972,43.2383759],[3.0666019,43.2382509],[3.0673422,43.2383017],[3.0694772,43.238841],[3.0724706,43.2398532],[3.0738814,43.2401931],[3.076349,43.2406113],[3.0806406,43.2417407],[3.0832048,43.2419478],[3.0834569,43.2420337],[3.0837036,43.2419556],[3.0838378,43.2420728],[3.0842186,43.2420259],[3.08446,43.2421861],[3.0845244,43.2421314],[3.0849267,43.2421549],[3.0858387,43.2424402],[3.0860801,43.2424011],[3.086815,43.2426707],[3.0896421,43.2432959],[3.0902214,43.2433585],[3.0904038,43.2433038],[3.0931343,43.2437219],[3.0956341,43.2444251],[3.099636,43.2449995],[3.1019695,43.245148],[3.103332,43.2454958],[3.1036807,43.2454879],[3.1054242,43.2459139],[3.1079991,43.2464023],[3.1098069,43.2469181],[3.1112499,43.2470705],[3.1126769,43.2473948],[3.1131328,43.247387],[3.113621,43.2475277],[3.1148816,43.2476761],[3.1174458,43.2481528],[3.1183953,43.2482388],[3.1221396,43.2484498],[3.1246877,43.2482935],[3.1253422,43.2483756],[3.1261576,43.2482154],[3.13532,43.2474769],[3.13554,43.2475316],[3.1379539,43.2473597],[3.1388605,43.247387],[3.1427873,43.2471995],[3.1428409,43.2471291],[3.1436456,43.2471135],[3.1459952,43.2467853],[3.1486667,43.2466133],[3.1500722,43.2461796],[3.1506837,43.2458905],[3.1516654,43.2451168],[3.1524841,43.2441058],[3.1536932,43.2430926],[3.1541116,43.2429636],[3.155442,43.2422759],[3.1556619,43.2422837],[3.1560535,43.2421313],[3.1567348,43.2421547],[3.1570727,43.2419632],[3.157811,43.2419656],[3.158328,43.2421],[3.158564,43.2423032],[3.1593312,43.2425025],[3.1594438,43.2426315],[3.1600554,43.2428737],[3.160109,43.2429714],[3.1603611,43.2429871],[3.1605328,43.2432098],[3.1607795,43.2432645],[3.1609941,43.2434951],[3.1612784,43.2435654],[3.1616271,43.2439132],[3.1627751,43.2440734],[3.16638,43.2431629],[3.1688852,43.2427096],[3.1695128,43.2428347],[3.1699634,43.2427526],[3.1703175,43.2428503],[3.1709451,43.2428073],[3.1724311,43.2429128],[3.1733001,43.2429988],[3.1734181,43.2431004],[3.1736327,43.2430418],[3.1737453,43.2431317],[3.1747807,43.2431942],[3.175698,43.2433818],[3.1764276,43.2434365],[3.1776775,43.2433466],[3.1780047,43.2432294],[3.1785948,43.2431864],[3.1816096,43.2424204],[3.1841791,43.2422055],[3.1852574,43.242272],[3.1863142,43.2421196],[3.1870116,43.2416233],[3.1869365,43.2415764],[3.1869311,43.2412364],[3.1870813,43.2408417],[3.187312,43.240658],[3.1877572,43.2397318],[3.1883044,43.2390714],[3.1888278,43.2387084],[3.1890339,43.2387353],[3.1902785,43.2384617],[3.1909168,43.2384344],[3.1911422,43.238536],[3.1918717,43.2385868],[3.1940336,43.2389932],[3.1953905,43.2390909],[3.1966619,43.2388565],[3.1977026,43.2384813],[3.1992207,43.2376569],[3.1998162,43.2371332],[3.2001756,43.2366525],[3.200712,43.2354175],[3.2011304,43.2341669],[3.2018815,43.2325019],[3.2024921,43.2317043],[3.2029416,43.2312638],[3.2041638,43.2303548],[3.2054469,43.229726],[3.2065421,43.229081],[3.2084686,43.2275772],[3.2101834,43.2265457],[3.2105324,43.2261201],[3.213417,43.2246076],[3.2146198,43.2241639],[3.2185278,43.2221172],[3.2192699,43.2218393],[3.2198113,43.221532],[3.2200928,43.2215164],[3.2225342,43.2206806],[3.2231211,43.2206292],[3.2237539,43.2204435],[3.2278198,43.2188267],[3.2290245,43.2182726],[3.2293695,43.2181471],[3.2295115,43.2181878],[3.2296242,43.2180054],[3.2300228,43.218108],[3.230281,43.2180371],[3.230081,43.2179987],[3.2300618,43.2178014],[3.2312369,43.2176326],[3.2320354,43.2173554],[3.2337104,43.2164072],[3.2336312,43.2162951],[3.2331668,43.2162438],[3.2328567,43.2159922],[3.2326337,43.2156522],[3.2327246,43.2155134],[3.2331571,43.2153836],[3.2338107,43.2157769],[3.2339004,43.2160482],[3.2344273,43.2159489],[3.2350377,43.2155226],[3.2350558,43.215339],[3.2351938,43.215278],[3.2353258,43.215338],[3.2354758,43.2152538],[3.2369698,43.2139998],[3.2396656,43.2120308],[3.2398986,43.2118016],[3.240089,43.2114388],[3.2401256,43.2111774],[3.2399352,43.2111453],[3.239862,43.2115882],[3.2395702,43.2119246],[3.2385807,43.2118667],[3.2377252,43.2115697],[3.2350682,43.210262],[3.234534,43.2101771],[3.233033,43.2093313],[3.2322347,43.2087445],[3.2317508,43.2085373],[3.2301541,43.2073313],[3.2278616,43.2057999],[3.2274377,43.2054008],[3.2267118,43.2049707],[3.2261565,43.2044664],[3.2245497,43.2035242],[3.2240828,43.2031716],[3.222857,43.2020406],[3.2226261,43.2017184],[3.218979,43.1989655],[3.2177016,43.1977834],[3.2156819,43.1963198],[3.2134317,43.1944245],[3.2116921,43.1931801],[3.2106833,43.1922845],[3.2082083,43.1905688],[3.2067457,43.1893829],[3.2052501,43.1880249],[3.2028141,43.1861751],[3.2014979,43.1850477],[3.2005158,43.1843641],[3.2000189,43.1838203],[3.199746,43.1836943],[3.1988551,43.1828696],[3.1983395,43.1825388],[3.1982075,43.1822915],[3.1972007,43.1816143],[3.1964026,43.1809119],[3.1959953,43.1804169],[3.1950408,43.1795198],[3.1934414,43.1783164],[3.1930944,43.1779201],[3.1924683,43.1774126],[3.19234,43.177205],[3.192437,43.177201],[3.1926994,43.1768449],[3.192479,43.176595],[3.192192,43.1763894],[3.1919926,43.1763896],[3.1919746,43.1762322],[3.19151,43.1758959],[3.1913091,43.1759397],[3.1911504,43.1758479],[3.191131,43.1759436],[3.1909306,43.1759453],[3.1907559,43.1758436],[3.1905498,43.1759956],[3.1903595,43.1759052],[3.1884395,43.1740557],[3.1868048,43.1726913],[3.1847548,43.1705248],[3.1845342,43.170162],[3.1840111,43.1697247],[3.183852,43.1692717],[3.1842346,43.1690152],[3.184216,43.1689585],[3.1844293,43.1689078],[3.1844214,43.1688041],[3.1849843,43.1681003],[3.1849367,43.167976],[3.1844744,43.168031],[3.1829756,43.1679493],[3.1816026,43.1683885],[3.181274,43.1682881],[3.1811407,43.1684173],[3.1807834,43.1683523],[3.179962,43.1676855],[3.1789958,43.1670547],[3.1784194,43.1668466],[3.1772305,43.1659513],[3.1769216,43.1655317],[3.1763788,43.1651652],[3.1759101,43.1646381],[3.1756085,43.1644141],[3.1754003,43.1640676],[3.1749115,43.1636512],[3.1747613,43.1633689],[3.1741373,43.1629476],[3.1738556,43.162595],[3.1730039,43.1620621],[3.1725094,43.1614117],[3.1714863,43.1606384],[3.1708965,43.1599394],[3.1701291,43.1594074],[3.1691423,43.1584498],[3.168605,43.1578132],[3.1680849,43.1574274],[3.1675214,43.1567449],[3.1661855,43.1556653],[3.1657557,43.1550732],[3.1638174,43.1534938],[3.163338,43.1529847],[3.1628699,43.1523261],[3.1621866,43.1519356],[3.1615839,43.1510174],[3.1603805,43.1499542],[3.158766,43.1481397],[3.1576171,43.1472726],[3.1569672,43.1464128],[3.1561328,43.1459011],[3.1556791,43.1454978],[3.155526,43.145224],[3.1552509,43.1449973],[3.1551021,43.1446474],[3.1545936,43.144014],[3.1535794,43.1431653],[3.1534524,43.1428032],[3.1534488,43.1424827],[3.1532643,43.1421639],[3.1523892,43.1414562],[3.1519644,43.1408657],[3.1519626,43.1405675],[3.1513123,43.1401711],[3.1510996,43.1399518],[3.1506612,43.1398543],[3.1510718,43.1390166],[3.1512295,43.1388652],[3.1511559,43.1387922],[3.1509561,43.1388986],[3.1507815,43.1393308],[3.1504571,43.1396392],[3.1498622,43.1397539],[3.1492121,43.1396852],[3.1492564,43.1394734],[3.149197,43.1394641],[3.1491122,43.1395941],[3.1489128,43.1396808],[3.1468895,43.1399067],[3.1469107,43.1400305],[3.147636,43.1399748],[3.1476827,43.1401791],[3.1479372,43.1403308],[3.1478142,43.1404577],[3.1474791,43.1402967],[3.1467537,43.140207],[3.1464055,43.140352],[3.145979,43.1403618],[3.1460649,43.1407043],[3.14522,43.1409529],[3.1451476,43.1408863],[3.1458476,43.1406358],[3.1459147,43.1405145],[3.1458744,43.1403775],[3.1454797,43.1403623],[3.1452721,43.1404593],[3.1446302,43.1404681],[3.1433511,43.1406886],[3.1426336,43.1406844],[3.1421686,43.1405435],[3.1417237,43.1402391],[3.1415577,43.1395275],[3.1418415,43.1389145],[3.1420173,43.1382849],[3.1418694,43.1379516],[3.1416083,43.1376998],[3.1415044,43.1373844],[3.1410526,43.1371519],[3.1409616,43.1370492],[3.1409649,43.1368355],[3.1405108,43.1366722],[3.1398913,43.1362287],[3.1396142,43.135806],[3.1390058,43.1351449],[3.1386824,43.134623],[3.138458,43.1345248],[3.1383285,43.1341221],[3.1380094,43.1341483],[3.137679,43.1339461],[3.1376031,43.133843],[3.1375701,43.1333091],[3.1372422,43.1330246],[3.1363267,43.133072],[3.1358554,43.1326639],[3.1360054,43.1323991],[3.1373374,43.1322413],[3.1384989,43.1332775],[3.1392863,43.1331204],[3.1460759,43.1393154],[3.1480497,43.1391308],[3.14844,43.1392753],[3.1484035,43.1391377],[3.1484838,43.1390556],[3.1489743,43.139027],[3.1501693,43.1384656],[3.151743,43.1383759],[3.1515921,43.138275],[3.1503778,43.1382956],[3.1497076,43.1385653],[3.1449598,43.1334694],[3.1427106,43.1311683],[3.1414854,43.129674],[3.139008,43.127342],[3.1360903,43.123319],[3.1334811,43.120319],[3.1314113,43.1172365],[3.1291373,43.1148182],[3.128558,43.1147757],[3.1284364,43.1146522],[3.1309637,43.1116905],[3.1312683,43.1113906],[3.1319286,43.1111558],[3.1318986,43.11106],[3.1313006,43.1112184],[3.1309584,43.1114631],[3.1296957,43.1129348],[3.1284052,43.1127166],[3.1276248,43.1124519],[3.1272304,43.1121018],[3.126588,43.1111834],[3.1264977,43.1111718],[3.1263936,43.1112138],[3.1264433,43.1112636],[3.1263343,43.1115476],[3.1263422,43.1119269],[3.1260566,43.1122248],[3.1256206,43.1122035],[3.1255995,43.1117787],[3.1254333,43.1117493],[3.1244009,43.111836],[3.1240247,43.1120568],[3.1235197,43.1120958],[3.1233298,43.1119638],[3.1232995,43.1117732],[3.1230438,43.1115526],[3.1229118,43.1115942],[3.1227881,43.1117614],[3.1227666,43.1120029],[3.122557,43.1124872],[3.122226,43.1129678],[3.121794,43.1133941],[3.1202346,43.1138023],[3.1181323,43.1136134],[3.1174659,43.1132253],[3.117492,43.112959],[3.1173623,43.1129623],[3.1173802,43.1147725],[3.1184674,43.1162134],[3.1185496,43.1184035],[3.11866,43.1184602],[3.1188267,43.1183382],[3.1192358,43.1182942],[3.1196471,43.1184488],[3.120621,43.1180905],[3.1215664,43.118071],[3.1215231,43.1182812],[3.1218347,43.1188487],[3.1219234,43.1193648],[3.1222562,43.1199066],[3.1226812,43.1208911],[3.1227991,43.1214176],[3.1235804,43.1224614],[3.1237757,43.1228442],[3.1239513,43.1229774],[3.124513,43.1231412],[3.1255043,43.12407],[3.1256631,43.1244223],[3.1273633,43.1256561],[3.1277014,43.1256283],[3.1281391,43.1258384],[3.1282893,43.1260758],[3.1285705,43.1261516],[3.1288703,43.1264632],[3.1292483,43.1264106],[3.1293503,43.1264785],[3.1290509,43.1265494],[3.128892,43.1267446],[3.1301238,43.1277832],[3.1303738,43.1278189],[3.1307059,43.1277389],[3.13149,43.1271828],[3.1318758,43.1271805],[3.1324908,43.1274773],[3.1330295,43.1282601],[3.1332033,43.1286694],[3.1334657,43.1288642],[3.133643,43.1291892],[3.1340648,43.1295584],[3.1358607,43.1317564],[3.1358937,43.1319558],[3.1358098,43.1322479],[3.1354288,43.1324038],[3.135138,43.1324101],[3.1349037,43.1323108],[3.1339074,43.1314269],[3.1337876,43.1312177],[3.1335188,43.1311009],[3.132187,43.1300185],[3.131478,43.12922],[3.1310581,43.1290381],[3.1307829,43.1290057],[3.1299872,43.1292205],[3.1295671,43.1292017],[3.1292288,43.1288387],[3.1297004,43.1282339],[3.129644,43.1281537],[3.1292363,43.1279981],[3.1289942,43.1277648],[3.1288249,43.127738],[3.1281374,43.1272261],[3.1278389,43.1269707],[3.1277349,43.1266316],[3.1274171,43.1265379],[3.1270381,43.1261498],[3.1249925,43.12521],[3.1247966,43.1249704],[3.1245034,43.1248059],[3.1241549,43.1248056],[3.1238752,43.1249225],[3.123405,43.1247719],[3.1212795,43.1234894],[3.1198243,43.1228066],[3.118709,43.1221302],[3.1178687,43.1212732],[3.1176198,43.1208233],[3.1175039,43.1204126],[3.1166333,43.1198278],[3.116464,43.1192818],[3.1166861,43.1188898],[3.1171204,43.1185104],[3.117979,43.1183041],[3.1181238,43.118462],[3.1182135,43.1184113],[3.1181348,43.1162552],[3.1170727,43.1147959],[3.1170163,43.1132586],[3.1169626,43.1132143],[3.1168505,43.1132477],[3.1168847,43.1135311],[3.116743,43.113676],[3.1142539,43.1138562],[3.1129932,43.1138797],[3.1123441,43.1138092],[3.1112434,43.1134698],[3.1092081,43.1127352],[3.1055913,43.1110635],[3.1037378,43.1098213],[3.1033281,43.1096434],[3.1027922,43.1082545],[3.1018816,43.1081539],[3.1004946,43.1084305],[3.1005983,43.109651],[3.1000432,43.1097332],[3.099996,43.1093968],[3.1000569,43.1093862],[3.0999679,43.109043],[3.1000275,43.1090348],[3.0999172,43.1085496],[3.0990977,43.1086708],[3.09922,43.1095889],[3.0987604,43.1096198],[3.0978709,43.1089842],[3.0980263,43.1090348],[3.0981512,43.1087801],[3.0969692,43.1079279],[3.0967171,43.1080561],[3.0976613,43.1090964],[3.0967539,43.1095612],[3.0968406,43.10966],[3.0956798,43.1102387],[3.0952809,43.1097898],[3.0958648,43.1095103],[3.0957948,43.1094398],[3.0956572,43.1095066],[3.0949128,43.1087027],[3.0940162,43.1091438],[3.0939111,43.1090355],[3.0937152,43.1091356],[3.093768,43.1094876],[3.0930941,43.1095429],[3.0930267,43.1094731],[3.0917408,43.1100676],[3.0915282,43.1100746],[3.0913327,43.1099681],[3.0911739,43.1097395],[3.0902938,43.1092533],[3.0903026,43.1089724],[3.0903984,43.1089577],[3.0917506,43.1097003],[3.0916895,43.1097516],[3.0917168,43.1099098],[3.0917992,43.1099224],[3.0922766,43.1096883],[3.0922546,43.1095687],[3.0937491,43.1088467],[3.0936864,43.108772],[3.0953181,43.1079667],[3.0954668,43.1080255],[3.0963528,43.1071138],[3.0990267,43.108078],[3.0989948,43.1081229],[3.0991018,43.1081647],[3.099615,43.1074069],[3.0990935,43.1072144],[3.0987962,43.1073468],[3.097402,43.1057057],[3.0994415,43.104547],[3.1008344,43.1058541],[3.1006996,43.1059333],[3.1011663,43.1062787],[3.1014056,43.1062761],[3.1017066,43.1074462],[3.1014039,43.1074175],[3.1013839,43.1074791],[3.1028114,43.1076271],[3.1027913,43.1075728],[3.1018027,43.107459],[3.1015102,43.1062126],[3.1004972,43.1033458],[3.0998226,43.1028363],[3.0977911,43.1026718],[3.0976929,43.1027344],[3.0991591,43.104105],[3.0977307,43.1049136],[3.0954113,43.1028152],[3.0968121,43.1020807],[3.0969681,43.1021624],[3.0969179,43.1018354],[3.0969846,43.1018284],[3.0970163,43.1020067],[3.0970868,43.1019098],[3.097121,43.1020884],[3.0972223,43.102023],[3.098454,43.1021742],[3.0984383,43.1022449],[3.0985647,43.1022593],[3.0985633,43.1020262],[3.0985121,43.1020741],[3.0979851,43.1017651],[3.0977424,43.1004862],[3.0986188,43.1004978],[3.0989442,43.1006173],[3.1001216,43.1018556],[3.1001478,43.1022071],[3.1002082,43.1022066],[3.100232,43.1018421],[3.0991878,43.1006941],[3.0987186,43.1003849],[3.0986745,43.1002583],[3.0988012,43.1000809],[3.0995506,43.099658],[3.1035078,43.0981692],[3.1036258,43.0982459],[3.1036734,43.0983576],[3.1036139,43.0984052],[3.1024194,43.0988836],[3.103124,43.0989277],[3.1052073,43.0981524],[3.1052936,43.0982029],[3.1052524,43.0982979],[3.1047031,43.0986057],[3.1044414,43.0986504],[3.103855,43.0991344],[3.1040681,43.0993695],[3.1040793,43.099736],[3.1039976,43.099982],[3.1037699,43.1001508],[3.1037644,43.100281],[3.103973,43.1006777],[3.10395,43.1007885],[3.1035422,43.1009671],[3.103204,43.1012329],[3.1037052,43.1018565],[3.1036898,43.1020427],[3.1037954,43.1022762],[3.1037113,43.1024196],[3.103182,43.1027363],[3.1031073,43.1029695],[3.1033834,43.1038635],[3.1038277,43.1039967],[3.1045798,43.104724],[3.1048887,43.1048862],[3.1052029,43.1053399],[3.1055992,43.1056975],[3.1064167,43.1059668],[3.1066674,43.1062478],[3.1071625,43.1059784],[3.1068907,43.1060032],[3.1068227,43.1059239],[3.1064693,43.1058569],[3.1065236,43.105703],[3.1070946,43.1055244],[3.1064217,43.1055045],[3.1063469,43.1052564],[3.106612,43.1050976],[3.1074548,43.1057452],[3.1076757,43.1056584],[3.1075601,43.1054251],[3.1081413,43.1052713],[3.1088005,43.1056609],[3.1094666,43.1058122],[3.1105133,43.1056708],[3.1119338,43.1052068],[3.1121411,43.1050431],[3.1121003,43.1051572],[3.1123858,43.1050654],[3.1121921,43.1052391],[3.1126577,43.1052068],[3.1122804,43.1053135],[3.1123518,43.1053879],[3.1104147,43.1059114],[3.1097147,43.105971],[3.1085525,43.1059015],[3.1076723,43.1060132],[3.1077097,43.1062191],[3.1069856,43.1063424],[3.1068975,43.1065268],[3.1075653,43.1072229],[3.1082973,43.1075718],[3.1090143,43.1076374],[3.1099175,43.1072749],[3.1116711,43.107067],[3.1119189,43.1068891],[3.1125251,43.1067808],[3.1129723,43.106879],[3.1136328,43.1074681],[3.1156694,43.1086432],[3.116116,43.1089873],[3.1160991,43.1088653],[3.1162933,43.108747],[3.1165222,43.108667],[3.1166302,43.1087567],[3.116523,43.1086381],[3.1165882,43.1085716],[3.1168395,43.1087762],[3.1181277,43.1091654],[3.1184212,43.1087927],[3.1186247,43.1087118],[3.1218273,43.109836],[3.122582,43.1099571],[3.1261506,43.1102145],[3.1263606,43.1106086],[3.126467,43.1106324],[3.1265515,43.1106221],[3.1265142,43.1105338],[3.1268055,43.1103002],[3.1268342,43.109984],[3.1269702,43.1098547],[3.1297932,43.1099722],[3.1312791,43.110414],[3.1315304,43.1104056],[3.1323258,43.1106013],[3.1327229,43.1108138],[3.1328114,43.1107856],[3.132865,43.110683],[3.132705,43.1105538],[3.1300088,43.1098701],[3.1238922,43.1095801],[3.1237359,43.1091502],[3.1225292,43.1082574],[3.1211631,43.1065354],[3.1205576,43.1060057],[3.1188607,43.104119],[3.1152173,43.0992045],[3.1127775,43.0955184],[3.1136203,43.0949612],[3.1139519,43.0948695],[3.113976,43.094782],[3.1135776,43.0948499],[3.1129096,43.0953027],[3.1126872,43.0951882],[3.112538,43.0950036],[3.1125367,43.0948462],[3.11283,43.0947954],[3.1130465,43.0946275],[3.1134719,43.0946568],[3.1135279,43.0945804],[3.1130721,43.0945232],[3.1117423,43.0949017],[3.0851701,43.1046683],[3.0851674,43.1047768],[3.0852964,43.1047363],[3.0854648,43.1051465],[3.084813,43.1053332],[3.0846337,43.1049845],[3.0849246,43.1048198],[3.0849192,43.1047555],[3.0841769,43.1050282],[3.0841688,43.10529],[3.0834276,43.105928],[3.0834196,43.1061478],[3.0828454,43.1067926],[3.0826809,43.1074718],[3.0829657,43.1081027],[3.0832094,43.1083691],[3.0836994,43.1086637],[3.0844107,43.1088309],[3.0849493,43.1090768],[3.0855302,43.1089586],[3.0860695,43.1087407],[3.0866346,43.1090538],[3.0871942,43.1084849],[3.0881951,43.1079501],[3.0896934,43.1085771],[3.0902325,43.1092589],[3.0902174,43.1094132],[3.0905858,43.1105403],[3.0905701,43.1106992],[3.0902133,43.1111559],[3.0901743,43.1116442],[3.0913406,43.1141268],[3.091183,43.1142257],[3.0907053,43.1150297],[3.0899887,43.1154771],[3.0891719,43.1156528],[3.0889132,43.1157956],[3.0885957,43.1157968],[3.0883201,43.1159154],[3.0876924,43.1160003],[3.0875629,43.1161411],[3.0871652,43.1162203],[3.0872102,43.1164705],[3.087126,43.1165062],[3.0867559,43.1164204],[3.0861998,43.1166248],[3.0856222,43.1165791],[3.0845433,43.1167935],[3.0843487,43.1167075],[3.0836426,43.1170822],[3.0828579,43.1169142],[3.0821752,43.1170827],[3.0817643,43.1170434],[3.0793924,43.1160794],[3.0792017,43.1162189],[3.0792918,43.1159788],[3.0786996,43.1158348],[3.0776078,43.116136],[3.0772769,43.116116],[3.0768383,43.1158573],[3.076478,43.115783],[3.0759083,43.1158505],[3.074983,43.1158179],[3.0744757,43.1158763],[3.074089,43.1161032],[3.0736084,43.1162354],[3.07235,43.1160304],[3.0719555,43.1158825],[3.0716889,43.1156041],[3.0716213,43.115111],[3.0712034,43.1144923],[3.070871,43.1137938],[3.0704363,43.1133252],[3.0696736,43.1129101],[3.0695471,43.1126735],[3.0694478,43.1122849],[3.0695089,43.1121413],[3.0698239,43.1118804],[3.0697097,43.1117467],[3.0691464,43.1116875],[3.0689145,43.1115622],[3.0688821,43.1113998],[3.0690397,43.111327],[3.0692066,43.111349],[3.0691325,43.1114455],[3.0694083,43.1113727],[3.0696796,43.1114827],[3.069559,43.1116283],[3.0697132,43.1116649],[3.0697468,43.1115842],[3.0700423,43.1115237],[3.070294,43.1113536],[3.0714276,43.1113541],[3.0714987,43.1113041],[3.0715184,43.1110808],[3.0716201,43.1110308],[3.071314,43.1109665],[3.0713326,43.1108192],[3.072225,43.1103941],[3.0724447,43.110381],[3.0725103,43.1104824],[3.072225,43.1107384],[3.0723659,43.1107429],[3.0726262,43.1105586],[3.0733531,43.11033],[3.0763539,43.1097946],[3.0767665,43.1096043],[3.0772805,43.1090372],[3.077875,43.1086274],[3.0783688,43.1083126],[3.0787154,43.1081945],[3.0791107,43.1077659],[3.0791313,43.1075714],[3.0763329,43.1092978],[3.0759704,43.109603],[3.0739151,43.109981],[3.0665273,43.1109987],[3.0663837,43.1109507],[3.0648937,43.1112894],[3.0544564,43.1161913],[3.0539609,43.1165219],[3.0529801,43.1174511],[3.0474745,43.1237416],[3.046862,43.1246788],[3.0467383,43.1287811],[3.0468007,43.1288467],[3.046605,43.1459274],[3.0442586,43.1616714],[3.0440785,43.1617462],[3.0459105,43.1499061],[3.0463946,43.1459359],[3.0465544,43.1290372],[3.0466077,43.1288428],[3.0465161,43.1286082],[3.0467272,43.1197261],[3.0462091,43.1060252],[3.045997,43.1056678],[3.0457216,43.1055448],[3.0456611,43.1053965],[3.045553,43.1053587],[3.0451555,43.1054029],[3.0440942,43.1050468],[3.0437947,43.1050602],[3.0435686,43.1051807],[3.0432753,43.1050959],[3.0426557,43.1046294],[3.0426287,43.1044874],[3.0418951,43.1038627],[3.0405684,43.1033768],[3.0397474,43.1027174],[3.0387534,43.1024334],[3.0381052,43.1027426],[3.0375651,43.1027205],[3.0372778,43.1024044],[3.0371914,43.1021583],[3.0372432,43.1020005],[3.0376365,43.1017229],[3.039015,43.10142],[3.03927,43.1012591],[3.039257,43.101095],[3.0389459,43.1006375],[3.0383193,43.1005396],[3.0381032,43.100385],[3.0383409,43.1001831],[3.0385051,43.0997634],[3.0384792,43.0995804],[3.0382977,43.0995205],[3.0375501,43.0996404],[3.0372562,43.0994069],[3.0371784,43.0989746],[3.0372951,43.0987379],[3.0376106,43.0984666],[3.0376855,43.0982346],[3.0365774,43.0981759],[3.0377364,43.0981678],[3.0387989,43.0973275],[3.0390366,43.0972423],[3.0390669,43.0971129],[3.0395466,43.0969425],[3.0397842,43.0965512],[3.0402034,43.096283],[3.0412233,43.0958633],[3.0424851,43.0956613],[3.0430296,43.0958949],[3.0437902,43.0957939],[3.0444687,43.0952417],[3.0445897,43.0949829],[3.0448662,43.0947368],[3.0454237,43.0944433],[3.0456273,43.094106],[3.0458387,43.0941373],[3.0459512,43.0945211],[3.0461651,43.0947398],[3.0469596,43.094742],[3.0475555,43.0949339],[3.0485425,43.0948379],[3.0495142,43.0950477],[3.0498534,43.0952485],[3.0502598,43.0952909],[3.0507334,43.0952017],[3.0513385,43.0957216],[3.0514332,43.0962972],[3.0522613,43.0966364],[3.052411,43.0969041],[3.0523316,43.097366],[3.052628,43.0975088],[3.0526982,43.0977119],[3.0525852,43.0978658],[3.0526035,43.0980755],[3.0528266,43.0980845],[3.0530779,43.0983413],[3.0533377,43.0983123],[3.0534792,43.0984281],[3.053686,43.0990352],[3.0532796,43.0991786],[3.0531048,43.0993552],[3.0534533,43.0995698],[3.0535679,43.0998071],[3.0535449,43.1002328],[3.0533295,43.1004813],[3.0527514,43.1006018],[3.0522228,43.1010478],[3.0528796,43.1011014],[3.0534814,43.1009097],[3.0538383,43.1009017],[3.0539623,43.1008169],[3.0537994,43.1006903],[3.0537562,43.1005483],[3.0539982,43.1006335],[3.0547156,43.1004411],[3.0548452,43.1005294],[3.0551615,43.1005398],[3.0550613,43.1006146],[3.0551563,43.1008134],[3.0550094,43.1009964],[3.0550656,43.1011037],[3.0552255,43.1009333],[3.0554771,43.1009031],[3.0556101,43.1011826],[3.0556965,43.1011195],[3.0557786,43.1011983],[3.0558436,43.1011333],[3.0560898,43.1011668],[3.0561027,43.1014445],[3.0562163,43.1015218],[3.0561114,43.1016277],[3.0562043,43.1016577],[3.0560358,43.1017445],[3.0550973,43.1019209],[3.0550699,43.1020695],[3.0551412,43.1021263],[3.0549921,43.1021499],[3.0547177,43.1021152],[3.0541322,43.1022051],[3.0540904,43.1018609],[3.0539676,43.101802],[3.0536692,43.1018891],[3.0534187,43.1017602],[3.0531852,43.1017629],[3.0529605,43.1019333],[3.0525975,43.1018544],[3.0524351,43.1019701],[3.0533093,43.1021702],[3.0536485,43.1023745],[3.0538391,43.1026005],[3.0568571,43.1086394],[3.0572804,43.1103492],[3.0572433,43.1107252],[3.0573696,43.1114373],[3.0572359,43.1121494],[3.056914,43.1127368],[3.0536935,43.1165167],[3.0541856,43.1161263],[3.0580286,43.1144211],[3.0644338,43.1113469],[3.0649088,43.1111498],[3.0660195,43.110924],[3.0662748,43.1106205],[3.0673421,43.1105116],[3.0663849,43.1104442],[3.0656435,43.1105715],[3.0652421,43.1103929],[3.0651412,43.1102412],[3.0659748,43.1100604],[3.0666141,43.1100315],[3.0676103,43.1102546],[3.0677141,43.1103081],[3.0676721,43.1104879],[3.0733693,43.1097122],[3.0726298,43.1096922],[3.073131,43.1095829],[3.0739805,43.1095204],[3.0747162,43.1095616],[3.0755009,43.1093983],[3.077266,43.1083776],[3.07695,43.1084163],[3.0769074,43.1083541],[3.0770025,43.1082595],[3.0768484,43.108092],[3.0770992,43.1078287],[3.0767845,43.1079148],[3.0767271,43.107861],[3.0768336,43.1078059],[3.0767856,43.10776],[3.0765455,43.1079111],[3.0763563,43.1077999],[3.0755484,43.1077975],[3.0754566,43.1076838],[3.075664,43.1074875],[3.0755893,43.1072941],[3.0760512,43.1072582],[3.0761827,43.1071577],[3.0760071,43.1069561],[3.0773362,43.106907],[3.0785072,43.1064891],[3.0789154,43.1065233],[3.0800739,43.105969],[3.0803805,43.1058922],[3.0805734,43.1059797],[3.0805724,43.1057981],[3.080934,43.1056525],[3.0811009,43.1056424],[3.0812051,43.1057708],[3.0838099,43.104629],[3.0839674,43.1046334],[3.0842646,43.1047982],[3.0866173,43.1039305],[3.086506,43.1038133],[3.086338,43.1038246],[3.0851052,43.1043503],[3.0850029,43.104347],[3.0850592,43.1042993],[3.0849222,43.1043533],[3.0850383,43.1042616],[3.0848842,43.1043033],[3.0844043,43.1036091],[3.0859247,43.1026852],[3.0871157,43.1035768],[3.0869469,43.1037106],[3.0870287,43.1037841],[3.1029313,43.09791],[3.111651,43.0947805],[3.1125886,43.0943811],[3.1131344,43.0942743],[3.1143903,43.0945302],[3.1145,43.0944624],[3.1131802,43.0941144],[3.1126045,43.0942227],[3.1120522,43.0944772],[3.1104447,43.093341],[3.1087569,43.0904875],[3.1040788,43.0842077],[3.0975941,43.0760239],[3.0956468,43.0727797],[3.0942123,43.0711776],[3.0911581,43.0662146],[3.0883703,43.0608374],[3.0870932,43.0594281],[3.0868014,43.058877],[3.0861962,43.0585005],[3.0854963,43.0584099],[3.0839397,43.0588063],[3.0837523,43.0588839],[3.0836365,43.0590578],[3.0832332,43.0593453],[3.0831722,43.0597538],[3.0834802,43.0604267],[3.0833944,43.0612564],[3.0828264,43.0621978],[3.0822701,43.0628693],[3.0819487,43.0641874],[3.0817606,43.0644567],[3.0816308,43.0648807],[3.0816385,43.0653438],[3.0817377,43.0659407],[3.0820508,43.0663536],[3.0821819,43.0675368],[3.0822704,43.0677159],[3.0824864,43.0678224],[3.0825831,43.0682252],[3.0831806,43.0684316],[3.0843637,43.0683518],[3.0845514,43.0684634],[3.0847512,43.0684634],[3.0847728,43.0685522],[3.0850024,43.0685305],[3.0860581,43.0690749],[3.0865117,43.0694891],[3.086563,43.0696213],[3.0864685,43.0698067],[3.0865657,43.0698954],[3.0868546,43.0699901],[3.0870382,43.0699566],[3.086914,43.0695601],[3.0871246,43.0699408],[3.0876484,43.0699546],[3.0869869,43.0701183],[3.0870987,43.0702931],[3.0869194,43.0704359],[3.0869167,43.0705246],[3.0881587,43.0718501],[3.0881587,43.0719211],[3.0873001,43.0723688],[3.0881047,43.0718521],[3.0874351,43.0712682],[3.0873082,43.0714517],[3.0869059,43.0716193],[3.0873352,43.0713294],[3.0873298,43.0711953],[3.0869491,43.0708521],[3.0864658,43.070213],[3.0864339,43.0700388],[3.0850159,43.0695384],[3.0846756,43.0694852],[3.085286,43.0699781],[3.0858708,43.0706391],[3.0860387,43.0707199],[3.0858115,43.0706463],[3.0857957,43.0707747],[3.0857048,43.070629],[3.0857048,43.0709999],[3.0856021,43.0712365],[3.085606,43.0704875],[3.0849719,43.0697934],[3.0845487,43.0695325],[3.0836955,43.0694694],[3.0830826,43.0695996],[3.0822753,43.0703392],[3.0821889,43.0709014],[3.0820916,43.0710233],[3.0820602,43.0714566],[3.0821277,43.0717091],[3.0820602,43.0724053],[3.082133,43.0727678],[3.0823766,43.0732412],[3.0829837,43.0731035],[3.0831754,43.0732436],[3.0834859,43.0731903],[3.0838315,43.0733343],[3.0833715,43.0735673],[3.0828244,43.0736814],[3.0827055,43.074135],[3.0827467,43.0743836],[3.0822303,43.0746833],[3.0822216,43.0750541],[3.0823136,43.075274],[3.0818114,43.0757162],[3.0816984,43.075914],[3.0815148,43.0759456],[3.0814095,43.0760876],[3.0811044,43.0762355],[3.0809613,43.0764386],[3.0782755,43.0764216],[3.0772246,43.0762975],[3.076634,43.0764102],[3.0760596,43.0763656],[3.0757451,43.0762497],[3.0759022,43.0758571],[3.0756144,43.0758631],[3.0753385,43.0759907],[3.075025,43.0763866],[3.0747822,43.0764043],[3.0735513,43.0772514],[3.0733853,43.0775245],[3.0714583,43.0781755],[3.0710738,43.078578],[3.0707963,43.0785994],[3.0704018,43.0790788],[3.0701945,43.0789062],[3.0702787,43.0790766],[3.0689213,43.079845],[3.068024,43.080762],[3.0675133,43.0807795],[3.0678313,43.0815104],[3.0680741,43.0814899],[3.0681746,43.0813421],[3.0684781,43.081227],[3.0688253,43.0814526],[3.0685838,43.0816943],[3.0683327,43.0817621],[3.0680869,43.0815739],[3.0679387,43.0817045],[3.0690687,43.0839809],[3.0689606,43.0840621],[3.0688807,43.0840358],[3.0672955,43.0808748],[3.0671639,43.0809361],[3.0671339,43.0811521],[3.0668485,43.081391],[3.0667282,43.0816821],[3.0666099,43.0816956],[3.0662274,43.0819919],[3.0658778,43.0820181],[3.0655226,43.0823052],[3.0652073,43.0824491],[3.0650977,43.0824224],[3.064901,43.0827178],[3.0645535,43.0829012],[3.0643866,43.0828623],[3.0643571,43.0827383],[3.0639729,43.0829208],[3.0638603,43.083079],[3.0639067,43.083184],[3.0637699,43.0835023],[3.0634987,43.0835244],[3.0635659,43.0834295],[3.0634013,43.083372],[3.062671,43.0834685],[3.0622143,43.0833693],[3.0621865,43.0834532],[3.0619036,43.0834939],[3.0614616,43.0837208],[3.061127,43.0837225],[3.0606193,43.083885],[3.0604105,43.0836426],[3.0600363,43.0835972],[3.0595296,43.0836581],[3.0588527,43.0836226],[3.0587275,43.083736],[3.0583867,43.0837496],[3.0582453,43.0838511],[3.0581873,43.0838173],[3.0582429,43.0836649],[3.0581732,43.0836487],[3.057093,43.0835785],[3.0563998,43.0836497],[3.0556232,43.0834803],[3.0554113,43.083335],[3.0546773,43.0832314],[3.0544478,43.0833737],[3.0532654,43.0834329],[3.0526023,43.0833669],[3.0521526,43.0831688],[3.0518759,43.0832435],[3.0512577,43.0830181],[3.0488459,43.0829239],[3.0481459,43.0828223],[3.0478456,43.0829386],[3.0473736,43.0828841],[3.0473412,43.0828198],[3.0474755,43.08262],[3.0484326,43.0815995],[3.049372,43.0812518],[3.0497662,43.080988],[3.0494438,43.080973],[3.0494167,43.0809143],[3.0495707,43.08081],[3.0493547,43.0808033],[3.0487578,43.0810739],[3.0484379,43.0813036],[3.0468501,43.0830188],[3.0465128,43.0836649],[3.0462211,43.0837883],[3.0461507,43.0840404],[3.0463191,43.0843153],[3.046313,43.08497],[3.0465514,43.085742],[3.0464615,43.0857252],[3.0464328,43.086041],[3.0462049,43.0865595],[3.0462535,43.0875041],[3.0465001,43.0877681],[3.0470084,43.0879196],[3.0475343,43.0892935],[3.04825,43.0905],[3.0485996,43.0913284],[3.0489186,43.0916762],[3.0490659,43.0920601],[3.0495359,43.0926801],[3.0496941,43.0930125],[3.0496293,43.0931229],[3.0497762,43.0931797],[3.0499843,43.0937358],[3.0499577,43.0940538],[3.0501995,43.0943478],[3.050096,43.0945682],[3.0498194,43.0944144],[3.0493712,43.0943556],[3.049246,43.0941789],[3.0488248,43.0941111],[3.0485835,43.0941538],[3.0485428,43.0942369],[3.0482023,43.0942361],[3.0480983,43.0941222],[3.0478773,43.0940589],[3.0476059,43.0941313],[3.0473136,43.0939828],[3.0472794,43.0937647],[3.0470281,43.0937584],[3.046952,43.0936837],[3.0471191,43.0935401],[3.047158,43.093361],[3.0475307,43.0932364],[3.0475239,43.0931744],[3.0472038,43.0930946],[3.046215,43.093284],[3.0456987,43.0932721],[3.0454432,43.0933996],[3.0452499,43.0933227],[3.0451351,43.0932358],[3.044947,43.0925287],[3.0438841,43.091352],[3.0431673,43.0910701],[3.0429757,43.0910869],[3.0429776,43.0911904],[3.0431215,43.0912307],[3.043094,43.0913515],[3.0427508,43.0917765],[3.0424782,43.0919577],[3.0424139,43.0916714],[3.0425088,43.0915193],[3.0424169,43.091347],[3.0428734,43.0910919],[3.042818,43.091012],[3.0424213,43.0910031],[3.0421563,43.0910835],[3.041033,43.0915738],[3.039877,43.0923006],[3.0395094,43.0922558],[3.039186,43.0923152],[3.0388482,43.0926004],[3.038646,43.0930299],[3.0384929,43.0931596],[3.0383275,43.0931238],[3.0382846,43.092833],[3.038352,43.0923856],[3.0385216,43.0919842],[3.0387683,43.0907023],[3.0363894,43.0890495],[3.0354254,43.0884798],[3.0340811,43.0881556],[3.0323141,43.0875817],[3.0317791,43.0872063],[3.0307482,43.085981],[3.0295285,43.0838676],[3.0290778,43.0835404],[3.0250823,43.0775853],[3.0239064,43.0748248],[3.0236555,43.0739676],[3.0236559,43.072826],[3.0246742,43.0723546],[3.0256329,43.0717205],[3.0274059,43.0708936],[3.0274489,43.0706612],[3.027926,43.0702722],[3.0294893,43.068646],[3.0307918,43.0671683],[3.0311257,43.0664404],[3.0315326,43.0658778],[3.0325892,43.064776],[3.0341484,43.0627408],[3.0346844,43.0622674],[3.036139,43.06141],[3.0372439,43.0610084],[3.0377632,43.060629],[3.0380699,43.0601783],[3.0392141,43.0595368],[3.0419802,43.0575656],[3.0432263,43.0568374],[3.0449794,43.0563613],[3.0467198,43.0562467],[3.0481369,43.0558329],[3.0518815,43.0539737],[3.0527081,43.0536949],[3.0529987,43.0536442],[3.0545645,43.0540002],[3.0560514,43.0541986],[3.0570694,43.0541953],[3.057328,43.0542766],[3.0579901,43.0537016],[3.0579449,43.0534667],[3.0582561,43.0529726],[3.0584671,43.0529217],[3.059004,43.0514662],[3.0588881,43.0513311],[3.0589431,43.0510662],[3.0597092,43.0506229],[3.0601469,43.0505133],[3.0607788,43.0500609],[3.0614628,43.0497025],[3.0617872,43.0497296],[3.0626697,43.050735],[3.062736,43.0509035],[3.0632551,43.0513049],[3.0634409,43.0512981],[3.0636678,43.0511391],[3.0639488,43.0512249],[3.0644818,43.050816],[3.0657282,43.0508813],[3.0660902,43.0511443],[3.0669349,43.0518846],[3.0687119,43.0538493],[3.0689164,43.0539024],[3.07,43.0552513],[3.0702863,43.0554321],[3.0704349,43.0556617],[3.071,43.056],[3.0721115,43.0575475],[3.0720929,43.0579741],[3.0716385,43.0580543],[3.071473,43.0582456],[3.0714898,43.0583994],[3.071684,43.0584864],[3.0721942,43.0590407],[3.0724674,43.0591487],[3.0729321,43.0591419],[3.073526,43.0593858],[3.0743411,43.0594932],[3.0747305,43.0596753],[3.0752686,43.0602025],[3.0755,43.06025],[3.0761569,43.0599771],[3.0762407,43.0597352],[3.0768928,43.0591633],[3.0764253,43.0585539],[3.0765291,43.0584701],[3.0767695,43.0588812],[3.0770732,43.0589706],[3.0778185,43.0585739],[3.0785361,43.0575212],[3.0790951,43.057216],[3.0797001,43.0573526],[3.0804331,43.05733],[3.0812365,43.0580399],[3.0823368,43.0584023],[3.0832384,43.0585203],[3.0846082,43.0579166],[3.0851932,43.0575102],[3.0851661,43.0571861],[3.0825497,43.0521978],[3.0746913,43.0386755],[3.0685809,43.0275311],[3.0682664,43.0266571],[3.0682701,43.02631],[3.0686697,43.0262668],[3.072001,43.0248884],[3.0788434,43.0225256],[3.0793985,43.0222961],[3.0799001,43.0219098],[3.0801952,43.0214784],[3.0805117,43.0205175],[3.0827218,43.0119278],[3.0827648,43.0114688],[3.0824966,43.0114021],[3.0823517,43.0114688],[3.0799082,43.0211979],[3.0797768,43.0214941],[3.0794603,43.0218588],[3.0786717,43.0222961],[3.071596,43.0247649],[3.0689245,43.025857],[3.0684605,43.0259512],[3.0679133,43.0257433],[3.0678678,43.025559],[3.0666317,43.0237003],[3.0712366,43.0221333],[3.0697668,43.0198939],[3.0653036,43.0214862],[3.0649549,43.0213921],[3.0645257,43.0210627],[3.06396,43.0202845],[3.072575,43.017219],[3.0722076,43.0166738],[3.0731249,43.0160679],[3.072921,43.0155697],[3.0724758,43.0150834],[3.0722022,43.0149657],[3.0717838,43.0149304],[3.0666366,43.015205],[3.0664998,43.0154364],[3.066532,43.0155285],[3.0662799,43.0158992],[3.0655316,43.0162522],[3.0654401,43.0160695],[3.0622727,43.0169249],[3.0613403,43.0166445],[3.0607958,43.0169857],[3.0586978,43.0186822],[3.0585762,43.018909],[3.058554,43.0192157],[3.0588684,43.0202691],[3.0586799,43.0202996],[3.0587179,43.0203973],[3.0587384,43.0203243],[3.0588768,43.0203027],[3.0591053,43.0210623],[3.0580082,43.0215948],[3.0558012,43.0202446],[3.0510777,43.021467],[3.0509997,43.0212856],[3.0508317,43.0212872],[3.0508042,43.0213634],[3.0473366,43.0223259],[3.0473115,43.022417],[3.0476086,43.0229227],[3.0453749,43.023645],[3.0450379,43.0231681],[3.0442778,43.0241219],[3.0433745,43.0246399],[3.0426081,43.0238701],[3.0413989,43.0242288],[3.0413621,43.0243291],[3.0557683,43.04684],[3.0557035,43.0469192],[3.0555435,43.0469171],[3.0424766,43.026508],[3.0411256,43.0245175],[3.0412307,43.0243697],[3.0409923,43.0243477],[3.040817,43.0245235],[3.0408797,43.0252463],[3.0404434,43.0252011],[3.0402562,43.0250964],[3.0401462,43.0247938],[3.0399869,43.0248444],[3.0396191,43.0240797],[3.0402337,43.0240817],[3.040448,43.0239596],[3.0392438,43.023098],[3.0379683,43.0224251],[3.0368152,43.0220098],[3.0368674,43.0219333],[3.0384354,43.0224617],[3.0388452,43.0228044],[3.0397394,43.0232569],[3.0405273,43.0238972],[3.0417859,43.0236116],[3.0463424,43.0220583],[3.0465219,43.0220119],[3.0465576,43.0220627],[3.0489264,43.0212774],[3.0517287,43.0205897],[3.0517146,43.0205168],[3.0524653,43.0203313],[3.0524822,43.0203919],[3.0559977,43.0193494],[3.0570671,43.0188702],[3.0581174,43.018235],[3.0592041,43.017351],[3.0605708,43.0160422],[3.0616239,43.0153395],[3.0660857,43.0136924],[3.0694221,43.0126054],[3.0698466,43.0124843],[3.0708839,43.0124093],[3.0771589,43.0125966],[3.0773708,43.0124632],[3.0772259,43.012322],[3.0769684,43.0123102],[3.0713238,43.0121347],[3.0697976,43.0122229],[3.0694441,43.0123893],[3.0685362,43.0126224],[3.065671,43.0137174],[3.0652208,43.0134292],[3.0644935,43.0125917],[3.0640909,43.0122797],[3.062089,43.0098285],[3.0595093,43.0047003],[3.0591151,43.0034088],[3.0584251,43.0023693],[3.0580919,43.001024],[3.0570558,42.9995582],[3.0563857,42.9980538],[3.0553285,42.9951904],[3.0545349,42.9936821],[3.052244,42.9879359],[3.0512174,42.9850104],[3.0508644,42.9835275],[3.0493198,42.9793537],[3.0487963,42.9774315],[3.0481411,42.9755858],[3.0481052,42.9751893],[3.0463881,42.970084],[3.0451158,42.9649748],[3.0448828,42.9635565],[3.04447,42.9621049],[3.0441239,42.961332],[3.0439089,42.9606179],[3.0438352,42.9600367],[3.0432268,42.9576113],[3.0427917,42.9564705],[3.0426989,42.9554779],[3.0421686,42.9539106],[3.0415406,42.9508521],[3.0408385,42.9490034],[3.0407311,42.9478991],[3.0401826,42.945981],[3.0401807,42.945193],[3.0399135,42.9442357],[3.0398366,42.9433268],[3.0392557,42.9413332],[3.039153,42.9404377],[3.0392447,42.9399707],[3.0390102,42.9389746],[3.0390435,42.9376465],[3.0389058,42.9372328],[3.0388258,42.9358611],[3.0392091,42.9333445],[3.0395196,42.9324836],[3.0399968,42.9301754],[3.0401981,42.929939],[3.0409546,42.9295586],[3.0417149,42.9294257],[3.0434777,42.9288123],[3.0449306,42.9284763],[3.0467372,42.9283421],[3.0482536,42.9277855],[3.0486457,42.9277205],[3.0489067,42.9276093],[3.0491359,42.927394],[3.0501099,42.927008],[3.0514483,42.9267883],[3.051736,42.926466],[3.0539836,42.9260055],[3.0543568,42.9260155],[3.0546628,42.9256012],[3.0549941,42.9245775],[3.0551364,42.9244993],[3.0550252,42.9241049],[3.0546394,42.923709],[3.0546972,42.923277],[3.0553542,42.9226449],[3.0556652,42.9224068],[3.0558774,42.9223456],[3.056079,42.9220867],[3.0564505,42.9218298],[3.0568271,42.9216107],[3.0579622,42.9211875],[3.0584059,42.9209084],[3.0589092,42.9207753],[3.0595046,42.9203962],[3.059687,42.9199817],[3.0599445,42.9198089],[3.0602771,42.9184025],[3.0606821,42.9176443],[3.0606446,42.9172161],[3.060025,42.9165718],[3.0597031,42.9156388],[3.0596092,42.9148687],[3.0597058,42.9142146],[3.0596548,42.9139985],[3.0594724,42.9134229],[3.0592498,42.913201],[3.059164,42.9129338],[3.0589548,42.9121323],[3.0589467,42.9118298],[3.0588099,42.9116628],[3.0587777,42.9111422],[3.0583199,42.9105518],[3.057979,42.9086184],[3.0576005,42.9081047],[3.0575571,42.9073118],[3.0569037,42.9058095],[3.0567895,42.9049966],[3.056007,42.9022541],[3.0559287,42.9010584],[3.0555078,42.9000358],[3.0543078,42.8958298],[3.05393,42.8947382],[3.0536841,42.8929217],[3.0531187,42.8918118],[3.0526534,42.890328],[3.0520676,42.8878192],[3.0518734,42.8872721],[3.0515105,42.8866862],[3.0513452,42.8861602],[3.051344,42.8859254],[3.0522754,42.8854402],[3.0523526,42.8848211],[3.0524429,42.8847212],[3.0529899,42.8845943],[3.0524474,42.8846116],[3.0523418,42.884499],[3.0522124,42.8844938],[3.0509871,42.8850758],[3.050822,42.8853195],[3.0493315,42.8860274],[3.0491996,42.8859947],[3.047711,42.8864733],[3.0473951,42.8868094],[3.0475366,42.8874628],[3.0482556,42.8887681],[3.0482648,42.8896355],[3.0480782,42.8899815],[3.0482198,42.890222],[3.0479554,42.8941186],[3.0489649,42.9010843],[3.0488308,42.9020057],[3.0483869,42.9026512],[3.0479819,42.9030264],[3.0472346,42.9034913],[3.0467887,42.9036046],[3.0463319,42.9034863],[3.0462765,42.9033937],[3.0459166,42.9032691],[3.0458052,42.9033676],[3.0459042,42.9036062],[3.0462122,42.9037862],[3.0462682,42.9039381],[3.0429862,42.9051974],[3.0429098,42.9052131],[3.0430439,42.9050707],[3.0429997,42.9050196],[3.0428857,42.9051817],[3.0416639,42.9054625],[3.04147,42.9056152],[3.0408961,42.9056955],[3.0398123,42.9055691],[3.0387456,42.9050013],[3.0387188,42.9048045],[3.0384469,42.9046007],[3.0384233,42.9044938],[3.0386478,42.9043096],[3.0387194,42.904069],[3.0386733,42.903943],[3.0388731,42.9037259],[3.0390017,42.9033595],[3.0392905,42.9031054],[3.0390273,42.9025136],[3.0389227,42.9019782],[3.039133,42.9014524],[3.0393288,42.9011624],[3.0404818,42.9009406],[3.0406331,42.9007939],[3.0406259,42.9006491],[3.0403877,42.9004126],[3.03984,42.9001421],[3.0388519,42.8991277],[3.0377921,42.8984818],[3.0372705,42.8977804],[3.0371097,42.8978805],[3.0369097,42.8977961],[3.0368561,42.8976251],[3.0367085,42.8976232],[3.0367219,42.897742],[3.0361057,42.8974122],[3.0352571,42.8967559],[3.0352692,42.8966261],[3.0351019,42.8966486],[3.0344937,42.8964049],[3.0338037,42.8962801],[3.0331204,42.896315],[3.0323634,42.89598],[3.0318806,42.8960026],[3.0314251,42.8961811],[3.0309592,42.8961406],[3.0301714,42.8957447],[3.0298354,42.8954254],[3.0297106,42.8951355],[3.029248,42.894942],[3.0292332,42.8948477],[3.0288805,42.894828],[3.0286809,42.894912],[3.0286834,42.8950373],[3.0290857,42.896234],[3.0290558,42.8966609],[3.0284458,42.8970608],[3.0282066,42.8975097],[3.0279779,42.897577],[3.0276021,42.8974124],[3.0274832,42.8972639],[3.027306,42.8965955],[3.0273654,42.8964688],[3.0272378,42.8963521],[3.0267379,42.8965053],[3.0263592,42.8965002],[3.0263042,42.8964226],[3.0262887,42.8965039],[3.0253829,42.8967694],[3.0246118,42.8968677],[3.0240633,42.896851],[3.0226913,42.8965709],[3.021255,42.8960335],[3.0206045,42.8959716],[3.0196524,42.8960306],[3.0175897,42.8951847],[3.0175356,42.8950497],[3.0170278,42.8949901],[3.0165034,42.8950652],[3.0162992,42.8952261],[3.0161507,42.8955443],[3.0158463,42.8958518],[3.0156572,42.8964511],[3.0152481,42.8971121],[3.0146421,42.8974143],[3.0140801,42.8974856],[3.0138347,42.8976713],[3.014505,42.8980722],[3.0165362,42.8988523],[3.0166154,42.8989461],[3.0165933,42.8991057],[3.0168709,42.8993395],[3.0174232,42.8994522],[3.0178779,42.8996679],[3.0179463,42.8998302],[3.0177931,42.8999502],[3.0175614,42.8999687],[3.017465,42.900149],[3.0175146,42.9002885],[3.0176032,42.900431],[3.018391,42.9006923],[3.0184507,42.9007817],[3.0184557,42.900853],[3.0183059,42.9009351],[3.0181343,42.9009187],[3.0180009,42.9010405],[3.0184548,42.901654],[3.0185513,42.9018859],[3.0185084,42.9020088],[3.0180873,42.9023869],[3.0165743,42.9026249],[3.0162336,42.9028375],[3.0159079,42.9031978],[3.0158174,42.9035818],[3.0160168,42.9042428],[3.0155607,42.9046493],[3.0159067,42.9048644],[3.0159549,42.9049705],[3.0167222,42.9052454],[3.0173685,42.9056355],[3.0175145,42.9060718],[3.0178459,42.9064371],[3.018322,42.9067623],[3.0184749,42.9072387],[3.0184381,42.9073277],[3.0186452,42.9076817],[3.0186325,42.9078464],[3.0184895,42.9080021],[3.0188008,42.9083473],[3.0188597,42.9086179],[3.0188893,42.9088211],[3.018735,42.9088781],[3.0189155,42.9089065],[3.0191399,42.909549],[3.01901,42.9098506],[3.0190877,42.9103519],[3.0186553,42.9106825],[3.0181114,42.9108584],[3.0179545,42.9111927],[3.0171512,42.9116893],[3.0170094,42.9116943],[3.0171673,42.911872],[3.0171633,42.9121657],[3.0162701,42.9125448],[3.0162561,42.9128808],[3.0167904,42.9136312],[3.0166577,42.9138787],[3.0166563,42.9140761],[3.0164927,42.9141036],[3.0166711,42.9141174],[3.0167261,42.9143521],[3.0166845,42.9148658],[3.0169581,42.9151398],[3.0173155,42.9163092],[3.0173136,42.9164798],[3.0171512,42.9167476],[3.0173121,42.9174184],[3.0171284,42.9177376],[3.0169825,42.9178235],[3.016993,42.9179723],[3.0168347,42.9182277],[3.0166205,42.918415],[3.0165638,42.9188366],[3.0160327,42.9197146],[3.0157455,42.9204055],[3.0154748,42.920681],[3.0153117,42.9212083],[3.0148881,42.9216381],[3.0144677,42.9218673],[3.0142692,42.9221649],[3.0139057,42.9224026],[3.0137652,42.9226346],[3.0136608,42.9233063],[3.0137689,42.9237382],[3.0134886,42.9241054],[3.0132164,42.9242773],[3.0131629,42.9245983],[3.0132995,42.9250825],[3.0132955,42.9255402],[3.0131853,42.9256222],[3.0131433,42.9258225],[3.0126064,42.9261367],[3.012517,42.9262982],[3.0125834,42.9264799],[3.0129214,42.9267412],[3.0131178,42.9270979],[3.0131017,42.9272925],[3.0125262,42.9277178],[3.011649,42.9280124],[3.0108815,42.9280383],[3.0102423,42.9277204],[3.0094331,42.927023],[3.00726,42.9236502],[3.0065846,42.9224409],[3.0065227,42.9222638],[3.0065795,42.9220588],[3.0067006,42.9219654],[3.0065887,42.9217524],[3.006613,42.9216269],[3.0067067,42.9214657],[3.0069494,42.9213135],[3.0071621,42.9209226],[3.0063325,42.921745],[3.0059275,42.9222844],[3.0057049,42.922806],[3.0062628,42.9247325],[3.0061409,42.9250689],[3.0061807,42.9255637],[3.0068598,42.9260631],[3.0068152,42.9261557],[3.0065526,42.9261573],[3.0064766,42.9265101],[3.0060324,42.9266135],[3.005769,42.9265395],[3.0054735,42.9266672],[3.0046699,42.9273097],[3.0047734,42.9273762],[3.0047067,42.927536],[3.0045704,42.9276039],[3.0043524,42.9289798],[3.0041705,42.9295653],[2.9978345,42.9314791],[2.9962873,42.9316266],[2.9949127,42.9319215],[2.9937203,42.9319037],[2.9936872,42.9320201],[2.9928492,42.9320582],[2.9925962,42.9318231],[2.9941172,42.9266802],[2.9921613,42.9265295],[2.9872469,42.9264313],[2.9867861,42.9264888],[2.9857086,42.9268159],[2.9851352,42.9263636],[2.9830822,42.9252896],[2.9828381,42.9246114],[2.9825442,42.9245467],[2.9822814,42.9242333],[2.9819336,42.9244093],[2.9819346,42.9234396],[2.9816029,42.9234161],[2.9817552,42.9227052],[2.9813028,42.9223467],[2.9809512,42.9214225],[2.9657695,42.9120275],[2.9626126,42.9106417],[2.9589799,42.9083526],[2.9575675,42.907621],[2.9519916,42.9063597],[2.9366016,42.9048642],[2.9321768,42.9049658],[2.928196,42.904707],[2.9263558,42.905091],[2.9224582,42.9050539],[2.919248,42.9039837],[2.9150801,42.9022908],[2.9127124,42.901583],[2.9145148,42.9127465],[2.9152711,42.9189994],[2.9302338,42.9330815],[2.9306735,42.9340319],[2.9334639,42.9391043],[2.939543,42.9532943],[2.9061386,42.9583875],[2.9028422,42.9589823],[2.9020084,42.9590069],[2.8843087,42.9888601],[2.8896125,43.001049],[2.8912004,43.003905],[2.898412,43.0200765]],[[2.852692,43.1592313],[2.8523392,43.1593824],[2.852253,43.1593057],[2.8526234,43.1591417],[2.852692,43.1592313]],[[2.8526792,43.1599458],[2.8528535,43.1598829],[2.8532236,43.160238],[2.8531104,43.1603652],[2.8529721,43.1603376],[2.8526792,43.1599458]],[[2.8715764,43.1616488],[2.8716303,43.1618648],[2.8709215,43.1619569],[2.8711922,43.1617449],[2.8715764,43.1616488]],[[2.8443886,43.1636644],[2.8443953,43.1636053],[2.8446005,43.1635648],[2.8450641,43.163619],[2.8450685,43.1636789],[2.8443886,43.1636644]],[[2.8385715,43.1646928],[2.8397174,43.1643908],[2.8398201,43.1645166],[2.8386737,43.1648259],[2.8385715,43.1646928]],[[2.868679,43.1678934],[2.868792,43.1676714],[2.869872,43.1679588],[2.8697938,43.1680795],[2.868679,43.1678934]],[[2.8676878,43.2074613],[2.8681706,43.2078845],[2.8682591,43.2082687],[2.8680177,43.2083654],[2.8678326,43.2082853],[2.8673096,43.2084231],[2.86715,43.2083322],[2.8670306,43.208037],[2.8675711,43.2074525],[2.8676878,43.2074613]],[[2.8679308,43.2228173],[2.8677168,43.2230009],[2.8673536,43.2224077],[2.8672279,43.2224259],[2.8673898,43.2231292],[2.8667739,43.2231652],[2.8665348,43.2232798],[2.865781,43.2231733],[2.866366,43.2229074],[2.8667001,43.2224207],[2.8668457,43.22192],[2.8671602,43.2217871],[2.8676376,43.221829],[2.8676944,43.2217188],[2.8672862,43.2216264],[2.8667518,43.2217544],[2.8667404,43.2211938],[2.8657639,43.2195107],[2.8614885,43.2206637],[2.8612887,43.2200798],[2.8615471,43.2197447],[2.8643637,43.2190358],[2.8649537,43.2193398],[2.8658716,43.2190881],[2.8668458,43.2189468],[2.8682259,43.2200375],[2.8687279,43.2203138],[2.8697703,43.2206642],[2.8717473,43.2217555],[2.8722991,43.2223489],[2.8725057,43.2226984],[2.8724049,43.2228086],[2.8718139,43.2229642],[2.8715752,43.222918],[2.8713875,43.2225363],[2.8711428,43.2223568],[2.8701692,43.2221719],[2.8703266,43.2220388],[2.8701761,43.2218778],[2.8697736,43.2220428],[2.8679268,43.221765],[2.8678574,43.2219028],[2.8679951,43.2221786],[2.8680319,43.2225877],[2.8679308,43.2228173]],[[2.8652889,43.2221465],[2.8652583,43.2217742],[2.8636364,43.2221032],[2.8631773,43.2222772],[2.8625355,43.2226625],[2.8616993,43.2228637],[2.8609457,43.2226468],[2.860853,43.2219482],[2.8610481,43.2218289],[2.8610297,43.2216497],[2.860829,43.2214748],[2.8608169,43.2212772],[2.8626028,43.2206728],[2.8629987,43.2206595],[2.8636323,43.2211152],[2.8639463,43.2211936],[2.8635138,43.2207244],[2.8635833,43.2205315],[2.8638287,43.2204031],[2.8643754,43.220367],[2.8645328,43.2202431],[2.8647902,43.2203215],[2.8649658,43.2204826],[2.8652109,43.2204507],[2.8652112,43.220322],[2.864979,43.2201839],[2.8651364,43.2200554],[2.8656268,43.2199411],[2.8664397,43.2217526],[2.8656848,43.2221286],[2.8652889,43.2221465]],[[2.8588013,43.2234068],[2.859255,43.2232189],[2.8595601,43.2238529],[2.8599419,43.2240061],[2.860313,43.2249489],[2.8604139,43.2255274],[2.8578136,43.2259044],[2.8573354,43.22515],[2.8571106,43.2243828],[2.8571689,43.2241587],[2.8568633,43.2237359],[2.8572587,43.2237266],[2.8582548,43.2234029],[2.8588013,43.2234068]],[[2.867828,43.2249991],[2.8678896,43.2255644],[2.8682472,43.2258405],[2.8679642,43.225978],[2.865538,43.226182],[2.8652239,43.2261541],[2.8651175,43.2259426],[2.8649728,43.2260251],[2.8649033,43.2262226],[2.8643877,43.2263599],[2.8641993,43.2262861],[2.8639942,43.2252473],[2.8642778,43.2248938],[2.8641151,43.2245674],[2.8642612,43.2238782],[2.8641486,43.2236162],[2.8641678,43.2234599],[2.8644696,43.223396],[2.8647334,43.2234422],[2.8647392,43.2236674],[2.8649149,43.2237733],[2.8650099,43.2234517],[2.8651231,43.2234151],[2.8658006,43.2239168],[2.8660332,43.2239033],[2.8664551,43.2235086],[2.8675164,43.2237947],[2.8677548,43.2239834],[2.8679298,43.224434],[2.867828,43.2249991]],[[2.869859,43.2249043],[2.8699355,43.224743],[2.87048,43.2252033],[2.8700441,43.2253812],[2.8699113,43.2253655],[2.869859,43.2249043]],[[2.8637369,43.2250459],[2.8638297,43.2252897],[2.8638422,43.2256602],[2.8637574,43.2258258],[2.8639036,43.2260177],[2.8639386,43.2262582],[2.8638804,43.2264401],[2.8636672,43.2264268],[2.8633736,43.2265402],[2.8619067,43.2267952],[2.8615912,43.2267785],[2.861432,43.2264567],[2.8612735,43.2258001],[2.8613404,43.2256994],[2.8633369,43.2250649],[2.8637369,43.2250459]],[[2.86096,43.2257296],[2.8613181,43.2265261],[2.8613443,43.2267309],[2.8612819,43.226825],[2.8587172,43.2271566],[2.8583261,43.2271691],[2.8581664,43.2270682],[2.8578355,43.2260409],[2.8603514,43.2256443],[2.86096,43.2257296]],[[2.9212984,43.0223706],[2.9210624,43.0221353],[2.9211563,43.0221059],[2.9214191,43.0222588],[2.9212984,43.0223706]],[[2.9227227,43.0223412],[2.9227361,43.0226],[2.9225939,43.0227353],[2.9222238,43.0227824],[2.9220495,43.0227138],[2.9220495,43.0226216],[2.92191,43.0225157],[2.9224518,43.0224804],[2.9226235,43.0223314],[2.9227227,43.0223412]],[[2.8992561,43.0281851],[2.8990604,43.0280215],[2.8993897,43.0280613],[2.8992561,43.0281851]],[[2.8993043,43.03021],[2.8993462,43.0298239],[2.8992359,43.0294968],[2.8997688,43.0298977],[2.8993043,43.03021]],[[2.9027622,43.0297704],[2.9029855,43.0298026],[2.9032686,43.0300496],[2.903266,43.0302132],[2.9031215,43.030217],[2.9027009,43.0298343],[2.9027622,43.0297704]],[[2.904435,43.0329672],[2.904288,43.032791],[2.9043094,43.0326067],[2.9041887,43.0324255],[2.9039863,43.0323272],[2.9039852,43.0322157],[2.9041658,43.0320936],[2.9043315,43.0321436],[2.9047199,43.0326943],[2.904719,43.0329561],[2.904435,43.0329672]],[[2.905115,43.0332945],[2.9061369,43.0343648],[2.9060399,43.0344789],[2.9056017,43.0345417],[2.9050917,43.0335559],[2.904862,43.0332806],[2.9049079,43.0332273],[2.905115,43.0332945]],[[2.9074019,43.0398106],[2.9087108,43.0410613],[2.9086572,43.0411436],[2.9084802,43.0412142],[2.9081958,43.0409515],[2.9075575,43.0406183],[2.9067206,43.0393009],[2.9066938,43.039097],[2.9070425,43.0391362],[2.9072088,43.0392578],[2.9074019,43.0398106]],[[2.9336902,43.0471165],[2.9344037,43.0462991],[2.9350743,43.0457208],[2.9358789,43.0453347],[2.9363827,43.0452137],[2.9360586,43.0455503],[2.9351869,43.0460482],[2.9345405,43.0465382],[2.9334676,43.0477437],[2.9324591,43.0486159],[2.9306057,43.0496724],[2.928991,43.0503741],[2.9280549,43.0505623],[2.9245412,43.0508347],[2.9233155,43.0510405],[2.9232082,43.0512013],[2.9222909,43.0517344],[2.9186752,43.0531632],[2.9180396,43.0537629],[2.917656,43.0539805],[2.9175058,43.053957],[2.9173046,43.0541706],[2.9166958,43.054541],[2.9161352,43.0546919],[2.9158884,43.0546821],[2.9151669,43.0544038],[2.9143167,43.0537708],[2.9139063,43.0531906],[2.9136568,43.052585],[2.9131821,43.0504074],[2.9129004,43.0504604],[2.9124981,43.0498273],[2.9125008,43.0497234],[2.9122996,43.0495039],[2.9122835,43.0493686],[2.9113018,43.0486826],[2.9106823,43.0478417],[2.9098052,43.0476477],[2.9086652,43.0476575],[2.9079978,43.0475286],[2.9085767,43.0474144],[2.9088074,43.0472811],[2.9095262,43.0471615],[2.9108164,43.0474781],[2.9116599,43.0484866],[2.9123734,43.0490403],[2.9126134,43.0494529],[2.9132572,43.0499312],[2.9135549,43.0502918],[2.9136085,43.0504016],[2.9135522,43.0507838],[2.9139438,43.0513189],[2.913968,43.0521636],[2.9142442,43.053073],[2.9144078,43.0533435],[2.914947,43.0538825],[2.9154485,43.0542196],[2.9161486,43.0543783],[2.9168165,43.0542549],[2.9173663,43.0536591],[2.9184553,43.0529358],[2.9221248,43.0514305],[2.9225613,43.0511904],[2.9230905,43.0507607],[2.9234327,43.0506283],[2.9237446,43.0506701],[2.9241228,43.0504466],[2.9245037,43.0503624],[2.9270384,43.0503741],[2.9288971,43.0501683],[2.92927,43.0500448],[2.9314935,43.0488806],[2.9336902,43.0471165]],[[2.8874033,43.154556],[2.8872859,43.1546647],[2.8868843,43.1544533],[2.8869813,43.1543297],[2.8874033,43.154556]],[[2.9050148,43.1659531],[2.9060045,43.1653163],[2.9061601,43.1654063],[2.9060394,43.1656391],[2.9064779,43.1658856],[2.9066294,43.1660538],[2.9068185,43.1667082],[2.906726,43.1668305],[2.9062191,43.1668295],[2.9053541,43.167031],[2.9053742,43.1669811],[2.9046767,43.1668158],[2.9047424,43.1665977],[2.9046567,43.1665527],[2.9050148,43.1659531]],[[2.9037229,43.1876019],[2.9042257,43.1886598],[2.9031946,43.1888383],[2.9030916,43.188702],[2.9034457,43.1876656],[2.9037229,43.1876019]],[[2.9077855,43.1904494],[2.9065008,43.1910119],[2.9062991,43.1907565],[2.9069017,43.1898813],[2.9075024,43.1900757],[2.9077855,43.1904494]],[[2.9071163,43.191018],[2.9072346,43.1909658],[2.9071135,43.19082],[2.9081099,43.1904029],[2.9082929,43.1906227],[2.9081869,43.1906808],[2.9083605,43.1909065],[2.9074807,43.1912756],[2.9072918,43.191041],[2.9071699,43.1910932],[2.9073595,43.1913287],[2.9065608,43.1916811],[2.9061772,43.1912304],[2.9069966,43.1908738],[2.9071163,43.191018]],[[2.9005146,43.1961818],[2.8997664,43.1957278],[2.9012884,43.1943532],[2.9021018,43.194872],[2.9005146,43.1961818]],[[2.8937497,43.1969308],[2.8936207,43.1968582],[2.8938504,43.1966626],[2.8939977,43.1968093],[2.8937497,43.1969308]],[[2.8806162,43.2162334],[2.8801441,43.2163292],[2.8800502,43.2162021],[2.880356,43.2161298],[2.8799483,43.216165],[2.8798169,43.2160731],[2.8805545,43.2159402],[2.8806162,43.2162334]],[[2.9113507,43.2188812],[2.9113257,43.2187449],[2.9120903,43.2184991],[2.9122039,43.2186889],[2.9113507,43.2188812]],[[2.9466901,42.9255034],[2.9478764,42.9255147],[2.9479334,42.9256207],[2.9478117,42.9257177],[2.9473587,42.9256139],[2.9466362,42.9256038],[2.9466901,42.9255034]],[[2.9530685,43.0217201],[2.953086,43.022023],[2.9529867,43.0220299],[2.9528982,43.0217367],[2.9530685,43.0217201]],[[2.9580163,43.0390164],[2.9569444,43.0397146],[2.9565345,43.0394315],[2.9565307,43.039261],[2.9577286,43.0387704],[2.9580163,43.0390164]],[[2.9542758,43.0623539],[2.9548976,43.0620188],[2.9554672,43.0620871],[2.9556287,43.0621865],[2.9556173,43.0624167],[2.9555273,43.0624384],[2.9554223,43.0621868],[2.9551981,43.0621442],[2.9549405,43.0621211],[2.9547391,43.0621896],[2.9546384,43.0623262],[2.9547211,43.0628667],[2.954944,43.0630321],[2.955327,43.0628464],[2.9553108,43.0625617],[2.9555414,43.0624923],[2.9554075,43.0626534],[2.9554314,43.0629044],[2.9552886,43.063056],[2.9549935,43.0631598],[2.9546438,43.0630445],[2.9544618,43.0623774],[2.9542758,43.0623539]],[[2.9488444,43.0639593],[2.9486995,43.064037],[2.9488686,43.0642134],[2.9487647,43.0643157],[2.9482624,43.0643881],[2.9482624,43.0642205],[2.9486078,43.0641075],[2.9483204,43.0636982],[2.9484484,43.0635623],[2.9485884,43.0635411],[2.9486416,43.0633453],[2.9488275,43.0633029],[2.9492864,43.0636505],[2.9498709,43.06352],[2.9498322,43.0636223],[2.9491608,43.0638376],[2.9491294,43.0641093],[2.9488444,43.0639593]],[[2.9560464,43.0649023],[2.9552526,43.0647413],[2.9553275,43.0646181],[2.9556384,43.06453],[2.9556645,43.0643863],[2.9559953,43.0642219],[2.9566528,43.0643938],[2.9568231,43.06467],[2.9564453,43.0651661],[2.9560464,43.0649023]],[[2.9521844,43.0651054],[2.9524819,43.0652172],[2.9525588,43.0654863],[2.9522439,43.0655465],[2.950742,43.0652122],[2.9505286,43.0650156],[2.950687,43.0648322],[2.9514788,43.0644968],[2.9518699,43.0646032],[2.9521844,43.0651054]],[[2.9561487,43.0657548],[2.9561316,43.065876],[2.9562081,43.0659438],[2.9562618,43.0657556],[2.9566433,43.0657927],[2.9566557,43.0659726],[2.9565544,43.0660587],[2.955945,43.0661506],[2.9551648,43.066093],[2.9549016,43.0661806],[2.9543397,43.0660457],[2.9542401,43.065745],[2.9543312,43.0655881],[2.9545406,43.0655361],[2.9553045,43.0657064],[2.9561487,43.0657548]],[[2.9525643,43.0668279],[2.95286,43.0667323],[2.9526213,43.0670493],[2.9524738,43.0670233],[2.95251,43.0671037],[2.9524261,43.0671821],[2.9520473,43.0671443],[2.9524932,43.0668372],[2.9525784,43.0664722],[2.9525643,43.0668279]],[[2.9387125,43.0711794],[2.9386289,43.0711297],[2.9390603,43.0709387],[2.9391335,43.071017],[2.9387125,43.0711794]],[[2.9572423,43.0899218],[2.9576607,43.0899825],[2.9577251,43.0900766],[2.9574542,43.0901549],[2.9570599,43.090104],[2.9572423,43.0899218]],[[2.9566549,43.0900511],[2.9569526,43.0902117],[2.9566871,43.0904957],[2.9565047,43.0902117],[2.9566549,43.0900511]],[[2.9397793,43.0912094],[2.9400968,43.091263],[2.939775,43.0912741],[2.9397793,43.0912094]],[[2.9383084,43.0913876],[2.9386259,43.0913466],[2.9383084,43.0914381],[2.9383084,43.0913876]],[[2.9391053,43.0950498],[2.9388029,43.095226],[2.9383966,43.0953018],[2.9390564,43.0950275],[2.9394566,43.0949829],[2.9391053,43.0950498]],[[2.9404673,43.097236],[2.9404068,43.0972518],[2.9400332,43.0965373],[2.940085,43.0965231],[2.9404673,43.097236]],[[2.9433439,43.1004481],[2.9431148,43.100089],[2.943234,43.1000756],[2.9434417,43.1004325],[2.9433439,43.1004481]],[[2.9452897,43.1026382],[2.9452744,43.1025646],[2.9455554,43.1023304],[2.9453966,43.1026159],[2.9452897,43.1026382]],[[2.9445108,43.1029906],[2.9445474,43.1031288],[2.9442267,43.1033385],[2.9440251,43.1032604],[2.9443794,43.1029683],[2.9445108,43.1029906]],[[2.955111,43.1161245],[2.9546537,43.1159816],[2.9548911,43.1158846],[2.955111,43.1161245]],[[2.9412802,43.1205592],[2.9413178,43.120467],[2.9414725,43.1204943],[2.9413895,43.1206074],[2.9412802,43.1205592]],[[2.9439033,43.1277013],[2.9437921,43.127867],[2.943368,43.1277435],[2.9434039,43.1275651],[2.9439033,43.1277013]],[[2.9428894,43.1277165],[2.9430424,43.1277182],[2.9427341,43.1279964],[2.9426264,43.1279381],[2.9428894,43.1277165]],[[2.9431499,43.1282374],[2.942867,43.1282279],[2.9427581,43.1281276],[2.9432018,43.1278454],[2.9437156,43.1279969],[2.9431499,43.1282374]],[[2.9421702,43.1282455],[2.9421432,43.1284063],[2.9418717,43.1285224],[2.9415753,43.1284376],[2.9415103,43.1282917],[2.941577,43.1281462],[2.9419594,43.1280622],[2.9421702,43.1282455]],[[2.9314934,43.1300742],[2.9312861,43.1300193],[2.9313552,43.1298784],[2.931591,43.1299778],[2.9314934,43.1300742]],[[2.9393044,43.1302054],[2.9387312,43.1301965],[2.9387048,43.1299814],[2.9393044,43.129931],[2.9393044,43.1302054]],[[2.9484311,43.1334988],[2.9484608,43.1336213],[2.9482379,43.1337883],[2.9481235,43.1337623],[2.9478992,43.1334511],[2.9480225,43.1333774],[2.9484311,43.1334988]],[[2.9457532,43.1344578],[2.9458999,43.1344232],[2.9462817,43.1345145],[2.9459473,43.1346467],[2.9457532,43.1344578]],[[2.9468317,43.1348151],[2.946726,43.1347332],[2.9468166,43.1345648],[2.9479446,43.1343476],[2.9480611,43.1343964],[2.9478023,43.1348088],[2.9468317,43.1348151]],[[2.9390317,43.1347835],[2.9391981,43.13507],[2.938689,43.1352278],[2.9387256,43.1353055],[2.9382732,43.1354196],[2.9381467,43.1353249],[2.9380236,43.1350482],[2.9390317,43.1347835]],[[2.9388055,43.1357644],[2.9394316,43.1355908],[2.9394942,43.1357741],[2.9389419,43.1359489],[2.9388055,43.1357644]],[[2.9519874,43.1487602],[2.951927,43.1486663],[2.95211,43.148608],[2.9521666,43.148705],[2.9519874,43.1487602]],[[2.9517549,43.1555954],[2.9519038,43.1555631],[2.9520178,43.1560943],[2.9517536,43.1562929],[2.9516396,43.1562303],[2.9517549,43.1555954]],[[2.932496,43.1818582],[2.9324135,43.1823636],[2.9303053,43.1822815],[2.930493,43.1818825],[2.932496,43.1818582]],[[2.928594,43.181992],[2.9301282,43.1819451],[2.9295181,43.1832735],[2.9284378,43.1820912],[2.928594,43.181992]],[[2.9446799,43.2279921],[2.9449157,43.2278935],[2.9450757,43.2280966],[2.9448399,43.2281952],[2.9446799,43.2279921]],[[2.946391,43.2285909],[2.9462576,43.2284185],[2.9463736,43.2283905],[2.9464973,43.228549],[2.946391,43.2285909]],[[2.9459335,43.2297818],[2.9461035,43.2297501],[2.9462255,43.2298961],[2.9462661,43.2302898],[2.9460178,43.2303268],[2.9459335,43.2297818]],[[2.9468476,43.2319915],[2.9467155,43.2318729],[2.9469261,43.2316063],[2.9470917,43.2318677],[2.9468476,43.2319915]],[[2.9716265,42.9272801],[2.9717145,42.9273649],[2.9713929,42.9278332],[2.9712985,42.9278204],[2.9712251,42.9277435],[2.9715143,42.927302],[2.9716265,42.9272801]],[[2.9706505,42.9286397],[2.9709721,42.9281741],[2.9711648,42.928221],[2.9708868,42.9286863],[2.9706505,42.9286397]],[[2.9710186,42.9300437],[2.9704831,42.9300128],[2.9705524,42.9297847],[2.9712999,42.9298682],[2.9710186,42.9300437]],[[2.9664483,42.9971782],[2.9666268,42.9971896],[2.9664463,42.9976327],[2.9662834,42.9976471],[2.9664483,42.9971782]],[[2.9675129,42.9978984],[2.9676295,42.9976114],[2.9677912,42.9975404],[2.9678572,42.9976085],[2.9677161,42.9979316],[2.9675502,42.9979821],[2.9675129,42.9978984]],[[2.9654897,42.9991723],[2.9657315,42.998785],[2.965857,42.9987872],[2.9656427,42.9992215],[2.9654897,42.9991723]],[[2.9669131,42.9988253],[2.9669744,42.9988454],[2.9664754,42.9996133],[2.966408,42.9995977],[2.9669131,42.9988253]],[[2.9652853,43.0014714],[2.9652236,43.0013566],[2.9661959,43.001387],[2.9661879,43.0015381],[2.9652853,43.0014714]],[[2.9616945,43.0260556],[2.9614156,43.0260654],[2.9612292,43.0259585],[2.9612151,43.0257634],[2.9613861,43.0257119],[2.9616945,43.0260556]],[[2.9622558,43.0271129],[2.9625468,43.0270845],[2.9629491,43.027309],[2.9622746,43.0273139],[2.9622088,43.0272159],[2.9622558,43.0271129]],[[2.9637877,43.0620126],[2.9645029,43.0621269],[2.9649949,43.0630184],[2.9650096,43.0632032],[2.9647908,43.0633044],[2.9647171,43.0635857],[2.9645042,43.0637546],[2.9640098,43.0638913],[2.9639982,43.0637777],[2.964446,43.0635985],[2.9647833,43.0631136],[2.964495,43.0624737],[2.9643535,43.062569],[2.9643426,43.0629347],[2.9640924,43.0631971],[2.9641249,43.0635785],[2.9639894,43.0637516],[2.963813,43.0637656],[2.964033,43.0634872],[2.9638617,43.0634351],[2.963705,43.0632527],[2.9637203,43.0629701],[2.96405,43.0630118],[2.9641914,43.0628607],[2.9642191,43.0625841],[2.9644415,43.0623076],[2.9642904,43.0622149],[2.9636778,43.0621168],[2.963433,43.0621632],[2.9632312,43.0624959],[2.9632774,43.0626259],[2.963612,43.0629252],[2.9635048,43.0631414],[2.9636952,43.0634753],[2.9638095,43.0639069],[2.9635906,43.0637843],[2.9635073,43.0635824],[2.9635635,43.0634609],[2.9634429,43.063233],[2.9634887,43.0629431],[2.9630938,43.0625125],[2.9633579,43.0620762],[2.9637877,43.0620126]],[[2.9655375,43.0666007],[2.9653809,43.0664452],[2.9650769,43.0664145],[2.9649857,43.066534],[2.9649834,43.0667202],[2.9647304,43.0668276],[2.9647644,43.0670975],[2.9646678,43.0671203],[2.964518,43.0662966],[2.96467,43.0662607],[2.9654346,43.0663922],[2.9659187,43.0666604],[2.9658181,43.0670345],[2.9657129,43.0670619],[2.9657386,43.0668962],[2.9656287,43.0668244],[2.9655913,43.0666331],[2.9653785,43.0667202],[2.9655375,43.0666007]],[[2.9607275,43.0658107],[2.9614687,43.0655969],[2.9626359,43.0655243],[2.9633478,43.0656641],[2.9640215,43.0659784],[2.9639479,43.0664381],[2.9636697,43.0667286],[2.9642103,43.0667549],[2.9642305,43.0664912],[2.9644586,43.0666927],[2.9644643,43.0670996],[2.9633418,43.0670589],[2.9630892,43.0669047],[2.9629138,43.0669193],[2.9628151,43.0667878],[2.9626951,43.0668366],[2.9630118,43.0671498],[2.9625667,43.06684],[2.9620276,43.0669026],[2.9619645,43.0669893],[2.9622312,43.0670965],[2.962672,43.0670498],[2.9632296,43.0673732],[2.9630624,43.0673625],[2.9626145,43.0671157],[2.9623726,43.0672108],[2.9614894,43.0672981],[2.9610294,43.0675041],[2.9604273,43.0676057],[2.9591976,43.0675201],[2.9587705,43.0674422],[2.9585328,43.0672647],[2.9584026,43.0673854],[2.9585923,43.0675643],[2.9589689,43.0676646],[2.9586818,43.0677692],[2.9582393,43.0676779],[2.9581418,43.0680609],[2.956904,43.0677463],[2.956524,43.0675362],[2.956617,43.0674495],[2.9565453,43.0673714],[2.9564198,43.067403],[2.9565792,43.0672166],[2.9563135,43.0669771],[2.9540832,43.0670886],[2.9536998,43.0672219],[2.9530615,43.0670259],[2.9532548,43.0667398],[2.9535692,43.0666731],[2.9562543,43.0669219],[2.9568043,43.0671257],[2.9572121,43.066909],[2.9568083,43.0668949],[2.9579648,43.0667047],[2.9581722,43.066127],[2.9580259,43.0666647],[2.9581761,43.0666324],[2.958156,43.0665134],[2.9582237,43.0666187],[2.9583498,43.0666241],[2.9590664,43.0662633],[2.9585216,43.066198],[2.9584495,43.0660676],[2.9586618,43.0661919],[2.9591931,43.0661143],[2.95948,43.065928],[2.9606622,43.0656756],[2.9607275,43.0658107]],[[2.9674941,43.0675357],[2.9672822,43.0676141],[2.9672715,43.0677337],[2.967065,43.0678199],[2.966727,43.0676964],[2.9663124,43.0676901],[2.9659405,43.067465],[2.9659724,43.0670458],[2.9663569,43.0668342],[2.9669657,43.0667696],[2.9674163,43.0664619],[2.9675022,43.0666716],[2.9674324,43.0667324],[2.9674281,43.0669993],[2.9675236,43.0671007],[2.9674941,43.0675357]],[[2.9809293,43.0730839],[2.9812235,43.0731806],[2.9814912,43.0731532],[2.9820319,43.0727516],[2.9824335,43.0726808],[2.9837405,43.073113],[2.9840353,43.0730758],[2.9846271,43.0726716],[2.9851142,43.0721034],[2.9851952,43.0716294],[2.9855592,43.0714048],[2.9856604,43.0712084],[2.9858992,43.0712019],[2.9864533,43.070937],[2.9865096,43.0708172],[2.9860263,43.0708969],[2.9856643,43.0707082],[2.9855904,43.0705537],[2.9850846,43.0701606],[2.9850978,43.0699642],[2.9841262,43.0689553],[2.9835532,43.0682094],[2.9831442,43.0675311],[2.9823971,43.0648253],[2.9823267,43.0648281],[2.9832033,43.0686912],[2.9825803,43.0689805],[2.9822978,43.0692383],[2.9824702,43.0693815],[2.9824417,43.0694946],[2.982248,43.0695947],[2.9822095,43.0699438],[2.9821199,43.070051],[2.9817411,43.0700837],[2.9816841,43.0700033],[2.9813475,43.0701604],[2.9809184,43.0698784],[2.9809432,43.069719],[2.9807188,43.0697266],[2.9806633,43.0696577],[2.9804867,43.0697891],[2.9803441,43.0697356],[2.9803075,43.0696314],[2.9801975,43.0696374],[2.9801364,43.0694737],[2.979809,43.0693811],[2.9796314,43.0689972],[2.9796965,43.0688548],[2.9796191,43.0686228],[2.9796617,43.0683163],[2.9797332,43.0682121],[2.9803385,43.0679514],[2.9805925,43.0677094],[2.9805106,43.0676906],[2.9792663,43.0683369],[2.9802034,43.0676832],[2.9802097,43.0675992],[2.9800079,43.067588],[2.9797914,43.0673306],[2.9793498,43.0672944],[2.9791738,43.067373],[2.9791099,43.0672126],[2.9787889,43.0672919],[2.9790738,43.0670772],[2.9793248,43.0670166],[2.9794032,43.0667536],[2.9791187,43.0658679],[2.9791465,43.0655039],[2.9793783,43.0652861],[2.9794335,43.0650038],[2.9797647,43.0648264],[2.9800955,43.0644839],[2.9810141,43.0641829],[2.9813658,43.0637139],[2.981288,43.063469],[2.9813632,43.0632837],[2.9815946,43.0631984],[2.9819143,43.0633456],[2.9822853,43.064629],[2.9823614,43.0646165],[2.9822272,43.0636387],[2.9823857,43.0630484],[2.9829299,43.0630323],[2.9832351,43.0628145],[2.9832792,43.0626452],[2.9830331,43.061992],[2.9836506,43.0615242],[2.9838344,43.061629],[2.9841654,43.0615493],[2.9842903,43.0614355],[2.9841955,43.0611402],[2.9844604,43.0605353],[2.9843831,43.0603578],[2.9837429,43.0604627],[2.9836214,43.0606401],[2.9831247,43.060866],[2.9829304,43.0607047],[2.9830363,43.0605046],[2.9830076,43.0603207],[2.9827096,43.0598723],[2.9827273,43.0596013],[2.9830628,43.0594012],[2.9831501,43.0591308],[2.9830794,43.0589952],[2.9831854,43.0586892],[2.9842479,43.0579531],[2.9846205,43.0580842],[2.985411,43.0581746],[2.9854887,43.0583037],[2.985298,43.0586547],[2.9853625,43.0587541],[2.9855391,43.0587024],[2.986,43.058],[2.9864912,43.0579307],[2.987059,43.0575544],[2.9875265,43.0570935],[2.9875849,43.056266],[2.9874613,43.0561193],[2.987123,43.055979],[2.9867432,43.0560065],[2.9862174,43.0563984],[2.9857289,43.056429],[2.9850088,43.0563145],[2.984603,43.0560503],[2.9845584,43.0559113],[2.9854685,43.0558051],[2.98591,43.055347],[2.9861132,43.0550179],[2.9868383,43.0545],[2.9871766,43.0543516],[2.9875061,43.0543016],[2.9877058,43.0543597],[2.9889823,43.0538451],[2.9902649,43.0534823],[2.9896175,43.0531033],[2.9895116,43.0528016],[2.989341,43.0526484],[2.9893234,43.0523081],[2.9895,43.052],[2.9897588,43.0518081],[2.9902439,43.0517517],[2.9911325,43.0513339],[2.992288,43.0505017],[2.9926467,43.0503855],[2.9930557,43.0503967],[2.9940879,43.0506748],[2.9947963,43.0505363],[2.9952141,43.0508151],[2.995261,43.050895],[2.9951397,43.0510072],[2.995206,43.0510249],[2.9959524,43.0507416],[2.9964727,43.0508191],[2.9964995,43.0509435],[2.9963708,43.0509768],[2.9964848,43.0510631],[2.9968402,43.0510592],[2.9968429,43.0511307],[2.9970038,43.0511356],[2.9974021,43.0514247],[2.9974611,43.0514982],[2.9973686,43.0516839],[2.9973538,43.0520078],[2.9972707,43.0520715],[2.9978755,43.0522577],[2.9986748,43.053269],[2.9982269,43.0538942],[2.9979694,43.0541804],[2.9978299,43.0542314],[2.9978059,43.0549533],[2.9979851,43.0553597],[2.9999565,43.0566453],[3.0002242,43.0569034],[3.0002799,43.0570631],[3.0001909,43.0579438],[3.0003703,43.0582518],[3.0008582,43.0587181],[3.0012995,43.0589737],[3.002392,43.0590762],[3.0025639,43.0592716],[3.0027351,43.0590516],[3.0034956,43.0585714],[3.0035555,43.0583258],[3.0039054,43.0583212],[3.0039276,43.0579672],[3.0040581,43.0577541],[3.0048886,43.0573861],[3.0053129,43.0570939],[3.0060883,43.0567887],[3.0064674,43.0564161],[3.0063587,43.0563339],[3.0060177,43.0548838],[3.0057147,43.0547823],[3.0056141,43.0539307],[3.0060639,43.0531499],[3.0069226,43.0523676],[3.0075292,43.0521591],[3.0076026,43.0519273],[3.0071124,43.0500333],[3.0070174,43.0493414],[3.0065193,43.0483527],[3.0063294,43.0476714],[3.0063798,43.0472288],[3.0065794,43.0467389],[3.0069504,43.046442],[3.0073611,43.0455538],[3.0079088,43.0452607],[3.0084485,43.045145],[3.0090195,43.0448401],[3.0102599,43.0448619],[3.0113672,43.0440649],[3.012163,43.0432889],[3.0123649,43.0427534],[3.0133355,43.042192],[3.0138038,43.0421523],[3.0141649,43.0419671],[3.0148733,43.0420759],[3.0156706,43.0416668],[3.0160751,43.0416418],[3.0165514,43.0417216],[3.0168491,43.0416708],[3.0170222,43.0414428],[3.0172826,43.0412896],[3.017435,43.0413546],[3.01767,43.0417027],[3.017651,43.0418095],[3.016709,43.0418353],[3.0166561,43.0419601],[3.0167277,43.0420832],[3.0170436,43.0422959],[3.0181152,43.0426329],[3.0185833,43.0430923],[3.01925,43.04325],[3.0195595,43.0432384],[3.02025,43.04275],[3.0209326,43.0423898],[3.02175,43.0411862],[3.0218567,43.0409615],[3.0219288,43.0404073],[3.0216285,43.0393034],[3.0195644,43.0360991],[3.0194003,43.0356665],[3.0194583,43.0354401],[3.0197357,43.0352026],[3.0204218,43.0350123],[3.020407,43.0349322],[3.0196153,43.0350958],[3.0190575,43.0356043],[3.0189135,43.0361024],[3.0187061,43.0361808],[3.016,43.03675],[3.0158117,43.0367115],[3.0155091,43.03647],[3.0150626,43.0366912],[3.0147502,43.0363956],[3.0145626,43.0360673],[3.014518,43.0358108],[3.0145892,43.0356456],[3.0144108,43.0355717],[3.0138128,43.0348848],[3.0136342,43.0348022],[3.0133307,43.0348239],[3.0124825,43.035],[3.0122415,43.0347891],[3.012206,43.0344391],[3.0132411,43.0341978],[3.0135,43.034],[3.0115731,43.0343782],[3.011475,43.0328805],[3.013268,43.0330544],[3.0155805,43.03305],[3.0172322,43.0326956],[3.0188929,43.0319609],[3.0194469,43.0315978],[3.020161,43.0309717],[3.0211162,43.0294261],[3.0212861,43.0287696],[3.0214645,43.0284217],[3.0217678,43.0281717],[3.02375,43.0280848],[3.0277802,43.0270917],[3.0289242,43.0270309],[3.0300385,43.0266333],[3.0303625,43.0264171],[3.0310888,43.0256856],[3.0356148,43.0257202],[3.0358535,43.0255888],[3.0374893,43.0252896],[3.0379683,43.0251133],[3.0383382,43.0249197],[3.0387671,43.0245492],[3.0391704,43.0243539],[3.0392469,43.0242338],[3.039097,43.0241972],[3.0391368,43.0240322],[3.0392969,43.024006],[3.0394036,43.0241565],[3.0395038,43.0241094],[3.0398716,43.024874],[3.0398361,43.0250133],[3.0404733,43.0261582],[3.0404046,43.0263503],[3.0398882,43.0266258],[3.0397512,43.026898],[3.0399301,43.0270746],[3.0405163,43.0269084],[3.0407953,43.0270236],[3.0414295,43.0278174],[3.041507,43.0280846],[3.0409745,43.0285918],[3.0410465,43.0288599],[3.041264,43.0289746],[3.0414372,43.0293904],[3.0421071,43.029421],[3.0422851,43.0295512],[3.042606,43.0300105],[3.044595,43.0337666],[3.0445272,43.0338331],[3.0439746,43.0339057],[3.0427971,43.034386],[3.0425075,43.0347879],[3.0426308,43.0350977],[3.0430429,43.035502],[3.0436329,43.0362814],[3.0440447,43.036981],[3.0435207,43.0374765],[3.0438906,43.0374581],[3.0445003,43.038403],[3.044979,43.0389668],[3.0452058,43.0394734],[3.0456161,43.0398714],[3.0455545,43.0400948],[3.0457851,43.0402576],[3.0456832,43.0403732],[3.0458173,43.0404281],[3.0458371,43.0405831],[3.0461109,43.0409987],[3.0459568,43.0410633],[3.0460265,43.0411103],[3.0460373,43.0412907],[3.0458227,43.0415377],[3.0459548,43.0416056],[3.0459273,43.0418885],[3.0458134,43.0419211],[3.0458844,43.0422292],[3.0454594,43.0429381],[3.0452363,43.0429023],[3.0450669,43.0427419],[3.0452038,43.0420694],[3.0451844,43.0418116],[3.0445565,43.0408784],[3.044587,43.0405853],[3.044924,43.0399935],[3.0449242,43.0393688],[3.0422126,43.0394087],[3.0420284,43.0402522],[3.0431642,43.0415035],[3.0438715,43.0427736],[3.044298,43.0432625],[3.0445338,43.0437031],[3.0445647,43.0441341],[3.0437175,43.0449626],[3.043052,43.0454925],[3.0418008,43.0464026],[3.0410709,43.0467702],[3.0407198,43.047042],[3.0393153,43.0484412],[3.038489,43.0494908],[3.0366413,43.0524493],[3.0357692,43.0534486],[3.0350845,43.0540706],[3.033911,43.0549144],[3.0314324,43.0562777],[3.0301942,43.0569277],[3.0290032,43.0572984],[3.0285402,43.0575645],[3.0278857,43.0581453],[3.0278479,43.058448],[3.0268574,43.0594343],[3.0262857,43.0601459],[3.0258174,43.06088],[3.0250971,43.0623849],[3.02475,43.0626532],[3.0235585,43.063275],[3.023,43.06325],[3.0221801,43.0634392],[3.0219042,43.0636516],[3.0219802,43.0636923],[3.0231808,43.0633583],[3.0235395,43.0633701],[3.0241057,43.0632428],[3.0245296,43.0634377],[3.0245536,43.0636221],[3.0220432,43.069498],[3.0217721,43.0707116],[3.0217472,43.0719376],[3.0219349,43.0731524],[3.0225616,43.0748284],[3.023743,43.0774982],[3.0251345,43.079855],[3.0251735,43.0801294],[3.0259944,43.0815376],[3.0266288,43.082951],[3.0269027,43.0837592],[3.0270822,43.0845656],[3.0271491,43.0853615],[3.0270332,43.0867487],[3.0264227,43.0868065],[3.0264558,43.0870921],[3.0262169,43.0873791],[3.0261175,43.0877661],[3.0259779,43.0879758],[3.0255947,43.0879306],[3.0250979,43.0881322],[3.0247004,43.0879064],[3.0247225,43.0877693],[3.0253959,43.087471],[3.0253959,43.0873743],[3.024855,43.0873098],[3.0247666,43.0871807],[3.0248494,43.0870806],[3.0246894,43.0870114],[3.0247513,43.0865165],[3.0251652,43.0864009],[3.0251539,43.0862789],[3.0245082,43.086335],[3.0244969,43.08624],[3.0246583,43.086128],[3.0241394,43.0859342],[3.0240182,43.0855509],[3.0236468,43.0854633],[3.0234621,43.0852784],[3.0233767,43.0848952],[3.0235,43.08475],[3.0234419,43.0845584],[3.022965,43.0841068],[3.0229001,43.0838323],[3.0225498,43.0836617],[3.0224266,43.0834935],[3.0221612,43.0834747],[3.0220376,43.0832296],[3.0219846,43.082849],[3.0214988,43.0825909],[3.0213763,43.0821742],[3.0211617,43.0820839],[3.0198383,43.0809137],[3.0197765,43.080675],[3.0196678,43.0805903],[3.0197147,43.0802041],[3.0195342,43.0801218],[3.0196585,43.0799401],[3.0196539,43.0797748],[3.0193533,43.0795561],[3.0192374,43.0791592],[3.019095,43.0790202],[3.0186518,43.0788992],[3.018388,43.0786593],[3.01875,43.07825],[3.018733,43.0780686],[3.0183637,43.0780877],[3.0180877,43.0779869],[3.018164,43.0776814],[3.0180088,43.0775403],[3.0182451,43.0770862],[3.0175182,43.0771174],[3.0171853,43.0767174],[3.0168953,43.0765928],[3.0165226,43.0758553],[3.0167132,43.0754707],[3.0168729,43.0754668],[3.0171138,43.075679],[3.0172398,43.0755967],[3.017132,43.0754224],[3.0173305,43.0752784],[3.0173408,43.0750199],[3.0175272,43.0750351],[3.0179637,43.075429],[3.0181369,43.0758362],[3.0181096,43.0760199],[3.0184018,43.0760808],[3.0187664,43.0764683],[3.0188826,43.0764258],[3.0187373,43.0759038],[3.0185514,43.0756662],[3.0183257,43.0750806],[3.0177772,43.0743913],[3.0177591,43.0738694],[3.0172912,43.0732852],[3.0171236,43.0719703],[3.0172409,43.0715352],[3.0172053,43.0711878],[3.0173596,43.0710552],[3.0177046,43.0710398],[3.0180091,43.0708674],[3.018132,43.0704092],[3.0194637,43.0693077],[3.0194867,43.0691041],[3.0193184,43.0688627],[3.0193003,43.0685928],[3.0196459,43.0680663],[3.0199274,43.06725],[3.0198959,43.0669204],[3.0201557,43.0668041],[3.0200866,43.0667321],[3.0192633,43.0666459],[3.0187772,43.0667454],[3.0185182,43.0666373],[3.0183945,43.0666781],[3.0184672,43.0668571],[3.0183945,43.067076],[3.0185398,43.0671556],[3.0190545,43.0669801],[3.0194909,43.0669403],[3.0196592,43.0672566],[3.0196383,43.0675336],[3.0194867,43.0678561],[3.0189455,43.0683475],[3.0189341,43.0685059],[3.0190523,43.0686566],[3.0189363,43.0693391],[3.01875,43.0695],[3.0185133,43.0694866],[3.0182723,43.0693935],[3.0181524,43.0690545],[3.0176758,43.0687561],[3.0174653,43.0685179],[3.0173638,43.0680332],[3.0168177,43.0675153],[3.0167954,43.067257],[3.017023,43.067],[3.0169663,43.0668246],[3.0166772,43.0667748],[3.0163708,43.0668577],[3.0161245,43.0670733],[3.0158064,43.0670389],[3.0149887,43.0666409],[3.0142613,43.0661754],[3.0133294,43.0661588],[3.0132706,43.0664146],[3.0125661,43.0666534],[3.0121376,43.0664624],[3.0122676,43.0661804],[3.0122271,43.0661161],[3.0101711,43.0663032],[3.01,43.06625],[3.0092658,43.0664812],[3.0089194,43.0664321],[3.0080528,43.0658378],[3.0063257,43.0642743],[3.0045167,43.0631346],[3.0043957,43.0629498],[3.0042667,43.06308],[3.0038484,43.0630418],[3.0021411,43.0636598],[3.0016193,43.0641386],[3.0011469,43.0645998],[3.0005938,43.0655075],[3.000349,43.0659808],[3.0002793,43.0664902],[2.9999705,43.0672383],[2.9997639,43.0674794],[2.9992507,43.0677762],[2.9988715,43.0678743],[2.9986337,43.0680444],[2.9982135,43.0680977],[2.9981143,43.0682278],[2.9977135,43.068358],[2.9972234,43.0683754],[2.9969738,43.0684635],[2.9957773,43.0681633],[2.994966,43.0677926],[2.9939723,43.0674822],[2.9938073,43.067543],[2.9933764,43.068114],[2.9933258,43.0682938],[2.9934775,43.0684761],[2.993727,43.068598],[2.9941368,43.0686857],[2.9948038,43.0685813],[2.9952603,43.0686154],[2.9955472,43.0687541],[2.9963401,43.0695644],[2.9969323,43.0697486],[2.998401,43.0699009],[2.9995189,43.0696947],[3.002,43.07],[3.0025544,43.0699659],[3.0048033,43.0688921],[3.0061496,43.0685103],[3.0068316,43.0680664],[3.0075078,43.0678693],[3.0085989,43.0672836],[3.0104033,43.0671958],[3.0113304,43.0675003],[3.0117033,43.0677045],[3.0123289,43.0682784],[3.0134511,43.0698068],[3.0147255,43.0721534],[3.01607,43.0754546],[3.0160894,43.0757336],[3.0159961,43.0759153],[3.0157239,43.0760119],[3.0167267,43.0778806],[3.01836,43.0806419],[3.0205266,43.0837381],[3.0235,43.0885],[3.0245,43.09025],[3.0259323,43.0932292],[3.0259504,43.093439],[3.0258558,43.0935783],[3.0262312,43.094841],[3.0262496,43.0954053],[3.0263774,43.0957604],[3.026342,43.0960089],[3.0267014,43.0974008],[3.0268487,43.1006323],[3.0270893,43.1022983],[3.0266254,43.1023109],[3.026507,43.1023896],[3.0266406,43.1045016],[3.0265289,43.1046852],[3.0264154,43.1060449],[3.0263045,43.1062639],[3.0255614,43.1069202],[3.0251817,43.1071346],[3.0248062,43.1072949],[3.0243036,43.1073804],[3.0241129,43.107535],[3.0237783,43.1075599],[3.0231134,43.1079958],[3.0229386,43.10825],[3.0227159,43.1083804],[3.0219617,43.108485],[3.0213319,43.1088156],[3.0200478,43.1091354],[3.0193813,43.1094402],[3.0177432,43.1096553],[3.0169234,43.1100621],[3.0165373,43.1101296],[3.0160222,43.1099425],[3.0154795,43.1099202],[3.0132594,43.1100299],[3.0127637,43.1102051],[3.0103986,43.1104801],[3.0098705,43.1106453],[3.0093157,43.1108903],[3.009058,43.1111886],[3.0088259,43.1112484],[3.0086825,43.111702],[3.008209,43.1122791],[3.0078524,43.1125548],[3.007541,43.1130207],[3.0069181,43.1142251],[3.0064863,43.1147899],[3.0062747,43.1153696],[3.0061203,43.1154801],[3.0057159,43.1160855],[3.0057057,43.1166063],[3.0055555,43.1168755],[3.0056707,43.1175598],[3.0059428,43.1180706],[3.0062192,43.1191524],[3.0089124,43.1183133],[3.0062282,43.1191877],[3.0063253,43.1198926],[3.0062601,43.1201405],[3.005,43.1208148],[3.0047594,43.1212265],[3.004743,43.1214555],[3.0048934,43.121755],[3.0052414,43.1221282],[3.0064112,43.1227101],[3.0067952,43.1230855],[3.0076843,43.1234992],[3.0081822,43.1238884],[3.0080933,43.1239467],[3.008913,43.1246459],[3.00925,43.1250448],[3.0095725,43.125047],[3.0096918,43.1251387],[3.0096556,43.1252144],[3.0097744,43.1254479],[3.0127806,43.1253518],[3.0098122,43.1255097],[3.0101077,43.1256202],[3.0102976,43.1255348],[3.010822,43.1255805],[3.0110075,43.1255231],[3.0110152,43.125618],[3.0115189,43.1254937],[3.0118895,43.1258819],[3.0118566,43.1260764],[3.0115826,43.1261959],[3.0119467,43.1266689],[3.0113648,43.1269647],[3.0111775,43.1268148],[3.010945,43.1267766],[3.0106537,43.1268985],[3.0111864,43.1275576],[3.0137741,43.1270435],[3.0137961,43.1270894],[3.0112741,43.1276117],[3.0117188,43.1280745],[3.011909,43.1285299],[3.0118963,43.1287273],[3.0127618,43.1288278],[3.0129,43.1286147],[3.0134182,43.1285276],[3.0136286,43.1292289],[3.0131669,43.1292404],[3.0132517,43.1293595],[3.0130256,43.1294581],[3.0126551,43.1293779],[3.0124913,43.1294281],[3.012512,43.1295521],[3.0126156,43.1295475],[3.012776,43.1297967],[3.0127736,43.1299555],[3.0132899,43.1298491],[3.0156369,43.1298266],[3.0156614,43.1298715],[3.0134254,43.129935],[3.0130641,43.1299507],[3.0127531,43.1300527],[3.0126647,43.1302033],[3.0130429,43.1306364],[3.0134922,43.1307573],[3.0142197,43.1326412],[3.0147746,43.133385],[3.0148474,43.133904],[3.0181637,43.1333488],[3.0148653,43.1339762],[3.0150246,43.1340353],[3.0152356,43.1345862],[3.015411,43.1346819],[3.0153872,43.1353386],[3.0149962,43.1354199],[3.0154672,43.1362486],[3.0154465,43.1363509],[3.0159573,43.1366713],[3.0160089,43.1368089],[3.0158777,43.13688],[3.0159464,43.1374638],[3.0156982,43.1377432],[3.0158867,43.1376654],[3.0164425,43.1376654],[3.016408,43.1378877],[3.0157759,43.137969],[3.0156821,43.1380498],[3.0160092,43.1381879],[3.0158673,43.138577],[3.0159805,43.138702],[3.0162632,43.1386242],[3.0163148,43.1387528],[3.0162183,43.1388569],[3.016707,43.138753],[3.0167286,43.1388714],[3.0163186,43.139234],[3.0158794,43.1393023],[3.0155585,43.1397905],[3.0159791,43.1399719],[3.0153401,43.1400556],[3.0157006,43.140215],[3.0155315,43.1406754],[3.0151408,43.1409493],[3.014679,43.1416703],[3.0140518,43.1420592],[3.0130078,43.1422377],[3.0119527,43.1423013],[3.0105856,43.1422183],[3.0095362,43.1416001],[3.0088242,43.1410404],[3.0084341,43.1409444],[3.0081976,43.1409898],[3.0081697,43.1410637],[3.0082036,43.1411621],[3.0084683,43.1412544],[3.0086879,43.1419834],[3.0082273,43.1420561],[3.0079673,43.1414846],[3.008196,43.1420612],[3.0077922,43.1421685],[3.0075227,43.1415875],[3.0077518,43.1421798],[3.0074824,43.1422386],[3.0071978,43.1414007],[3.0078366,43.1412214],[3.0078782,43.1411222],[3.0069508,43.1412806],[3.0061289,43.1411153],[3.0061021,43.1412138],[3.0070565,43.1414946],[3.0072559,43.1420329],[3.0072781,43.1422429],[3.0069881,43.1423066],[3.0070499,43.1424321],[3.0063625,43.1426104],[3.006273,43.1425562],[3.0064291,43.1430132],[3.0061341,43.1429715],[3.0060751,43.1428271],[3.0063073,43.1428048],[3.0060656,43.1427896],[3.0060161,43.1426451],[3.006214,43.1426132],[3.0060104,43.1426215],[3.0059342,43.1424271],[3.0060675,43.1424021],[3.0057951,43.1414409],[3.0058877,43.1413257],[3.0058414,43.1411828],[3.0057534,43.1411798],[3.0054494,43.1414529],[3.0053051,43.1418272],[3.0051085,43.1418568],[3.0050244,43.1417951],[3.0049755,43.1420106],[3.0051552,43.14261],[3.0050358,43.1425507],[3.0047541,43.1425896],[3.0046912,43.1423673],[3.0049406,43.1423285],[3.0048511,43.141834],[3.0044718,43.1419947],[3.0045394,43.1422746],[3.0043188,43.1423224],[3.004416,43.1425032],[3.0043242,43.1427368],[3.0041441,43.1427389],[3.0041064,43.1425798],[3.0041118,43.1427349],[3.0037484,43.1427919],[3.0022672,43.1428444],[3.0021498,43.1427727],[3.0019255,43.1427881],[3.0018966,43.1426973],[3.0012564,43.1428631],[3.0009845,43.1428208],[3.0004813,43.1425482],[2.9994501,43.1425257],[2.9987967,43.142673],[2.9983578,43.1432555],[2.9977321,43.1436914],[2.9970631,43.143817],[2.996607,43.143735],[2.9963345,43.143854],[2.9961601,43.1441866],[2.9962023,43.1445373],[2.9971346,43.1464484],[2.9973465,43.1474335],[2.9971923,43.1476499],[2.9973703,43.1478515],[2.9974878,43.1481411],[2.9974034,43.1482123],[2.9975621,43.1483944],[2.9976612,43.1486988],[2.9976275,43.1491438],[2.9975024,43.1492659],[2.9971253,43.1493767],[2.9971922,43.1494494],[2.9974345,43.1494601],[2.9976557,43.1498284],[2.997696,43.1501798],[2.9976061,43.1506421],[2.9973684,43.1507261],[2.9971307,43.1510312],[2.9968856,43.1511803],[2.9966378,43.1515519],[2.9963909,43.1516245],[2.996089,43.1515828],[2.9959862,43.1514646],[2.9955567,43.1513604],[2.9951176,43.1513333],[2.9945552,43.151752],[2.9943344,43.1517937],[2.9939841,43.1515826],[2.9939689,43.1513326],[2.9937976,43.1512243],[2.9932456,43.1510132],[2.9926288,43.1511076],[2.992507,43.1510327],[2.9925451,43.1507744],[2.9923243,43.1506605],[2.9923091,43.1503994],[2.9915705,43.1500689],[2.9916271,43.1499343],[2.9907634,43.1498495],[2.9906035,43.1497967],[2.9905426,43.1496051],[2.9898269,43.149419],[2.9897584,43.1492412],[2.9898726,43.1491523],[2.9893625,43.1490385],[2.989016,43.1488663],[2.9889208,43.1486635],[2.9876379,43.147733],[2.9877369,43.1474331],[2.9876607,43.1472386],[2.9879621,43.1469899],[2.9877348,43.1466055],[2.9881045,43.1461555],[2.9878581,43.1456369],[2.9881168,43.1453556],[2.9885275,43.1451194],[2.9886434,43.144925],[2.9886009,43.1447973],[2.9889915,43.1445759],[2.9890639,43.1442317],[2.9889791,43.1438955],[2.9891671,43.1435166],[2.9888263,43.1432381],[2.9888236,43.1431552],[2.9885577,43.1430493],[2.9883849,43.1428578],[2.9880127,43.142754],[2.9875267,43.1424205],[2.9862983,43.1413583],[2.985488,43.1403863],[2.9850707,43.1394506],[2.9849236,43.1388444],[2.9850694,43.1387102],[2.9850333,43.1385535],[2.9853195,43.138472],[2.9852546,43.1380745],[2.9855593,43.1378553],[2.9855821,43.1376858],[2.9858599,43.1373061],[2.9857649,43.1370469],[2.9858631,43.1369026],[2.9858062,43.1357093],[2.9860342,43.1355552],[2.9860339,43.1352348],[2.9862078,43.1350556],[2.9861566,43.1347659],[2.9863935,43.1338556],[2.98675,43.13375],[2.9868134,43.1335334],[2.9869999,43.1334141],[2.9867663,43.1332765],[2.986663,43.132805],[2.9868803,43.1326317],[2.9866614,43.1325335],[2.9864946,43.1319009],[2.9869292,43.13162],[2.9869533,43.1315003],[2.9866567,43.1314766],[2.9864241,43.1312598],[2.9864311,43.1309226],[2.9866805,43.1308525],[2.9867017,43.1306076],[2.986555,43.1305238],[2.986523,43.1302449],[2.986724,43.1299044],[2.9871176,43.1296122],[2.9869022,43.129459],[2.9869991,43.1293332],[2.9873516,43.12936],[2.9876506,43.1292036],[2.9880121,43.1289725],[2.9880723,43.1286911],[2.9879664,43.12812],[2.9877066,43.1274708],[2.9876938,43.127124],[2.987511,43.1266753],[2.9876153,43.1263392],[2.9875911,43.1261161],[2.9876872,43.1259759],[2.9876549,43.1256778],[2.9881492,43.1251345],[2.9884538,43.1249194],[2.9891874,43.1246452],[2.9895982,43.1245853],[2.9900138,43.1246137],[2.9901969,43.1247335],[2.9913481,43.1249246],[2.992112,43.1248387],[2.9929325,43.1249001],[2.9944145,43.1253379],[2.9945281,43.1252864],[2.9947196,43.1253032],[2.9948438,43.1254023],[2.9949657,43.1253661],[2.9949785,43.1247954],[2.9953095,43.1246127],[2.9952179,43.1241749],[2.995039,43.1238128],[2.9952465,43.1234325],[2.9950839,43.1231068],[2.9946687,43.1229955],[2.99408,43.1226407],[2.9937218,43.1225908],[2.9924993,43.1219267],[2.9910634,43.1206636],[2.9904334,43.1199027],[2.9903138,43.1196388],[2.9903885,43.1192912],[2.9902466,43.1187993],[2.9909051,43.1183504],[2.9906528,43.1182221],[2.9889239,43.1165948],[2.9887437,43.1163253],[2.9887758,43.1161445],[2.9886154,43.1160938],[2.9881839,43.1156629],[2.986508,43.1136731],[2.9862976,43.1131987],[2.9862809,43.1129723],[2.9866981,43.112598],[2.98675,43.1123756],[2.9864623,43.1119211],[2.9860664,43.111786],[2.9854457,43.1113205],[2.9849262,43.1110769],[2.9848424,43.1109503],[2.9844746,43.1109611],[2.9833667,43.1096517],[2.9830779,43.1095757],[2.9821611,43.1087862],[2.9819062,43.1086917],[2.9815936,43.1083503],[2.9811944,43.1082647],[2.9807503,43.1077275],[2.9802856,43.1075765],[2.9799652,43.107704],[2.9795489,43.1077061],[2.9791245,43.1074456],[2.9779575,43.1062048],[2.9775849,43.1057725],[2.9775751,43.105655],[2.9772174,43.1053601],[2.9768203,43.1044758],[2.976838,43.1043407],[2.9769951,43.1042615],[2.9770148,43.1041345],[2.9768372,43.1040911],[2.9764791,43.1042265],[2.9760343,43.104217],[2.9755108,43.1044075],[2.9747314,43.1045579],[2.9744829,43.104823],[2.9748939,43.1049956],[2.9748332,43.1050653],[2.9720523,43.10507],[2.9666207,43.1067342],[2.9664661,43.106034],[2.9665536,43.1056411],[2.9667536,43.1054659],[2.9667669,43.1053393],[2.9665802,43.1053004],[2.9663994,43.1047096],[2.965623,43.1042689],[2.9654468,43.1040444],[2.9654468,43.103801],[2.9649934,43.1036842],[2.9642599,43.1033044],[2.9642599,43.1031974],[2.9644866,43.1030026],[2.9641533,43.1027203],[2.9641693,43.1025458],[2.9646701,43.1024055],[2.9646899,43.1022467],[2.9638449,43.1021345],[2.9635462,43.101904],[2.9633379,43.1014539],[2.963295,43.1010923],[2.9631543,43.1010632],[2.9630537,43.1008534],[2.9631544,43.1005555],[2.9633392,43.1005429],[2.9634413,43.10046],[2.9634091,43.1003718],[2.963751,43.1002065],[2.9628915,43.1003411],[2.9628418,43.1001133],[2.9627166,43.1000024],[2.9625253,43.1000154],[2.9625227,43.0998783],[2.962359,43.0997794],[2.9627827,43.0996298],[2.9629439,43.0992679],[2.9637714,43.098777],[2.9649059,43.0987401],[2.9663788,43.099114],[2.9674464,43.1001932],[2.9682221,43.1006033],[2.9687115,43.1014321],[2.9698836,43.102422],[2.9704627,43.1028473],[2.9732296,43.1041989],[2.973385,43.1039023],[2.9736285,43.1038085],[2.9734852,43.1037663],[2.9730859,43.1039754],[2.9720936,43.1034889],[2.9720221,43.1034058],[2.9720291,43.1031922],[2.9734616,43.1024821],[2.9738153,43.102085],[2.9747455,43.101601],[2.9749233,43.1016296],[2.975464,43.1014228],[2.9761841,43.1012921],[2.9763729,43.1013473],[2.9776026,43.1012606],[2.978183,43.1011429],[2.9782426,43.1012224],[2.9781761,43.1014367],[2.9778134,43.1015778],[2.9783935,43.1016605],[2.9785987,43.1014973],[2.9788291,43.1015352],[2.9792211,43.1020047],[2.9796377,43.102007],[2.9804449,43.101799],[2.9813779,43.1008356],[2.9816795,43.1007254],[2.9818864,43.100428],[2.9822891,43.1000831],[2.9824097,43.0998486],[2.98275,43.09975],[2.9831297,43.0994356],[2.9835341,43.0988886],[2.9847646,43.0981946],[2.9849378,43.0978574],[2.9849286,43.0976645],[2.9851536,43.0973962],[2.985378,43.0969344],[2.9858303,43.0964157],[2.9860029,43.0959464],[2.9866024,43.0956254],[2.986744,43.0953075],[2.98713,43.0949742],[2.9873344,43.0948892],[2.98808,43.0948635],[2.988219,43.0946472],[2.9884301,43.0946331],[2.9887585,43.0941204],[2.98937,43.0939708],[2.9893647,43.0938206],[2.9891376,43.0937676],[2.9887684,43.0935217],[2.9886526,43.093245],[2.9887026,43.0929827],[2.988875,43.0928077],[2.9897477,43.0924937],[2.9894443,43.0924302],[2.9893574,43.0925586],[2.98876,43.0926442],[2.9888376,43.0927177],[2.9884662,43.0929093],[2.9881906,43.0926442],[2.9881092,43.0923026],[2.9883656,43.0920957],[2.9881285,43.0921163],[2.9880636,43.0920512],[2.9880925,43.0916121],[2.9879117,43.0913836],[2.987963,43.0912545],[2.9878245,43.0908331],[2.9879355,43.090509],[2.9878012,43.0903411],[2.9879184,43.0900104],[2.9887181,43.0898815],[2.9888689,43.0900747],[2.9888654,43.0901509],[2.9887352,43.0902025],[2.9888753,43.0903897],[2.9887864,43.0905303],[2.9881061,43.09102],[2.9880549,43.091207],[2.9881574,43.0912756],[2.9885348,43.0910263],[2.9889943,43.0908509],[2.9892914,43.0909063],[2.9893568,43.0910938],[2.9894758,43.0910929],[2.9891594,43.0913703],[2.989244,43.0915296],[2.9897712,43.0911246],[2.9899581,43.0911322],[2.990176,43.0912618],[2.9901682,43.091332],[2.9907437,43.0919476],[2.9907991,43.0921224],[2.9906496,43.0922609],[2.9900654,43.0923489],[2.9899922,43.0924387],[2.9906975,43.0923764],[2.9908723,43.0921462],[2.991307,43.0920992],[2.9913447,43.0919761],[2.9912243,43.0918741],[2.9908084,43.091764],[2.9901889,43.0911825],[2.9895951,43.0908195],[2.98917,43.0903549],[2.9889476,43.0898851],[2.9882719,43.08963],[2.9874358,43.0886661],[2.9865971,43.0879241],[2.9853369,43.0876852],[2.9845482,43.0877],[2.9837978,43.087935],[2.9835009,43.0878702],[2.982656,43.0879335],[2.9819345,43.0877537],[2.9811224,43.0873532],[2.979049,43.085765],[2.9787068,43.0853387],[2.9786155,43.0853309],[2.9783411,43.0850513],[2.9778899,43.0844126],[2.9775382,43.0842487],[2.9769199,43.0841146],[2.9767763,43.0839536],[2.9762356,43.0838992],[2.9757585,43.0835692],[2.9749307,43.0835719],[2.9742553,43.0833615],[2.9732324,43.0828735],[2.9730037,43.082695],[2.972484,43.0825587],[2.972351,43.0825251],[2.9720767,43.0827272],[2.9713695,43.0827086],[2.9707447,43.0825792],[2.9704946,43.0826565],[2.9704818,43.0827219],[2.9703872,43.0826771],[2.9696354,43.0833954],[2.9694461,43.0839151],[2.9688219,43.0844734],[2.9687987,43.0847351],[2.968586,43.0850213],[2.967287,43.0857171],[2.9666105,43.085494],[2.9665516,43.0853622],[2.9666466,43.085208],[2.9662227,43.0854791],[2.9656794,43.0851471],[2.9652518,43.0847038],[2.9650553,43.0842568],[2.9649691,43.0836017],[2.9646806,43.0831304],[2.9647418,43.0829317],[2.9644961,43.0828743],[2.9630562,43.0809321],[2.9622175,43.0805127],[2.9618931,43.0800233],[2.9615214,43.079686],[2.9609277,43.0785664],[2.9608839,43.0783491],[2.9602425,43.078211],[2.9597461,43.0779873],[2.9588226,43.0772926],[2.9579637,43.0769238],[2.9578401,43.0770097],[2.9570759,43.0770605],[2.9560866,43.0763669],[2.955387,43.0757877],[2.9551505,43.0754429],[2.9550088,43.0754139],[2.9545897,43.0746906],[2.9543502,43.0738855],[2.9544407,43.0731261],[2.9547585,43.0725632],[2.9551991,43.0722576],[2.9565267,43.0721526],[2.9568834,43.0720195],[2.9576982,43.0719165],[2.9587135,43.0719416],[2.9592635,43.0720584],[2.9607701,43.071776],[2.9619253,43.0709933],[2.9627965,43.0705758],[2.9629853,43.0703496],[2.9632676,43.070222],[2.9640734,43.0704416],[2.9647094,43.07029],[2.9648287,43.0698491],[2.9648109,43.0696969],[2.9647201,43.0696774],[2.9646435,43.0695188],[2.9646453,43.069325],[2.9651829,43.069247],[2.965263,43.0692613],[2.9651188,43.0693991],[2.9651687,43.0694225],[2.9655283,43.0692743],[2.9657651,43.0693237],[2.9658238,43.0694849],[2.9652577,43.0696241],[2.9652345,43.0697346],[2.9660552,43.0695292],[2.9665234,43.069866],[2.9663828,43.069957],[2.9663169,43.0701261],[2.9660624,43.0702379],[2.9659217,43.0702119],[2.9658796,43.0702831],[2.9662208,43.0703277],[2.9664187,43.0702408],[2.9668101,43.0702405],[2.9670043,43.0703623],[2.9678301,43.0704148],[2.9690198,43.0701827],[2.9692421,43.0702905],[2.969987,43.0701084],[2.9708488,43.0700753],[2.9712788,43.0702104],[2.9713947,43.0704604],[2.971797,43.0706795],[2.9715251,43.0708891],[2.9717517,43.0708339],[2.9719992,43.0709244],[2.9723827,43.0706331],[2.9726113,43.0707812],[2.9731248,43.070681],[2.9735511,43.0706989],[2.9741159,43.0712188],[2.9745,43.07175],[2.9745686,43.0720156],[2.974808,43.0722182],[2.9751006,43.0722883],[2.9755,43.0727799],[2.9757454,43.0732247],[2.9758481,43.0739085],[2.9760466,43.074071],[2.9764513,43.0739136],[2.9765088,43.0735805],[2.9766412,43.0737069],[2.9768335,43.0735716],[2.976805,43.0733324],[2.9764968,43.0733591],[2.9768991,43.072534],[2.9766199,43.0723102],[2.9764525,43.0718499],[2.9767018,43.0721412],[2.9773817,43.0725227],[2.977744,43.0725623],[2.9781327,43.0723753],[2.9785,43.0724059],[2.9795493,43.0721702],[2.9802826,43.0725661],[2.9809293,43.0730839]],[[2.9638633,43.0847804],[2.9639241,43.0846936],[2.9640111,43.0847261],[2.9639503,43.0848129],[2.9638633,43.0847804]],[[2.9597687,43.0890219],[2.9593921,43.0884819],[2.9595569,43.0882726],[2.9600176,43.0880639],[2.9602215,43.0880818],[2.9605183,43.0879808],[2.9608561,43.0875925],[2.9614916,43.0873531],[2.9620979,43.0866203],[2.9624326,43.0859726],[2.962493,43.0855956],[2.9628713,43.0852116],[2.9633089,43.0848895],[2.9638986,43.0849484],[2.9659524,43.085534],[2.9659679,43.085597],[2.9660752,43.0855496],[2.9668558,43.0858013],[2.9670416,43.0859371],[2.967654,43.0872604],[2.9679521,43.0876077],[2.968221,43.088387],[2.9682217,43.0886551],[2.9677811,43.0888669],[2.9668933,43.0888219],[2.9667565,43.0889276],[2.9666251,43.0887866],[2.9663272,43.088752],[2.9650801,43.0900206],[2.9654235,43.0902048],[2.9657802,43.0901127],[2.9658097,43.0900265],[2.9660967,43.0900089],[2.966094,43.0900931],[2.9658499,43.0901049],[2.9657212,43.0902577],[2.9657569,43.0904313],[2.9660197,43.0904997],[2.9663179,43.0902961],[2.9664893,43.0903652],[2.9678804,43.0903389],[2.9682856,43.0902339],[2.9685741,43.0900378],[2.9687682,43.0901323],[2.9690879,43.0908178],[2.9672031,43.0912889],[2.9653175,43.0915837],[2.9644488,43.091861],[2.9635352,43.0919853],[2.9633006,43.0919182],[2.9631919,43.0919892],[2.9626444,43.0920057],[2.9622554,43.0917476],[2.9644745,43.0907299],[2.9651794,43.0901749],[2.9644713,43.0906474],[2.9621315,43.0915702],[2.9619259,43.0913291],[2.961655,43.0912076],[2.9617282,43.0911334],[2.9615593,43.0911677],[2.9610112,43.0907042],[2.9612687,43.0906181],[2.9613385,43.0906925],[2.9636452,43.089715],[2.9635035,43.0896714],[2.963106,43.0892332],[2.9611292,43.0900226],[2.9610971,43.0899678],[2.9609543,43.0900243],[2.9605875,43.0895161],[2.9608262,43.0894918],[2.9627482,43.0887363],[2.9630781,43.0890804],[2.9630336,43.0891137],[2.9631074,43.0891108],[2.962752,43.0887122],[2.9603347,43.0895548],[2.9597687,43.0890219]],[[2.9603139,43.0896946],[2.9604882,43.0896132],[2.9606055,43.0896456],[2.9608176,43.0899491],[2.9605502,43.0900308],[2.9603139,43.0896946]],[[2.961163,43.090496],[2.9609027,43.0901911],[2.9630427,43.089296],[2.9631221,43.0892939],[2.9633823,43.0895995],[2.9627646,43.0899168],[2.9625669,43.0899125],[2.961163,43.090496]],[[2.9760834,43.0933961],[2.9757826,43.0934381],[2.9726438,43.0933004],[2.9720583,43.0928746],[2.9719091,43.0928907],[2.9708083,43.092517],[2.9702639,43.0919118],[2.9700422,43.0907552],[2.9696985,43.0906741],[2.9693046,43.090716],[2.9692019,43.0906407],[2.9687791,43.0899809],[2.9687584,43.0896115],[2.9692658,43.089268],[2.9708894,43.0888535],[2.971619,43.0885664],[2.9732415,43.0870435],[2.9736981,43.0867945],[2.9748361,43.0868802],[2.9751286,43.0869998],[2.977029,43.0870513],[2.9777853,43.0872623],[2.9782344,43.0875081],[2.978778,43.0883972],[2.9788754,43.0887433],[2.9784785,43.0890236],[2.9782628,43.0890026],[2.9780947,43.0891723],[2.9781439,43.0893791],[2.9780564,43.0894195],[2.9781761,43.0895241],[2.9783101,43.090023],[2.9782617,43.0902677],[2.9780798,43.0903056],[2.9781221,43.0904926],[2.9783277,43.0907229],[2.9783388,43.0908921],[2.977965,43.0914805],[2.9779431,43.0924854],[2.9774487,43.0931686],[2.9772909,43.0932661],[2.9769163,43.093419],[2.9763057,43.0934932],[2.9760834,43.0933961]],[[2.9610407,43.0905573],[2.9609151,43.0906099],[2.9606277,43.0903948],[2.960735,43.0902087],[2.9610407,43.0905573]],[[2.9770739,43.1067859],[2.9770261,43.1065715],[2.9771217,43.1064021],[2.9776816,43.1064719],[2.9780298,43.106766],[2.9783438,43.1072146],[2.9783575,43.1073541],[2.9780639,43.107414],[2.9776884,43.1073442],[2.9773538,43.1071398],[2.9770739,43.1067859]],[[2.9755215,43.1054809],[2.9755429,43.1057068],[2.9753295,43.1058625],[2.9753935,43.1061585],[2.9751588,43.1067426],[2.9754148,43.1070542],[2.9757136,43.1072255],[2.9758522,43.1077084],[2.9720117,43.1089857],[2.9715423,43.1089312],[2.9705395,43.1056522],[2.9720651,43.1051693],[2.9754042,43.1053485],[2.9755215,43.1054809]],[[2.965499,43.1066773],[2.9662516,43.1071133],[2.9665343,43.1070919],[2.9674492,43.1065735],[2.9704465,43.1056613],[2.9713716,43.1089624],[2.9713396,43.1091726],[2.9700588,43.1094129],[2.9679639,43.1095078],[2.9677381,43.1090441],[2.9677039,43.1086889],[2.967593,43.1086079],[2.9674564,43.108664],[2.9675378,43.1092989],[2.9672306,43.1093986],[2.9667456,43.1094603],[2.9663641,43.1090179],[2.9662447,43.10929],[2.9659498,43.1092261],[2.9658223,43.1092744],[2.9658583,43.1094088],[2.965672,43.1095417],[2.9650183,43.1093658],[2.9611404,43.106841],[2.9606209,43.1062133],[2.9605628,43.105944],[2.9619693,43.104985],[2.9645889,43.1065389],[2.965499,43.1066773]],[[2.9766916,43.1073143],[2.9766574,43.10706],[2.9770398,43.1071697],[2.9775109,43.1075585],[2.9770534,43.1075585],[2.9766916,43.1073143]],[[2.9806857,43.1077529],[2.98087,43.1080021],[2.9806447,43.1081168],[2.9807676,43.1084258],[2.9805969,43.1086651],[2.9800166,43.1087947],[2.9796069,43.1087598],[2.9795182,43.1086601],[2.9795523,43.1085554],[2.9799074,43.1084906],[2.9799347,43.108381],[2.9797845,43.1082215],[2.9797571,43.108052],[2.9798459,43.1078925],[2.9803989,43.1076881],[2.9806857,43.1077529]],[[2.9813194,43.1102845],[2.9813706,43.1104901],[2.9803208,43.1106396],[2.9797832,43.1105898],[2.9785883,43.1106832],[2.9782896,43.1105773],[2.9770436,43.1096739],[2.9765401,43.109219],[2.9763182,43.1086583],[2.9762328,43.1081162],[2.9762584,43.1077361],[2.9772484,43.107842],[2.9778629,43.107786],[2.9810804,43.1101162],[2.9811146,43.1102408],[2.9813194,43.1102845]],[[2.9768857,43.1109876],[2.9769391,43.1111745],[2.9768751,43.1113147],[2.9763203,43.1117196],[2.9760536,43.1117975],[2.9757976,43.111743],[2.9748161,43.1114003],[2.9735253,43.1107929],[2.9717224,43.1092586],[2.9718077,43.1091573],[2.9758987,43.1078268],[2.9760856,43.1097103],[2.9763203,43.1103645],[2.9768857,43.1109876]],[[2.9711562,43.1341317],[2.9711302,43.134179],[2.9704818,43.1337027],[2.9705726,43.1336333],[2.9711562,43.1341317]],[[2.970391,43.1347847],[2.970149,43.1345323],[2.9705034,43.1347153],[2.970391,43.1347847]],[[2.9762756,43.14048],[2.9763653,43.1406572],[2.9762104,43.1405046],[2.9762756,43.14048]],[[2.9792314,43.1415664],[2.9792677,43.1414671],[2.9793811,43.1414671],[2.9798391,43.1419006],[2.9795806,43.1420264],[2.9792314,43.1415664]],[[2.973287,43.147131],[2.9731925,43.1471579],[2.9733038,43.146958],[2.973287,43.147131]],[[2.9787406,43.1513062],[2.978168,43.151317],[2.9782216,43.1512299],[2.9786763,43.1512221],[2.9787406,43.1513062]],[[2.9790228,43.1561449],[2.9790231,43.1559617],[2.9792079,43.1557639],[2.9797788,43.1557632],[2.9799763,43.1561091],[2.9797523,43.1565208],[2.979491,43.1566844],[2.9791684,43.1565483],[2.9791503,43.1562642],[2.9790228,43.1561449]],[[2.9756204,43.1596624],[2.9755754,43.1595421],[2.9749211,43.1593344],[2.9747113,43.1596988],[2.9745315,43.1597535],[2.9728132,43.1591595],[2.9723986,43.1589482],[2.9723936,43.1586458],[2.9727133,43.1583889],[2.9736024,43.1583251],[2.9737073,43.1588462],[2.9743866,43.1590284],[2.976055,43.159083],[2.9769241,43.1592871],[2.9764945,43.1599757],[2.9756204,43.1596624]],[[2.9771119,43.1731832],[2.9772449,43.1730308],[2.9776479,43.173115],[2.9778156,43.1736409],[2.9775744,43.1737146],[2.977397,43.1736453],[2.9771182,43.1733311],[2.9771119,43.1731832]],[[2.9748202,43.2152579],[2.9749854,43.2153521],[2.9749136,43.2156767],[2.9752297,43.2161689],[2.9752872,43.2164097],[2.9752584,43.2166401],[2.9749423,43.2173207],[2.9747627,43.2176139],[2.9746262,43.2176244],[2.9742239,43.2175144],[2.9741161,43.2175563],[2.9735917,43.2172631],[2.9728948,43.2163835],[2.9722698,43.2159542],[2.9712425,43.2147552],[2.9713215,43.2143992],[2.9715442,43.214284],[2.9726578,43.2140536],[2.9728517,43.2138809],[2.9732972,43.213907],[2.9741808,43.2146296],[2.9746693,43.2148861],[2.9746765,43.2150432],[2.9748202,43.2152579]],[[2.9774016,43.2157386],[2.9779178,43.2157226],[2.9780007,43.2158752],[2.9767491,43.2164921],[2.976558,43.2164623],[2.9766543,43.2161008],[2.9768628,43.2157767],[2.977107,43.2157571],[2.9771735,43.2159078],[2.9772884,43.2159022],[2.9774016,43.2157386]],[[2.9765443,43.2165975],[2.9763724,43.2167119],[2.976394,43.2167716],[2.9767238,43.2168355],[2.9771773,43.2170318],[2.977175,43.2170996],[2.9763894,43.2172295],[2.9760035,43.2168391],[2.9764422,43.2159207],[2.9767282,43.2158131],[2.9764616,43.2163886],[2.9765443,43.2165975]],[[2.96261,43.2185367],[2.9632404,43.2183753],[2.962939,43.2186622],[2.9627299,43.2186936],[2.96261,43.2185367]],[[2.9755431,43.2317855],[2.9756365,43.2317114],[2.9758751,43.2318052],[2.9760369,43.2320758],[2.9757527,43.2320092],[2.9757216,43.2320954],[2.9759788,43.232174],[2.9760577,43.2322919],[2.975873,43.23236],[2.9757465,43.2323116],[2.9755431,43.2317855]],[[2.9913609,42.9678692],[2.9913135,42.9678115],[2.9914819,42.9677894],[2.9913609,42.9678692]],[[2.992579,42.9707011],[2.9925855,42.9706759],[2.9926783,42.9706633],[2.992579,42.9707011]],[[2.99486,42.9724998],[2.9948736,42.9725382],[2.9948365,42.9725097],[2.99486,42.9724998]],[[2.9994344,42.9757503],[2.9995972,42.975923],[2.9990395,42.975833],[2.9983462,42.9760155],[2.9984904,42.9757086],[2.9989305,42.975564],[2.9994344,42.9757503]],[[2.992634,42.9771774],[2.9926273,42.9773511],[2.9918495,42.9773236],[2.991883,42.9771401],[2.992634,42.9771774]],[[2.9965721,42.9780116],[2.9966907,42.9781832],[2.9964686,42.978266],[2.9962784,42.9782356],[2.9963173,42.9780576],[2.9965721,42.9780116]],[[2.9980935,43.0292384],[2.9974836,43.028376],[2.9976443,43.0280849],[2.9986207,43.0281339],[2.9986153,43.0282653],[2.9989157,43.0285437],[2.9980935,43.0292384]],[[2.9913793,43.0323507],[2.9911256,43.0323832],[2.9907894,43.0322302],[2.9908465,43.0320308],[2.9909892,43.031894],[2.9912652,43.0318592],[2.991373,43.0319497],[2.9913793,43.0323507]],[[2.9962236,43.0360738],[2.9963171,43.0361478],[2.9962566,43.0363171],[2.9960129,43.0366329],[2.9956135,43.0366342],[2.9955238,43.0359408],[2.9955751,43.035715],[2.9957418,43.0356491],[2.9962511,43.0360161],[2.9962236,43.0360738]],[[2.9957289,43.0367794],[2.9957069,43.0369568],[2.9958535,43.0369595],[2.9958718,43.0371799],[2.9956739,43.0373385],[2.9957142,43.037653],[2.9955383,43.0377712],[2.9953734,43.0376933],[2.9954743,43.0367995],[2.9957289,43.0367794]],[[2.9901326,43.0367916],[2.9902387,43.0369274],[2.990451,43.0369371],[2.9907296,43.0378874],[2.989708,43.0379844],[2.9894825,43.0368983],[2.9881026,43.0370049],[2.9880097,43.0368013],[2.9901326,43.0367916]],[[2.9881292,43.0379262],[2.9864574,43.0381783],[2.9862717,43.0371213],[2.9875056,43.0367916],[2.9878107,43.0368401],[2.9881292,43.0379262]],[[2.9881955,43.0371019],[2.9893498,43.0370146],[2.9895355,43.0380813],[2.9885006,43.0382268],[2.9881955,43.0371019]],[[2.9953516,43.0356693],[2.9954065,43.0358924],[2.9952415,43.0377847],[2.9941678,43.0385614],[2.9940173,43.0388951],[2.9941898,43.03906],[2.9942562,43.0393412],[2.9941235,43.0397388],[2.9924252,43.0394188],[2.9918812,43.0388757],[2.9914567,43.0392636],[2.9905943,43.0369072],[2.9919874,43.0363835],[2.9940105,43.0359192],[2.9950548,43.0355134],[2.9953516,43.0356693]],[[2.9861921,43.0371698],[2.9863248,43.0380232],[2.9856879,43.0381298],[2.9856879,43.0376838],[2.9858737,43.037354],[2.9861921,43.0371698]],[[2.9956775,43.0378304],[2.9957985,43.0378922],[2.9958497,43.0381583],[2.9949556,43.0385722],[2.9944976,43.038634],[2.9945086,43.0384593],[2.9952965,43.0378465],[2.9956775,43.0378304]],[[2.9954104,43.0388564],[2.9952645,43.0385654],[2.9958748,43.0383424],[2.9960738,43.0385557],[2.9954104,43.0388564]],[[2.9970291,43.0382842],[2.9977986,43.0384394],[2.9987274,43.0390115],[2.9982497,43.0392733],[2.9974669,43.0386915],[2.9965117,43.0383812],[2.996233,43.0384782],[2.9959146,43.038226],[2.9970291,43.0382842]],[[2.9897345,43.0380813],[2.9907827,43.0379844],[2.9911807,43.0395165],[2.9900795,43.0396523],[2.9897345,43.0380813]],[[2.9856879,43.0383723],[2.9881292,43.0380135],[2.9884476,43.0392935],[2.9857277,43.0396717],[2.9856879,43.0383723]],[[2.9975598,43.0388564],[2.9981436,43.0393509],[2.9973608,43.0393897],[2.9963126,43.0392055],[2.9955431,43.0395061],[2.9954635,43.0389339],[2.9965117,43.0384782],[2.9975598,43.0388564]],[[2.9895621,43.0382171],[2.9899336,43.0397008],[2.9888987,43.0400111],[2.9884741,43.0383917],[2.9895621,43.0382171]],[[2.9935088,43.0397196],[2.9941238,43.0398128],[2.9943465,43.0393247],[2.9943225,43.03906],[2.9941367,43.0389048],[2.9941898,43.0386721],[2.9944021,43.038643],[2.9945348,43.0387206],[2.9951849,43.0385848],[2.9953441,43.0389921],[2.9954104,43.0395545],[2.993906,43.0403782],[2.9934585,43.0400239],[2.9935088,43.0397196]],[[2.9914593,43.0395844],[2.9914859,43.039468],[2.9919237,43.0390996],[2.9922289,43.0394584],[2.9933699,43.0397008],[2.9933831,43.0399141],[2.9914593,43.0395844]],[[2.9885803,43.0400402],[2.9867493,43.0403505],[2.9866034,43.0399626],[2.9885006,43.0397396],[2.9885803,43.0400402]],[[2.985741,43.0400596],[2.986484,43.0399723],[2.9866432,43.0403699],[2.9856481,43.0405735],[2.985741,43.0400596]],[[2.9938027,43.0404175],[2.9934444,43.0405629],[2.9931393,43.0400296],[2.9933781,43.0400296],[2.9938027,43.0404175]],[[2.998336,43.0394042],[2.9987837,43.0391739],[2.9989828,43.0409073],[2.9977057,43.0417436],[2.998336,43.0394042]],[[2.9893763,43.0414365],[2.9890314,43.0402826],[2.9911409,43.0398171],[2.9911144,43.041039],[2.9893763,43.0414365]],[[2.9975067,43.0418891],[2.9959975,43.0429678],[2.9951186,43.0431618],[2.9946376,43.0427739],[2.9935928,43.0406285],[2.9963624,43.0393558],[2.9981369,43.0395133],[2.9975067,43.0418891]],[[2.9860727,43.0422898],[2.985595,43.0409711],[2.9885803,43.0402535],[2.9888323,43.0402632],[2.9891242,43.0415529],[2.9860727,43.0422898]],[[2.9908092,43.0433662],[2.990106,43.0429007],[2.9895621,43.0419408],[2.9894825,43.0416305],[2.9896284,43.0414947],[2.9912603,43.0411359],[2.9913134,43.0397396],[2.9917114,43.0397299],[2.9929851,43.0399529],[2.9944844,43.0428135],[2.9930647,43.0434631],[2.9916451,43.0437443],[2.9908092,43.0433662]],[[2.9897743,43.042891],[2.9862717,43.0438219],[2.9853695,43.0429977],[2.985595,43.0429298],[2.9856481,43.042765],[2.989164,43.0417953],[2.9897743,43.042891]],[[2.990451,43.0437831],[2.9900928,43.0430753],[2.9913399,43.0438025],[2.990451,43.0437831]],[[2.988169,43.0443843],[2.9877046,43.0436086],[2.989907,43.0430268],[2.990305,43.0438122],[2.988169,43.0443843]],[[2.991937,43.0446849],[2.9896549,43.0447043],[2.9888987,43.0444425],[2.9888589,43.0443358],[2.9904643,43.0438995],[2.9912338,43.0439286],[2.9930515,43.0435698],[2.9945772,43.042891],[2.9950283,43.0433662],[2.991937,43.0446849]],[[2.9875719,43.0436377],[2.9880363,43.0444134],[2.9870412,43.0446752],[2.9868289,43.0445879],[2.9862982,43.0439577],[2.9875719,43.0436377]],[[2.9844442,43.0699497],[2.9846188,43.0700077],[2.9847141,43.0701933],[2.9849205,43.0703209],[2.9853016,43.0708544],[2.9851984,43.0708834],[2.9849999,43.0707732],[2.9848252,43.070882],[2.984597,43.0708167],[2.9842378,43.0704659],[2.9841266,43.0701585],[2.9841505,43.0699497],[2.9838805,43.0697351],[2.9838726,43.0695031],[2.9840869,43.0693988],[2.9843648,43.0697061],[2.9844442,43.0699497]],[[2.981491,43.0707225],[2.9820764,43.070563],[2.9822948,43.070621],[2.9826818,43.0703528],[2.9828306,43.07036],[2.9830688,43.0705847],[2.9830489,43.0707297],[2.9801116,43.0718098],[2.9802902,43.0715271],[2.9803299,43.0712952],[2.9805383,43.0710559],[2.9809055,43.0709037],[2.9809948,43.0707297],[2.9812726,43.0706717],[2.981491,43.0707225]],[[2.9850932,43.0711574],[2.9853115,43.0711574],[2.9854504,43.0712662],[2.9854504,43.0713894],[2.9850535,43.0716141],[2.9849046,43.0717881],[2.9849046,43.0721143],[2.9848153,43.0721868],[2.9844283,43.0720563],[2.9842993,43.0718751],[2.9842993,43.0715271],[2.9843886,43.0714329],[2.9849543,43.0712807],[2.9850932,43.0711574]],[[2.9816398,43.072774],[2.9813223,43.0726942],[2.9812925,43.072513],[2.9815307,43.0722158],[2.9815307,43.0720201],[2.981362,43.0716576],[2.9814513,43.0714619],[2.98291,43.0709037],[2.9832474,43.0710269],[2.9834856,43.0713604],[2.9835253,43.0717229],[2.9834558,43.0719041],[2.9828108,43.0721651],[2.9825528,43.072484],[2.9820665,43.072513],[2.9816398,43.072774]],[[2.9811321,43.1091897],[2.9817807,43.1092894],[2.9819514,43.1096383],[2.9818899,43.1097779],[2.9815963,43.1098526],[2.9815622,43.1099723],[2.9813642,43.1100421],[2.9801557,43.1091349],[2.9801352,43.1090252],[2.9803605,43.1090352],[2.9808589,43.1092645],[2.9811321,43.1091897]],[[2.9835656,43.1101512],[2.9835912,43.1105562],[2.9839667,43.1105313],[2.9840776,43.110768],[2.9842825,43.1108739],[2.9842995,43.1109923],[2.9839923,43.1111792],[2.9834034,43.1112104],[2.9832669,43.1110733],[2.9829596,43.1111979],[2.9828828,43.1111356],[2.9831389,43.1109986],[2.9830791,43.1109051],[2.9829596,43.1108989],[2.9829426,43.1107992],[2.9833095,43.1105001],[2.9832071,43.1104565],[2.9823195,43.1106372],[2.9820976,43.1105188],[2.9820379,43.1103817],[2.9826865,43.1101699],[2.983045,43.1099269],[2.9835656,43.1101512]],[[2.9825686,43.1495654],[2.9828515,43.1501421],[2.9827254,43.1501744],[2.9824494,43.1495678],[2.9825686,43.1495654]],[[2.9838704,43.1520126],[2.9837765,43.1520224],[2.9833178,43.1516252],[2.9836571,43.1515577],[2.9838704,43.1520126]],[[2.9871386,43.1525791],[2.9872379,43.1529998],[2.9870287,43.1533696],[2.9866666,43.1535438],[2.9864386,43.1535516],[2.9860577,43.1534303],[2.985886,43.1532483],[2.9860228,43.153172],[2.9862803,43.1533696],[2.9865968,43.1534088],[2.9868194,43.1533442],[2.9870045,43.1531329],[2.9870555,43.1529489],[2.9870018,43.1526789],[2.9864627,43.1520253],[2.9865888,43.1519353],[2.9871386,43.1525791]],[[2.9959577,43.1648953],[2.9957587,43.1648973],[2.9957808,43.1645143],[2.9960765,43.1647118],[2.9959577,43.1648953]],[[2.992583,43.1671021],[2.9924628,43.166971],[2.992597,43.166898],[2.9926725,43.1669556],[2.992583,43.1671021]],[[2.9873165,43.1672515],[2.987441,43.1673939],[2.9864552,43.1675804],[2.9862197,43.1674822],[2.9859269,43.1671288],[2.9866537,43.1672687],[2.9873165,43.1672515]],[[2.9826789,43.1674094],[2.9827597,43.1673366],[2.9829025,43.1673713],[2.9829929,43.1679161],[2.9827264,43.1680862],[2.9825456,43.168107],[2.9822411,43.167642],[2.9822554,43.1675066],[2.9825742,43.1670381],[2.9826471,43.1670671],[2.9826075,43.1673227],[2.9826789,43.1674094]],[[2.9938372,43.1678987],[2.9940164,43.1680455],[2.993498,43.1684498],[2.9932112,43.1682285],[2.9938372,43.1678987]],[[2.9970659,43.1704754],[2.9969189,43.1704035],[2.9971544,43.1701806],[2.9964812,43.1697115],[2.9971912,43.1701306],[2.9972079,43.1702756],[2.9970074,43.1704328],[2.9970659,43.1704754]],[[2.9983844,43.1711613],[2.9982828,43.1711269],[2.9982852,43.1709804],[2.9984576,43.1708322],[2.9986159,43.1708167],[2.9987246,43.17102],[2.9984245,43.1710476],[2.9983844,43.1711613]],[[2.9961553,43.1711678],[2.9961884,43.1714796],[2.996127,43.1715089],[2.995912,43.171359],[2.995964,43.1710523],[2.9969443,43.1705734],[2.9971215,43.1705441],[2.9973506,43.1706268],[2.9972868,43.1707233],[2.9971073,43.1707698],[2.9968569,43.1710627],[2.9965238,43.1709731],[2.9961553,43.1711678]],[[2.9982366,43.1714488],[2.9981138,43.1716848],[2.9980548,43.1716659],[2.9981351,43.1714454],[2.9982366,43.1714488]],[[2.997019,43.1721382],[2.9967261,43.1719211],[2.9971678,43.1717884],[2.9972032,43.1718332],[2.9970379,43.1719366],[2.997019,43.1721382]],[[2.9949378,43.1719418],[2.995604,43.1718849],[2.995415,43.1720365],[2.9951244,43.1719797],[2.9946331,43.1721175],[2.994626,43.1720606],[2.9949378,43.1719418]],[[2.9951764,43.172214],[2.9953158,43.172133],[2.9958591,43.1722002],[2.9958237,43.1722967],[2.9954032,43.172388],[2.9951764,43.172214]],[[2.9841177,43.173396],[2.9840769,43.1731685],[2.9844184,43.1728996],[2.9845229,43.173138],[2.9843151,43.173197],[2.9843084,43.1733152],[2.9841177,43.173396]],[[2.9841545,43.17368],[2.9841673,43.1738425],[2.983859,43.1739884],[2.9840018,43.1737127],[2.9841545,43.17368]],[[2.993534,43.173742],[2.993501,43.173817],[2.993729,43.173871],[2.9937377,43.1740521],[2.9936274,43.1739632],[2.9934356,43.1739579],[2.9933462,43.1738239],[2.9933983,43.1737091],[2.993534,43.173742]],[[3.0012688,43.1843826],[3.0018188,43.1841164],[3.0012913,43.1843228],[3.0012303,43.1842612],[3.003134,43.1834686],[3.0046614,43.1825106],[3.006644,43.1815706],[3.0072021,43.1811808],[3.0079902,43.1808038],[3.0089687,43.1804909],[3.0102865,43.1802051],[3.0113424,43.1800442],[3.0124588,43.180031],[3.0132084,43.1799277],[3.0139025,43.1795927],[3.0147847,43.1789413],[3.0152327,43.1787523],[3.0172177,43.1781183],[3.0265156,43.1747163],[3.0278097,43.17409],[3.0280554,43.1739057],[3.0351665,43.1662184],[3.0370133,43.164762],[3.0382856,43.1638899],[3.0385741,43.1634635],[3.0387753,43.1629178],[3.038815,43.1622127],[3.0372356,43.1595346],[3.0365145,43.1571325],[3.0347773,43.1552115],[3.0336507,43.1530277],[3.0332516,43.1526322],[3.0320724,43.1518239],[3.0314112,43.1512575],[3.0311606,43.1509824],[3.0306262,43.1500652],[3.0283753,43.1477257],[3.0281561,43.1474548],[3.0279867,43.1470717],[3.0283106,43.1453258],[3.0285239,43.1449307],[3.0292777,43.1439711],[3.0295484,43.1432906],[3.0299187,43.1426457],[3.030006,43.1421143],[3.029955,43.141327],[3.0302535,43.1405879],[3.0303343,43.1391884],[3.0304189,43.1389241],[3.0310324,43.1382877],[3.031212,43.1378683],[3.0310954,43.1350355],[3.0312358,43.1335858],[3.0313528,43.1331893],[3.0317716,43.132562],[3.0318935,43.1322655],[3.0319142,43.1319425],[3.0315752,43.1301822],[3.0317001,43.1291403],[3.0314124,43.1282029],[3.0308762,43.1224349],[3.0309261,43.1223155],[3.0310028,43.1223136],[3.0311008,43.1225138],[3.0315901,43.1281881],[3.0318566,43.1289218],[3.031754,43.1301787],[3.0320675,43.1316174],[3.0320709,43.1322876],[3.0315229,43.1332322],[3.0314138,43.1336017],[3.0312741,43.1350435],[3.0313914,43.1378782],[3.0311855,43.1383573],[3.0305877,43.1389697],[3.0305116,43.1392075],[3.0304287,43.1406171],[3.0301329,43.1413419],[3.030185,43.1421109],[3.0300902,43.1426844],[3.0297174,43.1433335],[3.0294446,43.1440187],[3.0286844,43.1449891],[3.028484,43.1453603],[3.0281665,43.1470634],[3.0285253,43.1476547],[3.0307768,43.1499943],[3.0314264,43.1510486],[3.0322019,43.1517338],[3.0336144,43.1527244],[3.0338236,43.1529605],[3.0349383,43.1551545],[3.0354818,43.1558024],[3.0366489,43.1569114],[3.0374075,43.1594984],[3.0385297,43.1613024],[3.0389905,43.1621868],[3.0389667,43.1629223],[3.0388337,43.1635479],[3.0386722,43.1638013],[3.0360017,43.1657568],[3.0347275,43.1669124],[3.0281946,43.1739881],[3.0279274,43.1741886],[3.0266024,43.1748303],[3.0172962,43.1782353],[3.0153116,43.1788695],[3.0148887,43.1790479],[3.0137934,43.1798253],[3.0131095,43.1800988],[3.0105016,43.1803526],[3.0088613,43.1807016],[3.0081127,43.180947],[3.0038851,43.1831547],[3.0030025,43.1836976],[3.0022171,43.1839696],[3.0018798,43.1842093],[3.0008029,43.1846135],[2.99953,43.1852573],[2.9969731,43.1877623],[2.996775,43.1881828],[2.9967826,43.18862],[2.9970834,43.1892425],[2.9974709,43.1894382],[2.997433,43.1894777],[3.0005716,43.1908975],[3.0007867,43.1910939],[3.0007509,43.19114],[3.0004531,43.1910961],[2.9972602,43.1895691],[2.9967346,43.1890647],[2.9965149,43.188469],[2.9965947,43.1879649],[2.9969633,43.1874572],[2.9994643,43.1851722],[3.0012236,43.1842652],[3.0012688,43.1843826]],[[2.9997155,43.2011061],[3.0001733,43.2004965],[3.0003611,43.2005328],[3.0003728,43.2008323],[3.0006516,43.2010911],[3.0004139,43.2013948],[2.9998358,43.2012793],[2.9997155,43.2011061]],[[2.9861003,43.2067255],[2.984911,43.2066627],[2.9847906,43.2065962],[2.9845212,43.2058283],[2.9846458,43.2057389],[2.9862745,43.2058481],[2.9863359,43.2059214],[2.986195,43.2066598],[2.9861003,43.2067255]],[[2.9861679,43.2068486],[2.9860919,43.2075206],[2.9859695,43.2075821],[2.9850787,43.2073818],[2.9849817,43.2073075],[2.9848482,43.2068131],[2.9849381,43.2067284],[2.9860784,43.2067812],[2.9861679,43.2068486]],[[2.9880277,43.2072536],[2.9881296,43.207431],[2.9873949,43.2101902],[2.9872674,43.2103096],[2.9862159,43.2103253],[2.9861324,43.2102274],[2.9865754,43.2072912],[2.9866505,43.2071954],[2.9880277,43.2072536]],[[2.9887658,43.2102614],[2.9876268,43.2102823],[2.9874592,43.2101306],[2.9881467,43.2075125],[2.9883993,43.2073459],[2.9900515,43.2074671],[2.9902714,43.2075766],[2.9902848,43.2077985],[2.9889518,43.2101728],[2.9887658,43.2102614]],[[2.9835385,43.2086231],[2.984992,43.2081198],[2.9854719,43.2081383],[2.9856607,43.2082569],[2.9857433,43.2084383],[2.9856255,43.2098315],[2.9855642,43.2099245],[2.9853222,43.209937],[2.9834372,43.2088376],[2.9835385,43.2086231]],[[2.9832789,43.209125],[2.983506,43.2090406],[2.9855232,43.2101657],[2.9855681,43.2103562],[2.9853189,43.210872],[2.985076,43.2108707],[2.9833322,43.2098885],[2.9832065,43.2097486],[2.9832789,43.209125]],[[2.9831126,43.2101376],[2.9831615,43.2100358],[2.9833201,43.2099921],[2.9849966,43.2109347],[2.9850438,43.2110818],[2.9848668,43.2111952],[2.9846039,43.2111581],[2.9832011,43.2103605],[2.9831126,43.2101376]],[[2.9858717,43.2119778],[2.9867197,43.2104483],[2.986862,43.2103776],[2.9884744,43.2103057],[2.9886568,43.2103644],[2.9886784,43.2105088],[2.9878628,43.2120221],[2.9876881,43.2120992],[2.9860067,43.2121394],[2.9858887,43.2120808],[2.9858717,43.2119778]],[[2.9831406,43.2107585],[2.9846815,43.2113214],[2.9844088,43.2117082],[2.9829207,43.2111782],[2.9831406,43.2107585]],[[2.9858745,43.2122419],[2.9860121,43.2121746],[2.9874498,43.2121551],[2.9877257,43.2122499],[2.9877949,43.2124296],[2.9876984,43.2125554],[2.9856671,43.2132192],[2.9854942,43.2131867],[2.9854321,43.2130537],[2.9858745,43.2122419]],[[2.9876611,43.2163265],[2.9866451,43.21636],[2.986575,43.2163086],[2.9866574,43.2134319],[2.9872058,43.2134327],[2.9876625,43.2136492],[2.9877381,43.2137598],[2.9876611,43.2163265]],[[2.9862996,43.2166861],[2.985253,43.2165651],[2.9851672,43.2164975],[2.9852353,43.2137667],[2.9852959,43.2136857],[2.986395,43.2133362],[2.9865193,43.213425],[2.9864239,43.2166145],[2.9862996,43.2166861]],[[2.9838592,43.2157485],[2.983896,43.214225],[2.9839656,43.2141372],[2.9850465,43.2137932],[2.9851686,43.2138587],[2.9850853,43.216456],[2.9846287,43.2164719],[2.9838592,43.2157485]],[[3.007227,42.9269366],[3.0072665,42.9266692],[3.0073816,42.9265319],[3.0073906,42.926149],[3.0077755,42.925874],[3.0077863,42.9257012],[3.0079066,42.9256307],[3.0097261,42.9283471],[3.0096472,42.9284306],[3.0090163,42.9284074],[3.00832,42.9286157],[3.0077357,42.9286512],[3.0073598,42.9278321],[3.0075797,42.9286943],[3.0072458,42.9286164],[3.006295,42.9286334],[3.0062065,42.928549],[3.0062065,42.9283663],[3.0061381,42.928362],[3.0061072,42.9285824],[3.006016,42.9286334],[3.0057289,42.9285643],[3.0057022,42.9284979],[3.0058891,42.9282216],[3.0061984,42.9280109],[3.0063331,42.9278216],[3.0064066,42.9270468],[3.006523,42.9267195],[3.0072243,42.9262885],[3.0073343,42.9263896],[3.0071955,42.9266714],[3.007227,42.9269366]],[[3.006254,42.9504571],[3.0063756,42.9505995],[3.0068297,42.9506351],[3.0073242,42.9504927],[3.0078026,42.9501485],[3.0087999,42.9489853],[3.0097404,42.9486055],[3.0099349,42.9484334],[3.0104457,42.9482851],[3.0103971,42.9484809],[3.0099512,42.948926],[3.0094647,42.9496975],[3.0094404,42.9501663],[3.0093025,42.9503325],[3.0092052,42.9511336],[3.0089701,42.9515549],[3.0087674,42.9515075],[3.0087836,42.951365],[3.0086377,42.9512523],[3.008362,42.951282],[3.0080783,42.95146],[3.0080296,42.951644],[3.0078756,42.9518101],[3.007154,42.9518457],[3.0070648,42.9516321],[3.0068945,42.9515312],[3.0059378,42.9516143],[3.0051027,42.9519941],[3.0049973,42.9522552],[3.005727,42.9525519],[3.0056946,42.9526409],[3.0049243,42.9526765],[3.0048352,42.9525341],[3.0043568,42.9526528],[3.0045838,42.9524273],[3.0045595,42.9523442],[3.0038784,42.9525578],[3.0042433,42.952],[3.0047216,42.9517092],[3.0049081,42.9509674],[3.0050865,42.9507597],[3.0053135,42.9506826],[3.0055324,42.9503325],[3.0056703,42.9502969],[3.0058162,42.9501307],[3.0062378,42.9500892],[3.006254,42.9504571]],[[3.0270785,42.9379838],[3.0279498,42.9373549],[3.0287785,42.9373233],[3.0291917,42.9372085],[3.0309219,42.9361708],[3.0320286,42.9353535],[3.0323315,42.9352215],[3.0326125,42.9348864],[3.0345799,42.9337077],[3.0359412,42.9332083],[3.037336,42.9320855],[3.0378989,42.9319118],[3.0383816,42.9319611],[3.0384281,42.9322347],[3.038132,42.9327817],[3.0383034,42.9328538],[3.0386292,42.9328225],[3.0387293,42.9326141],[3.0389365,42.932502],[3.0387559,42.9326241],[3.0389637,42.9325727],[3.0388479,42.9326178],[3.0389078,42.9327912],[3.0387932,42.9327918],[3.0386951,42.9329654],[3.0382431,42.9330716],[3.0379548,42.9334268],[3.0378456,42.9334222],[3.0376733,42.9335885],[3.0374725,42.9339306],[3.0374619,42.9341954],[3.0366375,42.9353086],[3.0352949,42.9363187],[3.0348465,42.9365467],[3.0334414,42.937036],[3.0312497,42.9375561],[3.0289315,42.938292],[3.0286238,42.9386463],[3.0277703,42.9391611],[3.0279025,42.9395747],[3.0277433,42.9398105],[3.0276742,42.9395041],[3.0266972,42.938604],[3.0265709,42.9386977],[3.0275057,42.9396274],[3.027539,42.9398819],[3.0273154,42.9399666],[3.0274799,42.9402246],[3.0273411,42.940949],[3.0269381,42.9413157],[3.0268526,42.9415449],[3.0263066,42.94205],[3.0255615,42.9425011],[3.0240101,42.9428702],[3.0236287,42.9431971],[3.023009,42.9432656],[3.0221072,42.9441009],[3.0221189,42.9443489],[3.0225061,42.9454827],[3.0228336,42.9457737],[3.0227235,42.9460391],[3.0233151,42.947117],[3.0230492,42.9474694],[3.0224235,42.9475886],[3.0218141,42.9467429],[3.0205607,42.9446747],[3.0206422,42.9445792],[3.0203978,42.9444182],[3.0179321,42.9404943],[3.0179089,42.9402959],[3.0180981,42.9401521],[3.0180197,42.9399653],[3.0173301,42.9399637],[3.0173135,42.940065],[3.0175076,42.9403911],[3.0225944,42.9485378],[3.0215559,42.9492727],[3.0214941,42.9495903],[3.0207538,42.9502159],[3.0204489,42.9503305],[3.0201765,42.9502424],[3.0198985,42.9503148],[3.0199737,42.9502403],[3.0198694,42.9502413],[3.0195026,42.9505068],[3.0194871,42.9509281],[3.0195858,42.9511985],[3.0198412,42.9514556],[3.0202609,42.9522171],[3.0211643,42.952955],[3.0225289,42.9543994],[3.0235108,42.9557331],[3.0236905,42.9560539],[3.0237334,42.9563343],[3.0233517,42.9565528],[3.0234029,42.9567414],[3.0209551,42.9589435],[3.0206799,42.9590673],[3.0205976,42.9592614],[3.0189677,42.960791],[3.0187087,42.9608872],[3.0180783,42.9609139],[3.013903,42.9605093],[3.0134167,42.9602635],[3.0132766,42.9600519],[3.0131849,42.9597729],[3.0133724,42.9595936],[3.0132876,42.9595411],[3.0124408,42.9598746],[3.011419,42.9600579],[3.0112318,42.9602514],[3.0107777,42.9602891],[3.0096973,42.9601287],[3.009978,42.9598976],[3.0108082,42.9595553],[3.0113379,42.9595775],[3.0113308,42.95949],[3.0112183,42.9594432],[3.0113491,42.9592296],[3.0120465,42.9590902],[3.0116764,42.9590271],[3.0107506,42.9591294],[3.009288,42.9594975],[3.0086439,42.9598471],[3.0085587,42.9599924],[3.0092198,42.9608846],[3.009197,42.9614681],[3.0096331,42.9622777],[3.009799,42.962779],[3.0102301,42.9634279],[3.0104153,42.9635722],[3.0107679,42.9636079],[3.0110965,42.9633476],[3.0113376,42.9633004],[3.0113757,42.9633918],[3.0116595,42.9634547],[3.0119183,42.9636699],[3.0138467,42.9658042],[3.0141536,42.9663402],[3.0165566,42.9687923],[3.0185807,42.971652],[3.0145886,42.9764978],[3.0140322,42.9770268],[3.0137968,42.9771003],[3.0134787,42.9770592],[3.0131983,42.9768277],[3.012619,42.9759603],[3.0127865,42.9757314],[3.0128052,42.9755329],[3.0126648,42.9754439],[3.0125981,42.9752783],[3.0118229,42.9749579],[3.0115119,42.9749331],[3.0116969,42.9752981],[3.0115038,42.9753609],[3.0113649,42.9752498],[3.0108499,42.9752249],[3.0104757,42.9750948],[3.0098677,42.9751291],[3.0094093,42.9749922],[3.0091096,42.9751102],[3.0087263,42.9750811],[3.0082315,42.9749756],[3.0080042,42.9747085],[3.0076378,42.9745071],[3.0075365,42.9742807],[3.0072762,42.9742454],[3.0068739,42.9743874],[3.0061417,42.9743295],[3.0052708,42.9738423],[3.0046715,42.9742059],[3.0043791,42.974131],[3.0041404,42.9738095],[3.0045311,42.9733759],[3.0049229,42.9731064],[3.0049,42.9729815],[3.0046071,42.9728412],[3.0040039,42.9731187],[3.0037743,42.9730519],[3.0036162,42.9728904],[3.0037208,42.9725104],[3.0034292,42.9725718],[3.0030273,42.9723984],[3.0029463,42.9720959],[3.0025028,42.9715124],[3.0018991,42.9710761],[3.0018679,42.9708382],[3.0023385,42.9705481],[3.0023385,42.9703941],[3.0016117,42.9706036],[3.0011627,42.9703787],[3.0009976,42.9701097],[3.0009761,42.969717],[3.0006239,42.9693044],[3.0007131,42.9687084],[3.0005844,42.9685886],[3.0000509,42.9684077],[2.9999059,42.9682516],[2.9999716,42.9677819],[3.0001284,42.9674934],[3.0001495,42.967185],[3.0000372,42.9666931],[2.9991849,42.9666134],[2.9987873,42.9667931],[2.9982584,42.9667297],[2.998073,42.9668026],[2.9979454,42.9667332],[2.9977115,42.9664764],[2.9972661,42.9655476],[2.9967877,42.964842],[2.9966069,42.964356],[2.996204,42.9640015],[2.9955598,42.9636697],[2.99494,42.9632332],[2.9945958,42.9628195],[2.9946828,42.9622833],[2.9941682,42.961419],[2.9941799,42.9607258],[2.9943436,42.9603664],[2.9953142,42.9602552],[2.9960393,42.9598273],[2.9966486,42.9596784],[2.9983866,42.9585746],[2.998914,42.9581249],[2.9997159,42.957132],[2.9998632,42.9568233],[3.000062,42.9556936],[3.0003219,42.9552706],[3.000643,42.9550861],[3.0009938,42.9550176],[3.001185,42.9548492],[3.0030267,42.9539965],[3.0034846,42.9536568],[3.0039796,42.9534829],[3.004198,42.9534171],[3.0047476,42.9535883],[3.0060938,42.953587],[3.0067125,42.953797],[3.0072457,42.9543012],[3.0073396,42.9544965],[3.0069654,42.9553866],[3.0070683,42.9555441],[3.0073393,42.9556332],[3.0090839,42.9555595],[3.0099122,42.9551264],[3.0103296,42.9546049],[3.01038,42.9541747],[3.0111075,42.9536999],[3.0114277,42.9532846],[3.0113436,42.9531819],[3.0111097,42.9531887],[3.0109251,42.9529186],[3.0110068,42.9526546],[3.0109891,42.9523023],[3.0104267,42.9524287],[3.010249,42.9523123],[3.010328,42.9519334],[3.0109844,42.9514222],[3.0104735,42.951251],[3.0106513,42.9511346],[3.0105354,42.9510216],[3.0101742,42.9510045],[3.0100442,42.9508331],[3.0104543,42.9502813],[3.0105259,42.9500568],[3.0101518,42.9501082],[3.0099748,42.9500292],[3.0101791,42.9495249],[3.0104254,42.9493071],[3.0106665,42.9492347],[3.0111905,42.9492848],[3.0118188,42.9491808],[3.0124857,42.9492836],[3.0147683,42.9487836],[3.0155473,42.9484837],[3.0165155,42.9477771],[3.0175129,42.9473158],[3.0171998,42.9472909],[3.0164026,42.9476252],[3.0140191,42.9470423],[3.0134689,42.9468203],[3.0133041,42.9466787],[3.0131003,42.9464066],[3.0130933,42.9459978],[3.0129931,42.9459169],[3.0120878,42.9457752],[3.0116303,42.945809],[3.0110095,42.9460158],[3.0110212,42.9467454],[3.0108437,42.9468937],[3.0101665,42.9470592],[3.0093789,42.9474999],[3.0090584,42.9475132],[3.0089592,42.9474191],[3.0091903,42.9472945],[3.0095722,42.9468889],[3.0096275,42.9466899],[3.0100069,42.9464339],[3.0103389,42.9460828],[3.0104949,42.9454662],[3.0105888,42.9454216],[3.011003,42.9456346],[3.0111614,42.9456236],[3.0122863,42.9446173],[3.012524,42.9440002],[3.012517,42.9434914],[3.0126388,42.9432511],[3.0126517,42.9429805],[3.0127848,42.9427285],[3.0129332,42.9426225],[3.0130767,42.9420784],[3.0143907,42.9408466],[3.0146002,42.9405942],[3.014788,42.9401699],[3.0150241,42.939931],[3.0153336,42.9399263],[3.0161404,42.9394884],[3.0166461,42.9391127],[3.0170535,42.9398007],[3.0173995,42.9398061],[3.01754,42.9397185],[3.0174427,42.9394719],[3.0174427,42.9391816],[3.0180654,42.9387017],[3.018236,42.9383268],[3.0189095,42.9381241],[3.0189795,42.9380086],[3.0199711,42.9376248],[3.0202946,42.9378237],[3.0211278,42.9378232],[3.0214017,42.9376858],[3.0217909,42.9373351],[3.0217236,42.9371379],[3.0219004,42.9371028],[3.0220678,42.9372803],[3.0224645,42.937242],[3.0230843,42.9375798],[3.0233607,42.9374183],[3.0239194,42.937285],[3.0246511,42.9374101],[3.025277,42.9382088],[3.025195,42.9385483],[3.0254076,42.9389049],[3.0262076,42.9385268],[3.0263321,42.9385099],[3.0264736,42.9386086],[3.0265882,42.9385346],[3.0264352,42.938178],[3.0270785,42.9379838]],[[3.0116313,42.978795],[3.0113883,42.9788073],[3.0115115,42.9787934],[3.0116313,42.978795]],[[3.0031353,43.0151638],[3.0032547,43.0151167],[3.0032265,43.0151795],[3.0027772,43.0152197],[3.0027303,43.0150245],[3.0029234,43.0149431],[3.0031353,43.0151638]],[[3.0184357,43.0275476],[3.0185049,43.0306433],[3.0175582,43.0310285],[3.0141196,43.0309305],[3.0147725,43.028625],[3.0176292,43.0283978],[3.0184357,43.0275476]],[[3.0097969,43.0293441],[3.0100827,43.02922],[3.0145573,43.0287304],[3.0139857,43.0308783],[3.0102971,43.0307477],[3.0103953,43.0299251],[3.0098505,43.0299055],[3.0097969,43.0293441]],[[3.0138606,43.0310089],[3.01395,43.0310807],[3.0134945,43.0329478],[3.0121905,43.0328303],[3.0104311,43.0323603],[3.010833,43.0313092],[3.0103864,43.0308587],[3.0138606,43.0310089]],[[3.0102435,43.0335223],[3.0099666,43.0336594],[3.0098505,43.0336333],[3.010306,43.0325104],[3.0113242,43.0327651],[3.0114135,43.0342927],[3.0103149,43.0339663],[3.0102435,43.0335223]],[[3.0093772,43.0344298],[3.0092611,43.0343057],[3.0093504,43.034136],[3.0091985,43.0340315],[3.0093682,43.0339663],[3.0098684,43.0339728],[3.0113152,43.0344363],[3.0111277,43.0345473],[3.0093772,43.0344298]],[[3.0142121,43.0368673],[3.0140893,43.0369897],[3.0117449,43.036598],[3.0116779,43.0364838],[3.0117337,43.0357249],[3.0134307,43.034966],[3.0136539,43.035015],[3.0143573,43.0357657],[3.0142121,43.0368673]],[[3.0113765,43.0369489],[3.0094339,43.0377812],[3.0091325,43.037006],[3.0092218,43.0364756],[3.0095567,43.036239],[3.0108406,43.0358473],[3.0114435,43.0357657],[3.0115439,43.0358228],[3.0114769,43.0364919],[3.0112537,43.0365654],[3.0113765,43.0369489]],[[3.0121468,43.0383524],[3.0104387,43.0391194],[3.009981,43.0386788],[3.0095567,43.0380505],[3.0095567,43.0378628],[3.0113988,43.0370468],[3.0115551,43.0371039],[3.012158,43.0381647],[3.0121468,43.0383524]],[[3.0152217,43.0393569],[3.0156253,43.0390391],[3.0151235,43.0389135],[3.0144812,43.0384309],[3.0141065,43.0377984],[3.0140262,43.0374397],[3.014336,43.0372231],[3.0147776,43.0370512],[3.0187271,43.0363301],[3.019,43.0365],[3.0190985,43.0369609],[3.0190134,43.0372637],[3.0187054,43.0376261],[3.0181837,43.0380136],[3.0171528,43.0384695],[3.0172023,43.0385287],[3.018148,43.0381244],[3.0182283,43.0381896],[3.01825,43.03875],[3.0176519,43.0387587],[3.017268,43.0390153],[3.0177217,43.0401342],[3.0171218,43.0405828],[3.0167344,43.0406585],[3.0165625,43.0405695],[3.0158194,43.0405502],[3.015525,43.0400155],[3.0154893,43.0397612],[3.0152217,43.0393569]],[[3.0122919,43.0385156],[3.0130846,43.0388665],[3.0135646,43.0396987],[3.0136204,43.0402781],[3.0125264,43.0407432],[3.0121803,43.0407921],[3.0118007,43.0407024],[3.0114993,43.0404984],[3.0105838,43.0392908],[3.0122919,43.0385156]],[[3.0077758,43.0661046],[3.0078392,43.0661256],[3.007364,43.0664917],[3.006811,43.0667611],[3.0073265,43.0664202],[3.0069924,43.0666033],[3.0065835,43.0663171],[3.0061572,43.0657616],[3.0061544,43.0654481],[3.0059326,43.0654166],[3.0055726,43.064859],[3.0057108,43.0648169],[3.0056503,43.064697],[3.0057425,43.0646759],[3.0058663,43.0647012],[3.0061918,43.0649937],[3.0063444,43.0649979],[3.0059585,43.0646402],[3.0056158,43.0641773],[3.0055265,43.0642004],[3.0056676,43.0645644],[3.0055035,43.0645476],[3.0055063,43.064718],[3.0050859,43.0639311],[3.0051233,43.063849],[3.005659,43.06407],[3.0057137,43.0641773],[3.005898,43.064192],[3.0061486,43.0645223],[3.00633,43.0645223],[3.0067995,43.0649979],[3.0066209,43.0651788],[3.0073524,43.0659026],[3.0077499,43.0660099],[3.0076952,43.0661214],[3.0074936,43.0662098],[3.007004,43.0659931],[3.0067995,43.0657154],[3.0066987,43.0657427],[3.0067016,43.0658921],[3.0074129,43.0662435],[3.0073956,43.0663886],[3.0077758,43.0661046]],[[3.010057,43.067053],[3.0099797,43.0670768],[3.0099837,43.0666394],[3.0100693,43.066443],[3.0102037,43.0663984],[3.010057,43.067053]],[[3.0095072,43.0668745],[3.0097149,43.0665026],[3.0097801,43.0665948],[3.0095846,43.0669667],[3.0095072,43.0668745]],[[3.0085826,43.0666989],[3.0080857,43.0668953],[3.0079309,43.0671899],[3.007654,43.0672435],[3.0074463,43.0670947],[3.0074585,43.066931],[3.0072671,43.0668953],[3.0071897,43.0667257],[3.00732,43.0665561],[3.0077843,43.0666811],[3.0076418,43.0664282],[3.0078536,43.0663121],[3.0085826,43.0666989]],[[3.008546,43.0669162],[3.0085908,43.0668209],[3.0088962,43.0667049],[3.0091936,43.0666811],[3.0092669,43.0667704],[3.0092343,43.0669548],[3.0085337,43.0671036],[3.0083576,43.0672155],[3.0082913,43.0672155],[3.0083461,43.0671209],[3.008156,43.0670788],[3.0082222,43.0669546],[3.008546,43.0669162]],[[3.0153343,43.0678669],[3.015344,43.0681652],[3.0155774,43.0682788],[3.0156454,43.0683995],[3.0153829,43.0688399],[3.0146927,43.0689393],[3.0142844,43.0688044],[3.0138469,43.0684919],[3.0139053,43.0682149],[3.0131664,43.0681368],[3.0124956,43.0678456],[3.012379,43.0676112],[3.0123498,43.0672987],[3.012204,43.0672135],[3.0118735,43.0671709],[3.0118443,43.0670502],[3.0114846,43.0669223],[3.0108183,43.0670885],[3.0106517,43.0669786],[3.0107555,43.0667732],[3.0106598,43.0667257],[3.0105377,43.0669489],[3.0104236,43.0667971],[3.010993,43.0662879],[3.011436,43.0662263],[3.011679,43.066482],[3.011679,43.0668016],[3.012029,43.0668442],[3.0122234,43.0670147],[3.0128164,43.0667874],[3.0135164,43.0667519],[3.0136233,43.06683],[3.0136039,43.0669933],[3.0137303,43.0671141],[3.014333,43.067249],[3.0144983,43.0673342],[3.0145274,43.0674763],[3.0149455,43.0674692],[3.0151788,43.0676183],[3.0153343,43.0678669]],[[3.013322,43.0684635],[3.0136719,43.0687191],[3.0133414,43.0687759],[3.0132053,43.068712],[3.0130789,43.0685558],[3.0131373,43.0684422],[3.013322,43.0684635]],[[3.0147316,43.069266],[3.0149552,43.0692447],[3.0152954,43.0693938],[3.0156357,43.0693654],[3.0153538,43.0697631],[3.0144594,43.069756],[3.0141872,43.0695856],[3.01409,43.0693938],[3.0140997,43.069195],[3.014576,43.0691239],[3.0147316,43.069266]],[[3.0148288,43.0699619],[3.0155287,43.069827],[3.0154607,43.0700827],[3.0157815,43.0701537],[3.0157621,43.0702531],[3.0152663,43.0703099],[3.0150038,43.0704236],[3.0149357,43.0702602],[3.0147219,43.0702176],[3.0146733,43.0701111],[3.0148288,43.0699619]],[[3.017055,43.0713468],[3.0167731,43.0717871],[3.0167634,43.071993],[3.0165981,43.0720569],[3.0165495,43.0721777],[3.0167828,43.0723623],[3.0165106,43.0725895],[3.0165009,43.0727387],[3.0163259,43.0728807],[3.0160051,43.0728736],[3.0159468,43.0726677],[3.0162287,43.0721848],[3.0162384,43.0719717],[3.0160926,43.0717729],[3.015694,43.071645],[3.0155287,43.0714249],[3.0157621,43.0709704],[3.0159759,43.0708142],[3.0164231,43.0697063],[3.0166856,43.069756],[3.0168898,43.0699335],[3.0168995,43.0700827],[3.0167148,43.0703312],[3.0167828,43.070665],[3.0169384,43.0707218],[3.0170259,43.0709065],[3.0169092,43.0710485],[3.017055,43.0713468]],[[3.0163065,43.0747554],[3.0163162,43.0744998],[3.0164912,43.0742939],[3.0168023,43.0741447],[3.0171134,43.0744146],[3.0172008,43.0745921],[3.0171522,43.0747981],[3.0166273,43.0750608],[3.0163065,43.0747554]],[[3.0158609,43.1103689],[3.0159675,43.1104596],[3.0162517,43.1103397],[3.0165359,43.1105472],[3.0162872,43.1107352],[3.0160119,43.1108228],[3.0159941,43.1109298],[3.0157721,43.1109265],[3.014946,43.1105504],[3.0151725,43.1103851],[3.0158609,43.1103689]],[[3.0156992,43.1110503],[3.0156327,43.1115643],[3.0153804,43.1116127],[3.0151812,43.1117679],[3.0145702,43.1118745],[3.0120598,43.1120297],[3.0116614,43.1118842],[3.0108512,43.1119715],[3.0099214,43.1119521],[3.0096823,43.1119036],[3.0095002,43.1116419],[3.0093103,43.1115458],[3.009146,43.1117273],[3.0088529,43.1116625],[3.0088706,43.1114355],[3.0090598,43.1112956],[3.009408,43.1112086],[3.0094036,43.1113512],[3.0097588,43.1110983],[3.0098965,43.111134],[3.0101739,43.1110433],[3.0103244,43.1112018],[3.0104836,43.1112053],[3.0106918,43.1109728],[3.0109176,43.1108952],[3.0108644,43.1106528],[3.0111301,43.1106722],[3.0111832,43.1109437],[3.0113293,43.1110503],[3.0114754,43.1105752],[3.0116481,43.1106431],[3.0122809,43.110393],[3.0128232,43.1103235],[3.0132318,43.1103137],[3.0129342,43.1104207],[3.0126922,43.1106886],[3.0129342,43.1106671],[3.0131844,43.1104489],[3.0138795,43.1106431],[3.0148225,43.110517],[3.0150749,43.1107498],[3.0154601,43.1108564],[3.0156992,43.1110503]],[[3.0168726,43.1113286],[3.0168634,43.1116052],[3.0166997,43.111723],[3.016775,43.1119812],[3.0167128,43.112133],[3.0170941,43.1120617],[3.01743,43.1121104],[3.0175318,43.1122946],[3.0174961,43.1125338],[3.0169091,43.1130105],[3.0167226,43.112944],[3.016636,43.1130543],[3.0163606,43.1130721],[3.0166804,43.1127755],[3.0164674,43.1126877],[3.0160918,43.1126902],[3.0161251,43.112596],[3.0165093,43.1125994],[3.0165663,43.1126934],[3.0166652,43.1126831],[3.0167617,43.1124951],[3.0161548,43.1124117],[3.0161237,43.1119915],[3.0158846,43.1118037],[3.0158582,43.1112309],[3.0159735,43.1110274],[3.0164919,43.1108879],[3.016536,43.1109886],[3.0169098,43.1108019],[3.0170197,43.1108753],[3.0168374,43.1109792],[3.0169789,43.1112162],[3.0168726,43.1113286]],[[3.0085874,43.1125871],[3.0087815,43.1126577],[3.0086474,43.1127905],[3.0086295,43.1133624],[3.0083373,43.1139539],[3.0077396,43.1140412],[3.0074872,43.1138763],[3.0074075,43.1137115],[3.0077662,43.1131976],[3.0079123,43.1127613],[3.0086629,43.1124412],[3.0085874,43.1125871]],[[3.0103296,43.113343],[3.0104842,43.1134265],[3.0103868,43.113736],[3.0093064,43.1136172],[3.0092217,43.1134769],[3.0092405,43.1132946],[3.0095725,43.1131103],[3.0102753,43.1130229],[3.0103296,43.113343]],[[3.0085497,43.114034],[3.0087319,43.1135755],[3.0096834,43.1137154],[3.0101073,43.1138529],[3.0100477,43.1140271],[3.0097996,43.1140363],[3.0089266,43.1137979],[3.0085497,43.114034]],[[3.0132456,43.1155894],[3.0133519,43.1149699],[3.0132103,43.1149471],[3.013038,43.1155525],[3.0128435,43.115559],[3.0120067,43.1153142],[3.0110105,43.1153869],[3.0107449,43.1152778],[3.0105058,43.1150354],[3.0104478,43.1144084],[3.0105673,43.1140754],[3.0111482,43.1141467],[3.0113326,43.1140971],[3.0114578,43.1141822],[3.0115679,43.1141068],[3.0121661,43.1140368],[3.0125247,43.1141046],[3.0128302,43.113998],[3.0116212,43.1137858],[3.0113992,43.1138766],[3.0109745,43.1137751],[3.0107001,43.1138142],[3.010813,43.1132509],[3.0110684,43.1131606],[3.0109569,43.1125756],[3.0110855,43.1123528],[3.0113157,43.1122525],[3.0123052,43.1121908],[3.0127467,43.1120644],[3.0125627,43.1122783],[3.0125602,43.1124399],[3.0128657,43.1124171],[3.0130202,43.1122329],[3.0132378,43.1122751],[3.0134021,43.1124627],[3.0137203,43.1124335],[3.0142252,43.1127273],[3.0147167,43.112194],[3.0148321,43.1124177],[3.0146062,43.1124974],[3.014721,43.1126657],[3.014973,43.1127373],[3.0152608,43.1126987],[3.0152874,43.1125048],[3.0151413,43.1123303],[3.0152585,43.1121486],[3.0155313,43.1120584],[3.0156992,43.1122721],[3.0156062,43.1123787],[3.0158187,43.1128248],[3.0157656,43.1132902],[3.0158236,43.1137657],[3.0151815,43.1137299],[3.0147699,43.1139305],[3.0149658,43.1141446],[3.0146631,43.1142307],[3.0150974,43.1146893],[3.0150845,43.1148285],[3.0149073,43.1149353],[3.014916,43.1154105],[3.0148277,43.1154879],[3.0149382,43.1156302],[3.0148055,43.1157537],[3.0143049,43.1158855],[3.01333,43.1157535],[3.0132456,43.1155894]],[[3.0071633,43.1144158],[3.0073765,43.1141597],[3.0076163,43.1142343],[3.0075053,43.1143088],[3.0076119,43.1144126],[3.0075186,43.1145034],[3.0071544,43.1145487],[3.0071633,43.1144158]],[[3.0100269,43.1144877],[3.0102279,43.1144923],[3.0100521,43.1151434],[3.0098856,43.1152419],[3.0097726,43.1151525],[3.0098856,43.114678],[3.0100269,43.1144877]],[[3.0067472,43.1148868],[3.0067409,43.1147905],[3.0071272,43.1147722],[3.0071617,43.1149051],[3.0069293,43.1149831],[3.0067472,43.1148868]],[[3.0154667,43.1147801],[3.0157996,43.1146609],[3.0160257,43.1147068],[3.0161199,43.1148672],[3.0157682,43.1151652],[3.0155923,43.1151561],[3.0154667,43.1147801]],[[3.0075541,43.1149507],[3.007412,43.1154694],[3.0071678,43.1156088],[3.0068214,43.1156315],[3.0068658,43.1155051],[3.0070834,43.1154403],[3.0071278,43.1150415],[3.0075541,43.1149507]],[[3.0162832,43.1160409],[3.0154165,43.1159676],[3.0151778,43.1158163],[3.015429,43.1155595],[3.0161827,43.1151652],[3.0162832,43.1160409]],[[3.0061144,43.1159688],[3.0073757,43.1157678],[3.0073979,43.1159526],[3.0072602,43.1160628],[3.0063054,43.1162541],[3.0059989,43.1161536],[3.0061144,43.1159688]],[[3.006295,43.1163997],[3.0074757,43.1161361],[3.0075103,43.1162461],[3.0073784,43.1162461],[3.0073847,43.1164731],[3.0072119,43.1165029],[3.0071994,43.1163172],[3.006295,43.1163997]],[[3.0137435,43.1162945],[3.0138101,43.1163496],[3.0133127,43.11681],[3.0131528,43.1167451],[3.0133482,43.116421],[3.0135614,43.1163464],[3.0136014,43.1164112],[3.0137435,43.1162945]],[[3.0168113,43.1172811],[3.016692,43.1172467],[3.0167548,43.117077],[3.016692,43.1169968],[3.0169118,43.1169578],[3.017006,43.1170702],[3.0169432,43.117508],[3.0168113,43.1172811]],[[3.0150334,43.1176822],[3.0149454,43.1177464],[3.0148763,43.1176547],[3.0149329,43.117398],[3.0148763,43.1167653],[3.0156614,43.1167974],[3.0156614,43.1169853],[3.0151715,43.1171137],[3.0152406,43.1172925],[3.0150208,43.1175676],[3.0150334,43.1176822]],[[3.0159943,43.1176822],[3.0161136,43.1175126],[3.0160508,43.1173521],[3.0162141,43.1172696],[3.0162769,43.1170633],[3.0159503,43.1170266],[3.0159001,43.1167515],[3.0164402,43.1168616],[3.0164528,43.1170129],[3.0165721,43.1170816],[3.0163272,43.117453],[3.0163021,43.1176593],[3.0160508,43.1178152],[3.0159943,43.1176822]],[[3.0132775,43.1174379],[3.0132153,43.1173666],[3.0132775,43.1172888],[3.0135528,43.1172629],[3.0135839,43.1173666],[3.0132775,43.1174379]],[[3.0118963,43.1169776],[3.0120651,43.1169452],[3.0123893,43.1169938],[3.0125181,43.1170943],[3.0130776,43.1171073],[3.0129488,43.1173731],[3.0130954,43.1176325],[3.0128822,43.1177978],[3.0130243,43.117908],[3.011652,43.1180377],[3.0115543,43.1179145],[3.011621,43.1172823],[3.0118963,43.1169776]],[[3.0154755,43.1174431],[3.0155333,43.1175322],[3.0153245,43.117516],[3.0152157,43.1176068],[3.015249,43.1174139],[3.0154755,43.1174431]],[[3.0140455,43.1175199],[3.0141787,43.1175686],[3.0141254,43.1176334],[3.0137835,43.117575],[3.0140455,43.1175199]],[[3.0165725,43.1176691],[3.0164526,43.1176366],[3.0164481,43.1175426],[3.0166924,43.1175102],[3.0165725,43.1176691]],[[3.0073945,43.1183331],[3.0072069,43.1184358],[3.0072735,43.118572],[3.0074867,43.1185169],[3.0074379,43.1186952],[3.006745,43.1188897],[3.006825,43.1187017],[3.0070159,43.1185363],[3.0070019,43.1184168],[3.0066787,43.1182039],[3.0067548,43.1180493],[3.006443,43.1180857],[3.0064676,43.1179638],[3.0063231,43.1179334],[3.0061899,43.117687],[3.0058746,43.1175346],[3.0058701,43.1171715],[3.00607,43.1171229],[3.0061366,43.116909],[3.0057547,43.1169122],[3.0059101,43.1163384],[3.0061366,43.1163449],[3.006523,43.1169446],[3.0065852,43.116695],[3.0068427,43.1166918],[3.0070071,43.1167987],[3.0076599,43.1165621],[3.0077976,43.1167339],[3.0074023,43.1168701],[3.0073091,43.1169608],[3.0073712,43.1171002],[3.007198,43.117272],[3.0066784,43.1174536],[3.0067006,43.1176059],[3.007252,43.1173274],[3.007651,43.1169252],[3.0082165,43.1172671],[3.0083465,43.1175388],[3.0085165,43.1176071],[3.0086866,43.1178243],[3.0086441,43.118178],[3.008542,43.1182586],[3.0073945,43.1183331]],[[3.0162708,43.1188805],[3.0160132,43.1188903],[3.0158888,43.1188157],[3.0159199,43.1184948],[3.0162352,43.1184364],[3.016213,43.1183165],[3.0155247,43.1181836],[3.0155957,43.1180863],[3.0163596,43.1181641],[3.0166039,43.1183489],[3.016595,43.1187249],[3.0162708,43.1188805]],[[3.0132597,43.1187184],[3.0131975,43.1188222],[3.0128467,43.1188287],[3.0127579,43.1186633],[3.0127801,43.1183132],[3.0131931,43.1181349],[3.0131443,43.1183392],[3.0132597,43.1187184]],[[3.010151,43.1183554],[3.0101332,43.1182225],[3.0109992,43.1182225],[3.0111635,43.1181544],[3.0114788,43.1182095],[3.0114389,43.1185272],[3.010977,43.1188416],[3.0107239,43.1186017],[3.010151,43.1183554]],[[3.0135928,43.1185401],[3.0135351,43.1186731],[3.0136949,43.1188805],[3.0135884,43.1189648],[3.0133352,43.1185337],[3.0134063,43.1184137],[3.0133619,43.1183456],[3.0135217,43.1181349],[3.0144677,43.1180831],[3.0145032,43.1181641],[3.0144322,43.1182484],[3.0145876,43.1182646],[3.0146498,43.1186017],[3.0144943,43.1186471],[3.0143966,43.118498],[3.0142012,43.118485],[3.0141302,43.1185531],[3.0142901,43.1186763],[3.0140591,43.1187346],[3.0141923,43.1190199],[3.014028,43.1190167],[3.0139436,43.1191204],[3.0138193,43.1186374],[3.013917,43.1185077],[3.0137838,43.1184364],[3.0135928,43.1185401]],[[3.0090961,43.118747],[3.0085717,43.1188983],[3.008512,43.1188387],[3.0086596,43.1187035],[3.0085529,43.118692],[3.0085874,43.1184765],[3.0087978,43.1186485],[3.008757,43.1185201],[3.0089077,43.1184376],[3.0090961,43.118747]],[[3.0117498,43.1185337],[3.0118297,43.1184429],[3.0116698,43.1182387],[3.0118874,43.1181414],[3.0120784,43.1181641],[3.0121494,43.118391],[3.0120739,43.1184526],[3.0122472,43.1184915],[3.0123138,43.119088],[3.0120917,43.1189421],[3.0116654,43.1192436],[3.0115055,43.1191852],[3.0119496,43.1187898],[3.0117498,43.1185337]],[[3.0089531,43.1193661],[3.0092462,43.1192656],[3.0093883,43.1194277],[3.0092551,43.1195249],[3.0094372,43.1196935],[3.0092551,43.1198037],[3.0091263,43.1197648],[3.009113,43.1196222],[3.0089353,43.1195087],[3.0089531,43.1193661]],[[3.0081531,43.1192126],[3.0080867,43.1193096],[3.0081266,43.1194259],[3.008525,43.1194017],[3.0086911,43.1195471],[3.0087907,43.1198501],[3.0085749,43.1200076],[3.0081598,43.1201167],[3.0079938,43.1202742],[3.007505,43.1203186],[3.0073945,43.1202194],[3.0074965,43.1199836],[3.007454,43.1198905],[3.007318,43.1198781],[3.0071394,43.1199836],[3.0070544,43.1199401],[3.007199,43.1198347],[3.0071479,43.1196547],[3.0069014,43.1197292],[3.0067994,43.1196609],[3.0068164,43.1195803],[3.0070374,43.1195616],[3.0070704,43.1194352],[3.0072381,43.1193427],[3.0074549,43.1193268],[3.0078663,43.1190907],[3.0088156,43.1190196],[3.0081531,43.1192126]],[[3.007754,43.1206206],[3.0074209,43.1204682],[3.0074698,43.120384],[3.0086555,43.1201765],[3.0086422,43.1204553],[3.008278,43.1204326],[3.007754,43.1206206]],[[3.0101387,43.1203562],[3.010368,43.1207527],[3.0100162,43.1208811],[3.0097807,43.1204731],[3.0101387,43.1203562]],[[3.0063995,43.1209448],[3.0063639,43.1210517],[3.0060708,43.1211166],[3.0059553,43.1212527],[3.006244,43.1213046],[3.0066126,43.1210777],[3.0068747,43.1210777],[3.0071456,43.1209545],[3.0071234,43.1208443],[3.0069635,43.1207827],[3.0072966,43.1206465],[3.0074742,43.1206984],[3.0076119,43.1208572],[3.0073721,43.1210193],[3.0074964,43.1211166],[3.0071766,43.1212235],[3.0072788,43.121418],[3.0071011,43.121512],[3.0070301,43.121337],[3.0068036,43.1212819],[3.0066215,43.1214342],[3.006324,43.1214796],[3.0063906,43.121619],[3.0062085,43.1216385],[3.0059154,43.1214926],[3.0058754,43.1213759],[3.0056311,43.1213435],[3.0055024,43.1214991],[3.0053691,43.1214796],[3.0054091,43.1211652],[3.0051693,43.1210226],[3.005116,43.1208929],[3.0056489,43.12123],[3.0057821,43.1211522],[3.0058798,43.1209188],[3.0062973,43.1206303],[3.0062307,43.1204553],[3.0063462,43.1205007],[3.0064527,43.1204326],[3.0067059,43.1200274],[3.0069146,43.119982],[3.0070612,43.1200533],[3.0070923,43.1202673],[3.0066215,43.1204358],[3.0065727,43.1205947],[3.0067148,43.1206271],[3.00711,43.1204812],[3.0070434,43.1205687],[3.0063151,43.1208183],[3.0063995,43.1209448]],[[3.0140458,43.1209357],[3.0141613,43.1208255],[3.0145743,43.1208028],[3.0146631,43.1209519],[3.0141035,43.1210071],[3.0140458,43.1209357]],[[3.0161953,43.1209487],[3.0164484,43.1208255],[3.0159643,43.1206537],[3.016746,43.1205856],[3.0171101,43.1206472],[3.0172078,43.1205273],[3.0178696,43.1204916],[3.018971,43.1205111],[3.0188422,43.1207996],[3.018216,43.1210849],[3.0188066,43.1211821],[3.0186068,43.1212404],[3.0180961,43.1213442],[3.0150584,43.1213734],[3.0151427,43.121234],[3.0162264,43.121114],[3.0161953,43.1209487]],[[3.0104559,43.1211286],[3.0105124,43.1212295],[3.0103209,43.1212868],[3.0102204,43.1211126],[3.0104716,43.1210186],[3.0105156,43.1210667],[3.0104559,43.1211286]],[[3.0080959,43.1217065],[3.008167,43.1218848],[3.0080338,43.1218718],[3.0077451,43.1216547],[3.007674,43.1214667],[3.0077629,43.1212819],[3.0080915,43.1210258],[3.0078917,43.1209674],[3.0079361,43.1208605],[3.0085711,43.1205687],[3.0089131,43.1205622],[3.0090508,43.1206757],[3.0084912,43.1207956],[3.0084646,43.1208767],[3.009144,43.1208702],[3.009637,43.1206498],[3.0098946,43.1208313],[3.0095659,43.1210906],[3.0092107,43.1212268],[3.0093261,43.1210323],[3.0080116,43.1211911],[3.0078295,43.1213337],[3.0079716,43.1213889],[3.0080649,43.1215412],[3.0081537,43.1214731],[3.0081315,43.1213564],[3.0083802,43.1212819],[3.0085667,43.121324],[3.0085845,43.1214634],[3.0083136,43.1215347],[3.0083447,43.121606],[3.0080959,43.1217065]],[[3.0113856,43.1207283],[3.0116698,43.1207737],[3.0115899,43.1210395],[3.0116831,43.1211108],[3.011923,43.1207834],[3.012749,43.1207023],[3.0128911,43.1207769],[3.0129089,43.1209001],[3.0126024,43.1209682],[3.013051,43.1211627],[3.0127357,43.121328],[3.0129577,43.1214674],[3.0131087,43.1216813],[3.0129266,43.1219698],[3.0122827,43.1215581],[3.0115943,43.1215387],[3.0115233,43.1214674],[3.0115321,43.1212891],[3.0113545,43.1211918],[3.0111635,43.1207996],[3.0113856,43.1207283]],[[3.0106569,43.1214312],[3.0106632,43.1215458],[3.0105721,43.1215779],[3.0104496,43.1214724],[3.0105721,43.1213899],[3.0106569,43.1214312]],[[3.0099338,43.1214761],[3.0100217,43.1215449],[3.0099275,43.1217237],[3.0092617,43.1219666],[3.0087844,43.12204],[3.0087153,43.1218383],[3.0088409,43.121632],[3.0092429,43.1214303],[3.0101347,43.1212332],[3.0101661,43.1214257],[3.0099338,43.1214761]],[[3.0058043,43.1215963],[3.0060486,43.1217098],[3.00568,43.1216838],[3.0058043,43.1215963]],[[3.0111814,43.1220071],[3.011037,43.1216554],[3.0112657,43.1219909],[3.0111814,43.1220071]],[[3.0076785,43.122277],[3.007412,43.1221766],[3.0075985,43.1219983],[3.0073854,43.12182],[3.0076918,43.1217227],[3.0077673,43.1218459],[3.0079583,43.1219302],[3.0078206,43.1222025],[3.0076785,43.122277]],[[3.0156401,43.1219406],[3.0157423,43.1220541],[3.0155735,43.1222324],[3.0151827,43.1222324],[3.0151383,43.1219763],[3.0153826,43.1218693],[3.0156401,43.1219406]],[[3.0059287,43.1220339],[3.0061419,43.1220599],[3.0060353,43.1222965],[3.0058976,43.1222641],[3.0058088,43.1221409],[3.0056267,43.1222284],[3.0056756,43.1220599],[3.005942,43.1218556],[3.006022,43.121901],[3.0059287,43.1220339]],[[3.0145743,43.1219439],[3.0148185,43.1219698],[3.0148674,43.1220995],[3.0146942,43.1222291],[3.014259,43.1222162],[3.0145743,43.1219439]],[[3.0106309,43.1224388],[3.0103922,43.1224159],[3.0099966,43.1226772],[3.0093245,43.1227643],[3.009155,43.1226955],[3.0090796,43.122503],[3.0089037,43.1223609],[3.0090042,43.1222463],[3.009984,43.1218979],[3.0100028,43.1220308],[3.0104488,43.121907],[3.010543,43.1219437],[3.0105053,43.1222554],[3.0107502,43.1222234],[3.010857,43.1223334],[3.0106309,43.1224388]],[[3.0080244,43.1228606],[3.0077481,43.122668],[3.0077418,43.1225122],[3.0084892,43.121875],[3.0086965,43.1221179],[3.0090042,43.122778],[3.0080244,43.1228606]],[[3.0138371,43.1225111],[3.0141124,43.1225889],[3.0141168,43.1227154],[3.0136994,43.1227802],[3.0134951,43.1227056],[3.0134951,43.1225889],[3.0138371,43.1225111]],[[3.0162708,43.1224593],[3.0161109,43.1227705],[3.0158977,43.1228677],[3.015085,43.1229098],[3.0151516,43.1225857],[3.0153159,43.1224787],[3.0162708,43.1224593]],[[3.0104047,43.1227074],[3.0104738,43.1226157],[3.0110987,43.1224988],[3.0111866,43.1226363],[3.0111458,43.1227096],[3.0105021,43.1228518],[3.0104047,43.1227074]],[[3.0113123,43.1229045],[3.0114159,43.1228816],[3.0113719,43.1227119],[3.0114913,43.1229022],[3.011149,43.122987],[3.0110705,43.1228288],[3.0111772,43.1229411],[3.0111552,43.1227876],[3.0112369,43.1227715],[3.0113123,43.1229045]],[[3.0102634,43.1227074],[3.0104706,43.1229205],[3.0099996,43.1230168],[3.0102634,43.1227074]],[[3.0106371,43.1229228],[3.0109448,43.1228197],[3.0110296,43.1229916],[3.0107941,43.1230695],[3.0106371,43.1229228]],[[3.0105209,43.1229641],[3.0105711,43.1231245],[3.0100561,43.1232368],[3.0099776,43.1231176],[3.0105209,43.1229641]],[[3.0151276,43.1233118],[3.0154228,43.1231972],[3.0168045,43.123078],[3.0170244,43.1231697],[3.0171123,43.123376],[3.0155044,43.1234035],[3.0151276,43.1233118]],[[3.0108224,43.1232047],[3.0114159,43.1230512],[3.0115258,43.1233056],[3.0103733,43.1235279],[3.0108224,43.1232047]],[[3.0127223,43.1233766],[3.0131798,43.1232599],[3.0147475,43.1232113],[3.0147564,43.123328],[3.0145965,43.1234155],[3.013393,43.1234674],[3.0127223,43.1233766]],[[3.0116514,43.1243531],[3.0112118,43.1242155],[3.0110924,43.1240024],[3.0106622,43.1238075],[3.0106402,43.1236746],[3.0107847,43.1235577],[3.0114536,43.1234317],[3.0115603,43.1236104],[3.0117676,43.1236746],[3.0120722,43.1242889],[3.0116514,43.1243531]],[[3.0132308,43.1242011],[3.0132246,43.1240499],[3.0144242,43.1239994],[3.0140725,43.1237748],[3.0143048,43.1236648],[3.0145561,43.1237702],[3.0147759,43.1236648],[3.0154039,43.1237382],[3.0159441,43.1235915],[3.0161639,43.1236786],[3.0153725,43.1239994],[3.0154165,43.1240728],[3.0152721,43.1241736],[3.0137521,43.1243203],[3.0132308,43.1242011]],[[3.0092355,43.123424],[3.0089024,43.1229961],[3.0100172,43.1227595],[3.0098706,43.1229799],[3.0099461,43.1233333],[3.0100571,43.1234532],[3.010026,43.1237093],[3.0102836,43.1241566],[3.0101459,43.1242862],[3.0102614,43.1243316],[3.0106878,43.1241696],[3.0108432,43.1242214],[3.0110786,43.1244548],[3.0108121,43.1245812],[3.0107899,43.1246785],[3.0112074,43.1245456],[3.0114694,43.1246331],[3.0114294,43.1247174],[3.0113006,43.1248308],[3.011083,43.1248665],[3.0098928,43.1248567],[3.010368,43.1249702],[3.0110608,43.1249929],[3.0105679,43.1253105],[3.0100172,43.1253689],[3.0099328,43.125236],[3.009995,43.1250609],[3.0092222,43.1248535],[3.0084006,43.1240269],[3.0082807,43.1236347],[3.0080453,43.1234856],[3.0080764,43.1233203],[3.00777,43.123129],[3.0078366,43.1229864],[3.0086715,43.122941],[3.0092222,43.1235861],[3.0092355,43.123424]],[[3.0137647,43.124632],[3.0139782,43.1245404],[3.0160509,43.1245083],[3.0167417,43.1243937],[3.0168045,43.1244624],[3.0167292,43.1246137],[3.0161827,43.1246825],[3.0161513,43.1247787],[3.0164905,43.1247696],[3.0167292,43.1248521],[3.0166789,43.1249804],[3.015988,43.1250263],[3.0156049,43.1248888],[3.0154668,43.1247558],[3.0137396,43.1247925],[3.0137647,43.124632]],[[3.0122826,43.1246166],[3.0124365,43.1248711],[3.0118367,43.1250384],[3.0116985,43.1247908],[3.0122826,43.1246166]],[[3.0118493,43.1252928],[3.012044,43.1250407],[3.012694,43.1248229],[3.0127097,43.1249261],[3.0121162,43.1251278],[3.012201,43.1253088],[3.0118493,43.1252928]],[[3.012694,43.1249925],[3.0127694,43.1252194],[3.0126563,43.1252928],[3.0122324,43.1252767],[3.0122983,43.1250934],[3.012694,43.1249925]],[[3.0108538,43.1253982],[3.0107564,43.1252813],[3.0115572,43.1249513],[3.0116388,43.124949],[3.0117362,43.1251048],[3.0117017,43.1252446],[3.0117833,43.1252813],[3.0117833,43.1253455],[3.01162,43.1252882],[3.0116137,43.1253409],[3.0109731,43.1253226],[3.0108538,43.1253982]],[[3.0153851,43.1260439],[3.0156301,43.1258926],[3.0156803,43.1257139],[3.0161262,43.125723],[3.0163774,43.1258101],[3.0163774,43.125966],[3.0164654,43.1260393],[3.0168673,43.125966],[3.0166726,43.1257047],[3.0173447,43.1256818],[3.0174138,43.1259293],[3.0171751,43.1260668],[3.0170495,43.1262135],[3.0170369,43.1263694],[3.0174577,43.1263052],[3.0175394,43.1265436],[3.0166224,43.1264794],[3.0161325,43.1265756],[3.0154291,43.126241],[3.0153851,43.1260439]],[[3.0128259,43.1262279],[3.0129892,43.1261958],[3.0131117,43.1263196],[3.0132687,43.1262715],[3.0133001,43.1263563],[3.0122795,43.126629],[3.0120973,43.1263219],[3.0131211,43.1259643],[3.0127882,43.1261523],[3.0131839,43.1260491],[3.0128259,43.1262279]],[[3.0123158,43.1271623],[3.0122938,43.1268895],[3.0121965,43.1267932],[3.0125451,43.1267543],[3.0127115,43.1270591],[3.0123158,43.1271623]],[[3.0121601,43.1268238],[3.0122701,43.1272066],[3.0114222,43.1272112],[3.0114567,43.1269728],[3.0121601,43.1268238]],[[3.0118398,43.1278506],[3.0115635,43.1276466],[3.0125715,43.1274174],[3.012716,43.1275458],[3.012716,43.1276764],[3.0125495,43.1276581],[3.0120848,43.127846],[3.0118398,43.1278506]],[[3.0135356,43.1278208],[3.0134697,43.1278368],[3.0137177,43.1282861],[3.0136738,43.1283159],[3.0134288,43.1278414],[3.0133503,43.127846],[3.0135796,43.1283067],[3.0134948,43.1283227],[3.0132121,43.1278231],[3.0138339,43.1276993],[3.0141668,43.1282242],[3.013994,43.1282201],[3.013661,43.1277825],[3.0138564,43.1282492],[3.0136232,43.1277938],[3.0135721,43.1278068],[3.0137805,43.1282746],[3.0135356,43.1278208]],[[3.0122418,43.1279308],[3.0123957,43.1280248],[3.0124867,43.127956],[3.0124334,43.1278941],[3.0126626,43.1278529],[3.0126123,43.1279675],[3.0128102,43.1281233],[3.0129609,43.12838],[3.0129232,43.1284442],[3.0125181,43.1283502],[3.0120188,43.1284557],[3.0121853,43.1280775],[3.0119717,43.1280798],[3.0119058,43.1279767],[3.0122418,43.1279308]],[[3.0145424,43.1284588],[3.0146146,43.1285918],[3.0137573,43.1289768],[3.0136223,43.1286101],[3.0145424,43.1284588]],[[3.0147559,43.1288255],[3.0137385,43.1292679],[3.0137887,43.1291372],[3.0146931,43.1287499],[3.0147559,43.1288255]],[[3.0146272,43.1292816],[3.0148093,43.129222],[3.0146554,43.1289814],[3.0149506,43.1288645],[3.0151548,43.1292335],[3.0137542,43.1295773],[3.0137133,43.129387],[3.0144702,43.1290593],[3.0146272,43.1292816]],[[3.0133624,43.1295064],[3.0134667,43.1295064],[3.0131869,43.1295453],[3.0132491,43.1296523],[3.0128761,43.1297398],[3.0128627,43.1296037],[3.0135,43.1293411],[3.0133624,43.1295064]],[[3.0153557,43.1296575],[3.0139363,43.12974],[3.0152301,43.1293779],[3.0153557,43.1296575]],[[3.013409,43.1301336],[3.0133157,43.1302924],[3.0129005,43.1301838],[3.0132558,43.129944],[3.0133624,43.1299602],[3.0133135,43.1300348],[3.013409,43.1301336]],[[3.0152706,43.1302424],[3.0154261,43.1304854],[3.0152928,43.1304887],[3.0149731,43.1300058],[3.0155415,43.1301322],[3.0156037,43.1302521],[3.0152706,43.1302424]],[[3.0143751,43.1300577],[3.0145201,43.1300382],[3.0148265,43.1304919],[3.0146089,43.1305146],[3.0147017,43.130406],[3.0145918,43.1302525],[3.0144002,43.130296],[3.0143186,43.1301814],[3.0143751,43.1300577]],[[3.0150124,43.1307435],[3.0150479,43.1308473],[3.0146149,43.1308959],[3.0145527,43.1307597],[3.0150124,43.1307435]],[[3.0143217,43.1313273],[3.0144097,43.1314809],[3.0142715,43.1315267],[3.0141616,43.1313319],[3.0143217,43.1313273]],[[3.0152136,43.1316825],[3.0155025,43.1321455],[3.0153455,43.1321959],[3.0151414,43.1317009],[3.0152136,43.1316825]],[[3.0144222,43.1324686],[3.0142809,43.1324022],[3.0142244,43.1321157],[3.0143845,43.1319713],[3.0145918,43.1321363],[3.0147143,43.1323747],[3.0144222,43.1324686]],[[3.0161337,43.1324388],[3.0160112,43.1325099],[3.0155527,43.1325144],[3.0155747,43.1324113],[3.0158888,43.1321936],[3.0161337,43.1324388]],[[3.0150471,43.1330484],[3.0148964,43.1330278],[3.0148399,43.1328949],[3.0146012,43.1328009],[3.014551,43.1327047],[3.0149498,43.1325992],[3.0150471,43.1330484]],[[3.0163975,43.1331607],[3.0164917,43.1334311],[3.0161839,43.1334701],[3.0161274,43.1335893],[3.01576,43.133509],[3.015804,43.1332043],[3.0159955,43.1330553],[3.0161463,43.1332799],[3.0162876,43.1330988],[3.0163975,43.1331607]],[[3.0161463,43.1338001],[3.0162153,43.1339078],[3.0160175,43.1338826],[3.0158259,43.1339743],[3.0158479,43.1338322],[3.0161463,43.1338001]],[[3.0158354,43.1343157],[3.0159955,43.1341828],[3.0163347,43.1341393],[3.0169031,43.1345884],[3.0164195,43.134884],[3.0161745,43.134868],[3.0158354,43.1343157]],[[3.0154051,43.1343959],[3.0152513,43.1340659],[3.015446,43.1341072],[3.0153675,43.134153],[3.0154083,43.1342011],[3.0156438,43.1341828],[3.0161431,43.1350651],[3.0156878,43.135033],[3.0154994,43.134428],[3.0154051,43.1343959]],[[3.0160615,43.1352782],[3.0160615,43.1354661],[3.0157317,43.1356151],[3.0156344,43.1353653],[3.0160615,43.1352782]],[[3.0156595,43.1356334],[3.0152607,43.1354501],[3.0155747,43.1353699],[3.0156595,43.1356334]],[[3.0162302,43.1373792],[3.0164469,43.1373952],[3.0164375,43.1375488],[3.016249,43.1375488],[3.0162302,43.1373792]],[[3.0162899,43.1381194],[3.0164469,43.1380827],[3.0165882,43.1382156],[3.0163307,43.1383256],[3.0162899,43.1381194]],[[3.0063721,43.1736245],[3.0059678,43.1736506],[3.0056648,43.172884],[3.0060069,43.1728424],[3.006085,43.1729584],[3.0062842,43.1729124],[3.0063721,43.1736245]],[[3.0007924,43.1910963],[3.0011478,43.1912287],[3.0012769,43.1913493],[3.0007582,43.1911425],[3.0007924,43.1910963]],[[3.001253,43.1913648],[3.0014095,43.1913062],[3.0034344,43.1922204],[3.0042113,43.1927001],[3.0054117,43.1937811],[3.0058068,43.1943871],[3.0088334,43.2020064],[3.0108551,43.2073826],[3.0102651,43.2108331],[3.0079589,43.2225253],[3.0077213,43.2230889],[3.0052106,43.2269198],[3.0038696,43.2279581],[3.0036483,43.2278008],[3.0048755,43.2270612],[3.0052732,43.2266073],[3.0074707,43.2230208],[3.0078979,43.2218667],[3.0106326,43.2077394],[3.0106418,43.2073812],[3.0105749,43.2070413],[3.0056749,43.1944256],[3.0052891,43.1938338],[3.004115,43.1927764],[3.0036857,43.1925151],[3.0013489,43.1914907],[3.001253,43.1913648]],[[3.0037175,43.2278597],[3.003777,43.2279037],[3.0036789,43.227983],[3.0033167,43.2281382],[3.0037175,43.2278597]],[[3.034676,43.0213888],[3.0349288,43.0213175],[3.0367356,43.0218773],[3.0366637,43.0220095],[3.0350855,43.0215008],[3.0347312,43.0215357],[3.0330838,43.022799],[3.0329793,43.022697],[3.034676,43.0213888]],[[3.0261638,43.0264865],[3.025494,43.0261927],[3.02536,43.0259805],[3.0254158,43.0257193],[3.0257284,43.0256214],[3.0260187,43.0256867],[3.0268002,43.0263559],[3.0267779,43.0264702],[3.0265657,43.0265273],[3.0261638,43.0264865]],[[3.0186563,43.0288548],[3.0185938,43.0276862],[3.0188796,43.0276078],[3.0208534,43.027536],[3.0209963,43.0277449],[3.0209784,43.0286328],[3.0186563,43.0288548]],[[3.0169594,43.0326675],[3.015182,43.0329809],[3.013762,43.0329613],[3.0136816,43.0328634],[3.0141282,43.031055],[3.0175667,43.0311333],[3.0185223,43.0307808],[3.0186563,43.0306502],[3.0187545,43.0289528],[3.020773,43.0287569],[3.020898,43.0289005],[3.020907,43.0291029],[3.0204961,43.0301214],[3.0197727,43.0310811],[3.01921,43.0315838],[3.0183616,43.0321126],[3.0169594,43.0326675]],[[3.0191803,43.0386579],[3.019647,43.0381795],[3.0197275,43.0383873],[3.0193573,43.0390304],[3.0191803,43.0386579]],[[3.0205268,43.039148],[3.0194646,43.039046],[3.0197757,43.0384226],[3.0199045,43.0383638],[3.0200225,43.0384109],[3.0205268,43.039148]],[[3.01844,43.0387128],[3.0185848,43.0387716],[3.0191106,43.0386618],[3.0192608,43.0390186],[3.0182201,43.0389049],[3.01844,43.0387128]],[[3.0191375,43.0393528],[3.018963,43.0390598],[3.0193171,43.039097],[3.0194002,43.0393029],[3.0191375,43.0393528]],[[3.01936,43.039097],[3.0196094,43.0391343],[3.0198026,43.0395048],[3.0195826,43.0395675],[3.01936,43.039097]],[[3.0178338,43.0390421],[3.0181611,43.0389402],[3.0189174,43.0390421],[3.0189121,43.0394852],[3.0191266,43.0398184],[3.0182415,43.0399321],[3.018204,43.0397047],[3.0187297,43.0395989],[3.0186385,43.0394146],[3.0178338,43.0392146],[3.0178338,43.0390421]],[[3.0191642,43.039395],[3.0194163,43.0393362],[3.0195451,43.0395695],[3.0193064,43.0396165],[3.0191642,43.039395]],[[3.0191588,43.0398106],[3.0189496,43.0394812],[3.0189443,43.0391813],[3.0190033,43.0391793],[3.0193466,43.0397773],[3.0191588,43.0398106]],[[3.0196631,43.0397165],[3.0199099,43.0395832],[3.0196524,43.0391441],[3.0207199,43.0392538],[3.0208862,43.0396773],[3.0197838,43.0398518],[3.0196631,43.0397165]],[[3.0196765,43.0396557],[3.0196309,43.0395793],[3.0198052,43.0395303],[3.0198401,43.0395871],[3.0196765,43.0396557]],[[3.0193171,43.039644],[3.0195799,43.0395969],[3.0196255,43.0397106],[3.0193868,43.0397753],[3.0193171,43.039644]],[[3.0176407,43.0396224],[3.0176729,43.0395479],[3.0181396,43.0397087],[3.0181825,43.0399282],[3.0178446,43.0400106],[3.0176407,43.0396224]],[[3.0194566,43.039789],[3.0196416,43.039742],[3.0197355,43.0398792],[3.0195114,43.0398968],[3.0194566,43.039789]],[[3.0200654,43.0398596],[3.0208969,43.0397047],[3.0209452,43.0397655],[3.0201244,43.0399713],[3.0200654,43.0398596]],[[3.0193922,43.0398008],[3.0194378,43.0399086],[3.0191749,43.0399517],[3.0191427,43.0398439],[3.0193922,43.0398008]],[[3.0198026,43.0398772],[3.0200145,43.0398478],[3.0200815,43.0399596],[3.0198482,43.0400066],[3.0198026,43.0398772]],[[3.0194834,43.0399223],[3.019757,43.0399027],[3.0198026,43.0400184],[3.0195317,43.0400458],[3.0194834,43.0399223]],[[3.0194861,43.0400713],[3.0192527,43.0401046],[3.0191857,43.0399753],[3.0194432,43.0399321],[3.0194861,43.0400713]],[[3.0181584,43.0402242],[3.0180055,43.04004],[3.0190891,43.0398478],[3.0192018,43.040087],[3.0188745,43.0400576],[3.0181584,43.0402242]],[[3.0179626,43.0404301],[3.0177882,43.0402615],[3.0180135,43.0402046],[3.0180725,43.0403673],[3.0179626,43.0404301]],[[3.0174395,43.0404732],[3.0177453,43.0402772],[3.0179331,43.0404418],[3.0174583,43.0405398],[3.0174395,43.0404732]],[[3.0300407,43.0644121],[3.030011,43.0645204],[3.0302778,43.0645492],[3.031009,43.0643543],[3.0311671,43.0644698],[3.0311275,43.0646359],[3.0308608,43.0649824],[3.030762,43.0653072],[3.0303371,43.0653],[3.0301395,43.0650545],[3.0298431,43.0648669],[3.0294479,43.0648308],[3.0293589,43.0644193],[3.0290625,43.063813],[3.0290823,43.0636036],[3.0292601,43.063351],[3.0296257,43.0633149],[3.0301296,43.0634159],[3.0302778,43.0635892],[3.0310682,43.0636036],[3.0312066,43.0637191],[3.0311769,43.0639285],[3.0309694,43.0640367],[3.0304655,43.06408],[3.0302778,43.0643471],[3.0300407,43.0644121]],[[3.0225339,43.0718966],[3.0220704,43.0714242],[3.0220213,43.0711671],[3.0220928,43.0704373],[3.0225118,43.0689524],[3.0247729,43.06367],[3.0249165,43.0635007],[3.0260476,43.0631576],[3.0270426,43.0631737],[3.0273401,43.0633384],[3.0277043,43.0632312],[3.028,43.06325],[3.028472,43.0636387],[3.0285,43.06375],[3.02825,43.0638759],[3.0288147,43.0645677],[3.0289074,43.0647951],[3.0291265,43.0650226],[3.0295,43.0650505],[3.0299952,43.0656413],[3.0300918,43.0658605],[3.0296935,43.0662149],[3.0298061,43.066287],[3.0297735,43.0666052],[3.0298427,43.0668356],[3.0297382,43.0673459],[3.0290173,43.0684035],[3.0279525,43.0695323],[3.0262539,43.0708451],[3.02475,43.07175],[3.0245,43.072],[3.0242191,43.0721241],[3.0233765,43.0721823],[3.0225339,43.0718966]],[[3.0220376,43.085467],[3.0221227,43.0852451],[3.0223414,43.0854049],[3.0229976,43.0865497],[3.0227424,43.0865586],[3.0225358,43.086461],[3.0224022,43.086177],[3.0224143,43.0859817],[3.0221713,43.0857599],[3.0220376,43.085467]],[[3.0253389,43.0892575],[3.0259689,43.0912851],[3.0257978,43.0914271],[3.0258833,43.0918417],[3.0260525,43.0921626],[3.0257414,43.0919851],[3.0256345,43.0916372],[3.0253136,43.0912184],[3.0253039,43.090906],[3.0249053,43.0904161],[3.0247595,43.0899121],[3.0248178,43.0894932],[3.0244873,43.0884354],[3.0242637,43.0879029],[3.0240207,43.0876473],[3.0238943,43.0872497],[3.0236221,43.0868593],[3.023836,43.0863694],[3.0240985,43.086341],[3.024254,43.0864191],[3.0242151,43.0866392],[3.0239915,43.0869303],[3.0240304,43.0873775],[3.0242248,43.0875266],[3.0243901,43.087883],[3.024919,43.0881613],[3.0250978,43.0883885],[3.0253934,43.0884283],[3.0253389,43.0892575]],[[3.0320566,43.0879195],[3.0322124,43.0879033],[3.0350055,43.0886753],[3.0353727,43.0888378],[3.0382881,43.0907069],[3.038366,43.0908613],[3.0382881,43.0911701],[3.0381991,43.0912107],[3.0319565,43.090008],[3.0318674,43.0899349],[3.0318118,43.0893986],[3.0319565,43.0880739],[3.0320566,43.0879195]],[[3.0317562,43.0885648],[3.0316938,43.0893449],[3.0319698,43.0915358],[3.0319164,43.0918088],[3.0313199,43.0927969],[3.0312665,43.0932325],[3.0314624,43.0939541],[3.0314268,43.0941231],[3.0311775,43.0938501],[3.031044,43.0935185],[3.0309995,43.093083],[3.031044,43.0927189],[3.0315781,43.0916918],[3.0316137,43.0914058],[3.0314001,43.0892214],[3.031409,43.0882657],[3.0308659,43.0877066],[3.0308303,43.0875116],[3.0309372,43.087427],[3.0318897,43.0876351],[3.0319876,43.0877196],[3.0317562,43.0885648]],[[3.0279039,43.0908714],[3.0277289,43.0906514],[3.0278358,43.0904597],[3.0274178,43.0900053],[3.0274275,43.08948],[3.02769,43.0890895],[3.0279428,43.0890824],[3.0282927,43.0893096],[3.029158,43.0903177],[3.0291871,43.0905236],[3.0290705,43.0906443],[3.0290705,43.0908218],[3.0292163,43.0910915],[3.0291677,43.0913329],[3.0288566,43.0918653],[3.0285261,43.0923481],[3.0282053,43.0926605],[3.028108,43.092916],[3.0282636,43.0930509],[3.0278261,43.0932781],[3.0274761,43.0932781],[3.0273595,43.0931077],[3.0274178,43.0927953],[3.0276511,43.0926463],[3.0276511,43.0914607],[3.0277969,43.0913613],[3.0280205,43.0913471],[3.0283705,43.0914962],[3.0287108,43.0914252],[3.0286816,43.0912477],[3.028283,43.0909637],[3.0279039,43.0908714]],[[3.0381212,43.0913082],[3.0381991,43.0915276],[3.0378764,43.0924947],[3.0321679,43.0913895],[3.0319898,43.0902518],[3.0320455,43.0901462],[3.0381212,43.0913082]],[[3.037843,43.0926734],[3.0376872,43.0930554],[3.0320343,43.0919421],[3.0320232,43.0918446],[3.0321011,43.0915845],[3.0322235,43.0915358],[3.0377874,43.0926003],[3.037843,43.0926734]],[[3.0316783,43.0924865],[3.0319676,43.0920233],[3.0376316,43.0931529],[3.0376872,43.0932341],[3.0375871,43.0935023],[3.0374869,43.093551],[3.0316783,43.0924865]],[[3.0372866,43.0941117],[3.0314557,43.0929741],[3.0314223,43.092901],[3.0315113,43.0926572],[3.0316783,43.0926165],[3.037409,43.0936404],[3.0375092,43.0937217],[3.0374313,43.0940792],[3.0372866,43.0941117]],[[3.0372533,43.0942336],[3.03732,43.0943067],[3.0371865,43.0946236],[3.0315447,43.0935348],[3.0314557,43.0930879],[3.0372533,43.0942336]],[[3.0316226,43.0936404],[3.0371531,43.0947049],[3.0370196,43.0951274],[3.0316894,43.0941442],[3.0316226,43.0936404]],[[3.0368638,43.0958588],[3.0366857,43.0958913],[3.0315002,43.0949974],[3.0316783,43.0943636],[3.0317895,43.0942986],[3.0369751,43.0952249],[3.0368638,43.0958588]],[[3.0311886,43.0955744],[3.0314891,43.0951274],[3.0367191,43.0960213],[3.0367859,43.0961269],[3.0366857,43.0964682],[3.0365745,43.0965738],[3.0311775,43.0957125],[3.0311886,43.0955744]],[[3.0363964,43.0972482],[3.0314223,43.0964925],[3.0313222,43.0964519],[3.031133,43.0960456],[3.0311553,43.0958588],[3.0365411,43.0966957],[3.0364966,43.0970776],[3.0363964,43.0972482]],[[3.0314446,43.0969394],[3.0314334,43.0966388],[3.036363,43.0973457],[3.0363519,43.0976464],[3.0362406,43.0979145],[3.0316337,43.0972482],[3.0315892,43.0970776],[3.0314446,43.0969394]],[[3.0316226,43.0973538],[3.036185,43.0980445],[3.036185,43.0982233],[3.0359847,43.0986051],[3.0314557,43.0979632],[3.0316226,43.0973538]],[[3.0314001,43.0980607],[3.0359179,43.0987026],[3.0359402,43.0989383],[3.0357955,43.0994095],[3.0354951,43.0997264],[3.0311441,43.0990927],[3.0314001,43.0980607]],[[3.0312777,43.0992308],[3.0355173,43.0998727],[3.0349943,43.100482],[3.0314446,43.0999052],[3.0312777,43.0992308]],[[3.0320677,43.1014164],[3.0317562,43.1014489],[3.0314446,43.1007745],[3.0313889,43.1000027],[3.0348608,43.1005877],[3.033225,43.1023345],[3.032524,43.1022045],[3.0320677,43.1014164]],[[3.0269372,43.1040779],[3.0268841,43.1038355],[3.0270966,43.1033215],[3.0272825,43.1032536],[3.0274817,43.1034185],[3.0282521,43.1051543],[3.0281459,43.1053095],[3.0275482,43.1054258],[3.0270966,43.1052901],[3.0270833,43.1051058],[3.026977,43.1049895],[3.027256,43.1043882],[3.027256,43.1042428],[3.0269372,43.1040779]],[[3.0279068,43.1064925],[3.0279201,43.106124],[3.0277474,43.1057846],[3.0281193,43.1056295],[3.0283849,43.1056101],[3.028624,43.1058331],[3.0289295,43.1066089],[3.0289295,43.1068125],[3.0287436,43.1068707],[3.0280396,43.1066477],[3.0279068,43.1064925]],[[3.030401,43.1073956],[3.0304695,43.1078388],[3.0303808,43.1079525],[3.0300445,43.1080332],[3.0299246,43.1073683],[3.030401,43.1073956]],[[3.0262168,43.111807],[3.0258777,43.1116434],[3.0251868,43.1116985],[3.0248351,43.1119094],[3.0241819,43.1120469],[3.0233027,43.1119552],[3.0228379,43.1115793],[3.0231394,43.1110474],[3.02275,43.1109557],[3.0226997,43.1106072],[3.0228002,43.109947],[3.0229886,43.109736],[3.023177,43.1099745],[3.023893,43.1094793],[3.0239935,43.1096535],[3.0240061,43.1100662],[3.0243076,43.1102037],[3.0245462,43.1101304],[3.024408,43.1095618],[3.025325,43.1094609],[3.0256642,43.1090299],[3.0250989,43.1089199],[3.0239433,43.1091308],[3.0234659,43.1090024],[3.02275,43.1090299],[3.0215943,43.1096168],[3.0210416,43.1095251],[3.021632,43.1090208],[3.0225113,43.1088465],[3.0233152,43.1085622],[3.0234911,43.1080854],[3.0241066,43.1082321],[3.0247221,43.1079295],[3.0248979,43.1081496],[3.024094,43.108874],[3.0252245,43.1086723],[3.025727,43.1082688],[3.0258777,43.1085897],[3.0263425,43.108388],[3.0269957,43.1085256],[3.0267193,43.1086815],[3.0271967,43.1088465],[3.0268198,43.1091125],[3.0274353,43.1091308],[3.0275232,43.1100478],[3.026958,43.1105889],[3.0276379,43.1102832],[3.0283663,43.1104323],[3.0282952,43.1111197],[3.0278866,43.1112364],[3.0277978,43.1115995],[3.0275225,43.1116319],[3.027407,43.1119886],[3.0269629,43.1118978],[3.0262967,43.1119821],[3.0257105,43.1122479],[3.025897,43.1119302],[3.0262168,43.111807]],[[3.0224968,43.1112807],[3.0226668,43.1117849],[3.0225287,43.1120176],[3.0212004,43.1119943],[3.0214129,43.1116452],[3.0211898,43.1114823],[3.0207223,43.1114513],[3.020446,43.1115909],[3.0204885,43.1118081],[3.020361,43.1121184],[3.0196703,43.1124132],[3.0192772,43.1119167],[3.0192984,43.1116995],[3.0194153,43.1115677],[3.0192984,43.1112264],[3.0195641,43.1111333],[3.0197553,43.1107377],[3.0209135,43.1102102],[3.0212536,43.1102645],[3.0220292,43.1101016],[3.0224118,43.1101869],[3.0224861,43.1104662],[3.0224436,43.1106523],[3.0225605,43.1109161],[3.0224968,43.1112807]],[[3.0198828,43.1125761],[3.0204991,43.1122813],[3.0205841,43.1123589],[3.0202972,43.1129407],[3.0198828,43.1125761]],[[3.0222736,43.113856],[3.0213811,43.112227],[3.0225818,43.1122425],[3.0224755,43.1137474],[3.0222736,43.113856]],[[3.0287681,43.1126466],[3.0290476,43.1126174],[3.0290755,43.1127952],[3.0293311,43.1129701],[3.0291035,43.1129934],[3.0292033,43.1130401],[3.0291754,43.1131654],[3.0290755,43.1131596],[3.0290596,43.1130051],[3.028832,43.1130284],[3.028848,43.1134686],[3.0283449,43.113454],[3.0283089,43.112976],[3.0287681,43.1126466]],[[3.0221574,43.1138739],[3.0217423,43.113983],[3.0204307,43.1130376],[3.0207462,43.1123953],[3.0212111,43.1122619],[3.0221574,43.1138739]],[[3.0237674,43.1135508],[3.0233655,43.114211],[3.0234534,43.1137067],[3.0231017,43.1136517],[3.0229509,43.113294],[3.0232022,43.1128997],[3.0227876,43.1128264],[3.0229384,43.1125421],[3.0228253,43.1122945],[3.0237925,43.1121753],[3.02481,43.1122212],[3.0252371,43.112322],[3.0244332,43.1124596],[3.0242824,43.1127255],[3.0248854,43.112588],[3.0253125,43.1127438],[3.024609,43.1134224],[3.0241568,43.1132849],[3.0237674,43.1135508]],[[3.0176679,43.1138609],[3.0173099,43.1139985],[3.0169017,43.1136615],[3.0174167,43.1136157],[3.0176679,43.1138609]],[[3.0278418,43.1133717],[3.0275683,43.1133306],[3.0277651,43.1134761],[3.027737,43.1135582],[3.027852,43.1135843],[3.0276246,43.1136422],[3.0277907,43.1137914],[3.0275453,43.1137112],[3.0275249,43.1138156],[3.0278009,43.1139388],[3.0277932,43.1140376],[3.0276884,43.1140768],[3.0278494,43.1141887],[3.0276322,43.1142839],[3.0277165,43.1144238],[3.0274048,43.1144219],[3.027415,43.1142522],[3.0272872,43.1141458],[3.0274099,43.1138977],[3.027369,43.1137504],[3.0275428,43.1135974],[3.0273818,43.1135209],[3.027599,43.1131963],[3.0278418,43.1133717]],[[3.0238956,43.1144631],[3.0236698,43.1142594],[3.0237096,43.1139492],[3.023869,43.1136777],[3.0240948,43.1135807],[3.0241612,43.1134256],[3.0243206,43.113445],[3.0244003,43.1135807],[3.0247191,43.1136195],[3.025091,43.1133189],[3.0253433,43.1132414],[3.0254097,43.1134547],[3.0252105,43.1135807],[3.0251706,43.1138134],[3.0254363,43.1140946],[3.0256887,43.1141722],[3.0258082,43.1142982],[3.0257418,43.1144146],[3.0246394,43.1146473],[3.0238956,43.1144631]],[[3.0166617,43.1141016],[3.0165298,43.1141475],[3.0165298,43.1142484],[3.0163853,43.1142529],[3.0163853,43.1141337],[3.0162283,43.1140237],[3.0163225,43.1138862],[3.016222,43.113579],[3.0163414,43.1134781],[3.0167433,43.1135056],[3.016781,43.1136523],[3.0171139,43.1140237],[3.017384,43.1141246],[3.017855,43.1141062],[3.0180937,43.1143538],[3.0179178,43.1146977],[3.017654,43.1147023],[3.0175033,43.1147894],[3.0171327,43.1141154],[3.017026,43.1140833],[3.0167371,43.1142117],[3.0166617,43.1141016]],[[3.0179615,43.1161875],[3.017718,43.1157044],[3.0177152,43.1163635],[3.0173421,43.1162792],[3.0176175,43.1159939],[3.017351,43.1159485],[3.0168314,43.1160911],[3.0164894,43.1158772],[3.0165072,43.1156405],[3.0171469,43.1154233],[3.0172816,43.1149154],[3.0171529,43.1147527],[3.0170053,43.1147733],[3.0168012,43.1145235],[3.0168797,43.114434],[3.016663,43.1143538],[3.0166693,43.1144707],[3.0163929,43.1143194],[3.0171608,43.1142297],[3.017657,43.1152471],[3.0177356,43.1151377],[3.0182551,43.1150003],[3.0189533,43.1149967],[3.0191658,43.1151518],[3.0193168,43.1155265],[3.0192679,43.1158209],[3.0189489,43.1159079],[3.0192015,43.11616],[3.0189533,43.116228],[3.0179615,43.1161875]],[[3.0247151,43.1173938],[3.0242378,43.1173938],[3.0240619,43.115239],[3.0243383,43.1153032],[3.0247779,43.115835],[3.0247653,43.1163394],[3.024602,43.1168162],[3.0249161,43.1172013],[3.0247151,43.1173938]],[[3.0178848,43.1166965],[3.0180104,43.116802],[3.0177278,43.1168799],[3.0177717,43.1172696],[3.017935,43.1173567],[3.018092,43.11721],[3.018092,43.1171],[3.0184437,43.1171],[3.0185191,43.1172283],[3.01845,43.1174163],[3.0186824,43.1174942],[3.018651,43.117696],[3.017464,43.1176914],[3.0173258,43.1177739],[3.0170557,43.1176776],[3.0170494,43.1174255],[3.0171248,43.11732],[3.0175896,43.1172558],[3.0175142,43.1169808],[3.0172441,43.1167424],[3.0178848,43.1166965]],[[3.0309225,43.1223081],[3.0309687,43.1219114],[3.0310029,43.1223042],[3.0309225,43.1223081]],[[3.0188771,43.1222941],[3.0189965,43.1224133],[3.0184061,43.122638],[3.0178534,43.1224317],[3.0179539,43.1223491],[3.0188771,43.1222941]],[[3.0193293,43.1230276],[3.0194801,43.123156],[3.0194173,43.1232889],[3.0185129,43.1233852],[3.0174075,43.1233072],[3.0174263,43.1232156],[3.0176713,43.1230964],[3.0193293,43.1230276]],[[3.0179413,43.1236465],[3.0183558,43.1238803],[3.0191661,43.1238986],[3.0194738,43.1239811],[3.0174828,43.1241003],[3.0174389,43.1237198],[3.0179413,43.1236465]],[[3.0180139,43.1380231],[3.0179165,43.1380506],[3.0178004,43.1376221],[3.0179071,43.1376221],[3.0180139,43.1380231]],[[3.0176622,43.1378398],[3.0177376,43.1380758],[3.0175994,43.138085],[3.0175648,43.137849],[3.0176622,43.1378398]],[[3.0208164,43.1378492],[3.02092,43.1382021],[3.0208069,43.1382158],[3.0206813,43.1378744],[3.0207912,43.1377827],[3.0209671,43.1377232],[3.021121,43.1380921],[3.0210299,43.1381036],[3.0209231,43.1378263],[3.0208164,43.1378492]],[[3.0193492,43.1379964],[3.0201652,43.1377632],[3.0204237,43.1382842],[3.0195804,43.1384628],[3.0193492,43.1379964]],[[3.0184447,43.1382495],[3.019254,43.1380212],[3.0194784,43.1384926],[3.0186623,43.1386613],[3.0184447,43.1382495]],[[3.0178803,43.1383934],[3.0183427,43.1382743],[3.0185603,43.1386862],[3.0180911,43.1388052],[3.0178803,43.1383934]],[[3.0244133,43.197529],[3.0243301,43.197703],[3.0238581,43.1979768],[3.0226913,43.1984793],[3.02109,43.1994139],[3.0207661,43.1992089],[3.0225874,43.1982367],[3.0241035,43.1971479],[3.0244133,43.197529]],[[3.0171338,43.1993171],[3.0169981,43.1992024],[3.0174808,43.1990327],[3.0185915,43.1993918],[3.0195931,43.1999838],[3.0205093,43.1993779],[3.0207548,43.1996212],[3.0198857,43.2002117],[3.0196483,43.2002605],[3.018499,43.1996241],[3.0171338,43.1993171]],[[3.0219753,43.2039168],[3.0216358,43.2036825],[3.0227082,43.2034549],[3.0229012,43.2035093],[3.0229205,43.2036749],[3.0219753,43.2039168]],[[3.0483131,42.8921664],[3.0483051,42.8920406],[3.0483359,42.8921624],[3.0483131,42.8921664]],[[3.0483654,42.8956278],[3.0484043,42.8956405],[3.0483936,42.8958803],[3.0483654,42.8956278]],[[3.0490212,42.8986145],[3.0492412,42.8986567],[3.0490226,42.8986616],[3.0488294,42.8987795],[3.0487771,42.8984524],[3.0490212,42.8986145]],[[3.0373561,42.9041032],[3.0372501,42.904016],[3.0373765,42.9040006],[3.0373561,42.9041032]],[[3.0375721,42.9041068],[3.0374342,42.9040497],[3.0375458,42.9040037],[3.0375721,42.9041068]],[[3.0374944,42.90436],[3.0373565,42.9043029],[3.0374681,42.9042569],[3.0374944,42.90436]],[[3.0362029,42.9058173],[3.0358159,42.9054886],[3.0365586,42.9048685],[3.0368505,42.9050075],[3.0370301,42.9052095],[3.0369878,42.9053257],[3.0364967,42.9054429],[3.0362962,42.9057819],[3.0362029,42.9058173]],[[3.0383142,42.905605],[3.0377769,42.9054881],[3.0370035,42.905763],[3.0369656,42.9055892],[3.0375239,42.9053935],[3.0383142,42.905605]],[[3.041169,43.0054376],[3.0409209,43.005412],[3.0409803,43.0050201],[3.0411341,43.0049665],[3.0412494,43.0050252],[3.041169,43.0054376]],[[3.0531275,43.0044845],[3.0531648,43.0045748],[3.0461791,43.0053423],[3.045493,43.0081878],[3.0490171,43.0089655],[3.0491583,43.0088826],[3.049667,43.0089199],[3.0498941,43.0090467],[3.0512573,43.0093527],[3.0487833,43.0102229],[3.0474053,43.0136477],[3.0490676,43.0091931],[3.0414086,43.007488],[3.0415108,43.0073557],[3.0453355,43.0081666],[3.0461417,43.0052287],[3.0531275,43.0044845]],[[3.0406799,43.0074428],[3.0391742,43.0070905],[3.0388912,43.0069039],[3.0406687,43.0073208],[3.0406799,43.0074428]],[[3.0412198,43.0073097],[3.0412198,43.0074535],[3.0410625,43.0074305],[3.0410625,43.007281],[3.0412198,43.0073097]],[[3.0370667,43.007449],[3.0373399,43.0073245],[3.0373993,43.0071652],[3.0375142,43.0071681],[3.0375736,43.0073853],[3.0374231,43.0077994],[3.0372607,43.0078833],[3.0370152,43.0076806],[3.0370667,43.007449]],[[3.0363262,43.0083959],[3.0363816,43.0082569],[3.0367895,43.0081411],[3.0370429,43.0081961],[3.0371142,43.0085117],[3.036936,43.0096092],[3.0364094,43.0097945],[3.0363262,43.0083959]],[[3.0475403,43.0102093],[3.0478442,43.010401],[3.0477265,43.0104733],[3.0474985,43.0104149],[3.0464385,43.0105316],[3.0463739,43.0103955],[3.0461345,43.010226],[3.0456976,43.0101816],[3.0456102,43.0099482],[3.045709,43.0096676],[3.0458192,43.0096092],[3.0460813,43.009612],[3.0466436,43.0093231],[3.0472857,43.0093453],[3.0474073,43.0094148],[3.0474643,43.0095731],[3.0478138,43.0096315],[3.0478556,43.0097259],[3.0476391,43.0099121],[3.0475403,43.0102093]],[[3.0554375,43.0128668],[3.0543454,43.0117261],[3.0532326,43.0112815],[3.0530682,43.0111258],[3.0529097,43.0097999],[3.0530564,43.0096246],[3.0536108,43.0093959],[3.0540473,43.0099013],[3.055478,43.0101684],[3.0557875,43.0103681],[3.0558741,43.0126991],[3.0555734,43.0129167],[3.0554375,43.0128668]],[[3.0520969,43.0130909],[3.0511555,43.0128814],[3.051015,43.0130132],[3.0499701,43.0127639],[3.0501046,43.012576],[3.0499873,43.0101912],[3.0502589,43.0100862],[3.0504536,43.0101497],[3.0511195,43.0111298],[3.0512439,43.0120982],[3.0520368,43.0124187],[3.0522535,43.0128259],[3.0520969,43.0130909]],[[3.0443577,43.0117561],[3.0434513,43.012087],[3.044191,43.0117581],[3.0443577,43.0117561]],[[3.0497779,43.0134508],[3.0495414,43.0132976],[3.0492206,43.0133193],[3.0490676,43.013161],[3.0491637,43.0130783],[3.0493708,43.0131603],[3.0497273,43.013105],[3.0498519,43.0128694],[3.0499278,43.0133796],[3.0497779,43.0134508]],[[3.0374269,43.0251225],[3.0368896,43.0250453],[3.0367716,43.0252335],[3.0350809,43.0255352],[3.0343217,43.025527],[3.0341989,43.0254618],[3.034065,43.0251516],[3.033797,43.0248496],[3.033183,43.0245966],[3.0326248,43.0245885],[3.0324462,43.0244987],[3.032368,43.0243191],[3.0325801,43.0241559],[3.0337524,43.0239192],[3.0350791,43.0238236],[3.0354948,43.0241364],[3.0356027,43.0241006],[3.0360437,43.0242114],[3.0363974,43.0244618],[3.0366321,43.0244943],[3.0368746,43.0249048],[3.0370465,43.0249551],[3.0377787,43.0246609],[3.0381273,43.0247242],[3.0382481,43.0246747],[3.0386129,43.0242805],[3.03835,43.0240531],[3.0386853,43.0241531],[3.0387443,43.0242374],[3.0381113,43.0248394],[3.0376902,43.0248727],[3.0375802,43.0250668],[3.0374269,43.0251225]],[[3.0538748,43.0243166],[3.0543055,43.0248536],[3.0543823,43.0252556],[3.0538398,43.0253276],[3.0557147,43.0255904],[3.05572,43.0258825],[3.0548966,43.0260825],[3.0542099,43.0261492],[3.0540866,43.0258512],[3.0539551,43.0257178],[3.0537969,43.0256884],[3.0535662,43.0254257],[3.0535823,43.0253315],[3.053762,43.0252864],[3.0530432,43.0249727],[3.0530042,43.024732],[3.0527267,43.0247041],[3.0524611,43.0243766],[3.0523244,43.0239962],[3.0521607,43.023904],[3.0526167,43.0238491],[3.0530982,43.0240756],[3.0530351,43.0246511],[3.0532489,43.0241237],[3.0534388,43.0240746],[3.0538748,43.0243166]],[[3.0565997,43.0319402],[3.0564466,43.0318689],[3.0557289,43.0306736],[3.0567872,43.0307782],[3.0569067,43.030851],[3.0574028,43.0315821],[3.0570087,43.0307898],[3.0579718,43.0308909],[3.0582885,43.0314368],[3.0585708,43.0317416],[3.0585444,43.0315197],[3.0582304,43.0310163],[3.0587661,43.0308388],[3.0582858,43.0309565],[3.0581655,43.030783],[3.0587451,43.0306528],[3.0592253,43.0312709],[3.0591936,43.031595],[3.0589139,43.0319557],[3.0587767,43.0319962],[3.0584442,43.032949],[3.0583571,43.0329297],[3.0579375,43.0323588],[3.0580589,43.0326906],[3.0584072,43.0331284],[3.0582858,43.0337765],[3.0578821,43.0339713],[3.0577581,43.0339019],[3.0574124,43.0332654],[3.0566762,43.032245],[3.0565997,43.0319846],[3.0570087,43.0318534],[3.0565997,43.0319402]],[[3.0471267,43.043869],[3.0459881,43.0439838],[3.0455235,43.0443329],[3.0453468,43.044615],[3.0445878,43.045318],[3.0442541,43.0453849],[3.044012,43.0452845],[3.0439858,43.0451937],[3.0443261,43.0448015],[3.0445813,43.0447298],[3.0461844,43.0433669],[3.0464985,43.042903],[3.0469762,43.0418413],[3.0471986,43.0418413],[3.0474669,43.0420279],[3.0478399,43.0424726],[3.0480951,43.0430034],[3.0479904,43.0434769],[3.0471267,43.043869]],[[3.0559313,43.0473316],[3.0557065,43.0469248],[3.0557357,43.046905],[3.0559953,43.047308],[3.0559313,43.0473316]],[[3.043284,43.0490163],[3.0437706,43.0495003],[3.043946,43.0498856],[3.0439414,43.0503237],[3.043543,43.0506667],[3.042523,43.0509367],[3.0408151,43.0510929],[3.0392188,43.0516753],[3.0387808,43.0516863],[3.0384184,43.0515318],[3.0382674,43.0512891],[3.0387872,43.0502771],[3.0388162,43.0497463],[3.0393735,43.048944],[3.0401904,43.048287],[3.0425717,43.048153],[3.0433721,43.0481971],[3.043508,43.0483627],[3.0433872,43.0485393],[3.043284,43.0490163]],[[3.0579543,43.08386],[3.0580018,43.0839893],[3.0579461,43.0840731],[3.0578854,43.0840312],[3.0578592,43.0841737],[3.0577723,43.0838397],[3.0579543,43.08386]],[[3.0560012,43.0473204],[3.056228,43.0476625],[3.0563129,43.0476353],[3.0578217,43.0500017],[3.0580555,43.0506202],[3.0581078,43.0512339],[3.0577139,43.0529722],[3.0575578,43.0533462],[3.0572955,43.053651],[3.0568758,43.0539078],[3.0561159,43.0540677],[3.0556818,43.0540505],[3.0531983,43.0535601],[3.0525012,43.0535926],[3.0478182,43.0557147],[3.0466465,43.0560474],[3.0445208,43.0562943],[3.043225,43.0566634],[3.0426952,43.0569595],[3.0342915,43.0623435],[3.033476,43.0631369],[3.0324157,43.0644926],[3.0312851,43.0656138],[3.0297068,43.0681982],[3.0287111,43.0691583],[3.0280358,43.0699755],[3.0265897,43.0709881],[3.0255193,43.0716255],[3.0247948,43.0722007],[3.0230143,43.072963],[3.0226789,43.0733844],[3.0226798,43.0736671],[3.0228841,43.0741993],[3.0231804,43.074728],[3.0238776,43.0756606],[3.0239967,43.0764997],[3.0242732,43.0773624],[3.024669,43.0779775],[3.0279353,43.0822256],[3.0285199,43.0832003],[3.0292783,43.083995],[3.02942,43.0842408],[3.0295642,43.0851901],[3.0298735,43.0860162],[3.0301413,43.0871355],[3.030391,43.0877221],[3.0309385,43.0885125],[3.0310427,43.0889038],[3.0311126,43.0900672],[3.0313701,43.0915339],[3.0306425,43.0929648],[3.0306931,43.0933674],[3.0309571,43.0940774],[3.0309977,43.0945343],[3.0304613,43.0957169],[3.0304445,43.0959539],[3.0306913,43.0966708],[3.0306949,43.0971543],[3.0302123,43.0981084],[3.0301781,43.0983196],[3.0306803,43.0993923],[3.0308223,43.1009273],[3.03157,43.1023216],[3.0313245,43.1033845],[3.0322261,43.1052132],[3.0323283,43.1058255],[3.0322953,43.107296],[3.0322284,43.1076084],[3.031181,43.110129],[3.0312843,43.1114811],[3.0310496,43.1121835],[3.0309186,43.1132064],[3.0304936,43.1145474],[3.0304212,43.1150547],[3.0310342,43.1215874],[3.0309686,43.1219071],[3.0308801,43.1219072],[3.0307363,43.1214467],[3.0301498,43.1150491],[3.0302263,43.1145126],[3.0306494,43.1131834],[3.0307835,43.1121458],[3.0310165,43.1114484],[3.0309126,43.1100997],[3.0320256,43.107276],[3.0320573,43.1058231],[3.0319657,43.1052694],[3.0311358,43.1036869],[3.0310521,43.1033993],[3.0310814,43.1030495],[3.0312707,43.1025199],[3.0312623,43.1021387],[3.0305648,43.1008853],[3.0304394,43.0994341],[3.0299626,43.0985431],[3.0299271,43.0983226],[3.0304502,43.0971453],[3.0304823,43.0969077],[3.0301724,43.0959682],[3.0301926,43.095684],[3.0307487,43.0945389],[3.0306926,43.0941205],[3.0304283,43.0934095],[3.0303717,43.0929391],[3.0304754,43.0926541],[3.031015,43.091836],[3.031108,43.0915297],[3.0307605,43.0887498],[3.0299359,43.0873033],[3.0293512,43.0853733],[3.0291581,43.084296],[3.0282772,43.0832883],[3.0276925,43.0823135],[3.0241644,43.0776412],[3.0238189,43.0768988],[3.0236285,43.0757113],[3.0228666,43.0746638],[3.0224798,43.0738495],[3.0223598,43.0731469],[3.0226836,43.0728613],[3.0246222,43.0720475],[3.0278821,43.0698545],[3.0294694,43.0681027],[3.0306542,43.0663421],[3.0310546,43.0655086],[3.0321875,43.0643857],[3.0332457,43.0630328],[3.0340927,43.062209],[3.042524,43.0568062],[3.0430844,43.0564929],[3.0444567,43.0561014],[3.0465953,43.0558826],[3.0476971,43.0555657],[3.0524124,43.0534038],[3.0532434,43.0533642],[3.0561126,43.0538902],[3.0568181,43.053732],[3.0571509,43.0535121],[3.057378,43.0532271],[3.0574927,43.0529238],[3.0578366,43.0512219],[3.0577873,43.0506484],[3.0575711,43.0500769],[3.0560681,43.0477195],[3.0561659,43.0476867],[3.0559589,43.0473872],[3.0560012,43.0473204]],[[3.0548509,43.0849472],[3.0548837,43.0851364],[3.0547888,43.0854216],[3.0537262,43.0854215],[3.0533089,43.0852454],[3.0533599,43.0849491],[3.053193,43.0848035],[3.053193,43.0847137],[3.0535788,43.0844276],[3.054064,43.0845329],[3.0548509,43.0849472]],[[3.0582711,43.0859591],[3.0580931,43.0860893],[3.0582508,43.0862518],[3.0581627,43.0864516],[3.0580755,43.0864292],[3.0577054,43.0866145],[3.0570587,43.0865434],[3.0566233,43.0867496],[3.0564459,43.0867477],[3.0562338,43.0865905],[3.055903,43.0866277],[3.0553758,43.0864243],[3.055149,43.0862223],[3.055223,43.0858455],[3.0555336,43.0856965],[3.0554734,43.0855746],[3.0552783,43.0855373],[3.0550881,43.085226],[3.0552062,43.0850153],[3.055594,43.0849954],[3.0560806,43.0853039],[3.0566188,43.0851889],[3.0571339,43.085196],[3.0576095,43.0853533],[3.0576675,43.085529],[3.0577998,43.0854772],[3.0582322,43.0858116],[3.0582711,43.0859591]],[[3.0433087,43.0927893],[3.043278,43.0926775],[3.043563,43.0926775],[3.0435967,43.092588],[3.0433979,43.0921707],[3.0440413,43.0917278],[3.0440651,43.0918085],[3.0436622,43.0920268],[3.0435127,43.0922989],[3.0436304,43.0925656],[3.0437897,43.0925813],[3.0437989,43.0926752],[3.0440899,43.0925768],[3.0442339,43.0926685],[3.0442247,43.0927513],[3.0440562,43.0927961],[3.0439827,43.0929124],[3.0442706,43.0929169],[3.0442829,43.0931719],[3.0444636,43.0932122],[3.0445831,43.0933352],[3.0445035,43.0934001],[3.044335,43.0933263],[3.0441144,43.0933598],[3.0439735,43.0935701],[3.0437092,43.0937441],[3.0437655,43.0939482],[3.0440666,43.0938533],[3.0440905,43.0940035],[3.0436724,43.0941475],[3.0438348,43.0942361],[3.0436269,43.094312],[3.0435835,43.0942218],[3.0435121,43.0943247],[3.0432398,43.0944188],[3.0430789,43.0943128],[3.0431187,43.094201],[3.0430299,43.0942032],[3.0430176,43.0940869],[3.0428737,43.0940958],[3.0425979,43.0942905],[3.0425459,43.0942524],[3.042601,43.0940914],[3.0423743,43.0939191],[3.0424417,43.0937424],[3.042169,43.0935388],[3.0423314,43.0934582],[3.0422763,43.0932726],[3.0424539,43.0931137],[3.0423467,43.0929907],[3.0423406,43.0927983],[3.0426347,43.0925992],[3.042555,43.0927356],[3.0428124,43.0927468],[3.0428032,43.0928833],[3.0429839,43.0929527],[3.0433087,43.0927893]],[[3.0381728,43.0955043],[3.0381483,43.0956787],[3.0377423,43.0958818],[3.0376259,43.095676],[3.0376351,43.0954344],[3.037534,43.0953584],[3.0378006,43.095204],[3.0378802,43.0949266],[3.0380947,43.0946112],[3.0383459,43.0946537],[3.0385205,43.0947991],[3.0386982,43.0947342],[3.0387931,43.094864],[3.0387748,43.0950295],[3.0392282,43.0943248],[3.0395621,43.0943226],[3.0398593,43.094506],[3.0400002,43.0947074],[3.0403035,43.0945754],[3.0405179,43.0945821],[3.040858,43.0944009],[3.041051,43.0938013],[3.0409315,43.093732],[3.0406681,43.0938707],[3.0404659,43.0937991],[3.0407263,43.0936716],[3.040858,43.0934971],[3.0409775,43.0931213],[3.0409193,43.0927544],[3.0410204,43.0922085],[3.0413886,43.091714],[3.0416767,43.0915432],[3.041967,43.0915068],[3.0417395,43.0919118],[3.0412803,43.0921633],[3.0417027,43.0922234],[3.0419562,43.0924829],[3.0413388,43.0928277],[3.0415576,43.0927992],[3.041915,43.0925936],[3.0421511,43.0928625],[3.042045,43.0931314],[3.0421511,43.0931172],[3.0422161,43.0932042],[3.0419323,43.093481],[3.0421815,43.0937895],[3.0419908,43.0941264],[3.0422204,43.094117],[3.0422984,43.0942024],[3.0421468,43.0946896],[3.0417764,43.0948383],[3.0417508,43.0949646],[3.0415489,43.0949964],[3.0409576,43.0946027],[3.0402959,43.0946609],[3.0400416,43.094813],[3.0401703,43.0948712],[3.039818,43.0951351],[3.0390337,43.0951955],[3.0387641,43.0953007],[3.0388376,43.0953387],[3.0386783,43.0953812],[3.038712,43.0954483],[3.0381728,43.0955043]],[[3.0445331,43.0946576],[3.0443432,43.0947404],[3.0439725,43.0947135],[3.0441992,43.0944585],[3.0445821,43.0945569],[3.0445331,43.0946576]],[[3.0437588,43.0954735],[3.0437111,43.0956411],[3.0431,43.0956393],[3.0431867,43.0955729],[3.0426804,43.0953549],[3.0425916,43.0951603],[3.0426712,43.0951066],[3.0426835,43.0948985],[3.0430603,43.0947173],[3.0430817,43.0945719],[3.0432441,43.0944735],[3.0433697,43.0945317],[3.0435964,43.0944377],[3.04382,43.0944869],[3.0440682,43.0943862],[3.0441264,43.0944288],[3.0438231,43.0946771],[3.0435903,43.0947285],[3.0434524,43.0948516],[3.0434861,43.094941],[3.0439273,43.0947733],[3.0442704,43.0948426],[3.0445982,43.0947621],[3.0445859,43.094865],[3.0443133,43.0951446],[3.0437588,43.0954735]],[[3.0517929,43.096168],[3.0518034,43.0962554],[3.0516774,43.0962554],[3.0517089,43.0961588],[3.051564,43.0961113],[3.0515514,43.095958],[3.051648,43.0958828],[3.0517971,43.0959089],[3.0518874,43.0961895],[3.0517929,43.096168]],[[3.0385077,43.096147],[3.0385016,43.0963349],[3.0386762,43.0964714],[3.038232,43.0967376],[3.0379839,43.0966347],[3.0379685,43.0963864],[3.0378429,43.0962902],[3.0379287,43.0959792],[3.0380513,43.0958428],[3.0380145,43.0961559],[3.0381861,43.0960351],[3.0382933,43.0961291],[3.0385077,43.096147]],[[3.0376959,43.0971358],[3.0374876,43.0971894],[3.0374508,43.0972387],[3.0375611,43.0972655],[3.0374631,43.0973237],[3.0371506,43.0971179],[3.0372088,43.0968718],[3.037316,43.0968382],[3.0373221,43.09693],[3.0374416,43.0969344],[3.0377204,43.0967063],[3.0378552,43.0967778],[3.037653,43.0970463],[3.0376959,43.0971358]],[[3.0366175,43.0978784],[3.0366941,43.0976413],[3.0367584,43.0976346],[3.0367676,43.0978203],[3.0366175,43.0978784]],[[3.0540088,43.0982218],[3.0540634,43.0983031],[3.0539206,43.098622],[3.0538177,43.0985224],[3.0538723,43.0984534],[3.0536581,43.0984089],[3.0538093,43.0983552],[3.0538555,43.0982326],[3.0540088,43.0982218]],[[3.0366309,43.0984339],[3.0367527,43.0984144],[3.0367616,43.0985879],[3.0366309,43.0985641],[3.0366309,43.0984339]],[[3.0541621,43.0987631],[3.0541096,43.0988689],[3.053992,43.0988643],[3.0540193,43.0985316],[3.0541453,43.0984503],[3.0541978,43.0984856],[3.0541453,43.098573],[3.0542419,43.0985714],[3.05416,43.0986435],[3.0544477,43.0987861],[3.0541621,43.0987631]],[[3.0367616,43.0991235],[3.0366309,43.0991864],[3.0365863,43.0993057],[3.0365923,43.0993903],[3.0367348,43.0994662],[3.036717,43.0995399],[3.036126,43.0997524],[3.0361052,43.0996115],[3.0362478,43.0993144],[3.0366487,43.0990607],[3.0363488,43.0991062],[3.0364735,43.0986703],[3.03672,43.0987093],[3.0366873,43.0988004],[3.0368002,43.098885],[3.0367081,43.0989175],[3.0366873,43.0990563],[3.0367616,43.0991235]],[[3.0544002,43.1002049],[3.054102,43.1002463],[3.0539865,43.0999718],[3.054228,43.0998492],[3.0537807,43.0997924],[3.0539508,43.0994888],[3.0538731,43.0993431],[3.0537471,43.0993493],[3.0537702,43.0991867],[3.0539235,43.0991407],[3.0538458,43.0992051],[3.0540033,43.0992067],[3.0541734,43.0990917],[3.05427,43.0991438],[3.0545808,43.0989337],[3.0548559,43.0991576],[3.0549546,43.0993508],[3.0548244,43.0994014],[3.0550176,43.0995256],[3.0547824,43.0995624],[3.0548706,43.0996421],[3.0548286,43.0997035],[3.0549861,43.0997587],[3.0547908,43.1000025],[3.0544023,43.1001068],[3.0547236,43.1001834],[3.0545766,43.1002954],[3.0544002,43.1002049]],[[3.0370853,43.0996353],[3.0372516,43.0997242],[3.0372071,43.0998565],[3.036619,43.099902],[3.0368002,43.0997372],[3.0370853,43.0996353]],[[3.0554045,43.1000351],[3.0552134,43.1000704],[3.0551294,43.1000014],[3.0551462,43.0999063],[3.055247,43.1000213],[3.0554045,43.1000351]],[[3.0379436,43.1001818],[3.0378604,43.100455],[3.0378931,43.1006111],[3.0372872,43.1006133],[3.0368299,43.100442],[3.0368299,43.1002989],[3.0371566,43.0999107],[3.0376139,43.0999823],[3.0379436,43.1001818]],[[3.0349965,43.1036064],[3.0345303,43.1035501],[3.0345136,43.1034696],[3.0349315,43.1032549],[3.0344338,43.1032963],[3.0343309,43.1031108],[3.0341923,43.1030817],[3.0341965,43.1029268],[3.0340621,43.1028962],[3.0339844,43.1027766],[3.0338647,43.1028318],[3.0336169,43.1027137],[3.0336841,43.1024086],[3.0335665,43.1024224],[3.0335434,43.1023457],[3.0336841,43.1022246],[3.0338143,43.1022721],[3.0337639,43.1020973],[3.0341524,43.1016956],[3.0349105,43.1019593],[3.0357736,43.1018244],[3.0352969,43.1015745],[3.0352969,43.1016419],[3.0349693,43.1016618],[3.0344317,43.1016021],[3.0343561,43.1014349],[3.034417,43.101323],[3.0349882,43.100682],[3.0351163,43.1006345],[3.0351499,43.100498],[3.0353746,43.100334],[3.0355615,43.1003984],[3.0356686,43.1003493],[3.0357064,43.1000932],[3.0360886,43.1000488],[3.0363028,43.1002742],[3.0366283,43.1004413],[3.0366661,43.1005793],[3.0368425,43.100567],[3.036935,43.1007955],[3.0371009,43.1007833],[3.0371513,43.1008676],[3.0376154,43.1007771],[3.0378338,43.1008599],[3.0380942,43.1008461],[3.0380333,43.1009259],[3.03809,43.1010531],[3.0379577,43.1011911],[3.0377099,43.1013184],[3.0374432,43.1013153],[3.036643,43.101944],[3.0363658,43.102062],[3.0359794,43.1020804],[3.0358891,43.1022583],[3.0360172,43.1023242],[3.0361453,43.1022844],[3.0362377,43.1025266],[3.0359857,43.1029054],[3.0356392,43.10289],[3.0354082,43.102706],[3.0351772,43.1027934],[3.0348475,43.1026892],[3.035173,43.1029376],[3.035053,43.1032682],[3.0352757,43.103318],[3.0350411,43.1033419],[3.035148,43.1035045],[3.0349965,43.1036064]],[[3.0386354,43.1054186],[3.0383592,43.1052885],[3.0378365,43.1052712],[3.0377563,43.1052083],[3.0378068,43.1051237],[3.037691,43.1050283],[3.0370584,43.1049156],[3.0361259,43.104458],[3.0360308,43.1041827],[3.0357487,43.1038726],[3.0358348,43.1037707],[3.0356477,43.1036492],[3.035915,43.1035387],[3.0362536,43.1036774],[3.036604,43.1036492],[3.0366605,43.1034563],[3.0364644,43.1032546],[3.0367792,43.1030117],[3.0368416,43.1030269],[3.036803,43.1032481],[3.0370851,43.1031462],[3.037492,43.1031722],[3.0375217,43.1032589],[3.0374089,43.1032871],[3.0374475,43.1033392],[3.037694,43.1032589],[3.0377296,43.1033283],[3.0382078,43.1033088],[3.0385909,43.1031961],[3.0387928,43.1032329],[3.038873,43.1030313],[3.0390156,43.1030074],[3.0392443,43.1031852],[3.0397818,43.1032719],[3.0403194,43.1036948],[3.0406371,43.1037273],[3.0409549,43.1039788],[3.0412044,43.1040157],[3.0413232,43.1041219],[3.041638,43.1041458],[3.0419884,43.1045253],[3.0418756,43.1046879],[3.0407292,43.104896],[3.0407886,43.1050673],[3.0406668,43.1051541],[3.0398026,43.1053557],[3.0386354,43.1054186]],[[3.0416404,43.1051051],[3.0417916,43.1048475],[3.0419596,43.1047954],[3.0420878,43.1049714],[3.0420967,43.1051405],[3.0419868,43.1052012],[3.0417314,43.1051557],[3.0416542,43.105327],[3.0415681,43.1053031],[3.0415829,43.1052207],[3.0413453,43.1052229],[3.0414514,43.1053474],[3.041254,43.1052523],[3.040939,43.1052492],[3.0410482,43.1051419],[3.0413968,43.105102],[3.0412666,43.105007],[3.0416404,43.1051051]],[[3.0405791,43.1052858],[3.040689,43.1053487],[3.0404722,43.1055113],[3.0405613,43.1055915],[3.0404336,43.1056934],[3.0398159,43.1058929],[3.0396198,43.1058972],[3.0394921,43.1058083],[3.0394119,43.1058344],[3.0394981,43.1058994],[3.0387734,43.1061531],[3.0385893,43.1061119],[3.0386427,43.1060295],[3.0384349,43.1060078],[3.0383992,43.1058474],[3.0385685,43.1057259],[3.0383873,43.1057238],[3.0383458,43.1058322],[3.0381676,43.1056804],[3.0384438,43.1055763],[3.0386012,43.1056284],[3.0389754,43.105572],[3.0390704,43.1058474],[3.0394743,43.1054853],[3.0396881,43.1055091],[3.0399584,43.105405],[3.0400208,43.1055113],[3.0402019,43.105533],[3.0405791,43.1052858]],[[3.0417026,43.1062938],[3.0410433,43.1065735],[3.0413729,43.1061334],[3.0412333,43.1059577],[3.0412482,43.1058493],[3.0413106,43.1058428],[3.0414145,43.1060748],[3.0416788,43.1062158],[3.0418273,43.1061811],[3.0417085,43.106064],[3.0419431,43.1058363],[3.0422995,43.105819],[3.0423411,43.1057236],[3.0424955,43.1057279],[3.0426233,43.1056],[3.0426856,43.1056737],[3.0429084,43.1056693],[3.0428905,43.1058645],[3.0426589,43.1060076],[3.0427094,43.1060553],[3.0424451,43.1060705],[3.0426945,43.1062374],[3.0430479,43.1060813],[3.0429796,43.1060206],[3.0430301,43.1058667],[3.0434815,43.1059252],[3.0438053,43.1058667],[3.0438201,43.1059772],[3.0439924,43.1060141],[3.0440726,43.1059447],[3.0439627,43.1058949],[3.0441112,43.1058862],[3.0442656,43.1060336],[3.0437548,43.1061269],[3.0436271,43.1060358],[3.0433004,43.1060445],[3.043241,43.1059751],[3.0431222,43.1060293],[3.0431341,43.1061789],[3.0426975,43.1063328],[3.0421006,43.1062244],[3.0417026,43.1062938]],[[3.0588594,43.1102214],[3.0581277,43.1101901],[3.057823,43.1102547],[3.0577538,43.1100812],[3.0575486,43.1099771],[3.057622,43.1097642],[3.057527,43.1097547],[3.0576285,43.1096727],[3.0573628,43.1096033],[3.0573325,43.1095165],[3.0574125,43.1094013],[3.057259,43.1093446],[3.0571705,43.10919],[3.0571964,43.1090401],[3.05746,43.1088335],[3.0571445,43.1087767],[3.0571769,43.1086189],[3.0570106,43.1085558],[3.057097,43.108376],[3.0573412,43.1084312],[3.0573649,43.1083665],[3.0572007,43.1082687],[3.0570538,43.1083445],[3.0570667,43.1082609],[3.0569479,43.1082861],[3.0569306,43.108212],[3.0570041,43.1081978],[3.0568982,43.108081],[3.0569457,43.1079864],[3.056734,43.1079201],[3.056855,43.1077277],[3.0567426,43.1076977],[3.056613,43.1074989],[3.0565028,43.1075226],[3.0563472,43.1072702],[3.0563883,43.1071866],[3.0565352,43.1072339],[3.0566821,43.1071235],[3.0565957,43.107144],[3.0565525,43.1069563],[3.0564207,43.1070289],[3.0564185,43.107114],[3.0563472,43.107103],[3.0564164,43.1069768],[3.0561549,43.1068175],[3.0561787,43.1067181],[3.0559626,43.1065335],[3.0559475,43.1064515],[3.0560577,43.1064436],[3.0560685,43.1063521],[3.0559713,43.106319],[3.0559648,43.1064105],[3.0558222,43.1062291],[3.056021,43.1060555],[3.0559561,43.1060129],[3.055753,43.106106],[3.055658,43.1058031],[3.0555283,43.1057432],[3.0555867,43.1055807],[3.0556558,43.1056454],[3.0556234,43.1057195],[3.0557163,43.1056154],[3.055928,43.1055697],[3.0560447,43.1055775],[3.0558589,43.1056406],[3.0558956,43.1056974],[3.0561247,43.1056533],[3.0562284,43.1054214],[3.0561074,43.1053157],[3.055753,43.1054072],[3.0556342,43.1052952],[3.0555456,43.1053346],[3.0556515,43.1053851],[3.055645,43.1055113],[3.0554873,43.1053598],[3.0553533,43.1053898],[3.0550227,43.1045821],[3.0551351,43.1043108],[3.0548715,43.104172],[3.0548866,43.1040394],[3.0547245,43.104123],[3.0547742,43.1040142],[3.0547159,43.1039669],[3.0548174,43.1039132],[3.0545452,43.1037634],[3.0545776,43.1034668],[3.0544609,43.1033548],[3.054556,43.1033153],[3.0545971,43.1031166],[3.0549471,43.1029919],[3.055053,43.1027821],[3.0549039,43.1026354],[3.0548369,43.102689],[3.0548974,43.1028058],[3.0548196,43.1028042],[3.0545063,43.1025376],[3.0546684,43.1025455],[3.0549406,43.1023625],[3.0558935,43.1021968],[3.056237,43.1020138],[3.0564012,43.1022173],[3.0562694,43.1023514],[3.0563515,43.1024098],[3.0564704,43.1023782],[3.0570041,43.1025234],[3.057447,43.1024382],[3.0575896,43.1025612],[3.0577279,43.1025202],[3.0580002,43.1026086],[3.0579807,43.1026985],[3.0573347,43.1028783],[3.0574535,43.1029336],[3.0579008,43.1027963],[3.0580758,43.1029194],[3.058253,43.102913],[3.0581536,43.103074],[3.0584971,43.1031166],[3.0586808,43.1030172],[3.0588256,43.1031134],[3.0587327,43.1032712],[3.0589098,43.1032806],[3.0589747,43.1034273],[3.0592037,43.1034147],[3.059316,43.1034983],[3.0593031,43.1035898],[3.059558,43.1036656],[3.0597914,43.1038517],[3.0593636,43.1038549],[3.0593765,43.1039669],[3.0589401,43.1041451],[3.0589876,43.1042429],[3.0587197,43.1042824],[3.0589142,43.1043486],[3.0590265,43.1042966],[3.0589898,43.1043581],[3.0590805,43.1044039],[3.0594025,43.1042997],[3.0593938,43.1043676],[3.0595019,43.104377],[3.0599318,43.104123],[3.0600464,43.1042729],[3.059921,43.1043786],[3.0599837,43.1045143],[3.0598087,43.1047146],[3.0595429,43.1047083],[3.0597006,43.1047825],[3.0596855,43.1048519],[3.0597633,43.1048266],[3.0596877,43.1052163],[3.0595818,43.1052889],[3.0591734,43.1052463],[3.0591324,43.1053141],[3.0592512,43.1053488],[3.0590373,43.1053788],[3.0588796,43.1055491],[3.059275,43.1055791],[3.0592901,43.1054829],[3.0595364,43.1054545],[3.0594781,43.1055413],[3.0595516,43.1059325],[3.0593485,43.105912],[3.0593636,43.1059814],[3.0591626,43.1059909],[3.0591237,43.106065],[3.0593982,43.1060855],[3.0593722,43.106188],[3.0594975,43.1061455],[3.0595386,43.10633],[3.0596726,43.1063332],[3.0593117,43.1065509],[3.0588472,43.1066676],[3.0588861,43.1065887],[3.058657,43.1065383],[3.0588212,43.1065446],[3.0587888,43.1064436],[3.0589401,43.1063868],[3.0589098,43.1062843],[3.059288,43.1061959],[3.0588774,43.1061865],[3.0585641,43.1063332],[3.0581125,43.1068127],[3.0579029,43.1068979],[3.0580909,43.1069547],[3.0580218,43.1070667],[3.0581385,43.1070699],[3.0581039,43.107215],[3.0580045,43.1072513],[3.0581557,43.1072781],[3.0582508,43.1073901],[3.0579224,43.1074879],[3.0581212,43.1075321],[3.0583718,43.1074579],[3.0584885,43.1076173],[3.0583956,43.1077498],[3.058253,43.1077908],[3.058469,43.1077939],[3.0583005,43.1079185],[3.058562,43.107969],[3.0584626,43.1081126],[3.0585684,43.1081741],[3.058469,43.1084328],[3.0586117,43.1084391],[3.0586246,43.1086142],[3.058253,43.1086631],[3.058657,43.1087483],[3.0586894,43.1089881],[3.0584647,43.109089],[3.0587543,43.1090874],[3.0587432,43.1093603],[3.0585996,43.1094339],[3.0587921,43.1094585],[3.0589296,43.1098466],[3.0588594,43.1102214]],[[3.0384209,43.1062664],[3.0383095,43.1061269],[3.0384713,43.1061591],[3.0385154,43.1062296],[3.0384209,43.1062664]],[[3.0406453,43.1064044],[3.0406126,43.1063524],[3.0407225,43.1063025],[3.0405918,43.1062461],[3.0407641,43.106038],[3.0410759,43.1061572],[3.0406453,43.1064044]],[[3.0404879,43.1065323],[3.040678,43.1064825],[3.0407493,43.1065367],[3.0404196,43.10658],[3.0403543,43.1064911],[3.0404731,43.1064326],[3.0404879,43.1065323]],[[3.0402972,43.1072119],[3.039866,43.1073481],[3.0398398,43.1072639],[3.0400418,43.107071],[3.0402972,43.1072119]],[[3.0458998,43.1078319],[3.0460898,43.1079186],[3.0460988,43.1082634],[3.0453162,43.1084932],[3.0445633,43.1085344],[3.0442886,43.108413],[3.0442648,43.1083349],[3.0443554,43.1082569],[3.0446984,43.1083609],[3.0448365,43.1082048],[3.044547,43.1080227],[3.0444505,43.1080422],[3.0444549,43.1079251],[3.0442723,43.1079988],[3.0440584,43.1085029],[3.0438312,43.1085626],[3.0433635,43.1085073],[3.0428898,43.1085983],[3.0425482,43.1085604],[3.0425185,43.1084661],[3.0426552,43.1083913],[3.0424948,43.1082948],[3.0426448,43.1082016],[3.0425676,43.1081268],[3.0422394,43.1082005],[3.0424027,43.1083609],[3.0422126,43.1085376],[3.0417226,43.1085192],[3.0418993,43.1082959],[3.0416677,43.1082829],[3.0414568,43.1083978],[3.0410202,43.1084433],[3.0407932,43.108368],[3.0405807,43.1080812],[3.0406282,43.1079902],[3.0412608,43.10773],[3.0417835,43.1076498],[3.0425319,43.1073158],[3.0428319,43.1072833],[3.0436545,43.1068475],[3.0441297,43.1067261],[3.0442931,43.1067825],[3.0446257,43.1067087],[3.0449821,43.1069581],[3.045288,43.107008],[3.0458612,43.10688],[3.0459206,43.1068085],[3.0460631,43.106906],[3.0460898,43.1077582],[3.0458998,43.1078319]],[[3.0460097,43.1084173],[3.0460661,43.1085452],[3.0456147,43.1085409],[3.0460097,43.1084173]],[[3.0437392,43.108722],[3.0440332,43.1086786],[3.0442619,43.1088195],[3.0440896,43.1089908],[3.0438372,43.1089887],[3.0437778,43.1090841],[3.0432878,43.1091968],[3.043166,43.1090797],[3.0427383,43.1090255],[3.0425423,43.1088998],[3.043264,43.1088738],[3.0432818,43.1090125],[3.043662,43.108941],[3.0437392,43.108722]],[[3.0442486,43.1090847],[3.0444964,43.1090969],[3.0442969,43.1092104],[3.0441919,43.1094281],[3.0440911,43.1094143],[3.0441142,43.1092058],[3.0442486,43.1090847]],[[3.0435096,43.1097947],[3.0434193,43.1097349],[3.0435096,43.1097073],[3.0433899,43.1095954],[3.043354,43.1093116],[3.0437026,43.109307],[3.0441037,43.10977],[3.0443935,43.1096029],[3.0442906,43.1095446],[3.0443473,43.109448],[3.0447967,43.1089574],[3.0450277,43.1089513],[3.045139,43.1092318],[3.0454561,43.1093315],[3.0449418,43.1097503],[3.0450249,43.1099216],[3.0447071,43.1099021],[3.0447161,43.1100192],[3.044226,43.109965],[3.0441102,43.1098457],[3.0438073,43.1099368],[3.043834,43.1098327],[3.0437553,43.1098054],[3.0436335,43.1099082],[3.0434718,43.1098346],[3.0435096,43.1097947]],[[3.0460655,43.1094719],[3.0459943,43.1097169],[3.045629,43.1097884],[3.0456705,43.1095217],[3.0458072,43.1095694],[3.0459616,43.1093917],[3.0460655,43.1094719]],[[3.0428523,43.1099725],[3.0429741,43.1098361],[3.0426444,43.1096767],[3.0429594,43.109554],[3.0432744,43.109252],[3.0433017,43.1094436],[3.0432324,43.1095678],[3.0433311,43.1097257],[3.0429027,43.1100385],[3.0426906,43.1099817],[3.0428523,43.1099725]],[[3.0415678,43.1115633],[3.04153,43.1115089],[3.0416572,43.1115466],[3.0415678,43.1115633]],[[3.0414957,43.1117222],[3.0415449,43.1117072],[3.0415266,43.1117465],[3.0414957,43.1117222]],[[3.041492,43.1120582],[3.0415711,43.1119486],[3.0419148,43.1121543],[3.041492,43.1120582]],[[3.0420227,43.1125327],[3.0420238,43.1124842],[3.0420777,43.1125419],[3.0420227,43.1125327]],[[3.0570412,43.1127749],[3.0572054,43.1128443],[3.057361,43.112144],[3.0575598,43.1121251],[3.0582771,43.1128286],[3.0583423,43.1129756],[3.058217,43.1131271],[3.0582148,43.1133589],[3.0579166,43.1133116],[3.0579123,43.1134031],[3.0576206,43.1135293],[3.0592498,43.1135876],[3.0585389,43.113605],[3.0586124,43.1136933],[3.058338,43.11384],[3.058258,43.11381],[3.0585173,43.1136697],[3.0583963,43.1136176],[3.0583466,43.1137185],[3.0582209,43.1135888],[3.0576462,43.1135636],[3.0577888,43.1137434],[3.0581604,43.1136614],[3.0582858,43.1139642],[3.0575684,43.1142418],[3.0573869,43.11445],[3.0572097,43.1144627],[3.0568727,43.1147087],[3.0565961,43.1147466],[3.0557491,43.1152198],[3.0556151,43.1152008],[3.0557793,43.1149043],[3.0550231,43.1154942],[3.0556713,43.1148349],[3.0555676,43.1147876],[3.0554639,43.1149769],[3.055304,43.1150746],[3.0552608,43.1150147],[3.0552737,43.1149106],[3.0554898,43.1147781],[3.0554509,43.1147119],[3.0558139,43.1142071],[3.0564708,43.1135604],[3.0569504,43.1132765],[3.0569245,43.1130494],[3.0570412,43.1127749]],[[3.0412347,43.1225984],[3.0412825,43.1225345],[3.0411989,43.1224676],[3.0415056,43.1222845],[3.0415095,43.1221886],[3.0413781,43.1220578],[3.041621,43.1220084],[3.0418202,43.1220927],[3.041625,43.1221886],[3.0416967,43.1224037],[3.0418719,43.1224153],[3.0420153,43.1226769],[3.0417963,43.1227845],[3.0414458,43.122738],[3.0412347,43.1225984]],[[3.0470266,43.127968],[3.0471564,43.1286651],[3.0469895,43.1287158],[3.0469246,43.1286516],[3.0470034,43.1284214],[3.0469385,43.1279003],[3.0470266,43.127968]],[[3.0550113,43.1714852],[3.0548806,43.1718169],[3.0507109,43.1733952],[3.0509528,43.1739015],[3.0506238,43.1740391],[3.0503649,43.1734975],[3.0502972,43.1734922],[3.0504755,43.1733901],[3.0501956,43.1730071],[3.0498328,43.1731641],[3.0499295,43.1732682],[3.0495425,43.1735046],[3.0493852,43.1733653],[3.049465,43.1732859],[3.049049,43.1728077],[3.0489619,43.172626],[3.0497989,43.1723296],[3.0491457,43.1713857],[3.0461123,43.1726368],[3.0458873,43.1725944],[3.0457664,43.1716452],[3.0459018,43.17146],[3.0457446,43.1712977],[3.0454982,43.1690507],[3.0457069,43.168659],[3.04557,43.1672292],[3.0465074,43.1668],[3.0486696,43.1660246],[3.0494052,43.1672641],[3.0494052,43.1673614],[3.0488338,43.167601],[3.048892,43.1676983],[3.0490904,43.1677083],[3.0500073,43.1673115],[3.0505376,43.1671893],[3.0506796,43.1670296],[3.0536977,43.1658639],[3.0540678,43.1673601],[3.0540412,43.1675648],[3.054138,43.1676089],[3.0542662,43.1680853],[3.0541089,43.1682247],[3.0541452,43.1683358],[3.0543121,43.168357],[3.0544331,43.168821],[3.0538404,43.1691139],[3.053659,43.1691069],[3.0524736,43.1683976],[3.0517624,43.1686693],[3.0517212,43.1687769],[3.0519341,43.1689975],[3.0523163,43.168971],[3.0525945,43.1688563],[3.0529526,43.1689216],[3.0530639,43.1690998],[3.0529937,43.1694845],[3.0499794,43.1708853],[3.0498343,43.1710194],[3.0498923,43.1711147],[3.0501173,43.1711853],[3.0508552,43.1722421],[3.054825,43.1707883],[3.0550113,43.1714852]],[[3.0420869,43.171799],[3.04199,43.1714933],[3.0422979,43.171512],[3.0422922,43.1717512],[3.0420869,43.171799]],[[3.0353798,43.1827553],[3.0356918,43.1821209],[3.0358847,43.1820839],[3.0355692,43.1827655],[3.0353798,43.1827553]],[[3.0383225,43.2126418],[3.0383497,43.2126934],[3.034842,43.2137105],[3.0337164,43.2141932],[3.0335719,43.214066],[3.0354411,43.2133969],[3.0383225,43.2126418]],[[3.0462816,43.2254732],[3.0459393,43.2257019],[3.0457033,43.2256905],[3.0456799,43.2255771],[3.0459289,43.2255318],[3.0461688,43.2253438],[3.0462945,43.2251312],[3.0481202,43.2237385],[3.0481721,43.2237914],[3.0466317,43.2254071],[3.0462816,43.2254732]],[[3.0592859,43.0311648],[3.0589641,43.0305966],[3.0596793,43.0303957],[3.0597927,43.0304554],[3.0600855,43.0302756],[3.0594337,43.0311687],[3.0592859,43.0311648]],[[3.061157,43.0362422],[3.060348,43.0355377],[3.0596088,43.0350486],[3.0589896,43.034835],[3.0591803,43.0346503],[3.0591462,43.034256],[3.058818,43.0336935],[3.0588328,43.0324133],[3.0604673,43.0304609],[3.0610598,43.0304785],[3.0646804,43.0363796],[3.0645161,43.0366188],[3.0635371,43.0365529],[3.0620365,43.0366551],[3.061157,43.0362422]],[[3.0584445,43.034774],[3.0579333,43.0341032],[3.0584328,43.0339164],[3.0589753,43.0345094],[3.0584445,43.034774]],[[3.0647189,43.0364967],[3.0649722,43.0368509],[3.0648893,43.0369643],[3.0645133,43.0367908],[3.0647189,43.0364967]],[[3.0636925,43.0367947],[3.0611237,43.0372014],[3.0609466,43.0368393],[3.0609882,43.0363989],[3.0619981,43.0367309],[3.0637071,43.0367357],[3.0636925,43.0367947]],[[3.0837808,43.0677036],[3.0839941,43.0677489],[3.0842614,43.067672],[3.0845341,43.0678752],[3.0836053,43.0677549],[3.0832246,43.0676365],[3.0830761,43.0674906],[3.0826738,43.0673268],[3.0827899,43.0672677],[3.0832678,43.0674669],[3.0835783,43.0673742],[3.0837619,43.0674235],[3.0837808,43.0677036]],[[3.0829891,43.072683],[3.0837316,43.0727658],[3.0836776,43.0729118],[3.0835993,43.0729236],[3.0827434,43.0727481],[3.0829891,43.072683]],[[3.084959,43.0736594],[3.0851499,43.0735478],[3.0853561,43.0737626],[3.0854134,43.0740331],[3.0851346,43.0742507],[3.0850201,43.07422],[3.0852033,43.0739969],[3.084959,43.0736594]],[[3.0886265,43.0744081],[3.088848,43.0743635],[3.0885654,43.0745838],[3.088428,43.0745587],[3.0884509,43.0743495],[3.0886265,43.0744081]],[[3.0890656,43.0750413],[3.0886914,43.0750859],[3.0884776,43.0752309],[3.0882179,43.0751138],[3.0886647,43.0745922],[3.0888213,43.0746006],[3.0890542,43.0748181],[3.0890656,43.0750413]],[[3.085594,43.0774343],[3.0846851,43.074915],[3.0846317,43.0749273],[3.0855023,43.0774142],[3.0838023,43.0776195],[3.0836572,43.0773874],[3.0828725,43.0751041],[3.0839428,43.0739633],[3.0843506,43.0739521],[3.0883678,43.0770159],[3.0883372,43.0771442],[3.085594,43.0774343]],[[3.0865264,43.0752254],[3.0866982,43.0748321],[3.0873206,43.0748042],[3.0879048,43.0746145],[3.0880652,43.0748042],[3.0878857,43.0749074],[3.087943,43.0751473],[3.0878667,43.0752979],[3.088279,43.0755043],[3.0882981,43.0755935],[3.0885501,43.0755517],[3.0886112,43.0756995],[3.0884967,43.075878],[3.0880156,43.0759533],[3.0880385,43.0763215],[3.0882447,43.0765446],[3.0886036,43.0767231],[3.0886303,43.0768542],[3.0884356,43.0768654],[3.0865264,43.0752254]],[[3.0806367,43.077973],[3.0801662,43.0765929],[3.0813943,43.0765605],[3.0827903,43.0751927],[3.0836549,43.0776405],[3.0806367,43.077973]],[[3.0757655,43.0765994],[3.0800381,43.0765773],[3.0805501,43.0779516],[3.0764221,43.0784107],[3.0757655,43.0765994]],[[3.0761607,43.0784568],[3.0717498,43.0789428],[3.0715748,43.0788592],[3.0754652,43.0765919],[3.075666,43.0766597],[3.0763054,43.0783748],[3.0761607,43.0784568]],[[3.0860478,43.0787038],[3.0856247,43.0774944],[3.0874011,43.0773226],[3.0873889,43.0782843],[3.0860478,43.0787038]],[[3.0848136,43.0791087],[3.0834665,43.0777342],[3.0855376,43.0775022],[3.0859592,43.0787618],[3.0848136,43.0791087]],[[3.0953819,43.0829017],[3.0922546,43.080255],[3.0910632,43.0790725],[3.0910556,43.0789191],[3.0914652,43.0789422],[3.0918089,43.0787358],[3.0918394,43.0785852],[3.0922403,43.078627],[3.0924771,43.0785294],[3.0925153,43.0786354],[3.0924084,43.0787023],[3.0925535,43.0788474],[3.0922594,43.0789701],[3.0922327,43.0790621],[3.0925267,43.0790789],[3.0927253,43.0795195],[3.093046,43.0796478],[3.0932894,43.08036],[3.0938564,43.0805651],[3.0940616,43.0807504],[3.0941426,43.0810029],[3.0940292,43.0813815],[3.094148,43.0816655],[3.094499,43.0817325],[3.0947366,43.0818864],[3.0947906,43.0820165],[3.0945476,43.0819928],[3.0944936,43.0820954],[3.0954117,43.0828369],[3.0953819,43.0829017]],[[3.0672525,43.0815592],[3.0674405,43.0815434],[3.0674578,43.0816492],[3.0673303,43.0816776],[3.0672525,43.0815592]],[[3.0929569,43.0871357],[3.0905206,43.0847356],[3.0905465,43.0846599],[3.0902398,43.0843318],[3.090127,43.0840534],[3.0897475,43.0840238],[3.0868553,43.0811686],[3.0859358,43.0801578],[3.0857891,43.0800909],[3.0851568,43.0793122],[3.0849032,43.079156],[3.0873257,43.0783705],[3.0874235,43.0784152],[3.0875548,43.0778707],[3.0878939,43.0775918],[3.0878084,43.0774646],[3.087845,43.077304],[3.0884682,43.0772035],[3.0887065,43.0772928],[3.096087,43.0837612],[3.0968416,43.0846291],[3.0972387,43.0852448],[3.0974892,43.0854055],[3.0984148,43.0865277],[3.098424,43.0867753],[3.098314,43.0870475],[3.093406,43.0872473],[3.0929569,43.0871357]],[[3.0673865,43.0819332],[3.0674383,43.0817296],[3.0675997,43.0817072],[3.0683667,43.0832868],[3.0680403,43.0831616],[3.0679089,43.0830054],[3.0678753,43.0826885],[3.0674842,43.0826551],[3.0674445,43.0824832],[3.0672368,43.082452],[3.0673865,43.082394],[3.0674318,43.0820878],[3.067393,43.0819679],[3.0670732,43.0818622],[3.0673865,43.0819332]],[[3.0714218,43.0827802],[3.071192,43.0828928],[3.0710378,43.0828509],[3.071065,43.0826874],[3.0713432,43.0826366],[3.0714218,43.0827802]],[[3.0800407,43.0873294],[3.0810203,43.0880557],[3.0810309,43.0882218],[3.0799227,43.0883957],[3.0784298,43.087783],[3.0783371,43.0876922],[3.0782591,43.0871321],[3.0782865,43.0877107],[3.075495,43.0865567],[3.0755329,43.0864967],[3.0752737,43.0862366],[3.0751305,43.086212],[3.0744774,43.0849072],[3.0739865,43.0841948],[3.0746206,43.0837193],[3.0740446,43.084092],[3.073914,43.0840797],[3.0730502,43.0827364],[3.0728395,43.0821301],[3.0725298,43.0817839],[3.0718071,43.0799557],[3.0713436,43.0793264],[3.0717355,43.0791001],[3.0720136,43.0791155],[3.076242,43.0863047],[3.0781066,43.0868047],[3.0782562,43.087054],[3.0782983,43.0868586],[3.0800407,43.0873294]],[[3.0727161,43.0835422],[3.0730155,43.0841032],[3.0727282,43.0841827],[3.0721597,43.0839044],[3.0717242,43.0835223],[3.0714067,43.0833832],[3.0727161,43.0835422]],[[3.0717847,43.0840436],[3.0718301,43.0842622],[3.071694,43.0842887],[3.0712797,43.0841032],[3.0707928,43.0840237],[3.0705509,43.0838293],[3.0705902,43.083741],[3.071071,43.0837388],[3.0717847,43.0840436]],[[3.0597979,43.0841538],[3.0597909,43.0842639],[3.0584811,43.08391],[3.0589123,43.0839557],[3.0591209,43.0838626],[3.0592183,43.0839557],[3.0592809,43.0838694],[3.0597979,43.0841538]],[[3.0694588,43.0841772],[3.0694759,43.0838961],[3.0695657,43.0838555],[3.0698437,43.0839398],[3.0697881,43.0842272],[3.0696384,43.0843615],[3.0694588,43.0841772]],[[3.0609895,43.0844738],[3.0607577,43.0845399],[3.060709,43.084423],[3.0604494,43.0844061],[3.0601248,43.08423],[3.0608504,43.0843113],[3.0609895,43.0844738]],[[3.0831258,43.0849317],[3.0832036,43.0849206],[3.0836615,43.0861369],[3.0835492,43.0861638],[3.0831258,43.0849317]],[[3.0590589,43.0867773],[3.0587769,43.0869114],[3.0586752,43.08683],[3.0587703,43.0866959],[3.0585867,43.0865977],[3.0584621,43.0862026],[3.0585605,43.086011],[3.0587703,43.0860015],[3.0591834,43.0856997],[3.0597179,43.0856088],[3.0603375,43.0852615],[3.0604261,43.0852568],[3.0604097,43.085434],[3.0605211,43.0854603],[3.0614326,43.0850604],[3.0608883,43.0854483],[3.0611998,43.085489],[3.0612424,43.0855896],[3.0603539,43.085786],[3.06079,43.086011],[3.0611572,43.0858793],[3.0614523,43.085671],[3.0617769,43.0856662],[3.0622687,43.0860182],[3.0623244,43.0864229],[3.0622064,43.0866528],[3.0619801,43.0868276],[3.0593179,43.086909],[3.0590589,43.0867773]],[[3.0757368,43.0867289],[3.0759442,43.0868272],[3.0757817,43.086821],[3.0757368,43.0867289]],[[3.0759791,43.0871621],[3.0762211,43.0869523],[3.0763723,43.0870208],[3.0761182,43.0872438],[3.0759791,43.0871621]],[[3.0765442,43.0874323],[3.0764348,43.0875239],[3.0762729,43.0873761],[3.0765239,43.0873169],[3.0765816,43.0871131],[3.0780907,43.087722],[3.0773782,43.087518],[3.0768195,43.087589],[3.0765846,43.087518],[3.0765442,43.0874323]],[[3.0970011,43.0872732],[3.0970486,43.0871628],[3.0989646,43.0871407],[3.1007769,43.0891836],[3.1018505,43.0905355],[3.0987249,43.0896127],[3.0981222,43.088745],[3.0986708,43.0887166],[3.0980876,43.0887024],[3.0979019,43.0885116],[3.0986708,43.0895969],[3.096204,43.0888492],[3.0952471,43.0875777],[3.0961327,43.0888208],[3.093897,43.0881472],[3.093141,43.0873584],[3.0948648,43.0872401],[3.0950376,43.0873442],[3.095044,43.0872401],[3.0968866,43.0871691],[3.0970011,43.0872732]],[[3.0823456,43.0894043],[3.0800425,43.0884295],[3.0813207,43.0882391],[3.0829207,43.0894032],[3.0823456,43.0894043]],[[3.0822018,43.0897428],[3.082056,43.0897901],[3.0817726,43.0895684],[3.0814771,43.0895506],[3.0810398,43.0890746],[3.082133,43.0895122],[3.0822018,43.0897428]],[[3.0961696,43.0903676],[3.0961024,43.0905818],[3.0955342,43.0904903],[3.096078,43.0907915],[3.0953845,43.0921344],[3.0950485,43.0921835],[3.0938571,43.0885405],[3.0940404,43.088478],[3.0944986,43.0885873],[3.096194,43.0891272],[3.0966676,43.0896515],[3.0963162,43.0903475],[3.0961696,43.0903676]],[[3.1016201,43.0899386],[3.1013833,43.0898056],[3.1010919,43.0893307],[3.1013123,43.089239],[3.1015727,43.0896659],[3.1016201,43.0899386]],[[3.0938225,43.0912705],[3.0930252,43.090637],[3.0929824,43.089517],[3.0937522,43.0885577],[3.0946503,43.0911857],[3.0938225,43.0912705]],[[3.0995008,43.0901845],[3.0994706,43.0902823],[3.0995527,43.090033],[3.0998702,43.090123],[3.0998248,43.0901861],[3.1000214,43.0900567],[3.1017279,43.090582],[3.1029376,43.0921484],[3.1048212,43.0949562],[3.1042379,43.095147],[3.0983167,43.0932267],[3.0998119,43.0923661],[3.1002677,43.0921484],[3.1013218,43.0933346],[3.1009783,43.0933946],[3.1007904,43.0933425],[3.1007105,43.0932274],[3.1009308,43.0929955],[3.1008768,43.0928977],[3.1004902,43.092904],[3.1005701,43.0927857],[3.1004448,43.0927289],[3.100434,43.092598],[3.1003627,43.0926153],[3.1002849,43.0924355],[3.0999393,43.0923188],[3.1003541,43.0926343],[3.1004794,43.0928251],[3.100447,43.0929277],[3.1007688,43.0929024],[3.1008379,43.0930318],[3.1006478,43.09324],[3.1006932,43.0933236],[3.1008574,43.0934135],[3.1013888,43.0933914],[3.1014773,43.0935602],[3.101365,43.0936927],[3.1019957,43.0936186],[3.1018985,43.0935886],[3.1020195,43.0935302],[3.1015011,43.0935917],[3.1016112,43.0935381],[3.1002612,43.092109],[3.0993993,43.0925601],[3.0992481,43.0917604],[3.0994684,43.0904053],[3.0991639,43.0917667],[3.0975827,43.091243],[3.0962391,43.090683],[3.0967208,43.0896797],[3.0963276,43.0891591],[3.0993691,43.0899731],[3.0995008,43.0901845]],[[3.0829032,43.0895513],[3.0832387,43.0901585],[3.0832712,43.0906015],[3.0834741,43.0906602],[3.0836867,43.0911828],[3.083366,43.0914985],[3.0830397,43.0916218],[3.0829108,43.0912204],[3.0829967,43.0911577],[3.0829881,43.0907207],[3.0827477,43.0907918],[3.0824156,43.0897967],[3.082482,43.0895654],[3.0827822,43.0894934],[3.0829032,43.0895513]],[[3.0824204,43.0904702],[3.0824569,43.0903342],[3.0828901,43.0914665],[3.0827646,43.0918066],[3.0826633,43.0916735],[3.0827038,43.0915079],[3.082388,43.0912685],[3.0825176,43.0909284],[3.0824204,43.0904702]],[[3.0982556,43.0932133],[3.0977113,43.0930202],[3.09594,43.0914532],[3.0958697,43.0912859],[3.0961386,43.0908063],[3.0964135,43.0908286],[3.0991506,43.0918213],[3.0993003,43.0926155],[3.0982556,43.0932133]],[[3.1036324,43.0922141],[3.1037307,43.0923471],[3.1035468,43.092536],[3.1034484,43.0925293],[3.1033464,43.0923764],[3.1035013,43.0923484],[3.1034721,43.0922979],[3.1036324,43.0922141]],[[3.1056088,43.0958512],[3.1038439,43.096564],[3.1046963,43.0961105],[3.1055013,43.0957926],[3.1056088,43.0958512]],[[3.107082,43.0962706],[3.106876,43.0964249],[3.1063093,43.0966016],[3.1069661,43.096233],[3.107082,43.0962706]],[[3.0942449,43.1002529],[3.0947027,43.1000677],[3.094867,43.0998727],[3.0947363,43.09972],[3.0939855,43.0995663],[3.0936745,43.0992621],[3.0929907,43.0974154],[3.0930129,43.0972949],[3.0931256,43.0973146],[3.093166,43.0972448],[3.0930157,43.0971588],[3.0931356,43.0966855],[3.0932403,43.096558],[3.0931892,43.0968005],[3.0935032,43.0966818],[3.0935097,43.0965834],[3.0937507,43.0964281],[3.0939179,43.0961312],[3.0938976,43.0960715],[3.0934698,43.0959832],[3.0935822,43.0957812],[3.0936864,43.0957935],[3.0939486,43.0956253],[3.0944119,43.0957176],[3.0944102,43.0955818],[3.0946174,43.095337],[3.0953606,43.0946926],[3.0974882,43.0934502],[3.0978084,43.0934173],[3.0980662,43.0935563],[3.0982148,43.0938463],[3.0984933,43.0938614],[3.0987739,43.0942156],[3.098914,43.0946315],[3.0995002,43.0946713],[3.0999641,43.0953316],[3.1003613,43.0956756],[3.1020646,43.0960069],[3.1036956,43.0961171],[3.1032887,43.0962765],[3.1029316,43.0963121],[3.1026315,43.0966102],[3.0999083,43.0977596],[3.0999122,43.0979425],[3.1000915,43.0981523],[3.1007399,43.0979137],[3.0994457,43.098619],[3.0988261,43.0988426],[3.0987271,43.0991579],[3.0990871,43.0989833],[3.0991498,43.0990596],[3.0989083,43.099224],[3.0986905,43.0992237],[3.0985166,43.0993315],[3.0985215,43.0994355],[3.0982982,43.0994491],[3.0981578,43.0992546],[3.0974698,43.0992417],[3.0967196,43.0994443],[3.094628,43.1002332],[3.0942449,43.1002529]],[[3.1049957,43.0967878],[3.1054104,43.0967653],[3.1054645,43.0967747],[3.1053615,43.0968593],[3.1055392,43.096833],[3.1053872,43.0969045],[3.1051322,43.0968574],[3.1048901,43.0969251],[3.1044265,43.0972392],[3.1047459,43.0968932],[3.1049957,43.0967878]],[[3.1030992,43.0986861],[3.1032795,43.0986464],[3.1034685,43.09874],[3.1030992,43.0986861]],[[3.0979991,43.0994584],[3.0977621,43.0994077],[3.0978394,43.0993193],[3.0980429,43.0993569],[3.0979991,43.0994584]],[[3.0891317,43.10051],[3.0888821,43.1006898],[3.0886029,43.1006706],[3.0885569,43.1005243],[3.0888788,43.1003445],[3.0889248,43.100222],[3.0891744,43.1002216],[3.08902,43.1002845],[3.0891317,43.10051]],[[3.0600377,43.1046738],[3.060001,43.1047396],[3.0599124,43.104782],[3.0600377,43.1046738]],[[3.0816634,43.1049863],[3.0815078,43.1050036],[3.0818233,43.104797],[3.0816634,43.1049863]],[[3.0597627,43.1050196],[3.0598024,43.10483],[3.0599689,43.1048824],[3.0597627,43.1050196]],[[3.0818622,43.1052939],[3.0817261,43.1054043],[3.0815187,43.1054343],[3.0817736,43.1051724],[3.0818622,43.1052939]],[[3.0600647,43.1057395],[3.0602114,43.105281],[3.0603673,43.1056313],[3.060245,43.1057952],[3.0600647,43.1057395]],[[3.0595706,43.1065216],[3.0595684,43.1067425],[3.0594691,43.1069254],[3.0592832,43.1069207],[3.0594971,43.106591],[3.0594237,43.1065484],[3.0595706,43.1065216]],[[3.0587539,43.1069917],[3.0590931,43.1070296],[3.0586761,43.1071242],[3.0584686,43.1069191],[3.0585983,43.1067377],[3.0587539,43.1069917]],[[3.0601035,43.1074289],[3.0599069,43.1075583],[3.0599976,43.1076545],[3.0594164,43.1073895],[3.0596757,43.1070393],[3.0596173,43.1069273],[3.059855,43.1063609],[3.0599738,43.1063389],[3.0603606,43.1069083],[3.0596843,43.1072885],[3.0599695,43.1073784],[3.0600408,43.107298],[3.0599522,43.1072364],[3.0602029,43.1072175],[3.0601035,43.1074289]],[[3.0605008,43.1073895],[3.0602092,43.1075299],[3.0604468,43.1070914],[3.0605721,43.1071923],[3.0605008,43.1073895]],[[3.0618621,43.1082402],[3.061008,43.1071103],[3.0609667,43.1067846],[3.0612402,43.1067277],[3.0614465,43.1071906],[3.061422,43.1072887],[3.0616527,43.1075029],[3.0617032,43.1077059],[3.0621355,43.1083228],[3.0618621,43.1082402]],[[3.0607493,43.1076072],[3.0608141,43.1075473],[3.0608811,43.1076056],[3.0607493,43.1076072]],[[3.0609222,43.1079259],[3.0609265,43.1083739],[3.060637,43.108265],[3.0607104,43.1079921],[3.0609222,43.1079259]],[[3.0611966,43.1083108],[3.061041,43.1082887],[3.061175,43.1082177],[3.0611966,43.1083108]],[[3.0613219,43.1084307],[3.0614408,43.1083991],[3.0614105,43.1084669],[3.0613219,43.1084307]],[[3.0623418,43.1085916],[3.0622578,43.1084789],[3.0623372,43.1084655],[3.0623968,43.1085659],[3.0623418,43.1085916]],[[3.1177092,43.1085037],[3.1174849,43.1088648],[3.1171665,43.1087493],[3.1173795,43.1083673],[3.1177092,43.1085037]],[[3.0613125,43.1086022],[3.0615588,43.1086353],[3.0614962,43.1087221],[3.0613255,43.1086795],[3.0613125,43.1086022]],[[3.1183523,43.1087121],[3.1181197,43.1091007],[3.1175936,43.1089302],[3.1178019,43.108524],[3.1183523,43.1087121]],[[3.0624102,43.1091322],[3.0616085,43.1090739],[3.0613579,43.1088641],[3.0609992,43.1087678],[3.0609106,43.1086243],[3.0623626,43.1089666],[3.0624102,43.1091322]],[[3.0629811,43.1096225],[3.0630999,43.1095326],[3.0631756,43.1096052],[3.0630524,43.1097046],[3.0629811,43.1096225]],[[3.0705459,43.1096208],[3.0708973,43.1095382],[3.071212,43.1097279],[3.0706497,43.1098528],[3.0699103,43.1098037],[3.0701242,43.1095249],[3.0704206,43.1094936],[3.0705459,43.1096208]],[[3.071322,43.1097925],[3.0714748,43.1096609],[3.0715328,43.1098082],[3.0713709,43.1099197],[3.071322,43.1097925]],[[3.0594375,43.1098053],[3.0600295,43.1100608],[3.0592689,43.1101334],[3.059243,43.1098337],[3.0594375,43.1098053]],[[3.0701058,43.1099286],[3.0701853,43.1100312],[3.0697728,43.1100446],[3.0701058,43.1099286]],[[3.0601419,43.1106064],[3.0603061,43.1113304],[3.0602435,43.1113857],[3.0600296,43.1105496],[3.0600209,43.1104266],[3.0601289,43.1103698],[3.0598329,43.1102862],[3.0607339,43.1102137],[3.0612007,43.1102752],[3.0607836,43.1103777],[3.0605481,43.1103556],[3.0607383,43.1104203],[3.0608117,43.1106238],[3.0612936,43.1108383],[3.0607296,43.110638],[3.0607231,43.1105481],[3.0602975,43.1104282],[3.0605416,43.1105276],[3.0605568,43.1105875],[3.0603364,43.1105102],[3.0609025,43.1109329],[3.060963,43.1110513],[3.0601527,43.1104518],[3.0608247,43.1111065],[3.0601419,43.1106064]],[[3.0646231,43.1105765],[3.0647063,43.1106214],[3.0648435,43.1105177],[3.0649938,43.1105239],[3.0650059,43.1105889],[3.0645201,43.110917],[3.0645372,43.1110534],[3.0644562,43.1110802],[3.06435,43.1109347],[3.0641674,43.1110612],[3.0642071,43.1111649],[3.0643242,43.1111941],[3.0641644,43.1112709],[3.064099,43.1110529],[3.0638561,43.1111446],[3.0637103,43.1111002],[3.0638669,43.1108519],[3.0640869,43.1108874],[3.0646231,43.1105765]],[[3.0596558,43.1109613],[3.0598286,43.1104093],[3.0600663,43.1113793],[3.0598156,43.1108336],[3.0598048,43.111373],[3.0596558,43.1109613]],[[3.0599583,43.1104361],[3.0602046,43.1114125],[3.0600879,43.1113667],[3.0599042,43.1106427],[3.0599583,43.1104361]],[[3.0584844,43.1127289],[3.0580818,43.1125204],[3.0577102,43.1120977],[3.0576864,43.1119179],[3.0576173,43.1119352],[3.057466,43.1115914],[3.0575784,43.1115425],[3.0575892,43.1113421],[3.057708,43.1112159],[3.0574811,43.1110897],[3.0576151,43.1109983],[3.0575114,43.1107727],[3.0577383,43.1105093],[3.0582201,43.110402],[3.0588575,43.1103484],[3.0589245,43.1104966],[3.0589504,43.1104052],[3.0590995,43.1103373],[3.0597412,43.1102774],[3.059765,43.1103515],[3.0596418,43.110514],[3.0593804,43.1105408],[3.0594279,43.1106055],[3.05959,43.110555],[3.0595057,43.1106433],[3.0593609,43.1106355],[3.0592097,43.1105045],[3.0590066,43.1106244],[3.0590973,43.1106623],[3.058972,43.1106639],[3.0589094,43.1105661],[3.0587998,43.1117018],[3.0589856,43.1121467],[3.0588145,43.1124634],[3.0584844,43.1127289]],[[3.0687242,43.1119403],[3.0688281,43.1118176],[3.0691489,43.1117641],[3.0689503,43.1120251],[3.0687242,43.1119403]],[[3.0683716,43.1119988],[3.0683208,43.1121433],[3.06855,43.1119693],[3.0687639,43.1120474],[3.0687951,43.1122275],[3.0687238,43.1122921],[3.0684127,43.112289],[3.0684451,43.1122417],[3.0682463,43.1121313],[3.0683198,43.1119798],[3.0683716,43.1119988]],[[3.0971383,43.1139381],[3.0977211,43.1140424],[3.0979132,43.1141783],[3.0977537,43.1143056],[3.0969307,43.1146084],[3.0966761,43.1148231],[3.0963822,43.1145212],[3.0956971,43.1145704],[3.0952765,43.1140899],[3.0943141,43.1139356],[3.0939671,43.1137049],[3.094347,43.1136321],[3.0949042,43.1138264],[3.0960744,43.113942],[3.0971383,43.1139381]],[[3.1302386,43.1273268],[3.1304295,43.1276425],[3.1302747,43.1276565],[3.1302938,43.1274676],[3.1300817,43.127511],[3.1300308,43.127398],[3.1302386,43.1273268]],[[3.1266346,43.1281576],[3.1258795,43.127783],[3.1261807,43.1275415],[3.1267406,43.1273836],[3.1271224,43.1279068],[3.1266346,43.1281576]],[[3.1286955,43.1278739],[3.1287165,43.128038],[3.1286025,43.1279964],[3.1285875,43.1278651],[3.1286955,43.1278739]],[[3.1278817,43.1284207],[3.1274999,43.128365],[3.1276367,43.1281015],[3.1284285,43.1276987],[3.1286325,43.1280709],[3.1278817,43.1284207]],[[3.0897352,43.1347415],[3.0896663,43.1346982],[3.0897137,43.134654],[3.0897815,43.134677],[3.0897352,43.1347415]],[[3.1469684,43.1446929],[3.1469362,43.1440236],[3.1467431,43.1437731],[3.1467806,43.1436909],[3.1471132,43.1438396],[3.1470542,43.144689],[3.1469684,43.1446929]],[[3.1463568,43.144415],[3.1464802,43.1442271],[3.1466465,43.1441449],[3.1465285,43.1444854],[3.1463568,43.144415]],[[3.1012286,43.186416],[3.1013688,43.1864969],[3.1012301,43.1866272],[3.1009852,43.1865564],[3.1012286,43.186416]],[[3.0709787,43.1962822],[3.0710079,43.1964636],[3.0708514,43.1964917],[3.0706185,43.1963438],[3.0702237,43.1958904],[3.0692724,43.1942975],[3.0697289,43.1941663],[3.0709787,43.1962822]],[[3.0876918,43.2126884],[3.0873699,43.2126395],[3.0869595,43.212274],[3.0871714,43.2121684],[3.0876971,43.2123678],[3.0878286,43.2125457],[3.0876918,43.2126884]],[[3.0918172,43.2147813],[3.0919701,43.2150922],[3.0918641,43.2150922],[3.0917206,43.2148077],[3.0918172,43.2147813]],[[3.0655957,43.2166766],[3.0655311,43.2164508],[3.0652793,43.2164178],[3.0650534,43.2162579],[3.0651308,43.2159897],[3.0655117,43.2159568],[3.0660799,43.2161873],[3.0663123,43.2163896],[3.0663575,43.2165637],[3.0662283,43.2168366],[3.0657958,43.216846],[3.0655957,43.2166766]],[[3.0630031,43.2223441],[3.0626972,43.2222909],[3.0624826,43.2225204],[3.0622635,43.2225837],[3.061912,43.2225404],[3.0618253,43.222404],[3.0622635,43.2219117],[3.0619622,43.2214892],[3.0619988,43.221253],[3.0625968,43.2213063],[3.0629528,43.2211433],[3.0630761,43.2211965],[3.0628844,43.2218385],[3.0631583,43.222078],[3.0631628,43.2222876],[3.0630031,43.2223441]],[[3.1512898,43.2389581],[3.1521267,43.2391652],[3.1519791,43.2394798],[3.1511128,43.2391906],[3.1512898,43.2389581]],[[3.09622,43.239371],[3.096285,43.239249],[3.096452,43.239304],[3.096342,43.239424],[3.09622,43.239371]],[[3.096753,43.239493],[3.096679,43.239442],[3.096747,43.239381],[3.096819,43.239409],[3.096753,43.239493]],[[3.096483,43.23953],[3.096485,43.239445],[3.096657,43.239441],[3.096613,43.239562],[3.096483,43.23953]],[[3.1515071,43.239726],[3.1516358,43.2395736],[3.1529233,43.2400132],[3.1526765,43.2401832],[3.1515071,43.239726]],[[3.1797729,43.1706222],[3.1802423,43.1706384],[3.1803495,43.1706022],[3.1803348,43.1705283],[3.1817523,43.1703689],[3.1818543,43.1704682],[3.1811716,43.1712365],[3.1808799,43.1712184],[3.1804662,43.1707396],[3.1800525,43.1708662],[3.1790467,43.1732483],[3.1789068,43.1732911],[3.1787108,43.1731682],[3.1797729,43.1706222]],[[3.1802175,43.1740521],[3.1798559,43.1741067],[3.1797251,43.173979],[3.1797813,43.1738582],[3.1800272,43.1737804],[3.1801873,43.1738378],[3.1802175,43.1740521]],[[3.1784968,43.1737784],[3.1789047,43.1739795],[3.1791945,43.1743149],[3.1792203,43.1747291],[3.1792944,43.1748335],[3.1791251,43.1750066],[3.1787979,43.175045],[3.17848,43.1749014],[3.178357,43.1747061],[3.1780352,43.1745828],[3.1778467,43.1740616],[3.1775078,43.174177],[3.1770158,43.1739717],[3.1771197,43.1734894],[3.1772864,43.1733638],[3.1772864,43.1732183],[3.1775215,43.1729572],[3.1777128,43.1728735],[3.1778494,43.1729213],[3.1781337,43.1732681],[3.1783332,43.1733598],[3.1781391,43.1737346],[3.1779615,43.1739],[3.177989,43.1739832],[3.1782706,43.1737713],[3.1782246,43.1737349],[3.1783627,43.1736386],[3.1785377,43.1732513],[3.1788188,43.17339],[3.1784968,43.1737784]],[[3.2007883,43.1905317],[3.2010039,43.1905389],[3.2010235,43.1904674],[3.2009157,43.1904174],[3.1999652,43.1891172],[3.2001122,43.1888814],[3.2004748,43.1885814],[3.2005336,43.1883956],[3.2007687,43.1884314],[3.2041688,43.1901817],[3.2041688,43.1902674],[3.2038553,43.1902674],[3.2008667,43.1886885],[3.2007981,43.1887457],[3.2025325,43.1898316],[3.2024345,43.1901245],[3.2017192,43.1905174],[3.2012978,43.1905817],[3.2011313,43.1907603],[3.2014252,43.1907889],[3.2019152,43.1905389],[3.2020915,43.1905246],[3.2028166,43.1900388],[3.2032674,43.1901602],[3.2037475,43.1906675],[3.2038357,43.1908603],[3.2037083,43.1910889],[3.2026207,43.1919891],[3.201925,43.1923177],[3.2013566,43.192782],[3.2010823,43.192782],[3.1997203,43.1919176],[3.1996909,43.1918248],[3.1998966,43.1916462],[3.1995047,43.1916176],[3.1994361,43.1915176],[3.1994851,43.1912961],[3.1993969,43.1909175],[3.1989266,43.1896601],[3.1990148,43.1894887],[3.1998379,43.1892386],[3.2007883,43.1905317]],[[3.1871915,43.192385],[3.1868292,43.1926123],[3.186588,43.1924964],[3.186441,43.1921224],[3.186875,43.1920313],[3.1871915,43.192385]],[[3.2038178,43.1922818],[3.2045442,43.1923566],[3.2049117,43.1920637],[3.2049659,43.1913729],[3.2057894,43.191402],[3.205715,43.1911603],[3.205433,43.1907553],[3.2052878,43.1903038],[3.2042936,43.1888255],[3.2043245,43.1886674],[3.2045836,43.1887293],[3.2052188,43.1894432],[3.205992,43.190773],[3.206448,43.1909188],[3.206413,43.1912561],[3.2067483,43.1914081],[3.2067398,43.1917767],[3.2075723,43.1922128],[3.2082582,43.1928378],[3.2086869,43.1933468],[3.2093238,43.1936951],[3.2096708,43.1940037],[3.2089402,43.1944369],[3.2087599,43.1943798],[3.2087892,43.1942696],[3.209015,43.1941553],[3.2089773,43.1940684],[3.2087955,43.1940455],[3.2082311,43.1945804],[3.2076855,43.194681],[3.2076479,43.194937],[3.2074785,43.1951291],[3.207687,43.1953156],[3.2079072,43.1957175],[3.2084004,43.1958788],[3.2087184,43.1961293],[3.208934,43.1966252],[3.2091502,43.197588],[3.2088072,43.1978469],[3.2087092,43.1981594],[3.2085868,43.1982034],[3.2088219,43.1983348],[3.2088611,43.1985177],[3.2083359,43.1992777],[3.20843,43.1994491],[3.2083359,43.1996034],[3.2085397,43.1998948],[3.2082575,43.2003805],[3.2088768,43.2005577],[3.2090022,43.2008777],[3.2090806,43.2009063],[3.2094098,43.2008434],[3.2098645,43.2010434],[3.2105418,43.2010285],[3.2105232,43.2013956],[3.209794,43.2016605],[3.209645,43.2017862],[3.2082889,43.2021177],[3.2079048,43.2023005],[3.2076696,43.2025862],[3.2070796,43.2028938],[3.2061254,43.2030662],[3.2059137,43.2032319],[3.2056743,43.2032315],[3.2048084,43.2040147],[3.2046435,43.2039931],[3.2046203,43.2038033],[3.2043773,43.203889],[3.2042284,43.2038204],[3.2041264,43.2035747],[3.2038678,43.2035004],[3.2037502,43.2031805],[3.204052,43.2027993],[3.2040481,43.2027005],[3.2038599,43.2026319],[3.203831,43.2023643],[3.2043146,43.2019634],[3.2047536,43.2014148],[3.2048633,43.2011348],[3.2041421,43.2020434],[3.2038834,43.2021919],[3.2026919,43.2026376],[3.2022843,43.2025805],[3.2020256,43.2023519],[3.2019472,43.2023634],[3.2022843,43.2027062],[3.2024176,43.202969],[3.2027546,43.2031462],[3.2028565,43.203289],[3.2028801,43.203529],[3.2027076,43.2037119],[3.2027856,43.2039244],[3.2025587,43.2043461],[3.2026135,43.2044318],[3.2020883,43.2050032],[3.202303,43.2051137],[3.2021322,43.2052905],[3.2019902,43.2054009],[3.2012496,43.2056031],[3.2009047,43.2059288],[3.2005362,43.2060317],[3.1999405,43.2066145],[3.1996963,43.2073479],[3.1968802,43.2080174],[3.1966523,43.2080004],[3.1968244,43.2078283],[3.1967303,43.2077255],[3.1965657,43.2077255],[3.1963384,43.2078912],[3.1956472,43.2077931],[3.1940263,43.207964],[3.1940416,43.2075426],[3.1939319,43.2072798],[3.1936294,43.2069735],[3.1934851,43.206617],[3.1935509,43.2060177],[3.1934475,43.205619],[3.192805,43.2052888],[3.1923848,43.2048623],[3.1941536,43.2035765],[3.1938408,43.2023777],[3.1952487,43.2014817],[3.1958431,43.2012201],[3.1965824,43.2013404],[3.1970086,43.2020941],[3.1970121,43.2024655],[3.1973227,43.2025117],[3.197755,43.2024215],[3.1979038,43.2022812],[3.197938,43.202113],[3.1977671,43.2018887],[3.1977138,43.2016631],[3.1988268,43.2007985],[3.1986506,43.2007158],[3.1985363,43.2004621],[3.198881,43.2002322],[3.1999891,43.1997581],[3.2007412,43.1996273],[3.2019547,43.1988174],[3.2023393,43.1988299],[3.2028777,43.1983564],[3.2030526,43.1979713],[3.2030657,43.197478],[3.2029119,43.1971228],[3.2029632,43.196992],[3.2028521,43.1968799],[3.2027153,43.1969422],[3.2023549,43.196796],[3.2025273,43.1963129],[3.2024846,43.1961011],[3.2024449,43.1959798],[3.2021256,43.195802],[3.2020658,43.1956587],[3.2022538,43.1954282],[3.2022695,43.1951749],[3.2027495,43.1941198],[3.2031084,43.1936775],[3.2031426,43.193503],[3.2037494,43.1928301],[3.2032024,43.1930357],[3.2035613,43.1924343],[3.2038178,43.1922818]],[[3.225966,43.2066335],[3.2260438,43.2067469],[3.2259345,43.2076118],[3.2257902,43.2076966],[3.2240672,43.2078671],[3.2237872,43.2077246],[3.2223786,43.2061359],[3.2225233,43.2060372],[3.2236268,43.2057922],[3.2236002,43.2057129],[3.2225491,43.2053697],[3.2222589,43.2053454],[3.2222689,43.2052133],[3.2225095,43.2051816],[3.2239549,43.2056236],[3.224935,43.2058351],[3.2254058,43.206056],[3.2254702,43.2061923],[3.2258765,43.2062346],[3.2262932,43.2064582],[3.2274048,43.2067845],[3.2289653,43.2073956],[3.2289311,43.2074766],[3.2288013,43.2074884],[3.2261409,43.2065965],[3.225966,43.2066335]],[[3.2228139,43.2083695],[3.2220609,43.2082631],[3.2212975,43.208315],[3.2205979,43.2077547],[3.2180937,43.2086617],[3.2178926,43.2087745],[3.2180112,43.2090602],[3.2178822,43.2092219],[3.2177116,43.209253],[3.2174772,43.2095568],[3.2172578,43.2095751],[3.2171831,43.2087477],[3.2173352,43.2081502],[3.2178822,43.2083082],[3.2193723,43.207762],[3.2198775,43.2073251],[3.2210321,43.206902],[3.2211529,43.2068042],[3.2212383,43.2065307],[3.2215307,43.2064095],[3.2220173,43.2064322],[3.223529,43.2080958],[3.2228139,43.2083695]],[[3.1982535,43.2081632],[3.1986146,43.2080654],[3.1985424,43.2077721],[3.1996154,43.2075127],[3.2001261,43.2085091],[3.1989396,43.2088024],[3.1988261,43.2086633],[3.1984186,43.2086971],[3.1982225,43.2082572],[3.1982535,43.2081632]],[[3.2246255,43.208016],[3.2250382,43.2080677],[3.2254316,43.2083262],[3.225496,43.2086975],[3.225006,43.2086552],[3.2246384,43.2083027],[3.2245739,43.2081946],[3.2246255,43.208016]],[[3.1983655,43.2087252],[3.197375,43.2089545],[3.1970293,43.2081386],[3.1979734,43.2078867],[3.1983655,43.2087252]],[[3.2001571,43.2086257],[3.2003377,43.2090581],[3.1996464,43.2092573],[3.2003428,43.209137],[3.2005595,43.2095732],[3.1994503,43.2098514],[3.1990273,43.2088701],[3.2001571,43.2086257]],[[3.1981606,43.2093852],[3.1975674,43.2094679],[3.1974023,43.2091069],[3.1974333,43.2090355],[3.19879,43.2087385],[3.1991924,43.2096221],[3.1978202,43.209968],[3.197619,43.2095657],[3.1981606,43.2093852]],[[3.1950075,43.2090118],[3.1948815,43.2089404],[3.1959449,43.2089122],[3.1960132,43.2089798],[3.1959449,43.2090581],[3.1962281,43.2105125],[3.1958814,43.210364],[3.1959742,43.2098338],[3.1954811,43.209446],[3.1949196,43.2092609],[3.1950075,43.2090118]],[[3.2027635,43.2103069],[3.2048486,43.2119808],[3.2049113,43.2122494],[3.205123,43.212535],[3.2054365,43.212775],[3.205703,43.2128607],[3.2057497,43.2129681],[3.2050681,43.212695],[3.2048878,43.2125293],[3.2047745,43.2122564],[3.2042058,43.2117523],[3.2029288,43.2109899],[3.2016274,43.2096318],[3.2005921,43.2093164],[3.1998541,43.2076997],[3.2003883,43.2073358],[3.2011565,43.2071416],[3.2011833,43.2072082],[3.2010624,43.207313],[3.2017914,43.2081243],[3.2018934,43.2080615],[3.2015249,43.2075473],[3.2015014,43.2072501],[3.2016425,43.2070559],[3.2022167,43.2068725],[3.2032103,43.2079529],[3.2031397,43.2083243],[3.2036493,43.2084214],[3.2038217,43.2085186],[3.2038877,43.2086823],[3.2038296,43.2087585],[3.202591,43.2088099],[3.2023642,43.2095704],[3.2027635,43.2103069]],[[3.2006214,43.2096973],[3.2007142,43.2099755],[3.2000539,43.2101597],[3.2007813,43.2100432],[3.2008948,43.2103553],[3.1997599,43.2106147],[3.1994916,43.2099229],[3.2004769,43.2096709],[3.2006214,43.2096973]],[[3.1987046,43.2102951],[3.1985985,43.2098453],[3.1992514,43.2097219],[3.199629,43.2106833],[3.1983302,43.211006],[3.1982358,43.2109733],[3.1978327,43.2100274],[3.1984492,43.2098827],[3.1987046,43.2102951]],[[3.1987139,43.2111334],[3.1986179,43.2112623],[3.1984866,43.211034],[3.2004516,43.210548],[3.200391,43.2107432],[3.200487,43.2109714],[3.2003556,43.2112365],[3.2005274,43.2114022],[3.2005426,43.2115274],[3.2004415,43.2116378],[3.2002193,43.2116857],[3.1999212,43.2115532],[3.1994666,43.2115053],[3.1997899,43.2112292],[3.1997293,43.2111445],[3.1995929,43.2111298],[3.199406,43.2112586],[3.1992191,43.2111629],[3.199113,43.2113507],[3.1989362,43.2113212],[3.1989109,43.211196],[3.1987139,43.2111334]],[[3.1966089,43.2107163],[3.1966675,43.2106024],[3.1966138,43.2104957],[3.1963404,43.2103925],[3.196272,43.2100509],[3.1964087,43.2098196],[3.1965454,43.2097947],[3.1968432,43.2101185],[3.1968335,43.2103213],[3.1971215,43.2107448],[3.1968237,43.2110401],[3.1968627,43.2111504],[3.1972826,43.2112856],[3.1974974,43.2116165],[3.1974633,43.2118158],[3.1978099,43.2118372],[3.1978099,43.2119866],[3.1973998,43.2120435],[3.1970043,43.2128263],[3.1967025,43.212734],[3.1968188,43.2126413],[3.1968969,43.2122357],[3.1970824,43.2119154],[3.197019,43.2117767],[3.1966919,43.2117304],[3.1966186,43.211218],[3.1966919,43.2110899],[3.1966089,43.2107163]],[[3.2109303,43.2188589],[3.2108777,43.2190444],[3.2110879,43.2191151],[3.2111364,43.2192565],[3.2108414,43.2193036],[3.2107646,43.2191416],[3.2105868,43.2190533],[3.2106838,43.218803],[3.2106052,43.2187077],[3.2109303,43.2188589]],[[3.2085379,43.2195834],[3.2086187,43.2194891],[3.2082429,43.2191946],[3.20836,43.2191357],[3.2083734,43.219031],[3.2085684,43.2190009],[3.2087399,43.2195009],[3.2088248,43.2201076],[3.2086429,43.2201488],[3.20855,43.220087],[3.2086146,43.2198043],[3.2085379,43.2195834]],[[3.2098038,43.2199793],[3.2099301,43.2201449],[3.2102332,43.2201219],[3.210391,43.2202002],[3.2104857,43.2204763],[3.2104415,43.2205821],[3.2097785,43.2207569],[3.2089198,43.2208352],[3.2087157,43.2206288],[3.2082873,43.22062],[3.208724,43.2202922],[3.209065,43.220421],[3.2092102,43.2203612],[3.2095196,43.2200161],[3.2098038,43.2199793]],[[3.1983646,43.2210435],[3.197912,43.2210435],[3.1979524,43.2205635],[3.1982918,43.220484],[3.1989869,43.2207549],[3.1987727,43.221073],[3.1986151,43.2211231],[3.1983646,43.2210435]],[[3.2015988,43.2212148],[3.2017087,43.221097],[3.2022874,43.2210287],[3.2026592,43.2210758],[3.2025945,43.2212454],[3.2022874,43.221441],[3.2018024,43.2215352],[3.201657,43.2214881],[3.2015988,43.2212148]],[[3.2035497,43.2221517],[3.2034991,43.2222842],[3.2027869,43.2222143],[3.2026757,43.222391],[3.2026555,43.2222033],[3.2027616,43.221964],[3.2034335,43.2220082],[3.2035497,43.2221517]],[[3.2087011,43.2221838],[3.2088911,43.2224341],[3.2087941,43.2224135],[3.2084546,43.2226226],[3.207998,43.22244],[3.2081071,43.2223075],[3.2078969,43.2221455],[3.2079333,43.2218746],[3.2085678,43.2217921],[3.2087133,43.2219423],[3.2087011,43.2221838]],[[3.208495,43.2227492],[3.2089032,43.222867],[3.2089679,43.2230525],[3.2084829,43.2233205],[3.208495,43.2234383],[3.2078161,43.2231497],[3.2079333,43.223079],[3.2078201,43.2224547],[3.2079575,43.2227374],[3.2082081,43.2227875],[3.2081071,43.2228846],[3.2082243,43.2230054],[3.2084829,43.2228464],[3.208495,43.2227492]],[[3.2086526,43.2238564],[3.2086809,43.2235296],[3.2092629,43.223503],[3.2093801,43.2235855],[3.2093316,43.223774],[3.2087941,43.2239948],[3.2086526,43.2238564]],[[3.2024733,43.2238972],[3.2027827,43.2238742],[3.2027511,43.2240997],[3.2024859,43.2242883],[3.202227,43.2242239],[3.2022018,43.2241411],[3.2024733,43.2238972]],[[3.2066166,43.2241637],[3.206748,43.2239355],[3.2068945,43.2238692],[3.2072026,43.223895],[3.2072885,43.2242557],[3.207147,43.2244287],[3.2069753,43.2244545],[3.2067025,43.2243367],[3.2066166,43.2241637]],[[3.2064297,43.2252532],[3.2063337,43.2249404],[3.2064095,43.2248373],[3.2067783,43.2248373],[3.2069803,43.2250177],[3.2070561,43.2252716],[3.2069046,43.2254042],[3.2064297,43.2252532]],[[3.1971818,43.2273112],[3.1971692,43.2269615],[3.1979395,43.2270398],[3.1981037,43.2272698],[3.1981037,43.227394],[3.1979585,43.2275873],[3.1977564,43.2276333],[3.197327,43.2275413],[3.1971818,43.2273112]]],[[[2.84637,43.24121],[2.84408,43.2429],[2.843871,43.2431625],[2.8438672,43.24327],[2.8442905,43.2434934],[2.8440827,43.2436974],[2.84394,43.2449],[2.8442,43.2452],[2.84536,43.24561],[2.84531,43.24591],[2.8436632,43.2466068],[2.8424011,43.2473437],[2.84143,43.24765],[2.84133,43.24829],[2.84139,43.24866],[2.84171,43.24938],[2.84131,43.25063],[2.8408,43.25123],[2.84047,43.25226],[2.840141529892905,43.25436874162409],[2.8407838,43.2543342],[2.8409903,43.2542033],[2.8410735,43.2537149],[2.841221,43.2534297],[2.8428976,43.2510563],[2.8434931,43.2497688],[2.8437744,43.2493506],[2.844971,43.2485888],[2.8463738,43.2482684],[2.8485866,43.2481356],[2.8500457,43.2479636],[2.8542997,43.2478875],[2.8568263,43.247483],[2.8578536,43.2474283],[2.8598976,43.2469796],[2.863819,43.2465777],[2.8669298,43.246826],[2.8673965,43.2470155],[2.8682496,43.2476313],[2.868735,43.2478615],[2.8707788,43.2480764],[2.8729408,43.2478931],[2.8735254,43.2479533],[2.8746546,43.2487563],[2.8753949,43.2489185],[2.8771517,43.2490337],[2.8782408,43.2493309],[2.8790159,43.2497957],[2.8792465,43.2500242],[2.8792573,43.2501512],[2.8793941,43.2501649],[2.8815076,43.2522846],[2.882315,43.2529683],[2.8848148,43.253738],[2.8859093,43.2544493],[2.8863517,43.2550742],[2.8871646,43.2569751],[2.8880737,43.2576898],[2.8889724,43.2580182],[2.8898118,43.2581118],[2.8909545,43.2579401],[2.8926953,43.2573287],[2.8934275,43.2571958],[2.8950529,43.2572935],[2.8962517,43.2575726],[2.8974884,43.2582487],[2.8990681,43.2594166],[2.9023834,43.2612725],[2.9032149,43.2618155],[2.9039228,43.2623507],[2.9041698,43.2627507],[2.9046857,43.263167],[2.9049567,43.263612],[2.9050229,43.2640878],[2.9048874,43.2648946],[2.9043654,43.2659088],[2.9044143,43.2659266],[2.9041191,43.266219],[2.903717,43.2668107],[2.9035652,43.2675384],[2.9036426,43.2681598],[2.9038186,43.2686237],[2.9051415,43.2709885],[2.9054981,43.2714845],[2.9058701,43.271737],[2.9069934,43.2720554],[2.90964,43.2725995],[2.9125939,43.2730717],[2.9143215,43.2738549],[2.9151125,43.2744113],[2.9154401,43.2749454],[2.9154939,43.2759475],[2.9150755,43.2776893],[2.9144576,43.2791302],[2.9145097,43.2793857],[2.9146738,43.2795723],[2.9151616,43.2798848],[2.9182706,43.2816161],[2.9187502,43.281794],[2.9199495,43.2819384],[2.9204061,43.2821231],[2.9213274,43.2827128],[2.9217526,43.2831504],[2.9219935,43.2832386],[2.922363,43.2831284],[2.9223895,43.2829841],[2.9234783,43.2819664],[2.9237163,43.2819479],[2.9236931,43.2820688],[2.9225813,43.2830972],[2.9224138,43.2831611],[2.9223313,43.2833438],[2.9219359,43.283751],[2.9219193,43.2838868],[2.9220556,43.2841321],[2.9262093,43.2986095],[2.926322,43.300585],[2.9270462,43.3058103],[2.9270435,43.3064212],[2.9264963,43.3076753],[2.9256648,43.3083789],[2.9244525,43.3089371],[2.9228029,43.3099696],[2.9201878,43.3108615],[2.9175029,43.3121418],[2.9172186,43.3123779],[2.917122,43.3127312],[2.9172373,43.3130922],[2.9174573,43.3132737],[2.9182673,43.3134474],[2.918844,43.3134143],[2.9204828,43.3127234],[2.9215503,43.3127488],[2.9228244,43.3129927],[2.9235754,43.3132425],[2.9279608,43.3155903],[2.9288808,43.3159162],[2.9301254,43.3159942],[2.9335398,43.3153009],[2.9342721,43.3152331],[2.9348836,43.3153932],[2.9359109,43.316082],[2.9364245062854675,43.316325317209014],[2.9458468,43.3119526],[2.9455429,43.311853],[2.945605,43.3117534],[2.9464043,43.3119191],[2.9462752,43.3120417],[2.9475858,43.3121918],[2.9551696,43.312366],[2.9562253,43.3123646],[2.9561878,43.3122658],[2.9570311,43.3122693],[2.9572992,43.3123536],[2.9593026,43.3125052],[2.9693449,43.3144654],[2.9706683,43.3150429],[2.971851,43.3154042],[2.9754938,43.3163631],[2.9772714,43.3166338],[2.9803003,43.317447],[2.9812314,43.3175759],[2.9814819,43.3176933],[2.9897088,43.318732],[2.9897246,43.31889],[2.9902924,43.3189256],[2.9909293,43.319195],[2.9937445,43.3192341],[2.9997269,43.3197501],[3.0030273,43.3197787],[3.0039894,43.3199196],[3.0043932,43.3193605],[3.0048828,43.3180506],[3.0043588,43.3156521],[3.0035135,43.315744],[3.0024983,43.3155352],[3.0023782,43.3135779],[3.0031038,43.3130329],[3.0038365,43.3126108],[3.0031179,43.3094799],[3.0064272,43.3086298],[3.006525,43.3085057],[3.0065373,43.3083133],[3.005267,43.3042086],[3.0062293,43.3001008],[3.0060316,43.2998727],[3.005741,43.2989857],[3.0051373,43.2981503],[3.004293,43.2964328],[3.0043389,43.2946911],[3.006961,43.2919402],[3.0047972,43.2924064],[3.0047668,43.290648],[3.0046057,43.2901962],[3.0047127,43.2882619],[3.0047486,43.2851348],[3.0075586,43.2842013],[3.0128664,43.2818874],[3.0141656,43.2816742],[3.0130546,43.2813046],[3.0119167,43.280627],[3.0123632,43.2803985],[3.0124181,43.2802546],[3.0117438,43.2787525],[3.0110129,43.2777915],[3.0102829,43.2774145],[3.0094935,43.2760135],[3.0093808,43.2755505],[3.0093514,43.2747852],[3.0107468,43.2738763],[3.0141299,43.274829],[3.0168851,43.2771663],[3.0190921,43.2772489],[3.0228269,43.2770248],[3.0225501,43.2796324],[3.0222875,43.2805559],[3.022214,43.2811018],[3.0222458,43.2818306],[3.0250971,43.2822654],[3.0267452,43.2820452],[3.027907,43.2815855],[3.0286883,43.2819111],[3.0295226,43.2814424],[3.0308356,43.2805002],[3.0329187,43.2799012],[3.033206,43.2799999],[3.0355713,43.2824373],[3.0360979,43.2824489],[3.0362355,43.2827674],[3.0390882,43.2823241],[3.0542618,43.2799151],[3.0709134,43.2679928],[3.0789665,43.2613669],[3.0789711,43.2618082],[3.0792477,43.2622736],[3.0804305,43.2629995],[3.0819309,43.2635229],[3.0846326,43.2641672],[3.0857006,43.2641208],[3.0863527,43.2637976],[3.0870936,43.262809],[3.0879923,43.2619349],[3.0905568,43.2611909],[3.0920399,43.26064],[3.095635,43.2588264],[3.1007768,43.2564147],[3.1022902,43.255885],[3.1108977,43.2533299],[3.1113241,43.2535289],[3.1124733,43.2535064],[3.1135442,43.2537159],[3.1141454,43.2539123],[3.1153263,43.2546063],[3.1156099,43.2549587],[3.115784,43.255468],[3.1157219,43.2562303],[3.1153797,43.2577266],[3.1157821,43.2588664],[3.1160155,43.2592287],[3.1173821,43.2605221],[3.1185284,43.261168],[3.1200481,43.2615611],[3.1211983,43.2615885],[3.1234364,43.2610731],[3.124692,43.2606533],[3.1262235,43.2603071],[3.1274358,43.2598378],[3.1284191,43.2596513],[3.1291015,43.2596437],[3.1298854,43.2597867],[3.1306219,43.2600431],[3.1319519,43.2607448],[3.1323621,43.2608772],[3.1344749,43.2608114],[3.1352674,43.2605346],[3.1364404,43.2598857],[3.1374384,43.2594397],[3.1388304,43.2593128],[3.1415012,43.2595306],[3.1415433,43.2593925],[3.1423807,43.2591254],[3.1432215,43.2587379],[3.1437347,43.2583918],[3.1443617,43.2577896],[3.1454335,43.2564785],[3.1462697,43.2549662],[3.1465071,43.2543162],[3.1473795,43.2531963],[3.1474726,43.2524965],[3.147193,43.251775],[3.1466206,43.2508431],[3.1452458,43.2495553],[3.1437463,43.2484285],[3.1436517,43.248235],[3.143662237897325,43.2474173235774],[3.1430984,43.2474652],[3.1429321,43.247555],[3.1410224,43.2475746],[3.1393004,43.2477973],[3.139,43.2477504],[3.1370956,43.2478637],[3.1364573,43.2478051],[3.1350947,43.2478715],[3.1314523,43.2482623],[3.1281907,43.2484538],[3.1280566,43.2484069],[3.1277776,43.2484928],[3.1275792,43.248442],[3.1250364,43.2487312],[3.1250203,43.2487976],[3.1243498,43.2487976],[3.1238777,43.2489617],[3.1238509,43.2488718],[3.1240172,43.2488445],[3.1240172,43.2487624],[3.1238402,43.2486843],[3.1234164,43.2487663],[3.1214262,43.2487351],[3.1210238,43.2487976],[3.1207932,43.2486804],[3.1198276,43.2486921],[3.1195218,43.2486218],[3.1192107,43.2486765],[3.119098,43.2485983],[3.1176282,43.2485006],[3.1169952,43.2486999],[3.1169201,43.2486022],[3.1172259,43.2485123],[3.117183,43.2484459],[3.1161798,43.2483404],[3.1161316,43.2482779],[3.1123067,43.2476722],[3.1109871,43.2475667],[3.1105955,43.2473948],[3.1047375,43.2460936],[3.1046785,43.2459881],[3.1042708,43.2459061],[3.1034554,43.2458396],[3.1009771,43.2453473],[3.100843,43.245402],[3.0996199,43.2453395],[3.0973078,43.2451089],[3.0969484,43.244976],[3.0957092,43.2448236],[3.0921419,43.2438743],[3.0903072,43.2437297],[3.0881186,43.2433702],[3.0861337,43.2428192],[3.0856777,43.2426277],[3.0852969,43.2426199],[3.0843045,43.2423893],[3.0814291,43.2422135],[3.0812736,43.2421119],[3.0800612,43.2419947],[3.0796428,43.2418227],[3.0792458,43.2417954],[3.079042,43.241682],[3.0765851,43.2410177],[3.0751206,43.2408067],[3.07283,43.2402947],[3.0725886,43.2401541],[3.0723311,43.2401541],[3.0685921,43.2388136],[3.0675997,43.2386143],[3.0664088,43.2385635],[3.0648584,43.2389504],[3.0631901,43.2387433],[3.0617095,43.238247],[3.0601538,43.2372309],[3.0600573,43.2372621],[3.0589629,43.2365938],[3.0586947,43.2365743],[3.0579276,43.2361249],[3.0569459,43.2357262],[3.0568204,43.2355714],[3.0565329,43.2354448],[3.0561091,43.235394],[3.0547572,43.2356442],[3.0538077,43.2360897],[3.0537648,43.2361952],[3.0534215,43.2363515],[3.0531318,43.2363672],[3.0523433,43.2367228],[3.0502082,43.238118],[3.0497254,43.238544],[3.0489559,43.2389005],[3.0477674,43.2391224],[3.0469681,43.2390637],[3.0460401,43.2391966],[3.0455787,43.2391224],[3.0442269,43.2395952],[3.0434812,43.2402674],[3.0424405,43.2416117],[3.0414159,43.2423464],[3.040917,43.2426043],[3.0400266,43.2429052],[3.0391951,43.2431123],[3.0380846,43.2432295],[3.0373765,43.2430341],[3.0367757,43.2426355],[3.0360622,43.2417993],[3.0354346,43.2408067],[3.0352898,43.240412],[3.0352361,43.239775],[3.0354936,43.2385674],[3.0352308,43.2378249],[3.0337663,43.2373247],[3.0323447,43.2374497],[3.0307407,43.2378992],[3.0303223,43.2378366],[3.0300058,43.2379148],[3.0275328,43.2378679],[3.0274041,43.2378093],[3.0275114,43.2377037],[3.027109,43.2375123],[3.0269803,43.2375318],[3.0255534,43.2370667],[3.0235739,43.2363085],[3.0227209,43.2360975],[3.021471,43.2359255],[3.0196471,43.2358318],[3.0194004,43.2358865],[3.019159,43.2358083],[3.0181397,43.2357614],[3.0173512,43.2358826],[3.014846,43.2363398],[3.0122711,43.237098],[3.0115469,43.2374028],[3.0091329,43.2380711],[3.0079151,43.2383251],[3.0070676,43.2383525],[3.0065097,43.2384893],[3.0057586,43.238755],[3.0051954,43.2391614],[3.0043693,43.2392787],[3.0018158,43.2400603],[3.0013276,43.240115],[3.001215,43.24024],[3.0002065,43.2406816],[2.9993696,43.2409474],[2.9977979,43.2409122],[2.9966016,43.2411076],[2.9962744,43.2413186],[2.9957004,43.2414671],[2.9953892,43.241643],[2.9946328,43.2417915],[2.9934473,43.2421588],[2.992986,43.2424558],[2.9912318,43.243081],[2.988732,43.2437531],[2.9884745,43.2439915],[2.9869134,43.2445736],[2.9867525,43.2445501],[2.9859639,43.2449839],[2.9826005,43.246121],[2.9819192,43.2464805],[2.9813653,43.2469284],[2.9806223,43.2472911],[2.9763777,43.2486139],[2.9745216,43.2488327],[2.9741247,43.2489929],[2.9734219,43.2490789],[2.9732127,43.2489929],[2.9727031,43.2492274],[2.9711796,43.2495947],[2.9709221,43.2497588],[2.9702677,43.2498018],[2.9699887,43.2497197],[2.9695005,43.2498447],[2.9690929,43.249833],[2.9682614,43.2501651],[2.9676445,43.2502511],[2.9660941,43.2502902],[2.9652519,43.2502198],[2.9643883,43.250001],[2.964105,43.2500426],[2.9635511,43.2496277],[2.9631442,43.2490646],[2.9623613,43.2483545],[2.962044,43.2477564],[2.9620443,43.2476117],[2.9614853,43.2467632],[2.9611978,43.2466373],[2.9606171,43.2461075],[2.959559,43.2456945],[2.9586054,43.2455075],[2.9579426,43.2454971],[2.9577333,43.2452957],[2.957503,43.2452651],[2.9572594,43.2453617],[2.9564368,43.2454311],[2.9556052,43.2457188],[2.9561757,43.2460756],[2.9563811,43.2465907],[2.956355,43.2468928],[2.9559243,43.2475868],[2.9558555,43.2475681],[2.9561615,43.2470651],[2.9560933,43.2470442],[2.9561718,43.2468407],[2.9561165,43.2463938],[2.9557288,43.2459565],[2.9552812,43.2458852],[2.952483,43.2466655],[2.9519444,43.2466682],[2.9514966,43.2467993],[2.950508,43.2475071],[2.9498666,43.2476965],[2.9484014,43.2479537],[2.9458672,43.2479818],[2.9462615,43.2478341],[2.9484352,43.2478322],[2.9497441,43.2476353],[2.9503642,43.2474035],[2.9507521,43.2471328],[2.9509484,43.2468893],[2.9494419,43.2466408],[2.9471642,43.2457551],[2.9432247,43.2433844],[2.9425664,43.2431871],[2.9409524,43.2431098],[2.939523,43.2429392],[2.938412,43.2429983],[2.9372302,43.2434902],[2.9372302,43.2435953],[2.9373758,43.2437587],[2.9367308,43.244255],[2.9362711,43.2442917],[2.9360548,43.2444469],[2.9357156,43.2445393],[2.9351258,43.2445668],[2.934715,43.2447537],[2.9344423,43.2446943],[2.9325171,43.245962],[2.9317445,43.2461776],[2.9311926,43.2461685],[2.9307577,43.2460683],[2.9302101,43.2456359],[2.9297856,43.2446785],[2.9294021,43.2430741],[2.929501,43.2409786],[2.929419,43.2398621],[2.9287648,43.2378042],[2.9276419,43.2352497],[2.9273056,43.2348677],[2.9263683,43.2343549],[2.924928,43.2340511],[2.9230841,43.2335401],[2.920273,43.2325666],[2.9191374,43.231792],[2.918775,43.2317392],[2.914882,43.2325325],[2.9089098,43.2334589],[2.9072623,43.2341066],[2.906312,43.2343941],[2.9055388,43.2344352],[2.904516,43.2343237],[2.9006832,43.2335615],[2.8997577,43.2334889],[2.8990433,43.2335641],[2.8982905,43.2337663],[2.8975489,43.2336607],[2.8972596,43.2337428],[2.8967039,43.2339599],[2.8961723,43.2343002],[2.8950406,43.2352774],[2.894896,43.2359985],[2.8949578,43.2364971],[2.8956581,43.2382167],[2.8956247,43.2388651],[2.8952945,43.2395222],[2.8948803,43.2401162],[2.8942871,43.2403322],[2.8925643,43.2406076],[2.8910985,43.2413351],[2.8898696,43.2418397],[2.8872771,43.2432957],[2.8864105,43.2434667],[2.8862293,43.2433699],[2.8857623,43.2433501],[2.8856051,43.2436809],[2.884505,43.2439726],[2.8844123,43.24381],[2.8841771,43.2438078],[2.8841503,43.2439945],[2.8837213,43.2439869],[2.8824222,43.2436586],[2.8819352,43.2432445],[2.8808541,43.2399974],[2.8806045,43.2395046],[2.8799323,43.2385307],[2.8784299,43.2372868],[2.8765615,43.2355441],[2.8760287,43.2351985],[2.8753937,43.2350043],[2.8747132,43.2351223],[2.8733672,43.2355423],[2.8707022,43.2354759],[2.8691846,43.2353312],[2.8661769,43.2352712],[2.8655347,43.2351452],[2.8644232,43.2351072],[2.8640444,43.2349693],[2.8632924,43.2352492],[2.8622851,43.236005],[2.8578087,43.2384884],[2.856516,43.2393402],[2.855989,43.239788],[2.8553798,43.2400959],[2.8551297,43.2404149],[2.8544929,43.2416445],[2.8541306,43.2425702],[2.8535719,43.2432435],[2.8527915,43.2440952],[2.8514355,43.2447493],[2.8511613,43.2447098],[2.8506279,43.2442928],[2.8500825,43.2439899],[2.8485547,43.2427804],[2.8474097,43.2417048],[2.8468161,43.2413272],[2.84637,43.24121]],[[2.872467,43.2362005],[2.8724286,43.2365244],[2.8720965,43.2369363],[2.8715586,43.2372182],[2.8702082,43.2375221],[2.8700353,43.2374622],[2.8697883,43.2370523],[2.8695386,43.2364824],[2.8694315,43.2359285],[2.8694947,43.2358245],[2.8695907,43.2358465],[2.869802,43.2360285],[2.8702988,43.2369043],[2.8706693,43.2371422],[2.8710673,43.2370363],[2.8714817,43.2370343],[2.8716629,43.2367663],[2.8719867,43.2365884],[2.87222,43.2361345],[2.8724067,43.2361005],[2.872467,43.2362005]],[[2.9069134,43.2508903],[2.9079571,43.250805],[2.9079692,43.2510502],[2.9067851,43.2511478],[2.9069134,43.2508903]],[[2.9210553,43.2736956],[2.9210441,43.2738707],[2.9196821,43.2746234],[2.9194416,43.2744729],[2.9192977,43.2742297],[2.9204855,43.2730782],[2.9219813,43.2727855],[2.9214711,43.2730951],[2.9210553,43.2736956]],[[2.9557973,43.2478372],[2.9556144,43.2480294],[2.9558814,43.2475928],[2.9557973,43.2478372]],[[2.9498723,43.257043],[2.9505161,43.2559048],[2.9554965,43.2480308],[2.9556515,43.2480319],[2.9556897,43.2480984],[2.9501206,43.2568738],[2.9498723,43.257043]],[[2.949697,43.2574315],[2.9496293,43.2574125],[2.9498708,43.2570458],[2.9499025,43.257108],[2.949697,43.2574315]],[[2.949627,43.2574166],[2.9496948,43.2574349],[2.9495361,43.2576954],[2.9495536,43.2578269],[2.9493293,43.2581364],[2.9480846,43.2593063],[2.9479198,43.2596848],[2.9475085,43.2598319],[2.9445724,43.2626056],[2.9444268,43.2625752],[2.9443517,43.2624805],[2.9489081,43.2582331],[2.949627,43.2574166]],[[2.9440524,43.262882],[2.9444243,43.2625773],[2.9444664,43.2625855],[2.9440976,43.262929],[2.9440524,43.262882]],[[2.9438544,43.262961],[2.9440945,43.2629313],[2.9440275,43.263118],[2.9394284,43.2673565],[2.9392134,43.2674438],[2.939263,43.2672678],[2.9438544,43.262961]],[[2.9388458,43.2677365],[2.9390885,43.2674877],[2.9392511,43.2674496],[2.9389067,43.267772],[2.9388458,43.2677365]],[[2.9343114,43.2720589],[2.934141,43.2721712],[2.9342504,43.272022],[2.934182,43.2719804],[2.9387297,43.2677315],[2.938905,43.2677735],[2.9389396,43.267852],[2.934386,43.2720978],[2.9343114,43.2720589]],[[2.9340031,43.2722215],[2.9341753,43.2721752],[2.9340967,43.2722893],[2.93387,43.2723826],[2.9340031,43.2722215]],[[2.9290209,43.2769481],[2.929088,43.2767709],[2.9336306,43.2724947],[2.9339202,43.2724214],[2.9338167,43.2726305],[2.9292499,43.2768627],[2.9290209,43.2769481]],[[2.928695,43.2772523],[2.9288231,43.2770505],[2.9290628,43.2769573],[2.928695,43.2772523]],[[2.9242078,43.2816123],[2.9240433,43.2815986],[2.923993,43.2814859],[2.9285452,43.2772398],[2.9286149,43.2772764],[2.928739,43.2772522],[2.9286797,43.277315],[2.9287504,43.2773559],[2.9242078,43.2816123]],[[2.9240237,43.2815724],[2.9238929,43.2818285],[2.923674,43.2819398],[2.9240237,43.2815724]],[[2.9709397,43.2778589],[2.9707951,43.2777428],[2.970546,43.2777391],[2.970526,43.2774561],[2.9708201,43.2774235],[2.9708151,43.2773509],[2.9703924,43.2773828],[2.9702529,43.2771775],[2.9703261,43.276846],[2.9711499,43.2766829],[2.9721028,43.2769831],[2.9723105,43.2771954],[2.9721203,43.2776071],[2.9709397,43.2778589]],[[2.9872873,43.3134928],[2.9869699,43.3134036],[2.9869555,43.3133248],[2.9873162,43.3127632],[2.9879438,43.3126267],[2.9888157,43.3131347],[2.9886507,43.3132933],[2.9876408,43.3133248],[2.9872873,43.3134928]],[[3.0120751,43.2391398],[3.0115548,43.23811],[3.0127376,43.2378892],[3.0130461,43.2387646],[3.0128181,43.2388135],[3.0128798,43.2389991],[3.0120751,43.2391398]],[[3.0132821,43.2387939],[3.0143845,43.2385888],[3.0144864,43.2390206],[3.0134216,43.2391867],[3.0132821,43.2387939]]],[[[2.840114054479243,43.254477544262194],[2.83982,43.25586],[2.8380068,43.2566158],[2.8373961,43.2570893],[2.83692,43.25796],[2.83582,43.2587],[2.8344957,43.260102],[2.8339931,43.2603872],[2.8329716,43.260661],[2.8316854,43.2616984],[2.8312171,43.2630082],[2.8307487,43.2639599],[2.8313318,43.2641019],[2.8317073,43.2645081],[2.8321626,43.2647043],[2.8324593,43.2649293],[2.8325974,43.2651902],[2.8326161,43.2655886],[2.8327443,43.2658495],[2.832743,43.2663203],[2.8326434,43.2664723],[2.8309778,43.2666871],[2.8308602,43.26618],[2.8302556,43.2662153],[2.8290448,43.2667929],[2.8290242,43.2670754],[2.8285776,43.2672847],[2.8284873,43.2676685],[2.8287244,43.2679441],[2.8281776,43.2685589],[2.8282267,43.2687183],[2.824991,43.2702779],[2.8252677,43.2705825],[2.8255946,43.2706554],[2.825435,43.2710173],[2.8254244,43.2712346],[2.8256305,43.2719882],[2.8251735,43.2723279],[2.8244093,43.2726889],[2.823812,43.2735788],[2.8235121,43.2744548],[2.8142917,43.2717604],[2.8142922,43.2715866],[2.8137144,43.2718321],[2.8124004,43.2720327],[2.8117545,43.2725785],[2.8113773,43.2727336],[2.8103516,43.2726559],[2.8101041,43.2725613],[2.8096888,43.2722347],[2.809446,43.2722162],[2.8087018,43.2724684],[2.8069575,43.2724003],[2.8056127,43.2729522],[2.8040713,43.2729387],[2.8035403,43.2731551],[2.803311,43.2735856],[2.8031373,43.2736614],[2.8022007,43.2736163],[2.7997884,43.2731884],[2.7994561,43.2732675],[2.7981059,43.2739206],[2.7972511,43.2746144],[2.7967459,43.2745266],[2.796469,43.2743233],[2.7961372,43.2742395],[2.7959594,43.2740653],[2.7960047,43.2738372],[2.7958866,43.2735727],[2.7957978,43.2734566],[2.7955998,43.2733947],[2.7952475,43.2735136],[2.7947816,43.2735272],[2.7941426,43.273403],[2.7936715,43.273489],[2.7930575,43.2733322],[2.792423,43.2733456],[2.7913086,43.2731299],[2.7902478,43.2732076],[2.7870727,43.2741633],[2.7869648,43.2749022],[2.7870027,43.2753253],[2.7868545,43.2761078],[2.7866517,43.2764057],[2.7863883,43.278687],[2.7864909,43.2799735],[2.786426,43.2846226],[2.78651,43.2856042],[2.7888781,43.2898224],[2.7905309,43.2922742],[2.7969348,43.2977995],[2.801273,43.3001304],[2.8023451,43.3008023],[2.8093052,43.3043101],[2.8120671,43.3051794],[2.8137446,43.3058991],[2.8161311,43.3073494],[2.8175547,43.3088684],[2.8183408,43.3092392],[2.818141,43.309925],[2.8174504,43.310292],[2.8130896,43.3114128],[2.8126624,43.3114137],[2.8122387,43.3119425],[2.811327,43.3121657],[2.8106043,43.3127123],[2.8105549,43.3129616],[2.8103373,43.3131803],[2.808821,43.3140891],[2.8085309,43.3141719],[2.8082723,43.3145311],[2.8080448,43.3146178],[2.8074502,43.3146463],[2.8071751,43.3149902],[2.8067204,43.3152761],[2.8063365,43.3156478],[2.8063959,43.3156748],[2.8061828,43.3160328],[2.805979,43.3161171],[2.8056749,43.3167691],[2.8056242,43.3170582],[2.8054297,43.3173694],[2.8052744,43.3174479],[2.8050881,43.3179741],[2.8051953,43.318226],[2.8058099,43.3187962],[2.8057291,43.3191549],[2.8057528,43.3195868],[2.8071119,43.3203768],[2.8079006,43.3211226],[2.8082386,43.3212023],[2.8084276,43.3214605],[2.8126445,43.3235204],[2.8175647,43.3240404],[2.8187103,43.3237878],[2.8192688,43.3233592],[2.8195,43.3229699],[2.8195448,43.3226533],[2.8212425,43.3235374],[2.8217238,43.3233269],[2.8223231,43.3234474],[2.8227585,43.3232963],[2.8239109,43.3235408],[2.8258885,43.323581],[2.8277613,43.3231215],[2.8286384,43.3223073],[2.829553,43.3221403],[2.8301826,43.3223598],[2.830797,43.3222486],[2.8314273,43.3222383],[2.8318997,43.3223447],[2.8322479,43.3222867],[2.833597,43.3226436],[2.8345896,43.3227464],[2.8354364,43.3226677],[2.8362991,43.3228255],[2.8367332,43.3224532],[2.8372912,43.3222789],[2.8378702,43.3221287],[2.838486,43.3221429],[2.8391705,43.3224727],[2.8401928,43.3227998],[2.8407466,43.322839],[2.8461821,43.3257544],[2.856896,43.3267198],[2.8615291,43.3277445],[2.8686294,43.3297431],[2.8695454,43.3311606],[2.8704512,43.3323031],[2.8705054,43.3329235],[2.8704528,43.3330032],[2.8707492,43.3342741],[2.8710554,43.3345879],[2.871595,43.3346732],[2.8719381,43.3350769],[2.8718086,43.3354507],[2.8719169,43.3359282],[2.8718421,43.3362438],[2.8720373,43.3371759],[2.8717973,43.3377754],[2.8730988,43.3394859],[2.874014,43.3395183],[2.8747081,43.3393209],[2.8751905,43.3396347],[2.8754192,43.3396993],[2.8757702,43.3403689],[2.8711356,43.3424666],[2.871669,43.3426726],[2.8719609,43.3428986],[2.8719914,43.3434623],[2.8725014,43.3441598],[2.8727041,43.3445811],[2.8724573,43.346108],[2.8721837,43.3464949],[2.8722177,43.3472729],[2.872077,43.3479926],[2.8725183,43.3498362],[2.8724694,43.3499385],[2.8721032,43.3499011],[2.8717246,43.3501125],[2.8717449,43.3507977],[2.8713261,43.3509792],[2.8711101,43.3509524],[2.8707807,43.3511899],[2.8702737,43.3520765],[2.8700297,43.3523414],[2.8699626,43.3527966],[2.8696894,43.3535809],[2.8698638,43.3544228],[2.8697988,43.3547062],[2.8694465,43.3551375],[2.8697267,43.3560273],[2.8695041,43.3572996],[2.8697454,43.3584935],[2.8698365,43.3595818],[2.8696407,43.3596696],[2.8685383,43.3595285],[2.8673334,43.3596399],[2.8664399,43.3600916],[2.8653266,43.3610501],[2.8632808,43.3612122],[2.8627948,43.3614671],[2.86274,43.3617534],[2.8634568,43.3636197],[2.8633915,43.3642141],[2.8635555,43.3651493],[2.8634997,43.3655013],[2.8630437,43.366077],[2.8622863,43.3664745],[2.862009,43.3665001],[2.860636,43.3672796],[2.8599474,43.3677711],[2.8592353,43.3686293],[2.8591362,43.3690195],[2.8593112,43.3695028],[2.858779,43.3703899],[2.8585681,43.37043],[2.8573537,43.3698099],[2.8565131,43.3699295],[2.8559288,43.3702165],[2.8559482,43.370538],[2.856336,43.3712594],[2.8561871,43.3715208],[2.8562131,43.3717986],[2.8558998,43.3720208],[2.855721,43.372288],[2.8554581,43.3732229],[2.8556833,43.3735051],[2.8554992,43.3738648],[2.8562611,43.3742628],[2.8563215,43.3743596],[2.8560795,43.3751225],[2.8561142,43.3753899],[2.8565295,43.3758795],[2.85716,43.376844],[2.8585123,43.3779157],[2.8608431,43.3790623],[2.8616459,43.3795226],[2.8625963,43.3802084],[2.8635453,43.3806634],[2.8649703,43.3810111],[2.8659291,43.3816799],[2.8657861,43.3821107],[2.8660818,43.3820523],[2.8667421,43.3821173],[2.8678219,43.3823484],[2.8679848,43.3822746],[2.8687545,43.3827797],[2.8692785,43.3830187],[2.8695735,43.3827185],[2.869471,43.382375],[2.8686591,43.3821805],[2.8685339,43.3820304],[2.8686283,43.3818154],[2.8690785,43.381494],[2.8713932,43.3804781],[2.8721595,43.3799227],[2.8728243,43.3789124],[2.8728754,43.37828],[2.8727641,43.3777772],[2.8725837,43.3775731],[2.8703593,43.3763026],[2.8695231,43.3752617],[2.8693962,43.3749599],[2.8694367,43.3735256],[2.8698441,43.3735732],[2.8704582,43.3733658],[2.8711876,43.3733564],[2.8718158,43.373235],[2.8730647,43.3732128],[2.8782906,43.3713068],[2.8901885,43.3652952],[2.8890864,43.3600845],[2.8900833,43.3573674],[2.8876564,43.3542509],[2.889298,43.3515115],[2.8912322,43.3485538],[2.8905372,43.3475521],[2.891132,43.3462572],[2.8909475,43.3453873],[2.8917376,43.3444724],[2.8921473,43.3436293],[2.8923806,43.3435891],[2.892004,43.3410972],[2.8915136,43.3408726],[2.8893159,43.3405361],[2.8871425,43.3398697],[2.8865141,43.3389552],[2.8864194,43.3384557],[2.8859836,43.3377326],[2.886499,43.337059],[2.8854626,43.3358911],[2.8842414,43.3348549],[2.8861887,43.3325617],[2.8857372,43.3312839],[2.8859429,43.3307473],[2.8868663,43.3299841],[2.8899572,43.3297864],[2.8902516,43.3291411],[2.890082,43.3290524],[2.8901521,43.3287721],[2.8902752,43.3288148],[2.8904636,43.3286906],[2.8904256,43.3285755],[2.8905537,43.3283397],[2.8904831,43.3282224],[2.8907701,43.3278535],[2.8947677,43.3261515],[2.8956068,43.3259887],[2.8977476,43.3251297],[2.9002232,43.3249344],[2.9028449,43.3237204],[2.9037955,43.3228359],[2.9061152,43.3225984],[2.9069286,43.3220063],[2.9087083,43.3213184],[2.9101841,43.3203951],[2.9101868,43.3202353],[2.9116679,43.3198582],[2.9123189,43.3199658],[2.9141365,43.3197041],[2.9156322,43.3214761],[2.9167693,43.3220901],[2.9179048,43.3229782],[2.9187964,43.3237793],[2.9190058,43.3241502],[2.9213397,43.3261083],[2.9228539,43.3249683],[2.9238256,43.3244902],[2.926264,43.3237458],[2.928364,43.3234188],[2.9304657,43.3228166],[2.9318269,43.3218762],[2.9321288,43.3217463],[2.9321071,43.3216773],[2.9333064,43.3212636],[2.9336625,43.3209535],[2.9343524,43.3206269],[2.93552,43.3205071],[2.9356046,43.3204236],[2.9353181,43.3198888],[2.935242,43.3194102],[2.9351317,43.3192069],[2.9351979,43.3187755],[2.9351482,43.3183601],[2.9359621,43.3173686],[2.936152,43.3164902],[2.9362268861889524,43.316444889324615],[2.9354576,43.3160528],[2.9347307,43.3155493],[2.9342157,43.3154107],[2.930128,43.3161835],[2.9288245,43.3160977],[2.9278348,43.315762],[2.9236612,43.3134669],[2.9223067,43.3130473],[2.9210434,43.3128698],[2.9206062,43.3128834],[2.92,43.3130415],[2.9195709,43.3133655],[2.9190586,43.3135723],[2.918506,43.3136641],[2.9179213,43.3136075],[2.91735,43.3134494],[2.9170013,43.3131644],[2.9169155,43.3129732],[2.9168994,43.312538],[2.9171542,43.3121789],[2.9175297,43.3119174],[2.9201234,43.3106995],[2.921663,43.3101277],[2.9227251,43.3098329],[2.9242916,43.3088219],[2.9255763,43.3082384],[2.9263354,43.3075728],[2.9268423,43.3064115],[2.9268155,43.3057947],[2.9261745,43.3015454],[2.9259411,43.2985822],[2.9218476,43.2842157],[2.921884,43.2840836],[2.9214594,43.2831267],[2.9202354,43.2821701],[2.9187318,43.281878],[2.9147618,43.2834334],[2.9146789,43.2833082],[2.9177955,43.282113],[2.9181276,43.2818545],[2.9179938,43.2816228],[2.9150722,43.2799685],[2.9149494,43.2799603],[2.9143083,43.279431],[2.9142494,43.2790562],[2.9148475,43.2776347],[2.9152767,43.275924],[2.9153035,43.2755842],[2.9151881,43.2748675],[2.9147885,43.2743793],[2.9140321,43.2738911],[2.9124391,43.2732121],[2.9104567,43.2729566],[2.9084898,43.2725674],[2.9063006,43.2720874],[2.9053079,43.2716603],[2.9048973,43.2710897],[2.903572,43.2686825],[2.903265,43.2677672],[2.9032358,43.2673558],[2.9033269,43.2668767],[2.9038318,43.2662233],[2.9039408,43.2662695],[2.9039878,43.2662106],[2.9040357,43.2659892],[2.9045679,43.2649691],[2.9046472,43.2637974],[2.9041336,43.2628233],[2.901568,43.2610342],[2.898867,43.2595496],[2.8973784,43.2584128],[2.8961418,43.2577348],[2.8945809,43.2574244],[2.893339,43.2573892],[2.8926495,43.2575258],[2.8911287,43.2581137],[2.8903537,43.258278],[2.889144,43.2582624],[2.8880844,43.2579477],[2.8875912,43.2576302],[2.8869741,43.2569829],[2.8865932,43.2562875],[2.8861184,43.2550234],[2.8857242,43.2545391],[2.8848336,43.2539646],[2.8827014,43.2533123],[2.8820201,43.2529958],[2.8813844,43.2524645],[2.8791769,43.2503097],[2.8791287,43.2501455],[2.8790105,43.2501434],[2.8784016,43.2496022],[2.8778492,43.2493641],[2.8771653,43.2492039],[2.8756337,43.2491101],[2.8745554,43.248936],[2.8740752,43.248602],[2.8738072,43.2482817],[2.8734664,43.2480823],[2.8729381,43.2480415],[2.8709104,43.2482388],[2.8689497,43.2480962],[2.8684776,43.2479849],[2.8674985,43.2472832],[2.8667771,43.2469611],[2.8641409,43.2467723],[2.861464,43.2470191],[2.8605037,43.247163],[2.8603875,43.2472732],[2.8603389,43.24717],[2.8599508,43.24718],[2.8578326,43.2476219],[2.8567256,43.2476903],[2.8538652,43.2480895],[2.8496112,43.2481922],[2.8462236,43.2485029],[2.8450595,43.2487901],[2.8437932,43.2496065],[2.8435467,43.2503471],[2.8432356,43.2509664],[2.8413312,43.2536213],[2.8412213,43.2542836],[2.8410145,43.2544826],[2.8408535,43.2545256],[2.840114054479243,43.254477544262194]],[[2.8249389,43.3181337],[2.8247935,43.3180347],[2.8251921,43.3177806],[2.8254312,43.317755],[2.8256422,43.3178642],[2.8249389,43.3181337]],[[2.8639582,43.2851389],[2.8638428,43.2849847],[2.8639877,43.2848831],[2.8641164,43.2850979],[2.8639582,43.2851389]],[[2.875707,43.322517],[2.875752,43.322474],[2.875753,43.322545],[2.875707,43.322517]],[[2.8769159,43.2790487],[2.8769454,43.2791249],[2.8763553,43.2796814],[2.8760335,43.279365],[2.8765163,43.2789159],[2.8769159,43.2790487]],[[2.8767255,43.2799567],[2.8764465,43.279738],[2.8771332,43.2791288],[2.8774416,43.2792479],[2.8767255,43.2799567]]],[[[3.1750955,43.2439055],[3.1763989,43.2450086],[3.1782851,43.2473239],[3.1792659,43.248177],[3.1807649,43.2490508],[3.1822439,43.2496684],[3.1847344,43.250568],[3.186207,43.250968],[3.187728,43.2510939],[3.1886968,43.2505449],[3.189925,43.2501218],[3.1921506,43.2503175],[3.1960866,43.2502147],[3.1977833,43.2503206],[3.1986271,43.2501585],[3.1994699,43.2498684],[3.2005887,43.2493456],[3.2022631,43.2451094],[3.2021697,43.2450276],[3.2035926,43.2423844],[3.2040549,43.2416833],[3.2069759,43.2401507],[3.2081871,43.2390859],[3.2097098,43.236064],[3.2101996,43.2357357],[3.2273214,43.2218018],[3.22600979184314,43.220294688805225],[3.2240049,43.2209929],[3.2212425,43.2217701],[3.2192243,43.2225985],[3.2160971,43.2241663],[3.2145647,43.2247927],[3.2124267,43.225811],[3.2109527,43.2268156],[3.2106291,43.2269339],[3.2088536,43.2280931],[3.2074219,43.2292059],[3.2038734,43.2311852],[3.2028417,43.2320993],[3.2022194,43.2331116],[3.2021389,43.2331351],[3.2013343,43.2350697],[3.2013879,43.2351439],[3.2012002,43.2354683],[3.2012753,43.2355973],[3.2011251,43.2357575],[3.2008193,43.2366681],[3.2004706,43.2372387],[3.2000254,43.2376725],[3.1988023,43.2384891],[3.1986682,43.2384696],[3.1984911,43.2386376],[3.1975095,43.2390558],[3.1962166,43.2394427],[3.1944142,43.2394387],[3.1912119,43.2389229],[3.1908471,43.2389112],[3.1891037,43.2391925],[3.1886584,43.2394739],[3.1881864,43.2400406],[3.1879289,43.2407674],[3.1874997,43.241381],[3.1874675,43.2417053],[3.1875426,43.2418695],[3.186797,43.242397],[3.1854773,43.2426354],[3.1825108,43.2426823],[3.1815291,43.242862],[3.181159,43.2430105],[3.1783641,43.2436826],[3.1767172,43.243835],[3.1750538803443553,43.24370527079328],[3.1750955,43.2439055]],[[3.2191726,43.2263394],[3.2194364,43.2261664],[3.219876,43.2260703],[3.2208255,43.2253016],[3.2211771,43.2252247],[3.2215288,43.2252503],[3.221731,43.2256283],[3.2219772,43.2258461],[3.2222408,43.225909],[3.2204035,43.2273323],[3.2201661,43.2273707],[3.2199551,43.2272042],[3.2195946,43.2266533],[3.2191902,43.2265059],[3.2191726,43.2263394]],[[3.2173791,43.2273259],[3.2169835,43.2267301],[3.2174319,43.2262625],[3.217933,43.226192],[3.2181088,43.2263586],[3.2184869,43.2264803],[3.2189704,43.2267622],[3.2198935,43.2275629],[3.2171681,43.2298882],[3.2169132,43.2295167],[3.2162538,43.2290683],[3.2159724,43.2282035],[3.2160604,43.2280305],[3.2158142,43.2278512],[3.2156296,43.2275885],[3.2156472,43.2272362],[3.2159197,43.2271081],[3.2163681,43.2271978],[3.2166142,43.2273259],[3.2166318,43.2275309],[3.2167461,43.2276718],[3.2172385,43.2276526],[3.2173791,43.2273259]],[[3.2133349,43.227832],[3.2136514,43.2277679],[3.2139767,43.227832],[3.2143372,43.2281459],[3.2147152,43.2281394],[3.2160164,43.2293437],[3.2162274,43.2294591],[3.2167461,43.2302598],[3.2133789,43.2329821],[3.2129217,43.2324953],[3.2123151,43.2320149],[3.2120865,43.2316049],[3.2115854,43.2313872],[3.2113568,43.2310477],[3.2116469,43.2305993],[3.2111722,43.2305416],[3.2109436,43.2303046],[3.2112513,43.2298882],[3.2122624,43.2292669],[3.2118316,43.2288313],[3.2118579,43.2285622],[3.2121041,43.2283124],[3.2128778,43.228479],[3.2132294,43.2287416],[3.2135371,43.2287544],[3.2138273,43.2285494],[3.213713,43.2283444],[3.2132031,43.2280113],[3.2133349,43.227832]]],[[[3.2403882,43.2125385],[3.2396656,43.2120308],[3.2403880768554996,43.21253859431222],[3.2403882,43.2125385]]],[[[3.150839011068188,43.139008211717744],[3.1505612,43.138955],[3.1504526,43.1390022],[3.150839011068188,43.139008211717744]]],[[[3.1502796,43.1387148],[3.1502611,43.1386638],[3.150278873382692,43.13872168229979],[3.1502796,43.1387148]]],[[[3.0662522,43.0141405],[3.0660857,43.0136924],[3.0666366,43.015205],[3.0662522,43.0141405]]],[[[3.0530652,42.8846152],[3.053129,42.8844864],[3.0530628,42.884264],[3.0524111,42.8840454],[3.0519198,42.8834147],[3.0517183,42.882981],[3.0508315,42.8799568],[3.0505188,42.8793282],[3.0502534,42.8785261],[3.0502388,42.8780579],[3.050084,42.8775868],[3.0498657,42.8759575],[3.0499663,42.8751593],[3.0504227,42.87414],[3.0508085,42.873983],[3.0527317,42.8738139],[3.0528209,42.8737529],[3.0527713,42.8736894],[3.0509393,42.8738531],[3.0501148,42.8741701],[3.0490332,42.8738817],[3.0492278,42.8734935],[3.0492045,42.8732849],[3.0488156,42.8728005],[3.0489261,42.8724999],[3.0483989,42.8723797],[3.0482287,42.8727019],[3.0479071,42.8727095],[3.0474817,42.8728824],[3.046541,42.8730882],[3.0461247,42.8729352],[3.0457257,42.8725797],[3.0447713,42.8713074],[3.0444038,42.8712298],[3.0440256,42.871277],[3.0435482,42.871217],[3.0434849,42.8712955],[3.0435646,42.8715506],[3.0438821,42.8719512],[3.044043,42.8719001],[3.0440859,42.8719915],[3.0439223,42.8725586],[3.0437655,42.8726955],[3.0432821,42.8728466],[3.0430694,42.8730422],[3.0438352,42.8735857],[3.0437829,42.8737048],[3.0432886,42.8739122],[3.0431314,42.8738535],[3.0427484,42.8733535],[3.0418918,42.8726855],[3.0405976,42.8720589],[3.0395827,42.8712125],[3.0387067,42.8701751],[3.0380791,42.8692014],[3.0348344,42.8653259],[3.0344836,42.8646892],[3.0331154,42.8630505],[3.0329542,42.8626356],[3.0313831,42.8609869],[3.031291,42.8608198],[3.0314597,42.8603258],[3.0317072,42.8589756],[3.0329504,42.8570741],[3.0330416,42.8568267],[3.0330141,42.8566159],[3.0326979,42.8560875],[3.0322281,42.8558025],[3.0320598,42.85556],[3.0315546,42.8553473],[3.0310362,42.8553554],[3.0308466,42.8552806],[3.0304724,42.8546111],[3.0302731,42.8545309],[3.0299371,42.8546083],[3.0297385,42.8547473],[3.0295794,42.855097],[3.029609,42.8558212],[3.0293366,42.856344],[3.0293752,42.856594],[3.0291112,42.8575899],[3.0292434,42.8577944],[3.0288106,42.8587383],[3.0287728,42.8591361],[3.0285475,42.8596504],[3.0285486,42.8599101],[3.0288886,42.8603688],[3.0290148,42.8631842],[3.0293727,42.8643444],[3.0294896,42.8644775],[3.0297442,42.8652448],[3.0303772,42.8666524],[3.0302162,42.8666347],[3.0302419,42.8665125],[3.0301626,42.866386],[3.0298139,42.8667025],[3.0298556,42.8668988],[3.0300765,42.8672247],[3.031043,42.8681218],[3.0309901,42.8681926],[3.0310705,42.8683003],[3.0313106,42.8684354],[3.0312556,42.8684944],[3.0313522,42.8685425],[3.0312435,42.8686163],[3.0314876,42.8687598],[3.031463,42.8688341],[3.0317585,42.8689573],[3.0317263,42.8690871],[3.0318819,42.8692974],[3.032189,42.8694714],[3.032409,42.8697456],[3.0325903,42.8698101],[3.0341846,42.8713762],[3.0344219,42.8714971],[3.0344984,42.8716899],[3.0358972,42.8730353],[3.0360288,42.873292],[3.0380966,42.8753459],[3.0383983,42.8757882],[3.0398896,42.8773184],[3.0398789,42.8774805],[3.0402182,42.877794],[3.0402035,42.8779031],[3.04041,42.8780437],[3.0403805,42.8781125],[3.0407654,42.8785891],[3.0407023,42.8786038],[3.0411543,42.8790716],[3.0424619,42.8807934],[3.0438298,42.8822881],[3.0439752,42.8825476],[3.0441315,42.8837405],[3.0442879,42.8840886],[3.044557,42.8842622],[3.0453208,42.8844949],[3.0461391,42.885575],[3.0465224,42.8859606],[3.0470382,42.8862983],[3.0477069,42.886193],[3.0490239,42.8857387],[3.0523238,42.8842046],[3.052986,42.8843521],[3.0529899,42.8845943],[3.0530652,42.8846152]],[[3.0492912,42.8745385],[3.0488019,42.8746253],[3.0477425,42.8744265],[3.0463666,42.8750263],[3.0461531,42.8756438],[3.0455104,42.8759212],[3.0462186,42.8768302],[3.046205,42.87707],[3.0460617,42.8771805],[3.0458368,42.87712],[3.0451165,42.8776694],[3.0451605,42.8777603],[3.045307,42.8777797],[3.045609,42.878146],[3.0463518,42.8782768],[3.0462542,42.8785582],[3.0468708,42.8786704],[3.0467819,42.8789264],[3.0461914,42.8788573],[3.0471813,42.8799731],[3.0469375,42.8801755],[3.0471958,42.8804802],[3.0470447,42.8806025],[3.047162,42.880795],[3.0468211,42.8811027],[3.0472417,42.8816059],[3.0470357,42.8816939],[3.0466409,42.8814801],[3.0464794,42.8809765],[3.0456768,42.8801474],[3.0453626,42.8796886],[3.0453746,42.8795936],[3.0455502,42.8795494],[3.0459429,42.8799639],[3.0462062,42.8799729],[3.0463598,42.8798291],[3.0459283,42.8791345],[3.045209,42.8784414],[3.0449215,42.8785523],[3.0452054,42.879061],[3.0449286,42.8792055],[3.0442249,42.8784909],[3.0441803,42.8783702],[3.044889,42.8780381],[3.0449696,42.8778252],[3.0447123,42.8777473],[3.0438888,42.8779749],[3.0436667,42.8778542],[3.043074,42.8770002],[3.04306,42.8766717],[3.043774,42.8760624],[3.0440941,42.8758494],[3.0444015,42.8757622],[3.0445022,42.8755836],[3.0440015,42.8750869],[3.0436652,42.8750339],[3.0436115,42.8749142],[3.0437624,42.8747878],[3.0437171,42.8746668],[3.0434673,42.8745938],[3.0429956,42.8747297],[3.0428431,42.8746391],[3.042843,42.8745144],[3.0434685,42.8740948],[3.0438697,42.8740035],[3.0447292,42.8750496],[3.0449912,42.8751776],[3.0454132,42.8748472],[3.0466045,42.874397],[3.0467847,42.8740153],[3.0469266,42.873944],[3.0480894,42.8739197],[3.0488137,42.8740933],[3.0489669,42.8740011],[3.0490079,42.8738755],[3.0501148,42.8741701],[3.0492912,42.8745385]]],[[[3.0491416,42.871968],[3.0492193,42.8718196],[3.0491076,42.8717697],[3.0494046,42.8710733],[3.0497874,42.8707663],[3.0503783,42.8707913],[3.0532745,42.8725026],[3.0534629,42.8727266],[3.053836,42.8737194],[3.0539919,42.8738312],[3.0540322,42.8737684],[3.0536116,42.8726587],[3.0534409,42.8724445],[3.0502918,42.870503],[3.0502735,42.8700303],[3.0498594,42.8688172],[3.0497543,42.867556],[3.0493408,42.8665486],[3.0492428,42.8658658],[3.048817,42.8649464],[3.0486994,42.8641101],[3.0485599,42.8636802],[3.0481777,42.8629587],[3.0481038,42.8619494],[3.0473126,42.859264],[3.0470833,42.8580284],[3.0466075,42.8569888],[3.0464137,42.8554783],[3.0456776,42.8525654],[3.0458032,42.8511745],[3.0455257,42.8493498],[3.0450395,42.8478635],[3.0447476,42.8456581],[3.0444682,42.8450438],[3.0444592,42.8445094],[3.0441812,42.8433331],[3.0442098,42.8424713],[3.0436676,42.8399294],[3.0437395,42.8390413],[3.0435887,42.8382293],[3.0404334,42.8396288],[3.035418431053397,42.8420892865845],[3.0357189,42.8423696],[3.0356987,42.8425995],[3.0357838,42.8426771],[3.0357722,42.8439437],[3.0355382,42.8443345],[3.0351934,42.8445933],[3.0351773,42.8453796],[3.0350546,42.8456685],[3.03507,42.8459418],[3.035167,42.8464052],[3.0358638,42.8466046],[3.0362122,42.84702],[3.0363926,42.8474194],[3.0363754,42.8478042],[3.0359012,42.847945],[3.0358638,42.8481089],[3.03591,42.848293],[3.0362768,42.8484097],[3.0362741,42.8485168],[3.0361963,42.8485819],[3.0354836,42.848547],[3.0351953,42.8482321],[3.035116,42.8480238],[3.0348744,42.8478881],[3.0337987,42.8478659],[3.0337541,42.8479188],[3.0338371,42.8480259],[3.0339424,42.8487815],[3.0340172,42.8488844],[3.0351189,42.8491732],[3.0353244,42.8495999],[3.0353483,42.849857],[3.0352228,42.8499217],[3.0352021,42.8501665],[3.0350368,42.8502942],[3.0328776,42.8503167],[3.0326617,42.8504829],[3.0326655,42.8514951],[3.0325721,42.8520315],[3.0325862,42.8538586],[3.0327249,42.8541002],[3.0327267,42.8544367],[3.0324482,42.8546341],[3.0322034,42.8544362],[3.0323508,42.8546912],[3.0322095,42.8548721],[3.0329954,42.8559122],[3.0328395,42.8560195],[3.033115,42.8559063],[3.0352103,42.8585944],[3.0350966,42.8586416],[3.03529,42.8588878],[3.0357379,42.8588578],[3.0356945,42.8562624],[3.0361792,42.8562573],[3.0361922,42.8571416],[3.0374189,42.8571354],[3.0374401,42.8590078],[3.0370943,42.8590073],[3.0370951,42.8594084],[3.038236,42.8609021],[3.0371954,42.8613354],[3.0359136,42.8596872],[3.0352874,42.8599578],[3.0349292,42.8594924],[3.0348153,42.8595405],[3.0343755,42.8589957],[3.0347495,42.8595677],[3.0345078,42.8596718],[3.0346237,42.8598274],[3.0347149,42.8597932],[3.0362246,42.8617371],[3.0359098,42.861865],[3.0365436,42.862701],[3.0370818,42.8624727],[3.0387116,42.8645813],[3.0386268,42.8646538],[3.0387116,42.8647674],[3.03937,42.8645158],[3.0388238,42.8638137],[3.0400939,42.8632764],[3.0406579,42.8639945],[3.0408696,42.8639051],[3.0409084,42.8639577],[3.0406998,42.864047],[3.0409617,42.8640242],[3.040751,42.8641133],[3.040929,42.8640611],[3.04141,42.8646854],[3.0412343,42.864761],[3.0412549,42.8648295],[3.0414883,42.8647634],[3.042313,42.8658415],[3.0395002,42.8670192],[3.0380139,42.8650792],[3.0382367,42.8649853],[3.0381586,42.8648316],[3.0375967,42.8650486],[3.0407394,42.869061],[3.041548,42.8687418],[3.040692,42.867627],[3.0418566,42.867149],[3.0432642,42.8689895],[3.0430273,42.8690927],[3.0438593,42.8701873],[3.0440728,42.8701823],[3.044319,42.8704846],[3.0448437,42.8703068],[3.0442443,42.8695126],[3.0448815,42.8692491],[3.0465583,42.871391],[3.0467693,42.8713105],[3.0459804,42.8702965],[3.0470253,42.8698552],[3.0485623,42.8718514],[3.0491416,42.871968]],[[3.0345252,42.8525504],[3.0343348,42.852455],[3.0349557,42.8519939],[3.0345252,42.8525504]],[[3.0383225,42.8456106],[3.038415,42.8458252],[3.0382085,42.8458975],[3.0382424,42.8457506],[3.0381562,42.8456874],[3.0381562,42.8455518],[3.038301,42.8453621],[3.0383657,42.8454027],[3.0383225,42.8456106]]],[[[3.0281890158441787,42.84556902857799],[3.0285741,42.8460331],[3.0289896,42.8471224],[3.0289676,42.8472779],[3.0291175,42.8475593],[3.0290145,42.8479673],[3.0292032,42.8489813],[3.0297655,42.849623],[3.0303791,42.8499299],[3.0306532,42.8499757],[3.0310791,42.8498099],[3.0318861,42.849808],[3.0319969,42.8495414],[3.0320159,42.8489488],[3.0329352,42.848784],[3.0331161,42.8486856],[3.0330808,42.8468724],[3.033005,42.8466826],[3.0324692,42.8462712],[3.0324305,42.8460065],[3.0322397,42.8458129],[3.031498,42.8456034],[3.0309225,42.8452181],[3.03083987899296,42.84429308584253],[3.0281890158441787,42.84556902857799]]],[[[3.0189218515866814,42.85002960245487],[3.0193627,42.8515981],[3.0197976,42.8520937],[3.0203922,42.8524338],[3.020805,42.8527799],[3.0211353,42.853197],[3.0217355,42.854228],[3.0217371,42.8544856],[3.0220095,42.8550707],[3.0220441,42.8554296],[3.0224127,42.8563712],[3.0224991,42.8572579],[3.0227871,42.8580222],[3.0227468,42.8589891],[3.0228505,42.8593227],[3.0228908,42.859918],[3.0230417,42.8600944],[3.0240837,42.8603196],[3.0249903,42.8600958],[3.0251724,42.8599592],[3.0252035,42.8595533],[3.025531,42.8589699],[3.0254721,42.8588729],[3.025261,42.8588162],[3.0251459,42.8585969],[3.0251918,42.8571963],[3.0245216,42.8552466],[3.0243571,42.8545191],[3.0225299,42.8514904],[3.022516,42.8511417],[3.0230024,42.8505319],[3.0230146,42.8502362],[3.0228191,42.850278],[3.0226263,42.8505008],[3.0224207,42.8505735],[3.0221449,42.8505203],[3.0213616,42.8499531],[3.0208547,42.849472],[3.0206699743929324,42.849188176673856],[3.0189218515866814,42.85002960245487]]],[[[3.011758950513092,42.85347732912979],[3.0120051,42.8534223],[3.0118884692743517,42.8534149877288],[3.011758950513092,42.85347732912979]]],[[[2.9878623772848254,42.8646842414424],[2.9881372,42.8646589],[2.9882745,42.8647246],[2.9884109,42.8650511],[2.9875,42.8655],[2.987276,42.8654534],[2.9872051,42.8652797],[2.9874839009806577,42.864861681902454],[2.9852276,42.8659195],[2.9873026,42.8671923],[2.9882577,42.8674869],[2.9886481,42.8679681],[2.9889499,42.8686332],[2.9889342,42.8687856],[2.9893382,42.8694191],[2.989341,42.8702224],[2.9895156,42.8707026],[2.9901355,42.8713219],[2.990651,42.8714607],[2.9911326,42.871707],[2.9921864,42.8719329],[2.9921875,42.872036],[2.9923921,42.8720518],[2.9932949,42.8724555],[2.9937985,42.8728721],[2.9946692,42.874262],[2.995097,42.8751287],[2.9955269,42.8754483],[2.9965375,42.875451],[2.9966982,42.8751966],[2.9968006,42.8744055],[2.9974097413653222,42.873739018313316],[2.9969191,42.8742093],[2.996409,42.8740712],[2.9955233,42.8734169],[2.993906,42.8718398],[2.991095,42.8681782],[2.9907855,42.867624],[2.990628,42.8670284],[2.9902922,42.86647],[2.9902556,42.8658071],[2.9889291,42.8644201],[2.9886330943684576,42.86432290734462],[2.9878623772848254,42.8646842414424]],[[2.9902304,42.8686983],[2.9899804,42.8684483],[2.9902304,42.8681983],[2.9904804,42.8681983],[2.9902304,42.8686983]]],[[[2.9981298,42.8734883],[2.9989986,42.8736426],[2.9996437,42.8742178],[2.9999415,42.8743251],[3.0004088,42.8742888],[3.0005353,42.8743803],[2.9999795,42.8767582],[2.9998232,42.8770696],[2.9998445,42.8779673],[2.9988274,42.8788627],[2.9981332,42.8790179],[2.9974605,42.8790638],[2.9970488,42.8789739],[2.9970015,42.8788232],[2.9968531,42.8788157],[2.9954309,42.8808168],[2.9951289,42.8809104],[2.9948664,42.8813708],[2.9945648,42.8815037],[2.9981233,42.8937503],[2.9984529,42.8946747],[2.999661,42.8972151],[2.9998458,42.8978652],[3.0008097,42.9001898],[3.0012845,42.8997961],[3.0014552,42.8999111],[3.0013103,42.900015],[3.0022977,42.9005376],[3.0023729,42.9004684],[3.0025256,42.9005362],[3.0024504,42.9006054],[3.0038084,42.9013449],[3.0038718,42.9012586],[3.004199,42.9012566],[3.0045811,42.9014649],[3.0050682,42.9021837],[3.004687,42.9025855],[3.0047557,42.9029846],[3.0049097,42.9031728],[3.005627,42.9035723],[3.0057378,42.9035459],[3.006513955944945,42.903883443747034],[3.005604,42.9033471],[3.0051146,42.9029337],[3.0049485,42.9025549],[3.0051259,42.9021705],[3.0050911,42.9019454],[3.0047017,42.9014232],[3.0043578,42.9012779],[3.0027051,42.9000581],[3.0018344,42.8996549],[3.0007589,42.8982596],[3.0009036,42.8976866],[3.0010859,42.8975971],[3.0012772,42.8976113],[3.0016873,42.8974573],[3.0020506,42.8975561],[3.003057,42.8975122],[3.004057,42.8977622],[3.0050002,42.8978484],[3.0060634,42.8985514],[3.006604,42.8985803],[3.0068357,42.8983837],[3.0068868,42.8978102],[3.0065556,42.89724],[3.0061682,42.8967914],[3.0050355,42.8960743],[3.0044625,42.895912],[3.0026904,42.8958742],[3.00127,42.8954802],[3.0006048,42.8951635],[3.0001184,42.8947062],[2.9995431,42.8939788],[2.9984543,42.8920005],[2.9976804,42.8901744],[2.9976872,42.8897488],[2.9978344,42.8895991],[2.9977488,42.8888985],[2.9970296,42.8875533],[2.9966255,42.8869638],[2.9965706,42.8866268],[2.9962282,42.8862021],[2.9959029,42.8855758],[2.9950359,42.8827437],[2.9950136,42.8821908],[2.9954186,42.8814282],[2.9955554,42.8808111],[2.9959872,42.8803138],[2.9960114,42.8801016],[2.9962715,42.8797949],[2.996293,42.8796593],[2.996757,42.8791365],[2.9972314,42.8790312],[2.9982027,42.8792073],[2.9971594,42.8794923],[2.9969555,42.8796397],[2.9969045,42.879848],[2.996954,42.8799852],[2.997559,42.8803512],[2.998369,42.8810941],[2.9992247,42.8819726],[2.999981,42.882973],[3.0001822,42.8830222],[3.000268,42.8829632],[3.000024,42.8815363],[2.9998791,42.881216],[2.9998872,42.8810371],[2.9997745,42.8809035],[2.9998013,42.8800603],[2.9995653,42.8798834],[2.99945,42.8795984],[2.9995712,42.8793017],[2.9995405,42.8788379],[3.0000875,42.8779041],[2.9999435,42.8770766],[3.000079,42.8763698],[3.0003968,42.8755395],[3.0006614,42.8742494],[3.0005839,42.8740601],[3.0003416,42.8740981],[2.9996844,42.8735684],[2.9985308,42.8732677],[2.9974372473521766,42.87372745417659],[2.9981298,42.8734883]]],[[[3.0063497,42.904453],[3.0055709,42.9043073],[3.0054362128570387,42.90429315410273],[3.0063394,42.9044796],[3.0065850467726056,42.90408687191958],[3.0063497,42.904453]]],[[[3.0045645,42.9042016],[3.004324950677842,42.90419387397945],[3.005379069769127,42.90428715248867],[3.0045645,42.9042016]]],[[[3.0040838665086613,42.904186098456535],[3.0036832,42.9042971],[3.0032561,42.9047894],[3.0029657,42.90495],[3.0030553,42.9051256],[3.003914,42.9050905],[3.0041098,42.90536],[3.0039705,42.9059794],[3.0036978,42.9061529],[3.0038045,42.9062897],[3.0044005429733454,42.90625952959492],[3.0040982,42.9061817],[3.003969,42.9060315],[3.004066,42.9059224],[3.0041749,42.905299],[3.0040652,42.9051215],[3.0037726,42.9049704],[3.0035457,42.9049636],[3.0033753,42.9048213],[3.0033767,42.9046925],[3.003659,42.9043741],[3.0040838665086613,42.904186098456535]]],[[[3.0045108293972493,42.90635770080754],[3.0045698,42.9063031],[3.0044848698972646,42.90628123716185],[3.0045108293972493,42.90635770080754]]],[[[3.0043552,42.9064196],[3.0042752,42.9065834],[3.0042974,42.9070086],[3.0045953,42.907224],[3.0050527,42.907323],[3.0052754,42.9076881],[3.0052444,42.907982],[3.0045738,42.9082461],[3.0044057,42.9085324],[3.0045339,42.9087666],[3.004982,42.9090324],[3.0049957,42.9092421],[3.0047104,42.9092438],[3.0048863,42.9096707],[3.0048611,42.9104931],[3.0045987,42.9105031],[3.0043306,42.9110333],[3.0044918,42.9111582],[3.0045169,42.9113679],[3.0046773,42.9114172],[3.0046913,42.9116521],[3.0031581,42.9123661],[3.0035168,42.9128086],[3.0030079,42.913248],[3.002948,42.9140287],[3.0029939,42.9150857],[3.0032735,42.916628],[3.0044232,42.9173595],[3.0049763,42.9178261],[3.0059994,42.9194982],[3.006268415071973,42.91966897378084],[3.0058792,42.9192452],[3.0055252,42.9185793],[3.0055367,42.9184611],[3.0053133,42.918318],[3.0052033,42.9181629],[3.0052182,42.9180572],[3.0048794,42.917662],[3.0043745,42.917222],[3.0040803,42.9170947],[3.0036617,42.9167531],[3.0033722,42.9164335],[3.0033258,42.9162575],[3.0034073,42.9161222],[3.0042779,42.9155759],[3.0044372,42.9153928],[3.0044091,42.9151557],[3.0040848,42.9148],[3.0041054,42.9147226],[3.0039547,42.9145348],[3.0036537,42.9143733],[3.0035081,42.9137431],[3.0034518,42.9138453],[3.0032292,42.9136921],[3.0031165,42.9134367],[3.0031353,42.9131636],[3.0036715,42.9128012],[3.0036559,42.9124584],[3.0038073,42.9123278],[3.0043402,42.912094],[3.0047294,42.9120157],[3.0048941,42.9118164],[3.004854,42.9117164],[3.0050211,42.911505],[3.0046258,42.9111482],[3.0047446,42.9106315],[3.0050504,42.9104134],[3.0049378,42.909938],[3.005121,42.9097584],[3.0052784,42.9097218],[3.0049565,42.9094292],[3.0049916,42.9092638],[3.0051461,42.9091942],[3.0052024,42.9090221],[3.0047906,42.9087286],[3.0046412,42.9083683],[3.0047178,42.9082249],[3.0048895,42.9081345],[3.0054045,42.9080226],[3.0055101,42.9079356],[3.0054989,42.9077898],[3.0052413,42.9073736],[3.0044698,42.9068902],[3.0045783,42.9067593],[3.0044684,42.9066886],[3.0044755039422695,42.90639040860224],[3.0043552,42.9064196]]],[[[3.0069422,42.9200967],[3.00700889975475,42.92013969822028],[3.0066900338193463,42.91993662208409],[3.0069422,42.9200967]]],[[[2.9586991,43.2451268],[2.9590103,43.2451783],[2.9596622,43.2455212],[2.9604802,43.2457381],[2.9602159,43.2452848],[2.9597566,43.2452052],[2.9595567,43.2449835],[2.958641,43.2449529],[2.9586991,43.2451268]]],[[[2.934967,43.2431437],[2.9349663,43.2432648],[2.9352285,43.2434279],[2.9351373,43.2435785],[2.9353954,43.2435096],[2.9355211,43.2432939],[2.9356787,43.2432102],[2.9371896,43.2428939],[2.9371843,43.2428136],[2.9352108,43.2429452],[2.934967,43.2431437]]],[[[2.9366544,43.2440228],[2.9370173,43.2436877],[2.9366343,43.2434491],[2.93574,43.2435087],[2.9354508,43.2435986],[2.9351039,43.2439855],[2.9351075,43.2443002],[2.9352374,43.2443724],[2.9358092,43.2444047],[2.9360308,43.2442287],[2.9366544,43.2440228]]],[[[2.9589634,43.2453903],[2.9586013,43.245235],[2.958435,43.245319],[2.9589218,43.2454626],[2.9589634,43.2453903]]],[[[2.8676207,43.2081602],[2.867268,43.2080947],[2.8674343,43.2082521],[2.8676207,43.2081602]]],[[[2.9487923,43.0634322],[2.9486859,43.0634568],[2.948743,43.0635971],[2.9489104,43.0635772],[2.9487923,43.0634322]]],[[[2.9485315,43.0638142],[2.9486444,43.0638047],[2.9485757,43.063618],[2.9484329,43.0636777],[2.9485315,43.0638142]]],[[[2.9488351,43.0637185],[2.9489117,43.0638824],[2.9490337,43.0638919],[2.9489701,43.0636758],[2.9488351,43.0637185]]],[[[2.9553482,43.0647077],[2.9559462,43.0648602],[2.9560008,43.0647771],[2.9556917,43.0645786],[2.9553482,43.0647077]]],[[[2.9564099,43.0647194],[2.9562787,43.0648746],[2.9563317,43.0649956],[2.9565934,43.064819],[2.9565702,43.0645842],[2.9564389,43.064543],[2.9564099,43.0647194]]],[[[2.9554904,43.0659259],[2.9558965,43.065965],[2.9559728,43.0659097],[2.9559155,43.0658276],[2.9554965,43.065805],[2.9554904,43.0659259]]],[[[2.9563496,43.0657877],[2.9563695,43.0659999],[2.9565831,43.0659799],[2.9566227,43.0658611],[2.9563496,43.0657877]]],[[[3.0072643,42.8614877],[3.0071648,42.8615787],[3.0071745,42.8616951],[3.0075941,42.8618012],[3.0077258,42.8617254],[3.0077711,42.8615831],[3.0076509,42.861488],[3.0072643,42.8614877]]],[[[3.0121018,42.8999874],[3.0114962,42.8997116],[3.0103859,42.8990381],[3.0096925,42.8984625],[3.009207,42.8983568],[3.0088623,42.8984235],[3.0086607,42.898356],[3.0084593,42.8985059],[3.0084937,42.898626],[3.0086492,42.8987062],[3.0088121,42.8990607],[3.009015,42.8991955],[3.009043,42.8996347],[3.0092572,42.9000522],[3.0095788,42.9003519],[3.0104181,42.9005803],[3.0106672,42.9005698],[3.0109345,42.9003619],[3.0110627,42.9003814],[3.0109894,42.9010525],[3.0111859,42.9011263],[3.0118633,42.9010016],[3.0121095,42.90082],[3.0122147,42.9001873],[3.0121018,42.8999874]]],[[[3.0066597,42.9056355],[3.0065599,42.9052312],[3.0061933,42.9053206],[3.0056562,42.9057485],[3.0056539,42.9058633],[3.0060847,42.9059337],[3.0066597,42.9056355]]],[[[3.0160801,42.9116655],[3.0156771,42.9115217],[3.0153608,42.9117599],[3.0158781,42.9118578],[3.0160801,42.9116655]]],[[[3.0111575,42.9230434],[3.0110606,42.9230406],[3.0110703,42.9231019],[3.0111719,42.9231171],[3.0111575,42.9230434]]],[[[3.031953,42.850249],[3.0315505,42.850095],[3.0314473,42.8501717],[3.030777,42.8501641],[3.0302084,42.8500434],[3.0298402,42.8502405],[3.0298756,42.8506207],[3.0300489,42.8508693],[3.0301294,42.8513361],[3.0313103,42.8531979],[3.031808,42.8536449],[3.0321472,42.8536105],[3.0322201,42.8534858],[3.0322089,42.8533329],[3.03208,42.8531821],[3.0320297,42.8504206],[3.031953,42.850249]]],[[[3.0517603,42.8846287],[3.0517444,42.8846114],[3.051418,42.8847975],[3.0517603,42.8846287]]],[[[2.9649343,43.0667271],[2.9649343,43.0665648],[2.9650301,43.0664093],[2.9647145,43.066476],[2.964649,43.0665545],[2.9647192,43.0667425],[2.9649343,43.0667271]]],[[[2.9646958,43.0663444],[2.9646396,43.0664452],[2.9646654,43.066464],[2.9648127,43.0663564],[2.9646958,43.0663444]]],[[[2.9590713,43.0667715],[2.9595481,43.0665521],[2.9593141,43.0665339],[2.959017,43.0666496],[2.958895,43.0667877],[2.9590204,43.0668661],[2.9592732,43.066846],[2.959587,43.0667167],[2.9594951,43.0666594],[2.9590713,43.0667715]]],[[[2.9672226,43.0671841],[2.9669558,43.0669759],[2.9664499,43.0670241],[2.9661662,43.067379],[2.9663992,43.0675643],[2.9670467,43.0675743],[2.9671837,43.067465],[2.9672226,43.0671841]]],[[[2.9841288,43.0786336],[2.9844375,43.0787233],[2.9847605,43.0787072],[2.9846362,43.0786055],[2.9844167,43.0785925],[2.9843424,43.0784435],[2.9836331,43.0780916],[2.9841288,43.0786336]]],[[[2.974425,43.1048068],[2.9745586,43.1046384],[2.9746041,43.104421],[2.9749968,43.1041961],[2.9750039,43.1041158],[2.9743827,43.1038804],[2.9737938,43.1037778],[2.973412,43.1039636],[2.9735612,43.1041376],[2.9734602,43.1043355],[2.9727728,43.1045921],[2.9738699,43.1045065],[2.974425,43.1048068]]],[[[2.9939568,43.0780761],[2.9939008,43.0782453],[2.9939766,43.0784329],[2.9946164,43.0791986],[2.9948785,43.0800207],[2.9957265,43.0805724],[2.9968425,43.0830891],[2.9970372,43.0836788],[2.996929,43.0840406],[2.9970986,43.085268],[2.9972472,43.0855842],[2.9974917,43.0858591],[2.9983762,43.0862428],[2.9987097,43.0862757],[3.0000663,43.0861245],[3.0026969,43.0863989],[3.0040788,43.0857263],[3.0041559,43.0856067],[3.0040537,43.0856003],[3.0039214,43.0857681],[3.0030598,43.0860793],[3.0027327,43.0860819],[3.002074,43.0859582],[3.0014947,43.0856827],[3.0009215,43.0852601],[2.999087,43.0832848],[2.9979148,43.0818209],[2.9957029,43.0787925],[2.994659,43.0780407],[2.9939568,43.0780761]],[[2.9978935,43.0833512],[2.9980361,43.0835594],[2.9979953,43.083732],[2.9975269,43.0837498],[2.9973885,43.0835535],[2.9975432,43.0834375],[2.9974333,43.0832471],[2.9975188,43.0831608],[2.9972133,43.0830775],[2.99703,43.0826938],[2.9978935,43.0833512]]],[[[2.9905935,43.1264082],[2.9904118,43.1263295],[2.9903321,43.1264279],[2.9904424,43.1264726],[2.9905935,43.1264082]]],[[[3.0404204,43.0392075],[3.0404694,43.0390917],[3.0403959,43.039039],[3.040298,43.0391029],[3.0394462,43.0390428],[3.0390651,43.0391084],[3.0389605,43.0392231],[3.0390726,43.039447],[3.0393491,43.0395944],[3.0400188,43.0397143],[3.0402328,43.0396523],[3.0405529,43.0391907],[3.0404204,43.0392075]]],[[[2.9911732,43.0321977],[2.9912398,43.032105],[2.9911161,43.0320447],[2.9910273,43.0321374],[2.9911732,43.0321977]]],[[[3.000273,43.2010911],[3.0002496,43.2011831],[3.0004256,43.2011681],[3.0004256,43.2010825],[3.000273,43.2010911]]],[[[3.025682,42.9401358],[3.0257288,42.9399762],[3.0256128,42.9399619],[3.0250965,42.9400838],[3.025682,42.9401358]]],[[[3.0153031,42.940103],[3.0152149,42.9405158],[3.0157379,42.9402423],[3.0160776,42.9397002],[3.0153031,42.940103]]],[[[3.0210994,42.9402866],[3.0205306,42.9404728],[3.0203339,42.9406338],[3.0202388,42.9408235],[3.0202163,42.9414864],[3.0203192,42.9416241],[3.0204462,42.9416848],[3.0209947,42.9414876],[3.0220313,42.940839],[3.0227946,42.9406379],[3.023718,42.9401045],[3.0239606,42.9400967],[3.0241597,42.9397734],[3.0238521,42.9397374],[3.0230717,42.9398308],[3.0221322,42.9401331],[3.0210994,42.9402866]]],[[[3.0224474,42.9423538],[3.0232722,42.9420709],[3.0242352,42.9414586],[3.0242327,42.9413908],[3.0240313,42.9413591],[3.0231142,42.9416391],[3.0210327,42.9427691],[3.0208207,42.943187],[3.020869,42.9434197],[3.0211391,42.9434463],[3.0224474,42.9423538]]],[[[3.017814,42.9486689],[3.017251,42.9487393],[3.0167906,42.9490015],[3.0176692,42.9487775],[3.017814,42.9486689]]],[[[3.0179062,42.9505677],[3.0177965,42.9508295],[3.0174179,42.9512594],[3.0174957,42.9513903],[3.0181619,42.9509084],[3.0185066,42.9502633],[3.0187483,42.9499956],[3.0182616,42.9503934],[3.0179062,42.9505677]]],[[[3.0262922,43.1111941],[3.0263966,43.1113224],[3.0270872,43.1109122],[3.0265966,43.1109174],[3.0262922,43.1111941]]],[[[3.0287122,43.1129905],[3.0284448,43.1129538],[3.0285522,43.1130433],[3.0287122,43.1129905]]],[[[3.0574777,43.0328936],[3.0572799,43.0329918],[3.0577296,43.0328254],[3.0574777,43.0328936]]],[[[3.0484507,43.09389],[3.0487985,43.0937275],[3.0488569,43.0937653],[3.0487618,43.0938505],[3.0488072,43.0939673],[3.0490449,43.0940004],[3.0490297,43.0937385],[3.0491421,43.0936612],[3.0485522,43.0936375],[3.0483145,43.0938095],[3.0484507,43.09389]]],[[[3.0440261,43.0927545],[3.044011,43.0926912],[3.0439178,43.092688],[3.04392,43.0927829],[3.0440261,43.0927545]]],[[[3.0437142,43.0930787],[3.0438723,43.093093],[3.0439243,43.0930265],[3.0437597,43.0929854],[3.0437142,43.0930787]]],[[[3.0440045,43.0931436],[3.0439546,43.093218],[3.0440066,43.0932037],[3.0440045,43.0931436]]],[[[3.0427524,43.0935296],[3.043034,43.0934473],[3.0431163,43.0933445],[3.0430643,43.0932749],[3.0433243,43.0930914],[3.0433589,43.0928715],[3.0431293,43.0928873],[3.0428888,43.093218],[3.042774,43.0932591],[3.0427524,43.0935296]]],[[[3.0441778,43.09318],[3.0440825,43.0932148],[3.0441799,43.093248],[3.0441778,43.09318]]],[[[3.0423603,43.0933018],[3.0424707,43.093373],[3.0426181,43.0931942],[3.0423603,43.0933018]]],[[[3.0439655,43.0934315],[3.0437748,43.0933682],[3.0434716,43.0934236],[3.0432549,43.0935992],[3.0439655,43.0934315]]],[[[3.0430795,43.0935533],[3.0428607,43.0936641],[3.0430925,43.093683],[3.0430686,43.093634],[3.0431748,43.0936182],[3.0431596,43.0934078],[3.0430795,43.0934189],[3.0430795,43.0935533]]],[[[3.0435127,43.0936118],[3.0434066,43.0936008],[3.0434716,43.0936482],[3.0435127,43.0936118]]],[[[3.0434282,43.093846],[3.0433459,43.093982],[3.0434759,43.0939741],[3.0435755,43.0938222],[3.0434282,43.093846]]],[[[3.0384133,43.0949557],[3.0381559,43.0949646],[3.037966,43.0950653],[3.0379997,43.0952174],[3.0384715,43.0952666],[3.0387074,43.0951637],[3.0384562,43.0951682],[3.0384133,43.0949557]]],[[[3.0541243,43.0986665],[3.0540655,43.0986772],[3.0541453,43.0987309],[3.0541243,43.0986665]]],[[[3.0544863,43.0992626],[3.0545724,43.0992648],[3.0546437,43.0992572],[3.0544863,43.0992626]]],[[[3.0544923,43.0996194],[3.0545234,43.0996183],[3.0545249,43.0995858],[3.0544923,43.0996194]]],[[[3.0544522,43.0996139],[3.054372,43.0995825],[3.0543586,43.0996465],[3.0544522,43.0996139]]],[[[3.0540809,43.0995944],[3.0540705,43.0996909],[3.0542339,43.0995923],[3.0540809,43.0995944]]],[[[3.0544299,43.0997365],[3.0543809,43.0997159],[3.0544076,43.0997657],[3.0544299,43.0997365]]],[[[3.0542695,43.0998959],[3.0544655,43.0998525],[3.0542665,43.0998026],[3.0542695,43.0998959]]],[[[3.0544507,43.1000249],[3.0544225,43.1000043],[3.0544195,43.1000476],[3.0544507,43.1000249]]],[[[3.0541982,43.1000195],[3.054069,43.1000195],[3.0541492,43.1000552],[3.0541982,43.1000195]]],[[[3.0541537,43.1000672],[3.0540898,43.1000758],[3.0541641,43.1000964],[3.0541537,43.1000672]]],[[[3.0541581,43.1001647],[3.0541938,43.1002146],[3.0542458,43.1001593],[3.0541581,43.1001647]]],[[[3.0531228,43.1022178],[3.0519042,43.1019161],[3.0510826,43.101529],[3.0507237,43.1014883],[3.0501965,43.1018512],[3.0494662,43.1019837],[3.0485457,43.1024507],[3.0483124,43.1029366],[3.0482562,43.1031227],[3.0483642,43.1035013],[3.0481136,43.1039052],[3.0480661,43.1042176],[3.0481914,43.1042964],[3.0482,43.1046309],[3.0483254,43.1046498],[3.0483729,43.1047539],[3.0480099,43.104877],[3.0478803,43.1050568],[3.0473185,43.1053692],[3.047003,43.1053502],[3.0463548,43.1055742],[3.0463645,43.1058877],[3.0464634,43.106094],[3.0469112,43.1208936],[3.0468539,43.1241564],[3.0567283,43.1127928],[3.0571096,43.112085],[3.0572186,43.1114185],[3.0567911,43.1087301],[3.0536846,43.1025633],[3.0531228,43.1022178]],[[3.0518568,43.1024337],[3.0517737,43.102206],[3.0518301,43.1021561],[3.0517559,43.1021323],[3.0519994,43.1021887],[3.0518568,43.1024337]],[[3.0530967,43.1061367],[3.0529371,43.1061091],[3.0531303,43.1060647],[3.053145,43.1059819],[3.0533172,43.1060401],[3.0530967,43.1061367]],[[3.0544286,43.106086],[3.0542593,43.1062021],[3.0543365,43.1060795],[3.0544286,43.106086]],[[3.0532542,43.1061398],[3.0534033,43.1061183],[3.0533655,43.1062103],[3.0532584,43.1062241],[3.0532542,43.1061398]],[[3.0545201,43.1062807],[3.0543627,43.1061679],[3.0545261,43.1062069],[3.0545201,43.1062807]],[[3.0531702,43.1062793],[3.0534138,43.1062379],[3.0531765,43.1063084],[3.0531702,43.1062793]],[[3.0563493,43.1102783],[3.0562737,43.1103917],[3.0558593,43.1104717],[3.0543011,43.1105082],[3.0536997,43.1106795],[3.05382,43.1105419],[3.0537531,43.1104974],[3.0538734,43.1104259],[3.0537635,43.1104465],[3.0537903,43.1103229],[3.0536129,43.1101158],[3.0535449,43.1102258],[3.0536518,43.1103334],[3.0535611,43.1103808],[3.0529632,43.11024],[3.0530685,43.1101974],[3.0530474,43.110117],[3.0531625,43.1101122],[3.0530701,43.1099679],[3.0532759,43.1099182],[3.0532435,43.1097195],[3.0533618,43.1098094],[3.0534946,43.1097787],[3.0536048,43.1100637],[3.0535824,43.1099272],[3.0536937,43.1099174],[3.0535853,43.1098643],[3.0535735,43.1097906],[3.0536418,43.1097798],[3.053517,43.1095673],[3.0537457,43.1094415],[3.0536596,43.1094047],[3.0537353,43.1093689],[3.0535705,43.1093461],[3.0537145,43.1091293],[3.0534294,43.1091868],[3.0532824,43.1090046],[3.05337,43.1088995],[3.0531087,43.1089352],[3.052981,43.1088659],[3.0529721,43.1089829],[3.0528533,43.1089244],[3.0529067,43.1088225],[3.0527546,43.1087638],[3.0526958,43.1085905],[3.0525698,43.1087178],[3.0522212,43.1085736],[3.0522086,43.1086304],[3.0512594,43.1086074],[3.0505874,43.1088542],[3.0503963,43.1088373],[3.0505559,43.1088879],[3.0501527,43.1090781],[3.0500141,43.1089815],[3.0510179,43.1085828],[3.051104,43.1086258],[3.0512636,43.1084801],[3.0517739,43.1082701],[3.0519839,43.1082578],[3.0519629,43.108195],[3.0526244,43.1078883],[3.0535127,43.1076139],[3.0537038,43.1074851],[3.0536534,43.1074391],[3.0514253,43.1082578],[3.0508898,43.1082502],[3.0503753,43.1086288],[3.0502031,43.1086656],[3.050222,43.1085752],[3.050154,43.1086945],[3.0498629,43.1088257],[3.0496565,43.108816],[3.0496907,43.1088669],[3.049514,43.1089493],[3.0493996,43.1088929],[3.0494249,43.1089406],[3.0492823,43.1090187],[3.0493001,43.1089515],[3.0490649,43.1089407],[3.0489809,43.1090067],[3.0491552,43.1089837],[3.049088,43.1090848],[3.0489305,43.1090189],[3.0489704,43.1088993],[3.048878,43.1089637],[3.0488591,43.1092044],[3.0483404,43.1095111],[3.048689,43.1094758],[3.0474626,43.1099127],[3.0478112,43.1097364],[3.0477629,43.1096858],[3.0478889,43.1095739],[3.0478322,43.1094083],[3.0479624,43.1094068],[3.0478385,43.109347],[3.0480548,43.1092842],[3.0481199,43.10914],[3.0479897,43.1091538],[3.0480254,43.1090848],[3.0483593,43.1089101],[3.0479708,43.1089929],[3.0479162,43.1088135],[3.0478217,43.1087752],[3.0477902,43.1088687],[3.047786,43.1087016],[3.0478658,43.1087368],[3.0478931,43.1086724],[3.0477881,43.1085482],[3.0478868,43.1085253],[3.047765,43.1084486],[3.0476369,43.1063466],[3.047765,43.1064018],[3.0476306,43.1062515],[3.0476264,43.1060047],[3.0477251,43.105997],[3.0479477,43.1057257],[3.0481472,43.1056275],[3.0483488,43.1053546],[3.0489179,43.1051982],[3.0490019,43.105048],[3.0489032,43.1049069],[3.0491804,43.104933],[3.0492413,43.1048533],[3.0491048,43.1045911],[3.0491363,43.1043319],[3.0493715,43.1043733],[3.0494891,43.1042614],[3.0494597,43.1041112],[3.0492119,43.1042262],[3.0491132,43.1041142],[3.0491783,43.1039578],[3.0491237,43.1038842],[3.0494072,43.103596],[3.0487898,43.1035515],[3.0489221,43.10332],[3.048878,43.1031728],[3.0490628,43.1031207],[3.0490229,43.1030501],[3.0488507,43.1030946],[3.0488591,43.1030026],[3.0491699,43.1029413],[3.0488717,43.1027956],[3.0491153,43.1025043],[3.049277,43.1024889],[3.0495164,43.1022406],[3.0496256,43.1023264],[3.0496298,43.1025135],[3.0497265,43.1025441],[3.0501192,43.1022958],[3.0508017,43.1020964],[3.0509109,43.1019998],[3.0510411,43.1020796],[3.0511944,43.1020474],[3.0511377,43.1019799],[3.0512427,43.1019262],[3.0514716,43.1021194],[3.0512196,43.1022237],[3.0513624,43.102308],[3.0514527,43.1022145],[3.0515115,43.1022498],[3.0515997,43.1024767],[3.0515094,43.1025211],[3.0516186,43.1025978],[3.0515703,43.1027389],[3.0513309,43.1028876],[3.0509928,43.1028293],[3.0507429,43.1026484],[3.0506715,43.1028263],[3.0505266,43.1028692],[3.051081,43.1031406],[3.0515556,43.1029811],[3.0517005,43.102791],[3.0518685,43.1027833],[3.0519378,43.1028554],[3.0518727,43.1029535],[3.0514716,43.1030701],[3.0514149,43.1031222],[3.0514632,43.1031805],[3.0520155,43.1030486],[3.0520995,43.1028477],[3.0520134,43.1027573],[3.0521436,43.1023939],[3.0528072,43.1024399],[3.052992,43.102377],[3.053328,43.1024245],[3.0534708,43.1025257],[3.0534036,43.1025794],[3.0536115,43.1026837],[3.0536304,43.1027956],[3.0532986,43.1029627],[3.0536913,43.1029091],[3.0537669,43.1030747],[3.0535989,43.1031529],[3.0535002,43.1033231],[3.0536472,43.1033752],[3.0536199,43.1034503],[3.0533868,43.1034733],[3.053673,43.1035469],[3.0535275,43.103651],[3.0536077,43.1040868],[3.0539374,43.1039796],[3.0543493,43.1047676],[3.0544651,43.104928],[3.0546195,43.1049063],[3.054774,43.1051123],[3.0547413,43.105327],[3.0550383,43.1056067],[3.054973,43.1057238],[3.0547591,43.1056587],[3.0549878,43.1058257],[3.0549017,43.1058279],[3.0549433,43.1059211],[3.0547918,43.1059558],[3.055169,43.105971],[3.0552343,43.1060425],[3.0548512,43.1060816],[3.0549113,43.1061653],[3.054779,43.1062035],[3.0548735,43.1063139],[3.0547034,43.1063354],[3.0546974,43.1061338],[3.0543225,43.1058344],[3.054376,43.1057498],[3.0543047,43.1057303],[3.0541473,43.1057411],[3.0541859,43.1058886],[3.053886,43.1059168],[3.0538592,43.1060924],[3.0536246,43.1059168],[3.0533603,43.1059103],[3.0533098,43.1057064],[3.0521516,43.1056978],[3.0522347,43.1057845],[3.0529475,43.105765],[3.0530277,43.1057888],[3.0530693,43.105958],[3.0525317,43.1061098],[3.0525644,43.106164],[3.0528138,43.1061293],[3.0527693,43.1062182],[3.0522258,43.1063396],[3.052205,43.1065044],[3.0520239,43.1065911],[3.0521426,43.1066041],[3.0520565,43.1067429],[3.0516199,43.1067234],[3.0515338,43.1068058],[3.0514893,43.1067581],[3.0516199,43.1066236],[3.0515249,43.1065738],[3.0513259,43.106873],[3.0516318,43.1068752],[3.051715,43.1069727],[3.0515576,43.1071353],[3.0517833,43.1070009],[3.0520417,43.1069857],[3.0520149,43.1069033],[3.0521753,43.1069489],[3.0528079,43.1068361],[3.0529297,43.1067884],[3.0528614,43.1066843],[3.0530158,43.1065781],[3.0531732,43.106654],[3.0532564,43.1065217],[3.0533662,43.1066106],[3.0536187,43.1065629],[3.0539573,43.1064263],[3.0540553,43.1062615],[3.0541562,43.1062897],[3.0540553,43.1064133],[3.0540968,43.1065022],[3.0543344,43.1063548],[3.0544384,43.1063569],[3.0544413,43.1064415],[3.0548156,43.1065087],[3.0549937,43.1063981],[3.0550621,43.1064372],[3.055419,43.1063212],[3.0555219,43.1064515],[3.0553959,43.1065589],[3.0555366,43.1065819],[3.0555156,43.1067536],[3.0553959,43.1068456],[3.054789,43.1069698],[3.0547911,43.1070602],[3.0544908,43.1070847],[3.0545664,43.1071123],[3.0545454,43.1072243],[3.0546945,43.107235],[3.0545874,43.1073193],[3.0547932,43.1073914],[3.054915,43.1073009],[3.0550788,43.1073025],[3.0551628,43.1071246],[3.0555975,43.1070203],[3.0555765,43.1071675],[3.0560259,43.1074772],[3.0563178,43.1080951],[3.0562653,43.1081549],[3.0565908,43.1085934],[3.0564144,43.1088617],[3.0565761,43.1089889],[3.0567315,43.1095577],[3.0566118,43.1096681],[3.0566601,43.1097647],[3.056532,43.1098536],[3.0567966,43.1099778],[3.0567966,43.1100498],[3.0565278,43.1101495],[3.0566223,43.1102568],[3.0563493,43.1102783]],[[3.0535881,43.1063652],[3.0533487,43.1064541],[3.0535839,43.1063069],[3.0535881,43.1063652]],[[3.0532857,43.1063943],[3.0529413,43.1064679],[3.0531387,43.106336],[3.0532857,43.1063943]],[[3.0525927,43.1063575],[3.0526746,43.1064204],[3.0525612,43.1064786],[3.0525927,43.1063575]],[[3.0525948,43.1066641],[3.0523827,43.1067745],[3.0522252,43.1066136],[3.0523596,43.1065645],[3.0523995,43.1064449],[3.0524982,43.1064495],[3.0523533,43.1066687],[3.0525948,43.1066641]],[[3.0522651,43.1067653],[3.0521895,43.1068267],[3.0522399,43.1067071],[3.0522651,43.1067653]],[[3.0467074,43.1066998],[3.0467311,43.1065307],[3.046912,43.106308],[3.0471733,43.1062874],[3.047209,43.1063708],[3.0470115,43.1063936],[3.0470828,43.1064446],[3.0475746,43.1064331],[3.047499,43.1065695],[3.0476103,43.1066462],[3.0475767,43.1068808],[3.0476292,43.1068869],[3.0475851,43.106982],[3.0476544,43.1072472],[3.0475641,43.1074266],[3.0476565,43.1074618],[3.047688,43.1078773],[3.0476345,43.1079509],[3.0477006,43.1080007],[3.047541,43.1080513],[3.0477006,43.1081157],[3.0475557,43.1082353],[3.0477153,43.1082621],[3.0474707,43.1084231],[3.0477017,43.1084339],[3.0474896,43.1087029],[3.0476786,43.1088171],[3.0475694,43.10889],[3.0476786,43.1090303],[3.0475851,43.1090663],[3.0476523,43.1092457],[3.0475085,43.1093468],[3.0472806,43.1092802],[3.0473856,43.1093936],[3.0472848,43.1093821],[3.0472187,43.109494],[3.0470706,43.1094641],[3.0471084,43.1095408],[3.0469919,43.1095855],[3.0470751,43.1096397],[3.0474938,43.109464],[3.0475948,43.109528],[3.0474537,43.1095746],[3.0474552,43.1096895],[3.0473171,43.1098142],[3.0471255,43.1098066],[3.047179,43.10985],[3.0469295,43.1099616],[3.0470608,43.1097147],[3.0469108,43.1095694],[3.046896,43.1096681],[3.0469791,43.109706],[3.0468247,43.1097342],[3.0467979,43.1094545],[3.0468603,43.1094263],[3.0467876,43.1093645],[3.0468098,43.108932],[3.0467207,43.1084246],[3.046844,43.1084561],[3.0469301,43.1083541],[3.0469865,43.1084159],[3.0467757,43.1084788],[3.046844,43.1085113],[3.0467668,43.108559],[3.0469405,43.1085688],[3.046887,43.108507],[3.0470801,43.1085211],[3.0470831,43.1083682],[3.0473132,43.1082436],[3.0470058,43.108327],[3.0469227,43.108249],[3.0468202,43.1082783],[3.0469925,43.108133],[3.0468128,43.1081384],[3.0469078,43.1080148],[3.0467831,43.1079639],[3.0467371,43.107424],[3.0467965,43.1073925],[3.0467148,43.1073351],[3.0468648,43.1072202],[3.0467371,43.107128],[3.0467252,43.1067529],[3.0468291,43.1067377],[3.0467074,43.1066998]],[[3.0497492,43.10931],[3.048589,43.1099961],[3.0481191,43.1101605],[3.0475828,43.1105225],[3.0474775,43.1105095],[3.0470772,43.1107331],[3.0468747,43.110726],[3.046805,43.1105178],[3.046852,43.1104042],[3.046993,43.1104101],[3.0482747,43.1098341],[3.0485129,43.1098305],[3.0496228,43.1092816],[3.0497492,43.10931]],[[3.0513738,43.1112236],[3.0516654,43.1111385],[3.0513511,43.1111148],[3.0513252,43.1110486],[3.0517108,43.1110391],[3.0517562,43.1110107],[3.0516816,43.1109492],[3.051767,43.11093],[3.0507526,43.110988],[3.0518982,43.1108851],[3.0520635,43.1108082],[3.0509568,43.1108768],[3.0528056,43.1107006],[3.0526986,43.1106734],[3.0529093,43.1106473],[3.0528137,43.1105503],[3.0530081,43.1105941],[3.0530875,43.1105598],[3.0530276,43.1105113],[3.0531746,43.110492],[3.0530349,43.1103549],[3.0532136,43.1104586],[3.0532892,43.1103699],[3.0534485,43.1104276],[3.0535103,43.1105824],[3.0537189,43.1105464],[3.053539,43.1106652],[3.0531918,43.1107296],[3.0535184,43.1107313],[3.0534668,43.1107748],[3.0527839,43.1109546],[3.0527748,43.1108592],[3.0526419,43.1108609],[3.0524769,43.1110432],[3.052509,43.1108601],[3.0518788,43.1109253],[3.0519506,43.1110036],[3.0524238,43.111058],[3.0514127,43.1112993],[3.0513738,43.1112236]],[[3.0556994,43.1109757],[3.0546234,43.1110877],[3.0545478,43.1110215],[3.054604,43.1107707],[3.0548719,43.1106839],[3.0562526,43.1106366],[3.055842,43.1107801],[3.0558377,43.1108858],[3.0556994,43.1109757]],[[3.0526981,43.1113227],[3.0531931,43.1111286],[3.0534681,43.1111186],[3.0532596,43.1114649],[3.0530717,43.111597],[3.0531404,43.111336],[3.0529113,43.1114649],[3.0530923,43.1112875],[3.0526981,43.1113227]],[[3.0511832,43.1145369],[3.050918,43.1144926],[3.0509083,43.1143507],[3.0510606,43.1141875],[3.051236,43.1137549],[3.0513276,43.113708],[3.0513918,43.1130088],[3.0513614,43.1144116],[3.0511832,43.1145369]],[[3.0550037,43.111165],[3.0551874,43.1113243],[3.0555598,43.1110908],[3.0555323,43.1112314],[3.0559479,43.1111377],[3.0561037,43.1112448],[3.0564173,43.1110346],[3.0566593,43.1109999],[3.0567112,43.1110725],[3.0564908,43.1112176],[3.0564951,43.1113122],[3.0565902,43.1113596],[3.0567069,43.1113312],[3.0567414,43.1112365],[3.056897,43.1112555],[3.0569135,43.1115972],[3.0569834,43.1116246],[3.0570439,43.1115299],[3.0570958,43.111694],[3.0569316,43.1117476],[3.0568927,43.1119779],[3.0567501,43.1120946],[3.0568019,43.1121956],[3.0566723,43.1124069],[3.0567112,43.1125584],[3.0563223,43.1128707],[3.0556957,43.1132019],[3.0556524,43.113366],[3.0553586,43.113347],[3.0554407,43.1134101],[3.0553845,43.1135363],[3.0555747,43.1137603],[3.0555228,43.1138549],[3.0552981,43.1140347],[3.0552635,43.1141862],[3.0549481,43.1143786],[3.0548443,43.1146373],[3.0546196,43.1147666],[3.0544684,43.1150442],[3.0541572,43.1151578],[3.0541572,43.1153881],[3.0540276,43.1155111],[3.0539196,43.1158076],[3.0534485,43.1160316],[3.0535436,43.1162398],[3.0531201,43.1165868],[3.052809,43.117041],[3.0526447,43.116959],[3.0528738,43.1165931],[3.0527917,43.1164921],[3.0522472,43.1164732],[3.0519101,43.1165489],[3.0517688,43.1165084],[3.0517951,43.1163834],[3.0516484,43.1163478],[3.0519142,43.1159284],[3.0518562,43.1157031],[3.0523594,43.1150607],[3.0523503,43.1149023],[3.0520813,43.1146078],[3.0521944,43.1144539],[3.0517208,43.1148064],[3.0516872,43.1149714],[3.0515191,43.115074],[3.0515649,43.1151454],[3.051238,43.1152525],[3.051351,43.1153417],[3.0513144,43.1154978],[3.0514366,43.1154978],[3.0513541,43.1155759],[3.0514152,43.1157008],[3.0515741,43.1157053],[3.0513699,43.1159401],[3.0516422,43.1160694],[3.0514823,43.1161672],[3.0514607,43.1163565],[3.0510415,43.1164511],[3.0514952,43.1164511],[3.0516335,43.1165363],[3.0511625,43.1167666],[3.0511582,43.1168517],[3.0507995,43.1168991],[3.0504624,43.1172618],[3.0504192,43.1170726],[3.0502636,43.1169338],[3.0504062,43.1167603],[3.0504062,43.116407],[3.0506828,43.1163533],[3.0510933,43.1160032],[3.0512446,43.1159937],[3.0513663,43.1158837],[3.0512227,43.1158614],[3.0512777,43.1155848],[3.0511677,43.1152436],[3.0513846,43.1151923],[3.0516047,43.1148956],[3.0515833,43.1147907],[3.0514488,43.1147283],[3.0516719,43.1146748],[3.0517238,43.1146011],[3.0516688,43.1145231],[3.0518124,43.1144517],[3.0519591,43.1141639],[3.052173,43.1140926],[3.0523808,43.113894],[3.0523961,43.1137535],[3.0523105,43.1137178],[3.052555,43.1136821],[3.0526619,43.1135817],[3.0527811,43.1132248],[3.0529156,43.1132204],[3.0528667,43.1133832],[3.0532028,43.1132471],[3.0538211,43.1127036],[3.0538089,43.1124962],[3.0539769,43.1124761],[3.0543558,43.1122441],[3.0545117,43.1119608],[3.0540289,43.1121571],[3.053763,43.112407],[3.0535002,43.1123623],[3.053598,43.1122642],[3.0536928,43.112311],[3.0537875,43.1122441],[3.0537875,43.1120746],[3.0540105,43.1119229],[3.0541511,43.1116507],[3.0543069,43.1117377],[3.0543895,43.1116797],[3.0544414,43.1117578],[3.0548386,43.1115682],[3.0546515,43.1114931],[3.0550037,43.111165]],[[3.0480467,43.1148928],[3.0482974,43.1145552],[3.0486042,43.1147224],[3.0482715,43.115142],[3.0481159,43.1151041],[3.0480467,43.1148928]],[[3.0489953,43.1173864],[3.0491422,43.1173832],[3.0491552,43.1174431],[3.0490299,43.1175756],[3.0488138,43.1176387],[3.0487231,43.1178374],[3.0483298,43.1177617],[3.0483298,43.1176135],[3.0489456,43.1173327],[3.0488311,43.1172255],[3.0489953,43.1169889],[3.0493497,43.116828],[3.0494815,43.1168643],[3.0496803,43.1165536],[3.0497624,43.1165741],[3.0496068,43.1168233],[3.0492913,43.1169779],[3.0493194,43.1170551],[3.0489888,43.1172823],[3.0489953,43.1173864]],[[3.0481498,43.1224828],[3.0478206,43.1227874],[3.0473755,43.1234033],[3.0470489,43.1236476],[3.0470424,43.1233771],[3.0471178,43.1232814],[3.0470391,43.1231785],[3.0470063,43.1225396],[3.0470489,43.1217977],[3.0471604,43.1216134],[3.0472883,43.1216278],[3.0473243,43.1217642],[3.047462,43.1218408],[3.047944,43.1214148],[3.0477768,43.1213143],[3.0471669,43.1214387],[3.0472489,43.1213358],[3.0471014,43.121221],[3.0471669,43.1210152],[3.0471145,43.1208883],[3.047321,43.1204528],[3.0475768,43.1202565],[3.0476063,43.1199694],[3.0477735,43.1197635],[3.0479145,43.1197109],[3.0480456,43.1194093],[3.0479899,43.119316],[3.0484063,43.1188565],[3.0483964,43.118756],[3.0485145,43.1186746],[3.0486063,43.1184497],[3.0484063,43.1183803],[3.0481932,43.1186124],[3.0478489,43.1186411],[3.0478227,43.1182271],[3.0480423,43.1182175],[3.0480719,43.1181218],[3.0482456,43.11805],[3.0484719,43.1180428],[3.0485669,43.1180572],[3.0484751,43.11833],[3.0487112,43.1183611],[3.0487833,43.1182534],[3.0489538,43.1183348],[3.0490817,43.1182462],[3.0489276,43.1180572],[3.0490555,43.1179997],[3.0490423,43.1180955],[3.0491505,43.1181409],[3.0493571,43.1179902],[3.0493309,43.1179255],[3.0491473,43.1179447],[3.0492981,43.1177078],[3.0495768,43.1178011],[3.0499046,43.1177796],[3.0506325,43.1175163],[3.0514653,43.1170472],[3.0521309,43.1170041],[3.0525538,43.1172028],[3.0525702,43.1172818],[3.0524456,43.1173464],[3.0523931,43.1175067],[3.0521341,43.117533],[3.0520915,43.1176024],[3.05218,43.1177125],[3.0520423,43.1179303],[3.051803,43.1180667],[3.051603,43.118409],[3.0507309,43.1189881],[3.0507341,43.1192251],[3.0503932,43.1192634],[3.0502194,43.119663],[3.0499833,43.1198018],[3.0498555,43.1197659],[3.0498784,43.1198808],[3.0494981,43.1199646],[3.049403,43.1198999],[3.049321,43.1200794],[3.0490096,43.1201441],[3.0489288,43.120283],[3.0490679,43.120327],[3.0491467,43.1204691],[3.0491375,43.1206722],[3.0490308,43.1205774],[3.0489427,43.1206214],[3.0489937,43.1206992],[3.0487202,43.1207128],[3.0485903,43.1208786],[3.0484559,43.1209023],[3.0486182,43.1209835],[3.0485857,43.1211392],[3.0483214,43.1210952],[3.0482008,43.1212069],[3.0479226,43.1212475],[3.0480154,43.1213558],[3.0481638,43.1212746],[3.0485903,43.1213423],[3.0490076,43.121278],[3.0484883,43.1215217],[3.0487341,43.1215792],[3.0486738,43.1216773],[3.0484049,43.1216672],[3.0483585,43.1215758],[3.047918,43.1217823],[3.0480432,43.1218872],[3.0482889,43.1218296],[3.0482287,43.1219549],[3.0484651,43.1220395],[3.0481498,43.1224828]]],[[[3.0525351,43.101477],[3.0524557,43.1012427],[3.0523732,43.1012115],[3.0517369,43.1012275],[3.0510132,43.101402],[3.0521553,43.1019321],[3.0523512,43.1017471],[3.0523555,43.1015925],[3.0525845,43.1016083],[3.0527582,43.1017559],[3.0526849,43.101564],[3.0525351,43.101477]],[[3.052231,43.1015598],[3.0521568,43.10164],[3.0519043,43.1015446],[3.0521746,43.1014622],[3.052231,43.1015598]]],[[[3.0545022,43.1007111],[3.0546655,43.100619],[3.0545215,43.1006331],[3.0545022,43.1007111]]],[[[3.0553977,43.1015316],[3.0554838,43.1015116],[3.0553914,43.1014748],[3.0553977,43.1015316]]],[[[3.05511,43.1017171],[3.0549924,43.1017156],[3.0551079,43.1017355],[3.05511,43.1017171]]],[[[3.0760031,43.1092319],[3.0752516,43.1095665],[3.0676569,43.110578],[3.0664121,43.1106689],[3.0662741,43.1108866],[3.0663783,43.1109253],[3.0663869,43.1108517],[3.0696062,43.1103851],[3.0755475,43.1096217],[3.0781687,43.1080648],[3.0808896,43.1061326],[3.0836756,43.1049173],[3.0841727,43.1048295],[3.0839383,43.1047044],[3.0837192,43.1047241],[3.0809338,43.1059548],[3.0773568,43.1084267],[3.0760031,43.1092319]]],[[[3.038759,43.1060778],[3.0388808,43.1059858],[3.0387296,43.1058908],[3.0389207,43.1057512],[3.0386078,43.1058555],[3.038759,43.1060778]]],[[[3.0560134,43.1024701],[3.0559096,43.1024638],[3.0560026,43.102508],[3.0560134,43.1024701]]],[[[3.056089,43.102538],[3.0560609,43.1025017],[3.0560587,43.1025553],[3.056089,43.102538]]],[[[3.055672,43.1028125],[3.0556849,43.1029371],[3.0559658,43.1027525],[3.0558211,43.1025585],[3.0558945,43.1024212],[3.055659,43.1024796],[3.0555056,43.1023629],[3.0553003,43.1024086],[3.0551945,43.1026311],[3.0554991,43.1026137],[3.0555099,43.1027336],[3.055672,43.1028125]]],[[[3.0553784,43.1032276],[3.0555129,43.1030982],[3.0553662,43.1031183],[3.0553784,43.1032276]]],[[[3.0551584,43.1033526],[3.0550453,43.1034373],[3.0552042,43.1035578],[3.0552531,43.1034016],[3.0551584,43.1033526]]],[[[3.0545951,43.103544],[3.054701,43.1036434],[3.0546513,43.1037491],[3.0547744,43.103817],[3.0548522,43.1036198],[3.0546578,43.1034778],[3.0545951,43.103544]]],[[[3.0553525,43.1041563],[3.0553179,43.1041469],[3.0553482,43.1041879],[3.0553525,43.1041563]]],[[[3.0561563,43.1044103],[3.0560309,43.1044308],[3.0560936,43.1044687],[3.0561563,43.1044103]]],[[[3.0558473,43.1047148],[3.0557522,43.1047006],[3.0557803,43.1047479],[3.0558473,43.1047148]]],[[[3.056351,43.104757],[3.0563388,43.1047481],[3.056325,43.104776],[3.056351,43.104757]]],[[[3.056005,43.1048299],[3.0561152,43.1050082],[3.0566688,43.1050147],[3.056678,43.105162],[3.056762,43.1050727],[3.0568705,43.1050973],[3.056898,43.1049813],[3.0565725,43.1049467],[3.0566673,43.1049043],[3.0566153,43.104863],[3.0563862,43.1049578],[3.05627,43.1047582],[3.0562104,43.104805],[3.0562899,43.1049344],[3.0562013,43.1049433],[3.056186,43.1048262],[3.056076,43.1047905],[3.0561921,43.1047347],[3.056105,43.1046968],[3.0561967,43.1046354],[3.0561616,43.1045685],[3.0562991,43.1045429],[3.056241,43.1044904],[3.0563846,43.1044625],[3.0564156,43.1045949],[3.0562557,43.1045933],[3.0562038,43.1047227],[3.0566295,43.1047164],[3.0565322,43.1046249],[3.0566446,43.1046044],[3.0566079,43.1045554],[3.0567894,43.1046201],[3.0567051,43.1047132],[3.0567894,43.1047479],[3.056906,43.1046059],[3.056744,43.1044008],[3.0563162,43.1044008],[3.0559618,43.1045633],[3.0560763,43.1046769],[3.0557954,43.1048646],[3.056005,43.1048299]]],[[[3.0565038,43.1047849],[3.0564916,43.1047727],[3.0564671,43.1048095],[3.0565038,43.1047849]]],[[[3.0565939,43.1048273],[3.0565007,43.104834],[3.0565725,43.1048652],[3.0565939,43.1048273]]],[[[3.0566154,43.1052024],[3.0562675,43.1052955],[3.0563259,43.1054753],[3.0562005,43.105652],[3.0563929,43.1056599],[3.0565679,43.1055068],[3.0564966,43.1054327],[3.0569244,43.1052481],[3.0566154,43.1052024]]],[[[3.0567278,43.1055337],[3.0567839,43.1054674],[3.056637,43.10554],[3.0567278,43.1055337]]],[[[3.0558098,43.1056099],[3.0557334,43.1056266],[3.0558388,43.1056746],[3.0558098,43.1056099]]],[[[3.0566435,43.1058886],[3.0568293,43.1058176],[3.0568336,43.1056961],[3.0565419,43.105835],[3.0566435,43.1058886]]],[[[3.0556784,43.1058631],[3.0557196,43.105901],[3.0557319,43.1058341],[3.0556784,43.1058631]]],[[[3.0558526,43.1062457],[3.0558923,43.1062658],[3.0559015,43.1062345],[3.0558526,43.1062457]]],[[[3.0561325,43.1066317],[3.0562664,43.1066585],[3.0561973,43.106578],[3.0561325,43.1066317]]],[[[3.056207,43.1067255],[3.0562988,43.106731],[3.0563183,43.1066648],[3.056207,43.1067255]]],[[[3.0563312,43.106791],[3.0563377,43.1068178],[3.0563723,43.1067831],[3.0563312,43.106791]]],[[[3.0563637,43.1068596],[3.0563647,43.1068446],[3.0563161,43.1068509],[3.0563637,43.1068596]]],[[[3.056516,43.1069306],[3.0564847,43.1068399],[3.0564025,43.1068367],[3.0564166,43.106959],[3.056516,43.1069306]]],[[[3.0567187,43.1074167],[3.0566775,43.1074055],[3.0567157,43.107439],[3.0567187,43.1074167]]],[[[3.0567142,43.1075516],[3.0567768,43.1075304],[3.0566836,43.1074557],[3.0567142,43.1075516]]],[[[3.0573684,43.1026392],[3.057431,43.1026976],[3.057511,43.102636],[3.0573684,43.1026392]]],[[[3.0575434,43.1035116],[3.0575196,43.1035763],[3.0572301,43.1036362],[3.0572949,43.1037877],[3.0578178,43.1035684],[3.0575434,43.1035116]]],[[[3.0574567,43.104125],[3.0574913,43.1041597],[3.0574977,43.1041092],[3.0574567,43.104125]]],[[[3.0573573,43.1039846],[3.0570073,43.1040982],[3.0570721,43.1042212],[3.057165,43.1041692],[3.0570591,43.1042701],[3.0572255,43.1043632],[3.0574351,43.1040619],[3.0573573,43.1039846]]],[[[3.0576273,43.1043945],[3.057569,43.1043866],[3.0576273,43.1044197],[3.0576273,43.1043945]]],[[[3.0571758,43.1043774],[3.0570699,43.1043632],[3.0571283,43.1044579],[3.0571758,43.1043774]]],[[[3.0570937,43.1044957],[3.0570526,43.1044957],[3.0570894,43.1045431],[3.0570937,43.1044957]]],[[[3.0570841,43.1046687],[3.0570711,43.1048122],[3.05711,43.104817],[3.0571597,43.1046813],[3.0570841,43.1046687]]],[[[3.056846,43.1048139],[3.0568399,43.1047927],[3.0567987,43.1048217],[3.056846,43.1048139]]],[[[3.0573479,43.1052276],[3.0572528,43.1052402],[3.0573155,43.1052797],[3.0573479,43.1052276]]],[[[3.0568185,43.1054043],[3.0568682,43.1054579],[3.0569049,43.1054232],[3.0568185,43.1054043]]],[[[3.0569201,43.1056693],[3.0569114,43.105693],[3.0569762,43.1056709],[3.0569201,43.1056693]]],[[[3.0571875,43.1057202],[3.0571432,43.1057258],[3.0571929,43.1057368],[3.0571875,43.1057202]]],[[[3.057108,43.1057372],[3.05708,43.1057214],[3.0570713,43.1057798],[3.057108,43.1057372]]],[[[3.0570475,43.1058287],[3.0570195,43.1057876],[3.0569827,43.1058255],[3.0570475,43.1058287]]],[[[3.0571232,43.1058823],[3.0570886,43.1058744],[3.0571167,43.1059154],[3.0571232,43.1058823]]],[[[3.0571923,43.1059549],[3.057108,43.1059564],[3.0571621,43.1059943],[3.0571923,43.1059549]]],[[[3.0572511,43.1063726],[3.0572649,43.1063971],[3.0573092,43.1063548],[3.0572511,43.1063726]]],[[[3.0575144,43.1069296],[3.057682,43.1069069],[3.0577324,43.106782],[3.057601,43.1068088],[3.0575445,43.1067441],[3.0575842,43.1066035],[3.0577263,43.1065912],[3.0575476,43.1064663],[3.0574971,43.1064931],[3.0575491,43.1065299],[3.0573153,43.106628],[3.0571198,43.1066013],[3.0572435,43.1065823],[3.0572163,43.1063791],[3.0573351,43.1062513],[3.0571903,43.1062182],[3.0572789,43.1061487],[3.0570801,43.1061582],[3.0571774,43.106021],[3.0569872,43.1060651],[3.0570175,43.1059358],[3.0567496,43.1059074],[3.056782,43.106073],[3.0571061,43.1063459],[3.056998,43.1065179],[3.0570996,43.1067135],[3.0570909,43.1068854],[3.0573459,43.1069343],[3.0574907,43.1068649],[3.0575144,43.1069296]]],[[[3.0574574,43.1064038],[3.0572695,43.1064139],[3.0574605,43.1065243],[3.0574574,43.1064038]]],[[[3.056907,43.1067719],[3.0569242,43.1067893],[3.0569459,43.1067451],[3.056907,43.1067719]]],[[[3.0567371,43.1073966],[3.056954,43.1074724],[3.0569189,43.1073575],[3.0567371,43.1073966]]],[[[3.0569265,43.1078361],[3.0568868,43.107855],[3.0569449,43.1078706],[3.0569265,43.1078361]]],[[[3.0569326,43.1079387],[3.0569357,43.1079532],[3.0569953,43.1079208],[3.0569326,43.1079387]]],[[[3.0570518,43.1079755],[3.0570442,43.1079643],[3.0570442,43.1079889],[3.0570518,43.1079755]]],[[[3.0576507,43.1096607],[3.0576553,43.1096752],[3.0576889,43.109644],[3.0576507,43.1096607]]],[[[3.0580468,43.103346],[3.0579777,43.103286],[3.0579755,43.1033444],[3.0580468,43.103346]]],[[[3.0578545,43.103469],[3.0577984,43.103398],[3.0576017,43.1034595],[3.0578545,43.103469]]],[[[3.0579299,43.103549],[3.0579299,43.1035133],[3.0578627,43.103549],[3.0579299,43.103549]]],[[[3.0580155,43.1035925],[3.0580033,43.1036304],[3.0580644,43.103607],[3.0580155,43.1035925]]],[[[3.0577833,43.1037464],[3.0577665,43.1038434],[3.0578184,43.1037609],[3.0577833,43.1037464]]],[[[3.0581576,43.1037486],[3.0581347,43.1038568],[3.0583226,43.1038368],[3.0583088,43.1039081],[3.0584234,43.103839],[3.0585487,43.1039104],[3.0581912,43.1040599],[3.0583134,43.1042261],[3.0586511,43.1039751],[3.0586572,43.103887],[3.0584952,43.1038345],[3.0584066,43.1036806],[3.058535,43.103617],[3.0586587,43.1037698],[3.0589567,43.1035199],[3.0586954,43.1034519],[3.0585793,43.103549],[3.0583669,43.1035545],[3.0583027,43.1036616],[3.0579085,43.1037509],[3.0581576,43.1037486]]],[[[3.0576446,43.1043534],[3.0577224,43.1043834],[3.0576965,43.1043266],[3.0576446,43.1043534]]],[[[3.0587012,43.1043755],[3.0587142,43.1044118],[3.0587811,43.1043519],[3.0587012,43.1043755]]],[[[3.0595216,43.1044804],[3.0596377,43.1044871],[3.0595262,43.1044614],[3.0595216,43.1044804]]],[[[3.0585802,43.1044197],[3.0585802,43.1042714],[3.0580227,43.1042903],[3.057502,43.1045475],[3.0576122,43.1046847],[3.0578628,43.10465],[3.0577721,43.104721],[3.0579795,43.1047194],[3.0581437,43.1045869],[3.0584808,43.1047415],[3.0586299,43.1046926],[3.0585932,43.1046122],[3.0583879,43.1045838],[3.0584484,43.1043945],[3.0585802,43.1044197]]],[[[3.0587077,43.1044986],[3.0586774,43.1044765],[3.0586105,43.1045648],[3.0587077,43.1044986]]],[[[3.0595414,43.1045473],[3.059407,43.104506],[3.0593505,43.104602],[3.0595414,43.1045473]]],[[[3.0594452,43.1046444],[3.0593627,43.1046957],[3.0594131,43.1047001],[3.0594452,43.1046444]]],[[[3.0589216,43.1046674],[3.0588633,43.1046137],[3.0586558,43.1046548],[3.0587963,43.104822],[3.0589216,43.1046674]]],[[[3.0584981,43.104964],[3.0585953,43.1047904],[3.0581978,43.1048251],[3.0581221,43.1049009],[3.0583728,43.1048519],[3.0583512,43.104915],[3.0584981,43.104964]]],[[[3.0580141,43.1048772],[3.0579946,43.1048441],[3.0579817,43.1048867],[3.0580141,43.1048772]]],[[[3.0594277,43.1049391],[3.0591338,43.1050069],[3.0592483,43.1050353],[3.0593283,43.1052057],[3.0596373,43.1049927],[3.0594277,43.1049391]]],[[[3.0589242,43.1050905],[3.0589458,43.1051299],[3.0589955,43.1050747],[3.0589242,43.1050905]]],[[[3.0584359,43.105365],[3.0583711,43.1053666],[3.0584554,43.1054249],[3.0584359,43.105365]]],[[[3.058652,43.106067],[3.0585288,43.1061537],[3.0586822,43.1061616],[3.058652,43.106067]]],[[[3.0583705,43.1075755],[3.0583507,43.1075633],[3.0583675,43.1075978],[3.0583705,43.1075755]]],[[[3.0582437,43.1076793],[3.0581948,43.1076726],[3.0582391,43.1076982],[3.0582437,43.1076793]]],[[[3.0580127,43.1098773],[3.0580494,43.109903],[3.0580662,43.1098082],[3.0580127,43.1098773]]],[[[3.058343,43.1099299],[3.0582868,43.1099236],[3.0583168,43.1099632],[3.058343,43.1099299]]],[[[3.0483859,43.1053841],[3.0484156,43.105421],[3.0484423,43.1053678],[3.0483859,43.1053841]]],[[[3.0483383,43.1055478],[3.0483784,43.1055771],[3.0483814,43.1055305],[3.0483383,43.1055478]]],[[[3.0483428,43.1055934],[3.0482849,43.1055619],[3.0482804,43.105627],[3.0483428,43.1055934]]],[[[3.0481661,43.1057549],[3.04827,43.1058709],[3.048325,43.1056942],[3.0481661,43.1057549]]],[[[3.0480265,43.1058774],[3.0480844,43.1059208],[3.0480413,43.1058601],[3.0480265,43.1058774]]],[[[3.0485715,43.1059178],[3.0485864,43.1059525],[3.0486042,43.1059027],[3.0485715,43.1059178]]],[[[3.0482879,43.1062138],[3.0481854,43.1063667],[3.0482389,43.1064491],[3.0480978,43.1064404],[3.0481246,43.1061466],[3.047881,43.1061748],[3.0478157,43.1062583],[3.0477103,43.1062106],[3.0478231,43.1063081],[3.0478038,43.1064165],[3.0480072,43.1064014],[3.0479196,43.1065054],[3.048129,43.1064794],[3.0479092,43.1066648],[3.048129,43.1066258],[3.0480919,43.1067179],[3.0482077,43.1067299],[3.0483993,43.1066052],[3.0483221,43.1065748],[3.0481706,43.1066735],[3.0483354,43.1064426],[3.0482805,43.1063222],[3.0484097,43.1063396],[3.0483993,43.1064317],[3.0485017,43.1064176],[3.0485879,43.1062886],[3.0482879,43.1062138]]],[[[3.0478764,43.1065487],[3.0478081,43.1065571],[3.0478648,43.1065855],[3.0478764,43.1065487]]],[[[3.0479068,43.106699],[3.0478512,43.1066806],[3.0478617,43.1067311],[3.0479068,43.106699]]],[[[3.0477451,43.1067204],[3.0477546,43.1067342],[3.0477798,43.1067135],[3.0477451,43.1067204]]],[[[3.047701,43.1067955],[3.0477556,43.1067955],[3.0477021,43.1067518],[3.047701,43.1067955]]],[[[3.0479023,43.1067612],[3.0480419,43.1067818],[3.0480018,43.1068642],[3.0480701,43.1068815],[3.0479914,43.1069758],[3.0482156,43.1068165],[3.0480122,43.1067178],[3.0479023,43.1067612]]],[[[3.0478087,43.1069639],[3.0479364,43.1068458],[3.0477077,43.1068197],[3.0478087,43.1069639]]],[[[3.0477775,43.1069932],[3.0477181,43.1070387],[3.0478132,43.1070767],[3.0477775,43.1069932]]],[[[3.0483195,43.1071981],[3.0481443,43.107223],[3.0483047,43.1072263],[3.0483195,43.1071981]]],[[[3.0482557,43.107274],[3.0481384,43.1072762],[3.0482141,43.1073163],[3.0482557,43.107274]]],[[[3.0480077,43.107313],[3.04773,43.1073098],[3.0477865,43.107532],[3.0478102,43.1074377],[3.0479765,43.1075656],[3.0480478,43.1075363],[3.0479038,43.1074128],[3.0480077,43.107313]]],[[[3.0481651,43.1075103],[3.0479394,43.1075938],[3.0481859,43.1075916],[3.0481651,43.1075103]]],[[[3.0482483,43.1077141],[3.04818,43.1076502],[3.0480998,43.1076502],[3.0482483,43.1077141]]],[[[3.047975,43.1077174],[3.0480686,43.1077065],[3.04803,43.1076588],[3.047975,43.1077174]]],[[[3.0478191,43.1078746],[3.047877,43.1077618],[3.0478236,43.1076686],[3.0477419,43.1078182],[3.0478191,43.1078746]]],[[[3.0481711,43.107777],[3.0479706,43.1077705],[3.0481324,43.1078171],[3.0481711,43.107777]]],[[[3.0484235,43.1078627],[3.0484873,43.1078702],[3.0484517,43.1078431],[3.0484235,43.1078627]]],[[[3.0480834,43.1079104],[3.048125,43.1079277],[3.0481102,43.1078811],[3.0480834,43.1079104]]],[[[3.0478355,43.1080166],[3.0477939,43.1079364],[3.0478741,43.1079158],[3.0477508,43.1079223],[3.0478355,43.1080166]]],[[[3.0484903,43.108073],[3.0485349,43.1080795],[3.04852,43.1080209],[3.0484903,43.108073]]],[[[3.0478132,43.1080621],[3.0477761,43.1080806],[3.047831,43.1081293],[3.0478132,43.1080621]]],[[[3.0483144,43.1087068],[3.0483293,43.108736],[3.0483768,43.1086959],[3.0483144,43.1087068]]],[[[3.0486263,43.1087415],[3.0486575,43.1087599],[3.0486367,43.1087274],[3.0486263,43.1087415]]],[[[3.0480189,43.1088455],[3.0480174,43.1088607],[3.048059,43.1088303],[3.0480189,43.1088455]]],[[[3.0481496,43.1091708],[3.0482164,43.1091588],[3.0481555,43.1091274],[3.0481496,43.1091708]]],[[[3.048261,43.1092911],[3.0482936,43.1093442],[3.0483887,43.1092716],[3.048261,43.1092911]]],[[[3.0479922,43.1096857],[3.0480917,43.1096282],[3.0479536,43.1096423],[3.0479922,43.1096857]]],[[[3.0496751,43.1037297],[3.049631,43.1036945],[3.0495995,43.1038202],[3.0496751,43.1037297]]],[[[3.0496898,43.1042189],[3.0495596,43.1042097],[3.0496163,43.1042587],[3.0496898,43.1042189]]],[[[3.049843,43.1044798],[3.0498623,43.104482],[3.0498341,43.1044505],[3.049843,43.1044798]]],[[[3.0496767,43.1047639],[3.0499188,43.1046262],[3.0495371,43.1047595],[3.0496767,43.1047639]]],[[[3.0497622,43.1052517],[3.0496404,43.1053391],[3.0497538,43.105336],[3.0497622,43.1052517]]],[[[3.0496068,43.1052409],[3.0494451,43.1052348],[3.04938,43.1053605],[3.0494472,43.1053835],[3.0496068,43.1052409]]],[[[3.049653,43.105589],[3.0493128,43.1057009],[3.0493758,43.1057607],[3.0495354,43.10573],[3.049653,43.105589]]],[[[3.0495873,43.1059832],[3.0496965,43.1059081],[3.0496167,43.1058652],[3.0494193,43.1059556],[3.0495873,43.1059832]]],[[[3.0499359,43.1059848],[3.0498141,43.1059081],[3.049602,43.1060998],[3.0499359,43.1059848]]],[[[3.0492513,43.1060139],[3.0493164,43.1060354],[3.0492702,43.1059802],[3.0492513,43.1060139]]],[[[3.0493038,43.1061074],[3.0493878,43.1061427],[3.0493437,43.1060768],[3.0493038,43.1061074]]],[[[3.0495159,43.1061918],[3.0496335,43.106158],[3.0496293,43.1061212],[3.0494928,43.1061151],[3.0495159,43.1061918]]],[[[3.0489524,43.1061763],[3.0488707,43.1061492],[3.0489331,43.1062207],[3.0489524,43.1061763]]],[[[3.0493584,43.1066763],[3.0495516,43.1066855],[3.049707,43.1065597],[3.0497469,43.1063895],[3.0496104,43.1063972],[3.0496566,43.1065168],[3.0495306,43.1066073],[3.049392,43.1065935],[3.0493584,43.1066763]]],[[[3.0499023,43.1066625],[3.0499002,43.1066487],[3.0497091,43.1066579],[3.0499023,43.1066625]]],[[[3.0497994,43.1069599],[3.0498939,43.1069292],[3.0497427,43.1068556],[3.0497994,43.1069599]]],[[[3.0498897,43.1070182],[3.049728,43.106966],[3.0498036,43.1070718],[3.0498897,43.1070182]]],[[[3.0497469,43.1073711],[3.0498627,43.1073537],[3.0497514,43.1073266],[3.0497469,43.1073711]]],[[[3.0486716,43.1062423],[3.0485127,43.1061187],[3.0485067,43.1061892],[3.0487993,43.1064299],[3.0488035,43.1065161],[3.048562,43.1064878],[3.0485872,43.1065575],[3.0487972,43.1066112],[3.0488329,43.1071616],[3.0487027,43.1072421],[3.0487993,43.1073088],[3.0487468,43.1073908],[3.0488308,43.1073977],[3.0488371,43.1076469],[3.0486628,43.1075802],[3.04871,43.1078194],[3.0485389,43.1078125],[3.0485935,43.1079336],[3.0487153,43.1079274],[3.0488066,43.1081007],[3.0487549,43.1081927],[3.0488291,43.1082643],[3.048743,43.1083076],[3.0488365,43.1084258],[3.048688,43.1085689],[3.0488469,43.1085982],[3.0488959,43.1088486],[3.0488796,43.1078979],[3.0489672,43.1081938],[3.0489583,43.1081071],[3.0490504,43.108067],[3.0489925,43.1080269],[3.0491766,43.1079965],[3.0489761,43.107938],[3.0489449,43.1078437],[3.0490845,43.1076615],[3.0488751,43.1075813],[3.0488781,43.1074826],[3.0491335,43.1074154],[3.0492167,43.1072767],[3.0493978,43.1073222],[3.0493102,43.1072062],[3.049481,43.1071693],[3.0495449,43.1070685],[3.049677,43.1071249],[3.0496072,43.1071455],[3.0496473,43.1072029],[3.0497498,43.1070848],[3.0494201,43.1069189],[3.0494112,43.1070598],[3.0492063,43.1071184],[3.0493607,43.1070241],[3.049187,43.1069861],[3.0491172,43.1072116],[3.0490103,43.1070989],[3.048887,43.1071715],[3.0489717,43.1072463],[3.0488841,43.1072441],[3.0488647,43.1068495],[3.0490073,43.106856],[3.0490845,43.1067628],[3.0488603,43.1067693],[3.0488395,43.1062999],[3.0489672,43.10634],[3.0488588,43.1063606],[3.0488944,43.1066435],[3.0493533,43.1065503],[3.0494468,43.1063085],[3.0493607,43.1062218],[3.0492746,43.1063313],[3.0488365,43.1062424],[3.0488097,43.1059106],[3.0486716,43.1062423]]],[[[3.0492665,43.1074888],[3.0495374,43.1074612],[3.0495322,43.1073953],[3.0497149,43.1073608],[3.0495994,43.1072795],[3.0492665,43.1074888]]],[[[3.0490377,43.1075744],[3.0490892,43.1075392],[3.0489642,43.1075231],[3.0490377,43.1075744]]],[[[3.0491007,43.1076319],[3.0491574,43.1076212],[3.0490997,43.1075852],[3.0491007,43.1076319]]],[[[3.0493957,43.1076728],[3.0494167,43.1077203],[3.0494849,43.1076766],[3.0493957,43.1076728]]],[[[3.0496313,43.1080771],[3.0497206,43.1079199],[3.0496618,43.107877],[3.0497521,43.1078624],[3.0496649,43.1078325],[3.0494927,43.1079498],[3.049499,43.1080502],[3.0496313,43.1080771]]],[[[3.0491973,43.1080129],[3.049233,43.1080252],[3.0492456,43.1079784],[3.0491973,43.1080129]]],[[[3.0490104,43.1083931],[3.0489779,43.1083494],[3.0489548,43.1083908],[3.0490104,43.1083931]]],[[[3.0493964,43.1083774],[3.0493271,43.1083805],[3.0492179,43.1084824],[3.0493964,43.1083774]]],[[[3.0489432,43.1085419],[3.0489674,43.1085603],[3.0489726,43.1085212],[3.0489432,43.1085419]]],[[[3.0487525,43.1086547],[3.0487777,43.10871],[3.0488074,43.1086558],[3.0487525,43.1086547]]],[[[3.0491603,43.1088442],[3.0492653,43.1087859],[3.0491603,43.1087882],[3.0491603,43.1088442]]],[[[3.0493104,43.1088633],[3.0492621,43.1088296],[3.0492464,43.1089162],[3.0493104,43.1088633]]],[[[3.0491109,43.1089162],[3.0492044,43.1089231],[3.0491403,43.1088787],[3.0491109,43.1089162]]],[[[3.0492957,43.1089224],[3.0493314,43.1089277],[3.049301,43.1088948],[3.0492957,43.1089224]]],[[[3.0506691,43.1031243],[3.0507363,43.1031197],[3.0506691,43.1031043],[3.0506691,43.1031243]]],[[[3.0501077,43.1037282],[3.0499817,43.1037297],[3.050072,43.103788],[3.0501077,43.1037282]]],[[[3.0505291,43.1041188],[3.0504207,43.1040429],[3.0503702,43.1041036],[3.0505291,43.1041188]]],[[[3.050737,43.1041936],[3.0506984,43.104134],[3.0506093,43.1041806],[3.050737,43.1041936]]],[[[3.050195,43.1043367],[3.050244,43.1042868],[3.0500539,43.1041968],[3.050048,43.1042673],[3.050195,43.1043367]]],[[[3.0520984,43.1041009],[3.0522588,43.1039589],[3.0520672,43.1038678],[3.0519143,43.1039177],[3.0518712,43.1040499],[3.0517094,43.1040489],[3.051601,43.1042202],[3.0515237,43.1040315],[3.0513411,43.1041464],[3.0512683,43.1040424],[3.0510456,43.1041529],[3.0510233,43.1042451],[3.0507605,43.1042343],[3.0506669,43.1043167],[3.0503105,43.1042494],[3.0502779,43.1044001],[3.0505541,43.1044468],[3.0508288,43.1043817],[3.0508793,43.1045324],[3.0507635,43.1045573],[3.0508971,43.1046462],[3.0509981,43.1045834],[3.0510575,43.1046452],[3.0509535,43.1047156],[3.0510114,43.1047807],[3.0515817,43.1044153],[3.0520197,43.1045118],[3.0520717,43.104411],[3.0522588,43.1043763],[3.0519796,43.1042549],[3.0518965,43.104128],[3.0520984,43.1041009]]],[[[3.0499009,43.1044137],[3.0499559,43.1042641],[3.0498326,43.1043042],[3.0499009,43.1044137]]],[[[3.0507293,43.1045075],[3.0507412,43.1045118],[3.0507738,43.1044576],[3.0507293,43.1045075]]],[[[3.050626,43.1050821],[3.0507079,43.105125],[3.0506386,43.1050575],[3.050626,43.1050821]]],[[[3.05134,43.1051189],[3.0512581,43.1050606],[3.0512686,43.105171],[3.05134,43.1051189]]],[[[3.0508066,43.1053366],[3.0508906,43.1053427],[3.0508045,43.1053029],[3.0508066,43.1053366]]],[[[3.0512581,43.1053059],[3.0514723,43.1054117],[3.0513274,43.105263],[3.0512581,43.1053059]]],[[[3.0498945,43.1053713],[3.0499176,43.1053912],[3.0499197,43.1053329],[3.0498945,43.1053713]]],[[[3.0506274,43.1051658],[3.0505119,43.1051551],[3.0504468,43.1052517],[3.0502914,43.1052241],[3.0501486,43.1054587],[3.0499344,43.1055905],[3.0500541,43.1056442],[3.0502011,43.1055323],[3.0502578,43.1055537],[3.0501948,43.1056488],[3.0502662,43.1056779],[3.0501843,43.1057791],[3.0503712,43.1057484],[3.05064,43.1055614],[3.0505749,43.1055016],[3.0504195,43.1055598],[3.050409,43.1056656],[3.0502578,43.1054326],[3.0504888,43.1053483],[3.0506274,43.1051658]]],[[[3.0512455,43.1056356],[3.0511237,43.1055512],[3.051046,43.1056371],[3.0512455,43.1056356]]],[[[3.0503643,43.1059817],[3.0500451,43.1062056],[3.0502236,43.1062424],[3.0503811,43.1061182],[3.0503643,43.1059817]]],[[[3.0502383,43.1063681],[3.0501837,43.1062899],[3.0501102,43.1063436],[3.0502383,43.1063681]]],[[[3.0514008,43.1065857],[3.0513132,43.1065424],[3.0511632,43.1066746],[3.0514008,43.1065857]]],[[[3.0499324,43.1067064],[3.0499666,43.1067509],[3.0499755,43.1067032],[3.0499324,43.1067064]]],[[[3.0501102,43.1067299],[3.0501501,43.1067498],[3.0501333,43.1067085],[3.0501102,43.1067299]]],[[[3.0511721,43.1064491],[3.051034,43.1065207],[3.0510429,43.106409],[3.050933,43.1063646],[3.0508618,43.1064209],[3.0508336,43.1063375],[3.0505143,43.1065142],[3.0505781,43.1065651],[3.0507148,43.1064697],[3.0508425,43.1066117],[3.0505024,43.1065814],[3.0505069,43.1066475],[3.0501683,43.1067635],[3.0501371,43.10686],[3.0499144,43.1069099],[3.0504267,43.1069424],[3.05025,43.1071159],[3.0503406,43.1071506],[3.0507549,43.1068947],[3.051089,43.1068145],[3.0511558,43.1065521],[3.0512657,43.1065554],[3.0511721,43.1064491]]],[[[3.0499464,43.1068311],[3.0500409,43.1068372],[3.0499758,43.1067974],[3.0499464,43.1068311]]],[[[3.0513618,43.1074168],[3.0514133,43.1074122],[3.0513629,43.1073846],[3.0513618,43.1074168]]],[[[3.0511508,43.1073731],[3.051092,43.1074544],[3.0512936,43.10739],[3.0511508,43.1073731]]],[[[3.0509534,43.1075671],[3.0510038,43.1074988],[3.0508841,43.107531],[3.0509534,43.1075671]]],[[[3.0509912,43.1076376],[3.051093,43.10761],[3.0510174,43.1075648],[3.0509912,43.1076376]]],[[[3.0512064,43.1076468],[3.0511917,43.1076039],[3.0511518,43.1076422],[3.0512064,43.1076468]]],[[[3.0506887,43.1078009],[3.0507192,43.1078162],[3.0509124,43.1077265],[3.0506887,43.1078009]]],[[[3.0505642,43.1082336],[3.0506147,43.1082401],[3.050588,43.1081989],[3.0505642,43.1082336]]],[[[3.0507038,43.1082585],[3.0507543,43.1082672],[3.0507112,43.1082346],[3.0507038,43.1082585]]],[[[3.050539,43.1083593],[3.0505404,43.1083745],[3.050588,43.1083496],[3.050539,43.1083593]]],[[[3.0502464,43.1084287],[3.0502865,43.1084385],[3.0502657,43.1083983],[3.0502464,43.1084287]]],[[[3.0500757,43.108471],[3.0502212,43.1084601],[3.050089,43.1084428],[3.0500757,43.108471]]],[[[3.052442,43.1024441],[3.0523261,43.1024549],[3.0523989,43.1024864],[3.052442,43.1024441]]],[[[3.0523158,43.1025644],[3.0523588,43.1025362],[3.0523172,43.1025276],[3.0523158,43.1025644]]],[[[3.052148,43.1028008],[3.0521866,43.1028517],[3.0522059,43.1027802],[3.052148,43.1028008]]],[[[3.0520063,43.1038497],[3.051517,43.1036059],[3.051223,43.1036212],[3.0512503,43.103704],[3.0515254,43.1037117],[3.0517039,43.1039248],[3.0520063,43.1038497]]],[[[3.0515863,43.1039585],[3.051685,43.1039739],[3.0515884,43.103934],[3.0515863,43.1039585]]],[[[3.0540348,43.1044164],[3.0538206,43.104421],[3.0536253,43.1042769],[3.0533859,43.1043566],[3.0534111,43.1044317],[3.0529722,43.1044195],[3.0529617,43.1042508],[3.0532221,43.1040162],[3.0531339,43.1038982],[3.0533061,43.1038936],[3.0532473,43.1037709],[3.0530583,43.1037724],[3.0529533,43.103938],[3.052716,43.1039442],[3.0526068,43.1038966],[3.0528399,43.1038905],[3.0528168,43.1037816],[3.0525669,43.1037004],[3.0523632,43.1037264],[3.0523779,43.1036298],[3.0522876,43.1035777],[3.0520398,43.1035639],[3.05196,43.1034826],[3.0517824,43.1036243],[3.0519487,43.1037631],[3.0519442,43.1036558],[3.0521744,43.10371],[3.0521091,43.1036254],[3.052219,43.1036222],[3.052461,43.1039181],[3.0523452,43.1041653],[3.0524758,43.104213],[3.0526436,43.1040634],[3.0527313,43.1041534],[3.0524877,43.10447],[3.0523734,43.1044353],[3.0522576,43.1045893],[3.0520274,43.1045275],[3.0521343,43.1045752],[3.052118,43.1046803],[3.0523377,43.1047259],[3.0521417,43.1047909],[3.0524595,43.1047855],[3.0524476,43.1048581],[3.0525783,43.104869],[3.0528322,43.1047421],[3.0528694,43.1045882],[3.0531055,43.1044819],[3.0533327,43.104547],[3.0536965,43.1044429],[3.0537514,43.104535],[3.0536549,43.1045795],[3.0538064,43.1046077],[3.0540348,43.1044164]]],[[[3.0522261,43.1042017],[3.0522469,43.1042245],[3.0522558,43.1041855],[3.0522261,43.1042017]]],[[[3.052143,43.1042549],[3.0522024,43.104192],[3.0520969,43.1042115],[3.052143,43.1042549]]],[[[3.0523598,43.104334],[3.0523702,43.1042982],[3.0523137,43.104334],[3.0523598,43.104334]]],[[[3.0522083,43.104489],[3.0521845,43.1044413],[3.0521251,43.1044955],[3.0522083,43.104489]]],[[[3.0516032,43.104522],[3.0516655,43.1045133],[3.0516047,43.1044689],[3.0516032,43.104522]]],[[[3.0517457,43.1046901],[3.0519135,43.1045545],[3.0516774,43.1045469],[3.0517457,43.1046901]]],[[[3.0514309,43.1047063],[3.0514977,43.1046868],[3.0514339,43.1046543],[3.0514309,43.1047063]]],[[[3.051961,43.1047519],[3.0519833,43.1047616],[3.0519982,43.1046998],[3.051961,43.1047519]]],[[[3.0518419,43.1053305],[3.0519091,43.1053519],[3.0518713,43.1052431],[3.0518419,43.1053305]]],[[[3.0532935,43.1056424],[3.0533098,43.1056846],[3.0533796,43.1056348],[3.0532935,43.1056424]]],[[[3.0519574,43.1056969],[3.0519574,43.1055957],[3.0517537,43.1055742],[3.0515416,43.1056708],[3.0516865,43.1057598],[3.0519574,43.1056969]]],[[[3.0534643,43.1056814],[3.0534821,43.1057204],[3.0535385,43.1056836],[3.0534643,43.1056814]]],[[[3.0514639,43.1058426],[3.0514702,43.1057966],[3.0514114,43.1058119],[3.0514639,43.1058426]]],[[[3.0522231,43.1060789],[3.0522765,43.1061493],[3.0522899,43.1060572],[3.0522231,43.1060789]]],[[[3.0521325,43.1062426],[3.0522112,43.1062382],[3.0521518,43.1062089],[3.0521325,43.1062426]]],[[[3.0522646,43.1063033],[3.0523107,43.1063119],[3.0522632,43.1062415],[3.0522646,43.1063033]]],[[[3.0516577,43.1064816],[3.0518463,43.1063667],[3.0516681,43.1062431],[3.0518314,43.1061109],[3.0516993,43.1061033],[3.0515552,43.1062095],[3.0514899,43.1061271],[3.0512241,43.1063028],[3.0513563,43.1065228],[3.0516577,43.1064816]]],[[[3.0519543,43.1063542],[3.0520345,43.1063564],[3.0519558,43.1063119],[3.0519543,43.1063542]]],[[[3.0514206,43.1072328],[3.0513681,43.1071569],[3.0513503,43.1072137],[3.0514206,43.1072328]]],[[[3.0535894,43.1078115],[3.0535327,43.1079127],[3.053686,43.1078667],[3.0535894,43.1078115]]],[[[3.053097,43.1081298],[3.0531237,43.1081601],[3.0531594,43.1081005],[3.053097,43.1081298]]],[[[3.052996,43.1082902],[3.0530213,43.1082881],[3.0530153,43.1082274],[3.052996,43.1082902]]],[[[3.0528787,43.1082805],[3.0529381,43.108326],[3.0529188,43.1082621],[3.0528787,43.1082805]]],[[[3.0523931,43.1085168],[3.0524436,43.1085222],[3.0524318,43.1084821],[3.0523931,43.1085168]]],[[[3.0535217,43.1087705],[3.0535633,43.10879],[3.0535618,43.108751],[3.0535217,43.1087705]]],[[[3.0532128,43.1088486],[3.0533658,43.1088019],[3.0532841,43.1087662],[3.0532128,43.1088486]]],[[[3.0534593,43.1089364],[3.0535306,43.1089353],[3.0534668,43.1089234],[3.0534593,43.1089364]]],[[[3.0542487,43.1049938],[3.0541468,43.1050091],[3.0542424,43.1050298],[3.0542487,43.1049938]]],[[[3.0538786,43.1052423],[3.0539587,43.1052488],[3.0539246,43.1052033],[3.0538786,43.1052423]]],[[[3.0537004,43.1053648],[3.0538622,43.1052922],[3.0538325,43.1052271],[3.0536365,43.1052456],[3.0537004,43.1053648]]],[[[3.054453,43.1053303],[3.0544752,43.1053574],[3.0545361,43.1052913],[3.054453,43.1053303]]],[[[3.0544203,43.1055461],[3.0544069,43.1055016],[3.0543475,43.1055623],[3.0544203,43.1055461]]],[[[3.0544188,43.1056209],[3.0543847,43.105623],[3.0544262,43.1056566],[3.0544188,43.1056209]]],[[[3.0545421,43.1058417],[3.054478,43.1058018],[3.0545116,43.1058731],[3.0545421,43.1058417]]],[[[3.0545809,43.1059521],[3.0544959,43.1059199],[3.0545368,43.1059935],[3.0545809,43.1059521]]],[[[3.0546345,43.1060104],[3.0545946,43.1059881],[3.0546124,43.106028],[3.0546345,43.1060104]]],[[[3.0546703,43.1065359],[3.0546598,43.1065083],[3.0546147,43.1065389],[3.0546703,43.1065359]]],[[[3.0547123,43.1066309],[3.054769,43.1065872],[3.0546042,43.1066049],[3.0547123,43.1066309]]],[[[3.0544047,43.10667],[3.0544498,43.1065236],[3.0542776,43.1065604],[3.054307,43.1066815],[3.0544047,43.10667]]],[[[3.0550987,43.1066256],[3.0550767,43.106598],[3.0549759,43.1066562],[3.0550987,43.1066256]]],[[[3.0549244,43.1066256],[3.0547596,43.1067099],[3.0549139,43.1066815],[3.0549244,43.1066256]]],[[[3.0543264,43.1071435],[3.0542061,43.1071967],[3.0544719,43.1072552],[3.0543264,43.1071435]]],[[[3.0548632,43.1074755],[3.0549033,43.1074841],[3.0548766,43.107444],[3.0548632,43.1074755]]],[[[3.054469,43.1075924],[3.0544853,43.1076531],[3.0542744,43.1077387],[3.0545343,43.1077333],[3.054659,43.1076184],[3.054469,43.1075924]]],[[[3.0539985,43.1078074],[3.0540311,43.1078638],[3.0540682,43.107827],[3.0539985,43.1078074]]],[[[3.055822,43.1084878],[3.0558235,43.1084662],[3.0557715,43.1084987],[3.055822,43.1084878]]],[[[3.055626,43.1086201],[3.0557552,43.1086017],[3.0556052,43.1085681],[3.055626,43.1086201]]],[[[3.053739,43.1088908],[3.0538593,43.1087152],[3.0540211,43.1086436],[3.0536618,43.108636],[3.0535935,43.1087564],[3.0536811,43.1087651],[3.053739,43.1088908]]],[[[3.0539907,43.1092942],[3.0539476,43.1092574],[3.0537917,43.1093636],[3.0539907,43.1092942]]],[[[3.0538645,43.1096184],[3.0539075,43.1096314],[3.0538734,43.1095804],[3.0538645,43.1096184]]],[[[3.0559915,43.1096379],[3.0562113,43.1096054],[3.0559901,43.1095826],[3.0559915,43.1096379]]],[[[3.0537397,43.1096108],[3.0538318,43.1096368],[3.0537873,43.1095718],[3.0537397,43.1096108]]],[[[3.0537778,43.1099414],[3.0538933,43.1099537],[3.0538954,43.1098831],[3.0537757,43.1098647],[3.0537778,43.1099414]]],[[[3.0564313,43.1099704],[3.0564964,43.1099719],[3.0564481,43.1099152],[3.0564313,43.1099704]]],[[[3.0543809,43.1100754],[3.0545042,43.1100516],[3.0544106,43.1099573],[3.0543008,43.1099757],[3.0543809,43.1100754]]],[[[3.0538282,43.1101254],[3.0538387,43.1102281],[3.0539059,43.1101177],[3.0538282,43.1101254]]],[[[3.0546037,43.1102749],[3.0545354,43.1102012],[3.054528,43.1103172],[3.0546037,43.1102749]]],[[[3.0546233,43.1103923],[3.0546716,43.1104153],[3.054659,43.1103632],[3.0546233,43.1103923]]],[[[3.0413781,43.1079087],[3.0413068,43.107913],[3.041381,43.1079477],[3.0413781,43.1079087]]],[[[3.0427046,43.1083733],[3.0427172,43.1084208],[3.0428831,43.1083855],[3.0427046,43.1083733]]],[[[3.0429671,43.1083947],[3.0430301,43.1084561],[3.0430217,43.1083901],[3.0429671,43.1083947]]],[[[3.0468167,43.1064966],[3.0468513,43.1065135],[3.0468566,43.1064583],[3.0468167,43.1064966]]],[[[3.0468397,43.1068101],[3.0468961,43.1068134],[3.0468405,43.1067873],[3.0468397,43.1068101]]],[[[3.0467766,43.1068562],[3.0468293,43.10686],[3.0467944,43.1068291],[3.0467766,43.1068562]]],[[[3.0467989,43.1069418],[3.0468746,43.1069348],[3.0468174,43.1069039],[3.0467989,43.1069418]]],[[[3.0467484,43.107054],[3.0467915,43.1070611],[3.0467825,43.1070063],[3.0467484,43.107054]]],[[[3.0468598,43.107125],[3.0469169,43.1071543],[3.0468783,43.1071007],[3.0468598,43.107125]]],[[[3.0468199,43.1074635],[3.0468535,43.107488],[3.0468808,43.1074282],[3.0468199,43.1074635]]],[[[3.0468497,43.1075318],[3.0469221,43.1075326],[3.0468675,43.1075081],[3.0468497,43.1075318]]],[[[3.0468297,43.1075525],[3.0467972,43.107551],[3.0468318,43.107561],[3.0468297,43.1075525]]],[[[3.0467825,43.1075962],[3.0467709,43.1076399],[3.0468371,43.107643],[3.0467825,43.1075962]]],[[[3.0467951,43.107692],[3.0468287,43.1077127],[3.046814,43.1076698],[3.0467951,43.107692]]],[[[3.0469368,43.1077541],[3.0468066,43.1078055],[3.0468917,43.1078538],[3.0469368,43.1077541]]],[[[3.0469352,43.1081052],[3.0469148,43.10805],[3.0468843,43.1081324],[3.0469352,43.1081052]]],[[[3.0469616,43.1088857],[3.0468723,43.108878],[3.0468524,43.1089056],[3.0469616,43.1088857]]],[[[3.0468335,43.1089869],[3.0469154,43.1090114],[3.0468681,43.1089746],[3.0468335,43.1089869]]],[[[3.0469007,43.1064989],[3.0469689,43.1064828],[3.0469049,43.1064499],[3.0469007,43.1064989]]],[[[3.0468818,43.1066484],[3.0469206,43.1066431],[3.0469248,43.1065971],[3.0468818,43.1066484]]],[[[3.04694,43.1070513],[3.0469489,43.1070611],[3.04698,43.107028],[3.04694,43.1070513]]],[[[3.0468991,43.10717],[3.0468679,43.1071901],[3.0469563,43.1071809],[3.0468991,43.10717]]],[[[3.046961,43.1080163],[3.0469326,43.1080102],[3.0469442,43.1080316],[3.046961,43.1080163]]],[[[3.0471393,43.1086083],[3.0470858,43.1086235],[3.0471422,43.1086213],[3.0471393,43.1086083]]],[[[3.0470246,43.1086733],[3.0469437,43.1086365],[3.0470477,43.108622],[3.0468597,43.1086189],[3.0468629,43.1087002],[3.0470246,43.1086733]]],[[[3.0469458,43.1087346],[3.0469196,43.1087308],[3.0469437,43.1087477],[3.0469458,43.1087346]]],[[[3.0469427,43.1088243],[3.046971,43.1088519],[3.0469899,43.108809],[3.0469427,43.1088243]]],[[[3.0471128,43.1088719],[3.0470771,43.1088834],[3.0471275,43.1088857],[3.0471128,43.1088719]]],[[[3.047033,43.1091041],[3.0468818,43.1090857],[3.0469616,43.1091532],[3.047033,43.1091041]]],[[[3.0471474,43.1091586],[3.0470739,43.1091777],[3.0471548,43.1091716],[3.0471474,43.1091586]]],[[[3.0469005,43.1093782],[3.046932,43.1093958],[3.0469247,43.1093613],[3.0469005,43.1093782]]],[[[3.0469793,43.1095338],[3.0469824,43.1095576],[3.0470034,43.1095346],[3.0469793,43.1095338]]],[[[3.0470444,43.1098213],[3.0470801,43.1098573],[3.0470486,43.1098082],[3.0470444,43.1098213]]],[[[3.0471233,43.1063126],[3.0471369,43.1063425],[3.0471831,43.1063119],[3.0471233,43.1063126]]],[[[3.0472903,43.107373],[3.0472924,43.107396],[3.0473512,43.1073439],[3.0472903,43.107373]]],[[[3.047516,43.1080128],[3.0475454,43.1080312],[3.0475349,43.1079837],[3.047516,43.1080128]]],[[[3.0474341,43.1081109],[3.047411,43.1080956],[3.0474268,43.1081224],[3.0474341,43.1081109]]],[[[3.0474646,43.1082083],[3.0473428,43.1082351],[3.0473533,43.108324],[3.0474646,43.1082083]]],[[[3.0470606,43.1086951],[3.0471942,43.1087037],[3.0471987,43.1086918],[3.047117,43.108643],[3.0470606,43.1086951]]],[[[3.0472419,43.1087592],[3.0472031,43.1087323],[3.04718,43.1087814],[3.0472419,43.1087592]]],[[[3.0472493,43.108832],[3.0473154,43.1087929],[3.047244,43.1087753],[3.0472493,43.108832]]],[[[3.0474435,43.1088174],[3.0475191,43.1088374],[3.0475034,43.1088052],[3.0474435,43.1088174]]],[[[3.0470823,43.1088611],[3.0471915,43.1088059],[3.0470865,43.1088458],[3.0470823,43.1088611]]],[[[3.0471663,43.108878],[3.0471852,43.1088841],[3.0471684,43.1088443],[3.0471663,43.108878]]],[[[3.0473187,43.1092496],[3.0472712,43.1091303],[3.047249,43.1092594],[3.0473187,43.1092496]]],[[[3.0472638,43.1093743],[3.0472252,43.1093439],[3.0471955,43.1093862],[3.0472638,43.1093743]]],[[[3.0471956,43.1097776],[3.0473216,43.1096656],[3.0471084,43.1097408],[3.0471956,43.1097776]]],[[[3.0556433,43.1107675],[3.0555115,43.1108212],[3.0555158,43.1109142],[3.0556994,43.110848],[3.0556433,43.1107675]]],[[[3.0554229,43.1107943],[3.0552154,43.1108038],[3.0551549,43.1109221],[3.0552111,43.1109836],[3.055358,43.110941],[3.0554229,43.1107943]]],[[[3.0550901,43.1112991],[3.0549324,43.1113922],[3.0550587,43.1114946],[3.0552695,43.1114254],[3.0550901,43.1112991]]],[[[3.0548616,43.11155],[3.0549259,43.1114521],[3.054833,43.1114758],[3.0548616,43.11155]]],[[[3.0541817,43.1125698],[3.0540778,43.1126077],[3.0540594,43.1127706],[3.0542122,43.1127616],[3.0543008,43.1126055],[3.054585,43.1124828],[3.0546675,43.1125252],[3.0546186,43.1125832],[3.0547836,43.1126144],[3.0551656,43.1124873],[3.0553306,43.1123802],[3.0553153,43.1122575],[3.0550831,43.1121616],[3.0549089,43.1121995],[3.0545392,43.1124583],[3.0541206,43.1125297],[3.0541817,43.1125698]]],[[[3.0524969,43.1141305],[3.0528453,43.1139766],[3.0529644,43.1137334],[3.0528208,43.1137245],[3.052613,43.1139766],[3.0524205,43.1140435],[3.0522372,43.1143513],[3.0524969,43.1141305]]],[[[3.0513349,43.1172543],[3.0515481,43.1172651],[3.0515825,43.1174314],[3.051689,43.1174206],[3.051689,43.117271],[3.0515726,43.1172124],[3.0513349,43.1172543]]],[[[3.0483472,43.1200373],[3.0482685,43.1200325],[3.0482783,43.1200875],[3.0483472,43.1200373]]],[[[3.0477833,43.122294],[3.0480554,43.1222294],[3.0477734,43.122215],[3.0477833,43.122294]]],[[[3.0486727,43.1661548],[3.0469091,43.1668289],[3.0471559,43.1681151],[3.0473905,43.1681857],[3.0473833,43.1684433],[3.0472744,43.1685703],[3.0475187,43.1697101],[3.0510769,43.1681147],[3.0519577,43.1698412],[3.0529399,43.1694319],[3.0529689,43.1691161],[3.0528915,43.1689714],[3.0525964,43.1689096],[3.0521174,43.1690808],[3.0518851,43.1690455],[3.0516456,43.1687597],[3.0517352,43.1686132],[3.0524561,43.1683115],[3.0537406,43.1690155],[3.0543019,43.1687791],[3.0542027,43.1684262],[3.054043,43.1683962],[3.0539632,43.1682127],[3.0541277,43.1680804],[3.0540503,43.167701],[3.0538809,43.1674734],[3.0535979,43.1660001],[3.0507421,43.1670634],[3.0505865,43.1672443],[3.0500442,43.1673691],[3.049153,43.1677658],[3.0488314,43.1677284],[3.0487613,43.1676273],[3.0487972,43.1675487],[3.0493377,43.1673266],[3.0486727,43.1661548]]],[[[3.0458527,43.1712691],[3.0460318,43.171454],[3.0458798,43.1716619],[3.0459905,43.1725303],[3.0460967,43.1725503],[3.0472526,43.1720736],[3.0469698,43.1714577],[3.0476726,43.1711044],[3.0471585,43.168553],[3.0472767,43.1684151],[3.0472865,43.1682419],[3.0470559,43.1681725],[3.0467685,43.166839],[3.0456852,43.1672719],[3.0458184,43.1686629],[3.0456098,43.1690548],[3.0458527,43.1712691]]],[[[3.0547939,43.1708882],[3.050814,43.1723295],[3.0500066,43.1711867],[3.0497671,43.1710819],[3.0497705,43.1709397],[3.051844,43.1699418],[3.0510322,43.1682581],[3.0474924,43.1698281],[3.0477936,43.1710953],[3.0477491,43.1711927],[3.0471025,43.1714921],[3.0473454,43.172021],[3.0491347,43.1712575],[3.0492886,43.1713698],[3.0505635,43.1733563],[3.0548036,43.171728],[3.0549148,43.171458],[3.0547939,43.1708882]]],[[[3.0963611,43.0893459],[3.0963482,43.0893333],[3.0952379,43.0892276],[3.0963611,43.0893459]]],[[[3.1032762,43.0929506],[3.1031646,43.0931514],[3.1033343,43.09337],[3.1033911,43.0930074],[3.1033404,43.0929171],[3.1025156,43.0917036],[3.1023262,43.0915898],[3.1024301,43.0918352],[3.1027355,43.0921274],[3.1032762,43.0929506]]],[[[3.1023115,43.0941077],[3.1020726,43.0938875],[3.1018618,43.0939901],[3.1021062,43.0943091],[3.1023115,43.0941077]]],[[[3.1016307,43.0939372],[3.1017365,43.093822],[3.1015616,43.0937889],[3.1017085,43.0936927],[3.1022182,43.0936359],[3.1016437,43.0936848],[3.1014989,43.0937826],[3.101581,43.0939198],[3.1014536,43.0939845],[3.1008423,43.0938993],[3.099783,43.0935836],[3.09957,43.0936107],[3.0997341,43.0935996],[3.1009287,43.0939656],[3.1009697,43.0940397],[3.1013693,43.0940224],[3.1016307,43.0939372]]],[[[3.1043192,43.094986],[3.1033631,43.0934691],[3.1037999,43.0943012],[3.1039282,43.0947027],[3.1037419,43.0948053],[3.1028682,43.0944484],[3.1042551,43.0950373],[3.1043192,43.094986]]],[[[3.1002166,43.0960432],[3.0999487,43.0960041],[3.0996335,43.0962411],[3.1000243,43.0962135],[3.1002166,43.0960432]]],[[[3.1021273,43.0992011],[3.1022164,43.0989072],[3.1019737,43.0990261],[3.1020106,43.0992572],[3.1023916,43.0992459],[3.1021273,43.0992011]]],[[[3.1011393,43.1004368],[3.1013267,43.1005938],[3.1017661,43.1006364],[3.1025557,43.1004166],[3.1024328,43.1002236],[3.1020303,43.1002147],[3.1017077,43.1000778],[3.1011546,43.1002775],[3.1011393,43.1004368]]],[[[3.0997961,43.1003975],[3.1000081,43.100512],[3.1006349,43.1005232],[3.1008162,43.1004895],[3.1008961,43.1003886],[3.1005889,43.100254],[3.0999805,43.1002697],[3.0997961,43.1003975]]],[[[3.1091139,43.1109324],[3.1094719,43.1109555],[3.1095261,43.1107999],[3.1094191,43.1105723],[3.1090891,43.1103556],[3.1083277,43.1102337],[3.106407,43.1095712],[3.1053853,43.1096819],[3.1044692,43.1091213],[3.1039596,43.1091603],[3.104144,43.1094743],[3.1043757,43.1096812],[3.105067,43.1098434],[3.1065543,43.1099281],[3.1079484,43.1104022],[3.1091139,43.1109324]]],[[[3.1270953,43.125811],[3.1277372,43.1262576],[3.1280462,43.1261197],[3.1277762,43.1259599],[3.1270953,43.125811]]],[[[3.0599802,43.106832],[3.0598354,43.1068241],[3.0598786,43.1069535],[3.0600364,43.1069251],[3.0599802,43.106832]]],[[[3.2049158,43.1980708],[3.2052419,43.1975771],[3.2054426,43.1968913],[3.2051792,43.197129],[3.2047904,43.1972022],[3.2047089,43.1971519],[3.204734,43.1969782],[3.2045835,43.1969736],[3.2043389,43.1972662],[3.2041696,43.1977005],[3.2043953,43.1982994],[3.2042762,43.1984822],[3.2043138,43.1986971],[3.2041194,43.1989531],[3.2040818,43.199136],[3.204729,43.1985642],[3.2049158,43.1980708]],[[3.2047757,43.1979438],[3.2048511,43.1979809],[3.2047194,43.1980114],[3.2048102,43.197865],[3.2047058,43.197973],[3.2047094,43.1978312],[3.2045577,43.1978458],[3.2050174,43.1974776],[3.2051046,43.1974955],[3.2050119,43.1977961],[3.2047757,43.1979438]]],[[[3.1982622,43.2036296],[3.1980615,43.2036616],[3.198049,43.2037576],[3.1981932,43.2037941],[3.1982622,43.2036296]]]]}}]}
