{"type":"FeatureCollection","features":[{"type":"Feature","properties":{"id":"water-mask","name":"Hydrographie (Grand Québec)"},"geometry":{"type":"MultiPolygon","coordinates":[[[[-72.6581909,46.2803718],[-72.6579742,46.2806009],[-72.6575679,46.2808008],[-72.6516806,46.2809531],[-72.651076,46.2811405],[-72.6503076,46.2811725],[-72.6492152,46.281378],[-72.647814,46.2814955],[-72.6471315,46.2817009],[-72.6459732,46.2822118],[-72.6454657,46.2824996],[-72.6450445,46.2828567],[-72.6446278,46.2834897],[-72.6446049,46.2837397],[-72.6447149,46.2839193],[-72.6442451,46.2843683],[-72.6436858,46.2847282],[-72.6431935,46.285323],[-72.6425972,46.2855978],[-72.6412316,46.2858285],[-72.6406172,46.2862407],[-72.6399161,46.2864035],[-72.6396358,46.2865975],[-72.6390748,46.2873739],[-72.6389242,46.2874777],[-72.6377082,46.2878128],[-72.6367313,46.287877],[-72.6364369,46.28802],[-72.6358149,46.2881366],[-72.6356899,46.2883985],[-72.6344153,46.2888702],[-72.6323882,46.2889042],[-72.6319907,46.2888031],[-72.6305798,46.2896096],[-72.6293879,46.2899507],[-72.6281056,46.2901266],[-72.6266371,46.2910416],[-72.6233661,46.2922371],[-72.6207629,46.2923517],[-72.6181687,46.2929138],[-72.6169837,46.2933703],[-72.6140726,46.2939369],[-72.6113162,46.2942112],[-72.6087928,46.2943553],[-72.6080775,46.2944669],[-72.6074953,46.2946882],[-72.6066684,46.2947525],[-72.6065612,46.2946968],[-72.6054973,46.2947954],[-72.604037,46.2947647],[-72.6017242,46.2951043],[-72.6006043,46.2949991],[-72.5999781,46.2950197],[-72.5960622,46.2956237],[-72.5939739,46.2962099],[-72.5935658,46.2962576],[-72.5924332,46.2968977],[-72.5902099,46.2975064],[-72.5882192,46.298269],[-72.587768,46.298372],[-72.58639,46.2989591],[-72.5854936,46.2994888],[-72.5847168,46.2997931],[-72.5848317,46.3000404],[-72.5846884,46.2999755],[-72.5842891,46.3000064],[-72.5831674,46.3002133],[-72.5827697,46.3005763],[-72.5814582,46.3013983],[-72.5807474,46.301037],[-72.5806968,46.301081],[-72.5812288,46.3014441],[-72.5812378,46.3016075],[-72.5795837,46.3027402],[-72.5791933,46.3029346],[-72.5783435,46.3031444],[-72.5785085,46.3034519],[-72.5788293,46.3035431],[-72.5787444,46.3036258],[-72.5789105,46.303725],[-72.5788345,46.3037909],[-72.5786234,46.3036992],[-72.5784175,46.3038552],[-72.5779833,46.3038487],[-72.5776148,46.3036411],[-72.5772212,46.3036355],[-72.5774482,46.3038261],[-72.5774233,46.3043884],[-72.5767094,46.3051922],[-72.5761251,46.3053654],[-72.5757415,46.305315],[-72.5751758,46.3048864],[-72.5749279,46.3048896],[-72.5757296,46.3054921],[-72.5756967,46.3056828],[-72.5753989,46.3058059],[-72.5746524,46.3063359],[-72.5739024,46.3071304],[-72.5720705,46.3085969],[-72.5714968,46.3086213],[-72.5712623,46.3087795],[-72.5710494,46.3090001],[-72.5711022,46.3093643],[-72.5701287,46.3098838],[-72.5703196,46.3100652],[-72.5696712,46.3108053],[-72.5691513,46.3110328],[-72.5684297,46.3111227],[-72.5681244,46.3113461],[-72.5680415,46.3115382],[-72.567653,46.3113344],[-72.567078,46.3114071],[-72.5668168,46.3112958],[-72.5668432,46.3114438],[-72.5667307,46.3117052],[-72.566783,46.3117573],[-72.5670362,46.3117754],[-72.567475,46.3115383],[-72.5677297,46.3115606],[-72.5682131,46.3118224],[-72.5682513,46.3121347],[-72.5680384,46.3121797],[-72.5679802,46.3122843],[-72.5680441,46.3123241],[-72.5679021,46.3125367],[-72.5671485,46.3130481],[-72.5670047,46.3132674],[-72.5665425,46.3133391],[-72.5665584,46.3134379],[-72.5666865,46.3134801],[-72.5666726,46.3136092],[-72.565307,46.3144945],[-72.5654987,46.3146398],[-72.5654109,46.3147844],[-72.5648436,46.3147285],[-72.5644465,46.31507],[-72.5642925,46.3153341],[-72.5640154,46.3154436],[-72.5639154,46.3156835],[-72.5635978,46.3159722],[-72.5631224,46.316249],[-72.5633604,46.3164644],[-72.5630536,46.3165343],[-72.5626696,46.3168666],[-72.5620067,46.3170356],[-72.5618805,46.3172215],[-72.5613441,46.3172268],[-72.561743,46.3174803],[-72.5617095,46.317595],[-72.561286,46.3179799],[-72.5606773,46.3181469],[-72.5606311,46.3183627],[-72.5602773,46.318462],[-72.5601417,46.3187687],[-72.5595616,46.3191136],[-72.5595516,46.319879],[-72.5591726,46.3203606],[-72.5590629,46.320361],[-72.5588505,46.3206576],[-72.5582882,46.3211493],[-72.5579274,46.3213132],[-72.557538,46.3212992],[-72.5572038,46.321413],[-72.5572977,46.3214939],[-72.5571589,46.3216006],[-72.5568424,46.3215009],[-72.5565596,46.3216468],[-72.5563712,46.3214092],[-72.5560422,46.3219509],[-72.5561291,46.3220963],[-72.5560194,46.3222769],[-72.5559903,46.3225634],[-72.5555484,46.3229057],[-72.5553569,46.3231886],[-72.5544881,46.3231755],[-72.5543594,46.3232375],[-72.5542846,46.3236355],[-72.553993,46.3241584],[-72.5539854,46.3243271],[-72.5534324,46.3248781],[-72.5523493,46.3256541],[-72.551686,46.3259494],[-72.5511907,46.3260315],[-72.5512129,46.3263501],[-72.5509999,46.3269309],[-72.5506625,46.3273852],[-72.5502674,46.3275878],[-72.549786,46.3275408],[-72.5495735,46.3276572],[-72.5489919,46.3274898],[-72.5446605,46.3326229],[-72.5447061,46.3326915],[-72.5470289,46.3327249],[-72.5461073,46.3336085],[-72.5440927,46.3335873],[-72.5433117,46.3351326],[-72.5428144,46.3349867],[-72.5400639,46.3389212],[-72.5402402,46.3389757],[-72.5403791,46.3392292],[-72.5398309,46.340028],[-72.5370847,46.3417923],[-72.534459,46.343227],[-72.5299862,46.3461245],[-72.5304656,46.3468443],[-72.5304998,46.347166],[-72.53075,46.347464],[-72.528835,46.348788],[-72.527835,46.349217],[-72.525218,46.349502],[-72.522077,46.350264],[-72.519033,46.351123],[-72.517461,46.351596],[-72.515986,46.352167],[-72.512226,46.353166],[-72.509133,46.354309],[-72.507753,46.354689],[-72.506801,46.355118],[-72.506373,46.355403],[-72.505824,46.356078],[-72.505754,46.357021],[-72.506087,46.35802],[-72.506611,46.358925],[-72.506576,46.35904],[-72.5058556,46.3596668],[-72.5050141,46.3601915],[-72.5040801,46.3606072],[-72.5032923,46.3606714],[-72.5029422,46.360506],[-72.5025931,46.3604927],[-72.5031768,46.3607083],[-72.5032432,46.3609434],[-72.5030431,46.3611389],[-72.5014407,46.362114],[-72.5006841,46.3627363],[-72.5,46.363455],[-72.4988587,46.3649255],[-72.4984539,46.3647082],[-72.4981237,46.3648135],[-72.4967748,46.3665459],[-72.4966141,46.3665902],[-72.4965247,46.3665009],[-72.4964243,46.3665606],[-72.4965553,46.3663665],[-72.496068,46.3661755],[-72.49533,46.3670966],[-72.4956243,46.3672382],[-72.4960763,46.3666993],[-72.4963481,46.3666265],[-72.496438,46.3667918],[-72.4954808,46.3684062],[-72.4951807,46.3687374],[-72.4946746,46.3688641],[-72.4940774,46.36929],[-72.4940974,46.3695607],[-72.4939491,46.3698643],[-72.4935856,46.3701602],[-72.4932244,46.3711967],[-72.4931098,46.3713856],[-72.4925099,46.3718677],[-72.4924119,46.3720513],[-72.4921058,46.3736521],[-72.4915067,46.3744664],[-72.4912226,46.3747163],[-72.4908237,46.3753353],[-72.4905608,46.3753914],[-72.490657,46.3755962],[-72.4901771,46.3760332],[-72.4894393,46.3770303],[-72.4890293,46.3773618],[-72.4882101,46.3783571],[-72.4873851,46.3789524],[-72.486465,46.3799314],[-72.4828433,46.3819109],[-72.4819196,46.3825745],[-72.4806397,46.3836782],[-72.4786856,46.3849239],[-72.4775048,46.3854662],[-72.4766434,46.3860523],[-72.4751012,46.386578],[-72.4735206,46.3872267],[-72.4733594,46.3871949],[-72.4731094,46.3874061],[-72.472078,46.3877969],[-72.4704155,46.3888041],[-72.4683864,46.3901634],[-72.4678654,46.3905994],[-72.4671326,46.3908673],[-72.4664477,46.3913277],[-72.4659462,46.3915219],[-72.4651845,46.3919722],[-72.4636272,46.3925509],[-72.4615916,46.3931779],[-72.4595392,46.3935539],[-72.4583184,46.3935545],[-72.4579044,46.3937901],[-72.4551781,46.3944774],[-72.45419,46.3946324],[-72.4513635,46.3954553],[-72.4448519,46.3968335],[-72.4419519,46.3977417],[-72.4397026,46.3987407],[-72.4370377,46.4002596],[-72.4359332,46.4006314],[-72.4346117,46.4009475],[-72.434428,46.4012136],[-72.4341926,46.4013716],[-72.4335943,46.4015409],[-72.4329398,46.4018666],[-72.432631,46.4021102],[-72.4316529,46.4024764],[-72.4310153,46.4028729],[-72.430572,46.4032907],[-72.4303361,46.4033726],[-72.4293817,46.4034127],[-72.428821,46.4035632],[-72.4286069,46.4040398],[-72.4283968,46.4041757],[-72.4276202,46.4044986],[-72.4260955,46.4053985],[-72.4256562,46.4054757],[-72.4249922,46.4057421],[-72.4224515,46.4070269],[-72.4205924,46.4076796],[-72.4192932,46.4082861],[-72.4176657,46.4086091],[-72.4171087,46.4089313],[-72.4156271,46.4095195],[-72.4100099,46.411192],[-72.4065422,46.4118495],[-72.4035744,46.4125213],[-72.4013451,46.4127371],[-72.3976252,46.4127127],[-72.3960483,46.4129914],[-72.3940033,46.413017],[-72.3929074,46.4131154],[-72.3915239,46.4135196],[-72.3912334,46.4135494],[-72.3906244,46.4134311],[-72.3898907,46.4136983],[-72.3894434,46.4136879],[-72.388139,46.41397],[-72.3870655,46.4143589],[-72.3852463,46.4146796],[-72.3840466,46.41515],[-72.3834373,46.4152878],[-72.3818399,46.4160642],[-72.3817893,46.4161841],[-72.3812564,46.4165884],[-72.3811903,46.4169417],[-72.3819699,46.4171514],[-72.3820802,46.4172272],[-72.3820358,46.4173867],[-72.3804414,46.4178506],[-72.3784271,46.4190706],[-72.3781834,46.4191409],[-72.378089,46.4192401],[-72.3781755,46.419718],[-72.378069,46.4198141],[-72.3777405,46.4197866],[-72.3774596,46.4199518],[-72.3769763,46.4203404],[-72.3764038,46.4209718],[-72.3760118,46.4212414],[-72.3756058,46.4213839],[-72.3750928,46.4218788],[-72.3748732,46.4222876],[-72.3748832,46.422499],[-72.3750683,46.4227934],[-72.3746953,46.4229255],[-72.3743895,46.4229323],[-72.3735039,46.4236353],[-72.3732898,46.4239316],[-72.3728813,46.4242064],[-72.3727364,46.4245015],[-72.3721993,46.4249901],[-72.369468,46.4270323],[-72.367667,46.4286204],[-72.3670466,46.4293915],[-72.3662852,46.4299649],[-72.3640913,46.4313382],[-72.3627892,46.431972],[-72.362704,46.4321305],[-72.3628832,46.4324615],[-72.3622196,46.4322909],[-72.3614545,46.4323601],[-72.3599098,46.4333684],[-72.3572535,46.4348601],[-72.3519371,46.4370068],[-72.3507702,46.4376184],[-72.3477387,46.4388616],[-72.3474774,46.4391173],[-72.3470826,46.4391107],[-72.3463511,46.4393214],[-72.3460764,46.4396021],[-72.3452443,46.4395401],[-72.3446811,46.4396421],[-72.3439844,46.4398903],[-72.3412952,46.4404711],[-72.3406775,46.4405212],[-72.3402809,46.4404621],[-72.3400562,46.4400881],[-72.3396677,46.4401952],[-72.3397145,46.4402922],[-72.3398559,46.4403111],[-72.3397871,46.4404037],[-72.339868,46.440474],[-72.339702,46.4405462],[-72.3396271,46.4405074],[-72.3390403,46.4407553],[-72.3369718,46.4413058],[-72.334809,46.4412604],[-72.333948,46.4414869],[-72.3324361,46.441587],[-72.331104,46.4418188],[-72.330337,46.4418398],[-72.3291923,46.4420011],[-72.3280049,46.4420374],[-72.3272084,46.4422407],[-72.3252145,46.4421929],[-72.3158225,46.4425385],[-72.3134354,46.4425316],[-72.3105321,46.442743],[-72.3078573,46.4427853],[-72.306548,46.4428945],[-72.3062289,46.4430022],[-72.3046631,46.4430262],[-72.2938288,46.4440049],[-72.2899076,46.4446754],[-72.28714,46.4456527],[-72.2863746,46.4457213],[-72.2858107,46.4462314],[-72.2850467,46.4462719],[-72.282738,46.447035],[-72.282671,46.4480247],[-72.282977,46.448655],[-72.2824,46.448629],[-72.2822314,46.4482534],[-72.2818385,46.44781],[-72.2814008,46.4475261],[-72.2807403,46.4473747],[-72.2796279,46.4472967],[-72.2788714,46.4473486],[-72.2785988,46.4474208],[-72.278474,46.4475501],[-72.2771029,46.4477474],[-72.2768214,46.4479123],[-72.2755647,46.4480251],[-72.2734125,46.4488932],[-72.2726685,46.4490355],[-72.2721251,46.4493798],[-72.2718113,46.4493085],[-72.2694138,46.450264],[-72.2688414,46.4503946],[-72.2684183,46.450618],[-72.2678006,46.4507436],[-72.2670527,46.4513392],[-72.267079,46.4516975],[-72.2669075,46.4518623],[-72.2661998,46.4522307],[-72.264982,46.4530851],[-72.26495,46.4537039],[-72.2648102,46.4538864],[-72.2640994,46.454235],[-72.2640197,46.454357],[-72.2639625,46.4551498],[-72.2638408,46.455375],[-72.2632592,46.4562986],[-72.2627249,46.4567783],[-72.2625733,46.4571097],[-72.2620749,46.4574467],[-72.2620426,46.4579134],[-72.261357,46.4588767],[-72.2614985,46.4596069],[-72.2614235,46.4597966],[-72.261438,46.4612746],[-72.261295,46.462226],[-72.2609096,46.4633713],[-72.2606978,46.4637632],[-72.2605557,46.4643822],[-72.2601955,46.4650955],[-72.2598372,46.4654021],[-72.2593444,46.4655505],[-72.2590272,46.4660863],[-72.2590404,46.4666978],[-72.259169,46.4669686],[-72.2590277,46.4671792],[-72.2590341,46.4673709],[-72.2591367,46.4674354],[-72.2594562,46.4673278],[-72.2594494,46.4677727],[-72.2590231,46.468841],[-72.2589834,46.4693724],[-72.2585311,46.4710992],[-72.2581429,46.4715881],[-72.2578221,46.4726647],[-72.2572195,46.4739061],[-72.2567173,46.4747077],[-72.2563569,46.475603],[-72.2559099,46.4761244],[-72.2555265,46.4768332],[-72.2550476,46.4772607],[-72.2545832,46.4781957],[-72.2542278,46.4785221],[-72.2539662,46.4790058],[-72.2539048,46.4792465],[-72.2536986,46.4795259],[-72.2536699,46.4803928],[-72.2532021,46.4811559],[-72.2528735,46.4830858],[-72.2526423,46.4837675],[-72.2525999,46.4845833],[-72.2520945,46.4854413],[-72.2518377,46.4861448],[-72.2518146,46.4868231],[-72.2516462,46.4871598],[-72.251692,46.4883976],[-72.2516267,46.489027],[-72.2517145,46.4892207],[-72.2516876,46.4894229],[-72.251325,46.4899661],[-72.2512805,46.4904298],[-72.2510667,46.4906977],[-72.2508535,46.491346],[-72.250862,46.491966],[-72.250736,46.4924277],[-72.2507709,46.4934821],[-72.2503501,46.494514],[-72.2503471,46.4954351],[-72.250107,46.4962856],[-72.24971,46.4970955],[-72.2488489,46.498356],[-72.2479265,46.4990683],[-72.2470158,46.4994796],[-72.2463573,46.4999878],[-72.2461598,46.5002527],[-72.2458561,46.5004414],[-72.2454009,46.5012678],[-72.2441664,46.502489],[-72.2420848,46.5051537],[-72.2413395,46.5062265],[-72.2404994,46.5082517],[-72.2401073,46.5090076],[-72.239888,46.5092414],[-72.2396332,46.5093224],[-72.2395348,46.5101831],[-72.2393669,46.5108361],[-72.2391091,46.5115381],[-72.2388926,46.5117071],[-72.2386967,46.5121697],[-72.2386953,46.5131926],[-72.2388322,46.514847],[-72.2392135,46.5161319],[-72.2396123,46.5168113],[-72.2414099,46.5173381],[-72.2387356,46.5175411],[-72.2381857,46.5177218],[-72.2373723,46.5187492],[-72.237586,46.5191287],[-72.2368654,46.5201937],[-72.2368116,46.5210936],[-72.2367468,46.5211624],[-72.2370745,46.5212185],[-72.237135,46.5213101],[-72.2370854,46.521478],[-72.2360386,46.5222154],[-72.2356271,46.5227461],[-72.234971,46.5232706],[-72.2344292,46.5234064],[-72.2338906,46.5237142],[-72.232804,46.5241181],[-72.2326065,46.5243048],[-72.2324349,46.5247738],[-72.2322645,46.5249865],[-72.2314185,46.5257853],[-72.230361,46.5265674],[-72.2294289,46.5274485],[-72.2289134,46.5282471],[-72.2284231,46.5286434],[-72.2279295,46.5287916],[-72.2280252,46.5293012],[-72.2279393,46.5294596],[-72.2273732,46.5296652],[-72.2270911,46.5299061],[-72.226856,46.5302637],[-72.2265909,46.5309558],[-72.2262256,46.5310706],[-72.226025,46.5312375],[-72.2258464,46.5323037],[-72.2253385,46.5332659],[-72.2251671,46.5339631],[-72.2242663,46.5362595],[-72.2237578,46.5366891],[-72.2225501,46.5372139],[-72.2221883,46.5378811],[-72.2219942,46.5386201],[-72.222081,46.5393746],[-72.2214924,46.539774],[-72.2213117,46.5404119],[-72.2208007,46.5415064],[-72.2200704,46.5422686],[-72.2200043,46.5425938],[-72.2193068,46.5430412],[-72.2188347,46.5437084],[-72.2184664,46.5440317],[-72.2182041,46.5446675],[-72.2178464,46.545022],[-72.2174297,46.5452567],[-72.2171958,46.54551],[-72.216513,46.5453717],[-72.2162003,46.5454145],[-72.2159679,46.5457158],[-72.2158167,46.5454866],[-72.2151989,46.5455077],[-72.215063,46.5456057],[-72.2151191,46.5458579],[-72.2148638,46.5458205],[-72.2146887,46.5458893],[-72.2149578,46.5462822],[-72.2145122,46.5462907],[-72.2143992,46.5466513],[-72.2139084,46.5468193],[-72.2138165,46.5470903],[-72.2136081,46.5471696],[-72.2130143,46.5470447],[-72.2124567,46.546701],[-72.2119627,46.5466209],[-72.2113219,46.5462272],[-72.2097645,46.5461766],[-72.2074733,46.5467162],[-72.2068813,46.5469436],[-72.2063863,46.5476524],[-72.2064092,46.5479911],[-72.2061283,46.5481277],[-72.205604,46.5480779],[-72.2052291,46.5475245],[-72.2050115,46.5473922],[-72.2041943,46.5474758],[-72.2034286,46.5477439],[-72.2032806,46.5478388],[-72.202757,46.548892],[-72.202322,46.550241],[-72.2020097,46.5506147],[-72.202053,46.551116],[-72.200555,46.552859],[-72.2002949,46.5526775],[-72.1997706,46.5525515],[-72.1980649,46.5525196],[-72.1978534,46.5526551],[-72.1970634,46.5527647],[-72.1963609,46.552992],[-72.1950557,46.5531872],[-72.1915329,46.5545207],[-72.1886112,46.5559906],[-72.1869946,46.5565046],[-72.1867197,46.5565286],[-72.1866456,46.5566141],[-72.1863102,46.5566224],[-72.1861395,46.5565307],[-72.1852647,46.5566944],[-72.1823441,46.5576795],[-72.1815902,46.5581027],[-72.1809148,46.5583559],[-72.1804917,46.5586269],[-72.1801578,46.5589876],[-72.18012,46.5591585],[-72.1806066,46.5591512],[-72.1820722,46.5587885],[-72.1828488,46.5583997],[-72.1838506,46.558383],[-72.1849279,46.5581004],[-72.1848765,46.5582203],[-72.1842782,46.5585601],[-72.1837162,46.5587571],[-72.1833808,46.5589937],[-72.1820058,46.559418],[-72.1815102,46.5596702],[-72.1801623,46.559664],[-72.1800248,46.5600184],[-72.1795005,46.5602727],[-72.1789384,46.5609262],[-72.177663,46.5614713],[-72.1767095,46.5621091],[-72.1765523,46.5623728],[-72.1759901,46.5629502],[-72.1754627,46.5633369],[-72.1752693,46.5635912],[-72.1746315,46.5641301],[-72.1738864,46.564993],[-72.1726893,46.5661291],[-72.1724807,46.5663604],[-72.1724822,46.5664845],[-72.172931,46.5665721],[-72.1747537,46.5662637],[-72.1760155,46.5662001],[-72.1779197,46.5657416],[-72.1785303,46.5657093],[-72.1801881,46.5653487],[-72.1811764,46.565357],[-72.1800536,46.5654946],[-72.1795942,46.5656801],[-72.1762724,46.5663617],[-72.1744876,46.5668797],[-72.1726695,46.5672558],[-72.1720075,46.567484],[-72.171329,46.5674131],[-72.1712035,46.5676184],[-72.1712201,46.5677654],[-72.1714739,46.5680593],[-72.1716734,46.568149],[-72.1721177,46.5681688],[-72.1730033,46.568417],[-72.1737756,46.568417],[-72.1748879,46.5685526],[-72.1755589,46.568536],[-72.1768103,46.5682129],[-72.1779982,46.5680065],[-72.1779514,46.568042],[-72.1759655,46.5685745],[-72.1748168,46.568734],[-72.1727358,46.5686046],[-72.1720829,46.5684357],[-72.169089,46.5683363],[-72.1680749,46.568578],[-72.1661583,46.5691854],[-72.1658409,46.5693886],[-72.1654056,46.5695043],[-72.1648977,46.569525],[-72.1636673,46.5700627],[-72.1610387,46.5707616],[-72.1603237,46.5710616],[-72.1595995,46.5715305],[-72.1588074,46.5718962],[-72.1572942,46.572294],[-72.1568452,46.5725868],[-72.1553832,46.5732452],[-72.1547242,46.5732648],[-72.1536839,46.5739087],[-72.1515144,46.5746502],[-72.148554,46.5758052],[-72.1479023,46.5761406],[-72.1474803,46.5764594],[-72.1470917,46.5766156],[-72.146895,46.5769262],[-72.1455038,46.5775552],[-72.1444136,46.5779103],[-72.1440824,46.5781384],[-72.1447398,46.5782992],[-72.1423421,46.5786485],[-72.1417329,46.5785763],[-72.1413866,46.5787815],[-72.1385886,46.578675],[-72.1384345,46.5785019],[-72.1376563,46.5782337],[-72.137629,46.5782837],[-72.1383995,46.5787687],[-72.1384719,46.5789397],[-72.1378732,46.579051],[-72.1378275,46.5793626],[-72.136698,46.5796884],[-72.1354204,46.5798806],[-72.1348928,46.5798866],[-72.134707,46.5797718],[-72.1331862,46.5797773],[-72.1328805,46.5800597],[-72.1330498,46.5801035],[-72.1329771,46.5802369],[-72.1322664,46.5803762],[-72.1320352,46.5803448],[-72.1317558,46.5800726],[-72.1311814,46.5800379],[-72.1307931,46.5798136],[-72.1308119,46.5805892],[-72.1304594,46.5808308],[-72.1301233,46.5812955],[-72.129892,46.5812641],[-72.1291322,46.5807342],[-72.1286657,46.5802232],[-72.1285646,46.5800542],[-72.1286119,46.5797144],[-72.1284565,46.5794173],[-72.1284856,46.5791108],[-72.1283059,46.5789596],[-72.1282858,46.5793255],[-72.128438,46.579755],[-72.1282518,46.5799446],[-72.1280779,46.5799852],[-72.128387,46.5806837],[-72.128311,46.5810256],[-72.1280202,46.581483],[-72.1276861,46.581463],[-72.1274459,46.5812961],[-72.1268441,46.5814636],[-72.1267537,46.5811738],[-72.1263093,46.5811537],[-72.1263736,46.5805043],[-72.1261106,46.5804552],[-72.1260207,46.5810503],[-72.1250171,46.5820556],[-72.1246178,46.5821805],[-72.1241538,46.5821458],[-72.1237202,46.5819287],[-72.1236086,46.5816524],[-72.1234332,46.5817211],[-72.122821,46.581629],[-72.1222117,46.5817089],[-72.1221694,46.5816599],[-72.1222665,46.5814567],[-72.1222047,46.581317],[-72.1214803,46.5814812],[-72.1212693,46.5810078],[-72.1206546,46.5805915],[-72.1205931,46.5802235],[-72.1208836,46.5799944],[-72.120917,46.5799079],[-72.120834,46.5797817],[-72.1206705,46.5800057],[-72.120153,46.5803473],[-72.1201157,46.5810988],[-72.1202602,46.581593],[-72.1201962,46.581938],[-72.120119,46.5820036],[-72.1194325,46.5821491],[-72.1193527,46.5818905],[-72.1191119,46.5821801],[-72.1188337,46.5821841],[-72.118574,46.5820026],[-72.118347,46.582115],[-72.1172299,46.5820632],[-72.1167274,46.5813905],[-72.1163771,46.5811474],[-72.1161915,46.5808804],[-72.1163023,46.5805761],[-72.1150735,46.5804001],[-72.114729,46.5802727],[-72.1142727,46.5791362],[-72.1141368,46.5790058],[-72.1140747,46.5790944],[-72.1142376,46.5793269],[-72.1145372,46.5801944],[-72.1151049,46.5806462],[-72.1154902,46.5807746],[-72.1160065,46.5812701],[-72.1161044,46.5814953],[-72.1159501,46.5816266],[-72.1150006,46.5816468],[-72.1142747,46.5818391],[-72.1139787,46.5816481],[-72.1137132,46.5812748],[-72.1135017,46.5811818],[-72.1134366,46.5812506],[-72.1136265,46.5815853],[-72.1140837,46.5821892],[-72.1139699,46.5824737],[-72.1137171,46.5826841],[-72.1136568,46.5825923],[-72.1137025,46.5823567],[-72.113184,46.5822699],[-72.1127831,46.5824989],[-72.1127274,46.5823227],[-72.1129364,46.5820914],[-72.1124058,46.5820775],[-72.1123961,46.5824746],[-72.112302,46.5826976],[-72.1120358,46.5827808],[-72.1110218,46.5824892],[-72.110676,46.5822378],[-72.110459,46.5818009],[-72.1100907,46.5823999],[-72.1099199,46.5823842],[-72.109725,46.582286],[-72.1098568,46.5821204],[-72.1098191,46.582063],[-72.10936,46.5817917],[-72.1092708,46.5817781],[-72.1091359,46.582],[-72.1089303,46.5820228],[-72.1085269,46.5818515],[-72.1077484,46.5818113],[-72.1072664,46.5816577],[-72.1069014,46.5811633],[-72.1067033,46.5811975],[-72.1066833,46.5814112],[-72.107408,46.5819799],[-72.1074652,46.5821279],[-72.1073573,46.582452],[-72.1068622,46.582904],[-72.1068588,46.5831125],[-72.107107,46.5838716],[-72.1070234,46.5841258],[-72.106471,46.5845059],[-72.1053234,46.5845602],[-72.1049466,46.5847194],[-72.1042739,46.5846876],[-72.1039349,46.5849041],[-72.1028147,46.5848323],[-72.1026474,46.5845319],[-72.1024691,46.5845047],[-72.1023619,46.5843722],[-72.1021017,46.58361],[-72.1019689,46.5834994],[-72.1019005,46.5837005],[-72.1020719,46.5842208],[-72.1021295,46.5850256],[-72.1020402,46.5850881],[-72.1014959,46.5850991],[-72.1013959,46.5852064],[-72.101899,46.5854226],[-72.1006725,46.5855706],[-72.1005696,46.585658],[-72.1008368,46.5858511],[-72.1007927,46.5859824],[-72.0998963,46.5859306],[-72.1003625,46.5864417],[-72.1003344,46.5869483],[-72.1000535,46.5867803],[-72.100024,46.5863539],[-72.0996708,46.5860148],[-72.0993185,46.5860281],[-72.0993342,46.5857466],[-72.0990834,46.5856244],[-72.0983909,46.5856541],[-72.0978469,46.5855129],[-72.0970668,46.5855007],[-72.0965237,46.5856357],[-72.0961137,46.5858052],[-72.0953561,46.5866364],[-72.0950961,46.5874159],[-72.0948126,46.5878086],[-72.0947727,46.5880838],[-72.0945861,46.5884255],[-72.0943197,46.5885847],[-72.0941958,46.5885335],[-72.0945977,46.5879241],[-72.095366,46.5862392],[-72.0956887,46.5858757],[-72.0968192,46.5853222],[-72.0971413,46.5852631],[-72.0981313,46.5853964],[-72.0987997,46.5853605],[-72.0991205,46.5851773],[-72.0990875,46.5850355],[-72.0980716,46.5850002],[-72.0977331,46.5849123],[-72.0969423,46.584945],[-72.0938136,46.5852653],[-72.093732,46.5852631],[-72.0934439,46.5849313],[-72.0930883,46.5850769],[-72.0926198,46.5849743],[-72.0916942,46.5851528],[-72.0907483,46.5848881],[-72.0904051,46.5848847],[-72.0901237,46.5849448],[-72.0897785,46.5851978],[-72.088886,46.5854419],[-72.0888533,46.5851479],[-72.0886979,46.5850029],[-72.0882538,46.5848304],[-72.0880693,46.5848396],[-72.0880133,46.5848917],[-72.0880093,46.5860613],[-72.0887561,46.5868167],[-72.088907,46.5877029],[-72.0887057,46.5877934],[-72.0883917,46.5868268],[-72.0880882,46.5866242],[-72.0878091,46.5870847],[-72.0867593,46.5880208],[-72.0868416,46.5877185],[-72.0870763,46.5875416],[-72.087672,46.5868302],[-72.0876412,46.5849664],[-72.0875658,46.5848516],[-72.0874767,46.584838],[-72.0874082,46.5850391],[-72.0873068,46.5850984],[-72.0869402,46.5847082],[-72.0867871,46.5848873],[-72.0866631,46.5849122],[-72.0864564,46.5847348],[-72.0859424,46.5847155],[-72.0855911,46.5849289],[-72.0857219,46.5852959],[-72.0854679,46.5853061],[-72.0853183,46.5852767],[-72.0852264,46.5850911],[-72.0848627,46.5847968],[-72.0844803,46.5847641],[-72.0842224,46.5844782],[-72.0839148,46.5847885],[-72.083694,46.5847883],[-72.0833163,46.5846711],[-72.082949,46.5846613],[-72.0831339,46.5844239],[-72.0825094,46.5844805],[-72.0821503,46.5841779],[-72.0819341,46.5841693],[-72.0818659,46.5842182],[-72.0819879,46.5844498],[-72.0816703,46.5851572],[-72.081633,46.5856044],[-72.0821565,46.5861115],[-72.0821667,46.586295],[-72.0812035,46.5856831],[-72.0809163,46.5856276],[-72.0809151,46.5855035],[-72.0812509,46.5854194],[-72.0813149,46.5852267],[-72.0812875,46.58462],[-72.0810764,46.5843748],[-72.0807518,46.5841858],[-72.0798657,46.5842411],[-72.079098,46.5840797],[-72.0787938,46.5842576],[-72.0786629,46.5852801],[-72.0786913,46.5854302],[-72.0790555,46.5854963],[-72.0793663,46.5857864],[-72.0788314,46.5856284],[-72.0786,46.585673],[-72.0783151,46.5859416],[-72.0783465,46.5861116],[-72.0786529,46.5863339],[-72.0787776,46.5866614],[-72.0787675,46.5871346],[-72.0789017,46.5879499],[-72.0787867,46.5886149],[-72.078652,46.5886846],[-72.078495,46.5879109],[-72.0784223,46.5866547],[-72.0782026,46.5861979],[-72.0780653,46.5860956],[-72.0782209,46.5855079],[-72.0781608,46.5840266],[-72.0780007,46.5839659],[-72.077562,46.5840614],[-72.0772313,46.5839088],[-72.0767611,46.5839104],[-72.0762538,46.584283],[-72.0760854,46.5845152],[-72.0761031,46.5847102],[-72.0759606,46.5848445],[-72.0759475,46.5852979],[-72.0762498,46.585957],[-72.0764067,46.5867307],[-72.0768755,46.5873379],[-72.0772378,46.5875843],[-72.0772632,46.5877146],[-72.077183,46.5877604],[-72.0766427,46.5873345],[-72.076324,46.5871851],[-72.0761567,46.5869608],[-72.0758335,46.586163],[-72.0752942,46.5853566],[-72.0753384,46.5845686],[-72.0749278,46.5843096],[-72.0754782,46.5842623],[-72.0754672,46.5838026],[-72.0752286,46.5836835],[-72.0745946,46.583909],[-72.0745328,46.5838453],[-72.0748997,46.5834267],[-72.0749577,46.5831943],[-72.0745434,46.5832199],[-72.073743,46.5834973],[-72.0734504,46.5838305],[-72.0734321,46.5845205],[-72.0731936,46.584982],[-72.0729746,46.5848776],[-72.0731325,46.584614],[-72.0730557,46.5838707],[-72.0735105,46.5833417],[-72.0735533,46.5831624],[-72.0724575,46.5830205],[-72.0722582,46.5829306],[-72.0724642,46.5827557],[-72.0730586,46.5826532],[-72.0729683,46.5825155],[-72.0730899,46.5822425],[-72.0726912,46.5820628],[-72.0725842,46.5819303],[-72.0734399,46.5819052],[-72.0734524,46.5817562],[-72.073386,46.5817008],[-72.0719436,46.5817638],[-72.0712173,46.5820319],[-72.0710845,46.5819212],[-72.0710631,46.5814302],[-72.0716992,46.5809484],[-72.0717231,46.5804501],[-72.0713967,46.5797847],[-72.0707302,46.5797162],[-72.0703149,46.578961],[-72.0703111,46.578665],[-72.070673,46.5784069],[-72.0713244,46.5784525],[-72.0715665,46.5783631],[-72.0716515,46.5782329],[-72.0716124,46.577547],[-72.0714915,46.5775156],[-72.0714353,46.5776437],[-72.0714064,46.5783025],[-72.0708111,46.5782048],[-72.0703714,46.5775195],[-72.0707487,46.5771322],[-72.0708735,46.5768029],[-72.0709014,46.5765247],[-72.0705685,46.5760479],[-72.0705935,46.5763304],[-72.0707679,46.5767184],[-72.0706023,46.5770465],[-72.0702947,46.5773568],[-72.0698654,46.5773594],[-72.0697711,46.5770018],[-72.069548,46.5767534],[-72.0694541,46.5768242],[-72.069714,46.5774343],[-72.0703496,46.5777613],[-72.0704491,46.5778823],[-72.0704953,46.5781513],[-72.0704285,46.5782482],[-72.0699669,46.5784613],[-72.0698558,46.5787655],[-72.0699593,46.5791065],[-72.0703494,46.5796553],[-72.0706752,46.5799684],[-72.0713504,46.5801724],[-72.0714055,46.5805008],[-72.0715726,46.5808012],[-72.0708839,46.5811267],[-72.0707005,46.581336],[-72.0706724,46.5816904],[-72.0707969,46.5820939],[-72.0693469,46.5815647],[-72.0688807,46.5817862],[-72.068523,46.5815314],[-72.0677365,46.5817077],[-72.0674508,46.5817],[-72.0674714,46.5813342],[-72.0677248,46.5809718],[-72.0676243,46.5806506],[-72.0674022,46.5806024],[-72.0671815,46.5806021],[-72.0673842,46.5811402],[-72.0672891,46.5816675],[-72.0669608,46.581763],[-72.0665774,46.5815301],[-72.0665782,46.5818063],[-72.06651,46.5818552],[-72.0660161,46.5816983],[-72.0653448,46.5811335],[-72.064676,46.5808168],[-72.0646252,46.5805562],[-72.0643433,46.580264],[-72.0640263,46.5800864],[-72.0635291,46.5789006],[-72.0633659,46.5788962],[-72.0632779,46.5790066],[-72.0633131,46.5793965],[-72.0635053,46.5799033],[-72.0640648,46.58042],[-72.0645303,46.5810074],[-72.0651009,46.5813271],[-72.0653557,46.5815932],[-72.0659357,46.5818201],[-72.0663537,46.5820906],[-72.0667981,46.582111],[-72.0673341,46.5823931],[-72.0675709,46.5826164],[-72.0677326,46.582649],[-72.0680914,46.5830278],[-72.0682329,46.5832739],[-72.0680025,46.5835186],[-72.0679952,46.5840117],[-72.0678571,46.5842137],[-72.0670839,46.5838605],[-72.066521,46.5834762],[-72.0653426,46.5831318],[-72.0646519,46.5830569],[-72.0643201,46.5827802],[-72.0637988,46.5826733],[-72.063395,46.5827301],[-72.0629492,46.5826618],[-72.0625659,46.5829333],[-72.0621443,46.5828713],[-72.0617889,46.5829407],[-72.0615295,46.5826829],[-72.0615026,46.5825807],[-72.0615922,46.5824422],[-72.0614521,46.5822439],[-72.0614544,46.582492],[-72.0613494,46.5827598],[-72.0614865,46.5829382],[-72.0614966,46.5831217],[-72.061005,46.5832128],[-72.0609067,46.5832158],[-72.0610068,46.5831086],[-72.0610042,46.5829366],[-72.0608638,46.5828905],[-72.0606922,46.5825984],[-72.0605484,46.5826848],[-72.0605838,46.5829986],[-72.0601099,46.582704],[-72.0602963,46.5825145],[-72.060118,46.5824872],[-72.0598757,46.5826526],[-72.0597657,46.5825003],[-72.0596764,46.5825627],[-72.0596639,46.5827117],[-72.0601423,46.582998],[-72.0607908,46.5836045],[-72.0607973,46.5839964],[-72.0605187,46.5841524],[-72.0607495,46.5843362],[-72.0608221,46.5848595],[-72.0613056,46.5849852],[-72.0612931,46.5851343],[-72.0611613,46.5852238],[-72.0608496,46.585314],[-72.0601427,46.5850921],[-72.0599249,46.5851117],[-72.0601868,46.5855415],[-72.0599549,46.5857382],[-72.0589922,46.58505],[-72.0582632,46.585146],[-72.0579823,46.5850539],[-72.057741,46.5848388],[-72.0573114,46.5849175],[-72.056868,46.5845166],[-72.055708,46.5846433],[-72.0554859,46.584595],[-72.0553185,46.5844468],[-72.0551082,46.5839732],[-72.0549801,46.5838542],[-72.0549434,46.583997],[-72.0550586,46.5844172],[-72.0548821,46.5847902],[-72.0547581,46.584815],[-72.0540792,46.5848193],[-72.053518,46.5844068],[-72.0530152,46.5841903],[-72.0526344,46.5841293],[-72.0534223,46.5845818],[-72.0536346,46.584875],[-72.0543568,46.5850438],[-72.0543805,46.5852023],[-72.0545714,46.5850806],[-72.0549691,46.5850603],[-72.0550717,46.585125],[-72.0549214,46.5853239],[-72.0548932,46.5856783],[-72.0553876,46.5856831],[-72.0551557,46.5858798],[-72.0546926,46.586045],[-72.0545289,46.5861928],[-72.0544784,46.585856],[-72.0538899,46.585998],[-72.0539024,46.5858489],[-72.0543245,46.5857588],[-72.0543263,46.5856546],[-72.0541872,46.5856565],[-72.0541853,46.5852562],[-72.054046,46.5853342],[-72.0540497,46.5856302],[-72.053644,46.5857913],[-72.0537512,46.5853432],[-72.0535008,46.5851448],[-72.0534985,46.5848967],[-72.0533908,46.5849924],[-72.0533931,46.5852405],[-72.0534819,46.5854064],[-72.0533649,46.5855949],[-72.0530268,46.5859353],[-72.0516839,46.5865474],[-72.0516547,46.5867017],[-72.051878,46.586874],[-72.0511811,46.58734],[-72.0509104,46.5873553],[-72.0506372,46.5871985],[-72.0507332,46.5869474],[-72.0501631,46.58698],[-72.0499022,46.5867503],[-72.0493688,46.5866401],[-72.0488453,46.5862849],[-72.0487778,46.5861055],[-72.0491944,46.5858236],[-72.0492204,46.5857257],[-72.0491999,46.5855109],[-72.0490161,46.5852918],[-72.0487458,46.5851548],[-72.0484526,46.5851356],[-72.0485351,46.585338],[-72.0488069,46.5854468],[-72.048959,46.5856482],[-72.048196,46.5864873],[-72.0479564,46.586244],[-72.0477012,46.5861301],[-72.0476989,46.585882],[-72.0478868,46.5857405],[-72.0477151,46.5855244],[-72.0475808,46.5854419],[-72.0472089,46.5854403],[-72.0458489,46.5857052],[-72.0445217,46.5861119],[-72.0438517,46.5861755],[-72.0418709,46.5867167],[-72.0401859,46.5869232],[-72.0392763,46.5856978],[-72.0391157,46.5857893],[-72.03997,46.586867],[-72.0398052,46.5869415],[-72.0395144,46.5868905],[-72.0391414,46.5864771],[-72.0391663,46.5862564],[-72.0391011,46.5862214],[-72.0389099,46.5863829],[-72.0393472,46.586976],[-72.0397258,46.5870649],[-72.0396414,46.5872342],[-72.0391195,46.587417],[-72.0385194,46.5874914],[-72.0376067,46.5877964],[-72.0372988,46.5881066],[-72.0369731,46.5882979],[-72.0360571,46.5886592],[-72.0355896,46.5887565],[-72.0355031,46.5888387],[-72.0355979,46.5889681],[-72.0356095,46.5891234],[-72.0355352,46.5892088],[-72.0353128,46.5892366],[-72.0350576,46.5891226],[-72.03508,46.5892331],[-72.0352836,46.5893908],[-72.0349195,46.589753],[-72.0347758,46.5897632],[-72.0347462,46.5895651],[-72.0345918,46.5896201],[-72.0343743,46.5895635],[-72.0339014,46.5898973],[-72.0341871,46.5899051],[-72.034214,46.5900073],[-72.0337599,46.5901556],[-72.033526,46.5900281],[-72.0332335,46.590209],[-72.0330407,46.5904349],[-72.0330247,46.5907163],[-72.0327003,46.5909556],[-72.0323278,46.5911061],[-72.0316395,46.5916315],[-72.0311462,46.5917505],[-72.0309453,46.5916887],[-72.0307425,46.5917311],[-72.0309066,46.5919357],[-72.030553,46.5923292],[-72.0302775,46.5928572],[-72.0299366,46.5930256],[-72.0294901,46.5936138],[-72.0290158,46.5938997],[-72.0289317,46.5941539],[-72.028256,46.5945302],[-72.0278125,46.5950621],[-72.0269254,46.5957737],[-72.0262757,46.5964804],[-72.0247898,46.5975788],[-72.0244481,46.5979754],[-72.0240736,46.5982301],[-72.0229462,46.599279],[-72.0224352,46.5996315],[-72.0214789,46.6006202],[-72.0209453,46.6009383],[-72.0197057,46.6020151],[-72.019335,46.6024898],[-72.0185657,46.6031369],[-72.017983,46.6032422],[-72.0179179,46.6036633],[-72.017219,46.6045096],[-72.0167378,46.6049841],[-72.0162665,46.6052137],[-72.0160282,46.6054468],[-72.0160335,46.6056386],[-72.0154307,46.6066623],[-72.0146208,46.6072321],[-72.014047,46.6077492],[-72.0117765,46.6093193],[-72.0073771,46.6121249],[-72.0069077,46.6126025],[-72.0065261,46.6134744],[-72.006397,46.6135836],[-72.0050133,46.6138135],[-72.004683,46.6139369],[-72.0038369,46.6144211],[-72.0024256,46.6154818],[-72.0017947,46.6158507],[-72.0015517,46.6160921],[-72.0006345,46.6165292],[-72.0,46.616667],[-71.999369,46.6166946],[-71.9984103,46.6169304],[-71.9965292,46.6177639],[-71.9960207,46.6177837],[-71.9955283,46.6183029],[-71.9952647,46.6191104],[-71.9949399,46.6197019],[-71.9937981,46.6202709],[-71.9937537,46.6204022],[-71.9932615,46.6208453],[-71.9925439,46.6212963],[-71.9905893,46.622263],[-71.9894193,46.6226818],[-71.9889062,46.6234147],[-71.988379,46.6238963],[-71.9868415,46.6245812],[-71.986404,46.624924],[-71.985665,46.625037],[-71.9852103,46.6245559],[-71.9847116,46.6244068],[-71.9840322,46.6244105],[-71.9834007,46.624503],[-71.9814602,46.6252923],[-71.9804858,46.6255811],[-71.9783959,46.6272457],[-71.9774757,46.6275867],[-71.97528,46.6291666],[-71.9732131,46.630361],[-71.9724517,46.6307148],[-71.9718126,46.6307957],[-71.9715389,46.6310672],[-71.9700973,46.6318532],[-71.967343,46.6336683],[-71.9663326,46.6341477],[-71.9656645,46.634583],[-71.965233,46.6346133],[-71.9644439,46.635017],[-71.9637979,46.6355629],[-71.9620229,46.6363761],[-71.9606463,46.636817],[-71.9601407,46.6371328],[-71.9580311,46.6379253],[-71.9546518,46.6389389],[-71.9542341,46.6392205],[-71.9541836,46.6393121],[-71.9543058,46.6394172],[-71.9549204,46.6395554],[-71.9549321,46.6396347],[-71.9548046,46.6397157],[-71.9540587,46.6397653],[-71.9538489,46.6396439],[-71.9537171,46.6393808],[-71.9518643,46.6393544],[-71.9510341,46.6392042],[-71.9501984,46.6392147],[-71.9481164,46.6396046],[-71.947478,46.6398095],[-71.9470652,46.6400065],[-71.9463614,46.6405563],[-71.9459428,46.64099],[-71.9456297,46.6415085],[-71.9452123,46.6419902],[-71.9444063,46.6426752],[-71.9433037,46.6430446],[-71.9424626,46.6434919],[-71.9418091,46.64395],[-71.9405976,46.6451199],[-71.9399174,46.6454757],[-71.9366535,46.6462523],[-71.9358665,46.6461991],[-71.9356355,46.6460911],[-71.935437,46.6458487],[-71.9350508,46.6458717],[-71.9338247,46.6455608],[-71.9328258,46.6454904],[-71.9312702,46.645627],[-71.9297471,46.6456291],[-71.9285151,46.6458312],[-71.9279024,46.6460141],[-71.9271938,46.6466901],[-71.9263418,46.6472641],[-71.9263389,46.6474907],[-71.9261067,46.6480184],[-71.9258242,46.6511404],[-71.9255675,46.6515307],[-71.9253652,46.651697],[-71.9248585,46.6513359],[-71.9247171,46.6514418],[-71.9250486,46.6517191],[-71.9251654,46.6516829],[-71.9252709,46.6517677],[-71.9252008,46.6518446],[-71.9251467,46.6525452],[-71.924557,46.6534392],[-71.9240209,46.6537088],[-71.9235009,46.6543257],[-71.9226164,46.6548759],[-71.9208063,46.6552222],[-71.9207677,46.6555933],[-71.9203899,46.6562283],[-71.9197573,46.6566728],[-71.9190835,46.656916],[-71.9191,46.6571871],[-71.9178039,46.6571532],[-71.9178676,46.657389],[-71.9182884,46.6576801],[-71.9180349,46.6582904],[-71.9175838,46.658506],[-71.917182,46.6585821],[-71.9163938,46.6589573],[-71.9153335,46.6592233],[-71.9153054,46.6596257],[-71.9148221,46.6598996],[-71.9148074,46.6600768],[-71.9149908,46.6602963],[-71.9147852,46.6609954],[-71.9148397,46.6620007],[-71.9147703,46.6622018],[-71.9141078,46.6628005],[-71.9141305,46.6633115],[-71.9138946,46.6634881],[-71.9137948,46.6637193],[-71.9135222,46.6639625],[-71.9136597,46.6642653],[-71.9145928,46.6647571],[-71.9145387,46.6651813],[-71.9142765,46.6654558],[-71.9135815,46.6659126],[-71.9132709,46.6669274],[-71.9129349,46.667135],[-71.9117433,46.6675382],[-71.91126,46.6678121],[-71.9102278,46.6681522],[-71.9097622,46.6687452],[-71.9092064,46.6692003],[-71.9089399,46.6696833],[-71.908277,46.6717878],[-71.9074534,46.672678],[-71.9072064,46.6731757],[-71.9062627,46.6743586],[-71.9061047,46.6746699],[-71.9051117,46.6759924],[-71.9045934,46.6765049],[-71.9039073,46.6769451],[-71.9037055,46.6772354],[-71.9034177,46.6779322],[-71.9029257,46.6783468],[-71.9024572,46.6791202],[-71.8989823,46.6820525],[-71.8965964,46.6833634],[-71.8948911,46.6839182],[-71.8941688,46.6840723],[-71.8920998,46.6850848],[-71.8915604,46.6855347],[-71.8915185,46.6856857],[-71.887955,46.686269],[-71.8870397,46.6864965],[-71.885687,46.6873151],[-71.8848321,46.6875584],[-71.8841061,46.6882455],[-71.878188,46.6815351],[-71.8780323,46.681437],[-71.8776625,46.6809821],[-71.878045,46.6808162],[-71.8778334,46.6805868],[-71.8769038,46.6809978],[-71.8771163,46.6812206],[-71.8774921,46.6810751],[-71.8781367,46.6818622],[-71.8768707,46.6824229],[-71.8769288,46.682504],[-71.8782446,46.681972],[-71.8792786,46.6831539],[-71.8786042,46.6834399],[-71.8788481,46.6836731],[-71.8787806,46.6837442],[-71.8782434,46.6835848],[-71.8762776,46.6826241],[-71.876203,46.6824883],[-71.8762396,46.6823377],[-71.8766583,46.6818584],[-71.8765276,46.6817893],[-71.8760399,46.6823851],[-71.8760003,46.6825171],[-71.8761272,46.682665],[-71.8786689,46.6838986],[-71.8786212,46.6839942],[-71.8791994,46.6841966],[-71.8808452,46.6850581],[-71.8836894,46.6882337],[-71.8835293,46.6884776],[-71.8835402,46.6887932],[-71.8834639,46.6889781],[-71.8826422,46.6894156],[-71.8817902,46.6894029],[-71.8812585,46.6892223],[-71.8811768,46.6892783],[-71.8818323,46.6897738],[-71.8804236,46.6898696],[-71.8795,46.690138],[-71.8791908,46.689895],[-71.8784196,46.689636],[-71.8776399,46.6895177],[-71.8762075,46.6895526],[-71.8735241,46.6894697],[-71.871991,46.6896117],[-71.8694269,46.6895885],[-71.8678976,46.6893977],[-71.8670263,46.6893697],[-71.8652632,46.6894513],[-71.8645809,46.6892822],[-71.8643146,46.6890122],[-71.8635551,46.6886321],[-71.8633817,46.6887201],[-71.863304,46.6889858],[-71.8631035,46.6890477],[-71.8608243,46.6896614],[-71.8601035,46.6897872],[-71.8594484,46.6900446],[-71.8585052,46.6901216],[-71.8567461,46.6906713],[-71.8559965,46.690799],[-71.8545364,46.6908836],[-71.8533822,46.6905906],[-71.8526896,46.6905903],[-71.85174,46.6907037],[-71.8509546,46.690946],[-71.850205,46.6910737],[-71.8491286,46.6911157],[-71.8482879,46.6914579],[-71.8459887,46.6920566],[-71.8451953,46.6921632],[-71.8436694,46.692116],[-71.843201,46.6919359],[-71.84288,46.6916897],[-71.8420814,46.69128],[-71.8407538,46.6912752],[-71.8392125,46.6908805],[-71.8385742,46.6905319],[-71.8381254,46.6901663],[-71.8375371,46.6900025],[-71.8368325,46.6895984],[-71.8351754,46.6894879],[-71.8333748,46.6895114],[-71.8317219,46.6890682],[-71.8311798,46.6888211],[-71.8288304,46.6881093],[-71.8286271,46.6879511],[-71.827699,46.6876503],[-71.8268096,46.6872548],[-71.825416,46.686994],[-71.8242633,46.6865484],[-71.8240346,46.6865361],[-71.8233204,46.6862247],[-71.8222815,46.6853989],[-71.8206884,46.684523],[-71.8182936,46.6834937],[-71.8173284,46.6829351],[-71.8147729,46.682121],[-71.8142788,46.6817624],[-71.8129802,46.6812307],[-71.8100994,46.6796539],[-71.8093249,46.6793265],[-71.8077163,46.6783794],[-71.807422,46.6782353],[-71.8068881,46.6781237],[-71.8040507,46.6763196],[-71.8018202,46.6752948],[-71.7994134,46.6745382],[-71.7991298,46.6742253],[-71.7972476,46.673597],[-71.7952098,46.672575],[-71.7945408,46.6723323],[-71.7925885,46.6713123],[-71.7913529,46.6705118],[-71.7896716,46.6698346],[-71.7898733,46.6694253],[-71.7895116,46.6693221],[-71.7893886,46.6695164],[-71.7851597,46.6693885],[-71.7832641,46.6691093],[-71.7825462,46.66893],[-71.7808889,46.6687706],[-71.7788242,46.6684467],[-71.7747179,46.6680816],[-71.7734568,46.6676829],[-71.7731923,46.6674607],[-71.7727048,46.6672656],[-71.7719706,46.6672154],[-71.771357,46.667073],[-71.7676487,46.6670888],[-71.7665369,46.6669202],[-71.7643311,46.6672742],[-71.7620645,46.6674882],[-71.7596635,46.6678193],[-71.7586839,46.668086],[-71.7552605,46.6694833],[-71.7539113,46.6702154],[-71.7529065,46.670876],[-71.7517536,46.6713545],[-71.7507309,46.6715239],[-71.7487226,46.6714718],[-71.7479061,46.6716192],[-71.747458,46.672026],[-71.7473436,46.6722819],[-71.7473563,46.6725333],[-71.7473658,46.6726407],[-71.7477013,46.6730344],[-71.7477254,46.6738135],[-71.7481225,46.6747195],[-71.7481702,46.6752567],[-71.7483874,46.6755143],[-71.7488143,46.6756935],[-71.7492734,46.6756905],[-71.7496845,46.6757988],[-71.7505725,46.6763952],[-71.7506425,46.6765186],[-71.7513718,46.6767775],[-71.7516579,46.6771104],[-71.751475,46.6772149],[-71.7515219,46.6773799],[-71.7520891,46.6782543],[-71.7523754,46.6790357],[-71.7524242,46.6796209],[-71.7525525,46.6799886],[-71.7519668,46.6806929],[-71.7512379,46.6810066],[-71.7499163,46.68104],[-71.7480838,46.6807958],[-71.7477666,46.6806932],[-71.7476091,46.6805277],[-71.7485063,46.6806591],[-71.7485026,46.680267],[-71.7484092,46.6800611],[-71.7481632,46.6798055],[-71.7480958,46.6795778],[-71.7474468,46.6787009],[-71.7469246,46.6783362],[-71.74667,46.6783531],[-71.7464298,46.6785088],[-71.745904,46.6786564],[-71.7453421,46.6786058],[-71.7452033,46.6787521],[-71.745325,46.6789471],[-71.7450638,46.679506],[-71.745148,46.679195],[-71.7446124,46.6792157],[-71.7446004,46.6791365],[-71.7440814,46.6794162],[-71.7431085,46.6796368],[-71.7432093,46.6802718],[-71.7436181,46.6808936],[-71.7437985,46.6810117],[-71.7439975,46.6815403],[-71.7439569,46.6819097],[-71.7437307,46.6826076],[-71.7437873,46.682702],[-71.743722,46.6830025],[-71.743498,46.6838012],[-71.7433477,46.6839271],[-71.7432413,46.6845669],[-71.7430665,46.6849311],[-71.7430505,46.6864164],[-71.7432683,46.687484],[-71.7434619,46.6879834],[-71.7437575,46.6884238],[-71.7446499,46.6892123],[-71.7454748,46.689773],[-71.7461032,46.6901389],[-71.7469358,46.6903868],[-71.7477,46.6908076],[-71.7490807,46.6920394],[-71.7491987,46.6923758],[-71.7496074,46.6930368],[-71.7498602,46.69338],[-71.7501042,46.6935397],[-71.7501464,46.693713],[-71.7501427,46.6940936],[-71.7498978,46.6943345],[-71.7496888,46.6947851],[-71.7493819,46.6951622],[-71.7491146,46.6953685],[-71.7479095,46.6956903],[-71.7450412,46.6957363],[-71.7447314,46.6956452],[-71.7438071,46.6956116],[-71.7433424,46.6956991],[-71.7416643,46.6957246],[-71.7400136,46.6960244],[-71.7391143,46.6963695],[-71.7379528,46.6971607],[-71.7372388,46.6980698],[-71.7365332,46.6999354],[-71.7364123,46.7008004],[-71.7360734,46.701484],[-71.736009,46.7018487],[-71.7337852,46.7039249],[-71.7329034,46.7043128],[-71.7329042,46.7042367],[-71.7334586,46.7038389],[-71.7336153,46.7036321],[-71.7341643,46.7033187],[-71.7345637,46.7026511],[-71.7339064,46.703184],[-71.7322147,46.704055],[-71.7317031,46.7044259],[-71.7311901,46.7046247],[-71.7300839,46.705316],[-71.7293445,46.7052738],[-71.7283389,46.70561],[-71.727138,46.7064958],[-71.7241222,46.7081247],[-71.7220217,46.7094796],[-71.7207436,46.709906],[-71.7182966,46.7104633],[-71.7159497,46.7108656],[-71.7146058,46.7114847],[-71.7132662,46.7125438],[-71.7122867,46.7131063],[-71.7119153,46.7135237],[-71.7113977,46.7138548],[-71.7111684,46.7141665],[-71.7110122,46.7148698],[-71.7104592,46.7163845],[-71.7101512,46.7169618],[-71.7101488,46.717887],[-71.7104801,46.7185374],[-71.7113962,46.719657],[-71.7115736,46.7200856],[-71.7114483,46.7208828],[-71.7114456,46.7215597],[-71.7112868,46.7223673],[-71.7108932,46.7229984],[-71.7100998,46.7237245],[-71.7078065,46.7244273],[-71.7067582,46.7245899],[-71.7060944,46.7249588],[-71.7053809,46.7250188],[-71.7048573,46.7251861],[-71.7038499,46.7253499],[-71.702723,46.7252054],[-71.7019499,46.7252973],[-71.7010211,46.7257682],[-71.7009861,46.7260548],[-71.7014581,46.7263034],[-71.7018261,46.7266391],[-71.7019157,46.7269014],[-71.7018726,46.7273768],[-71.701762,46.7275003],[-71.7011268,46.7277432],[-71.7006226,46.7278011],[-71.7002187,46.7277041],[-71.6990891,46.7276638],[-71.6977896,46.7272064],[-71.696516,46.7266032],[-71.6952869,46.7265175],[-71.6944018,46.7263125],[-71.6927677,46.7269027],[-71.6913945,46.7278957],[-71.6910311,46.7283725],[-71.6909861,46.7298211],[-71.691084,46.7300188],[-71.691438,46.7303795],[-71.6920554,46.7307906],[-71.6925423,46.7310622],[-71.693003,46.7311074],[-71.6939485,46.7320251],[-71.6944429,46.7323083],[-71.6949824,46.7329088],[-71.6955382,46.7339527],[-71.6955256,46.7350948],[-71.6953324,46.736237],[-71.6953636,46.7375243],[-71.6954735,46.738422],[-71.6954482,46.7390644],[-71.6956445,46.7402443],[-71.6954236,46.7404066],[-71.695465,46.7407011],[-71.6952045,46.7407947],[-71.694922,46.7413329],[-71.6930683,46.7424076],[-71.6929542,46.7427116],[-71.6930119,46.7430564],[-71.6933478,46.7436432],[-71.6943034,46.7439496],[-71.6947179,46.7441687],[-71.6953445,46.7442533],[-71.6957168,46.7444044],[-71.6963906,46.7444868],[-71.6970785,46.7443546],[-71.6974845,46.7441516],[-71.6977889,46.7436759],[-71.6978212,46.7434756],[-71.6975864,46.7425298],[-71.6975896,46.7420963],[-71.6981511,46.741486],[-71.6992785,46.7411006],[-71.7000418,46.7410113],[-71.7012085,46.7409953],[-71.7018113,46.7411722],[-71.7032986,46.7418412],[-71.7039327,46.7419659],[-71.7041664,46.7420829],[-71.7047183,46.7423998],[-71.7047812,46.7425185],[-71.7059465,46.7433762],[-71.7072952,46.7450705],[-71.7080661,46.7458938],[-71.7082324,46.7463883],[-71.7095351,46.7475431],[-71.7100125,46.7478016],[-71.7101129,46.7480522],[-71.7105338,46.7484073],[-71.710574,46.7485422],[-71.7104577,46.7485966],[-71.7106591,46.7487833],[-71.710107,46.7490005],[-71.7100596,46.7487876],[-71.7099911,46.7486961],[-71.709866,46.7487234],[-71.7097952,46.7485431],[-71.7098914,46.7483423],[-71.7097784,46.7481217],[-71.7093206,46.7476478],[-71.7082512,46.7467901],[-71.7072392,46.7455096],[-71.7061704,46.7444177],[-71.7054793,46.7435869],[-71.7038875,46.7425109],[-71.7035599,46.7424019],[-71.7014905,46.7418039],[-71.7004991,46.7416352],[-71.6999511,46.7416851],[-71.6994601,46.7419587],[-71.6991789,46.7423266],[-71.6989254,46.7429598],[-71.6988837,46.7434655],[-71.6987851,46.7436527],[-71.6983545,46.7441201],[-71.6974835,46.7445195],[-71.6960637,46.7445626],[-71.6943164,46.7440963],[-71.6938791,46.7441392],[-71.6931534,46.7436707],[-71.6930225,46.743286],[-71.6928241,46.7431112],[-71.6928233,46.7424803],[-71.6932966,46.7420596],[-71.6943541,46.7415652],[-71.6944422,46.7414676],[-71.6943758,46.7413588],[-71.694606,46.7411066],[-71.6945078,46.7410347],[-71.6945607,46.7408121],[-71.6947131,46.7407751],[-71.6947753,46.7406701],[-71.6945818,46.7405978],[-71.6945817,46.7401659],[-71.6945059,46.73966],[-71.6944004,46.7394594],[-71.6944279,46.7392835],[-71.6942829,46.7391948],[-71.6942145,46.738953],[-71.6942807,46.7387182],[-71.6941625,46.7378852],[-71.6937633,46.7370831],[-71.6937249,46.7360325],[-71.6939608,46.7347392],[-71.693976,46.7341896],[-71.6937582,46.7333112],[-71.6935586,46.7328481],[-71.6931625,46.732314],[-71.6926411,46.7320046],[-71.6917857,46.7318458],[-71.6911182,46.7315742],[-71.6905854,46.7310613],[-71.690109,46.7301242],[-71.6900654,46.7284613],[-71.6901796,46.7281573],[-71.6903783,46.7277516],[-71.690986,46.7269861],[-71.6926977,46.7258342],[-71.6932863,46.7255505],[-71.6959984,46.7255407],[-71.6967337,46.7257156],[-71.6975035,46.7260524],[-71.6979306,46.7261078],[-71.6985692,46.7263813],[-71.6987751,46.7265597],[-71.6988907,46.7268002],[-71.6990537,46.7268813],[-71.6997647,46.7270498],[-71.7000059,46.7271898],[-71.7002031,46.7271846],[-71.7010523,46.7269313],[-71.7011703,46.7268193],[-71.700139,46.7265281],[-71.6998866,46.7263088],[-71.6999517,46.7254956],[-71.700434,46.7250788],[-71.7017018,46.7248215],[-71.7042986,46.7248192],[-71.705769,46.7244721],[-71.7072347,46.7240092],[-71.7083229,46.7237999],[-71.7100987,46.7229798],[-71.7106822,46.722456],[-71.7108798,46.7221264],[-71.7109251,46.7212984],[-71.7107697,46.7206562],[-71.7100731,46.7188691],[-71.7098213,46.7184496],[-71.7095847,46.7176046],[-71.7095814,46.7166398],[-71.7098374,46.716106],[-71.7098355,46.7154374],[-71.7099289,46.7150708],[-71.7102017,46.714656],[-71.7105827,46.7137735],[-71.7110163,46.7132198],[-71.7111284,46.712944],[-71.7117265,46.7123191],[-71.7130582,46.7115728],[-71.7145568,46.710527],[-71.7154548,46.7102102],[-71.716609,46.7101806],[-71.7179367,46.709939],[-71.7194759,46.7093428],[-71.7202484,46.7091266],[-71.7212689,46.7086894],[-71.7224302,46.7079745],[-71.7229079,46.7078141],[-71.7241333,46.7070588],[-71.7252484,46.7065512],[-71.7256821,46.7062457],[-71.7265,46.7054497],[-71.7270127,46.7051268],[-71.7318998,46.7032754],[-71.7336962,46.7022412],[-71.734153,46.701894],[-71.7345715,46.7014413],[-71.7351434,46.7000653],[-71.7356249,46.6981789],[-71.7362213,46.697506],[-71.7365391,46.69696],[-71.737196,46.6963029],[-71.7381998,46.6956705],[-71.7389411,46.6953601],[-71.7412262,46.6948172],[-71.7444886,46.6947607],[-71.7450472,46.6946789],[-71.7468908,46.6946302],[-71.7486225,46.6943986],[-71.749014,46.6942551],[-71.7493145,46.6940204],[-71.7492978,46.6937157],[-71.7490577,46.6934817],[-71.7465988,46.6925878],[-71.7455831,46.6919959],[-71.7450257,46.691353],[-71.7440996,46.6908991],[-71.7437314,46.6904396],[-71.7437007,46.6900212],[-71.7427504,46.6891126],[-71.7420613,46.6881582],[-71.7417566,46.6874101],[-71.7416953,46.6865734],[-71.7418002,46.6861659],[-71.7418593,46.6833632],[-71.7419801,46.6831969],[-71.7420685,46.6826749],[-71.7420283,46.6813649],[-71.741843,46.6811231],[-71.7413458,46.6810717],[-71.7411503,46.6809248],[-71.7408725,46.6800862],[-71.7405344,46.6794894],[-71.7406936,46.6792378],[-71.7412615,46.6787522],[-71.7415114,46.6782865],[-71.741716,46.6775441],[-71.7420108,46.6770299],[-71.7427119,46.6766532],[-71.745105,46.676317],[-71.7454783,46.6765324],[-71.7457358,46.6765742],[-71.7458008,46.676727],[-71.7465374,46.6768967],[-71.7471543,46.6771821],[-71.7484672,46.6786358],[-71.7485815,46.6790285],[-71.7491204,46.6801531],[-71.7493682,46.6803805],[-71.7502634,46.680416],[-71.7505856,46.68031],[-71.7508937,46.680105],[-71.7513851,46.6795952],[-71.7512382,46.6780397],[-71.7508394,46.6776103],[-71.7504025,46.6771995],[-71.7496747,46.6767883],[-71.7484,46.6765384],[-71.7480622,46.6763731],[-71.7472999,46.6754758],[-71.7471682,46.6751644],[-71.7470934,46.674601],[-71.7468117,46.6741356],[-71.7466425,46.6733183],[-71.7463022,46.6728089],[-71.7464517,46.6711692],[-71.7463504,46.6711521],[-71.7465018,46.6707054],[-71.7464639,46.6703997],[-71.7455426,46.6685924],[-71.7422732,46.6687897],[-71.7423065,46.6695521],[-71.7416186,46.6698669],[-71.7407019,46.6700451],[-71.7399947,46.6700208],[-71.7398031,46.6699417],[-71.7386435,46.6700081],[-71.7373827,46.669609],[-71.7340108,46.668844],[-71.7319323,46.6688684],[-71.7293597,46.6690582],[-71.72886,46.669184],[-71.7278872,46.6692137],[-71.7245138,46.669049],[-71.7235537,46.6688816],[-71.7221421,46.6688527],[-71.719075,46.6689595],[-71.7176081,46.6691544],[-71.7168323,46.6691787],[-71.7158337,46.6693541],[-71.7150099,46.6696138],[-71.7132486,46.6699887],[-71.71271,46.6702091],[-71.7117597,46.6703972],[-71.7101113,46.6704201],[-71.7093678,46.6703861],[-71.707849,46.670052],[-71.7057615,46.6690715],[-71.7045122,46.6687512],[-71.7038106,46.6686422],[-71.7024456,46.668654],[-71.7016997,46.6688482],[-71.7003632,46.6686098],[-71.7002224,46.6681909],[-71.7003301,46.6681717],[-71.7002947,46.668086],[-71.7000838,46.6681162],[-71.7001996,46.6686048],[-71.6996042,46.6687529],[-71.6988636,46.6687386],[-71.6977938,46.6684942],[-71.6970365,46.6684851],[-71.6956898,46.6682152],[-71.6943508,46.6682051],[-71.6941398,46.6681112],[-71.6936149,46.6673618],[-71.6933277,46.667305],[-71.6931327,46.6674061],[-71.6927643,46.6678432],[-71.6917856,46.6693501],[-71.6914756,46.6697072],[-71.6903649,46.6702821],[-71.6894378,46.6705525],[-71.6865761,46.6709607],[-71.6850515,46.6712831],[-71.6827766,46.6723043],[-71.6812096,46.6731499],[-71.6799899,46.673696],[-71.6773876,46.674707],[-71.6750348,46.6749726],[-71.6747085,46.6748863],[-71.6744121,46.6749702],[-71.6741928,46.6749409],[-71.6741211,46.6748456],[-71.6714595,46.6748195],[-71.6697375,46.6748986],[-71.6675686,46.6751077],[-71.6665502,46.675392],[-71.665399,46.6760134],[-71.665138,46.6764311],[-71.6635979,46.6781714],[-71.6602802,46.6791455],[-71.6598946,46.6793394],[-71.659206,46.6797777],[-71.6580289,46.6814136],[-71.6567149,46.6825741],[-71.6549603,46.6835799],[-71.6542335,46.6840367],[-71.6541424,46.6841749],[-71.6529406,46.6846874],[-71.6522416,46.6848461],[-71.650021,46.6850222],[-71.6463195,46.684348],[-71.6458027,46.6843544],[-71.6454588,46.6842252],[-71.6446705,46.6836252],[-71.644545,46.6833533],[-71.6441956,46.6830603],[-71.6440506,46.6826496],[-71.6438981,46.6825997],[-71.6438572,46.6828467],[-71.6439511,46.6831006],[-71.6442801,46.6833309],[-71.6442764,46.6836354],[-71.6445171,46.6840237],[-71.6453528,46.6844645],[-71.644993,46.6853812],[-71.6441982,46.6869273],[-71.6436442,46.6876207],[-71.643211,46.6879738],[-71.642405,46.6880755],[-71.6420368,46.6883122],[-71.6414046,46.6889468],[-71.6412085,46.6889999],[-71.640857,46.6893555],[-71.6405456,46.6895404],[-71.6402806,46.6896421],[-71.6398186,46.6895007],[-71.6392886,46.6900764],[-71.6390739,46.6900386],[-71.6389902,46.6903124],[-71.638371,46.6902535],[-71.6383022,46.6904262],[-71.6380094,46.6905778],[-71.6377593,46.6905785],[-71.6366538,46.6908681],[-71.6364353,46.6911349],[-71.6361955,46.6910427],[-71.6354201,46.6912384],[-71.6346159,46.6913119],[-71.633634,46.6919016],[-71.6334573,46.6920935],[-71.6328706,46.6923486],[-71.6319416,46.6929428],[-71.631659,46.6930016],[-71.6310324,46.6929312],[-71.6304215,46.6931799],[-71.6301164,46.6934524],[-71.6280383,46.6940668],[-71.626758,46.6940237],[-71.6263963,46.6940997],[-71.6263238,46.6942046],[-71.6261396,46.6942609],[-71.6255185,46.6943542],[-71.6232853,46.6944023],[-71.622443,46.694246],[-71.6213895,46.6943679],[-71.6201874,46.6943836],[-71.619704,46.6942555],[-71.6191674,46.6943711],[-71.6186236,46.6943511],[-71.61842,46.6942685],[-71.6183686,46.6946082],[-71.6182393,46.6947649],[-71.6166263,46.6959607],[-71.6158047,46.6969079],[-71.6141893,46.6973392],[-71.6125861,46.6976495],[-71.6094607,46.6979766],[-71.6068349,46.6980062],[-71.6063356,46.6979311],[-71.6043297,46.6972752],[-71.6035408,46.6967509],[-71.6029463,46.6962017],[-71.6026433,46.6960736],[-71.6021217,46.6960881],[-71.6019189,46.6961776],[-71.601419,46.696723],[-71.6009445,46.6970747],[-71.5997762,46.6975002],[-71.5993959,46.6974853],[-71.598747,46.69738],[-71.597259,46.6968898],[-71.5968046,46.6966356],[-71.5963002,46.6961485],[-71.5943718,46.6953792],[-71.5921375,46.6955027],[-71.5891981,46.6950761],[-71.5869494,46.6954727],[-71.5856852,46.6959203],[-71.5851933,46.6959807],[-71.5845129,46.6958923],[-71.5841778,46.6960837],[-71.5831365,46.6960843],[-71.5822269,46.6968648],[-71.5815677,46.6970755],[-71.5804431,46.6971745],[-71.5792065,46.6971518],[-71.578839,46.6973121],[-71.5787415,46.6972385],[-71.5777565,46.6974355],[-71.5763393,46.6975368],[-71.5759007,46.6974376],[-71.5753371,46.6968982],[-71.5750598,46.6969501],[-71.5744564,46.6974504],[-71.5742397,46.6973613],[-71.5736283,46.6977053],[-71.5736476,46.6978006],[-71.5734534,46.6979549],[-71.5727351,46.6982703],[-71.5721961,46.6986621],[-71.5721193,46.6989473],[-71.5717982,46.6991486],[-71.5698906,46.6999506],[-71.5696946,46.6998794],[-71.5686111,46.6999546],[-71.5677931,46.7003487],[-71.5664618,46.7012368],[-71.5659661,46.7017737],[-71.5657736,46.7017704],[-71.5655054,46.7019761],[-71.5651829,46.7023776],[-71.5647602,46.7026856],[-71.5641684,46.703369],[-71.5634374,46.7039294],[-71.5631503,46.7042925],[-71.5612941,46.7057194],[-71.5602821,46.7063103],[-71.5596922,46.706421],[-71.5594338,46.7063619],[-71.5582168,46.70665],[-71.5577389,46.7065612],[-71.5573556,46.7066504],[-71.5565581,46.7064385],[-71.5564553,46.7062011],[-71.5561584,46.7058643],[-71.5559948,46.705859],[-71.5555038,46.7062635],[-71.5554418,46.7065718],[-71.5552238,46.7067623],[-71.55466,46.7068513],[-71.5537157,46.7074696],[-71.5534504,46.7075711],[-71.5532524,46.707528],[-71.552679,46.7077578],[-71.551998,46.7083028],[-71.551395,46.7084864],[-71.5507254,46.7088626],[-71.5501476,46.7093968],[-71.5487569,46.7103646],[-71.5473505,46.710841],[-71.5468309,46.7107029],[-71.54657,46.7104999],[-71.5455343,46.7111321],[-71.5449584,46.7112179],[-71.5445903,46.7110818],[-71.5433223,46.7116332],[-71.5424857,46.711812],[-71.5421736,46.7119966],[-71.5405138,46.7125775],[-71.5388479,46.713367],[-71.5378676,46.7137274],[-71.537354,46.713801],[-71.537252,46.7140318],[-71.5370852,46.7141308],[-71.5350744,46.7144464],[-71.5340076,46.714392],[-71.5336404,46.7143039],[-71.5332449,46.7143898],[-71.5327699,46.714617],[-71.5317039,46.7146106],[-71.5313789,46.7147439],[-71.5303815,46.7145168],[-71.5302071,46.714308],[-71.53005,46.7142662],[-71.5297679,46.7143727],[-71.5293793,46.714298],[-71.5286997,46.7145185],[-71.528044,46.7151658],[-71.5260996,46.7152887],[-71.5248899,46.7154637],[-71.5243321,46.715344],[-71.5232782,46.7153407],[-71.521982,46.7158175],[-71.5217006,46.7156758],[-71.5215411,46.71549],[-71.5214861,46.7152174],[-71.5212666,46.7151877],[-71.5209689,46.7152231],[-71.5203929,46.7156049],[-71.5194096,46.715649],[-71.5190545,46.7155641],[-71.5179999,46.7161051],[-71.5169476,46.7161977],[-71.5164277,46.7164798],[-71.5157257,46.7163694],[-71.5145518,46.7163818],[-71.5140081,46.7165333],[-71.5135002,46.7168186],[-71.5130072,46.7168307],[-71.5124778,46.7165369],[-71.5119949,46.7165803],[-71.5115561,46.7168171],[-71.5115436,46.716938],[-71.511194,46.7171889],[-71.5105489,46.717323],[-71.5087634,46.7174592],[-71.5078388,46.7177195],[-71.5076065,46.7176385],[-71.5070269,46.7176562],[-71.5068293,46.7177851],[-71.5067058,46.7180294],[-71.5060108,46.7183508],[-71.5057636,46.718543],[-71.5046246,46.7189373],[-71.5042458,46.7190179],[-71.5013906,46.7190794],[-71.5007162,46.7193394],[-71.4997873,46.7194838],[-71.499192,46.7197267],[-71.4988311,46.7200958],[-71.4988271,46.7202691],[-71.4986076,46.7205974],[-71.4986656,46.7207348],[-71.4986346,46.7210576],[-71.4985716,46.721082],[-71.4977062,46.7211562],[-71.4973791,46.7213175],[-71.4971281,46.7212698],[-71.496925,46.721359],[-71.4965028,46.7212943],[-71.4950678,46.7216957],[-71.4943685,46.721605],[-71.494087,46.7217594],[-71.4935658,46.7218212],[-71.4917424,46.7226161],[-71.4906554,46.7229668],[-71.4900072,46.7229087],[-71.4884618,46.7231851],[-71.4869167,46.7236335],[-71.48586,46.7233137],[-71.485461,46.7230354],[-71.4852509,46.7229889],[-71.4844234,46.723619],[-71.4834791,46.7238643],[-71.4830454,46.7241406],[-71.4822088,46.7241948],[-71.4816676,46.7243659],[-71.4815729,46.724312],[-71.4813397,46.7244792],[-71.4793984,46.7243727],[-71.4788315,46.7244415],[-71.478723,46.7245846],[-71.4784587,46.7246097],[-71.4778393,46.7245497],[-71.4775853,46.72431],[-71.4770364,46.7242974],[-71.4766722,46.7244011],[-71.4763157,46.7246883],[-71.4757977,46.7246458],[-71.4756401,46.724728],[-71.4747186,46.7245875],[-71.4746237,46.7248298],[-71.4745305,46.7248719],[-71.474205,46.7248329],[-71.4737242,46.7250201],[-71.4729963,46.7251032],[-71.4729021,46.7253935],[-71.4725192,46.7255303],[-71.4717321,46.7255212],[-71.4711802,46.725785],[-71.4697451,46.7258898],[-71.4690973,46.7261758],[-71.4679036,46.7261729],[-71.4678644,46.7259713],[-71.4675493,46.7261358],[-71.4675098,46.7262304],[-71.4671569,46.7262892],[-71.4658456,46.7261497],[-71.4656779,46.7262006],[-71.4656103,46.7263451],[-71.4651615,46.7264261],[-71.4644992,46.7263928],[-71.4639217,46.7265542],[-71.4634573,46.7265642],[-71.4630763,46.7266728],[-71.463006,46.7267974],[-71.4617787,46.7268046],[-71.46134,46.726917],[-71.4611356,46.7270823],[-71.4607376,46.7270239],[-71.4605158,46.7273184],[-71.4600636,46.7273316],[-71.4598268,46.7274309],[-71.4577089,46.7272673],[-71.4576743,46.7275258],[-71.4578554,46.7280425],[-71.457769,46.7280715],[-71.457584,46.7275821],[-71.4572434,46.7272653],[-71.4564744,46.727435],[-71.456341,46.7275237],[-71.4563357,46.7276561],[-71.45555,46.7277428],[-71.4553542,46.7278435],[-71.4542551,46.7278943],[-71.4537976,46.7280399],[-71.4517327,46.7278808],[-71.4515509,46.7279565],[-71.4515524,46.7280525],[-71.4510177,46.728187],[-71.4495365,46.7279542],[-71.4490635,46.7280287],[-71.4481747,46.7276576],[-71.4481616,46.7272622],[-71.4480061,46.7274883],[-71.4474703,46.7278711],[-71.446992,46.728078],[-71.4463473,46.7282596],[-71.4450181,46.7283732],[-71.4444881,46.7284994],[-71.4437429,46.7288835],[-71.4426223,46.7289476],[-71.4409973,46.7294124],[-71.4402807,46.7294505],[-71.4395129,46.7292837],[-71.4389412,46.7293605],[-71.4383086,46.7297174],[-71.4380983,46.7303113],[-71.4379796,46.730423],[-71.437108,46.7305631],[-71.4362081,46.7305809],[-71.4356757,46.7302188],[-71.4356613,46.7297274],[-71.4356002,46.7296633],[-71.4351344,46.7295771],[-71.4348049,46.7295943],[-71.4345762,46.7297531],[-71.4343937,46.7297808],[-71.4337716,46.7297007],[-71.4334945,46.7298466],[-71.4329463,46.7298818],[-71.4328175,46.7299621],[-71.432815,46.7302865],[-71.4323702,46.7306553],[-71.4318291,46.7315146],[-71.4309847,46.7323694],[-71.4299668,46.7328911],[-71.4284799,46.7334308],[-71.4256104,46.7339071],[-71.4243534,46.7338676],[-71.4229459,46.7335776],[-71.4221191,46.7334905],[-71.4214306,46.7336507],[-71.4205978,46.7341644],[-71.4198516,46.7343283],[-71.4146584,46.7345849],[-71.4140027,46.7346869],[-71.4128934,46.7350501],[-71.4124585,46.7351059],[-71.410643,46.7348979],[-71.4096249,46.7354193],[-71.4082081,46.7354899],[-71.4066068,46.7352721],[-71.4043793,46.734686],[-71.4026606,46.7343315],[-71.3998955,46.734376],[-71.396938,46.7339004],[-71.3950665,46.7331032],[-71.3939592,46.7328948],[-71.3932958,46.732678],[-71.3929311,46.7328109],[-71.3918611,46.7329328],[-71.3906168,46.7333622],[-71.3893744,46.7336858],[-71.3883376,46.7337125],[-71.3842152,46.7344834],[-71.3829312,46.7345892],[-71.3807963,46.734601],[-71.3796406,46.7347506],[-71.3773024,46.7346793],[-71.3733608,46.7338532],[-71.3725369,46.7336134],[-71.3712948,46.7334242],[-71.3709607,46.7332773],[-71.3703575,46.7331636],[-71.3699693,46.7334804],[-71.3687084,46.7340608],[-71.3684464,46.7342776],[-71.3681451,46.7342447],[-71.3671112,46.7346946],[-71.3670539,46.7349184],[-71.3664779,46.735051],[-71.3641727,46.7349212],[-71.3635955,46.7349578],[-71.3624755,46.7354611],[-71.3617051,46.7360103],[-71.3608718,46.7363514],[-71.3600629,46.7365267],[-71.3592652,46.7368295],[-71.356391,46.7381444],[-71.3565445,46.7382907],[-71.3561545,46.7382914],[-71.3559926,46.7384298],[-71.3551271,46.7387048],[-71.3544585,46.7393195],[-71.354245,46.739377],[-71.3535504,46.7398413],[-71.3531073,46.7404017],[-71.3523645,46.7418096],[-71.3521247,46.7418888],[-71.3519524,46.7417757],[-71.3520341,46.7413862],[-71.3518156,46.7416242],[-71.3514572,46.7416429],[-71.3514395,46.7417721],[-71.351857,46.7418457],[-71.3520715,46.7420563],[-71.351784,46.7427349],[-71.3508888,46.7435281],[-71.3500086,46.7441721],[-71.3494705,46.7444584],[-71.3492113,46.7445228],[-71.348618,46.7444403],[-71.3485205,46.7445385],[-71.3478009,46.744556],[-71.347694,46.7446709],[-71.3478884,46.7448187],[-71.3474425,46.7459236],[-71.3468496,46.7464534],[-71.3469442,46.7465074],[-71.3467802,46.7466739],[-71.3455757,46.7472024],[-71.3446658,46.747408],[-71.3439037,46.7475002],[-71.3434388,46.7472895],[-71.3431868,46.7472987],[-71.3428802,46.7474858],[-71.3427517,46.7476599],[-71.342704,46.748068],[-71.342224,46.7481398],[-71.3424004,46.7476233],[-71.3423359,46.7473123],[-71.3416611,46.7468415],[-71.3395518,46.7468307],[-71.3379115,46.7465821],[-71.3365166,46.7465141],[-71.3347811,46.7471135],[-71.3331556,46.7472311],[-71.3319111,46.7474627],[-71.3305754,46.7479662],[-71.3283223,46.7484275],[-71.3270938,46.7485121],[-71.32597,46.7490965],[-71.3248247,46.749091],[-71.3230115,46.7488539],[-71.3210106,46.7499052],[-71.3186583,46.749929],[-71.317749,46.7496956],[-71.3175197,46.7497211],[-71.3162202,46.7502856],[-71.3151314,46.7501516],[-71.3137236,46.7498119],[-71.3126355,46.749424],[-71.312242,46.7491366],[-71.3118046,46.749],[-71.3080285,46.7497657],[-71.3057192,46.7499588],[-71.3038534,46.7499839],[-71.3031152,46.7498622],[-71.301955,46.7492546],[-71.3018972,46.7490661],[-71.30146,46.7491496],[-71.3011911,46.7490104],[-71.3010508,46.748743],[-71.3000408,46.7488544],[-71.2996718,46.7490137],[-71.2989142,46.7488771],[-71.2979133,46.7483115],[-71.2974087,46.7481951],[-71.295366,46.7480618],[-71.2935287,46.7480902],[-71.2931223,46.7479236],[-71.2927698,46.7478997],[-71.2916996,46.7481184],[-71.2910961,46.7484508],[-71.2881963,46.7490759],[-71.2859725,46.7497474],[-71.283234,46.7507851],[-71.2802511,46.7522514],[-71.277314,46.7533552],[-71.2753709,46.7539213],[-71.2733958,46.7548166],[-71.2720712,46.7551447],[-71.2717736,46.755124],[-71.2715694,46.7549676],[-71.2713232,46.7551314],[-71.2720726,46.7556563],[-71.268039,46.7582194],[-71.2664857,46.7593946],[-71.2625735,46.7633767],[-71.2614846,46.7642611],[-71.2603174,46.7650382],[-71.2521859,46.7694548],[-71.2502579,46.7702951],[-71.2494176,46.7705909],[-71.2491767,46.7704237],[-71.248582,46.7703234],[-71.2482503,46.7704439],[-71.248148,46.7708069],[-71.2444504,46.7714541],[-71.2435611,46.7717279],[-71.2428937,46.7721896],[-71.2423379,46.7729686],[-71.2420232,46.7725526],[-71.2420072,46.7723046],[-71.2416669,46.7723609],[-71.2421507,46.7731612],[-71.241818,46.7740886],[-71.2418605,46.7742702],[-71.2420805,46.7745279],[-71.2420504,46.7751423],[-71.2410723,46.7752605],[-71.2410196,46.775866],[-71.2411046,46.7763995],[-71.2421726,46.7763797],[-71.2422113,46.7773321],[-71.2420503,46.7779893],[-71.2418339,46.7784866],[-71.2415104,46.7790517],[-71.2404405,46.7801521],[-71.2401866,46.7805903],[-71.2392028,46.7817827],[-71.2384947,46.7818122],[-71.238189,46.7819272],[-71.2365494,46.7828266],[-71.2361415,46.7827967],[-71.2344577,46.7823826],[-71.2343284,46.7824172],[-71.2342871,46.782501],[-71.234353,46.7825818],[-71.2345477,46.7826511],[-71.2372447,46.7833247],[-71.2371407,46.7836006],[-71.2359059,46.7851663],[-71.2344523,46.785281],[-71.2336124,46.7838942],[-71.2337554,46.7836121],[-71.2341588,46.7831488],[-71.233951,46.7828956],[-71.2337587,46.7828313],[-71.2337021,46.7828968],[-71.2337812,46.7831913],[-71.2332169,46.7838776],[-71.2342108,46.785418],[-71.2337083,46.7870495],[-71.2329851,46.787741],[-71.2327432,46.787788],[-71.2321481,46.7876005],[-71.2295306,46.7882809],[-71.2274187,46.7886439],[-71.2271202,46.7887892],[-71.2260658,46.7889763],[-71.2255331,46.7892195],[-71.2265395,46.7923113],[-71.2198693,46.7955231],[-71.2198075,46.7954602],[-71.2199883,46.7953697],[-71.21985,46.7952281],[-71.2178572,46.7961926],[-71.2180031,46.7963256],[-71.2181708,46.7962378],[-71.2182333,46.7963067],[-71.2142504,46.7982764],[-71.2146623,46.7986694],[-71.2146371,46.7987436],[-71.2144808,46.7989793],[-71.2138835,46.7993057],[-71.2131384,46.7995749],[-71.2126291,46.7995494],[-71.2126729,46.7994757],[-71.2123341,46.799088],[-71.2127691,46.7986506],[-71.2127228,46.7986173],[-71.2118519,46.7994023],[-71.2117591,46.7994559],[-71.2115215,46.7993522],[-71.210836,46.7999678],[-71.2106009,46.8004218],[-71.2104343,46.8004802],[-71.2105277,46.8006258],[-71.2104943,46.8007504],[-71.2102155,46.8008742],[-71.210255,46.8009766],[-71.2096887,46.801299],[-71.2087325,46.8020195],[-71.2080779,46.8023044],[-71.2068567,46.8034072],[-71.2066741,46.803463],[-71.2057292,46.8042806],[-71.2050537,46.8049101],[-71.2040236,46.8061978],[-71.2038513,46.8061511],[-71.2037037,46.8064243],[-71.2040051,46.8065192],[-71.2038945,46.8067279],[-71.2035822,46.8066261],[-71.2029581,46.8075749],[-71.2028259,46.8076577],[-71.2025285,46.8086287],[-71.2025748,46.8087295],[-71.2017345,46.8109704],[-71.2019694,46.8110101],[-71.2019099,46.8111667],[-71.2018173,46.8111491],[-71.2014393,46.8123757],[-71.201126,46.8124161],[-71.2009652,46.8135636],[-71.200156,46.8135939],[-71.2000086,46.8139263],[-71.1996751,46.8164777],[-71.1994359,46.8167045],[-71.1988242,46.818519],[-71.198963,46.8186136],[-71.1999375,46.8188211],[-71.2023068,46.8185058],[-71.2025168,46.8189401],[-71.2031158,46.8188497],[-71.2028439,46.8180263],[-71.2032993,46.8179609],[-71.203395,46.8182453],[-71.2035489,46.8182202],[-71.2034517,46.817932],[-71.2040365,46.817849],[-71.2041742,46.8182603],[-71.2043734,46.8182761],[-71.2040993,46.817428],[-71.2049019,46.8175309],[-71.2047598,46.8181505],[-71.2050041,46.8181726],[-71.2051446,46.8175551],[-71.2056042,46.8176035],[-71.205507,46.8179966],[-71.2057616,46.8180079],[-71.2059488,46.8172078],[-71.2062824,46.8172453],[-71.2061143,46.8180183],[-71.2063775,46.8180446],[-71.2069173,46.8185112],[-71.2076754,46.8185631],[-71.2080046,46.8183753],[-71.2102109,46.8185223],[-71.210199,46.818622],[-71.2102825,46.8186745],[-71.2115184,46.818777],[-71.2115614,46.8188558],[-71.2114325,46.819041],[-71.211507,46.8192158],[-71.2114596,46.819376],[-71.2100255,46.8195262],[-71.2098367,46.8196472],[-71.2073464,46.8199079],[-71.2069531,46.8198839],[-71.2068868,46.8201597],[-71.2070558,46.8202404],[-71.2070181,46.8202781],[-71.2068436,46.8201937],[-71.2038809,46.8205174],[-71.2039166,46.8206684],[-71.2036905,46.8206946],[-71.2031886,46.8190223],[-71.2030485,46.8190062],[-71.2025469,46.8191089],[-71.2030857,46.8207545],[-71.2028064,46.8207784],[-71.2027894,46.8206311],[-71.1984497,46.8210979],[-71.1984033,46.8208465],[-71.1991548,46.8193149],[-71.1986774,46.8191858],[-71.1985364,46.8192293],[-71.1965459,46.823353],[-71.1967696,46.8234018],[-71.1958511,46.8253159],[-71.1972064,46.8251732],[-71.1973114,46.824957],[-71.1978531,46.8248198],[-71.1979621,46.8248435],[-71.1978968,46.8249969],[-71.1980583,46.8250303],[-71.1992705,46.8225189],[-71.2010459,46.8223598],[-71.2127772,46.8219797],[-71.2130222,46.8217234],[-71.2134136,46.8217043],[-71.2139739,46.8214997],[-71.2151661,46.8209711],[-71.2153667,46.8209664],[-71.2162019,46.8205457],[-71.2190327,46.8201962],[-71.2231757,46.8189614],[-71.2244323,46.8187936],[-71.2251075,46.8187905],[-71.2253962,46.8185236],[-71.2255379,46.818535],[-71.2255008,46.8187388],[-71.2253161,46.8187611],[-71.226441,46.8188887],[-71.2272292,46.8191015],[-71.228496,46.8196441],[-71.2291312,46.8200888],[-71.2297378,46.8203597],[-71.2329472,46.8224881],[-71.2339553,46.8229989],[-71.2354138,46.8235176],[-71.235803,46.8235765],[-71.2365683,46.8236],[-71.2374509,46.8234313],[-71.2378015,46.8233213],[-71.2383958,46.8229553],[-71.2389488,46.8222662],[-71.2389849,46.8217527],[-71.2390333,46.8216215],[-71.2391187,46.8216381],[-71.2393914,46.8207614],[-71.2388595,46.8192163],[-71.23883,46.8188585],[-71.2390025,46.8187237],[-71.2389642,46.8181082],[-71.239065,46.8177403],[-71.239582,46.8168259],[-71.2397081,46.8166769],[-71.2399744,46.8166838],[-71.2401953,46.8164894],[-71.2402601,46.8163977],[-71.2402188,46.8161578],[-71.2403324,46.8160303],[-71.2405593,46.8160082],[-71.2412244,46.8154648],[-71.2422655,46.8150301],[-71.2455015,46.8144548],[-71.245505,46.8145342],[-71.2451363,46.8146641],[-71.2462478,46.8145797],[-71.2463595,46.8146378],[-71.2453464,46.8148188],[-71.2454935,46.8149105],[-71.2460342,46.8150118],[-71.2467391,46.8149487],[-71.2468804,46.8148952],[-71.2468673,46.8147511],[-71.2481985,46.8143718],[-71.2491505,46.8139962],[-71.2503247,46.8132638],[-71.2505814,46.8128436],[-71.2509688,46.812487],[-71.251488,46.8122761],[-71.2517775,46.8120088],[-71.2516898,46.8119604],[-71.2517682,46.8118894],[-71.251871,46.8119193],[-71.2520044,46.8117716],[-71.2527896,46.8106811],[-71.253144,46.8104114],[-71.256621,46.8087161],[-71.2578657,46.8082108],[-71.2595791,46.8077749],[-71.2605548,46.8078052],[-71.2619075,46.8080679],[-71.2636258,46.8082065],[-71.2639984,46.8082036],[-71.2648437,46.8079411],[-71.265709,46.8078517],[-71.2686097,46.8079339],[-71.2697588,46.8088052],[-71.2700821,46.8094249],[-71.2701824,46.8099914],[-71.2700102,46.8109929],[-71.270009,46.811537],[-71.2701426,46.8120958],[-71.2703029,46.8122937],[-71.2708612,46.812649],[-71.2712398,46.812727],[-71.2720573,46.8127361],[-71.2734022,46.8126762],[-71.2748517,46.8124817],[-71.275889,46.8120807],[-71.276738,46.8114472],[-71.2768027,46.811187],[-71.2767175,46.809575],[-71.2777814,46.8083196],[-71.27895,46.8075901],[-71.2808971,46.8070602],[-71.2820131,46.8070345],[-71.2846788,46.8071761],[-71.2869361,46.8074473],[-71.2872442,46.8076162],[-71.287564,46.8079605],[-71.2875787,46.8082037],[-71.2870387,46.8088531],[-71.2869053,46.8095868],[-71.2872273,46.8100945],[-71.2877191,46.8104577],[-71.2879883,46.8106176],[-71.2885598,46.8106814],[-71.2897584,46.8103492],[-71.2920974,46.8090819],[-71.2929594,46.8087678],[-71.293299,46.8087345],[-71.2954572,46.8091798],[-71.2959929,46.8092183],[-71.2971594,46.8089851],[-71.2976404,46.8090671],[-71.2981462,46.8092316],[-71.2985884,46.8095321],[-71.2987484,46.8098022],[-71.2991963,46.8101167],[-71.3005114,46.8099733],[-71.3007882,46.8098808],[-71.3007421,46.8094428],[-71.3008233,46.809107],[-71.3011834,46.8087449],[-71.3022243,46.8084944],[-71.3036714,46.8088549],[-71.3043352,46.8086519],[-71.3047504,46.8078139],[-71.3048228,46.8072797],[-71.305,46.8069823],[-71.3053941,46.8068391],[-71.3067783,46.8072247],[-71.3072943,46.807609],[-71.3073952,46.8081911],[-71.3073736,46.8084804],[-71.3071944,46.8089604],[-71.3069417,46.8092084],[-71.3062154,46.8095783],[-71.3049177,46.8099479],[-71.3045756,46.8101816],[-71.3045606,46.8105508],[-71.3046349,46.8107143],[-71.3049415,46.8109593],[-71.3052055,46.8110588],[-71.3060539,46.8108175],[-71.3063711,46.8105022],[-71.3067493,46.810359],[-71.3067171,46.8102048],[-71.3069666,46.8100451],[-71.3073689,46.8101663],[-71.3075293,46.8103473],[-71.3080844,46.8105786],[-71.308487,46.8106449],[-71.3090019,46.8104135],[-71.309115,46.8100121],[-71.308873,46.8097911],[-71.3089777,46.809648],[-71.3088754,46.8094113],[-71.3089809,46.8091525],[-71.3093157,46.8088878],[-71.3092918,46.8085189],[-71.308873,46.8083041],[-71.3086718,46.8076707],[-71.3090515,46.8073626],[-71.3103061,46.8070271],[-71.3111824,46.807153],[-71.3116893,46.8073623],[-71.3117781,46.8075166],[-71.3113595,46.8078911],[-71.3114641,46.8080122],[-71.3114524,46.8081406],[-71.3118909,46.8083648],[-71.3126069,46.8089761],[-71.3126468,46.8095928],[-71.3128275,46.8098397],[-71.313151,46.8100796],[-71.3131618,46.8102537],[-71.3133659,46.8105105],[-71.3137119,46.8106129],[-71.3146686,46.8105728],[-71.3155919,46.8106661],[-71.3160748,46.8105015],[-71.3158898,46.8099288],[-71.3154551,46.809411],[-71.3155678,46.808987],[-71.3157317,46.8089246],[-71.3163409,46.8088583],[-71.3172522,46.8089044],[-71.317769,46.8091168],[-71.3181856,46.8094468],[-71.3182985,46.8097525],[-71.3174856,46.8110054],[-71.3174436,46.8113552],[-71.3175332,46.8122855],[-71.3174011,46.8126438],[-71.317366,46.8137461],[-71.3172327,46.8138915],[-71.3170875,46.8144562],[-71.3171104,46.8147591],[-71.3173336,46.8150773],[-71.3190488,46.8157381],[-71.3197406,46.816115],[-71.3197718,46.8163052],[-71.3194438,46.8169064],[-71.3190498,46.8172314],[-71.3190706,46.8191798],[-71.3194424,46.8202174],[-71.3199455,46.8221516],[-71.3201695,46.8226246],[-71.3208304,46.8231449],[-71.3213244,46.823306],[-71.3245215,46.8237875],[-71.3254011,46.824127],[-71.3261476,46.8245402],[-71.3264882,46.824966],[-71.3267968,46.8249696],[-71.3269819,46.8250664],[-71.3275781,46.8250584],[-71.3281034,46.8250174],[-71.3283171,46.8248966],[-71.3291534,46.8250656],[-71.3294686,46.825224],[-71.3299711,46.8256805],[-71.3304107,46.8258942],[-71.3311693,46.8266139],[-71.331874,46.827042],[-71.3322834,46.8271803],[-71.3325124,46.8273661],[-71.3325814,46.8278822],[-71.3325348,46.8280133],[-71.3322966,46.8280644],[-71.3311025,46.8274669],[-71.330311,46.8274367],[-71.3301522,46.8274708],[-71.3300719,46.8276119],[-71.3300943,46.8278668],[-71.330462,46.8283481],[-71.3305139,46.8286491],[-71.3306688,46.8288916],[-71.3312854,46.8294013],[-71.3318502,46.8302225],[-71.3319568,46.830452],[-71.3319647,46.830904],[-71.3315801,46.8312125],[-71.3315656,46.8314096],[-71.3321016,46.8318403],[-71.332666,46.8318287],[-71.3330845,46.8317303],[-71.3333399,46.831502],[-71.3347501,46.8312289],[-71.3368425,46.8313012],[-71.3372617,46.8312507],[-71.3375801,46.8310585],[-71.3379851,46.831033],[-71.3387342,46.8311379],[-71.3396324,46.8313975],[-71.3399214,46.8315514],[-71.3415236,46.8315785],[-71.3421652,46.8311856],[-71.3427534,46.8309603],[-71.3438876,46.8308046],[-71.3441802,46.8308542],[-71.3442658,46.8311451],[-71.3441782,46.8312748],[-71.3432869,46.8317635],[-71.3428746,46.8321699],[-71.3423705,46.8323699],[-71.3424429,46.8325615],[-71.3428438,46.8329846],[-71.3430417,46.8333725],[-71.3430447,46.8336126],[-71.3423339,46.8338817],[-71.3414336,46.8340426],[-71.3411636,46.8342478],[-71.3410494,46.8345713],[-71.3410675,46.8350547],[-71.3412553,46.8354112],[-71.341542,46.8357655],[-71.3419464,46.8360843],[-71.3420457,46.8363023],[-71.342059,46.8367939],[-71.3423631,46.8381481],[-71.343002,46.8392752],[-71.342874,46.8396244],[-71.3424951,46.8396935],[-71.3428418,46.8395061],[-71.3428183,46.8390688],[-71.3425672,46.8388439],[-71.3425634,46.8391205],[-71.342374,46.8397971],[-71.3416721,46.8407863],[-71.3416967,46.8414054],[-71.3418187,46.841706],[-71.3421574,46.841969],[-71.3423098,46.8421916],[-71.3424235,46.8426048],[-71.3426801,46.8428649],[-71.343565,46.8431975],[-71.3438042,46.8434146],[-71.3439008,46.8436127],[-71.343877,46.8438265],[-71.3436202,46.844131],[-71.3435747,46.8443581],[-71.3437118,46.8445096],[-71.3441399,46.8447869],[-71.3455078,46.8447606],[-71.3459463,46.8448971],[-71.3470796,46.8461669],[-71.3473077,46.846649],[-71.3473756,46.8476338],[-71.3477582,46.8483104],[-71.347881,46.8490514],[-71.3484664,46.849543],[-71.3485535,46.8497577],[-71.3485566,46.8499978],[-71.348155,46.8508761],[-71.3481124,46.8515155],[-71.3479704,46.8519369],[-71.3480392,46.8527975],[-71.3482366,46.8531374],[-71.3486076,46.8534663],[-71.3489146,46.8538834],[-71.3497641,46.8552113],[-71.3505,46.8549966],[-71.3512335,46.8549823],[-71.3515026,46.8550734],[-71.3517452,46.8553584],[-71.3519127,46.8554319],[-71.3524076,46.8552485],[-71.3528725,46.8547986],[-71.353195,46.8547222],[-71.3537534,46.854795],[-71.3540592,46.855116],[-71.3543109,46.8551642],[-71.3548335,46.8548829],[-71.3552702,46.8548753],[-71.3554546,46.8549437],[-71.3554235,46.855317],[-71.3555922,46.8555683],[-71.3558131,46.8558547],[-71.3562425,46.8561593],[-71.3590804,46.8562961],[-71.3605626,46.8566829],[-71.3615917,46.8574736],[-71.3621618,46.8584598],[-71.3625498,46.8587836],[-71.3629123,46.8593447],[-71.362847,46.8600219],[-71.3627505,46.8602254],[-71.3627701,46.8605076],[-71.3627013,46.8606041],[-71.3627691,46.860804],[-71.3629487,46.8608807],[-71.3636471,46.8607916],[-71.3643669,46.8602263],[-71.3652573,46.8598162],[-71.3659153,46.8600425],[-71.3666012,46.8604495],[-71.3671827,46.861067],[-71.3675242,46.8616922],[-71.3675992,46.8620759],[-71.36769,46.8621863],[-71.3681745,46.8623158],[-71.3685549,46.8622356],[-71.3687944,46.8622805],[-71.369202,46.8626191],[-71.3692297,46.8632581],[-71.3692882,46.8633024],[-71.3702475,46.8631856],[-71.3705571,46.86323],[-71.3708483,46.8635279],[-71.3705232,46.8635846],[-71.3704745,46.8637439],[-71.3700861,46.8637645],[-71.3696885,46.8635794],[-71.3696348,46.8634046],[-71.3692793,46.8635393],[-71.3693806,46.8639013],[-71.3696186,46.8641946],[-71.3699213,46.8651846],[-71.3701848,46.8655803],[-71.3706799,46.8659614],[-71.371161,46.8661953],[-71.3724102,46.8664525],[-71.3737956,46.8664207],[-71.3739948,46.8665122],[-71.3743753,46.8671688],[-71.3744308,46.8675377],[-71.3743587,46.8684253],[-71.3745371,46.8685231],[-71.3753445,46.8684967],[-71.3753296,46.8685721],[-71.3751693,46.8685247],[-71.3747831,46.8686127],[-71.3741911,46.8685306],[-71.3735039,46.8691944],[-71.3733805,46.8693624],[-71.3733904,46.8694842],[-71.3732736,46.8695596],[-71.3733609,46.8701283],[-71.3736023,46.8706179],[-71.3736121,46.870949],[-71.3737764,46.8713965],[-71.3741575,46.8718078],[-71.3745912,46.8719789],[-71.3749381,46.8722953],[-71.3749517,46.8729592],[-71.3746308,46.8735242],[-71.3743038,46.8738039],[-71.3739249,46.8738333],[-71.3734396,46.8736558],[-71.3732695,46.8733903],[-71.373453,46.8730154],[-71.3740351,46.8726084],[-71.3740996,46.8723447],[-71.3741694,46.8723688],[-71.3741773,46.8726441],[-71.3737744,46.8731892],[-71.3737307,46.8733622],[-71.3738331,46.8735294],[-71.3740015,46.8735776],[-71.3741719,46.8735591],[-71.3743772,46.8733963],[-71.3747121,46.8726607],[-71.3747183,46.8723566],[-71.3743759,46.8721086],[-71.3740891,46.8720349],[-71.3725941,46.8727996],[-71.3721955,46.8731492],[-71.3718992,46.8736654],[-71.3713683,46.8742481],[-71.371405,46.8744185],[-71.3720996,46.874425],[-71.3727771,46.8747355],[-71.3727033,46.8749968],[-71.3731544,46.8758285],[-71.373314,46.8763552],[-71.3732005,46.8767093],[-71.3729679,46.8769847],[-71.3727433,46.8770681],[-71.371878,46.877191],[-71.3715607,46.8770656],[-71.3711608,46.8767051],[-71.3708119,46.8765846],[-71.3701049,46.8765453],[-71.3696824,46.8766761],[-71.3696155,46.876848],[-71.3705555,46.8773791],[-71.3709246,46.8779347],[-71.3709267,46.8784621],[-71.3706911,46.8785678],[-71.370831,46.8787392],[-71.370709,46.878831],[-71.3701798,46.8788044],[-71.3701234,46.8785597],[-71.3703363,46.878406],[-71.3701237,46.8782153],[-71.36973,46.8782385],[-71.3697009,46.8785018],[-71.3698918,46.8787812],[-71.3696189,46.8794968],[-71.3692614,46.8794874],[-71.3692743,46.8793664],[-71.369463,46.8792063],[-71.3694381,46.8791077],[-71.3692238,46.8791047],[-71.3689491,46.8792509],[-71.369183,46.8800752],[-71.3686653,46.8804286],[-71.3683611,46.8803678],[-71.3683416,46.8802385],[-71.368516,46.8801113],[-71.368108,46.8801171],[-71.3680756,46.8802233],[-71.3683611,46.8805867],[-71.3684252,46.8808513],[-71.3681889,46.8810724],[-71.3675404,46.881254],[-71.3674494,46.8814679],[-71.367785,46.8820119],[-71.3678846,46.8820577],[-71.3680581,46.8820259],[-71.3681501,46.8815419],[-71.3682527,46.8814456],[-71.3688189,46.8813622],[-71.3696703,46.8814622],[-71.3702753,46.8816129],[-71.370604,46.8817897],[-71.371031,46.8817913],[-71.3707013,46.8819081],[-71.3705219,46.8822939],[-71.3700996,46.8826302],[-71.3696345,46.8826782],[-71.3688773,46.8825894],[-71.3688452,46.8827093],[-71.3690101,46.8829162],[-71.3690821,46.8832231],[-71.3689871,46.8834336],[-71.3687599,46.8836122],[-71.3673414,46.8839756],[-71.3671427,46.8839371],[-71.367088,46.883846],[-71.3672421,46.8837604],[-71.367649,46.8837672],[-71.3673453,46.8836823],[-71.3668211,46.8836961],[-71.3666681,46.8837807],[-71.3665849,46.8840246],[-71.3662098,46.8844451],[-71.365382,46.8845674],[-71.3650653,46.8848625],[-71.3650422,46.8850134],[-71.3659053,46.8852336],[-71.3660828,46.8854049],[-71.3660972,46.88554],[-71.3659766,46.8857613],[-71.3656265,46.8858797],[-71.3653855,46.8862396],[-71.3651836,46.8862849],[-71.3651155,46.8862487],[-71.3651168,46.8860931],[-71.3650209,46.8860563],[-71.3645296,46.8862353],[-71.3641876,46.8861429],[-71.364034,46.8859638],[-71.3639503,46.8855908],[-71.3637664,46.8855142],[-71.3635401,46.8855852],[-71.3631673,46.88587],[-71.3631458,46.8859299],[-71.3632915,46.8860469],[-71.3640172,46.8863263],[-71.3641339,46.8866803],[-71.3638601,46.8869301],[-71.3630558,46.8871187],[-71.3631586,46.887394],[-71.3638639,46.8878163],[-71.3645459,46.8877737],[-71.3649072,46.887666],[-71.3653116,46.8877996],[-71.3655105,46.8879775],[-71.365676,46.8883843],[-71.3656665,46.8885712],[-71.365529,46.8888135],[-71.3649927,46.8888575],[-71.3649076,46.888815],[-71.3648815,46.8884715],[-71.3647091,46.8884063],[-71.3646548,46.8882932],[-71.3639935,46.888452],[-71.3635583,46.8888837],[-71.3633962,46.8892325],[-71.3635873,46.8894466],[-71.3635744,46.8895675],[-71.363399,46.8898309],[-71.3630347,46.8899739],[-71.3627558,46.8897795],[-71.3626885,46.8895628],[-71.3628063,46.8895144],[-71.3631688,46.8896781],[-71.3632857,46.8896308],[-71.3633429,46.8894214],[-71.3631537,46.8892598],[-71.362831,46.8893032],[-71.3623295,46.8891788],[-71.3617669,46.8893334],[-71.3618684,46.8895233],[-71.3623947,46.8898119],[-71.3627046,46.8900987],[-71.3627851,46.8904569],[-71.3627033,46.8906402],[-71.3624234,46.8907485],[-71.3621786,46.8907112],[-71.3619598,46.890466],[-71.3617515,46.8905315],[-71.3613913,46.8908703],[-71.3610077,46.8909714],[-71.3606393,46.8908555],[-71.3604856,46.890729],[-71.3605779,46.8902217],[-71.3604634,46.8901528],[-71.360256,46.8901739],[-71.3597787,46.8906287],[-71.3592277,46.8906074],[-71.3589807,46.8903787],[-71.3587599,46.8897359],[-71.3582865,46.8896182],[-71.3571768,46.8900853],[-71.3561232,46.8907215],[-71.355915,46.891042],[-71.3558639,46.8912686],[-71.3559438,46.8914458],[-71.3561835,46.8913718],[-71.3567622,46.8914321],[-71.3571461,46.8916184],[-71.3572289,46.8918624],[-71.3577647,46.8919948],[-71.3578902,46.8922898],[-71.3576706,46.8929141],[-71.3573704,46.8930516],[-71.3569918,46.8930127],[-71.3567406,46.8927279],[-71.3568049,46.8925278],[-71.3570185,46.8924559],[-71.3573802,46.8926567],[-71.3575052,46.892647],[-71.3576338,46.8925265],[-71.3576322,46.8922102],[-71.3571429,46.8919211],[-71.3564936,46.8921181],[-71.356263,46.8920644],[-71.3561887,46.8919384],[-71.3564436,46.8919697],[-71.3568836,46.891857],[-71.3569522,46.8917725],[-71.3569228,46.89166],[-71.3565005,46.8915046],[-71.3561019,46.8915109],[-71.355868,46.8916374],[-71.3557923,46.8915352],[-71.3555615,46.8918004],[-71.3556002,46.8919798],[-71.3557464,46.8920891],[-71.3562473,46.8922093],[-71.356394,46.8923965],[-71.3563992,46.8924883],[-71.3559282,46.8929694],[-71.3558881,46.8934704],[-71.3560326,46.8937684],[-71.3563218,46.8942223],[-71.3565485,46.8943599],[-71.3570691,46.8944526],[-71.3583128,46.8941196],[-71.3588191,46.8941254],[-71.3592863,46.8943655],[-71.3592928,46.8945619],[-71.3584972,46.8946536],[-71.3582783,46.8948181],[-71.3581321,46.8953182],[-71.3581467,46.8958124],[-71.3583596,46.8963969],[-71.3584986,46.8964798],[-71.3587749,46.8965355],[-71.3605377,46.8962249],[-71.3610843,46.8963082],[-71.3616202,46.896664],[-71.3620917,46.8966943],[-71.3624219,46.8965706],[-71.3627986,46.8958685],[-71.3631759,46.8957205],[-71.3638617,46.8956931],[-71.3652982,46.8959907],[-71.3657069,46.8962052],[-71.3657754,46.8964532],[-71.3660627,46.8968075],[-71.3660713,46.8969151],[-71.3656745,46.897613],[-71.3651247,46.8976959],[-71.3644331,46.8974633],[-71.3643596,46.8975681],[-71.3644772,46.8978771],[-71.3647659,46.8981552],[-71.3648995,46.8985833],[-71.36468,46.8991659],[-71.3642027,46.8994404],[-71.3642529,46.8997697],[-71.3644987,46.8999023],[-71.3647658,46.9001938],[-71.364628,46.900559],[-71.3641288,46.9006267],[-71.3633751,46.900454],[-71.3631359,46.9004572],[-71.3630118,46.9005772],[-71.3631261,46.9008183],[-71.3637165,46.9012535],[-71.3643819,46.9020725],[-71.3645392,46.9024591],[-71.3645426,46.9030917],[-71.3644165,46.9032399],[-71.3640667,46.9032901],[-71.3637737,46.9032405],[-71.36359,46.9030479],[-71.3633374,46.9029517],[-71.3627083,46.9028793],[-71.3625835,46.9029513],[-71.3625981,46.9031466],[-71.3626964,46.9032686],[-71.3626598,46.9034311],[-71.3621825,46.9037056],[-71.3621721,46.9040187],[-71.3625397,46.9042318],[-71.3629507,46.9042458],[-71.3630035,46.9040302],[-71.3632962,46.9036873],[-71.3637444,46.9035868],[-71.363931,46.9036271],[-71.3640407,46.9037042],[-71.3640786,46.9042025],[-71.3643174,46.9045439],[-71.3651636,46.9045784],[-71.3654296,46.9047739],[-71.3658418,46.904884],[-71.3659838,46.9050272],[-71.3660264,46.9055172],[-71.3653737,46.9060511],[-71.3654909,46.9061398],[-71.3662615,46.9063074],[-71.3670828,46.9062874],[-71.3680407,46.9065432],[-71.3686974,46.9068621],[-71.3690051,46.907107],[-71.3690299,46.9071615],[-71.3687934,46.9071845],[-71.3690917,46.907446],[-71.3701445,46.9077558],[-71.3706146,46.9080344],[-71.3708226,46.9082335],[-71.3708836,46.9086422],[-71.3702272,46.9094528],[-71.3699137,46.909685],[-71.3703099,46.9096759],[-71.3705962,46.9097619],[-71.371613,46.9106268],[-71.3718552,46.911036],[-71.3718633,46.9118326],[-71.3730629,46.9124495],[-71.3736572,46.9126082],[-71.3741259,46.912963],[-71.3756042,46.9132618],[-71.3762421,46.9136139],[-71.3766812,46.9139226],[-71.3769734,46.9142685],[-71.37703,46.9143411],[-71.3769423,46.9144708],[-71.377188,46.9147757],[-71.3777051,46.9145787],[-71.3778216,46.9146193],[-71.3779031,46.9147464],[-71.3778039,46.9149209],[-71.3779567,46.9151435],[-71.3777753,46.9153152],[-71.3779194,46.9154303],[-71.3779031,46.9156556],[-71.3780156,46.9157526],[-71.3780619,46.915966],[-71.3787752,46.9165296],[-71.3795429,46.9173661],[-71.3806093,46.9181197],[-71.381594,46.9190906],[-71.3834111,46.920121],[-71.3838013,46.9201963],[-71.3842272,46.9204057],[-71.3851744,46.9210986],[-71.3870908,46.9221266],[-71.3881695,46.9230555],[-71.3888434,46.9233692],[-71.3882798,46.9235252],[-71.3883362,46.9239422],[-71.3888047,46.9239044],[-71.3892254,46.9237295],[-71.3895387,46.924014],[-71.3895616,46.9240967],[-71.3889864,46.9244697],[-71.3891401,46.9245681],[-71.3889391,46.9247251],[-71.3889613,46.924932],[-71.389305,46.9251385],[-71.3897188,46.9251723],[-71.3897113,46.925333],[-71.3895353,46.9255445],[-71.3894778,46.9261129],[-71.3890229,46.9271593],[-71.387963,46.9276232],[-71.3860552,46.9277844],[-71.3853601,46.9280488],[-71.3848035,46.9287331],[-71.3846321,46.9291085],[-71.3845378,46.930184],[-71.3840562,46.9306873],[-71.3836165,46.9308954],[-71.3832212,46.9313451],[-71.3831036,46.9317732],[-71.3828546,46.9321375],[-71.382863,46.9327619],[-71.3827347,46.9331105],[-71.3831031,46.9337161],[-71.383651,46.934178],[-71.383754,46.9344639],[-71.3836952,46.9345919],[-71.3833573,46.9348176],[-71.3830553,46.9348327],[-71.3829453,46.9349279],[-71.3829715,46.9350784],[-71.3837077,46.9351599],[-71.3843899,46.935361],[-71.3850413,46.9352475],[-71.3852672,46.9351451],[-71.3853765,46.9350019],[-71.38628,46.9349366],[-71.386708,46.9351177],[-71.386693,46.9356114],[-71.3869207,46.9358253],[-71.3870488,46.9358212],[-71.3875925,46.9354301],[-71.3877685,46.9353909],[-71.3882184,46.9348696],[-71.3882483,46.934399],[-71.3881223,46.9342027],[-71.3881215,46.9330731],[-71.3882587,46.9324875],[-71.3883659,46.9323726],[-71.3886033,46.9322253],[-71.3893941,46.9322352],[-71.3896644,46.9323742],[-71.3900593,46.9327858],[-71.3909208,46.9330155],[-71.3911163,46.9331633],[-71.3912941,46.9336127],[-71.3910895,46.9343908],[-71.3911956,46.9352614],[-71.3911778,46.9360797],[-71.3908464,46.9367858],[-71.3907177,46.938168],[-71.3912542,46.9386748],[-71.3910477,46.940735],[-71.3913758,46.9415594],[-71.3914881,46.9421732],[-71.3916404,46.9425201],[-71.3921009,46.9427673],[-71.3921094,46.9433917],[-71.3922381,46.9436078],[-71.3924586,46.9438102],[-71.3927405,46.9435599],[-71.3933111,46.9433674],[-71.3936678,46.9436252],[-71.3939879,46.9440455],[-71.3942434,46.944506],[-71.394343,46.9450685],[-71.3947341,46.9451919],[-71.3953571,46.9456451],[-71.3959881,46.9463301],[-71.3975888,46.9475223],[-71.3983535,46.9478984],[-71.3988486,46.9477246],[-71.399701,46.9479128],[-71.3999108,46.9476911],[-71.400393,46.9474081],[-71.4007883,46.9473028],[-71.4011289,46.9470969],[-71.4023584,46.9468023],[-71.4027879,46.9472517],[-71.4032033,46.9473815],[-71.403529,46.9476693],[-71.403937,46.9477875],[-71.4045352,46.9483584],[-71.4047355,46.9483256],[-71.4047699,46.9478467],[-71.4049884,46.9480772],[-71.4060965,46.9487838],[-71.4060755,46.9493621],[-71.4056216,46.9495953],[-71.4051022,46.9499929],[-71.404767,46.9504109],[-71.4044965,46.9506164],[-71.4034153,46.9507974],[-71.4025033,46.9514924],[-71.401924,46.9514051],[-71.4012354,46.9509441],[-71.4006824,46.950835],[-71.4004018,46.9508369],[-71.4003532,46.9511685],[-71.4002317,46.9513084],[-71.3999478,46.9514146],[-71.3995559,46.9514155],[-71.3992099,46.9512372],[-71.3987723,46.9509004],[-71.3987595,46.9506769],[-71.3986179,46.9504095],[-71.39781,46.9500602],[-71.3978547,46.9492681],[-71.3979701,46.9490405],[-71.3981988,46.9489578],[-71.3989176,46.9493408],[-71.3994235,46.9493607],[-71.3993865,46.9489584],[-71.3991592,46.9487926],[-71.3975589,46.9481652],[-71.3970673,46.9482926],[-71.3956281,46.9481197],[-71.3955633,46.9483321],[-71.395719,46.9485746],[-71.3956124,46.9487376],[-71.3953588,46.9487658],[-71.3947235,46.9486539],[-71.3944584,46.9487268],[-71.394411,46.9493268],[-71.3946302,46.949433],[-71.3947542,46.9496575],[-71.3950014,46.9505753],[-71.395694,46.9509799],[-71.3957356,46.9515462],[-71.3955892,46.9518039],[-71.3955189,46.9523212],[-71.3956294,46.9524463],[-71.3956321,46.9526385],[-71.3955464,46.9527401],[-71.395717,46.9530057],[-71.3968323,46.9538963],[-71.3971553,46.9543365],[-71.3977549,46.9546589],[-71.3990371,46.9546655],[-71.3991512,46.9543418],[-71.3998379,46.9543141],[-71.4006014,46.9545941],[-71.4007241,46.9547225],[-71.4007078,46.9552925],[-71.4004446,46.9561986],[-71.4003116,46.9565556],[-71.3997988,46.9572613],[-71.3996038,46.9575061],[-71.3994642,46.957555],[-71.3987565,46.9574718],[-71.3986344,46.9575637],[-71.398687,46.9576926],[-71.3989184,46.9578021],[-71.3993056,46.9578095],[-71.4001615,46.9584682],[-71.4004333,46.9588756],[-71.400193,46.9591753],[-71.4000366,46.9588848],[-71.3995948,46.9587767],[-71.3988466,46.9589124],[-71.3987973,46.9590237],[-71.398889,46.9591821],[-71.3997984,46.9591563],[-71.3999643,46.959258],[-71.3998968,46.9597951],[-71.3994454,46.9600482],[-71.3993806,46.9602606],[-71.3990736,46.9604564],[-71.3989062,46.9607756],[-71.3990559,46.9609303],[-71.3990484,46.9612633],[-71.3991759,46.9613834],[-71.3991469,46.9615576],[-71.3994713,46.9619215],[-71.3998281,46.9621793],[-71.399795,46.9624098],[-71.3991345,46.962588],[-71.3990994,46.9625021],[-71.3995069,46.9624001],[-71.3994982,46.9622924],[-71.3992621,46.9621913],[-71.3989558,46.9622628],[-71.3986961,46.9620309],[-71.3988548,46.9614319],[-71.3987051,46.9612771],[-71.3987598,46.9610333],[-71.398577,46.9609367],[-71.3985878,46.9606716],[-71.3974619,46.9604387],[-71.3971591,46.9602336],[-71.3971908,46.9600793],[-71.3975483,46.9603851],[-71.3977183,46.9604304],[-71.3983767,46.9604527],[-71.3984968,46.9603889],[-71.3987013,46.9601275],[-71.3987648,46.9596467],[-71.3986077,46.9593082],[-71.398435,46.959243],[-71.3984513,46.9590176],[-71.3988325,46.958765],[-71.3993627,46.9586191],[-71.3990073,46.9582852],[-71.3991295,46.958021],[-71.3986553,46.9578468],[-71.3982822,46.9578145],[-71.398312,46.9573438],[-71.3987343,46.9572649],[-71.3990636,46.9571037],[-71.3987668,46.9569864],[-71.3986421,46.9567139],[-71.398348,46.9564441],[-71.3980863,46.9564127],[-71.3980074,46.9564778],[-71.3980451,46.9565835],[-71.3983432,46.956797],[-71.3983985,46.9569457],[-71.3982048,46.9571142],[-71.3979458,46.9571027],[-71.3975357,46.9568403],[-71.3971493,46.9567086],[-71.3969536,46.9567331],[-71.3968801,46.9568379],[-71.3969556,46.9570494],[-71.3976084,46.9575488],[-71.3976428,46.9577589],[-71.3974114,46.9578217],[-71.3974229,46.9576047],[-71.3972361,46.9573922],[-71.3964058,46.9570083],[-71.396225,46.9570558],[-71.3963159,46.9575108],[-71.3959604,46.9576936],[-71.3960359,46.9579052],[-71.3962807,46.9581139],[-71.3952209,46.9581092],[-71.3949573,46.9577614],[-71.3942795,46.9572075],[-71.3936994,46.957072],[-71.393601,46.9569501],[-71.3936186,46.9568208],[-71.3934736,46.9566577],[-71.3935662,46.9561751],[-71.3932635,46.9557977],[-71.3932629,46.9555774],[-71.3927873,46.9554794],[-71.3929796,46.955387],[-71.3929986,46.9551815],[-71.3923489,46.9554391],[-71.3923402,46.9553315],[-71.3926842,46.9551935],[-71.3928523,46.9549224],[-71.3930763,46.9548481],[-71.3927547,46.9545039],[-71.3923622,46.9542845],[-71.3917376,46.9540797],[-71.3913781,46.9541467],[-71.3912276,46.9542884],[-71.3906408,46.9543617],[-71.3906056,46.9544481],[-71.3907587,46.9544985],[-71.3917342,46.9541841],[-71.3925928,46.9545182],[-71.3927984,46.9546974],[-71.3928004,46.9548416],[-71.3923296,46.9549075],[-71.3920194,46.9546908],[-71.3916147,46.9546404],[-71.3914662,46.954754],[-71.391481,46.9549494],[-71.3916192,46.9551489],[-71.3921481,46.9554645],[-71.3924249,46.9555705],[-71.3926652,46.9555201],[-71.3930848,46.9555816],[-71.3931816,46.9557533],[-71.3931204,46.955951],[-71.3924174,46.956204],[-71.3920342,46.9564847],[-71.3919133,46.9566727],[-71.3918748,46.9570357],[-71.3920001,46.9573563],[-71.3918757,46.9579932],[-71.3923892,46.9582829],[-71.3925159,46.9580967],[-71.3921679,46.9577743],[-71.3921856,46.9573004],[-71.3925951,46.9571702],[-71.3934154,46.9571782],[-71.3935179,46.9572438],[-71.3935711,46.9574207],[-71.3932196,46.9577195],[-71.3931325,46.9578973],[-71.3931958,46.9581056],[-71.3934906,46.9582959],[-71.394204,46.9585645],[-71.3944105,46.9588217],[-71.3944907,46.9591972],[-71.395129,46.959183],[-71.3953434,46.959099],[-71.3961475,46.9591601],[-71.3966439,46.9593689],[-71.3969568,46.9597777],[-71.3969366,46.9598872],[-71.3968387,46.9599855],[-71.3965877,46.9600335],[-71.3955166,46.959729],[-71.3946045,46.9597349],[-71.3934393,46.9601615],[-71.3926775,46.9607146],[-71.3921276,46.9608457],[-71.3914449,46.960817],[-71.3895056,46.9601949],[-71.3893363,46.9601976],[-71.3892668,46.9602461],[-71.3893281,46.9603103],[-71.3896406,46.9603397],[-71.3897743,46.960525],[-71.3896733,46.9607852],[-71.3894506,46.9609556],[-71.3890449,46.961055],[-71.3884772,46.9613521],[-71.3877929,46.9612927],[-71.386262,46.9616948],[-71.3858267,46.9618947],[-71.3857653,46.9620027],[-71.3858838,46.962188],[-71.385941,46.9626526],[-71.3858296,46.962824],[-71.3858572,46.9628983],[-71.3861542,46.9628674],[-71.3862449,46.9627194],[-71.3866589,46.9627246],[-71.3868907,46.9629684],[-71.3869705,46.9632013],[-71.3870179,46.9638355],[-71.3866858,46.9640477],[-71.3864611,46.964074],[-71.3861982,46.963956],[-71.3860435,46.9637767],[-71.3857036,46.9637093],[-71.3855537,46.9640714],[-71.3851878,46.9643951],[-71.3848054,46.9645583],[-71.3844178,46.9645172],[-71.3841082,46.96472],[-71.3841006,46.9648807],[-71.3843184,46.9652355],[-71.384578,46.9652603],[-71.385072,46.9651396],[-71.3857783,46.965261],[-71.3861158,46.9654947],[-71.3860581,46.9657662],[-71.3858218,46.9660095],[-71.38518,46.9663267],[-71.384788,46.9663275],[-71.3844893,46.966066],[-71.3843833,46.9661048],[-71.3842517,46.9662133],[-71.3841496,46.9665403],[-71.3836465,46.9666425],[-71.3835254,46.966743],[-71.3835536,46.9670228],[-71.3840485,46.9674802],[-71.3848198,46.9676987],[-71.3851477,46.9676738],[-71.3855564,46.9677835],[-71.3860703,46.9682775],[-71.3861551,46.9686447],[-71.386091,46.9687329],[-71.3855592,46.9687826],[-71.3852774,46.9683438],[-71.3849387,46.9683492],[-71.3842297,46.9692516],[-71.3839057,46.9694524],[-71.3837269,46.9694718],[-71.3832804,46.9691996],[-71.382862,46.9692221],[-71.3827876,46.9694512],[-71.3832018,46.9696573],[-71.3836626,46.9697323],[-71.3845721,46.9693332],[-71.3848227,46.9693937],[-71.3848441,46.969672],[-71.3844376,46.9699051],[-71.3842953,46.9701689],[-71.384241,46.9708054],[-71.3841694,46.970882],[-71.3839044,46.9708724],[-71.3834884,46.9705998],[-71.3829524,46.9705999],[-71.3826121,46.9707925],[-71.3815313,46.9715862],[-71.3798662,46.9730378],[-71.3782952,46.9741029],[-71.3778535,46.9745596],[-71.3754789,46.9761764],[-71.375671,46.9764286],[-71.3761671,46.9764173],[-71.3766848,46.9762202],[-71.3772375,46.9762814],[-71.3774399,46.9763928],[-71.3775733,46.9765795],[-71.3776421,46.9769644],[-71.3774852,46.9772473],[-71.3770693,46.9774619],[-71.3764363,46.9773698],[-71.3761944,46.9777023],[-71.3758529,46.9777313],[-71.3755884,46.9776799],[-71.3751021,46.9773301],[-71.374386,46.97722],[-71.3743064,46.9773764],[-71.3744147,46.9777561],[-71.3741547,46.977987],[-71.3726761,46.9787417],[-71.3724963,46.9790575],[-71.372314,46.9791813],[-71.3719625,46.9791333],[-71.3717523,46.979357],[-71.3720149,46.9796774],[-71.3720239,46.9798761],[-71.3716842,46.9800665],[-71.3712223,46.979865],[-71.3706529,46.9800596],[-71.3706447,46.9801723],[-71.3703119,46.9804252],[-71.3704534,46.980533],[-71.3714138,46.9806996],[-71.3715764,46.9808909],[-71.3714909,46.9811925],[-71.3713301,46.9813029],[-71.3709677,46.9813498],[-71.3707964,46.9812246],[-71.3704867,46.9811625],[-71.3703521,46.9813226],[-71.3708749,46.9815012],[-71.3709999,46.9816439],[-71.3709936,46.981845],[-71.3701654,46.9825625],[-71.3699481,46.9826003],[-71.3698159,46.9824884],[-71.3702206,46.9823785],[-71.370496,46.9818757],[-71.3708287,46.9817273],[-71.370668,46.9815533],[-71.3702116,46.9814738],[-71.3701456,46.9812005],[-71.3702908,46.9810466],[-71.3706786,46.9810445],[-71.3709172,46.9811928],[-71.3712574,46.9811112],[-71.3711705,46.9809444],[-71.3708683,46.9807872],[-71.3700565,46.9806041],[-71.3700968,46.980375],[-71.3703094,46.9801709],[-71.3709262,46.9797532],[-71.3718312,46.9798065],[-71.3715496,46.9795902],[-71.3714756,46.9793024],[-71.3717276,46.979077],[-71.3722534,46.9789928],[-71.3725871,46.9786031],[-71.373479,46.9780749],[-71.3740209,46.9779485],[-71.3742164,46.977741],[-71.3740946,46.9772817],[-71.3741545,46.9771614],[-71.3743537,46.9770772],[-71.375478,46.9772726],[-71.3757903,46.977571],[-71.3760083,46.9775812],[-71.3762876,46.9772116],[-71.3767834,46.9771637],[-71.3771828,46.9772624],[-71.3773531,46.9769632],[-71.3773669,46.9765456],[-71.3769311,46.9763529],[-71.3763606,46.9765933],[-71.3753929,46.9766225],[-71.3752331,46.9764363],[-71.3751968,46.9762543],[-71.375262,46.9760841],[-71.3797989,46.9728859],[-71.3818008,46.9711123],[-71.3825737,46.9706386],[-71.383265,46.9704208],[-71.3837262,46.9705081],[-71.3838684,46.9706513],[-71.384064,46.9707064],[-71.3841341,46.9706015],[-71.3840539,46.9703973],[-71.3841385,46.9699639],[-71.3846274,46.9695553],[-71.3844837,46.9694883],[-71.3835411,46.9698722],[-71.3831126,46.9698633],[-71.3825844,46.9696363],[-71.3823923,46.96927],[-71.382536,46.9690803],[-71.3831785,46.9689748],[-71.3835353,46.9690444],[-71.3838916,46.9693051],[-71.3840313,46.9692561],[-71.3847045,46.9683921],[-71.3851197,46.9681019],[-71.3854054,46.9680998],[-71.3855707,46.9682849],[-71.3856531,46.9685684],[-71.3859972,46.9686026],[-71.3856607,46.9682353],[-71.3853215,46.9680205],[-71.3840639,46.9677236],[-71.3838225,46.9675827],[-71.3833821,46.967226],[-71.3832271,46.9668592],[-71.3833479,46.9666796],[-71.3835628,46.966552],[-71.3839432,46.9665081],[-71.3840051,46.9664282],[-71.383714,46.9661753],[-71.3837823,46.9658584],[-71.3839814,46.9657296],[-71.3841069,46.9657056],[-71.3848048,46.9659354],[-71.3850095,46.96614],[-71.3852715,46.9661881],[-71.3859287,46.9656253],[-71.3858691,46.9654386],[-71.3852154,46.9652876],[-71.3849046,46.9652865],[-71.3845362,46.965418],[-71.3840673,46.9652835],[-71.3838267,46.964846],[-71.3839781,46.9645126],[-71.3842084,46.9643718],[-71.38474,46.9643811],[-71.3849592,46.9643054],[-71.3853001,46.9639273],[-71.3852192,46.9638483],[-71.3848994,46.9638205],[-71.3842733,46.9638642],[-71.3840224,46.9637399],[-71.3840124,46.9635362],[-71.3843991,46.9633233],[-71.3849469,46.9632205],[-71.3851311,46.9632409],[-71.3854662,46.9634649],[-71.3861448,46.9635177],[-71.3864005,46.9638855],[-71.3867665,46.9638934],[-71.3868738,46.9637962],[-71.386627,46.9629168],[-71.3863633,46.9628653],[-71.3861979,46.963037],[-71.3859442,46.9630651],[-71.3856136,46.9629578],[-71.3855285,46.9620258],[-71.3856285,46.9617269],[-71.3858154,46.9615949],[-71.3867472,46.9614316],[-71.387318,46.9612392],[-71.3877158,46.9611662],[-71.388305,46.9612246],[-71.3891909,46.9608959],[-71.3895095,46.9606274],[-71.3894426,46.9604614],[-71.3889995,46.9602893],[-71.3889484,46.9601421],[-71.3890706,46.9600502],[-71.3895812,46.9600619],[-71.390933,46.960537],[-71.3919617,46.9607441],[-71.3924141,46.9605944],[-71.3926614,46.9602509],[-71.3928463,46.960147],[-71.3940257,46.9596955],[-71.3949837,46.9595105],[-71.3954046,46.9595077],[-71.3958917,46.9595609],[-71.3965541,46.9598714],[-71.3965818,46.9597735],[-71.3964064,46.9595162],[-71.3958365,46.9592399],[-71.3953406,46.9592514],[-71.3947651,46.9594522],[-71.3943901,46.959448],[-71.3941662,46.9591778],[-71.3940941,46.9588619],[-71.3929232,46.9583393],[-71.3924995,46.9584944],[-71.3924218,46.9590001],[-71.3928109,46.9591517],[-71.393547,46.9590128],[-71.393667,46.9591214],[-71.3934302,46.9593167],[-71.3930881,46.9594266],[-71.3926381,46.9594311],[-71.3921842,46.9593197],[-71.3919954,46.9591354],[-71.3921508,46.9584685],[-71.3915215,46.9580998],[-71.3916115,46.9575973],[-71.3914775,46.9568246],[-71.3918771,46.9563184],[-71.392655,46.9558844],[-71.3926422,46.9558331],[-71.3922132,46.9557763],[-71.3912137,46.9552228],[-71.3911881,46.9552925],[-71.3914234,46.9555179],[-71.3916082,46.9555863],[-71.3916763,46.9557863],[-71.3914657,46.9559599],[-71.3911999,46.9559848],[-71.3909855,46.9558702],[-71.3900995,46.954945],[-71.3900794,46.9547099],[-71.3902535,46.9545265],[-71.3902441,46.9543709],[-71.3901086,46.9541912],[-71.3897917,46.954011],[-71.3892238,46.9538788],[-71.3884988,46.9535803],[-71.3870578,46.9527463],[-71.3868346,46.9526964],[-71.3865252,46.9523554],[-71.3864997,46.9520806],[-71.3865783,46.9514507],[-71.3869797,46.9512609],[-71.3869932,46.951188],[-71.3867141,46.9509413],[-71.3865077,46.9508863],[-71.3861799,46.9509712],[-71.3859188,46.95116],[-71.3855465,46.9511756],[-71.3847611,46.951598],[-71.3839045,46.9517525],[-71.3828563,46.9517028],[-71.3823818,46.9513082],[-71.3818552,46.9510051],[-71.3814853,46.9503034],[-71.3814161,46.9500074],[-71.3814944,46.9488126],[-71.3819412,46.9482234],[-71.3823974,46.9477898],[-71.3832218,46.947397],[-71.3838922,46.9472504],[-71.3847634,46.9474635],[-71.3848498,46.94741],[-71.3849196,46.9468447],[-71.3845826,46.9464294],[-71.3842292,46.9464117],[-71.3833473,46.9461191],[-71.3829522,46.9458798],[-71.382682,46.9455684],[-71.3827175,46.944793],[-71.3828209,46.9445621],[-71.383167,46.9442237],[-71.3835529,46.9439629],[-71.3837626,46.9439135],[-71.3845031,46.9439386],[-71.3845186,46.9438375],[-71.3838967,46.9429155],[-71.383785,46.942522],[-71.3842068,46.9420506],[-71.3843804,46.9414747],[-71.3843935,46.9410092],[-71.3842252,46.9405431],[-71.3842295,46.93997],[-71.384122,46.9393479],[-71.3833762,46.9382014],[-71.3830373,46.9378143],[-71.3828845,46.9374194],[-71.3828815,46.9368347],[-71.382616,46.9365151],[-71.3827126,46.9361484],[-71.3826103,46.9359105],[-71.3815465,46.9357416],[-71.3812284,46.9354654],[-71.3809967,46.9351356],[-71.3805746,46.9352144],[-71.380756,46.9350427],[-71.3807758,46.9347129],[-71.3804968,46.9344662],[-71.3802441,46.9343701],[-71.3800166,46.9338117],[-71.3801609,46.9337545],[-71.3800202,46.9333628],[-71.380137,46.9332312],[-71.3799463,46.9330751],[-71.3798272,46.93267],[-71.379473,46.9320395],[-71.3794694,46.9314068],[-71.3798512,46.9310301],[-71.3796701,46.9306851],[-71.3798439,46.929937],[-71.380542,46.9293479],[-71.3803966,46.9280553],[-71.3798615,46.9267352],[-71.3792089,46.9258433],[-71.3784532,46.9250099],[-71.3779847,46.9241384],[-71.3777614,46.9233514],[-71.3774754,46.9227486],[-71.3776899,46.9225187],[-71.3776658,46.92234],[-71.3773256,46.9220291],[-71.3768337,46.9210268],[-71.3762853,46.920689],[-71.37516,46.9202356],[-71.3747848,46.920011],[-71.3745988,46.9200188],[-71.3734048,46.9196619],[-71.3727121,46.9193813],[-71.3718327,46.9192327],[-71.3713717,46.9192819],[-71.3710278,46.9194199],[-71.3704044,46.9194353],[-71.3698515,46.9196706],[-71.3694983,46.9196529],[-71.3689272,46.9192324],[-71.3681413,46.9192141],[-71.3677717,46.9188569],[-71.3671114,46.9186424],[-71.3669835,46.9184742],[-71.3671569,46.9182429],[-71.3672341,46.9178615],[-71.3673664,46.9176289],[-71.3673973,46.9170341],[-71.3676914,46.9167872],[-71.367738,46.916656],[-71.3673818,46.9149242],[-71.3671809,46.9143441],[-71.3671505,46.9136851],[-71.3672991,46.9133993],[-71.3682743,46.9125685],[-71.3692411,46.9120227],[-71.3709269,46.9115635],[-71.3712179,46.9109042],[-71.3710671,46.9104975],[-71.3707482,46.9101088],[-71.3704917,46.9098967],[-71.3701858,46.9097959],[-71.3699294,46.9098786],[-71.3699058,46.9101902],[-71.3687904,46.9104571],[-71.3682075,46.9104259],[-71.3676532,46.9101726],[-71.3676554,46.9099722],[-71.3680485,46.909723],[-71.3691969,46.9095702],[-71.3701581,46.9091568],[-71.3706006,46.9086241],[-71.3706143,46.9083789],[-71.370442,46.9081415],[-71.3699066,46.907855],[-71.3692483,46.9077845],[-71.3688073,46.907504],[-71.3680028,46.9067819],[-71.3676108,46.9065624],[-71.3664958,46.9064848],[-71.3656045,46.9063329],[-71.3653008,46.9062039],[-71.36522,46.9061249],[-71.365223,46.9058003],[-71.3657328,46.9054196],[-71.3658589,46.9052714],[-71.3658281,46.9051292],[-71.3656423,46.9049647],[-71.3652395,46.904838],[-71.3650806,46.9046998],[-71.3642492,46.9046884],[-71.3641348,46.9046195],[-71.3639524,46.9043507],[-71.3638595,46.9037037],[-71.3634686,46.9037525],[-71.3630193,46.9043216],[-71.362836,46.9043492],[-71.3622264,46.9042916],[-71.3620211,46.9041124],[-71.3619062,46.9038232],[-71.3623715,46.9033733],[-71.3624261,46.902737],[-71.3632891,46.9027665],[-71.3641343,46.9030975],[-71.3643116,46.9029822],[-71.3644077,46.9025676],[-71.3643218,46.9022766],[-71.3636765,46.9015204],[-71.3628438,46.9008481],[-71.3627862,46.9005073],[-71.3630134,46.9003287],[-71.3631677,46.9003029],[-71.364259,46.9004222],[-71.3644585,46.9003414],[-71.3644802,46.9001558],[-71.3644116,46.9000801],[-71.3639168,46.8997469],[-71.3639609,46.8994237],[-71.3644977,46.8988971],[-71.3645983,46.8986464],[-71.3645463,46.8981731],[-71.364333,46.8979343],[-71.364108,46.8979124],[-71.3641697,46.8981969],[-71.3640725,46.8983432],[-71.3640045,46.8983155],[-71.3639294,46.8979317],[-71.364041,46.8975883],[-71.3642474,46.8972988],[-71.3646899,46.8973309],[-71.365195,46.8975232],[-71.3654968,46.8975081],[-71.365633,46.8973914],[-71.3657469,46.8966753],[-71.365395,46.8961889],[-71.3651277,46.8960696],[-71.3644805,46.8959063],[-71.3634042,46.8958102],[-71.3629231,46.8959688],[-71.3626536,46.8966147],[-71.3624864,46.8967614],[-71.3620978,46.8968541],[-71.361455,46.8967798],[-71.3609497,46.8964588],[-71.3605299,46.8963551],[-71.3587458,46.8967096],[-71.3583873,46.8966862],[-71.3579875,46.8962034],[-71.3578214,46.8955369],[-71.3579995,46.8946701],[-71.3583157,46.8945024],[-71.3588609,46.8944848],[-71.3589984,46.8943747],[-71.3587486,46.8942983],[-71.3581664,46.8943322],[-71.3570728,46.8946172],[-71.3562384,46.8944674],[-71.3560513,46.8943092],[-71.3557314,46.8938058],[-71.3555478,46.8931356],[-71.3555697,46.8929971],[-71.3560071,46.8924005],[-71.3556418,46.8922238],[-71.3555555,46.8922774],[-71.3555642,46.8925979],[-71.3552996,46.892691],[-71.3553355,46.892564],[-71.3552055,46.8924546],[-71.3553126,46.8921249],[-71.3550844,46.8919086],[-71.3551445,46.8917826],[-71.3552873,46.891766],[-71.3554226,46.8915981],[-71.3553249,46.8914455],[-71.3554774,46.8912936],[-71.3556105,46.8908795],[-71.3563818,46.8902339],[-71.3573339,46.8897305],[-71.3581892,46.8893963],[-71.3586953,46.8895318],[-71.3589611,46.8896844],[-71.3590765,46.8898288],[-71.3592012,46.8902721],[-71.3593949,46.8905016],[-71.3596473,46.8904569],[-71.3599739,46.8900316],[-71.3603554,46.8898272],[-71.3607769,46.8899207],[-71.3608004,46.8906161],[-71.3609787,46.890769],[-71.3612272,46.8907493],[-71.3616379,46.890268],[-71.3619984,46.8902598],[-71.3624273,46.8904048],[-71.3624852,46.8902388],[-71.3624241,46.8900731],[-71.3618373,46.8897677],[-71.3614346,46.8894564],[-71.361513,46.8891948],[-71.3619137,46.8890213],[-71.3631169,46.8890435],[-71.3636155,46.8885122],[-71.3632765,46.8885199],[-71.3633949,46.8884167],[-71.3640573,46.8882116],[-71.3641686,46.8879964],[-71.3637875,46.8880012],[-71.3625725,46.8872705],[-71.3625379,46.8870851],[-71.3626274,46.8870082],[-71.363426,46.8867931],[-71.3637577,46.8866106],[-71.363768,46.8864388],[-71.3633776,46.8862359],[-71.3630889,46.8863568],[-71.3627942,46.8862855],[-71.3627382,46.8859238],[-71.3628293,46.8857955],[-71.363213,46.8854612],[-71.3637876,46.8853134],[-71.3641199,46.885369],[-71.3645295,46.8859582],[-71.3653646,46.8857338],[-71.3656112,46.8855139],[-71.365572,46.8854165],[-71.3654728,46.8853335],[-71.3648306,46.8852296],[-71.3646535,46.8850158],[-71.3647578,46.8847988],[-71.3649239,46.884595],[-71.3653334,46.8843332],[-71.3659639,46.8842954],[-71.3662298,46.8841065],[-71.3663755,46.8838647],[-71.3660461,46.8840213],[-71.3656476,46.8840536],[-71.3651187,46.8842473],[-71.3644456,46.8846704],[-71.3643703,46.8845558],[-71.3646354,46.8843442],[-71.3651717,46.8839704],[-71.3657457,46.8838699],[-71.3667022,46.8834141],[-71.3678998,46.8835358],[-71.368372,46.8834853],[-71.3686914,46.8833328],[-71.3687321,46.8831454],[-71.3684214,46.8826604],[-71.3684689,46.88251],[-71.3686357,46.8823861],[-71.369041,46.8823421],[-71.3695637,46.8824679],[-71.3698896,46.8824593],[-71.3702431,46.8821851],[-71.3702897,46.881991],[-71.3700965,46.881782],[-71.3698948,46.8817101],[-71.3686841,46.8816341],[-71.3683873,46.8817134],[-71.3684887,46.8821015],[-71.3684389,46.8822387],[-71.3681033,46.8823734],[-71.3677326,46.882354],[-71.3675039,46.882125],[-71.3671475,46.8814962],[-71.3671561,46.8812621],[-71.367401,46.8810663],[-71.3680994,46.8808027],[-71.3681296,46.8806883],[-71.3680182,46.8805239],[-71.3677252,46.8803977],[-71.3676473,46.8801663],[-71.3678381,46.879978],[-71.3687546,46.8798879],[-71.3687675,46.879767],[-71.3685759,46.8795148],[-71.3686004,46.8791738],[-71.3691597,46.8789191],[-71.3695286,46.8788697],[-71.36934,46.8784489],[-71.3695183,46.8780857],[-71.3698669,46.8779858],[-71.3702389,46.8780592],[-71.3705223,46.8782261],[-71.3706544,46.8781656],[-71.3706249,46.8779472],[-71.370142,46.8773971],[-71.3698068,46.8772394],[-71.3694551,46.8772466],[-71.3692356,46.8771184],[-71.3691235,46.8768916],[-71.3692579,46.87663],[-71.3700525,46.8763359],[-71.3711245,46.876397],[-71.3712672,46.8764351],[-71.3717067,46.8768601],[-71.3719301,46.876965],[-71.3721887,46.8769597],[-71.3728379,46.8767297],[-71.3729744,46.8765184],[-71.3729112,46.8760194],[-71.3724705,46.8753766],[-71.3722608,46.8748424],[-71.3720141,46.8746691],[-71.3715421,46.8747853],[-71.3712513,46.8747077],[-71.3710091,46.8744707],[-71.3710092,46.8742985],[-71.3715228,46.8736892],[-71.3719735,46.8729955],[-71.3727829,46.8723799],[-71.3735257,46.8720951],[-71.3737664,46.8718566],[-71.373694,46.8716793],[-71.3734438,46.8714663],[-71.3732189,46.8703727],[-71.3730258,46.8701098],[-71.3729251,46.8697398],[-71.3731803,46.8691186],[-71.3740749,46.8681891],[-71.3740608,46.8673049],[-71.3739789,46.8669577],[-71.3736419,46.8666667],[-71.3734965,46.8666279],[-71.3722027,46.8666458],[-71.3709751,46.8663752],[-71.3702954,46.8660979],[-71.3698757,46.8657561],[-71.369561,46.8653275],[-71.3693958,46.8648815],[-71.3693666,46.8644909],[-71.3689036,46.8636111],[-71.3687486,46.862717],[-71.3685519,46.8625602],[-71.3679165,46.8625244],[-71.3675457,46.8624157],[-71.3673083,46.8621704],[-71.3667903,46.8618789],[-71.3668045,46.8611171],[-71.3665535,46.8607243],[-71.3661881,46.8604499],[-71.3658494,46.8604408],[-71.3657238,46.8602445],[-71.3652778,46.8601539],[-71.364844,46.8603443],[-71.3645161,46.8603811],[-71.3638971,46.8608567],[-71.3631095,46.8609907],[-71.3624829,46.8608902],[-71.3624572,46.8603953],[-71.362621,46.8601807],[-71.3627435,46.8595722],[-71.362175,46.8587312],[-71.3617527,46.8582667],[-71.3613223,46.8573836],[-71.3612253,46.8575299],[-71.3613772,46.8577045],[-71.3614396,46.8578648],[-71.3613891,46.85788],[-71.3610777,46.8576914],[-71.3609707,46.8573842],[-71.3607552,46.8572033],[-71.3600113,46.8567939],[-71.3592752,46.8566162],[-71.3560639,46.8563508],[-71.3556819,46.8561147],[-71.3552971,46.8554662],[-71.3549355,46.8551207],[-71.3544669,46.8552825],[-71.3540705,46.8552435],[-71.353581,46.854902],[-71.3532795,46.854917],[-71.3526746,46.8553677],[-71.3519851,46.8556235],[-71.3515309,46.8555882],[-71.3513805,46.8553374],[-71.351057,46.8551456],[-71.3504735,46.8551905],[-71.3497503,46.8554564],[-71.3494313,46.8554285],[-71.3494002,46.8550661],[-71.3487115,46.8542406],[-71.3486884,46.8539377],[-71.3484009,46.8535354],[-71.3478807,46.8530517],[-71.3477004,46.8525345],[-71.3477085,46.8517611],[-71.3479612,46.8508243],[-71.3478909,46.8506045],[-71.3482477,46.8500013],[-71.348257,46.8495923],[-71.3474907,46.8490193],[-71.3474903,46.8487497],[-71.3473137,46.8485078],[-71.3474262,46.8481938],[-71.3470774,46.8477167],[-71.3467793,46.846278],[-71.3461429,46.8457536],[-71.3456662,46.8450709],[-71.3443039,46.8449647],[-71.3436312,46.844823],[-71.3433785,46.8446788],[-71.3433397,46.844477],[-71.3435389,46.844004],[-71.3435752,46.8436213],[-71.343494,46.8434943],[-71.3426374,46.8431119],[-71.342265,46.8428591],[-71.3420797,46.8426129],[-71.3419868,46.84222],[-71.3415315,46.8416961],[-71.3414363,46.8414219],[-71.3414165,46.8407945],[-71.3419905,46.8398093],[-71.3421938,46.8392799],[-71.3421904,46.8384273],[-71.3419955,46.837887],[-71.3417777,46.8364793],[-71.3411036,46.835629],[-71.340795,46.8350679],[-71.3406441,46.8347691],[-71.3406394,46.834385],[-71.3407553,46.8342055],[-71.3414891,46.8338469],[-71.342392,46.8337058],[-71.3426768,46.8335237],[-71.3426511,46.833201],[-71.3422112,46.8327483],[-71.3420612,46.8323253],[-71.342822,46.8318208],[-71.3430957,46.8315094],[-71.3439949,46.8310821],[-71.3438827,46.8309851],[-71.3428547,46.8311501],[-71.3415206,46.8317308],[-71.3411694,46.831809],[-71.3406629,46.831817],[-71.339829,46.8316894],[-71.3382121,46.8312469],[-71.3377082,46.8312746],[-71.3369727,46.8314892],[-71.3340589,46.8315127],[-71.3329092,46.8319896],[-71.3320051,46.8320345],[-71.3315774,46.8319774],[-71.3314384,46.831854],[-71.3313248,46.8314408],[-71.3311577,46.831195],[-71.3314505,46.8310725],[-71.3316102,46.8309143],[-71.3316088,46.8302057],[-71.3311295,46.8296754],[-71.3303872,46.8291416],[-71.329715,46.8278226],[-71.32969,46.8275479],[-71.3297729,46.8274266],[-71.3300536,46.8273008],[-71.3306483,46.8272113],[-71.3312817,46.8273235],[-71.3321721,46.8277439],[-71.3322946,46.8277001],[-71.3323831,46.8274463],[-71.3312277,46.8270507],[-71.3303423,46.8264498],[-71.3300753,46.8261103],[-71.3297058,46.8258773],[-71.329563,46.8256381],[-71.3291039,46.8253866],[-71.3285268,46.825234],[-71.3279873,46.8251916],[-71.3266999,46.8253654],[-71.3261607,46.8251811],[-71.3243418,46.8241857],[-71.323478,46.8241571],[-71.3233339,46.8239403],[-71.3223775,46.8237394],[-71.3220585,46.8237803],[-71.3215799,46.8236903],[-71.3199198,46.8228336],[-71.3195819,46.8224868],[-71.3196141,46.8223987],[-71.3192558,46.8213542],[-71.3187211,46.8191777],[-71.3186811,46.8183572],[-71.3187936,46.8180708],[-71.318737,46.8172669],[-71.3189339,46.8170185],[-71.3193668,46.816723],[-71.3193244,46.8161105],[-71.3191787,46.8159394],[-71.3172484,46.8152845],[-71.316926,46.8151026],[-71.3167014,46.8148661],[-71.3167334,46.8143979],[-71.3170184,46.8137199],[-71.3171397,46.8129686],[-71.3171236,46.8125143],[-71.3172736,46.8122666],[-71.3171318,46.8114627],[-71.3171798,46.8110605],[-71.3173799,46.8106586],[-71.3180649,46.809725],[-71.3179804,46.8094276],[-71.3177229,46.8092128],[-71.3167647,46.808995],[-71.3158031,46.8090281],[-71.3156838,46.8093502],[-71.3159245,46.809769],[-71.3162906,46.809904],[-71.3164591,46.8100855],[-71.3163658,46.8101378],[-71.3163322,46.8104574],[-71.3161793,46.8106061],[-71.315616,46.8108154],[-71.3146105,46.8106999],[-71.3139102,46.8108099],[-71.3136367,46.8107768],[-71.3130092,46.8105127],[-71.3130572,46.8102977],[-71.3126599,46.8099383],[-71.312512,46.8096452],[-71.3125425,46.8092625],[-71.3123974,46.8090035],[-71.3122366,46.8089595],[-71.3122611,46.8088604],[-71.311521,46.8084311],[-71.3111904,46.8083757],[-71.3110566,46.8078598],[-71.3112148,46.8076433],[-71.3115288,46.8074837],[-71.3113031,46.8072742],[-71.3105951,46.807164],[-71.3099029,46.8072521],[-71.3092673,46.8074724],[-71.3089939,46.8076707],[-71.3089293,46.8079626],[-71.3096296,46.8086566],[-71.30901,46.8094276],[-71.3093158,46.8103089],[-71.3092596,46.8105072],[-71.3085994,46.8107879],[-71.3082376,46.8108099],[-71.3071392,46.8104291],[-71.307377,46.8103811],[-71.3073528,46.8102929],[-71.307039,46.8102819],[-71.3066286,46.8104802],[-71.3067302,46.8105108],[-71.3058117,46.8111449],[-71.3049659,46.811186],[-71.3043504,46.8107241],[-71.3043254,46.8102293],[-71.3044666,46.8099322],[-71.3047125,46.8097206],[-71.3061869,46.8094079],[-71.3066204,46.8091577],[-71.3068637,46.8089043],[-71.3070603,46.8082162],[-71.3070496,46.8079166],[-71.3069279,46.807616],[-71.3061691,46.8072592],[-71.3054609,46.8071075],[-71.3051508,46.807187],[-71.3047085,46.8083317],[-71.3044695,46.808727],[-71.3040619,46.8090086],[-71.3034936,46.8090238],[-71.3026205,46.8089015],[-71.3023235,46.8086564],[-71.3015905,46.8087852],[-71.3010733,46.8092379],[-71.301112,46.8099045],[-71.2999801,46.8101986],[-71.2993301,46.8102863],[-71.2989375,46.810243],[-71.2986392,46.8100314],[-71.2981811,46.8093971],[-71.2973394,46.8091258],[-71.2958074,46.8094461],[-71.2948006,46.809329],[-71.2932413,46.8089583],[-71.2926825,46.8090093],[-71.2922772,46.8092068],[-71.2917774,46.8095704],[-71.2900355,46.8105481],[-71.2888106,46.810884],[-71.2881915,46.8108948],[-71.2876574,46.8107432],[-71.2873334,46.8105559],[-71.2865699,46.8098762],[-71.2865323,46.8092495],[-71.2867255,46.8086909],[-71.2871285,46.8081641],[-71.2871565,46.8079602],[-71.2870416,46.8076288],[-71.2865482,46.8074971],[-71.2856854,46.807444],[-71.2842468,46.8074883],[-71.2827983,46.8073174],[-71.2826927,46.8072388],[-71.281547,46.8071808],[-71.2807086,46.8072349],[-71.2800196,46.8073851],[-71.2792559,46.8076885],[-71.2786546,46.808058],[-71.2773554,46.8091425],[-71.277171,46.8096772],[-71.2770964,46.8103411],[-71.2771359,46.8105664],[-71.2773071,46.8107166],[-71.27725,46.8113053],[-71.2763942,46.8121104],[-71.2760387,46.8123357],[-71.2747922,46.8127982],[-71.2732033,46.8128313],[-71.2713775,46.8130025],[-71.2707805,46.8129544],[-71.2702658,46.8126578],[-71.2697631,46.8119664],[-71.2697008,46.8105384],[-71.2698034,46.809997],[-71.2696788,46.8093016],[-71.2694751,46.8089517],[-71.2685545,46.8082928],[-71.2673775,46.8081227],[-71.2661029,46.8081004],[-71.2652974,46.8081697],[-71.2642219,46.8084688],[-71.2637192,46.8085163],[-71.2628452,46.8084834],[-71.2615057,46.8082283],[-71.2600603,46.8080807],[-71.2591625,46.808098],[-71.2583142,46.8083129],[-71.2576328,46.8085952],[-71.2554951,46.8096645],[-71.2552809,46.8099232],[-71.2550248,46.8100755],[-71.2543847,46.8101482],[-71.2536609,46.8104289],[-71.2533166,46.8106566],[-71.2532032,46.8107501],[-71.2532833,46.8107835],[-71.2532319,46.8108375],[-71.253113,46.8108127],[-71.2529887,46.8109292],[-71.2525431,46.8118114],[-71.2523898,46.8120397],[-71.2522102,46.8121504],[-71.2521736,46.8123003],[-71.2515684,46.8127275],[-71.2508521,46.813398],[-71.2504817,46.8136178],[-71.2499526,46.8141915],[-71.2499227,46.8145346],[-71.2494355,46.8150243],[-71.249031,46.8152609],[-71.2482638,46.8154797],[-71.2480236,46.8154593],[-71.2480128,46.8155812],[-71.2477352,46.8157127],[-71.2473933,46.8156382],[-71.247381,46.8155043],[-71.2468938,46.8155861],[-71.2462112,46.8153574],[-71.2445843,46.8149983],[-71.2440112,46.8149883],[-71.244127,46.815039],[-71.2441246,46.8151693],[-71.2425768,46.8153366],[-71.2425551,46.8155128],[-71.2414725,46.8160263],[-71.2408069,46.8165112],[-71.2399597,46.817526],[-71.2395386,46.8185361],[-71.2394974,46.8187423],[-71.2396101,46.8194997],[-71.2400305,46.8206389],[-71.2395889,46.822522],[-71.2392451,46.8230496],[-71.238456,46.8236707],[-71.2384452,46.8237814],[-71.2384666,46.8239259],[-71.2388732,46.8242237],[-71.2389765,46.8244017],[-71.2387386,46.8247988],[-71.2387584,46.8248889],[-71.23894,46.8249403],[-71.2392834,46.8248004],[-71.2397589,46.8248067],[-71.2402297,46.8250366],[-71.2405265,46.8250941],[-71.2405436,46.8252449],[-71.2396967,46.8249139],[-71.2393409,46.8249698],[-71.238954,46.8252122],[-71.2385609,46.8252122],[-71.2383604,46.8249838],[-71.2383801,46.8243683],[-71.2380505,46.8240152],[-71.2378308,46.8239633],[-71.2361028,46.824175],[-71.2351449,46.8240188],[-71.234287,46.8236729],[-71.2313497,46.8222442],[-71.2287949,46.8205242],[-71.2279862,46.8200783],[-71.2268148,46.8196796],[-71.2255772,46.8194389],[-71.2247841,46.8194879],[-71.2244266,46.8194298],[-71.2221959,46.8199587],[-71.2200511,46.8207148],[-71.220023,46.8207911],[-71.2186224,46.8211947],[-71.216937,46.8218361],[-71.2163677,46.821937],[-71.2105418,46.8244631],[-71.210868,46.8248272],[-71.2101127,46.8251502],[-71.2096835,46.8254615],[-71.2090913,46.8251032],[-71.2089883,46.8251678],[-71.2092606,46.8253339],[-71.2090166,46.8257893],[-71.2091649,46.8263985],[-71.2095119,46.8270706],[-71.2071429,46.8278751],[-71.2067739,46.8278516],[-71.2062503,46.8276696],[-71.2062589,46.8274758],[-71.205804,46.8269414],[-71.2055894,46.8269414],[-71.2053662,46.82673],[-71.1929465,46.8321325],[-71.1929989,46.8321967],[-71.1931189,46.8321338],[-71.1930654,46.8322174],[-71.1933252,46.8328191],[-71.1932379,46.8331254],[-71.1931023,46.8331949],[-71.1927815,46.8338814],[-71.1923778,46.8341263],[-71.1922282,46.8343126],[-71.191839,46.8351187],[-71.1919911,46.8358503],[-71.1922419,46.8362563],[-71.1931148,46.8370459],[-71.1948632,46.8383097],[-71.1954539,46.8388778],[-71.1957993,46.8389743],[-71.1975868,46.838772],[-71.1997282,46.8393079],[-71.2004528,46.8391258],[-71.2003337,46.8390421],[-71.1999886,46.8390411],[-71.1999612,46.8387099],[-71.2001239,46.8386344],[-71.2020601,46.8382715],[-71.2030165,46.8378794],[-71.2037733,46.8373153],[-71.203954,46.8373269],[-71.2046204,46.8370681],[-71.2054337,46.8372574],[-71.2061339,46.8375471],[-71.2062638,46.8376862],[-71.2062751,46.83786],[-71.2061791,46.8380455],[-71.2050039,46.8399263],[-71.2043889,46.8411051],[-71.2020282,46.8437898],[-71.201887,46.8441104],[-71.2019661,46.8442263],[-71.2030563,46.8446824],[-71.203222,46.8445035],[-71.2032739,46.8445349],[-71.2031481,46.844722],[-71.2033658,46.844823],[-71.2034996,46.8447916],[-71.2034916,46.8448599],[-71.2039049,46.8448777],[-71.2042383,46.844457],[-71.2050849,46.8445349],[-71.2052027,46.8447179],[-71.2052287,46.8457258],[-71.205039,46.8464373],[-71.2044021,46.8476295],[-71.2037611,46.8483587],[-71.2031362,46.84892],[-71.202639,46.849219],[-71.2018303,46.8492914],[-71.2006682,46.8490033],[-71.2000513,46.8491221],[-71.1998935,46.849458],[-71.1997987,46.851533],[-71.199621,46.8515878],[-71.1995464,46.8505485],[-71.1993883,46.850508],[-71.1978691,46.8507107],[-71.1940486,46.8508537],[-71.1922103,46.8511221],[-71.1908973,46.8514388],[-71.188788,46.8520915],[-71.1886439,46.8519505],[-71.188514,46.8519525],[-71.1845504,46.8531755],[-71.1824282,46.853638],[-71.1821529,46.8536585],[-71.1819122,46.8535787],[-71.1813156,46.8527367],[-71.1811386,46.8526496],[-71.1808371,46.8526826],[-71.1807025,46.8529213],[-71.180948,46.8538329],[-71.1809562,46.8539405],[-71.1808365,46.8540519],[-71.1771891,46.8556647],[-71.1755916,46.856259],[-71.1717885,46.8574848],[-71.1693948,46.8585478],[-71.1676463,46.8596618],[-71.1665805,46.8605695],[-71.165358,46.8618226],[-71.1650844,46.8622097],[-71.1626188,46.8646489],[-71.1624781,46.8643404],[-71.1622915,46.8641851],[-71.1615718,46.8631762],[-71.161387,46.863098],[-71.1611858,46.8632043],[-71.161252,46.8634129],[-71.1620112,46.8644477],[-71.1622258,46.865083],[-71.1614714,46.8658756],[-71.160616,46.866492],[-71.160401,46.8668288],[-71.1600581,46.8670094],[-71.1598267,46.8672983],[-71.1595175,46.8680197],[-71.1591127,46.8684088],[-71.158093,46.8680635],[-71.1571633,46.8679482],[-71.1565523,46.8679808],[-71.1554989,46.8681811],[-71.154569,46.8688728],[-71.1542946,46.8693102],[-71.1542381,46.8699964],[-71.1546465,46.8713092],[-71.1547194,46.8725261],[-71.1545335,46.8732787],[-71.1538205,46.8742347],[-71.1508636,46.8774518],[-71.1489128,46.879282],[-71.1484532,46.8798008],[-71.1471321,46.88069],[-71.1470152,46.8808693],[-71.1461852,46.8812682],[-71.145505,46.8813817],[-71.1444035,46.8813527],[-71.1443174,46.8814541],[-71.1442995,46.8816313],[-71.1452706,46.8819883],[-71.1453535,46.8820874],[-71.1453005,46.8822625],[-71.1449597,46.8825289],[-71.1448928,46.8827049],[-71.1449186,46.8832425],[-71.1444255,46.8838573],[-71.1435251,46.8841975],[-71.1430816,46.8844888],[-71.1430408,46.8847232],[-71.1443464,46.8854157],[-71.14504,46.886038],[-71.1453108,46.8861019],[-71.1455249,46.8859968],[-71.1461207,46.886493],[-71.1466224,46.8867146],[-71.1471339,46.8875523],[-71.1476857,46.8879791],[-71.1478354,46.8882783],[-71.1479993,46.8882363],[-71.1481233,46.8883368],[-71.1478807,46.888808],[-71.1480748,46.8889083],[-71.1479899,46.8893973],[-71.1475157,46.8902716],[-71.1484216,46.8907776],[-71.1486308,46.8907778],[-71.1488528,46.891035],[-71.1488881,46.891217],[-71.1486479,46.8913918],[-71.1486463,46.8917842],[-71.148491,46.8922919],[-71.1486031,46.8923764],[-71.1485041,46.8924705],[-71.1484557,46.8927782],[-71.1489635,46.8932626],[-71.1506575,46.894052],[-71.1514271,46.8942213],[-71.1515558,46.8948981],[-71.1520147,46.895391],[-71.1530579,46.8957154],[-71.1558255,46.8959312],[-71.1560067,46.8958879],[-71.1561669,46.8956819],[-71.1564493,46.8956526],[-71.1573418,46.8946092],[-71.1582439,46.8941749],[-71.1584446,46.8942412],[-71.1587616,46.8941238],[-71.1586232,46.8938623],[-71.1587526,46.8937343],[-71.1607475,46.8936686],[-71.1619257,46.8938809],[-71.1632158,46.8944587],[-71.1660806,46.8969944],[-71.1666374,46.8974128],[-71.1675255,46.897863],[-71.1678346,46.8981284],[-71.1677593,46.8989418],[-71.168865,46.9002556],[-71.1691563,46.9006983],[-71.1692461,46.9010291],[-71.1696918,46.9015393],[-71.1696788,46.9016153],[-71.1701093,46.9018993],[-71.1700199,46.9019468],[-71.1700762,46.9020941],[-71.1703851,46.902411],[-71.1706104,46.9029803],[-71.1704322,46.9035433],[-71.1700578,46.9041227],[-71.1716253,46.9040469],[-71.1726614,46.9037032],[-71.1744539,46.9033813],[-71.1754584,46.9030195],[-71.1766803,46.9029367],[-71.1768231,46.9029559],[-71.1768818,46.9030484],[-71.1773274,46.902881],[-71.1779325,46.9029961],[-71.1783917,46.9032923],[-71.1785387,46.9035236],[-71.1784098,46.9036996],[-71.1784976,46.9037904],[-71.1786399,46.9037616],[-71.1789512,46.9042671],[-71.1790102,46.9052125],[-71.1786514,46.9059112],[-71.1784925,46.9065296],[-71.1786732,46.907019],[-71.1787446,46.9085523],[-71.1786178,46.9087002],[-71.1782838,46.9089169],[-71.1780087,46.9089578],[-71.1773303,46.9093117],[-71.1771273,46.9095924],[-71.1769733,46.9096659],[-71.1763551,46.9097197],[-71.1767025,46.9096504],[-71.1770586,46.9094684],[-71.1771577,46.9091981],[-71.1770332,46.9087813],[-71.1771787,46.9085521],[-71.1770982,46.9084729],[-71.1766873,46.9084581],[-71.1765424,46.9081986],[-71.1771269,46.9081549],[-71.1776528,46.9083349],[-71.1783679,46.9083071],[-71.1782951,46.9079069],[-71.1783759,46.9076153],[-71.178397,46.906935],[-71.178337,46.9069074],[-71.176735,46.9078521],[-71.1765617,46.9080275],[-71.1759484,46.9082751],[-71.1754808,46.9083918],[-71.174524,46.9084023],[-71.1742804,46.9084612],[-71.1739541,46.9087375],[-71.1728095,46.9088316],[-71.1727778,46.9090818],[-71.1724225,46.9093598],[-71.1717744,46.9095876],[-71.1708332,46.9103019],[-71.1697051,46.9117804],[-71.1690988,46.912374],[-71.1689892,46.9125649],[-71.1689424,46.9135969],[-71.16964,46.915184],[-71.1697016,46.9156127],[-71.169875,46.9158224],[-71.1698632,46.9161354],[-71.1700721,46.9162588],[-71.1702141,46.917035],[-71.1701699,46.9172339],[-71.169995,46.9174168],[-71.1696936,46.9180639],[-71.1697175,46.918607],[-71.1694746,46.9190303],[-71.1686299,46.920039],[-71.166977,46.9209449],[-71.1664336,46.9215748],[-71.1653634,46.9225132],[-71.1646246,46.9234833],[-71.1643915,46.923938],[-71.1642843,46.9244171],[-71.1642923,46.9247931],[-71.1635843,46.9262699],[-71.1637842,46.9264579],[-71.1648179,46.9266311],[-71.1657441,46.9272352],[-71.1660348,46.9275819],[-71.1665613,46.92781],[-71.1676511,46.9277394],[-71.1690353,46.9273265],[-71.1708937,46.9272329],[-71.1723034,46.9267022],[-71.1728366,46.9265774],[-71.1733608,46.926249],[-71.172895,46.9255007],[-71.1723153,46.9249995],[-71.1721814,46.9245992],[-71.1726377,46.9239747],[-71.1728875,46.9237832],[-71.1749754,46.9225822],[-71.1772669,46.9217332],[-71.1790093,46.9205733],[-71.1803167,46.9199767],[-71.1811929,46.9198389],[-71.1832721,46.9193351],[-71.184136,46.9194555],[-71.1842149,46.9195364],[-71.1834199,46.9195572],[-71.1824622,46.9198094],[-71.1824289,46.9199405],[-71.1829392,46.9202427],[-71.1834402,46.9203099],[-71.1843077,46.9208213],[-71.1848772,46.9209747],[-71.1852891,46.9213539],[-71.187458,46.9220528],[-71.187458,46.9228043],[-71.1858987,46.9222175],[-71.1840501,46.9220265],[-71.1840635,46.9221738],[-71.1842517,46.9224066],[-71.1847471,46.9226645],[-71.186989,46.923316],[-71.1865831,46.9233409],[-71.1853741,46.9230346],[-71.1845762,46.9227431],[-71.1841915,46.9227066],[-71.1839034,46.9223799],[-71.1836806,46.9217928],[-71.183331,46.9213537],[-71.1820893,46.9206169],[-71.1804217,46.920647],[-71.1793242,46.9211948],[-71.1780829,46.9221638],[-71.1761303,46.9227879],[-71.174986,46.9232463],[-71.1741091,46.9238726],[-71.1736554,46.9242488],[-71.173397,46.9245529],[-71.1733359,46.9247569],[-71.1733492,46.9249042],[-71.1736468,46.9252144],[-71.1740391,46.9258471],[-71.1740346,46.9264401],[-71.1736549,46.9267116],[-71.1725053,46.9271303],[-71.1715859,46.927611],[-71.1711029,46.9276726],[-71.1704227,46.927566],[-71.1695043,46.9276061],[-71.1691883,46.9276935],[-71.1688736,46.927925],[-71.1681525,46.9281333],[-71.1674959,46.9282535],[-71.1665316,46.9283004],[-71.1651365,46.9280012],[-71.1646745,46.927685],[-71.163254,46.9272351],[-71.1629819,46.9270756],[-71.1627199,46.9266791],[-71.1627267,46.926058],[-71.1631159,46.9251853],[-71.1632279,46.9246979],[-71.1635747,46.9242642],[-71.1639146,46.9232824],[-71.1643006,46.9226101],[-71.1660264,46.9208709],[-71.1680599,46.9195213],[-71.1688079,46.9188028],[-71.1693067,46.9172026],[-71.1694695,46.9170164],[-71.1695053,46.9163936],[-71.1691031,46.9159977],[-71.168599,46.9152677],[-71.1682334,46.914345],[-71.1678958,46.9138611],[-71.167802,46.9136346],[-71.1678352,46.9129919],[-71.1686475,46.9116008],[-71.169444,46.9106271],[-71.1705147,46.9095165],[-71.1706742,46.9089462],[-71.1706595,46.9069489],[-71.1709311,46.9059393],[-71.1711095,46.905604],[-71.1715426,46.9053853],[-71.1718962,46.9050695],[-71.1717216,46.9050528],[-71.1715791,46.9049324],[-71.1714224,46.9049526],[-71.1711722,46.9047979],[-71.1711484,46.9047038],[-71.1709958,46.9047522],[-71.1702401,46.9046224],[-71.1697955,46.9046732],[-71.1693659,46.9045975],[-71.169165,46.9042654],[-71.1691512,46.9040701],[-71.1693494,46.903842],[-71.1694058,46.903602],[-71.1699567,46.9033424],[-71.1701833,46.903001],[-71.1699645,46.9023425],[-71.1696134,46.9021157],[-71.1693995,46.901761],[-71.1689523,46.9014945],[-71.1686958,46.9006194],[-71.1677845,46.8997347],[-71.1673526,46.8991564],[-71.1669218,46.8981098],[-71.1647228,46.896705],[-71.1633868,46.8955494],[-71.1623589,46.8948314],[-71.1608318,46.8942109],[-71.1599761,46.8941248],[-71.1597186,46.8942182],[-71.1594558,46.894616],[-71.1592653,46.894668],[-71.1590386,46.8947218],[-71.1585609,46.8945068],[-71.1580543,46.894878],[-71.1579114,46.895127],[-71.1579644,46.8954],[-71.1576077,46.8952176],[-71.1573686,46.8952202],[-71.1572378,46.8954724],[-71.1558785,46.8961599],[-71.1535804,46.8960959],[-71.1527701,46.8959732],[-71.1517891,46.8956606],[-71.1514659,46.8954201],[-71.1507993,46.8951444],[-71.1504481,46.8947334],[-71.150259,46.8943565],[-71.1487207,46.893737],[-71.1478337,46.893175],[-71.1476906,46.8929148],[-71.1477368,46.8927939],[-71.1474456,46.8927116],[-71.1476187,46.8926625],[-71.1476082,46.8924721],[-71.1476805,46.8924437],[-71.1478296,46.8920622],[-71.1478257,46.891582],[-71.1476,46.8911473],[-71.1473689,46.8909412],[-71.1471729,46.8906008],[-71.14686,46.8904397],[-71.146289,46.8906306],[-71.1461533,46.8905748],[-71.1462698,46.8903475],[-71.1467645,46.8899731],[-71.1468088,46.8897742],[-71.1464353,46.8895967],[-71.1454488,46.8885638],[-71.1453522,46.8879531],[-71.1441675,46.8875088],[-71.1438512,46.8869155],[-71.14423,46.886644],[-71.1426771,46.8857711],[-71.1424177,46.8857277],[-71.1421624,46.8861231],[-71.141393,46.8866928],[-71.1409376,46.8871449],[-71.1386836,46.8886353],[-71.1375454,46.889181],[-71.136396,46.8895512],[-71.1353883,46.8904292],[-71.1344807,46.8908167],[-71.1338788,46.8904529],[-71.1337196,46.8904866],[-71.1341535,46.8909967],[-71.1335862,46.8910352],[-71.1332535,46.8914438],[-71.1310009,46.8928579],[-71.1278025,46.8954063],[-71.1267611,46.8960261],[-71.1264005,46.8959478],[-71.1258764,46.8959596],[-71.1255004,46.8960786],[-71.1245727,46.8967194],[-71.1237077,46.8970321],[-71.1234384,46.8972086],[-71.1226402,46.8974052],[-71.1219498,46.8978034],[-71.1206792,46.8978244],[-71.1202635,46.8981338],[-71.1202381,46.8982995],[-71.120361,46.8985724],[-71.1202938,46.8986405],[-71.1196786,46.8987619],[-71.1190989,46.8991133],[-71.1185589,46.8992741],[-71.1181826,46.899345],[-71.1177691,46.89931],[-71.1174133,46.8995398],[-71.1157486,46.8995405],[-71.1132635,46.9000193],[-71.1123218,46.9001004],[-71.1119098,46.9002574],[-71.1114944,46.9006149],[-71.1111429,46.9007883],[-71.1103798,46.9008505],[-71.1101751,46.900939],[-71.1100888,46.9010403],[-71.1100979,46.901292],[-71.1094144,46.902018],[-71.1091858,46.9021479],[-71.1089533,46.9020659],[-71.1091986,46.9015666],[-71.1091469,46.9014376],[-71.108836,46.9012001],[-71.1081058,46.9014725],[-71.1067599,46.9021345],[-71.1064093,46.902452],[-71.1064763,46.9027002],[-71.1067991,46.9028928],[-71.10737,46.9026541],[-71.1072287,46.9028268],[-71.106894,46.9029952],[-71.1068367,46.9030948],[-71.1069218,46.9031657],[-71.1073342,46.9030567],[-71.1075068,46.902854],[-71.1079567,46.9025826],[-71.1081909,46.9022241],[-71.1086447,46.9021646],[-71.1087272,46.9022157],[-71.1087573,46.902358],[-71.1081393,46.9027757],[-71.1080624,46.9031768],[-71.1077119,46.9034943],[-71.1069769,46.9037749],[-71.1058528,46.9043914],[-71.1043356,46.9054481],[-71.1014089,46.9071304],[-71.1008621,46.9073756],[-71.1000442,46.9075571],[-71.0998904,46.9076785],[-71.0997268,46.9081328],[-71.0988468,46.9087865],[-71.0970307,46.9096569],[-71.0965284,46.9097032],[-71.0960273,46.9095773],[-71.0956361,46.909625],[-71.0951644,46.9099097],[-71.094651,46.9104612],[-71.0938795,46.9110963],[-71.0918447,46.9125403],[-71.0913695,46.912661],[-71.0892067,46.9137923],[-71.0885295,46.9140694],[-71.0882424,46.9141548],[-71.0874635,46.9140495],[-71.0870665,46.9143257],[-71.0869827,46.9148112],[-71.0868168,46.9149293],[-71.0853895,46.9154637],[-71.084636,46.9155572],[-71.0837175,46.9159128],[-71.0828407,46.9163659],[-71.0821627,46.9165469],[-71.0803956,46.9172578],[-71.0798145,46.9171006],[-71.0795513,46.9171444],[-71.0792094,46.9173492],[-71.0790396,46.9176197],[-71.0784517,46.9179113],[-71.0754689,46.9190315],[-71.0695302,46.9221711],[-71.068283,46.9229747],[-71.0679775,46.9228248],[-71.0676614,46.9229119],[-71.0667509,46.9238354],[-71.0647435,46.9248647],[-71.0636437,46.9256794],[-71.0629729,46.9262842],[-71.061882,46.9269863],[-71.0607211,46.9281009],[-71.0593195,46.9290257],[-71.0590346,46.9294952],[-71.0600392,46.9307067],[-71.0603564,46.931378],[-71.0603687,46.9322061],[-71.0602695,46.932208],[-71.0601179,46.9315244],[-71.0596698,46.9305783],[-71.0583479,46.9298847],[-71.058108,46.929791],[-71.0578518,46.9297983],[-71.0568846,46.9301886],[-71.0563062,46.9305115],[-71.0538678,46.9323352],[-71.0525617,46.9335065],[-71.0521294,46.9340129],[-71.0519962,46.9343892],[-71.0514549,46.934866],[-71.0510232,46.9354684],[-71.0506165,46.9358091],[-71.0501419,46.9369466],[-71.0503816,46.9374047],[-71.0506274,46.9376823],[-71.0507812,46.9383378],[-71.0503347,46.9389171],[-71.0491298,46.9396458],[-71.0489597,46.9399163],[-71.0487763,46.9399913],[-71.0481062,46.9407881],[-71.0487134,46.9412403],[-71.0490688,46.9416435],[-71.0492028,46.943061],[-71.0490171,46.9435766],[-71.0487081,46.9440876],[-71.0476764,46.9455347],[-71.046931,46.946292],[-71.0463906,46.9465486],[-71.0458011,46.9466479],[-71.0452456,46.9463727],[-71.0448834,46.9464665],[-71.0441812,46.9471971],[-71.0439699,46.9487514],[-71.0436719,46.9486611],[-71.043448,46.9484182],[-71.0432864,46.9480674],[-71.0429861,46.9480053],[-71.0425469,46.9481837],[-71.0417154,46.9491383],[-71.0411354,46.9500939],[-71.0403449,46.9510501],[-71.0401391,46.9514548],[-71.0397116,46.9520008],[-71.0382246,46.9529985],[-71.0373999,46.9539167],[-71.0357994,46.9554016],[-71.0337836,46.9570715],[-71.0333928,46.9577235],[-71.0328207,46.9579618],[-71.03237,46.958281],[-71.0320231,46.9590024],[-71.0313937,46.9593883],[-71.0293328,46.960384],[-71.0288049,46.9607398],[-71.0284102,46.9611317],[-71.027728,46.9620693],[-71.0271619,46.9625395],[-71.0254223,46.963488],[-71.0254064,46.9636851],[-71.0255864,46.9638586],[-71.0253524,46.9639967],[-71.0250616,46.9643784],[-71.0240101,46.9650336],[-71.0233245,46.9648862],[-71.0231531,46.9649645],[-71.0230516,46.965455],[-71.0220425,46.9658915],[-71.0214023,46.9665623],[-71.0213434,46.9668821],[-71.0210104,46.9670701],[-71.0204813,46.9672337],[-71.020127,46.9670225],[-71.0196678,46.9671379],[-71.0194941,46.9672443],[-71.0194961,46.9676287],[-71.0190088,46.9679379],[-71.0176569,46.9685789],[-71.0169484,46.9686651],[-71.0168357,46.968884],[-71.0165315,46.9690222],[-71.0170273,46.9689647],[-71.0169869,46.9691073],[-71.0167435,46.9693099],[-71.0164299,46.9695128],[-71.0158607,46.9694064],[-71.0154827,46.9697933],[-71.0154612,46.9698546],[-71.0158063,46.9701305],[-71.0158067,46.9702265],[-71.0154328,46.970461],[-71.0152527,46.970748],[-71.0145289,46.9711754],[-71.0142448,46.9714726],[-71.0134919,46.9719017],[-71.0129881,46.9723121],[-71.0127728,46.9723208],[-71.0103822,46.9739084],[-71.0100317,46.9740052],[-71.0095519,46.9743741],[-71.0095284,46.9745116],[-71.0091461,46.9745423],[-71.0088757,46.9746705],[-71.0085481,46.9749943],[-71.0073689,46.974876],[-71.0070107,46.9758824],[-71.0067105,46.9758681],[-71.0056881,46.976157],[-71.0047496,46.9767853],[-71.0046636,46.9770306],[-71.0051284,46.9770511],[-71.0055164,46.9772043],[-71.005583,46.9774527],[-71.0058745,46.9776757],[-71.0067134,46.9779703],[-71.007726,46.9786671],[-71.0078186,46.9787978],[-71.007668,46.9791791],[-71.0075731,46.9790766],[-71.0075695,46.9787688],[-71.0070671,46.978546],[-71.0052622,46.9782005],[-71.0046844,46.9778423],[-71.0039476,46.9776137],[-71.0030641,46.977614],[-71.0023405,46.9781374],[-71.0018274,46.9781518],[-71.001596,46.9783577],[-71.0013495,46.9784444],[-71.0011762,46.9786469],[-71.0011698,46.9788275],[-71.0009843,46.9790267],[-71.0002243,46.9790316],[-70.999007,46.9795843],[-70.998867,46.9796807],[-70.9986703,46.9800687],[-70.9986596,46.9803537],[-70.9985564,46.980556],[-70.9982612,46.9805815],[-70.9978346,46.9804466],[-70.997182,46.9806534],[-70.996697,46.9809825],[-70.9963537,46.9810909],[-70.9961731,46.9812818],[-70.9955181,46.9815167],[-70.9953034,46.9816696],[-70.9948867,46.9821227],[-70.9947497,46.9823351],[-70.9947384,46.982524],[-70.9940607,46.982532],[-70.9930136,46.9827662],[-70.9929785,46.9830445],[-70.9923499,46.9832099],[-70.9919659,46.9834128],[-70.9915297,46.983851],[-70.9900722,46.9843577],[-70.990042,46.9846278],[-70.9898587,46.9847988],[-70.989247,46.9849591],[-70.9887324,46.9851937],[-70.988209,46.9856371],[-70.9876213,46.985756],[-70.9867017,46.9863989],[-70.986732,46.9866855],[-70.9868319,46.9868278],[-70.987101,46.98692],[-70.9870918,46.9870326],[-70.9866781,46.9870931],[-70.9863837,46.9867541],[-70.9857517,46.9867074],[-70.9839248,46.987488],[-70.981664,46.9887267],[-70.9813792,46.9889277],[-70.981407,46.9891944],[-70.9816681,46.9896876],[-70.9803645,46.9905814],[-70.9780822,46.9925341],[-70.9765009,46.9936405],[-70.9761827,46.9939957],[-70.9742465,46.9953993],[-70.9736969,46.9960083],[-70.9730515,46.9962746],[-70.972393,46.9969021],[-70.9706326,46.9981231],[-70.9701381,46.9986127],[-70.9694886,46.9990795],[-70.9667686,47.0008174],[-70.9656751,47.0017107],[-70.9645442,47.0023539],[-70.9642045,47.0028184],[-70.9642186,47.0030414],[-70.9635646,47.0036189],[-70.963652,47.0038969],[-70.9630177,47.00421],[-70.9621278,47.0044305],[-70.9613464,47.0048721],[-70.961192,47.0050209],[-70.9614129,47.0053606],[-70.9597958,47.0058788],[-70.9593857,47.005711],[-70.9591156,47.0057298],[-70.9589237,47.0058563],[-70.9590961,47.0061235],[-70.9599811,47.0069298],[-70.9605141,47.0075373],[-70.9602203,47.0077181],[-70.9593416,47.007284],[-70.9586859,47.007588],[-70.9562672,47.0091678],[-70.952703,47.0108588],[-70.9516951,47.0114586],[-70.9451003,47.0146205],[-70.9435271,47.0150571],[-70.9422378,47.0156092],[-70.9409756,47.0163319],[-70.9402329,47.0166196],[-70.9386156,47.0169386],[-70.9378997,47.0173008],[-70.9371757,47.0174113],[-70.9367063,47.0175909],[-70.9361118,47.0180342],[-70.9355656,47.0182666],[-70.9351454,47.0185645],[-70.9347853,47.0183841],[-70.9345251,47.0180829],[-70.9342825,47.017969],[-70.9339895,47.0180141],[-70.9334574,47.0183015],[-70.933419,47.0184159],[-70.9337614,47.0186722],[-70.9338005,47.0187981],[-70.9336628,47.0189143],[-70.9331593,47.0190558],[-70.9328659,47.0189569],[-70.9324274,47.0189625],[-70.9318804,47.0191306],[-70.9315129,47.0193764],[-70.9312218,47.0200461],[-70.9296922,47.020552],[-70.928387,47.0204818],[-70.9278421,47.0203291],[-70.9261693,47.018917],[-70.9257035,47.0184095],[-70.9253951,47.0185465],[-70.9254912,47.0186453],[-70.9255763,47.0186042],[-70.9256356,47.0187737],[-70.9266394,47.0197324],[-70.9265217,47.0202816],[-70.9265518,47.0208312],[-70.9264028,47.0212286],[-70.9245055,47.0219976],[-70.9242222,47.0224078],[-70.9234635,47.0229184],[-70.9228475,47.0230736],[-70.9224217,47.023324],[-70.9218638,47.0238004],[-70.9209748,47.0239043],[-70.9199554,47.0241359],[-70.9174678,47.0252741],[-70.9147849,47.0261513],[-70.91367,47.0267569],[-70.9130773,47.0266772],[-70.9126943,47.027058],[-70.9126534,47.0272006],[-70.9129901,47.0275304],[-70.9129354,47.0276181],[-70.9126498,47.0276413],[-70.9121232,47.0273636],[-70.9116141,47.0272731],[-70.9111853,47.0273101],[-70.9102075,47.0277354],[-70.9086433,47.0282029],[-70.9080043,47.0284804],[-70.9074407,47.0288936],[-70.9067433,47.0290784],[-70.9038141,47.0302979],[-70.8965191,47.0331046],[-70.891988,47.0345889],[-70.8899918,47.034977],[-70.8890086,47.0353624],[-70.8880113,47.0359168],[-70.8870069,47.0366038],[-70.8863779,47.0372009],[-70.8857156,47.0380482],[-70.8855373,47.0385952],[-70.8855862,47.0388006],[-70.8859526,47.0390157],[-70.887308,47.0392215],[-70.8875991,47.0393488],[-70.8878791,47.0399534],[-70.8878561,47.0405714],[-70.8875311,47.0408885],[-70.8870211,47.0410577],[-70.8866638,47.0417289],[-70.8868095,47.042088],[-70.8864597,47.0424808],[-70.8866182,47.0426681],[-70.885625,47.042489],[-70.88524,47.042556],[-70.884903,47.042681],[-70.884729,47.043043],[-70.8836856,47.0422788],[-70.8824482,47.0417016],[-70.8820525,47.0413921],[-70.8819161,47.0410476],[-70.8817244,47.0409185],[-70.8814456,47.0408906],[-70.8792119,47.0415405],[-70.8784825,47.0416107],[-70.8775586,47.0414359],[-70.8750047,47.041912],[-70.8738394,47.0422957],[-70.8691484,47.0433997],[-70.8658673,47.0440617],[-70.8644398,47.0442682],[-70.863432,47.0446947],[-70.8626782,47.0447102],[-70.8620603,47.044926],[-70.8612385,47.0448653],[-70.8607659,47.0449766],[-70.8600872,47.0449837],[-70.8595276,47.0452923],[-70.8587276,47.0452663],[-70.8580274,47.0455269],[-70.8551597,47.0455519],[-70.8538751,47.04573],[-70.850244,47.0460271],[-70.847275,47.0465623],[-70.8466522,47.0467383],[-70.8463615,47.0468992],[-70.8432252,47.047552],[-70.8428228,47.0476152],[-70.839921,47.0476016],[-70.8369445,47.0482691],[-70.8348598,47.0484688],[-70.8338563,47.0486945],[-70.832458,47.0492833],[-70.8321185,47.0492868],[-70.832162,47.04902],[-70.8319946,47.0489455],[-70.8308115,47.0488531],[-70.8291239,47.0485173],[-70.8277589,47.0483753],[-70.8259382,47.0483394],[-70.8237241,47.0490888],[-70.8231859,47.0490956],[-70.822153,47.0488423],[-70.8200011,47.0491773],[-70.8183421,47.0490123],[-70.8164965,47.0490931],[-70.814316,47.0489263],[-70.8128358,47.0491217],[-70.8120447,47.0493758],[-70.8101779,47.0493943],[-70.8086434,47.0496861],[-70.8064908,47.0499553],[-70.8058049,47.0503389],[-70.803235,47.0522277],[-70.8025271,47.0528608],[-70.8023132,47.0532381],[-70.8020296,47.0535234],[-70.7992395,47.0552106],[-70.7959321,47.0576897],[-70.7952337,47.0584983],[-70.7932547,47.0615905],[-70.7920032,47.0631515],[-70.7873801,47.0661936],[-70.7845903,47.0685548],[-70.7829673,47.0697162],[-70.7825209,47.070142],[-70.7820188,47.0708444],[-70.780743,47.0714968],[-70.7797049,47.0718207],[-70.7782654,47.0725061],[-70.777841,47.0729997],[-70.7773774,47.0730877],[-70.7768192,47.0733363],[-70.7762219,47.0739099],[-70.7755087,47.0749274],[-70.7744576,47.0758027],[-70.7736617,47.0762834],[-70.7714303,47.0773381],[-70.7672719,47.0801696],[-70.764425,47.0815442],[-70.7633327,47.0822548],[-70.7613544,47.0832998],[-70.7595419,47.0834383],[-70.7574888,47.0839628],[-70.7524967,47.0844944],[-70.751347,47.084714],[-70.74998,47.0851211],[-70.7494951,47.0852069],[-70.7492938,47.0851422],[-70.747794,47.085443],[-70.7455291,47.0862068],[-70.6958677,47.0362211],[-70.6812249,47.0098716],[-70.6182269,46.9879198],[-70.6145676,46.9853769],[-70.6138116,46.9837182],[-70.6151049,46.9835749],[-70.6170847,46.98365],[-70.6177994,46.9835106],[-70.6197264,46.9828881],[-70.6211803,46.9825198],[-70.6214789,46.9823232],[-70.6218511,46.9818584],[-70.622191,46.9816155],[-70.6230614,46.9812593],[-70.6240186,46.9809944],[-70.625292,46.9803358],[-70.6264921,46.9798493],[-70.6270487,46.9798586],[-70.627832,46.9801036],[-70.6280886,46.9800974],[-70.628108,46.979468],[-70.6282329,46.9790888],[-70.6317638,46.9773409],[-70.6329942,46.9764684],[-70.6347866,46.9754528],[-70.6355635,46.9748014],[-70.6359637,46.9745752],[-70.6383067,46.9738653],[-70.6407095,46.9726236],[-70.6424803,46.971477],[-70.6426796,46.9712338],[-70.6435424,46.9708658],[-70.6441091,46.97007],[-70.6445777,46.9696318],[-70.6449924,46.9693806],[-70.6460538,46.9689616],[-70.6467559,46.9688667],[-70.6469691,46.9680984],[-70.6471297,46.9678253],[-70.6478966,46.9671905],[-70.6505018,46.9660334],[-70.6512332,46.9658408],[-70.6518589,46.9653978],[-70.6544211,46.9640269],[-70.6588546,46.9622678],[-70.6612801,46.9611285],[-70.662063,46.9606807],[-70.6624345,46.9602638],[-70.6630214,46.9597909],[-70.6635279,46.9595266],[-70.6649885,46.9589771],[-70.6662109,46.958737],[-70.6666779,46.9587311],[-70.6719581,46.9566281],[-70.6728375,46.9562068],[-70.6733127,46.9558282],[-70.674008,46.9554812],[-70.6749497,46.9552407],[-70.6753693,46.9548851],[-70.6761059,46.9544438],[-70.6770649,46.9540541],[-70.6783475,46.9538785],[-70.6788668,46.9532812],[-70.679407,46.953007],[-70.6800204,46.9525125],[-70.680805,46.9521805],[-70.6817079,46.951958],[-70.6819551,46.9517761],[-70.6850544,46.9506105],[-70.6854443,46.9504006],[-70.6854689,46.9502632],[-70.6857572,46.950083],[-70.6866069,46.9498074],[-70.6870337,46.9493673],[-70.688312,46.9489117],[-70.6899999,46.9481169],[-70.6903076,46.9479036],[-70.6904534,46.9476073],[-70.6904686,46.9473423],[-70.69066,46.9471835],[-70.6910135,46.9470597],[-70.6920998,46.9469069],[-70.6926569,46.9465795],[-70.6931465,46.9461759],[-70.693483,46.946009],[-70.6946763,46.9445975],[-70.6955503,46.9442324],[-70.6961997,46.9436998],[-70.6972452,46.9434011],[-70.6986784,46.9427285],[-70.6989788,46.9425036],[-70.6992748,46.9420948],[-70.7001752,46.9417562],[-70.7010277,46.9412121],[-70.7019401,46.9408768],[-70.7027392,46.9404238],[-70.7030591,46.9401177],[-70.7039693,46.9396665],[-70.7050486,46.9393098],[-70.7064503,46.9385708],[-70.7081842,46.9373849],[-70.7099774,46.936696],[-70.7108177,46.9361005],[-70.7122918,46.9353334],[-70.7143606,46.9346048],[-70.714871,46.9345241],[-70.7164786,46.9346779],[-70.7182961,46.9351681],[-70.7194221,46.935593],[-70.7217486,46.936819],[-70.7222242,46.9372765],[-70.7224998,46.937285],[-70.7243635,46.9362596],[-70.7248981,46.9361374],[-70.7253235,46.9362255],[-70.7255963,46.9365023],[-70.7256851,46.9369016],[-70.7264023,46.9375216],[-70.7264814,46.9379374],[-70.7264736,46.93831],[-70.7263353,46.93857],[-70.7252121,46.9392416],[-70.7254197,46.93951],[-70.7270048,46.9387924],[-70.7292969,46.9374906],[-70.7295729,46.9372589],[-70.7302673,46.9370077],[-70.7312397,46.9368328],[-70.7319585,46.9363961],[-70.7330303,46.9360275],[-70.7336425,46.9356768],[-70.7353845,46.9350022],[-70.7358722,46.9354355],[-70.7360476,46.9354056],[-70.7361149,46.9353269],[-70.7356448,46.9349382],[-70.7362588,46.9344737],[-70.7361616,46.9342638],[-70.737144,46.9337696],[-70.7370427,46.9336803],[-70.7357231,46.9343085],[-70.7349642,46.9336792],[-70.7351062,46.933488],[-70.7344067,46.9322637],[-70.7344433,46.9320335],[-70.7348773,46.9312206],[-70.7354585,46.9306115],[-70.7363464,46.9301732],[-70.7368471,46.9300129],[-70.738218,46.9299475],[-70.7392694,46.9301883],[-70.7405646,46.9307555],[-70.7409922,46.9310076],[-70.74155,46.9315644],[-70.7415449,46.9318128],[-70.741196,46.9323128],[-70.7405621,46.9326768],[-70.7404386,46.9328158],[-70.740499,46.9328805],[-70.7418151,46.9322618],[-70.7431165,46.9317641],[-70.7443723,46.9309847],[-70.7479138,46.9293917],[-70.7512061,46.9276245],[-70.7518834,46.9273301],[-70.7525173,46.9268219],[-70.7528322,46.9262358],[-70.7539932,46.9256898],[-70.7541287,46.925554],[-70.7543446,46.9247774],[-70.7547972,46.9242675],[-70.7551612,46.922782],[-70.755295,46.921906],[-70.7552858,46.9213942],[-70.7550399,46.9207117],[-70.754916,46.9188617],[-70.7549479,46.9183997],[-70.7553462,46.9164721],[-70.7557119,46.915679],[-70.7566337,46.9147023],[-70.7570182,46.9145004],[-70.7586579,46.9132789],[-70.7628799,46.9104221],[-70.7634579,46.9099371],[-70.7665767,46.9079591],[-70.7668983,46.9076247],[-70.7676549,46.9073136],[-70.7682112,46.9065056],[-70.7688132,46.9060752],[-70.7693062,46.9059512],[-70.7701254,46.9059166],[-70.7741461,46.9062324],[-70.776652,46.9062379],[-70.7788438,46.9059171],[-70.7798177,46.9055695],[-70.7800014,46.905447],[-70.7799701,46.9052367],[-70.7796151,46.9047647],[-70.7799775,46.9049121],[-70.7802843,46.9051788],[-70.780383,46.9059456],[-70.7806198,46.9061162],[-70.7833525,46.906837],[-70.7858244,46.9072845],[-70.7865663,46.9072863],[-70.786733,46.9071687],[-70.7867403,46.9068921],[-70.786482,46.9061585],[-70.7866656,46.906084],[-70.786813,46.9061436],[-70.7871584,46.9069203],[-70.7870348,46.9082121],[-70.7872209,46.9084456],[-70.7886682,46.9094957],[-70.7908477,46.9112365],[-70.7919036,46.9121408],[-70.792834,46.9130683],[-70.7929741,46.9135005],[-70.7930779,46.9148354],[-70.7932471,46.9150258],[-70.7944337,46.9157546],[-70.7944506,46.9159897],[-70.7940155,46.9166389],[-70.7939478,46.916947],[-70.7942693,46.9169967],[-70.794482,46.9169205],[-70.7954996,46.9159219],[-70.7959298,46.9157132],[-70.7970344,46.915382],[-70.7981171,46.9141995],[-70.7985304,46.9139958],[-70.7991419,46.9137888],[-70.8010971,46.913633],[-70.8013726,46.9134972],[-70.8015997,46.91306],[-70.8015899,46.91202],[-70.8019258,46.9114685],[-70.8024889,46.9112001],[-70.8031027,46.911061],[-70.8061936,46.9106401],[-70.8070949,46.9104164],[-70.8083925,46.909946],[-70.8093518,46.9094308],[-70.8096078,46.9090399],[-70.8093345,46.9079469],[-70.8097765,46.9073573],[-70.8105956,46.9068902],[-70.8118034,46.9056844],[-70.8132335,46.9045779],[-70.8142455,46.9034913],[-70.8146272,46.9032213],[-70.8158037,46.9027657],[-70.8183323,46.9001834],[-70.8202187,46.8990867],[-70.8205592,46.8989591],[-70.8229773,46.898296],[-70.8262361,46.8977767],[-70.8266394,46.8975414],[-70.8273418,46.8966486],[-70.8278731,46.8963139],[-70.8289963,46.8960933],[-70.8296066,46.8947816],[-70.8300288,46.8940809],[-70.8310183,46.8928154],[-70.8316262,46.8917719],[-70.8319713,46.8913478],[-70.8341709,46.8901448],[-70.8344604,46.8897439],[-70.8346192,46.8890384],[-70.8349232,46.8885647],[-70.8363424,46.8873784],[-70.8371969,46.886825],[-70.8393426,46.8851847],[-70.8404386,46.8846973],[-70.8409771,46.8845663],[-70.8428803,46.8845687],[-70.8437932,46.884492],[-70.8482664,46.8847464],[-70.8522592,46.8850802],[-70.8544578,46.8855856],[-70.8566606,46.8856505],[-70.8584364,46.8860882],[-70.8591365,46.8858476],[-70.8592185,46.8857068],[-70.8591844,46.8855246],[-70.8587292,46.8847185],[-70.858741,46.884578],[-70.859251,46.884544],[-70.8593355,46.8848075],[-70.8596427,46.885122],[-70.8597808,46.8853901],[-70.8598877,46.8858322],[-70.8596163,46.8869485],[-70.859281,46.88726],[-70.859245,46.8873942],[-70.8594175,46.8880846],[-70.8594669,46.8888662],[-70.8592863,46.8892488],[-70.8585316,46.8902329],[-70.8585273,46.8906254],[-70.8589553,46.8909249],[-70.8591418,46.8913023],[-70.859427,46.8913899],[-70.8596515,46.8912688],[-70.8598346,46.8909541],[-70.8610417,46.8904681],[-70.8615774,46.8901249],[-70.8621544,46.8899274],[-70.8638125,46.8890271],[-70.8649571,46.8887928],[-70.8658849,46.8889312],[-70.8669967,46.8893791],[-70.867814,46.8899482],[-70.8681334,46.8902659],[-70.8690264,46.8913068],[-70.8691067,46.8916263],[-70.8691241,46.8919095],[-70.8690542,46.8920536],[-70.8686004,46.892256],[-70.8686227,46.8925789],[-70.8687848,46.8927096],[-70.8705083,46.8934303],[-70.8707242,46.8939501],[-70.8708909,46.8939764],[-70.871642,46.8938169],[-70.8732589,46.8929147],[-70.8739278,46.8927519],[-70.8742775,46.8924154],[-70.875057,46.892014],[-70.8749669,46.891615],[-70.8749684,46.8911066],[-70.8754119,46.8905366],[-70.8765682,46.8901133],[-70.8779057,46.8897396],[-70.8798911,46.8896484],[-70.8827166,46.8905931],[-70.8832434,46.8906986],[-70.8835042,46.8906354],[-70.88382,46.8903089],[-70.8842221,46.8896892],[-70.8847651,46.8894535],[-70.8852113,46.8890954],[-70.8856942,46.8889873],[-70.8871795,46.888913],[-70.8875609,46.8887868],[-70.8883879,46.8880624],[-70.8892495,46.8877121],[-70.8896326,46.8872696],[-70.8906968,46.8868115],[-70.8909324,46.8863095],[-70.8912119,46.8860211],[-70.8916849,46.8858335],[-70.8939597,46.8856291],[-70.8942758,46.8854947],[-70.8951584,46.884891],[-70.8958437,46.8845789],[-70.8964678,46.8839623],[-70.8988342,46.8827078],[-70.8998927,46.8819698],[-70.900377,46.8814973],[-70.9008859,46.8812235],[-70.902482,46.8801139],[-70.9028149,46.8799745],[-70.9040029,46.8789167],[-70.906087,46.8779306],[-70.9077017,46.8776323],[-70.907778,46.8782002],[-70.9083627,46.8790193],[-70.9084932,46.8794232],[-70.9088018,46.8796615],[-70.9090037,46.8796088],[-70.9092072,46.879346],[-70.909172,46.8791527],[-70.9089027,46.878891],[-70.9086098,46.8788364],[-70.908145,46.8782847],[-70.9080137,46.8778746],[-70.9083948,46.8777435],[-70.9084712,46.8776428],[-70.9093083,46.8773785],[-70.9094393,46.8772586],[-70.909498,46.87701],[-70.9094414,46.8766626],[-70.9092925,46.8765544],[-70.9101296,46.8761259],[-70.9117204,46.875917],[-70.9143706,46.8763905],[-70.9150151,46.8763169],[-70.9162372,46.8763815],[-70.9174801,46.8761448],[-70.9188273,46.8760421],[-70.9198022,46.8758089],[-70.9215556,46.875078],[-70.9228393,46.8747468],[-70.9237351,46.8747224],[-70.9252736,46.8748445],[-70.926721,46.8743858],[-70.9268086,46.8742887],[-70.9268056,46.8740875],[-70.9273226,46.8736759],[-70.9290653,46.8734698],[-70.9294875,46.873345],[-70.9309382,46.8723875],[-70.9322429,46.8718988],[-70.932503,46.8716914],[-70.9357187,46.870006],[-70.9366842,46.8691849],[-70.9374409,46.8687483],[-70.9388228,46.8675226],[-70.9403096,46.8666709],[-70.9407334,46.8663258],[-70.9412155,46.8661214],[-70.9414753,46.865818],[-70.9414424,46.8653677],[-70.9415875,46.8647068],[-70.9418782,46.8642775],[-70.9425209,46.8637234],[-70.9435014,46.8631175],[-70.9457509,46.862301],[-70.9462878,46.8611808],[-70.9465909,46.8608508],[-70.9468259,46.8603968],[-70.9469785,46.8591431],[-70.9472444,46.8585632],[-70.9473217,46.8578743],[-70.9478196,46.8573767],[-70.9484632,46.8571108],[-70.9486722,46.8568223],[-70.9487051,46.8565722],[-70.9488375,46.8564644],[-70.950794,46.8555009],[-70.951179,46.8551741],[-70.9515508,46.8552082],[-70.9523727,46.8548757],[-70.9539722,46.8546975],[-70.955179,46.8546905],[-70.9553796,46.8547547],[-70.9555879,46.8549746],[-70.9559548,46.854969],[-70.9561667,46.8548444],[-70.9567724,46.8541364],[-70.9570621,46.853515],[-70.9575613,46.8527492],[-70.9580903,46.8522218],[-70.9585213,46.8519363],[-70.9596239,46.8518433],[-70.9602287,46.8515955],[-70.9604838,46.8513964],[-70.960992,46.8504699],[-70.9614197,46.8499725],[-70.9617905,46.8497665],[-70.9644848,46.8487832],[-70.9651129,46.8483019],[-70.9656674,46.8481651],[-70.9663044,46.8475232],[-70.9674991,46.8469565],[-70.9680007,46.8462585],[-70.9689316,46.8454952],[-70.9696398,46.8451892],[-70.971137,46.8448487],[-70.9715005,46.8446311],[-70.9724261,46.8443843],[-70.9732401,46.8439921],[-70.9740618,46.8437074],[-70.9741798,46.8430681],[-70.9744271,46.8427613],[-70.9747787,46.8425884],[-70.9768608,46.8419371],[-70.9778614,46.8411736],[-70.9783315,46.8405054],[-70.9787883,46.8401022],[-70.9815563,46.8396663],[-70.9826675,46.8388561],[-70.9832958,46.8385188],[-70.9841261,46.8374691],[-70.9851031,46.8374473],[-70.9853295,46.8373458],[-70.9855548,46.8370043],[-70.9860516,46.8369669],[-70.9862343,46.836796],[-70.986279,46.8365492],[-70.9860562,46.8363543],[-70.9860019,46.8355051],[-70.9862372,46.835243],[-70.9871015,46.8348356],[-70.9878244,46.8346487],[-70.9896118,46.8345788],[-70.9926036,46.8346736],[-70.9929368,46.8347258],[-70.9937618,46.8352572],[-70.9939103,46.8350003],[-70.9943029,46.8348769],[-70.9977234,46.8342537],[-70.9981149,46.8338903],[-70.9983244,46.8337938],[-70.9994941,46.8337284],[-71.0003298,46.8334186],[-71.0016043,46.833583],[-71.0017002,46.8334653],[-71.0024885,46.8333344],[-71.003577,46.8334578],[-71.0038056,46.8333281],[-71.0041914,46.8327809],[-71.0044756,46.832676],[-71.005349,46.8327121],[-71.0056213,46.8326519],[-71.0076373,46.8314835],[-71.0079312,46.83141],[-71.0091567,46.8314171],[-71.0101051,46.8314928],[-71.0106395,46.8317531],[-71.0117798,46.8321015],[-71.0123402,46.8322442],[-71.012627,46.8322071],[-71.0127677,46.8323508],[-71.0127234,46.8331539],[-71.0128398,46.833291],[-71.0130912,46.8333881],[-71.0133783,46.833399],[-71.0143057,46.8331237],[-71.0161153,46.833184],[-71.0173154,46.8334047],[-71.0178381,46.8332495],[-71.0189773,46.8333577],[-71.0192632,46.8331285],[-71.0195622,46.8330947],[-71.0209279,46.8331494],[-71.0218579,46.8334021],[-71.0225598,46.8338325],[-71.023355,46.8341252],[-71.0245694,46.834321],[-71.0250926,46.8342617],[-71.02579,46.8338279],[-71.0261997,46.8337474],[-71.0271844,46.8338327],[-71.0287323,46.8345888],[-71.0290494,46.8343297],[-71.0292311,46.8340147],[-71.029904,46.8339865],[-71.0306019,46.834109],[-71.0312038,46.8343492],[-71.031371,46.8344713],[-71.031339,46.8348174],[-71.0315615,46.8349161],[-71.0323464,46.8346211],[-71.0335581,46.8342886],[-71.0338716,46.8342778],[-71.0340304,46.8341963],[-71.0341177,46.8338269],[-71.0360462,46.8331233],[-71.0365261,46.8330906],[-71.0367173,46.8332192],[-71.0370039,46.833134],[-71.0371253,46.8332629],[-71.0373439,46.8331017],[-71.0379025,46.8329082],[-71.0398193,46.8327095],[-71.0402115,46.832538],[-71.0418295,46.8328334],[-71.0437614,46.8336263],[-71.0443764,46.8340137],[-71.0447652,46.8340905],[-71.0452471,46.8339816],[-71.0466755,46.8340241],[-71.0475262,46.8338811],[-71.0498357,46.8340188],[-71.0507896,46.8341818],[-71.0513243,46.8344419],[-71.0514653,46.8346336],[-71.0516662,46.8351579],[-71.0518477,46.8360795],[-71.0518339,46.8362004],[-71.0510098,46.8363699],[-71.0509637,46.8367409],[-71.0511584,46.8370334],[-71.0512938,46.8370893],[-71.0523649,46.8370731],[-71.0542882,46.8367417],[-71.0544711,46.8366667],[-71.0545116,46.8365722],[-71.0544546,46.8363074],[-71.054168,46.8359804],[-71.0527794,46.8361597],[-71.0524414,46.836116],[-71.0518345,46.8346475],[-71.0517704,46.8344192],[-71.0518699,46.834101],[-71.0526035,46.8337249],[-71.0554661,46.8327567],[-71.0582462,46.8329261],[-71.0586643,46.833049],[-71.0587831,46.833158],[-71.0594189,46.8329757],[-71.0608524,46.8330578],[-71.0613309,46.8331971],[-71.0615141,46.8331701],[-71.0619683,46.8328907],[-71.0641321,46.8324805],[-71.0646591,46.8322687],[-71.0654662,46.8321042],[-71.0670501,46.8315367],[-71.06804,46.831297],[-71.0682684,46.8311672],[-71.0684551,46.8309399],[-71.0688605,46.8309635],[-71.0704016,46.8305186],[-71.0725164,46.8296349],[-71.0735539,46.8296765],[-71.0755251,46.8293577],[-71.0770898,46.8292355],[-71.0786129,46.8290156],[-71.0789636,46.8287944],[-71.0794946,46.8288424],[-71.080155,46.8287626],[-71.0806485,46.8286088],[-71.0825557,46.8284738],[-71.0832784,46.8283342],[-71.0842513,46.8284636],[-71.0847747,46.8284521],[-71.0861912,46.8281745],[-71.0874805,46.8283609],[-71.0912661,46.8285046],[-71.091591,46.8284009],[-71.0921096,46.8280334],[-71.0929626,46.8279098],[-71.0940001,46.827587],[-71.095222,46.8277933],[-71.0959658,46.8282727],[-71.0964872,46.827973],[-71.0973128,46.827727],[-71.0986524,46.8278501],[-71.1009706,46.8289186],[-71.1014775,46.82896],[-71.1021521,46.8288552],[-71.1031964,46.8291762],[-71.1041694,46.8293054],[-71.1040796,46.829559],[-71.1035701,46.8301782],[-71.1037486,46.8305237],[-71.1053247,46.8309886],[-71.1075855,46.8310639],[-71.1141515,46.8316907],[-71.1148207,46.831498],[-71.1152453,46.831172],[-71.1158519,46.8309911],[-71.1175627,46.8310515],[-71.1180989,46.8308228],[-71.1186099,46.8307598],[-71.1199064,46.8309092],[-71.1202411,46.8308369],[-71.1213774,46.8301955],[-71.121566,46.8299399],[-71.1220605,46.8296971],[-71.1239072,46.8294615],[-71.1244144,46.8295508],[-71.1249572,46.8292376],[-71.1259111,46.8291077],[-71.1261541,46.8289768],[-71.1269078,46.8288069],[-71.1304028,46.8287745],[-71.1328229,46.8285473],[-71.1343024,46.828037],[-71.140458,46.8280144],[-71.1420506,46.8277932],[-71.1429403,46.8280432],[-71.143404,46.8284272],[-71.1437274,46.8284476],[-71.1449143,46.8281551],[-71.1454812,46.8281645],[-71.1475201,46.8285525],[-71.148721,46.8285033],[-71.1496266,46.8283359],[-71.1508088,46.8283679],[-71.1511835,46.8284691],[-71.1519807,46.8289047],[-71.152356,46.8287858],[-71.1526497,46.8285273],[-71.1528066,46.8284991],[-71.1535217,46.8286033],[-71.1542099,46.828943],[-71.1548019,46.8296875],[-71.1555017,46.8307941],[-71.156613,46.8313351],[-71.1558123,46.8326853],[-71.1560628,46.8328144],[-71.1574128,46.8315311],[-71.1578363,46.8316933],[-71.1571688,46.8329144],[-71.1574551,46.8329781],[-71.157698,46.8324703],[-71.159064,46.8322548],[-71.1595602,46.831584],[-71.1599344,46.8313209],[-71.1614805,46.8315947],[-71.1615299,46.8314355],[-71.1621284,46.8314442],[-71.1621858,46.8320103],[-71.1625681,46.832287],[-71.1622713,46.8324698],[-71.1624193,46.8325641],[-71.1648993,46.8309912],[-71.1652423,46.831997],[-71.1636781,46.8331496],[-71.1638285,46.833248],[-71.1654911,46.8320258],[-71.1649504,46.8305578],[-71.1646039,46.8302144],[-71.1648102,46.8300941],[-71.1651965,46.8304158],[-71.1656216,46.8306194],[-71.1663953,46.8311619],[-71.1665543,46.8310961],[-71.1656572,46.8299822],[-71.1660741,46.829666],[-71.1664135,46.8296123],[-71.1667412,46.8294297],[-71.167648,46.8303567],[-71.1677802,46.8302966],[-71.1670396,46.8294452],[-71.1679123,46.8292414],[-71.1681294,46.8291207],[-71.1686707,46.8292053],[-71.1689497,46.8291081],[-71.169475,46.8284835],[-71.1701992,46.8282671],[-71.1710859,46.8278645],[-71.1713174,46.8275821],[-71.1721687,46.8269976],[-71.1721603,46.8267398],[-71.1722781,46.8265644],[-71.1728352,46.8262482],[-71.1743479,46.8257272],[-71.1755337,46.8250701],[-71.1763586,46.8245072],[-71.1767145,46.8241051],[-71.1767495,46.8239708],[-71.177905,46.8231714],[-71.1788368,46.822714],[-71.1796227,46.8221214],[-71.1808542,46.8214574],[-71.182905,46.8201907],[-71.1830937,46.819983],[-71.1837845,46.8195563],[-71.1846489,46.8185825],[-71.1846481,46.8182183],[-71.1849625,46.8172303],[-71.185237,46.8171895],[-71.185361,46.8167536],[-71.1855103,46.8167364],[-71.1856892,46.8161742],[-71.1854996,46.8160726],[-71.1854841,46.8159534],[-71.1857457,46.8152769],[-71.1856789,46.8148087],[-71.1857652,46.8147554],[-71.1859724,46.815271],[-71.1861411,46.8152686],[-71.1856763,46.8142525],[-71.1860933,46.8139627],[-71.1865419,46.8128864],[-71.1866572,46.8128313],[-71.1874056,46.8132056],[-71.1882819,46.8114305],[-71.1882258,46.8110897],[-71.188421,46.8101897],[-71.1890174,46.8098283],[-71.188859,46.8096419],[-71.188932,46.8094413],[-71.1888064,46.8088806],[-71.1879812,46.8082749],[-71.1880922,46.8058625],[-71.1888937,46.8030234],[-71.189472,46.8024515],[-71.1893887,46.8020363],[-71.1899001,46.8018007],[-71.1898155,46.8015098],[-71.1898984,46.8013406],[-71.1904895,46.8011361],[-71.1908218,46.8010916],[-71.1909452,46.8011441],[-71.1910065,46.8009882],[-71.1905292,46.8004572],[-71.190531,46.7998447],[-71.1917766,46.7976428],[-71.1921667,46.7975948],[-71.1924653,46.7977261],[-71.1930896,46.7970296],[-71.1931142,46.796816],[-71.1928514,46.796544],[-71.1930386,46.7959241],[-71.1930277,46.7940749],[-71.1931186,46.7939015],[-71.1933206,46.7937974],[-71.1939355,46.7938196],[-71.1942815,46.7939704],[-71.1947423,46.7940181],[-71.1946055,46.7938184],[-71.1947444,46.7937218],[-71.1936735,46.7931073],[-71.19355,46.7911777],[-71.1936483,46.7908595],[-71.1938049,46.7905857],[-71.1945736,46.7900461],[-71.195197,46.7899557],[-71.1955909,46.7900715],[-71.1978284,46.7914987],[-71.1986088,46.7909143],[-71.1987084,46.7907401],[-71.1986113,46.790666],[-71.1979056,46.7912418],[-71.1959123,46.7898996],[-71.1963229,46.7894741],[-71.1974414,46.7887128],[-71.1990171,46.7897124],[-71.198767,46.7902962],[-71.198943,46.7903053],[-71.1992789,46.7896202],[-71.1972882,46.788298],[-71.1970889,46.7883783],[-71.1966088,46.7888521],[-71.1962706,46.7887609],[-71.1957728,46.7888756],[-71.195482,46.7887014],[-71.1954578,46.7881586],[-71.1956449,46.7878068],[-71.1955013,46.7876436],[-71.195452,46.7867301],[-71.1954808,46.7864601],[-71.1957141,46.7858815],[-71.1958737,46.7856755],[-71.1966186,46.7851774],[-71.1976005,46.7855572],[-71.1978882,46.7853954],[-71.1972746,46.7841764],[-71.1972603,46.7839332],[-71.1975622,46.7834783],[-71.198326,46.782947],[-71.1996121,46.7823554],[-71.2010966,46.7818557],[-71.2024818,46.7810737],[-71.2027415,46.781246],[-71.2031777,46.7811031],[-71.2042158,46.7812031],[-71.2043542,46.7810585],[-71.2041613,46.7807863],[-71.2038499,46.7807214],[-71.2037687,46.7805463],[-71.2040296,46.7803581],[-71.2042077,46.7803391],[-71.2043299,46.7805157],[-71.204511,46.7805646],[-71.2048211,46.7804854],[-71.2049108,46.7802798],[-71.2057713,46.7805789],[-71.2058788,46.7807324],[-71.2061885,46.7808733],[-71.2064024,46.7808161],[-71.2080046,46.7813056],[-71.2082313,46.7810795],[-71.2082162,46.7810084],[-71.205062,46.7799663],[-71.2052405,46.7797271],[-71.2056377,46.7794225],[-71.2057053,46.7791822],[-71.2055685,46.7789825],[-71.2052673,46.7787289],[-71.2049361,46.7786013],[-71.2042874,46.7785412],[-71.2039246,46.7783955],[-71.2037809,46.7782323],[-71.203926,46.7772468],[-71.205705,46.7753343],[-71.209984,46.7730108],[-71.2108071,46.7726678],[-71.2110907,46.7723421],[-71.2110559,46.7717199],[-71.2112447,46.7715602],[-71.2133916,46.7711692],[-71.2134897,46.7710278],[-71.2134353,46.7708791],[-71.213496,46.7706752],[-71.2136671,46.7704245],[-71.214657,46.7701552],[-71.2152767,46.7694606],[-71.2155758,46.769254],[-71.2168257,46.7686931],[-71.2179269,46.7688934],[-71.2180875,46.7685791],[-71.2200373,46.7681727],[-71.2201414,46.7679651],[-71.2197643,46.7673478],[-71.2211007,46.7668253],[-71.2224088,46.7668132],[-71.2233947,46.7672912],[-71.2227731,46.7666841],[-71.2230486,46.7664656],[-71.223962,46.7663427],[-71.2241885,46.7664507],[-71.2239671,46.76672],[-71.2244628,46.7665549],[-71.2247311,46.7663213],[-71.2258179,46.7660098],[-71.2265125,46.7664012],[-71.226659,46.766359],[-71.2261033,46.7656871],[-71.2271963,46.7649908],[-71.2276299,46.7652531],[-71.227753,46.7652294],[-71.2275236,46.7645464],[-71.2282151,46.7640054],[-71.2293126,46.7637493],[-71.2305618,46.7641168],[-71.2306942,46.7638578],[-71.2299849,46.763608],[-71.230164,46.7632967],[-71.2306037,46.7632052],[-71.2306181,46.7628177],[-71.230464,46.7625751],[-71.2305648,46.7620566],[-71.2304223,46.7617692],[-71.2301374,46.7614627],[-71.229703,46.7606372],[-71.2288886,46.7601114],[-71.2285683,46.7601223],[-71.2280054,46.7598671],[-71.2274229,46.7597217],[-71.226068,46.7598257],[-71.2254792,46.7599542],[-71.2244304,46.7603712],[-71.2230238,46.7606929],[-71.2210766,46.7604428],[-71.2202962,46.7604431],[-71.2187289,46.7607482],[-71.2175709,46.7607998],[-71.216751,46.7609425],[-71.2160254,46.7608713],[-71.2156031,46.7605372],[-71.2154596,46.7598858],[-71.2149471,46.7591731],[-71.2143593,46.7589093],[-71.2125085,46.7587835],[-71.2122808,46.7586455],[-71.2123027,46.758412],[-71.212106,46.7582441],[-71.2114219,46.7582223],[-71.2110253,46.7583069],[-71.2106731,46.7582406],[-71.2105299,46.7581254],[-71.2102515,46.7574662],[-71.2105224,46.7568212],[-71.2112575,46.7561195],[-71.211884,46.7556566],[-71.2121234,46.7549935],[-71.2126145,46.7544749],[-71.2117132,46.7536382],[-71.2116452,46.7530741],[-71.2119333,46.752472],[-71.2120837,46.7523307],[-71.2140175,46.751847],[-71.2147252,46.7518272],[-71.2151381,46.7516897],[-71.2158972,46.7517508],[-71.2161493,46.7516752],[-71.2162897,46.7515024],[-71.2162978,46.7513418],[-71.2160803,46.7510151],[-71.2156854,46.7507554],[-71.213801,46.75],[-71.2129598,46.7495032],[-71.2126006,46.7492053],[-71.2121438,46.7485172],[-71.2116919,46.7480889],[-71.2112359,46.7472287],[-71.2109626,46.7460731],[-71.2110033,46.7455383],[-71.2112623,46.7446699],[-71.2115319,46.7444172],[-71.211691,46.743675],[-71.2118215,46.7434709],[-71.2118029,46.743284],[-71.2114393,46.7427742],[-71.211017,46.7419039],[-71.2098571,46.7411793],[-71.2094153,46.7410505],[-71.208597,46.741069],[-71.2046275,46.7418743],[-71.2025743,46.7424212],[-71.1994855,46.7434641],[-71.1971718,46.7439789],[-71.196441,46.7440879],[-71.1943392,46.7440854],[-71.1929408,46.7443876],[-71.1907205,46.7445924],[-71.1894707,46.7445613],[-71.1879162,46.7443808],[-71.1856412,46.7435844],[-71.1847565,46.7437189],[-71.1839161,46.7439706],[-71.181778,46.7447624],[-71.181097,46.7448082],[-71.1806101,46.7447341],[-71.1801153,46.7446004],[-71.1794668,46.7442241],[-71.1785727,46.7438389],[-71.1779532,46.7431927],[-71.1765021,46.7421494],[-71.1752318,46.7416912],[-71.1733942,46.7407636],[-71.1728595,46.7407244],[-71.1713303,46.7403781],[-71.1685733,46.7403032],[-71.167732,46.7404588],[-71.1665209,46.7409932],[-71.1658725,46.7414691],[-71.1652781,46.7417776],[-71.1649255,46.7419313],[-71.1635105,46.7422861],[-71.1620279,46.7431972],[-71.1609667,46.7435423],[-71.160122,46.7435821],[-71.1597889,46.7434824],[-71.1590864,46.7429572],[-71.1586757,46.7424822],[-71.1577987,46.7418236],[-71.1570603,46.7410205],[-71.15643,46.740783],[-71.1559736,46.740899],[-71.1556886,46.7410805],[-71.1552094,46.74165],[-71.1549436,46.7421144],[-71.1543338,46.7426199],[-71.1535397,46.7429605],[-71.1532199,46.7430081],[-71.1527769,46.7430032],[-71.1523762,46.7428756],[-71.1518271,46.7425451],[-71.151533,46.7422069],[-71.150701,46.7411294],[-71.1501662,46.7401898],[-71.1493039,46.7389221],[-71.1479285,46.7379178],[-71.145337,46.7371398],[-71.1434321,46.73672],[-71.1426834,46.7361055],[-71.1423233,46.7352993],[-71.1419109,46.7349003],[-71.141078,46.734579],[-71.1397495,46.734296],[-71.1382284,46.7333765],[-71.1366966,46.7316975],[-71.1365704,46.7306289],[-71.1361289,46.7298676],[-71.1359676,46.7292493],[-71.1353145,46.7278847],[-71.1351011,46.7276737],[-71.1345043,46.7267458],[-71.1334995,46.7259469],[-71.1331231,46.7255097],[-71.1327676,46.7246472],[-71.1324775,46.7241568],[-71.131978,46.7236671],[-71.1317288,46.7234942],[-71.1307563,46.7231254],[-71.1299927,46.7230239],[-71.1281934,46.7224694],[-71.1274974,46.7220796],[-71.126815,46.7218852],[-71.1257522,46.7213577],[-71.124065,46.7200001],[-71.1237943,46.7195245],[-71.123348,46.7190396],[-71.1230964,46.7185308],[-71.1227282,46.7182011],[-71.1226281,46.7180112],[-71.1222116,46.7177204],[-71.1223356,46.7178169],[-71.1200163,46.717514],[-71.1195114,46.7175687],[-71.1190037,46.7172395],[-71.118463,46.7163362],[-71.1184653,46.715992],[-71.1186822,46.7160508],[-71.1189812,46.7154805],[-71.1189899,46.7143718],[-71.1188924,46.7142017],[-71.1190784,46.7139744],[-71.1190788,46.7137063],[-71.1189934,46.7135394],[-71.1190106,46.7132663],[-71.1188675,46.713103],[-71.1180088,46.7128032],[-71.1168422,46.7128221],[-71.116482,46.712916],[-71.1159859,46.7131742],[-71.11579,46.7133702],[-71.1152647,46.7135821],[-71.1146017,46.7137184],[-71.1140797,46.7137301],[-71.1131187,46.7135845],[-71.1131111,46.713525],[-71.1123411,46.7135077],[-71.1104854,46.7130524],[-71.1098408,46.7127434],[-71.1085772,46.7123241],[-71.1074245,46.7115899],[-71.1070505,46.7114406],[-71.1068805,46.7112029],[-71.1065569,46.7110385],[-71.1059327,46.7105243],[-71.1053871,46.7102614],[-71.1037848,46.7085143],[-71.1031112,46.7081591],[-71.1018773,46.7078339],[-71.1014248,46.7077973],[-71.10137,46.7078687],[-71.100687,46.7078941],[-71.0997119,46.7077732],[-71.0997135,46.7076491],[-71.0984479,46.7072577],[-71.0979018,46.7068988],[-71.0964974,46.7066038],[-71.0963959,46.706538],[-71.0964387,46.7064634],[-71.0972095,46.7066247],[-71.0972673,46.7066212],[-71.0972615,46.7064855],[-71.0967516,46.7061364],[-71.0967144,46.7059826],[-71.0963732,46.7056792],[-71.0960059,46.7050814],[-71.0956168,46.704813],[-71.0955118,46.7045833],[-71.0952239,46.7043327],[-71.0947482,46.7037055],[-71.0947228,46.703507],[-71.0944476,46.7033556],[-71.0943404,46.7031541],[-71.0939155,46.7029238],[-71.0924513,46.7022964],[-71.0912136,46.7020753],[-71.0889978,46.7019814],[-71.0874341,46.701576],[-71.0869272,46.7012946],[-71.085867,46.7010067],[-71.0856134,46.700842],[-71.0852742,46.7000985],[-71.0852527,46.6997477],[-71.0853947,46.6994031],[-71.0858309,46.6988127],[-71.0860392,46.6986681],[-71.0873878,46.6982105],[-71.0875976,46.6979418],[-71.0875913,46.6977102],[-71.0869741,46.6971115],[-71.0866656,46.6970181],[-71.0860706,46.6965021],[-71.0857593,46.6963409],[-71.0856664,46.6961145],[-71.0852185,46.6956576],[-71.0850518,46.6951716],[-71.0840232,46.6945378],[-71.0832755,46.694191],[-71.0830815,46.6939467],[-71.0820815,46.6936271],[-71.0810659,46.6935045],[-71.0798642,46.6936091],[-71.078647,46.6939106],[-71.0780123,46.694313],[-71.0763062,46.694884],[-71.074788,46.6951517],[-71.0737737,46.6952209],[-71.0732202,46.6951663],[-71.0711841,46.6945171],[-71.0706244,46.6942309],[-71.0700296,46.6937147],[-71.0696487,46.6935537],[-71.0694862,46.6933275],[-71.0692041,46.6932125],[-71.0682712,46.6924607],[-71.0677653,46.6919112],[-71.0673933,46.6916377],[-71.0671431,46.6912247],[-71.066945,46.6910847],[-71.0666863,46.6904683],[-71.0667024,46.6899553],[-71.0668809,46.6892565],[-71.0674225,46.6885799],[-71.068776,46.6873863],[-71.0692813,46.6870638],[-71.0702436,46.6859938],[-71.0709417,46.6845837],[-71.0710659,46.6844642],[-71.0730772,46.6839188],[-71.0738417,46.6835327],[-71.074107,46.6832887],[-71.0748303,46.682853],[-71.0752294,46.682473],[-71.0757066,46.6815202],[-71.0758267,46.6815049],[-71.0760175,46.6801294],[-71.0757577,46.6797331],[-71.0759911,46.679011],[-71.0761055,46.6788601],[-71.0765635,46.6786685],[-71.0783421,46.6782611],[-71.0786796,46.6780367],[-71.0792389,46.6779109],[-71.0797269,46.6775454],[-71.0806396,46.6770463],[-71.0812705,46.6768441],[-71.0828852,46.6760185],[-71.0855535,46.6749332],[-71.086586,46.6744187],[-71.0884902,46.6730395],[-71.0906375,46.6717455],[-71.0909432,46.671455],[-71.0910782,46.6711469],[-71.0911196,46.6705164],[-71.0910435,46.670285],[-71.0905737,46.6697455],[-71.0905512,46.6696149],[-71.0901811,46.6692653],[-71.0895982,46.6690686],[-71.0895516,46.6689314],[-71.0890716,46.6686765],[-71.0863988,46.6682663],[-71.0856642,46.6680188],[-71.0851446,46.6679543],[-71.083766,46.6673497],[-71.0823525,46.6669272],[-71.0804865,46.6660081],[-71.0799211,46.6655384],[-71.0789848,46.664939],[-71.076104,46.6638972],[-71.0737593,46.6632309],[-71.0734482,46.6630697],[-71.0727383,46.6625126],[-71.0727303,46.6616292],[-71.0729702,46.6611868],[-71.0732556,46.6611015],[-71.0737723,46.6607344],[-71.0740332,46.6601827],[-71.0740587,46.6596532],[-71.0736445,46.6591383],[-71.0729327,46.6586573],[-71.0720874,46.6583604],[-71.0711332,46.658302],[-71.0709342,46.658382],[-71.0704826,46.6583933],[-71.0690128,46.6588939],[-71.0680913,46.6590935],[-71.0675748,46.6590967],[-71.0670117,46.6589627],[-71.0658649,46.6580759],[-71.0658377,46.6579536],[-71.0656158,46.657807],[-71.0655877,46.6575407],[-71.0654861,46.6574269],[-71.0654921,46.6568346],[-71.0664658,46.655768],[-71.0668649,46.655024],[-71.0669615,46.6543223],[-71.0677288,46.6529122],[-71.0678628,46.6528242],[-71.0684227,46.6528424],[-71.0688205,46.6526824],[-71.0694527,46.6523563],[-71.0697414,46.6520229],[-71.0698336,46.6517894],[-71.0698571,46.6509241],[-71.0697501,46.6507226],[-71.0697401,46.6502793],[-71.0695813,46.6498529],[-71.0690056,46.6492078],[-71.0676143,46.6483599],[-71.0670968,46.6478072],[-71.0667593,46.6476196],[-71.0664663,46.6472334],[-71.0661358,46.6470093],[-71.0660264,46.646788],[-71.0650847,46.6460049],[-71.0644327,46.6450325],[-71.0626743,46.6434428],[-71.0622986,46.6432735],[-71.0610539,46.6423887],[-71.0607011,46.6420341],[-71.0601855,46.6417692],[-71.0596257,46.641339],[-71.0591034,46.6411585],[-71.0578598,46.6412415],[-71.0572108,46.6411606],[-71.0567361,46.6408972],[-71.0563472,46.6405327],[-71.0552546,46.6401586],[-71.0547581,46.6398606],[-71.0545595,46.6395766],[-71.0537903,46.639051],[-71.0534317,46.6385128],[-71.0525064,46.6375807],[-71.0523453,46.6375464],[-71.0521562,46.6376577],[-71.0519352,46.637655],[-71.0514541,46.637524],[-71.0506629,46.6369158],[-71.0500613,46.6367041],[-71.048681,46.6363952],[-71.0484738,46.6362717],[-71.0483647,46.6360983],[-71.0474071,46.63578],[-71.0459146,46.6360056],[-71.0449203,46.6359934],[-71.0448017,46.6358366],[-71.0447811,46.6355819],[-71.0444989,46.6353709],[-71.044457,46.6351775],[-71.044087,46.6351437],[-71.0432835,46.6348961],[-71.0428438,46.6348625],[-71.0420461,46.6352104],[-71.0398836,46.6358761],[-71.0391314,46.6362172],[-71.037956,46.6364717],[-71.0367027,46.6365229],[-71.0356981,46.6363833],[-71.0350507,46.6361302],[-71.0345355,46.6354533],[-71.0345246,46.6347701],[-71.0344442,46.634547],[-71.0338671,46.6339778],[-71.0334773,46.6338332],[-71.0308317,46.633524],[-71.028721,46.6335425],[-71.0276316,46.6336958],[-71.0262843,46.6336925],[-71.023594,46.6330739],[-71.0210077,46.632129],[-71.0198011,46.6319053],[-71.0190782,46.6318806],[-71.0179862,46.6320139],[-71.0155237,46.6327409],[-71.0140207,46.6327908],[-71.0129466,46.632651],[-71.011872,46.6324153],[-71.011054,46.6320963],[-71.009022,46.6309861],[-71.0077932,46.6301238],[-71.0069364,46.6297271],[-71.0064347,46.629753],[-71.0060607,46.6298713],[-71.0042046,46.6298821],[-71.0024386,46.6296396],[-71.0006856,46.6290843],[-70.9987254,46.6289133],[-70.9952942,46.6289058],[-70.992594,46.6286188],[-70.9904232,46.6285721],[-70.989031,46.6286709],[-70.9886631,46.6285608],[-70.9875824,46.6285052],[-70.9866525,46.6283566],[-70.9843493,46.6276698],[-70.9825041,46.6273956],[-70.9791739,46.6274056],[-70.9771512,46.6277536],[-70.9756943,46.627892],[-70.9740184,46.6279035],[-70.9720575,46.6274921],[-70.9712448,46.6272124],[-70.9696405,46.6264959],[-70.9688824,46.626049],[-70.9686896,46.6258525],[-70.9684491,46.6251351],[-70.9684377,46.6246719],[-70.9686323,46.6240926],[-70.9686344,46.6234128],[-70.9681047,46.6230283],[-70.9672899,46.6227768],[-70.9664802,46.6226128],[-70.965263,46.622625],[-70.9647583,46.622487],[-70.963901,46.6224058],[-70.9637011,46.6222457],[-70.9637366,46.6221117],[-70.9635417,46.6219913],[-70.9635533,46.6218986],[-70.9638148,46.6218551],[-70.9639318,46.6216763],[-70.9638639,46.6215044],[-70.9639929,46.6213288],[-70.9638482,46.6211455],[-70.9637184,46.6211292],[-70.9631507,46.6214627],[-70.962811,46.6217627],[-70.9619939,46.6221909],[-70.9610736,46.6219775],[-70.959564,46.6221108],[-70.9583791,46.6217291],[-70.9573657,46.6216532],[-70.9564359,46.6214563],[-70.956176,46.6212797],[-70.9561173,46.6209953],[-70.9555695,46.6208838],[-70.9550993,46.6209756],[-70.9546261,46.6209036],[-70.9537463,46.6212475],[-70.95365,46.6211732],[-70.9533549,46.6212266],[-70.9535846,46.6210211],[-70.9533279,46.6210563],[-70.9526546,46.621428],[-70.9518731,46.6210703],[-70.9514531,46.6210992],[-70.9511847,46.621227],[-70.9506083,46.6211651],[-70.9505092,46.620975],[-70.950247,46.6208266],[-70.9494444,46.6199264],[-70.9492489,46.6196141],[-70.9487851,46.6194776],[-70.9486643,46.6192528],[-70.9478857,46.619011],[-70.9476956,46.6188823],[-70.946654,46.6189518],[-70.9457358,46.6193138],[-70.9452958,46.6191359],[-70.9447223,46.6191897],[-70.944441,46.6190744],[-70.9438594,46.6192254],[-70.9435625,46.6192016],[-70.943118,46.6189806],[-70.9427464,46.6184188],[-70.9426729,46.6179673],[-70.9433365,46.616117],[-70.9433448,46.6157167],[-70.9431873,46.6152902],[-70.9426744,46.6148047],[-70.9421479,46.614536],[-70.9402853,46.6138342],[-70.939549,46.613278],[-70.9391702,46.6126566],[-70.9390038,46.6116909],[-70.9390234,46.6110541],[-70.9391402,46.6108273],[-70.9394655,46.6104563],[-70.9401576,46.6100037],[-70.9412679,46.6096943],[-70.9426644,46.6095879],[-70.9432179,46.6093274],[-70.9433349,46.6091486],[-70.9433575,46.6087234],[-70.9431522,46.6083318],[-70.9419854,46.6074851],[-70.9412536,46.6068246],[-70.9405081,46.6063329],[-70.9396212,46.6059175],[-70.9382568,46.6055342],[-70.9374264,46.6055272],[-70.9359689,46.6052813],[-70.9345695,46.6051759],[-70.933469,46.604721],[-70.9320089,46.6036117],[-70.9315514,46.6031029],[-70.9313795,46.6026053],[-70.9315661,46.6024264],[-70.9315666,46.6018227],[-70.9320974,46.6011918],[-70.9321181,46.6008907],[-70.9319566,46.6006644],[-70.9314566,46.600374],[-70.9304698,46.6001803],[-70.9277554,46.5991967],[-70.9260551,46.5987211],[-70.9245368,46.5980749],[-70.9233795,46.5978151],[-70.9228246,46.5975959],[-70.9222598,46.5972494],[-70.9212398,46.5963179],[-70.9203122,46.5958048],[-70.9198584,46.5956995],[-70.919069,46.595694],[-70.916939,46.5959151],[-70.9160009,46.5959262],[-70.9153936,46.595798],[-70.9142585,46.5957167],[-70.9134263,46.5958815],[-70.9122892,46.5959243],[-70.9100018,46.5956228],[-70.9066801,46.5961494],[-70.9057467,46.5961522],[-70.9049256,46.5959365],[-70.9036912,46.5954252],[-70.9028428,46.5948473],[-70.9025539,46.5944325],[-70.9025342,46.5932384],[-70.9021595,46.5930205],[-70.9014325,46.5930031],[-70.9006052,46.5932075],[-70.9001264,46.5936513],[-70.899374,46.5940391],[-70.8979445,46.5942507],[-70.8971288,46.5942665],[-70.8960991,46.5940509],[-70.894196,46.5938545],[-70.8933491,46.5938521],[-70.8922988,46.5940814],[-70.8911928,46.5941421],[-70.8905088,46.5940022],[-70.8905542,46.5939475],[-70.8925022,46.5938496],[-70.8929313,46.5937086],[-70.892768,46.5936062],[-70.8916953,46.5935131],[-70.8903517,46.5934797],[-70.8867556,46.5936139],[-70.8846788,46.594079],[-70.8838512,46.5941393],[-70.8810596,46.594734],[-70.8806403,46.5950023],[-70.8803677,46.5955219],[-70.8799701,46.5958728],[-70.8775381,46.5963745],[-70.8757844,46.5964967],[-70.8735217,46.5964407],[-70.8721552,46.5957009],[-70.8709171,46.5956771],[-70.8683533,46.596334],[-70.8654382,46.5963958],[-70.8631117,46.5970028],[-70.8602587,46.5969088],[-70.8589914,46.5965987],[-70.8585692,46.5966553],[-70.858116,46.5968375],[-70.8578975,46.5967103],[-70.8556973,46.5967382],[-70.8552391,46.5967848],[-70.8545987,46.5970018],[-70.8535263,46.5971001],[-70.8527032,46.5970079],[-70.8519999,46.596757],[-70.8510467,46.5962646],[-70.8502013,46.5955622],[-70.8494474,46.5951343],[-70.8482497,46.5947281],[-70.8470451,46.5945981],[-70.8458956,46.594349],[-70.8453966,46.5943459],[-70.8448112,46.5943958],[-70.8433097,46.5948266],[-70.8424581,46.5949279],[-70.8416855,46.5948687],[-70.8404348,46.5942177],[-70.839794,46.5940509],[-70.839019,46.5939719],[-70.8382273,46.5940417],[-70.8379609,46.5939492],[-70.8372049,46.5935973],[-70.8365519,46.5931874],[-70.8356514,46.5922202],[-70.8347538,46.5918005],[-70.8343243,46.5917494],[-70.8335374,46.5918109],[-70.831071,46.5916018],[-70.8300028,46.5907802],[-70.8291745,46.5899767],[-70.8288194,46.5898214],[-70.8280828,46.5896761],[-70.8277852,46.5894694],[-70.8276266,46.5891668],[-70.827679,46.5886442],[-70.8278419,46.588315],[-70.8278008,46.5878817],[-70.8276687,46.5876056],[-70.8270854,46.5869558],[-70.8266654,46.5866963],[-70.8258493,46.585992],[-70.8256091,46.5854943],[-70.8254792,46.5848063],[-70.8252342,46.5843168],[-70.8245189,46.5836307],[-70.8232519,46.5826967],[-70.8231032,46.5827612],[-70.8229569,46.5827017],[-70.8228273,46.5825413],[-70.8222106,46.5821892],[-70.8213614,46.5818785],[-70.8210339,46.5816764],[-70.8210416,46.5813933],[-70.8207565,46.5810022],[-70.8206507,46.5805606],[-70.8206456,46.5800893],[-70.8212996,46.5786487],[-70.8213208,46.5778201],[-70.8214859,46.577223],[-70.8213395,46.5769237],[-70.8208619,46.5763798],[-70.8208163,46.5761946],[-70.8209,46.575882],[-70.8216862,46.5750532],[-70.8220504,46.5745206],[-70.8222443,46.5739219],[-70.8227188,46.573343],[-70.8230182,46.5727062],[-70.8237012,46.5719353],[-70.8243532,46.571482],[-70.8249163,46.570822],[-70.8255921,46.5702314],[-70.8265581,46.5695961],[-70.826903,46.5690486],[-70.8269172,46.568736],[-70.8266171,46.5682698],[-70.8265761,46.5678845],[-70.8272111,46.5672922],[-70.8272252,46.5667399],[-70.827673,46.5659427],[-70.8286052,46.5653173],[-70.8288255,46.5649368],[-70.8288563,46.5642836],[-70.8283402,46.5635181],[-70.8280907,46.5632288],[-70.8278101,46.5630652],[-70.8274715,46.562468],[-70.8277092,46.562468],[-70.8277498,46.562665],[-70.8281361,46.5630303],[-70.8282104,46.5629741],[-70.8286746,46.5616923],[-70.8286717,46.5609531],[-70.8284722,46.5603132],[-70.8279995,46.5596652],[-70.8275462,46.5593197],[-70.8262007,46.5585462],[-70.8246062,46.557915],[-70.8241816,46.5575199],[-70.8232608,46.5570935],[-70.823467,46.5570736],[-70.8234741,46.5569893],[-70.8230877,46.5561923],[-70.822157,46.5551111],[-70.8216557,46.5546085],[-70.8213032,46.5543771],[-70.8210898,46.5542895],[-70.81992,46.5541972],[-70.8188772,46.5539577],[-70.8165922,46.5525989],[-70.8158323,46.552351],[-70.8137684,46.5520025],[-70.8129246,46.5516835],[-70.8121094,46.5510751],[-70.8103427,46.5504536],[-70.8092258,46.5502223],[-70.8080106,46.5501844],[-70.8075168,46.550077],[-70.8068025,46.5497744],[-70.8061888,46.5491064],[-70.8061814,46.5484715],[-70.8065791,46.5476893],[-70.8069601,46.5471518],[-70.8076502,46.5464887],[-70.8079281,46.5459612],[-70.8079615,46.5454717],[-70.8079422,46.5447855],[-70.8078558,46.5445027],[-70.8076568,46.5441985],[-70.8069737,46.5436744],[-70.8057083,46.5432677],[-70.8041218,46.5431273],[-70.8011119,46.5435243],[-70.8001965,46.5434252],[-70.7952216,46.5408341],[-70.7938677,46.5399329],[-70.7923653,46.53924],[-70.7917855,46.5390415],[-70.7914404,46.5390134],[-70.7885482,46.5391834],[-70.7871009,46.5388509],[-70.7863941,46.5385598],[-70.7864632,46.538195],[-70.7859923,46.5373045],[-70.7857375,46.5366071],[-70.7856518,46.5356587],[-70.7852646,46.5350918],[-70.7844999,46.5345168],[-70.7843898,46.5343233],[-70.7841456,46.533642],[-70.7840214,46.5324184],[-70.7842087,46.5307534],[-70.7847341,46.5282899],[-70.7851463,46.5277228],[-70.7861239,46.5269475],[-70.786723,46.5263457],[-70.7867566,46.5260001],[-70.7864957,46.52518],[-70.786424,46.5245847],[-70.7862612,46.5243384],[-70.7857079,46.5239266],[-70.7844289,46.5234965],[-70.783957,46.5234717],[-70.783114,46.5232004],[-70.7821464,46.5228084],[-70.7815477,46.5223552],[-70.7813251,46.5218526],[-70.781292,46.5206158],[-70.7811868,46.5202223],[-70.7806888,46.5196915],[-70.7789936,46.5183503],[-70.7780002,46.5169728],[-70.7778664,46.5163412],[-70.7776678,46.5158931],[-70.7769113,46.5153771],[-70.7750051,46.5149749],[-70.7728597,46.5142187],[-70.7722754,46.5141723],[-70.7717628,46.5142416],[-70.7713006,46.514344],[-70.7705891,46.5146843],[-70.7693629,46.5146906],[-70.7676938,46.5144305],[-70.7670905,46.5142253],[-70.765441,46.5134526],[-70.76501,46.5133334],[-70.7626367,46.5133292],[-70.7619782,46.513243],[-70.761169,46.5129616],[-70.7604055,46.5124819],[-70.7590577,46.5119556],[-70.7577887,46.5117484],[-70.7536134,46.5105643],[-70.7520605,46.5094344],[-70.7512372,46.508938],[-70.7499041,46.5083388],[-70.7490255,46.5082011],[-70.7474952,46.5083243],[-70.7465255,46.5082957],[-70.7460324,46.50814],[-70.7453599,46.5077907],[-70.7448122,46.5072746],[-70.7443843,46.5066478],[-70.7440399,46.5063318],[-70.7430633,46.5060998],[-70.743437,46.5059826],[-70.7431235,46.5058286],[-70.742166,46.5056115],[-70.7417564,46.5057187],[-70.7401674,46.5050581],[-70.7391069,46.5048987],[-70.7379861,46.5050584],[-70.737234,46.505253],[-70.736657,46.5052658],[-70.7358167,46.5051578],[-70.7354077,46.5048335],[-70.7352167,46.5044448],[-70.7352326,46.5033652],[-70.734788,46.5028392],[-70.7330331,46.5011732],[-70.7316696,46.5002946],[-70.7302507,46.4998651],[-70.7260595,46.4978979],[-70.7249784,46.4972721],[-70.7243234,46.4967261],[-70.7234537,46.4957367],[-70.7225834,46.495083],[-70.7218832,46.4943997],[-70.7212192,46.4935824],[-70.7208342,46.4933126],[-70.7203725,46.493175],[-70.7196208,46.4931777],[-70.7175401,46.4935314],[-70.7167381,46.4935489],[-70.7161997,46.4934475],[-70.7134155,46.4923589],[-70.7123194,46.4922372],[-70.7104946,46.4926521],[-70.7087827,46.4928968],[-70.7076862,46.4929668],[-70.7070683,46.4931216],[-70.7067521,46.4932354],[-70.7054314,46.494097],[-70.7048923,46.4943313],[-70.7035797,46.4946771],[-70.7023169,46.4952958],[-70.7011166,46.4957111],[-70.7009584,46.4958399],[-70.7007464,46.4964431],[-70.7005415,46.4981804],[-70.7001839,46.4985801],[-70.6997187,46.498902],[-70.6984318,46.4994661],[-70.6976631,46.4995694],[-70.6960006,46.4999981],[-70.6955883,46.5002218],[-70.6951038,46.5006247],[-70.6932979,46.5009103],[-70.6919308,46.5009435],[-70.6903072,46.5011069],[-70.6864524,46.5002575],[-70.6861363,46.5002753],[-70.6846629,46.5006819],[-70.6837412,46.5006659],[-70.6826411,46.5010993],[-70.681866,46.5017861],[-70.6810849,46.5020298],[-70.6797328,46.5026811],[-70.6791928,46.5031549],[-70.6788246,46.5038587],[-70.6782816,46.5045524],[-70.6780994,46.5046266],[-70.6779214,46.5049322],[-70.6765066,46.5056909],[-70.6763815,46.5059056],[-70.6760434,46.5060804],[-70.6749349,46.5060509],[-70.6734492,46.505619],[-70.672846,46.505557],[-70.6726953,46.5055056],[-70.6726597,46.5053997],[-70.6725065,46.5053764],[-70.6706662,46.5058632],[-70.6690951,46.5059834],[-70.6680075,46.5061803],[-70.6670448,46.5062103],[-70.6665688,46.5060493],[-70.6659044,46.5056152],[-70.6648204,46.5046134],[-70.6633122,46.5037432],[-70.662457,46.5031121],[-70.6614163,46.5020839],[-70.6611258,46.5015808],[-70.6604791,46.5009021],[-70.65937,46.5],[-70.6584414,46.4994623],[-70.6577577,46.4991571],[-70.6572601,46.4990571],[-70.6555868,46.4982561],[-70.655511,46.4980047],[-70.6551836,46.4978273],[-70.6548988,46.4978152],[-70.6544553,46.4979799],[-70.6533604,46.4975219],[-70.6522461,46.4964059],[-70.6516767,46.4955949],[-70.6515676,46.4945664],[-70.6512425,46.4944088],[-70.6506564,46.4942938],[-70.6499087,46.4938364],[-70.6499029,46.4934412],[-70.6497414,46.4930508],[-70.6495079,46.4927363],[-70.649207,46.4925375],[-70.6477481,46.4928707],[-70.6466419,46.4929565],[-70.6462016,46.4929012],[-70.645906,46.4925503],[-70.6459744,46.492147],[-70.6464356,46.4909988],[-70.646436,46.4901639],[-70.6459868,46.4892424],[-70.6456746,46.4888484],[-70.6449083,46.4882801],[-70.6439237,46.4871808],[-70.6432855,46.4869169],[-70.643077,46.4870124],[-70.6430524,46.4871975],[-70.6434624,46.4876859],[-70.644262,46.4882923],[-70.644271,46.4884675],[-70.6441074,46.4887003],[-70.6437576,46.4888237],[-70.6432285,46.4888493],[-70.6421261,46.4885714],[-70.6412872,46.4882228],[-70.6403128,46.4882972],[-70.6401522,46.4883581],[-70.6396213,46.488911],[-70.6395771,46.489225],[-70.6399324,46.4895926],[-70.6398998,46.4900059],[-70.6396718,46.4901824],[-70.6392432,46.4902263],[-70.6388534,46.4901082],[-70.6380281,46.4893315],[-70.6371257,46.4886868],[-70.636132,46.4881511],[-70.6352279,46.4879858],[-70.6334737,46.4879199],[-70.6316011,46.487533],[-70.6304808,46.4871806],[-70.6304294,46.4871081],[-70.6297644,46.4870438],[-70.6294947,46.4868862],[-70.6292983,46.4865506],[-70.6292164,46.4862027],[-70.6293708,46.4860001],[-70.6294697,46.4854251],[-70.6303672,46.4847419],[-70.6304901,46.4845074],[-70.6304807,46.4838329],[-70.6305585,46.483509],[-70.6311884,46.482763],[-70.631271,46.4824308],[-70.6311614,46.4822852],[-70.6307907,46.4822299],[-70.6304435,46.4822772],[-70.6295225,46.4828079],[-70.6290942,46.4828038],[-70.6281017,46.4826234],[-70.628103,46.4822878],[-70.6282187,46.4820897],[-70.6284392,46.4819975],[-70.6284836,46.4816356],[-70.628253,46.481245],[-70.6279162,46.481084],[-70.6277294,46.4811184],[-70.6263738,46.4820367],[-70.6256432,46.4822172],[-70.6250186,46.482216],[-70.6245142,46.4820564],[-70.6244383,46.4819008],[-70.6248488,46.4815544],[-70.6249026,46.4812718],[-70.624447,46.4808858],[-70.6244268,46.4805634],[-70.6244919,46.480428],[-70.6248981,46.479994],[-70.6254445,46.4797718],[-70.6262229,46.4796047],[-70.6265039,46.4793374],[-70.6264948,46.4792101],[-70.6249297,46.4792339],[-70.6240156,46.4786252],[-70.6235401,46.478464],[-70.6226357,46.4784424],[-70.6195328,46.4780419],[-70.6189152,46.4777228],[-70.6185149,46.4773137],[-70.6186219,46.4768924],[-70.618949,46.4764748],[-70.6193497,46.4761929],[-70.6199706,46.4759147],[-70.620216,46.4755895],[-70.6202559,46.4751879],[-70.6199889,46.4749312],[-70.6194064,46.4745961],[-70.6183294,46.4740849],[-70.6178391,46.4740442],[-70.6172308,46.4741819],[-70.6156434,46.4749971],[-70.6150951,46.4751034],[-70.61429,46.4747927],[-70.6135702,46.4741218],[-70.6135163,46.4738572],[-70.6135649,46.4736787],[-70.6139059,46.4733802],[-70.614481,46.4731565],[-70.6154814,46.4731089],[-70.6168036,46.4727479],[-70.6171274,46.4725501],[-70.6172045,46.472418],[-70.6171743,46.472208],[-70.6165505,46.4714679],[-70.6156747,46.4708975],[-70.6137636,46.4702209],[-70.6127551,46.4699495],[-70.6116987,46.4691175],[-70.6116539,46.4689802],[-70.6117188,46.4688928],[-70.6120089,46.4687528],[-70.6120269,46.4684603],[-70.6121373,46.4683663],[-70.6129273,46.4682505],[-70.6131865,46.4680444],[-70.6131567,46.4677385],[-70.612714,46.467212],[-70.6121916,46.4668456],[-70.6119384,46.4667558],[-70.6113209,46.4668141],[-70.6103434,46.4666088],[-70.609607,46.4659428],[-70.6092913,46.4653653],[-70.6095467,46.4649277],[-70.6097934,46.4648621],[-70.610157,46.4648579],[-70.6103958,46.4649724],[-70.6112375,46.4656006],[-70.6116467,46.4655899],[-70.6125841,46.4651025],[-70.6126754,46.4649936],[-70.6127487,46.4646301],[-70.6126923,46.4643936],[-70.6123804,46.4640475],[-70.6118667,46.4639043],[-70.6116357,46.4636575],[-70.6115606,46.4633102],[-70.6116559,46.4628377],[-70.6120222,46.4627574],[-70.6140792,46.4628028],[-70.6147485,46.4623463],[-70.6150636,46.4619254],[-70.6153864,46.4613723],[-70.6155852,46.4607462],[-70.613477,46.4586709],[-70.6133273,46.4584276],[-70.6133232,46.457697],[-70.6135356,46.4572379],[-70.614242,46.4564558],[-70.6150631,46.4557152],[-70.6185178,46.4542691],[-70.6192611,46.4538044],[-70.6193431,46.4536161],[-70.6193545,46.4531682],[-70.6192089,46.4525134],[-70.6184369,46.4506474],[-70.6174994,46.4494935],[-70.6171128,46.4487043],[-70.6170475,46.4482926],[-70.6167856,46.4480276],[-70.6167388,46.4477747],[-70.6168059,46.4471599],[-70.616961,46.4466561],[-70.6175207,46.4454589],[-70.617657,46.4454393],[-70.6180452,46.4446549],[-70.6179611,46.4435854],[-70.6181497,46.4430717],[-70.6181337,46.4428849],[-70.6184752,46.4423947],[-70.6184909,46.4420823],[-70.618346,46.4418308],[-70.61829,46.4414985],[-70.6183898,46.4410656],[-70.6186639,46.440691],[-70.619373,46.440332],[-70.6197823,46.4402254],[-70.620908,46.4403185],[-70.6216246,46.4398752],[-70.6216241,46.440019],[-70.6220164,46.4399652],[-70.6229044,46.4391091],[-70.6230807,46.438045],[-70.622699,46.4378426],[-70.6215287,46.4375644],[-70.6212025,46.4372431],[-70.6210318,46.4368693],[-70.6210353,46.4366015],[-70.6212762,46.4361408],[-70.6214555,46.4355478],[-70.6214859,46.4351149],[-70.621192,46.4344763],[-70.6200401,46.4332147],[-70.6199099,46.4328905],[-70.6199887,46.432327],[-70.6207634,46.4316889],[-70.6209434,46.4314992],[-70.6209996,46.4311886],[-70.6212055,46.4311212],[-70.6212921,46.4309726],[-70.6213932,46.4296093],[-70.6211352,46.4283858],[-70.6211933,46.4281909],[-70.6218428,46.4277673],[-70.6222353,46.4276177],[-70.6225488,46.4275323],[-70.6236984,46.4275362],[-70.624086,46.4274427],[-70.624869,46.4270756],[-70.6250754,46.4268645],[-70.625105,46.4266232],[-70.6252178,46.4265011],[-70.626078,46.425954],[-70.6264943,46.4258589],[-70.6267944,46.4255108],[-70.6270985,46.4253461],[-70.6274489,46.4249831],[-70.6276416,46.424605],[-70.6284062,46.4240313],[-70.6293455,46.422134],[-70.6295591,46.4218865],[-70.6306374,46.4211315],[-70.6314986,46.4196539],[-70.6316901,46.4195634],[-70.632002,46.4192185],[-70.6323512,46.4185002],[-70.6331882,46.4177068],[-70.6339777,46.4168042],[-70.6346075,46.4158187],[-70.6350462,46.4147799],[-70.6356702,46.4140423],[-70.6354574,46.4134073],[-70.6352456,46.4131756],[-70.6351443,46.4128019],[-70.6351722,46.4123491],[-70.6354503,46.41211],[-70.6360461,46.4118731],[-70.6363683,46.41132],[-70.6367713,46.4108662],[-70.6378769,46.4103972],[-70.6390005,46.4095397],[-70.6411455,46.4083337],[-70.6420731,46.4074792],[-70.6426885,46.4070655],[-70.6428188,46.4066988],[-70.6428177,46.4063435],[-70.6426853,46.4059516],[-70.6423565,46.4057065],[-70.6421829,46.4054566],[-70.6415546,46.4054638],[-70.6411539,46.4052946],[-70.6409444,46.4050827],[-70.6409403,46.4048993],[-70.6415231,46.4042558],[-70.6417649,46.4041025],[-70.6422671,46.4039546],[-70.642924,46.4039458],[-70.6432567,46.4037794],[-70.6437982,46.4033259],[-70.6439694,46.4028651],[-70.6445007,46.4025718],[-70.644721,46.401741],[-70.6452952,46.4014692],[-70.6456066,46.4012202],[-70.645627,46.4008517],[-70.6455105,46.4006946],[-70.6450312,46.4004459],[-70.6449386,46.4002953],[-70.6451949,46.4000694],[-70.6454235,46.3996054],[-70.645848,46.3990905],[-70.6458202,46.3981617],[-70.6454099,46.3973183],[-70.6449608,46.3966367],[-70.6448712,46.3963143],[-70.6448684,46.3950567],[-70.6449961,46.3947182],[-70.6449907,46.3942274],[-70.6444931,46.3937721],[-70.6439088,46.3935133],[-70.6413969,46.3933505],[-70.6411775,46.3932509],[-70.6408944,46.3929514],[-70.6408027,46.3925612],[-70.6406075,46.3923725],[-70.6390371,46.3920691],[-70.6382218,46.3916595],[-70.6382375,46.3912993],[-70.6386136,46.3909628],[-70.6387699,46.3906706],[-70.6387862,46.3901187],[-70.6386582,46.3898623],[-70.6386238,46.389469],[-70.6388575,46.3889009],[-70.6392954,46.3886489],[-70.6405487,46.3887584],[-70.6407118,46.3885736],[-70.6406368,46.3881786],[-70.6401281,46.3875283],[-70.6397291,46.3875706],[-70.6395086,46.3878065],[-70.638956,46.388065],[-70.6385978,46.388061],[-70.6383974,46.3880243],[-70.6380172,46.3874866],[-70.6376362,46.3871885],[-70.6375314,46.3871305],[-70.6370084,46.3871478],[-70.6369699,46.3872138],[-70.637559,46.3880592],[-70.6376321,46.3883386],[-70.6376254,46.3895168],[-70.6374905,46.3898438],[-70.6371793,46.3900449],[-70.6366755,46.3900291],[-70.6363297,46.3898847],[-70.6342843,46.3895638],[-70.6338718,46.3893913],[-70.6336078,46.3891066],[-70.633543,46.3885512],[-70.6337618,46.3881517],[-70.6343024,46.3878899],[-70.6344299,46.3876472],[-70.6342827,46.3874239],[-70.6340014,46.3872879],[-70.6335859,46.3872872],[-70.6329019,46.3875569],[-70.632049,46.3883073],[-70.631943,46.3885368],[-70.6319505,46.3890953],[-70.6323165,46.3902048],[-70.6323394,46.3904511],[-70.632221,46.390821],[-70.6319714,46.3911543],[-70.6315452,46.3914576],[-70.6309688,46.3916615],[-70.6303074,46.3916306],[-70.6298997,46.3914497],[-70.6287705,46.3907222],[-70.6285831,46.3904013],[-70.6285062,46.3898905],[-70.6294806,46.3886463],[-70.6294913,46.3883423],[-70.6296309,46.388055],[-70.6294929,46.387911],[-70.6287177,46.3876948],[-70.6283352,46.38778],[-70.6282824,46.3878708],[-70.6286868,46.3882714],[-70.6286209,46.3886464],[-70.628086,46.3892552],[-70.6276082,46.3893138],[-70.6273173,46.3891943],[-70.6271866,46.3890139],[-70.6271828,46.3881398],[-70.6271214,46.3879595],[-70.6268246,46.3875409],[-70.6264216,46.3873997],[-70.6258647,46.3875226],[-70.6256146,46.3879518],[-70.6253467,46.3880785],[-70.6249431,46.3880811],[-70.6240199,46.3878331],[-70.6230079,46.3877139],[-70.6222413,46.3877207],[-70.6206187,46.3880067],[-70.6203887,46.3882112],[-70.6203242,46.3887977],[-70.6201484,46.3891708],[-70.6197192,46.389598],[-70.6191069,46.3898397],[-70.6186125,46.3898553],[-70.6184432,46.3897888],[-70.6182575,46.3896315],[-70.6180729,46.3892345],[-70.6176081,46.3890089],[-70.617248,46.3888892],[-70.6167465,46.3888932],[-70.6166197,46.3889442],[-70.6165978,46.3890532],[-70.6167496,46.3893162],[-70.6173999,46.3896992],[-70.6174705,46.3899588],[-70.6173864,46.3900793],[-70.6170011,46.3902884],[-70.616322,46.3905019],[-70.6160688,46.390508],[-70.6151985,46.3901691],[-70.6146013,46.3896474],[-70.6142194,46.3895888],[-70.6138632,46.3897005],[-70.6133119,46.3901703],[-70.6132365,46.3905139],[-70.6141112,46.3903454],[-70.6144311,46.3903676],[-70.615347,46.390652],[-70.6155303,46.3907895],[-70.6158286,46.3914197],[-70.6158299,46.3916791],[-70.6153134,46.3918516],[-70.6141335,46.3918773],[-70.6136529,46.3920119],[-70.6131346,46.3920208],[-70.6130003,46.392156],[-70.6130451,46.3922932],[-70.6134887,46.3924363],[-70.6148787,46.3924308],[-70.6152311,46.3926826],[-70.6152186,46.3928231],[-70.6148621,46.3929827],[-70.6143675,46.3930461],[-70.6130901,46.3935244],[-70.6124358,46.393505],[-70.6121309,46.3933143],[-70.6113594,46.3933293],[-70.6109311,46.3935168],[-70.6107943,46.3936801],[-70.6107567,46.3941014],[-70.6108446,46.3942123],[-70.6111718,46.3941981],[-70.6115604,46.3938172],[-70.6117372,46.3937993],[-70.6119401,46.393808],[-70.6121086,46.3940661],[-70.6123616,46.394108],[-70.6129529,46.3937836],[-70.614327,46.3935914],[-70.6147925,46.3936253],[-70.6149164,46.3936983],[-70.6149087,46.3938305],[-70.6147029,46.3939457],[-70.613687,46.394142],[-70.6132681,46.394361],[-70.6122748,46.3954463],[-70.6107262,46.3967702],[-70.6097184,46.3967384],[-70.6094539,46.3965974],[-70.6092666,46.3962764],[-70.6084833,46.3962401],[-70.608164,46.3960742],[-70.6080621,46.3958922],[-70.6080941,46.3956708],[-70.6086227,46.3955017],[-70.6086302,46.3954174],[-70.6083157,46.3952433],[-70.608121,46.3949586],[-70.6080708,46.3944264],[-70.6084351,46.3941347],[-70.6082946,46.3940187],[-70.6078615,46.3942145],[-70.6074774,46.394683],[-70.6066676,46.395263],[-70.6058057,46.3957421],[-70.6052229,46.3957425],[-70.6047512,46.3960043],[-70.604334,46.3963868],[-70.602401,46.397085],[-70.6010171,46.3978406],[-70.5996768,46.398426],[-70.5982462,46.3989286],[-70.5973595,46.3990457],[-70.5964315,46.3993047],[-70.5961247,46.3995453],[-70.5959126,46.3999564],[-70.5957158,46.4001509],[-70.5950473,46.4006072],[-70.59439,46.4012106],[-70.5939377,46.4013914],[-70.593173,46.4014657],[-70.5918619,46.4019057],[-70.5910235,46.4023913],[-70.5909759,46.402877],[-70.5906995,46.4032317],[-70.5892523,46.4036433],[-70.5888332,46.4038621],[-70.5883632,46.4042395],[-70.5873023,46.4047973],[-70.5870648,46.4049901],[-70.5867237,46.4058834],[-70.5860481,46.4067792],[-70.5858285,46.4072265],[-70.5855214,46.407515],[-70.5851291,46.4076166],[-70.5837884,46.4077027],[-70.5835562,46.4077914],[-70.5832513,46.4080997],[-70.5825935,46.4082519],[-70.5817906,46.4082963],[-70.5815201,46.4084031],[-70.5812807,46.4089793],[-70.5809616,46.4092644],[-70.5804871,46.4095542],[-70.5795629,46.4099486],[-70.5786451,46.4104984],[-70.5780908,46.4104971],[-70.5773416,46.4103069],[-70.5768609,46.4103933],[-70.5766213,46.4105183],[-70.5764341,46.4106964],[-70.5762109,46.4113635],[-70.575997,46.4116109],[-70.5751246,46.4121541],[-70.5742279,46.4132378],[-70.5739707,46.4140106],[-70.5736073,46.4145137],[-70.5726658,46.4154601],[-70.5714061,46.4174022],[-70.5709092,46.4178488],[-70.570137,46.4183626],[-70.5697994,46.418489],[-70.5685466,46.4199915],[-70.5681771,46.4207425],[-70.5679897,46.4209205],[-70.5676526,46.4209511],[-70.5664968,46.4207912],[-70.5661901,46.4209359],[-70.5649343,46.4211608],[-70.5645964,46.4213351],[-70.5636343,46.4216037],[-70.5631811,46.4218802],[-70.5623525,46.4222053],[-70.5619679,46.4226258],[-70.5608851,46.4231006],[-70.5604073,46.4235142],[-70.5601392,46.4235929],[-70.5599312,46.4235923],[-70.5593159,46.4233627],[-70.558881,46.4233467],[-70.5581229,46.4234323],[-70.5577324,46.4236015],[-70.5576531,46.424117],[-70.557777,46.4246412],[-70.5582562,46.4252936],[-70.5583683,46.4257666],[-70.5583071,46.4260375],[-70.5580161,46.4263689],[-70.5573087,46.4267951],[-70.5562322,46.4269741],[-70.5548961,46.4274069],[-70.5544515,46.4274074],[-70.5533767,46.427702],[-70.5529738,46.428367],[-70.5529308,46.4287966],[-70.5524287,46.4292515],[-70.5524188,46.4293159],[-70.5528755,46.429722],[-70.5529072,46.4309022],[-70.5523219,46.4325435],[-70.5518972,46.4332696],[-70.5515507,46.4336719],[-70.5508573,46.4341213],[-70.549888,46.4343303],[-70.5485106,46.4344059],[-70.5472682,46.4347017],[-70.5468896,46.4348742],[-70.5468524,46.4351038],[-70.5470647,46.4355953],[-70.5474495,46.4360293],[-70.5479858,46.4363233],[-70.5482307,46.4365455],[-70.5483965,46.4368319],[-70.5484085,46.4372385],[-70.5476695,46.4385488],[-70.5471681,46.4388599],[-70.5469982,46.4388891],[-70.5468078,46.4387399],[-70.5470453,46.4385951],[-70.5469574,46.4384841],[-70.546721,46.4384372],[-70.5457308,46.4385155],[-70.5453328,46.438721],[-70.5452425,46.4390414],[-70.5460089,46.4396302],[-70.546217,46.4400341],[-70.5462258,46.4401614],[-70.5459796,46.4405822],[-70.5451951,46.4410445],[-70.5445825,46.4415453],[-70.5438672,46.442459],[-70.5431554,46.4431528],[-70.5412275,46.4445243],[-70.540604,46.44483],[-70.5399288,46.4449868],[-70.5395724,46.4450023],[-70.5391791,46.4447963],[-70.5384737,46.4439844],[-70.538133,46.4433801],[-70.5378857,46.4427348],[-70.5378351,46.4419909],[-70.5372926,46.4415415],[-70.5368334,46.4415666],[-70.5362748,46.4418328],[-70.5349497,46.4427199],[-70.5343779,46.4427712],[-70.5333671,46.4426707],[-70.5324657,46.4430714],[-70.5318275,46.4430465],[-70.5311188,46.4428097],[-70.530969,46.4426622],[-70.5308952,46.442219],[-70.5307065,46.4421854],[-70.5305602,46.4422693],[-70.5301239,46.4428481],[-70.5302824,46.443123],[-70.5303244,46.4436917],[-70.5302394,46.443908],[-70.529798,46.4441397],[-70.5294325,46.4444792],[-70.529159,46.4450172],[-70.5280588,46.445852],[-70.527874,46.4463572],[-70.5276065,46.4466953],[-70.5275575,46.4468737],[-70.5276257,46.4470656],[-70.5283404,46.4475057],[-70.5284554,46.4478548],[-70.5267366,46.448939],[-70.5257662,46.4504056],[-70.5257608,46.4505097],[-70.526039,46.45077],[-70.5269688,46.4512224],[-70.5270632,46.4514408],[-70.5270401,46.4516937],[-70.5268047,46.4518583],[-70.5264648,46.4519168],[-70.5258372,46.4516835],[-70.5255476,46.4517273],[-70.5251407,46.4521608],[-70.5250483,46.4524134],[-70.5251784,46.4526419],[-70.5254672,46.4527419],[-70.5260626,46.4527453],[-70.5278946,46.4523458],[-70.5282226,46.4526872],[-70.5283821,46.453577],[-70.5282236,46.4544641],[-70.5276518,46.4556774],[-70.5271147,46.4562857],[-70.5262022,46.4564913],[-70.5259522,46.4566807],[-70.5258615,46.457049],[-70.5258806,46.4578226],[-70.5260369,46.4580777],[-70.5260351,46.4583653],[-70.5252986,46.4595036],[-70.5244285,46.4601821],[-70.5240307,46.4602917],[-70.522876,46.460199],[-70.5222537,46.4602649],[-70.5219383,46.4605896],[-70.5211664,46.4608633],[-70.5199107,46.460848],[-70.5194402,46.4607259],[-70.5191602,46.4607531],[-70.518418,46.4612369],[-70.5179096,46.462199],[-70.5178063,46.4622565],[-70.5174037,46.4623743],[-70.5159415,46.462474],[-70.5145117,46.4627556],[-70.5143084,46.4627467],[-70.5139202,46.4624843],[-70.5137431,46.4613879],[-70.5135598,46.4612501],[-70.5122631,46.4612808],[-70.5102831,46.4615524],[-70.5099486,46.4618621],[-70.5095835,46.462461],[-70.5086241,46.4635754],[-70.5083603,46.4644044],[-70.5059559,46.4644513],[-70.50439,46.4643009],[-70.5039444,46.464397],[-70.5035072,46.4646684],[-70.5029591,46.4647261],[-70.5028581,46.4648035],[-70.5027987,46.4650942],[-70.5028945,46.4654284],[-70.5026471,46.465945],[-70.5025874,46.4666391],[-70.5030459,46.4664026],[-70.5033137,46.4664199],[-70.5038816,46.4666366],[-70.5045086,46.4673213],[-70.5045354,46.4676074],[-70.5036145,46.467945],[-70.5031934,46.4683073],[-70.5025045,46.4686522],[-70.502549,46.4687896],[-70.5031699,46.4689635],[-70.5032541,46.4692464],[-70.503097,46.4694906],[-70.5027711,46.4695722],[-70.5025232,46.4697813],[-70.5023296,46.4701113],[-70.5023529,46.4709247],[-70.5024749,46.4712855],[-70.5023297,46.471533],[-70.5017833,46.4720139],[-70.5014041,46.4721863],[-70.4999918,46.4735057],[-70.498669,46.4743595],[-70.4980041,46.4746631],[-70.4967974,46.4747766],[-70.4951422,46.4739959],[-70.4946307,46.4739198],[-70.4936954,46.4738787],[-70.4927075,46.4741878],[-70.4923531,46.474223],[-70.4915492,46.4742187],[-70.4907231,46.473968],[-70.4902496,46.4739218],[-70.489759,46.4742838],[-70.4893565,46.4743536],[-70.4890503,46.4743542],[-70.4887902,46.4742525],[-70.4881247,46.4742965],[-70.4878875,46.4743453],[-70.4872845,46.4746855],[-70.4866574,46.4747115],[-70.4866707,46.4755414],[-70.4865354,46.4757244],[-70.4867825,46.4759666],[-70.4868173,46.4761205],[-70.4867027,46.4764342],[-70.4864518,46.4767193],[-70.4850071,46.4776401],[-70.4845974,46.4780537],[-70.4828375,46.4785403],[-70.4814379,46.4795026],[-70.4806768,46.4795198],[-70.4794057,46.4802395],[-70.4789402,46.4804164],[-70.4786466,46.480632],[-70.4781004,46.4813723],[-70.477594,46.4819029],[-70.4772188,46.4821628],[-70.4770666,46.4823507],[-70.4770232,46.4827324],[-70.4768061,46.4829598],[-70.4752315,46.483604],[-70.4748864,46.4836706],[-70.4745694,46.484139],[-70.474193,46.4842352],[-70.4739467,46.4842046],[-70.4726599,46.4827965],[-70.4719598,46.4823311],[-70.4717632,46.4823817],[-70.4714648,46.4826055],[-70.4710668,46.4830223],[-70.470673,46.4835268],[-70.4704695,46.4841807],[-70.4700386,46.4845115],[-70.4689166,46.4844562],[-70.4684012,46.4842444],[-70.4680635,46.4842746],[-70.4676986,46.4844221],[-70.4672054,46.4844567],[-70.4663609,46.4840949],[-70.4649757,46.4837064],[-70.4647866,46.4837206],[-70.4640626,46.4832485],[-70.4629681,46.4827205],[-70.4623357,46.4828025],[-70.4618529,46.4830322],[-70.4609052,46.4830353],[-70.4601097,46.4834655],[-70.4595341,46.4842553],[-70.4592013,46.4848922],[-70.4587536,46.4852278],[-70.4574382,46.4854064],[-70.4568998,46.485707],[-70.4553248,46.4860433],[-70.4544449,46.4865459],[-70.4534344,46.4869158],[-70.4519297,46.4877235],[-70.450877,46.4879758],[-70.4502568,46.4883206],[-70.4484134,46.4901768],[-70.4484186,46.4904281],[-70.4486675,46.4907382],[-70.4486641,46.4908622],[-70.4483703,46.4913851],[-70.4478616,46.4915403],[-70.4477407,46.4916985],[-70.4469875,46.4939953],[-70.4469635,46.4946036],[-70.4466397,46.4955794],[-70.4466422,46.4958588],[-70.4455675,46.4967392],[-70.4452696,46.496867],[-70.4447258,46.4969162],[-70.4433511,46.4972895],[-70.441505,46.4973287],[-70.4413579,46.4974604],[-70.4413556,46.497748],[-70.441254,46.4978733],[-70.4409442,46.4979977],[-70.4405037,46.4979894],[-70.4394505,46.4976745],[-70.4391463,46.4976948],[-70.4387979,46.4981448],[-70.4376385,46.4985305],[-70.436606,46.4986058],[-70.4363244,46.4982095],[-70.4364144,46.498033],[-70.4368792,46.4976926],[-70.4368782,46.4975289],[-70.4370332,46.4973129],[-70.4375886,46.4973151],[-70.4378917,46.4971311],[-70.4378627,46.4968731],[-70.4375025,46.4961377],[-70.4375456,46.4955443],[-70.4380493,46.4968871],[-70.438182,46.4973472],[-70.4381472,46.4975008],[-70.4378404,46.4975492],[-70.4375732,46.4974357],[-70.4372571,46.4974527],[-70.4369344,46.4979772],[-70.4366286,46.4981892],[-70.4367584,46.4984179],[-70.438098,46.4982462],[-70.4385143,46.4979883],[-70.4386039,46.4978597],[-70.4386014,46.4975803],[-70.4389497,46.4974378],[-70.4405583,46.4977549],[-70.4407095,46.4977108],[-70.4407648,46.4973804],[-70.4410314,46.4972822],[-70.4416786,46.4971756],[-70.443556,46.4971068],[-70.4444926,46.496745],[-70.4452955,46.496634],[-70.4456546,46.4963312],[-70.4458876,46.4959353],[-70.4463157,46.4956807],[-70.4463378,46.4953121],[-70.4465099,46.4950433],[-70.4468274,46.4936525],[-70.447388,46.4918013],[-70.4477493,46.4912109],[-70.4477874,46.4909333],[-70.4480457,46.4906598],[-70.4480623,46.4900879],[-70.4486281,46.4896701],[-70.4494264,46.4889044],[-70.4497168,46.4885054],[-70.4505203,46.487991],[-70.4518615,46.4875794],[-70.4532605,46.4868093],[-70.4552013,46.4859222],[-70.4573435,46.4852837],[-70.4583733,46.4851884],[-70.4588054,46.4850213],[-70.4591822,46.4845697],[-70.4596583,46.4836656],[-70.4602153,46.4831204],[-70.4606604,46.4828129],[-70.4617421,46.4828185],[-70.4624092,46.4825829],[-70.4630983,46.4825937],[-70.464057,46.4830451],[-70.4646522,46.4834523],[-70.4655432,46.4836638],[-70.4668463,46.4841446],[-70.4675393,46.4842909],[-70.4683452,46.4840558],[-70.4689467,46.4842629],[-70.4700281,46.4843163],[-70.4701337,46.4842787],[-70.4703044,46.4838462],[-70.4703819,46.4834067],[-70.4705912,46.4832636],[-70.4714673,46.4822699],[-70.4718176,46.4821471],[-70.4721858,46.4821832],[-70.4724766,46.4823512],[-70.4732899,46.48305],[-70.4741059,46.4840282],[-70.4744723,46.4839964],[-70.4745584,46.4836843],[-70.4747419,46.4834667],[-70.476536,46.4829225],[-70.4767575,46.4827348],[-70.4767953,46.4821497],[-70.4773078,46.4817746],[-70.4781024,46.4807772],[-70.4787982,46.4801845],[-70.4811004,46.4791774],[-70.4821199,46.4788387],[-70.4823223,46.4786361],[-70.4829154,46.4783604],[-70.4840781,46.4780618],[-70.4845678,46.4778436],[-70.4851289,46.477338],[-70.4857274,46.4769582],[-70.4863534,46.4764131],[-70.4863974,46.476291],[-70.4862717,46.4747763],[-70.4863234,46.4745698],[-70.4865252,46.4744631],[-70.4868082,46.4743599],[-70.4873272,46.4743997],[-70.4883397,46.4740014],[-70.4887206,46.4739448],[-70.4891978,46.4741266],[-70.4895948,46.474161],[-70.4898468,46.4740395],[-70.4901048,46.4737659],[-70.490433,46.4737042],[-70.4919859,46.4740433],[-70.4925268,46.4740219],[-70.4936083,46.4736718],[-70.4948069,46.4736906],[-70.4958503,46.4740213],[-70.496911,46.4746067],[-70.4978805,46.4745421],[-70.4990114,46.4739655],[-70.5001274,46.4731062],[-70.5009852,46.472213],[-70.5013573,46.4720291],[-70.5021919,46.4713887],[-70.5021195,46.4700429],[-70.5023564,46.4696866],[-70.502803,46.4694467],[-70.5028879,46.4692783],[-70.5027646,46.4691093],[-70.5023306,46.4689013],[-70.5022935,46.4687276],[-70.5024241,46.4685049],[-70.5035438,46.4677811],[-70.5042544,46.467423],[-70.5040178,46.4670206],[-70.5034938,46.4666817],[-70.5032143,46.466613],[-70.5029794,46.4666817],[-70.5029498,46.4668271],[-70.5031547,46.4673071],[-70.5030266,46.4675018],[-70.5026478,46.4676262],[-70.5023877,46.4675245],[-70.5022667,46.4673753],[-70.5022912,46.4665754],[-70.5026561,46.4653136],[-70.502536,46.4650206],[-70.5025899,46.464834],[-70.5026867,46.464669],[-70.50285,46.4645803],[-70.5032591,46.46457],[-70.5036156,46.4641992],[-70.5039131,46.4640713],[-70.5044252,46.4640514],[-70.5050579,46.4642286],[-70.5065802,46.4640979],[-70.507433,46.4642791],[-70.5079112,46.464317],[-70.5081319,46.4642251],[-70.508357,46.4634621],[-70.5092273,46.4624284],[-70.509595,46.4618015],[-70.5099921,46.4614324],[-70.5102918,46.4613243],[-70.5111587,46.4611732],[-70.5123624,46.4610877],[-70.5136397,46.46109],[-70.5141529,46.4616371],[-70.5142495,46.4622308],[-70.5143984,46.4625222],[-70.5148839,46.4625237],[-70.5153753,46.4623731],[-70.5175966,46.4621402],[-70.5178572,46.4617906],[-70.5179064,46.4615642],[-70.5181747,46.4611303],[-70.5186288,46.4608061],[-70.5191898,46.4606078],[-70.5195105,46.4605823],[-70.5201962,46.4607166],[-70.5213424,46.4606341],[-70.5219514,46.4604012],[-70.5226658,46.4597752],[-70.5228619,46.4597725],[-70.5232434,46.4599753],[-70.5241974,46.460031],[-70.5244635,46.4599326],[-70.5250859,46.4594633],[-70.5253896,46.4590874],[-70.5257719,46.4583876],[-70.5257655,46.4578769],[-70.5255512,46.4577208],[-70.5255184,46.4568281],[-70.525637,46.456602],[-70.526244,46.4563013],[-70.5268546,46.4561841],[-70.5271745,46.4558991],[-70.5278506,46.4548399],[-70.5281544,46.4536573],[-70.5281435,46.4531068],[-70.5278409,46.4525324],[-70.5276425,46.4525153],[-70.5263727,46.4528801],[-70.5254137,46.4528806],[-70.5249129,46.4526444],[-70.5249179,46.4522329],[-70.5251428,46.4518252],[-70.5255101,46.4516015],[-70.5258717,46.4515299],[-70.526456,46.4517895],[-70.5268707,46.451627],[-70.5268602,46.451384],[-70.5255922,46.4507026],[-70.5255172,46.4504511],[-70.5257936,46.4498371],[-70.5263822,46.4490223],[-70.5282383,46.4477748],[-70.5282179,46.4475963],[-70.527479,46.4471974],[-70.5274024,46.4468302],[-70.5278726,46.4457903],[-70.5287808,46.4450938],[-70.5292325,46.4443463],[-70.5300248,46.4437999],[-70.530059,46.4436942],[-70.5298879,46.4435119],[-70.5295995,46.443364],[-70.5295987,46.4431045],[-70.5302078,46.4424203],[-70.5303172,46.4421148],[-70.5305193,46.4419121],[-70.5309759,46.4419151],[-70.5312921,46.4426086],[-70.5317857,46.4428331],[-70.5323566,46.4429257],[-70.5325552,46.4428948],[-70.5331696,46.4425098],[-70.5347422,46.4426234],[-70.5360534,46.4416652],[-70.5365234,46.4414318],[-70.5371051,46.4413161],[-70.537437,46.4413898],[-70.5377277,46.4415576],[-70.5379508,46.4418408],[-70.5381542,46.442205],[-70.5382512,46.4427987],[-70.5386189,46.4436889],[-70.5387704,46.4439522],[-70.539374,46.444582],[-70.5396622,46.4447778],[-70.5400089,46.4447788],[-70.5410251,46.4443717],[-70.5424487,46.4433873],[-70.5434554,46.4425454],[-70.5443012,46.4414089],[-70.545511,46.4405759],[-70.5458979,46.4402233],[-70.5459684,46.4400317],[-70.5458976,46.4398679],[-70.5449996,46.4392903],[-70.5449578,46.4390769],[-70.5452645,46.438529],[-70.5458109,46.4383074],[-70.5461459,46.4382571],[-70.546648,46.4382535],[-70.5474385,46.4383978],[-70.5475322,46.4383088],[-70.5480621,46.4371896],[-70.5480575,46.4367467],[-70.5478463,46.4364668],[-70.5470481,46.4360035],[-70.5465867,46.4351543],[-70.5466895,46.4347414],[-70.547073,46.4345606],[-70.5476256,46.4344944],[-70.548208,46.4342348],[-70.5508493,46.4338502],[-70.5513577,46.4335508],[-70.5515719,46.4333034],[-70.5518973,46.4328184],[-70.5526622,46.4306801],[-70.5526903,46.4299199],[-70.5520709,46.4295546],[-70.5519998,46.4294387],[-70.5520273,46.4292256],[-70.5526257,46.4286537],[-70.5527426,46.428264],[-70.5531025,46.4275774],[-70.5538702,46.427072],[-70.5540449,46.4270345],[-70.5544432,46.4271843],[-70.5547682,46.4271983],[-70.5552491,46.427112],[-70.5564272,46.4267118],[-70.5573075,46.4265836],[-70.5576934,46.4263747],[-70.5580225,46.4260731],[-70.5580921,46.4255741],[-70.5579744,46.4252532],[-70.5575969,46.4247829],[-70.5574297,46.4243329],[-70.5574283,46.4237181],[-70.5575634,46.423487],[-70.5580686,46.4233115],[-70.5588363,46.4232094],[-70.5593717,46.4231959],[-70.5599729,46.4234024],[-70.5602671,46.4233503],[-70.5605147,46.4230931],[-70.5610158,46.422782],[-70.5617945,46.4224237],[-70.5623799,46.4219922],[-70.5633888,46.4214775],[-70.5641641,46.421291],[-70.5651437,46.4208737],[-70.5657055,46.4208388],[-70.5665699,46.4205236],[-70.567172,46.4205384],[-70.5676206,46.4206734],[-70.5678239,46.4206342],[-70.5690423,46.4188821],[-70.5697481,46.4182442],[-70.5703035,46.4180539],[-70.5705606,46.4177802],[-70.5727355,46.4149132],[-70.5731748,46.4145176],[-70.5742965,46.4124314],[-70.5753633,46.4117217],[-70.5757234,46.4113904],[-70.5758411,46.4112601],[-70.5760399,46.4106822],[-70.5764596,46.4103676],[-70.5770702,46.4101063],[-70.5772519,46.4100803],[-70.5775928,46.4102331],[-70.5779844,46.4102754],[-70.5785197,46.4102618],[-70.5787638,46.4101764],[-70.5796171,46.4096182],[-70.5805268,46.4092485],[-70.5809901,46.4088117],[-70.5811666,46.4083907],[-70.5814185,46.4081731],[-70.5828581,46.4078939],[-70.5837891,46.4075589],[-70.5851729,46.4074464],[-70.5854149,46.4072933],[-70.5857081,46.4069337],[-70.5859109,46.4064913],[-70.586305,46.4060063],[-70.5866492,46.4049891],[-70.5871219,46.4045358],[-70.5886768,46.4036072],[-70.5894376,46.4033495],[-70.5904061,46.4031402],[-70.5906249,46.4028366],[-70.5906412,46.4024285],[-70.5909175,46.4020738],[-70.592892,46.4012817],[-70.5939081,46.4010856],[-70.5960519,46.3992659],[-70.596459,46.3990437],[-70.5978886,46.3987808],[-70.5986062,46.3985493],[-70.6004204,46.397722],[-70.6006341,46.3974746],[-70.6006143,46.3971044],[-70.6014981,46.3965642],[-70.6023211,46.396247],[-70.6029631,46.3958121],[-70.6038979,46.3956125],[-70.6059193,46.3954283],[-70.6069465,46.3948323],[-70.6077263,46.3939944],[-70.6083461,46.3937164],[-70.6086849,46.3938014],[-70.6088035,46.3939784],[-70.6087669,46.3941601],[-70.6083074,46.3943773],[-70.6082677,46.3947309],[-70.6084142,46.395098],[-70.608888,46.395451],[-70.6088968,46.3956262],[-70.6083515,46.3958002],[-70.6082935,46.3959472],[-70.6087321,46.3961464],[-70.609217,46.3961474],[-70.6095148,46.3963265],[-70.6096596,46.39653],[-70.6100317,46.3966531],[-70.6105523,46.396664],[-70.6107103,46.3965834],[-70.6111474,46.3960241],[-70.6120818,46.3953253],[-70.6129122,46.3943768],[-70.6136995,46.3940016],[-70.6147108,46.3937656],[-70.6137984,46.3937605],[-70.6129094,46.3939058],[-70.6124972,46.3942322],[-70.6123083,46.3942946],[-70.6121246,46.3942529],[-70.6118152,46.3939747],[-70.6116983,46.3939612],[-70.6112166,46.3943354],[-70.6108607,46.3943512],[-70.6106558,46.3942268],[-70.6105468,46.3940332],[-70.6106321,46.3936252],[-70.6108625,46.3933729],[-70.6110062,46.3932691],[-70.6114891,46.3931544],[-70.6119191,46.3931304],[-70.6121363,46.3931623],[-70.612496,46.3933778],[-70.6131265,46.3933907],[-70.6141408,46.3929829],[-70.6148028,46.3928702],[-70.6150018,46.3926954],[-70.61489,46.3925779],[-70.6142717,46.3925204],[-70.6138058,46.3925823],[-70.6132019,46.3925001],[-70.6128064,46.3922746],[-70.6127879,46.3921159],[-70.6133645,46.3918642],[-70.615388,46.3916997],[-70.6156249,46.3916027],[-70.6154128,46.3909198],[-70.6150388,46.3906811],[-70.6141847,46.3904811],[-70.6138765,46.3905102],[-70.613484,46.3907077],[-70.6132095,46.3906791],[-70.6129856,46.3905398],[-70.6129123,46.3903563],[-70.6129893,46.3902242],[-70.613651,46.3896125],[-70.6141269,46.3894383],[-70.6143514,46.3894338],[-70.6148141,46.3895917],[-70.6154186,46.390077],[-70.6159694,46.3902979],[-70.6165067,46.3903039],[-70.6170065,46.3901364],[-70.6172031,46.3899417],[-70.6172085,46.3897897],[-70.6167391,46.3895244],[-70.6163158,46.3891088],[-70.6163073,46.3888378],[-70.6165274,46.3887457],[-70.6172846,46.3887075],[-70.6181689,46.3891174],[-70.6185511,46.389675],[-70.619148,46.3896977],[-70.6195739,46.3894903],[-70.6198808,46.3892017],[-70.6201599,46.3886751],[-70.620167,46.3880918],[-70.6202607,46.3879548],[-70.6206339,46.3877903],[-70.6220774,46.3875022],[-70.6228775,46.3874856],[-70.6252661,46.3879313],[-70.6254336,46.3878341],[-70.6255471,46.3875203],[-70.6256621,46.3874181],[-70.6261834,46.3872373],[-70.6266872,46.3872531],[-70.627059,46.387424],[-70.6274337,46.3881138],[-70.6272997,46.388796],[-70.6273469,46.3889531],[-70.6276422,46.3891602],[-70.6278093,46.3891588],[-70.6280269,46.3890948],[-70.6284877,46.3884941],[-70.6284835,46.3883586],[-70.6283622,46.3882097],[-70.6280052,46.3879182],[-70.6280544,46.3875481],[-70.6281621,46.3874822],[-70.6288284,46.387457],[-70.6291859,46.3876527],[-70.6296345,46.3877394],[-70.6298748,46.3879695],[-70.629874,46.3881612],[-70.6295222,46.3890033],[-70.6288146,46.3898134],[-70.6287567,46.3899604],[-70.6288266,46.3904116],[-70.6290643,46.3907178],[-70.630065,46.3913327],[-70.6305229,46.3914988],[-70.6308501,46.3914845],[-70.6315463,46.3911701],[-70.6320403,46.3906075],[-70.6320277,46.390153],[-70.6316883,46.3889742],[-70.6316829,46.3884834],[-70.6324385,46.3875908],[-70.6330821,46.3872714],[-70.6338326,46.3870777],[-70.6344051,46.3872374],[-70.6347005,46.3874445],[-70.6346875,46.3877287],[-70.6345266,46.3879812],[-70.6341176,46.3881358],[-70.6338805,46.3883287],[-70.6337951,46.3888326],[-70.6341251,46.3893372],[-70.6370224,46.389838],[-70.6371802,46.3898052],[-70.6373897,46.3893264],[-70.6373483,46.3882307],[-70.6370401,46.3876171],[-70.6366447,46.3873438],[-70.6366263,46.3871372],[-70.6367175,46.3870283],[-70.6369925,46.3869131],[-70.6375178,46.3869157],[-70.637742,46.387007],[-70.6383327,46.3874211],[-70.6387274,46.3878861],[-70.6390546,46.3878718],[-70.6394455,46.3874147],[-70.6396321,46.3873324],[-70.6401503,46.3873234],[-70.6403887,46.3874378],[-70.640667,46.3877457],[-70.6409544,46.3881808],[-70.6410435,46.3886469],[-70.6408898,46.3888631],[-70.6406627,46.3889437],[-70.6395454,46.3888625],[-70.6392634,46.3889182],[-70.6390263,46.3891111],[-70.6388939,46.38941],[-70.6388923,46.3898413],[-70.6390271,46.390205],[-70.6390398,46.3906595],[-70.6389239,46.3910014],[-70.6386432,46.3913644],[-70.6386518,46.3916354],[-70.6393195,46.3919175],[-70.6408565,46.3921829],[-70.6410756,46.3923783],[-70.6412907,46.3929851],[-70.6414457,46.3930762],[-70.6439526,46.3932953],[-70.6448424,46.3936008],[-70.6451946,46.3939484],[-70.6453728,46.3942379],[-70.6454599,46.3945884],[-70.6453391,46.3956772],[-70.6453348,46.3962324],[-70.6454313,46.3966622],[-70.6459257,46.3973373],[-70.6459269,46.3976926],[-70.6462096,46.3981359],[-70.6462075,46.3987589],[-70.6464285,46.39907],[-70.6462673,46.3994184],[-70.6458315,46.3997383],[-70.6455217,46.4001988],[-70.6457256,46.4006586],[-70.6458898,46.400829],[-70.6458786,46.4013248],[-70.6449918,46.402181],[-70.644594,46.4032214],[-70.6443852,46.4035086],[-70.6419516,46.404663],[-70.6418867,46.4047984],[-70.6420505,46.4050648],[-70.6423558,46.4052074],[-70.6432826,46.4059262],[-70.643308,46.4061923],[-70.6430296,46.4072181],[-70.6410554,46.4087979],[-70.6407397,46.4089114],[-70.6399587,46.4094902],[-70.6395591,46.4096762],[-70.6386965,46.4103473],[-70.6374446,46.4109963],[-70.6368898,46.4111391],[-70.6366547,46.4113998],[-70.6365774,46.4116277],[-70.6362559,46.4119891],[-70.6362098,46.4121873],[-70.6362535,46.4126601],[-70.6360148,46.4132364],[-70.6361265,46.4140448],[-70.635426,46.4148186],[-70.6351793,46.415623],[-70.634691,46.4164849],[-70.63387,46.417513],[-70.6334551,46.4179155],[-70.6323113,46.4195926],[-70.6321011,46.4202153],[-70.6314212,46.4211677],[-70.6305875,46.4216934],[-70.6301702,46.422076],[-70.6287783,46.4242022],[-70.628294,46.4246045],[-70.6279308,46.4252038],[-70.6271242,46.4255163],[-70.6267428,46.425861],[-70.6266025,46.4262921],[-70.6256805,46.4267548],[-70.6253303,46.4270699],[-70.6243935,46.4276532],[-70.6235562,46.4278516],[-70.6222411,46.4279648],[-70.6218125,46.4281524],[-70.6215846,46.4283767],[-70.6218817,46.4293904],[-70.6218147,46.4306001],[-70.6217252,46.4308726],[-70.6212153,46.4316518],[-70.6203777,46.4324931],[-70.6203834,46.4328402],[-70.6205542,46.4331661],[-70.6209706,46.433666],[-70.6212995,46.4339113],[-70.6218154,46.4346213],[-70.6219055,46.435395],[-70.6215266,46.4369016],[-70.6218308,46.4373319],[-70.6225047,46.4374142],[-70.6232781,46.4377066],[-70.6234515,46.4380044],[-70.6234272,46.4386886],[-70.6235051,46.4389598],[-70.6230373,46.4399523],[-70.6223621,46.4402055],[-70.621887,46.4406393],[-70.6210875,46.4408675],[-70.6207769,46.4408289],[-70.6201421,46.4405368],[-70.6195442,46.4405621],[-70.6191683,46.4407068],[-70.6188516,46.4409641],[-70.6187428,46.4412696],[-70.6187888,46.4417143],[-70.6190215,46.4421247],[-70.6183937,46.4436292],[-70.6183856,46.4438573],[-70.6185851,46.4441816],[-70.6183921,46.4446077],[-70.6183453,46.4449497],[-70.617933,46.4457754],[-70.6174279,46.4464983],[-70.6171815,46.4471111],[-70.6171192,46.4477176],[-70.6176306,46.448983],[-70.6183698,46.4500721],[-70.6188934,46.4506979],[-70.619302,46.451378],[-70.6195453,46.4521272],[-70.6195397,46.4523272],[-70.6198192,46.4529906],[-70.6197658,46.4537723],[-70.6186532,46.4544892],[-70.6152746,46.4560429],[-70.6143863,46.4568511],[-70.6138479,46.4574881],[-70.6136376,46.458015],[-70.6136936,46.4583473],[-70.6142339,46.4589683],[-70.6148372,46.4594339],[-70.6158898,46.4605336],[-70.6158529,46.4613584],[-70.6149581,46.4625583],[-70.6142771,46.4629636],[-70.6140185,46.4630259],[-70.6123369,46.4630275],[-70.6120569,46.463055],[-70.6118769,46.4631968],[-70.6118558,46.4636613],[-70.6127943,46.4640285],[-70.613087,46.4644076],[-70.6131052,46.4646142],[-70.6128999,46.4650849],[-70.6121778,46.4655843],[-70.6116364,46.4657502],[-70.6109907,46.4657142],[-70.6100483,46.4651155],[-70.6096031,46.4651642],[-70.6095879,46.4653807],[-70.6096755,46.4655875],[-70.610476,46.4663578],[-70.6110132,46.4666036],[-70.6121257,46.4665777],[-70.6124747,46.4666462],[-70.6131948,46.4672212],[-70.6135233,46.4676103],[-70.6135919,46.4678022],[-70.6133197,46.4682447],[-70.6122298,46.4685648],[-70.6122003,46.4687582],[-70.6124453,46.4690761],[-70.6125276,46.4694349],[-70.6131739,46.4699222],[-70.6150307,46.4704301],[-70.6162128,46.4709515],[-70.6171521,46.4717699],[-70.617416,46.4721986],[-70.6174601,46.4725276],[-70.6171384,46.4727932],[-70.6160097,46.4732273],[-70.6143266,46.4734687],[-70.6139047,46.4736678],[-70.6138156,46.4737966],[-70.613867,46.4740893],[-70.6144459,46.4746922],[-70.6147372,46.4748597],[-70.6152202,46.4749367],[-70.6154788,46.4748744],[-70.6166516,46.4742221],[-70.6173705,46.4739425],[-70.6183209,46.4738138],[-70.6196223,46.4744643],[-70.6204453,46.4750775],[-70.6205022,46.4752181],[-70.6205153,46.4755289],[-70.6204064,46.4758345],[-70.6198067,46.4761954],[-70.6191463,46.4767793],[-70.6189888,46.4772634],[-70.619012,46.4774618],[-70.6191168,46.4775678],[-70.6197878,46.4779179],[-70.6207235,46.4779098],[-70.6220766,46.4782099],[-70.6235553,46.4782474],[-70.6241623,46.4784453],[-70.6247875,46.4788978],[-70.6252725,46.4790904],[-70.6260603,46.4789547],[-70.6264767,46.4789555],[-70.626682,46.4790798],[-70.6267487,46.479156],[-70.6266778,46.4795394],[-70.6259586,46.479867],[-70.6251658,46.480059],[-70.624928,46.4802771],[-70.6248507,46.4804799],[-70.6248663,46.4807626],[-70.6251615,46.4811616],[-70.6251746,46.4814724],[-70.624776,46.4818221],[-70.6248786,46.4819083],[-70.6250363,46.4819714],[-70.62608,46.4818973],[-70.6267298,46.4815695],[-70.6269346,46.4811946],[-70.6273157,46.4810416],[-70.6273999,46.4809211],[-70.6280154,46.4807949],[-70.6281685,46.4808183],[-70.6286455,46.4812391],[-70.6288481,46.4820826],[-70.6287438,46.4824279],[-70.6290733,46.4826252],[-70.6294059,46.4826506],[-70.6299101,46.4822151],[-70.6306027,46.4819568],[-70.6312751,46.4819713],[-70.631545,46.482104],[-70.631532,46.4823883],[-70.631656,46.4825092],[-70.6316362,46.4826861],[-70.6313891,46.4828476],[-70.6311603,46.4832159],[-70.6308697,46.4834997],[-70.6307993,46.4843823],[-70.6306276,46.4848432],[-70.6302073,46.4852541],[-70.629761,46.4855426],[-70.6297319,46.4856401],[-70.6298129,46.4857394],[-70.629631,46.4862564],[-70.6296562,46.4864672],[-70.6298201,46.4867414],[-70.6300493,46.4868653],[-70.6302869,46.4869752],[-70.6308734,46.4869465],[-70.6314966,46.4873312],[-70.6338381,46.4877718],[-70.6355612,46.4878195],[-70.6363745,46.4879498],[-70.6371296,46.4882752],[-70.6392587,46.4899138],[-70.6395101,46.4898878],[-70.639616,46.4897062],[-70.6395209,46.4895357],[-70.6389768,46.4890868],[-70.6388342,46.4888071],[-70.6389141,46.488551],[-70.6392841,46.4881549],[-70.6393819,46.4882493],[-70.639036,46.4886041],[-70.6390189,46.488705],[-70.6391095,46.4887878],[-70.6396307,46.4882993],[-70.6403715,46.4879584],[-70.6412738,46.4879599],[-70.6423494,46.4883552],[-70.6433205,46.4885486],[-70.6437034,46.4885592],[-70.6438617,46.4884784],[-70.643855,46.488323],[-70.6430308,46.4879017],[-70.6427661,46.4876169],[-70.6426069,46.4872943],[-70.6426345,46.4869373],[-70.6427979,46.4867524],[-70.6429991,46.4866932],[-70.6436213,46.4867224],[-70.6444117,46.4872494],[-70.6449575,46.4879099],[-70.6456831,46.4884765],[-70.6466838,46.4898106],[-70.6467668,46.4900256],[-70.6468225,46.4912408],[-70.6464673,46.4922073],[-70.6466,46.4925994],[-70.6468727,46.492656],[-70.6474235,46.4925693],[-70.6486455,46.4922373],[-70.6491578,46.4922167],[-70.6495045,46.4923131],[-70.6499938,46.4927371],[-70.6500458,46.4929339],[-70.6507225,46.4938707],[-70.6516213,46.4942359],[-70.6519221,46.4944827],[-70.6521496,46.4951889],[-70.6521548,46.4957758],[-70.6534622,46.4971567],[-70.6538993,46.4974318],[-70.6549472,46.4976368],[-70.6557651,46.4979026],[-70.6562188,46.4982686],[-70.6568547,46.4985606],[-70.6571937,46.4988372],[-70.6585045,46.4992111],[-70.659885,46.5],[-70.6612992,46.5012356],[-70.661752,46.5019372],[-70.6624438,46.5027533],[-70.6650916,46.5044104],[-70.6664672,46.5055796],[-70.6672732,46.5058899],[-70.6679221,46.5058974],[-70.6706393,46.5052416],[-70.6724498,46.5050919],[-70.6731296,46.5051656],[-70.6750196,46.5057385],[-70.6758193,46.5057495],[-70.6762797,46.5054839],[-70.6767576,46.5049737],[-70.6779539,46.504423],[-70.6784731,46.5036748],[-70.6788029,46.503037],[-70.679434,46.5025022],[-70.6802133,46.5020469],[-70.6814956,46.5015393],[-70.6817785,46.5013876],[-70.6820546,46.5010804],[-70.6831883,46.5005891],[-70.6836747,46.5004459],[-70.6843066,46.5005062],[-70.685638,46.5],[-70.687262,46.5],[-70.6873171,46.500085],[-70.6906551,46.5007717],[-70.692298,46.5005752],[-70.6933778,46.5005582],[-70.6942568,46.5004088],[-70.6947144,46.5002671],[-70.69514,46.5],[-70.6963178,46.4994935],[-70.696943,46.4993504],[-70.6977211,46.4993264],[-70.6982433,46.4991931],[-70.6991012,46.4988171],[-70.6997701,46.4984078],[-70.7000582,46.498008],[-70.700109,46.4967268],[-70.700501,46.4958857],[-70.7007389,46.4955008],[-70.7015634,46.4950387],[-70.7029313,46.494526],[-70.7043134,46.4941323],[-70.7065206,46.4928929],[-70.7071385,46.4927381],[-70.7085294,46.4926634],[-70.7103635,46.4923759],[-70.7119994,46.4918798],[-70.7134403,46.4918861],[-70.7144834,46.4921945],[-70.7163155,46.4929616],[-70.7179168,46.4930506],[-70.7188363,46.4928547],[-70.7202822,46.4928047],[-70.7208853,46.4928663],[-70.721299,46.4930865],[-70.723237,46.4950339],[-70.7252138,46.4968193],[-70.7260605,46.4972746],[-70.7288907,46.4984522],[-70.7295676,46.4987933],[-70.730364,46.4993593],[-70.7330387,46.5005896],[-70.7337515,46.5010364],[-70.7352603,46.5024328],[-70.7356924,46.5032911],[-70.7358155,46.5043229],[-70.7361403,46.5049117],[-70.7369254,46.5050428],[-70.7378813,46.5046648],[-70.7388153,46.5044918],[-70.7395144,46.5045319],[-70.7420564,46.5051783],[-70.7431841,46.5052219],[-70.7439115,46.5056439],[-70.7443731,46.5060212],[-70.744634,46.5061222],[-70.7452006,46.506845],[-70.7457938,46.5074025],[-70.7464806,46.5077748],[-70.7469713,46.5078627],[-70.7478166,46.5078665],[-70.7489518,46.5077299],[-70.7496868,46.5077799],[-70.750259,46.507919],[-70.7513503,46.5084321],[-70.7533963,46.5098136],[-70.7539659,46.5100768],[-70.7565131,46.5108583],[-70.7570542,46.5109313],[-70.759865,46.5116418],[-70.7612582,46.5123053],[-70.7622518,46.5125801],[-70.7641891,46.5126652],[-70.7651756,46.5128325],[-70.7662506,46.5132065],[-70.7666264,46.5133968],[-70.7670716,46.5138268],[-70.7676438,46.5140138],[-70.7700505,46.5141998],[-70.7711763,46.5139355],[-70.7725007,46.5137359],[-70.7737508,46.51388],[-70.7775173,46.5151705],[-70.7778908,46.5153889],[-70.7783887,46.5159197],[-70.77853,46.5158916],[-70.7785464,46.5167018],[-70.778903,46.5173566],[-70.7794488,46.5180445],[-70.7815583,46.5196056],[-70.7820442,46.5205167],[-70.7821348,46.5215584],[-70.7823742,46.522152],[-70.7828507,46.5225522],[-70.7831812,46.5227011],[-70.7860937,46.5234769],[-70.7873942,46.5241335],[-70.7879187,46.5247387],[-70.7879904,46.5254298],[-70.7873002,46.5267161],[-70.7866796,46.5273311],[-70.7859417,46.527837],[-70.7853402,46.5284669],[-70.7852513,46.5292671],[-70.7848435,46.5312165],[-70.7848145,46.5322251],[-70.7849482,46.5337199],[-70.7852427,46.5342904],[-70.7859229,46.5352743],[-70.7862462,46.535987],[-70.7864281,46.5367757],[-70.7870795,46.5382887],[-70.7872232,46.5384243],[-70.7878222,46.5386377],[-70.7884764,46.5386841],[-70.7892168,46.5386775],[-70.7905994,46.5384743],[-70.7920419,46.5384793],[-70.7930771,46.5387555],[-70.7941458,46.5391177],[-70.7949077,46.5394815],[-70.7954708,46.5399246],[-70.7956194,46.5401958],[-70.7960291,46.5406158],[-70.7997459,46.542524],[-70.8006014,46.5428464],[-70.801167,46.5429737],[-70.8019794,46.5429869],[-70.8034028,46.5426892],[-70.8042488,46.5426924],[-70.8063313,46.5429122],[-70.8070742,46.5431171],[-70.807997,46.5437073],[-70.8082343,46.5439454],[-70.8086491,46.5446928],[-70.8087212,46.5454799],[-70.8086615,46.5462306],[-70.8077966,46.5473634],[-70.8070515,46.5486731],[-70.8070228,46.5489625],[-70.8071379,46.5492916],[-70.8078451,46.5496784],[-70.8082813,46.5497892],[-70.8100214,46.5498567],[-70.8115411,46.5502087],[-70.8142308,46.5514683],[-70.8151609,46.5517344],[-70.8158225,46.5517921],[-70.8160478,46.5517392],[-70.816719,46.5520201],[-70.818795,46.5524678],[-70.8205594,46.5530213],[-70.8200893,46.5523451],[-70.819624,46.5519004],[-70.8185165,46.5515567],[-70.818025,46.5513253],[-70.8175887,46.5510228],[-70.8172817,46.5506889],[-70.817145,46.550469],[-70.8171641,46.55034],[-70.8182239,46.55115],[-70.8196767,46.5517136],[-70.8203672,46.5521532],[-70.8209311,46.5532197],[-70.8214659,46.5538562],[-70.8222261,46.5543438],[-70.8226266,46.5547323],[-70.8232216,46.5556251],[-70.8235981,46.5558631],[-70.8238212,46.5561739],[-70.8242221,46.557042],[-70.8244307,46.5572338],[-70.8250231,46.5576271],[-70.8255435,46.5578568],[-70.8262795,46.5580501],[-70.8274833,46.558564],[-70.8277158,46.5585705],[-70.8285914,46.5593872],[-70.8287762,46.5596682],[-70.8292926,46.5609132],[-70.8292261,46.5618922],[-70.8288887,46.5626911],[-70.8288171,46.5631508],[-70.828834,46.5633857],[-70.8294486,46.5644372],[-70.8293724,46.565145],[-70.8287926,46.5658579],[-70.8278988,46.5665131],[-70.8277218,46.5671548],[-70.8274246,46.5674278],[-70.8277149,46.5676708],[-70.8278638,46.5679899],[-70.8278136,46.5682446],[-70.8283291,46.5681948],[-70.8276053,46.5686763],[-70.8275646,46.5687706],[-70.8274168,46.5699861],[-70.8269809,46.5707387],[-70.8269954,46.5709057],[-70.8274555,46.5704954],[-70.8271395,46.5712811],[-70.8261111,46.5717841],[-70.8254637,46.5718455],[-70.8247133,46.5721566],[-70.8243204,46.5726909],[-70.8241986,46.5735972],[-70.8238705,46.5742836],[-70.8220366,46.5756005],[-70.821773,46.5758636],[-70.8215717,46.5762109],[-70.821651,46.5765301],[-70.8222365,46.5771038],[-70.8223495,46.5775089],[-70.8222109,46.5783722],[-70.8215476,46.5804049],[-70.8215454,46.5806728],[-70.8216727,46.5810532],[-70.822167,46.5814483],[-70.8234891,46.5823112],[-70.8241897,46.5826385],[-70.8259678,46.5837229],[-70.8267649,46.584796],[-70.827207,46.5860015],[-70.8282008,46.5869273],[-70.8284409,46.5872812],[-70.828655,46.5881361],[-70.8284468,46.5888556],[-70.828459,46.5891467],[-70.8301148,46.5897945],[-70.8303528,46.5904162],[-70.8309984,46.5908625],[-70.8318719,46.5911318],[-70.8328172,46.591229],[-70.8336736,46.5911675],[-70.8352716,46.5913868],[-70.83621,46.5918082],[-70.8368392,46.5925472],[-70.837569,46.5930166],[-70.838541,46.59338],[-70.8404752,46.5937877],[-70.841865,46.5944866],[-70.8433523,46.5942725],[-70.844669,46.5938485],[-70.8451608,46.593792],[-70.8459766,46.5938726],[-70.8465334,46.5940162],[-70.8485874,46.5942168],[-70.8493002,46.5944033],[-70.8495716,46.5946314],[-70.8508294,46.5951021],[-70.851401,46.5956045],[-70.8522581,46.5960704],[-70.852887,46.5962338],[-70.8540412,46.5963307],[-70.8563299,46.5961258],[-70.8573857,46.5962244],[-70.8612295,46.5962168],[-70.8628033,46.5961413],[-70.865574,46.5957523],[-70.8680236,46.5957256],[-70.8708059,46.5951479],[-70.8715927,46.5950861],[-70.8724951,46.5952094],[-70.8738085,46.5958004],[-70.8743268,46.5958182],[-70.8757514,46.5955193],[-70.8790798,46.5945257],[-70.8795117,46.5945485],[-70.8793801,46.594704],[-70.8798216,46.5947103],[-70.8795339,46.594871],[-70.8803544,46.5947991],[-70.8803758,46.5947379],[-70.8799245,46.5946043],[-70.8798908,46.5945184],[-70.8803465,46.5944518],[-70.8805885,46.5942978],[-70.8797488,46.5943068],[-70.8800101,46.5941676],[-70.8804179,46.5941358],[-70.8812483,46.5942872],[-70.8816484,46.5940041],[-70.8841202,46.5930723],[-70.8894148,46.5928869],[-70.8897844,46.5929692],[-70.8921188,46.5929486],[-70.8926182,46.5931433],[-70.8938061,46.5932777],[-70.8962148,46.5932487],[-70.8973207,46.5931879],[-70.898798,46.5929415],[-70.8995844,46.5926876],[-70.901136,46.5924329],[-70.9017022,46.5924157],[-70.9024582,46.5925273],[-70.9030998,46.5929814],[-70.903249,46.5931565],[-70.903365,46.5934855],[-70.9033087,46.5940165],[-70.9034127,46.5943901],[-70.9037903,46.5947718],[-70.9047824,46.5952453],[-70.9062898,46.5955247],[-70.9073191,46.5955003],[-70.9089999,46.5950699],[-70.9099088,46.5949167],[-70.9116194,46.5948683],[-70.9132538,46.5950482],[-70.9144343,46.5950748],[-70.9155024,46.5952239],[-70.9162155,46.5954099],[-70.9180962,46.5952834],[-70.9188011,46.5951221],[-70.9200464,46.5951568],[-70.9205339,46.5953001],[-70.9215142,46.5957701],[-70.9223124,46.5963628],[-70.9227964,46.596946],[-70.9236878,46.5974012],[-70.9252124,46.5977233],[-70.9290383,46.5989253],[-70.9306163,46.599444],[-70.9324977,46.6002567],[-70.9328807,46.6007259],[-70.9329485,46.6009457],[-70.9328753,46.6013378],[-70.9324641,46.6018098],[-70.9324839,46.6020165],[-70.9326991,46.6025356],[-70.9334035,46.6037254],[-70.9338222,46.6041085],[-70.9377721,46.6048072],[-70.9397863,46.6050522],[-70.9403126,46.605273],[-70.9417194,46.6061375],[-70.9428604,46.60645],[-70.9431947,46.6066661],[-70.9434307,46.606932],[-70.9436194,46.6073767],[-70.9435756,46.607911],[-70.9436412,46.608159],[-70.9441496,46.6087486],[-70.9441035,46.6093111],[-70.9438354,46.6095348],[-70.9429988,46.609852],[-70.9408329,46.6102557],[-70.9398843,46.6108394],[-70.9396671,46.611192],[-70.9396783,46.6117031],[-70.9399474,46.6125148],[-70.9402873,46.6129626],[-70.9409583,46.6133668],[-70.9423277,46.6137417],[-70.9428901,46.6139724],[-70.9434892,46.6144048],[-70.9438866,46.6148012],[-70.9442558,46.6153911],[-70.9442836,46.6165009],[-70.9438539,46.6179456],[-70.943853,46.6184054],[-70.9439925,46.6185206],[-70.9440405,46.6187574],[-70.9442064,46.6188871],[-70.9452424,46.6189391],[-70.9456917,46.6190526],[-70.9468067,46.6186869],[-70.9478078,46.6187117],[-70.9481857,46.6189972],[-70.9489956,46.6192573],[-70.9502555,46.6205222],[-70.9505467,46.6207169],[-70.9508038,46.6207777],[-70.9515747,46.6208641],[-70.9526644,46.6208077],[-70.9530106,46.6209311],[-70.9537299,46.6206967],[-70.9559723,46.620716],[-70.9565538,46.6208656],[-70.9566555,46.6211234],[-70.956884,46.6212339],[-70.9570423,46.6212005],[-70.9573774,46.6209088],[-70.9578451,46.6207972],[-70.9592442,46.6213141],[-70.9603106,46.6214429],[-70.9627494,46.6213625],[-70.9637036,46.6210101],[-70.963934,46.6209964],[-70.9646776,46.6214682],[-70.9652725,46.6219567],[-70.9664848,46.6219528],[-70.9677146,46.6220879],[-70.967908,46.6218245],[-70.9681766,46.6217446],[-70.9686542,46.6217123],[-70.9690147,46.6218109],[-70.9698112,46.6222874],[-70.9705192,46.623449],[-70.9710873,46.6256264],[-70.9715025,46.6262095],[-70.9720971,46.6266021],[-70.9724915,46.6267386],[-70.9734976,46.6267549],[-70.975679,46.6270733],[-70.9762288,46.6270606],[-70.97942,46.6265433],[-70.9814581,46.6264582],[-70.9816384,46.6265074],[-70.9816943,46.626676],[-70.9822634,46.6266782],[-70.9827443,46.6268576],[-70.9880861,46.6278474],[-70.9911422,46.6277336],[-70.9943496,46.6281784],[-70.9969934,46.6282008],[-70.9979519,46.6282996],[-71.0016448,46.6283114],[-71.0033851,46.6287194],[-71.0046993,46.6288769],[-71.0073258,46.6288081],[-71.0081022,46.6289817],[-71.0085858,46.6291807],[-71.0094287,46.6296982],[-71.0095208,46.6298767],[-71.0110792,46.6303594],[-71.0121462,46.6305356],[-71.0168889,46.630584],[-71.0187194,46.6307384],[-71.0208831,46.6307729],[-71.0218835,46.6310649],[-71.0235252,46.6318384],[-71.0259444,46.6325172],[-71.0269507,46.6325329],[-71.0300826,46.6321893],[-71.0313291,46.6322225],[-71.0327399,46.6324539],[-71.0335613,46.6324766],[-71.034283,46.6327212],[-71.034852,46.6331349],[-71.0355493,46.6341968],[-71.035891,46.6352],[-71.0360478,46.6353386],[-71.0368971,46.6356275],[-71.0378797,46.6356845],[-71.0390097,46.6354847],[-71.0401554,46.635088],[-71.0407363,46.6350451],[-71.0424351,46.6343392],[-71.0426968,46.6343435],[-71.0431421,46.6345127],[-71.0437042,46.6345509],[-71.0443804,46.6348022],[-71.0449249,46.6351134],[-71.0449198,46.6354856],[-71.0454263,46.635863],[-71.0471733,46.6356301],[-71.0480546,46.6356211],[-71.0483773,46.6357856],[-71.0486889,46.6360908],[-71.0496334,46.6362139],[-71.050106,46.6365534],[-71.0518743,46.6370829],[-71.0520292,46.6372975],[-71.052625,46.6373256],[-71.0530705,46.6375427],[-71.0536943,46.638249],[-71.0546708,46.6388981],[-71.0550753,46.6394776],[-71.0554249,46.6397165],[-71.0565189,46.6399185],[-71.0573396,46.640209],[-71.0589324,46.640269],[-71.0589601,46.6404873],[-71.0590443,46.6405102],[-71.0605313,46.6405606],[-71.0625757,46.6414332],[-71.0635423,46.6420028],[-71.0647368,46.6433144],[-71.0649532,46.6437373],[-71.0662482,46.6449709],[-71.0668072,46.646033],[-71.0668627,46.6464696],[-71.0672802,46.6467843],[-71.067663,46.6469172],[-71.0678213,46.6468837],[-71.0675331,46.6464891],[-71.0676727,46.6465367],[-71.067905,46.6468106],[-71.0681266,46.6469092],[-71.0681641,46.6471589],[-71.068625,46.6482709],[-71.0694161,46.6487831],[-71.0701097,46.6494411],[-71.0701504,46.6498066],[-71.0705687,46.6506292],[-71.0705875,46.651324],[-71.0707347,46.6514311],[-71.0708302,46.6517252],[-71.0709895,46.6518356],[-71.0708285,46.6522133],[-71.0709329,46.6523949],[-71.0708174,46.6531298],[-71.0707137,46.653456],[-71.0704606,46.6537033],[-71.070471,46.6538306],[-71.0703211,46.6540676],[-71.0698092,46.6544265],[-71.069009,46.6548027],[-71.0686149,46.6551744],[-71.0675683,46.6557135],[-71.0668715,46.6564914],[-71.0668844,46.6574145],[-71.0671983,46.6580555],[-71.0676277,46.6583256],[-71.0681594,46.6584415],[-71.0687286,46.6583951],[-71.0689779,46.6583001],[-71.0693964,46.6579829],[-71.0707341,46.6574942],[-71.072051,46.6575267],[-71.0730621,46.6578496],[-71.0736581,46.6582416],[-71.0741084,46.6584023],[-71.0751327,46.6596483],[-71.0751493,46.6603712],[-71.0748311,46.6609744],[-71.0740626,46.6614168],[-71.0738718,46.6616523],[-71.0736729,46.6617323],[-71.0738126,46.6617798],[-71.0738135,46.6619238],[-71.0736484,46.6620417],[-71.0736446,46.6621939],[-71.0738636,46.6626367],[-71.0741746,46.6627979],[-71.0771067,46.6632407],[-71.0787803,46.6641554],[-71.0797005,46.6644918],[-71.0804201,46.6650322],[-71.0810055,46.6652488],[-71.0814765,46.6656163],[-71.0826269,46.6662547],[-71.0850617,46.6670313],[-71.0860938,46.6675609],[-71.0877471,46.6679048],[-71.089159,46.6680873],[-71.0919042,46.6692449],[-71.0924739,46.6699744],[-71.0924584,46.6701713],[-71.0922566,46.6705475],[-71.0916029,46.6716151],[-71.0912167,46.6720944],[-71.0909389,46.6722393],[-71.0908796,46.6723669],[-71.0902042,46.6727197],[-71.0897908,46.6730768],[-71.0893377,46.6732602],[-71.0880403,46.6740667],[-71.0878227,46.6742279],[-71.0877206,46.67443],[-71.0849863,46.6756795],[-71.0846057,46.6759305],[-71.0825227,46.6768204],[-71.0818183,46.677175],[-71.0813521,46.6775752],[-71.080803,46.6777804],[-71.0807076,46.6778981],[-71.0799984,46.678261],[-71.0797823,46.678298],[-71.0795696,46.6784989],[-71.0782434,46.678991],[-71.0773673,46.6791839],[-71.0768282,46.6794685],[-71.0766491,46.6796593],[-71.0765977,46.6798944],[-71.0766391,46.6803559],[-71.0768273,46.6808285],[-71.0768193,46.681085],[-71.0767587,46.6813846],[-71.0763377,46.682094],[-71.075827,46.6826929],[-71.0744146,46.6840141],[-71.0743917,46.6841995],[-71.0742132,46.6844863],[-71.0738851,46.6846941],[-71.0733117,46.6852567],[-71.0723135,46.6859529],[-71.0719483,46.6860069],[-71.0710402,46.6864977],[-71.070751,46.6867832],[-71.0703529,46.6869432],[-71.0698958,46.6872788],[-71.0690673,46.6882127],[-71.0683026,46.6893748],[-71.0680414,46.6895146],[-71.0676535,46.690166],[-71.067642,46.6908488],[-71.0677317,46.6911453],[-71.0682934,46.6916063],[-71.0707145,46.6932494],[-71.0723761,46.6940172],[-71.0732173,46.6943225],[-71.0739993,46.6943913],[-71.0749296,46.6943471],[-71.0770704,46.6936739],[-71.0792938,46.6927835],[-71.0804251,46.6925832],[-71.0818775,46.6925754],[-71.0832065,46.6928311],[-71.0836937,46.6930496],[-71.08463,46.6935531],[-71.085063,46.6939389],[-71.0857546,46.6948931],[-71.0870162,46.6958489],[-71.0871284,46.6960901],[-71.0874854,46.6962445],[-71.08781,46.6966009],[-71.0880439,46.6967027],[-71.0886111,46.6973645],[-71.0885905,46.6978857],[-71.0883616,46.6981876],[-71.0876794,46.6986729],[-71.0866165,46.6990452],[-71.0862966,46.6994086],[-71.0862925,46.6998769],[-71.0866355,46.7004682],[-71.0871133,46.7007033],[-71.0882647,46.7009777],[-71.0920698,46.7013594],[-71.0930212,46.7015698],[-71.0939806,46.7018878],[-71.0949649,46.7026722],[-71.0954399,46.7032035],[-71.0958167,46.7037848],[-71.0966542,46.7045581],[-71.0979581,46.7052952],[-71.0986806,46.7061235],[-71.099579,46.7066451],[-71.1003366,46.7069752],[-71.1011633,46.7072091],[-71.1035649,46.7073435],[-71.1037058,46.707535],[-71.105098,46.7081426],[-71.1052896,46.708367],[-71.1054609,46.7084326],[-71.1061578,46.7090144],[-71.1061785,46.7092212],[-71.1065385,46.7094434],[-71.1068811,46.7099387],[-71.1075536,46.7104659],[-71.107673,46.7106707],[-71.1081085,46.7110283],[-71.1096108,46.7118573],[-71.110168,46.7120755],[-71.1130076,46.7128551],[-71.1140862,46.7129656],[-71.1144975,46.7129526],[-71.1154703,46.7127375],[-71.1162711,46.7123608],[-71.1174414,46.7121896],[-71.1182499,46.712208],[-71.1190824,46.7125579],[-71.1194867,46.7125813],[-71.120372,46.7132235],[-71.1209001,46.7137115],[-71.1212911,46.7145359],[-71.1215314,46.7148213],[-71.1216405,46.7152627],[-71.1220579,46.7157494],[-71.122097,46.7161431],[-71.1222613,46.7165612],[-71.1226385,46.7171424],[-71.1228971,46.7172987],[-71.1231955,46.7176286],[-71.123555,46.7177547],[-71.1235604,46.7178424],[-71.1236422,46.7178454],[-71.1236627,46.7176882],[-71.1239831,46.7174206],[-71.1241534,46.7170262],[-71.1241371,46.7164471],[-71.1239304,46.7161516],[-71.1239188,46.7152481],[-71.1242163,46.7144859],[-71.1244048,46.7142784],[-71.1243924,46.713911],[-71.1237828,46.7134681],[-71.1226023,46.7132439],[-71.1221633,46.7130865],[-71.1224278,46.7130625],[-71.1238322,46.713309],[-71.1238501,46.7131319],[-71.1233789,46.7128605],[-71.122723,46.7126444],[-71.1213752,46.7125664],[-71.121747,46.7124278],[-71.1225411,46.7124514],[-71.1237877,46.7128277],[-71.1240203,46.7130535],[-71.1242569,46.7134912],[-71.1246806,46.7138455],[-71.1246619,46.7142427],[-71.1244157,46.7144537],[-71.1243718,46.7147004],[-71.1241464,46.7151182],[-71.124143,46.7156345],[-71.124346,46.7163983],[-71.1243576,46.7169857],[-71.1242787,46.7173666],[-71.1238925,46.7178462],[-71.1239512,46.7183027],[-71.1241207,46.7184444],[-71.1241579,46.7185982],[-71.1250134,46.7197304],[-71.1269878,46.7211945],[-71.1280071,46.7217005],[-71.1299949,46.7223636],[-71.1315545,46.7227287],[-71.1326568,46.7233816],[-71.1335432,46.7244359],[-71.1339445,46.7252916],[-71.1345127,46.7256371],[-71.1354236,46.7264297],[-71.1364549,46.7275231],[-71.1376463,46.7290909],[-71.1377993,46.7305019],[-71.1380752,46.7310172],[-71.138076,46.7311132],[-71.1378626,46.7312182],[-71.1379324,46.7315341],[-71.1381759,46.7318873],[-71.1383761,46.7319511],[-71.1383922,46.7321662],[-71.1401561,46.7333429],[-71.1418654,46.7340068],[-71.1423164,46.7344354],[-71.1426941,46.7350165],[-71.1427535,46.7355211],[-71.1430905,46.7358326],[-71.1435704,46.7359433],[-71.1453816,46.7360888],[-71.1465608,46.736657],[-71.1471971,46.7367621],[-71.1480817,46.7372122],[-71.1487283,46.7373968],[-71.149908,46.7380129],[-71.150686,46.7386735],[-71.1517009,46.74004],[-71.1521508,46.7409087],[-71.1524855,46.7421007],[-71.1527693,46.7423594],[-71.153361,46.7422992],[-71.155217,46.7408092],[-71.1563033,46.7402986],[-71.1565054,46.7402862],[-71.1578727,46.7408668],[-71.1583831,46.7411676],[-71.15921,46.7418893],[-71.1596797,46.7425047],[-71.1603577,46.7429754],[-71.1610851,46.7430189],[-71.1613468,46.7429268],[-71.1628988,46.7419675],[-71.1641031,46.7414695],[-71.16527,46.7408178],[-71.1671367,46.7400871],[-71.1687179,46.7397581],[-71.1706174,46.7397736],[-71.1723474,46.7399636],[-71.1729916,46.7401281],[-71.1743514,46.7406489],[-71.1748499,46.7406783],[-71.1766889,46.7412136],[-71.1771431,46.7413938],[-71.1786915,46.7428272],[-71.1791254,46.7428966],[-71.1823334,46.7424993],[-71.1835802,46.7424627],[-71.1848561,46.7427404],[-71.187599,46.7436441],[-71.1895017,46.7439951],[-71.1910639,46.743967],[-71.1926972,46.7438144],[-71.1949377,46.7434523],[-71.1971472,46.7433882],[-71.2020937,46.7419947],[-71.2026741,46.7417588],[-71.205016,46.7411941],[-71.2052172,46.7410856],[-71.2082761,46.7404846],[-71.2092793,46.7404106],[-71.2106913,46.7410597],[-71.2116771,46.7416991],[-71.2126993,46.7426163],[-71.2128259,46.7432728],[-71.2127645,46.7436487],[-71.2125049,46.744201],[-71.2123466,46.744771],[-71.2121293,46.7462251],[-71.21279,46.747849],[-71.2132804,46.748527],[-71.2149917,46.7497258],[-71.216698,46.75],[-71.2172013,46.7501494],[-71.2174394,46.7503668],[-71.2175328,46.7508132],[-71.2175594,46.7513278],[-71.2172712,46.7516618],[-71.2168352,46.7518889],[-71.2154285,46.752352],[-71.2135947,46.7527095],[-71.2128953,46.7531049],[-71.2128462,46.753264],[-71.2129093,46.7535682],[-71.2131332,46.7538105],[-71.2134941,46.7540323],[-71.2135416,46.7542175],[-71.2134861,46.754461],[-71.2128863,46.7549503],[-71.2126314,46.7554943],[-71.2117642,46.7564764],[-71.2113017,46.756725],[-71.2107907,46.7571808],[-71.2107301,46.7576528],[-71.2109152,46.7578655],[-71.2113204,46.7579365],[-71.2120825,46.7577973],[-71.2126625,46.7580016],[-71.2128376,46.7581829],[-71.2128774,46.7585766],[-71.2129818,46.7586622],[-71.2143139,46.758696],[-71.2151155,46.7589025],[-71.2156239,46.7591833],[-71.2166364,46.7602893],[-71.2169974,46.7605111],[-71.2179695,46.7604189],[-71.219238,46.7601003],[-71.2205878,46.7599568],[-71.2228681,46.7601599],[-71.2245017,46.7597386],[-71.2270299,46.7594339],[-71.2280349,46.7595037],[-71.2290145,46.7596912],[-71.2295053,46.7598809],[-71.2301658,46.759944],[-71.229988,46.7597429],[-71.2297193,46.7596035],[-71.2298059,46.7595981],[-71.2315693,46.7604853],[-71.2316338,46.7606485],[-71.231324,46.7605237],[-71.23112,46.760689],[-71.2317843,46.7609162],[-71.2319673,46.761157],[-71.2320705,46.7613667],[-71.2320846,46.7620502],[-71.2320024,46.7622674],[-71.2315131,46.76271],[-71.2315285,46.7630492],[-71.2321942,46.7630284],[-71.231897,46.7632227],[-71.2319983,46.763304],[-71.2354428,46.7627281],[-71.2378849,46.7620099],[-71.2380542,46.7618079],[-71.2379831,46.761069],[-71.2395934,46.7609116],[-71.239774,46.7601878],[-71.2394441,46.7592507],[-71.2397105,46.7590197],[-71.2406463,46.7585418],[-71.2420519,46.7576417],[-71.2420982,46.7574627],[-71.2439173,46.756237],[-71.2455574,46.7556437],[-71.2464508,46.7554614],[-71.2472051,46.7554797],[-71.2478841,46.7557184],[-71.2483987,46.7556464],[-71.2501199,46.7551041],[-71.2506512,46.7547979],[-71.250947,46.7545234],[-71.2510081,46.7541474],[-71.2508335,46.7540522],[-71.2501403,46.7540411],[-71.2497534,46.7539053],[-71.2495976,46.7537685],[-71.2495023,46.7533693],[-71.2496289,46.7530486],[-71.2502121,46.752392],[-71.2511202,46.7517271],[-71.2517378,46.7513766],[-71.2531923,46.7509258],[-71.2544734,46.750706],[-71.2564593,46.7499581],[-71.2565188,46.7496582],[-71.2566789,46.7495482],[-71.2570722,46.7493956],[-71.2581354,46.7492894],[-71.2603963,46.748156],[-71.2628633,46.7476551],[-71.2643113,46.7470274],[-71.2662871,46.7467709],[-71.2669288,46.746612],[-71.2684234,46.7461146],[-71.2704514,46.7452916],[-71.2734131,46.7444423],[-71.274449,46.7442494],[-71.2760409,46.744106],[-71.2761894,46.7440407],[-71.2761427,46.7437256],[-71.2766174,46.7434389],[-71.2768078,46.7433998],[-71.2772203,46.743588],[-71.2773356,46.7434676],[-71.2774228,46.7431312],[-71.2769259,46.7430952],[-71.2767602,46.7428173],[-71.276825,46.742288],[-71.276677,46.7421774],[-71.2760424,46.7420449],[-71.2752892,46.742072],[-71.2740064,46.7416599],[-71.2735991,46.7416173],[-71.2730621,46.7413867],[-71.2719521,46.7406957],[-71.2715773,46.7401068],[-71.2710331,46.7396445],[-71.2712132,46.7393772],[-71.2718204,46.7392152],[-71.2721606,46.7388377],[-71.2723605,46.7388533],[-71.2726282,46.7386765],[-71.2729085,46.7383308],[-71.2738449,46.737664],[-71.2742952,46.7374598],[-71.2753974,46.7372108],[-71.2779339,46.7369362],[-71.2797739,46.736589],[-71.2810146,46.7362433],[-71.2820883,46.7358278],[-71.2824284,46.7356705],[-71.2829411,46.7352342],[-71.2833776,46.7346626],[-71.284096,46.7341094],[-71.2840797,46.7339423],[-71.2837191,46.7335487],[-71.2835752,46.7331655],[-71.2833925,46.7329728],[-71.2833279,46.7325727],[-71.2833751,46.7322696],[-71.2836305,46.7316493],[-71.2842622,46.7308814],[-71.285631,46.7295271],[-71.2857385,46.7292402],[-71.2860617,46.7288678],[-71.2862037,46.7282266],[-71.2861951,46.7272387],[-71.2852881,46.7259709],[-71.2852222,46.7243743],[-71.285104,46.7237014],[-71.2851322,46.7232114],[-71.2857161,46.7224439],[-71.2859981,46.7212582],[-71.2855333,46.7201475],[-71.2855042,46.7198965],[-71.2857806,46.7175887],[-71.2856833,46.7173984],[-71.2850187,46.717344],[-71.2848366,46.7171993],[-71.2840256,46.7174021],[-71.2836861,46.7169472],[-71.2831772,46.7166189],[-71.2832333,46.7164713],[-71.2831719,46.7163591],[-71.2828304,46.7161524],[-71.2828654,46.715626],[-71.2818278,46.715635],[-71.2815262,46.7154858],[-71.2814226,46.7153284],[-71.2815264,46.7152806],[-71.2812606,46.7152287],[-71.2811747,46.7150645],[-71.2809319,46.7151786],[-71.2806637,46.7150546],[-71.2805885,46.714766],[-71.2803342,46.714714],[-71.2789501,46.7132002],[-71.2785269,46.712076],[-71.2781251,46.7105325],[-71.2780436,46.7085969],[-71.2778256,46.706698],[-71.2780236,46.7061132],[-71.2783618,46.7055919],[-71.2790651,46.7050157],[-71.278817,46.7047671],[-71.277122,46.7046171],[-71.2767769,46.7045146],[-71.276029,46.7038731],[-71.2754076,46.7024715],[-71.2755424,46.7004984],[-71.2757521,46.6992249],[-71.2757406,46.6986094],[-71.2784079,46.6964378],[-71.2784006,46.6957661],[-71.2780225,46.6950615],[-71.2772097,46.6944121],[-71.2755083,46.6936383],[-71.2753264,46.6934936],[-71.2743443,46.693411],[-71.2721826,46.6934221],[-71.2713636,46.6935173],[-71.270004,46.6938784],[-71.269897,46.6939931],[-71.2691074,46.6943546],[-71.2676534,46.6946615],[-71.2673167,46.6948865],[-71.2669233,46.6954313],[-71.2667461,46.6954984],[-71.2654871,46.695609],[-71.2652171,46.6955458],[-71.2651259,46.6953394],[-71.2646037,46.695304],[-71.2633206,46.6954081],[-71.2620799,46.6958777],[-71.2612743,46.6965601],[-71.2602988,46.6971011],[-71.2592856,46.6974884],[-71.2580611,46.6976848],[-71.2571063,46.6976763],[-71.2563617,46.6975427],[-71.2558427,46.697355],[-71.2544501,46.6971137],[-71.2522947,46.6970217],[-71.2511474,46.6968073],[-71.2503556,46.6967566],[-71.249336,46.6962999],[-71.2484843,46.6957928],[-71.2477135,46.6949725],[-71.2465836,46.6933664],[-71.2463557,46.6931805],[-71.2461567,46.6927728],[-71.245493,46.6918378],[-71.2450466,46.6914495],[-71.2440676,46.6909463],[-71.2411576,46.689951],[-71.2389534,46.6895479],[-71.2377167,46.6894727],[-71.2363743,46.689168],[-71.2344878,46.688305],[-71.2335212,46.6875848],[-71.2327792,46.6867147],[-71.2322084,46.6856419],[-71.2320991,46.6852966],[-71.2315834,46.6846885],[-71.2314182,46.6842707],[-71.2312066,46.6840317],[-71.231208,46.6836876],[-71.2308866,46.6832755],[-71.2307403,46.6828244],[-71.2307424,46.6823082],[-71.2308653,46.6820925],[-71.2308563,46.6811809],[-71.2310474,46.680821],[-71.2310486,46.6802088],[-71.2307628,46.6792704],[-71.2307578,46.6790106],[-71.2304317,46.6786068],[-71.2299823,46.6783706],[-71.2296829,46.6779932],[-71.2284959,46.6753664],[-71.2282395,46.6749622],[-71.2280595,46.6737652],[-71.2280945,46.6734109],[-71.2287511,46.6724781],[-71.2300848,46.6714791],[-71.2307815,46.6707198],[-71.2317282,46.6699609],[-71.2323836,46.6696401],[-71.2332687,46.6689891],[-71.2345485,46.6683775],[-71.2354237,46.667695],[-71.2368397,46.6663068],[-71.2377562,46.6656738],[-71.2381131,46.6655596],[-71.2381494,46.6653493],[-71.2378414,46.6653044],[-71.237826,46.6649653],[-71.2385446,46.6640205],[-71.2389908,46.6637008],[-71.2392655,46.6635357],[-71.2398907,46.6633407],[-71.2407956,46.6632405],[-71.2424517,46.6627974],[-71.2457492,46.661448],[-71.2460467,46.6616335],[-71.2463831,46.6616285],[-71.2474674,46.661213],[-71.2477247,46.6610049],[-71.2478341,46.660422],[-71.2485527,46.6599652],[-71.2496777,46.6595511],[-71.2509573,46.6592073],[-71.2513682,46.6589737],[-71.2513284,46.6588481],[-71.2510095,46.658676],[-71.2506975,46.6582474],[-71.2505029,46.6577834],[-71.2501182,46.6520584],[-71.2489246,46.6515059],[-71.2482979,46.6510689],[-71.2477781,46.6505172],[-71.2474841,46.6499595],[-71.2475586,46.6497308],[-71.2479124,46.6493287],[-71.2476979,46.6490221],[-71.2471188,46.6485653],[-71.2472288,46.6485185],[-71.2472493,46.6484092],[-71.247164,46.6482905],[-71.2464786,46.6479812],[-71.2467857,46.64771],[-71.2470958,46.6477267],[-71.2472638,46.6479443],[-71.2484209,46.6485722],[-71.2485899,46.6488857],[-71.2489856,46.6492891],[-71.249334,46.6492874],[-71.2497338,46.6489264],[-71.2501708,46.6486712],[-71.2501677,46.6486034],[-71.2500227,46.6485164],[-71.2496151,46.6485978],[-71.2492904,46.648558],[-71.2492983,46.6483975],[-71.2495226,46.6482476],[-71.2493986,46.6480993],[-71.2494804,46.6478822],[-71.2494145,46.6477783],[-71.2490647,46.647636],[-71.2484177,46.6470883],[-71.2478548,46.6467834],[-71.2463126,46.6472475],[-71.2458993,46.6472412],[-71.2445841,46.6480631],[-71.243017,46.6479847],[-71.242881,46.6478332],[-71.2421757,46.647461],[-71.2414403,46.6469468],[-71.2411027,46.6465877],[-71.2409825,46.6463352],[-71.240457,46.6459159],[-71.2400492,46.6450212],[-71.2395473,46.6445604],[-71.239158,46.6440726],[-71.2379055,46.6432465],[-71.2375184,46.6427305],[-71.236905,46.6422413],[-71.2364658,46.6420366],[-71.2358593,46.6414423],[-71.2355393,46.6409062],[-71.2351026,46.6397453],[-71.234643,46.6390932],[-71.2344585,46.6386607],[-71.2329698,46.6365172],[-71.2325721,46.6356539],[-71.2321585,46.6351116],[-71.2318471,46.6344629],[-71.2319235,46.6339382],[-71.2322691,46.6339167],[-71.2323975,46.6337887],[-71.232464,46.6332326],[-71.2324043,46.6327763],[-71.2324422,46.632002],[-71.2327837,46.6308408],[-71.2333671,46.6301085],[-71.2345222,46.6293967],[-71.23482,46.6289222],[-71.2351622,46.6285649],[-71.2354536,46.6276868],[-71.2357089,46.627287],[-71.2361788,46.6269737],[-71.2362782,46.6270676],[-71.2366049,46.6270792],[-71.2366907,46.6265379],[-71.2368724,46.6264626],[-71.2370691,46.6266784],[-71.2371003,46.6269164],[-71.2371704,46.6269641],[-71.2370038,46.6271104],[-71.237012,46.6272179],[-71.2372056,46.6273659],[-71.2372394,46.6276237],[-71.2369005,46.6278288],[-71.2370957,46.6279007],[-71.2386926,46.6271933],[-71.2388806,46.6270336],[-71.238928,46.6267307],[-71.2387167,46.6264919],[-71.2383587,46.6264621],[-71.2383735,46.6262652],[-71.2382746,46.6262194],[-71.2380893,46.6261789],[-71.2373128,46.6263232],[-71.2369507,46.6261298],[-71.2367994,46.6261272],[-71.2363537,46.6257389],[-71.2350408,46.6257766],[-71.233771,46.6260555],[-71.2321413,46.6261128],[-71.231921,46.6259385],[-71.2320043,46.6253774],[-71.2319243,46.6252983],[-71.2316406,46.62526],[-71.2314079,46.6250344],[-71.2310699,46.6243595],[-71.2311102,46.623825],[-71.2315541,46.6228255],[-71.2320921,46.6218801],[-71.2326796,46.6210916],[-71.2330324,46.6201057],[-71.2337522,46.618865],[-71.2343805,46.618078],[-71.234724,46.6173767],[-71.2352115,46.6166664],[-71.2359202,46.6160064],[-71.236965,46.6153414],[-71.2399164,46.612618],[-71.2408882,46.6113975],[-71.2418057,46.6105165],[-71.241985,46.6102013],[-71.2433858,46.6089342],[-71.2439456,46.6082914],[-71.2449446,46.6076332],[-71.2469306,46.6065815],[-71.2480704,46.6063345],[-71.2481626,46.6061967],[-71.2479948,46.6059792],[-71.2466964,46.6055042],[-71.2461519,46.6050702],[-71.2454342,46.604819],[-71.2443396,46.6040833],[-71.2440249,46.6035869],[-71.2434498,46.6029628],[-71.2431567,46.6024532],[-71.243138,46.6022664],[-71.2422951,46.601503],[-71.2410499,46.6008126],[-71.2403087,46.6006028],[-71.2398069,46.6005821],[-71.2384623,46.6000179],[-71.2371789,46.5993459],[-71.2355036,46.5988262],[-71.2341195,46.5986244],[-71.2330724,46.5982936],[-71.2307044,46.597357],[-71.2295333,46.5970979],[-71.2275674,46.5970161],[-71.2268233,46.5967384],[-71.2266827,46.5965951],[-71.2262152,46.5963922],[-71.2253376,46.5962028],[-71.2247182,46.5961693],[-71.2239866,46.5959427],[-71.2226361,46.5952427],[-71.222111,46.5947754],[-71.2215584,46.5944538],[-71.2209889,46.5938693],[-71.220265,46.5934343],[-71.2197383,46.593311],[-71.2193585,46.5929787],[-71.2187604,46.5926638],[-71.2181419,46.5924583],[-71.2174906,46.5920907],[-71.2174427,46.5918578],[-71.2156226,46.5909349],[-71.214878,46.5903412],[-71.2146034,46.5899703],[-71.2142055,46.5887432],[-71.2140936,46.5875744],[-71.2139817,46.5871615],[-71.2137406,46.5867805],[-71.2136863,46.586364],[-71.2133386,46.5858776],[-71.2128693,46.584947],[-71.2125169,46.5844689],[-71.212239,46.5842502],[-71.2115487,46.5838051],[-71.2098806,46.5829327],[-71.2089923,46.58208],[-71.2087242,46.5816247],[-71.2085062,46.5808864],[-71.2083975,46.5797855],[-71.2085169,46.5786984],[-71.2086469,46.5784944],[-71.2094888,46.575699],[-71.2095276,46.5739491],[-71.2093204,46.5733381],[-71.208563,46.5721094],[-71.206727,46.5696319],[-71.2062536,46.5687575],[-71.206059,46.5681978],[-71.2060123,46.5673049],[-71.2058097,46.5661499],[-71.2052716,46.5652675],[-71.204306,46.5643076],[-71.2038423,46.5636846],[-71.2032567,46.563105],[-71.2028729,46.5624113],[-71.2025415,46.5622416],[-71.2021736,46.5618646],[-71.2020305,46.5614336],[-71.2015493,46.5607196],[-71.201192,46.559934],[-71.2010888,46.5591407],[-71.2009041,46.5586123],[-71.200495,46.5579179],[-71.1990718,46.5566905],[-71.1988138,46.5562666],[-71.1974953,46.5549527],[-71.1962555,46.5541098],[-71.1946795,46.5537114],[-71.1939787,46.5533589],[-71.192667,46.5530321],[-71.1915891,46.552587],[-71.1906095,46.5526755],[-71.1896261,46.5523324],[-71.1887813,46.5522087],[-71.1884856,46.552119],[-71.1876824,46.5515568],[-71.1869166,46.5511483],[-71.1847357,46.5506432],[-71.1833302,46.5499943],[-71.1802541,46.5493324],[-71.1766823,46.5492728],[-71.1755671,46.5494774],[-71.17496,46.5496668],[-71.1747291,46.5498529],[-71.1739914,46.5501983],[-71.1733649,46.5503728],[-71.1727925,46.550428],[-71.1704915,46.5504258],[-71.1686995,46.5502363],[-71.1670868,46.5499996],[-71.1649495,46.5495154],[-71.1638196,46.5491131],[-71.1624964,46.5485148],[-71.161288,46.5481773],[-71.1609187,46.548144],[-71.1599261,46.5478172],[-71.1594831,46.5475725],[-71.1588991,46.5470887],[-71.1569103,46.5462713],[-71.1558263,46.5455943],[-71.1547628,46.5450758],[-71.1514508,46.5427124],[-71.150918,46.5417256],[-71.1508411,46.5413985],[-71.1509049,46.5391958],[-71.1506824,46.538054],[-71.1500351,46.5371222],[-71.14876,46.536173],[-71.1473541,46.5356476],[-71.1449929,46.5352167],[-71.1414676,46.5342014],[-71.1410925,46.5340325],[-71.1402721,46.5339149],[-71.1396548,46.5337088],[-71.1386354,46.5332595],[-71.1373766,46.5325251],[-71.1361397,46.5315094],[-71.1346242,46.5307147],[-71.1327581,46.5291739],[-71.1324984,46.5290458],[-71.1302763,46.5285661],[-71.1291739,46.5281898],[-71.1282438,46.5281187],[-71.1278383,46.5280276],[-71.1275207,46.5278551],[-71.127029,46.5277692],[-71.1258578,46.5281206],[-71.1253263,46.5281771],[-71.1248845,46.5277124],[-71.1242156,46.5276453],[-71.1240708,46.5275102],[-71.1241076,46.5273001],[-71.1237578,46.5269657],[-71.1234454,46.5268329],[-71.1229882,46.5268808],[-71.1218762,46.5274684],[-71.1212604,46.527454],[-71.1209006,46.5277198],[-71.1206117,46.5281772],[-71.1202607,46.5283306],[-71.1193731,46.5285007],[-71.1192006,46.528827],[-71.1190286,46.5288855],[-71.1181541,46.5288869],[-71.116732,46.5286818],[-71.115846,46.5284121],[-71.1151202,46.5280806],[-71.1141904,46.5273777],[-71.1135698,46.526692],[-71.1131583,46.5261015],[-71.1126881,46.5256864],[-71.1114121,46.5251286],[-71.1101737,46.5244566],[-71.1097731,46.5240413],[-71.1095104,46.5234817],[-71.1091796,46.5224345],[-71.1087977,46.5216223],[-71.1084588,46.520104],[-71.1083324,46.5198399],[-71.1072692,46.5188613],[-71.1064839,46.5178818],[-71.1061127,46.5171969],[-71.1056632,46.5159452],[-71.1052737,46.5153893],[-71.1053264,46.5147145],[-71.1037796,46.5123504],[-71.1037279,46.51181],[-71.1035984,46.5114301],[-71.1028614,46.5108274],[-71.1026172,46.5105025],[-71.1013705,46.5099429],[-71.1007861,46.5095827],[-71.1004608,46.508939],[-71.100524,46.5080278],[-71.1006877,46.507814],[-71.1007141,46.5074766],[-71.1009771,46.5067252],[-71.1007405,46.506096],[-71.1002165,46.5058002],[-71.0989956,46.5054867],[-71.0983056,46.5054328],[-71.096448,46.5048023],[-71.0945838,46.5038924],[-71.093737,46.5032884],[-71.0921424,46.5025859],[-71.0895358,46.5016171],[-71.0887026,46.5008923],[-71.087894,46.5],[-71.0871512,46.4994357],[-71.0862117,46.4989212],[-71.0849065,46.4988525],[-71.0839784,46.4989728],[-71.0837297,46.4990199],[-71.0828896,46.4994226],[-71.082263,46.5],[-71.0818513,46.5006327],[-71.0816126,46.5011228],[-71.0809016,46.5033602],[-71.0801288,46.5049299],[-71.0791733,46.5056553],[-71.0778931,46.5061486],[-71.0771996,46.5062945],[-71.0761318,46.5063192],[-71.0750622,46.5060563],[-71.0743683,46.5057426],[-71.0731729,46.5048997],[-71.0718391,46.5041051],[-71.0711771,46.5035417],[-71.0696731,46.5015424],[-71.069421,46.5006504],[-71.069358,46.5],[-71.0691989,46.4995847],[-71.0691335,46.499069],[-71.0686855,46.4978651],[-71.0685534,46.4962305],[-71.0685785,46.4956534],[-71.0686411,46.4953259],[-71.0693365,46.4939649],[-71.0695094,46.493275],[-71.0696314,46.4917289],[-71.0696205,46.4907304],[-71.0690653,46.4888176],[-71.0687478,46.4881854],[-71.068625,46.4876733],[-71.0685676,46.4869014],[-71.0683539,46.4864028],[-71.0681356,46.4855488],[-71.0675159,46.4844033],[-71.0660201,46.4820519],[-71.0648626,46.480999],[-71.0639633,46.480294],[-71.0596492,46.4779772],[-71.0593866,46.4776853],[-71.0568671,46.4756955],[-71.0566118,46.4754152],[-71.0563696,46.4749183],[-71.056396,46.4741215],[-71.0566487,46.4735587],[-71.0568956,46.4732241],[-71.0571998,46.4724744],[-71.0573166,46.4699697],[-71.0572414,46.4677763],[-71.0573438,46.4664834],[-71.0573157,46.4661694],[-71.0570626,46.4654494],[-71.0550278,46.462759],[-71.0540839,46.4612856],[-71.0526239,46.4594796],[-71.0525133,46.4589708],[-71.0514874,46.4573504],[-71.0499089,46.456115],[-71.0483017,46.455293],[-71.0476988,46.4548219],[-71.0470429,46.4538864],[-71.0457162,46.4523082],[-71.0446756,46.451392],[-71.0436123,46.4507088],[-71.0423899,46.4497716],[-71.0411996,46.4485847],[-71.041003,46.4484926],[-71.0398936,46.4462647],[-71.0394859,46.4462259],[-71.0393679,46.4460503],[-71.0397488,46.4460448],[-71.0393627,46.4454788],[-71.0384528,46.4448184],[-71.0371918,46.4442151],[-71.0363325,46.4440471],[-71.0341937,46.4438162],[-71.0329799,46.4435417],[-71.0319545,46.4431559],[-71.0310915,46.4427283],[-71.029429,46.4416896],[-71.0287591,46.4411425],[-71.0272457,46.4402307],[-71.0268613,46.4398862],[-71.02313,46.4376971],[-71.0224671,46.4371137],[-71.0218098,46.4366657],[-71.0212854,46.436034],[-71.0187408,46.4344088],[-71.0179174,46.4332357],[-71.0176509,46.4325405],[-71.0176875,46.4317272],[-71.0176248,46.4311357],[-71.0174234,46.4305445],[-71.0162506,46.428797],[-71.0158328,46.4284145],[-71.0156521,46.4281257],[-71.0144783,46.4271055],[-71.0135293,46.4265871],[-71.0126563,46.4259842],[-71.0112309,46.4247993],[-71.010174,46.4242034],[-71.0098278,46.4237927],[-71.0091103,46.4231845],[-71.0079314,46.422536],[-71.0066046,46.421445],[-71.0057447,46.4205297],[-71.0051232,46.4199956],[-71.0041957,46.419416],[-71.0022964,46.418503],[-71.0014204,46.4176885],[-71.0007642,46.4168768],[-71.0004848,46.4163982],[-71.0001777,46.4156056],[-70.9999124,46.4145468],[-70.9996156,46.4139294],[-70.9991959,46.413575],[-70.9986639,46.4132473],[-70.9977763,46.4129848],[-70.9957486,46.4126586],[-70.9945899,46.412676],[-70.9939387,46.4129187],[-70.9932128,46.413026],[-70.9924114,46.4128063],[-70.992266,46.4128909],[-70.9910181,46.4127497],[-70.989982,46.4124081],[-70.9896475,46.4124121],[-70.9867444,46.4118265],[-70.9861437,46.4115947],[-70.9849319,46.4115113],[-70.983248,46.4110685],[-70.9822848,46.4109861],[-70.9814167,46.4107863],[-70.9795382,46.4100794],[-70.9786441,46.4099489],[-70.9765956,46.4091283],[-70.9744832,46.40784],[-70.9729635,46.4071836],[-70.9723815,46.4068228],[-70.9722515,46.4065669],[-70.9716965,46.4063762],[-70.9710354,46.4059362],[-70.9681866,46.4031818],[-70.9672115,46.4024449],[-70.9663182,46.4018549],[-70.9640908,46.4009368],[-70.9630687,46.4003785],[-70.9627547,46.4000816],[-70.9612463,46.3991407],[-70.9606394,46.3984378],[-70.9601459,46.3973926],[-70.9597424,46.3961423],[-70.9599053,46.3956413],[-70.9599045,46.3954017],[-70.9597689,46.3949145],[-70.9593389,46.394241],[-70.9587593,46.3938041],[-70.9574696,46.3924827],[-70.9559441,46.3913071],[-70.9548357,46.3905621],[-70.9535297,46.3899926],[-70.9534522,46.3896936],[-70.9529845,46.3897853],[-70.9531295,46.389605],[-70.9530621,46.3894332],[-70.9525606,46.389439],[-70.9522999,46.3893387],[-70.9516874,46.3890075],[-70.9508757,46.3883727],[-70.9500939,46.3874205],[-70.9495318,46.3864713],[-70.9485898,46.3861358],[-70.9461912,46.3843848],[-70.9442301,46.3834626],[-70.9433336,46.3831203],[-70.9419618,46.3827622],[-70.9378287,46.3820085],[-70.9358916,46.3810448],[-70.9345446,46.380138],[-70.9340463,46.3796083],[-70.9321215,46.3779009],[-70.9287322,46.3741913],[-70.9270556,46.3731362],[-70.9259489,46.3726305],[-70.925688,46.3723863],[-70.9247516,46.372186],[-70.9241071,46.3722001],[-70.9240424,46.3720961],[-70.9243475,46.3719503],[-70.9236975,46.3716851],[-70.9226857,46.3709661],[-70.9221058,46.3701936],[-70.9217889,46.3695414],[-70.9216655,46.3689616],[-70.921067,46.3674753],[-70.9210207,46.3671465],[-70.9212463,46.3650445],[-70.9220798,46.362679],[-70.9225809,46.3618307],[-70.9227713,46.360801],[-70.9231821,46.3600619],[-70.9233646,46.3587812],[-70.9236815,46.357796],[-70.9238575,46.3575859],[-70.9239351,46.357186],[-70.924232,46.3566932],[-70.9244737,46.3552852],[-70.9245514,46.3540905],[-70.9243899,46.351049],[-70.9241196,46.3491361],[-70.9239946,46.3488241],[-70.9239567,46.3480955],[-70.9237936,46.3478016],[-70.9236031,46.3470981],[-70.923254,46.345154],[-70.9231389,46.3449212],[-70.9230873,46.3444091],[-70.923161,46.3443049],[-70.9225313,46.3434995],[-70.9223245,46.3429447],[-70.9221829,46.341795],[-70.9226332,46.34077],[-70.9226982,46.3401273],[-70.9228623,46.3399618],[-70.9230922,46.3394411],[-70.9235519,46.3391943],[-70.923579,46.3386656],[-70.9234467,46.3382941],[-70.9234409,46.337919],[-70.9230625,46.3373744],[-70.9226442,46.3370676],[-70.9216979,46.3364527],[-70.9210317,46.3361926],[-70.9184344,46.3345291],[-70.9176152,46.3341023],[-70.9158849,46.3333826],[-70.9147336,46.3327566],[-70.9132807,46.3318878],[-70.9129854,46.3315655],[-70.912304,46.3315087],[-70.9126488,46.331343],[-70.9119399,46.3310429],[-70.9111828,46.3304457],[-70.9104468,46.3295675],[-70.9095597,46.3280808],[-70.9095613,46.3277653],[-70.9089387,46.3267319],[-70.9085032,46.3261426],[-70.9069444,46.3245255],[-70.906672,46.3243259],[-70.9052802,46.3236453],[-70.9051177,46.3234952],[-70.9050887,46.3233531],[-70.904967,46.3233004],[-70.903965,46.3231199],[-70.9043806,46.3234068],[-70.9042544,46.3234582],[-70.9038461,46.3232307],[-70.9032798,46.322749],[-70.9032491,46.3228745],[-70.9031203,46.3228582],[-70.9019264,46.3221459],[-70.9008761,46.3216647],[-70.8999167,46.3213139],[-70.899256,46.3211891],[-70.8978386,46.3207215],[-70.8957021,46.3196054],[-70.8956542,46.3194964],[-70.8953942,46.3194438],[-70.8917302,46.3175231],[-70.8907035,46.3168089],[-70.8908053,46.3164635],[-70.8906859,46.3163827],[-70.8905048,46.3164093],[-70.8894604,46.315221],[-70.8875422,46.3122114],[-70.8866031,46.3110808],[-70.8862634,46.3104699],[-70.8857089,46.3097518],[-70.8855412,46.3093704],[-70.885128,46.3089116],[-70.8853543,46.3088783],[-70.8853229,46.3086686],[-70.8847741,46.3083734],[-70.884609,46.3080597],[-70.8841506,46.3077033],[-70.8841121,46.307482],[-70.8836509,46.3069142],[-70.8821224,46.305343],[-70.8809993,46.3038359],[-70.8795433,46.301442],[-70.8790678,46.3008032],[-70.8787997,46.3001642],[-70.8783933,46.2994774],[-70.8781508,46.297208],[-70.8782068,46.2952126],[-70.8780861,46.2943653],[-70.8779568,46.2940615],[-70.8769957,46.2922734],[-70.8757665,46.2911199],[-70.8753558,46.290633],[-70.8749018,46.2898851],[-70.8747157,46.2897763],[-70.87456,46.2893024],[-70.8740198,46.28832],[-70.8730627,46.2873182],[-70.8722874,46.2867688],[-70.8717652,46.2865],[-70.8708115,46.2860928],[-70.8699082,46.2858623],[-70.8675447,46.285841],[-70.8660299,46.2860734],[-70.8643337,46.2861886],[-70.8639882,46.2861409],[-70.8586707,46.2863082],[-70.8574176,46.2863734],[-70.8560527,46.2865609],[-70.853799,46.2866846],[-70.8522384,46.286636],[-70.8509064,46.2864782],[-70.8477081,46.2856508],[-70.8470692,46.2853208],[-70.8463542,46.2850751],[-70.8455029,46.2843703],[-70.8443005,46.2827638],[-70.8433894,46.2817071],[-70.8427647,46.2811607],[-70.8412724,46.2802018],[-70.8398782,46.2794807],[-70.8394563,46.2791819],[-70.8385769,46.278814],[-70.8376692,46.2786872],[-70.8377764,46.2786211],[-70.8387316,46.2786174],[-70.8386909,46.2784721],[-70.8367496,46.2758468],[-70.8363106,46.2749782],[-70.8354856,46.2739644],[-70.8335195,46.2727017],[-70.8320422,46.2719574],[-70.8308129,46.2714541],[-70.8296671,46.2711176],[-70.8279899,46.2703848],[-70.8269084,46.2701044],[-70.8258652,46.2700453],[-70.8249504,46.2696673],[-70.8242714,46.269144],[-70.8240021,46.2688682],[-70.8236872,46.2680722],[-70.8237218,46.2660705],[-70.8235732,46.2644107],[-70.823808,46.2628284],[-70.8237634,46.2600291],[-70.8235631,46.2595138],[-70.8234345,46.2594016],[-70.8229747,46.259073],[-70.821984,46.2586836],[-70.82322,46.2590548],[-70.823806,46.2595716],[-70.8239537,46.2596029],[-70.8243174,46.2586119],[-70.8254947,46.2565917],[-70.826408,46.2552454],[-70.8268645,46.2542131],[-70.826928,46.2530719],[-70.8267896,46.2526409],[-70.8259913,46.251462],[-70.8254673,46.2509337],[-70.824129,46.25],[-70.8236597,46.2498294],[-70.8209261,46.2483917],[-70.8193188,46.2472278],[-70.8184641,46.2469142],[-70.8174571,46.2467212],[-70.8156242,46.2466919],[-70.8127985,46.2461573],[-70.8118439,46.2456819],[-70.8101654,46.2445459],[-70.8090036,46.2435437],[-70.8087917,46.2432646],[-70.8082654,46.2421417],[-70.8080724,46.2411112],[-70.8081031,46.2400758],[-70.8084526,46.2388702],[-70.8085519,46.236015],[-70.8094681,46.2361255],[-70.8095419,46.2361172],[-70.8095775,46.2359835],[-70.8095726,46.235465],[-70.8091203,46.2348127],[-70.8092773,46.234636],[-70.8092818,46.2334784],[-70.8091722,46.2330458],[-70.8091387,46.2323852],[-70.8089649,46.232088],[-70.8083249,46.2326479],[-70.8080011,46.2318685],[-70.8057734,46.2292679],[-70.8034389,46.2274995],[-70.8028393,46.2269595],[-70.8027679,46.2265566],[-70.8020707,46.2260183],[-70.8012879,46.2256766],[-70.8010333,46.2254718],[-70.8008929,46.2253083],[-70.8017256,46.2253],[-70.801195,46.2249995],[-70.8010213,46.2247502],[-70.7996818,46.2241293],[-70.7983995,46.2233136],[-70.7965581,46.2223906],[-70.7951759,46.221844],[-70.7948115,46.2214137],[-70.7926567,46.2196791],[-70.7908985,46.2187432],[-70.7896572,46.2183001],[-70.7884178,46.2181282],[-70.7871333,46.2180587],[-70.78579,46.2177231],[-70.7841317,46.2177002],[-70.7826542,46.2174969],[-70.7811526,46.2169425],[-70.7782995,46.2155276],[-70.7779714,46.2152353],[-70.7773652,46.2144442],[-70.7772583,46.2141272],[-70.7766188,46.213346],[-70.7761127,46.2122853],[-70.7753687,46.2113989],[-70.775288,46.2109646],[-70.7749792,46.2103041],[-70.7749913,46.2097328],[-70.7745849,46.2091696],[-70.7745544,46.2084811],[-70.7744072,46.2079708],[-70.7743513,46.2057236],[-70.7740142,46.2045858],[-70.7738934,46.2036232],[-70.7732828,46.2026489],[-70.7726339,46.2021715],[-70.7716972,46.2017865],[-70.7711838,46.2013852],[-70.7700142,46.20083],[-70.7695268,46.2006945],[-70.7686946,46.2007025],[-70.7680194,46.2005339],[-70.7664767,46.1997887],[-70.7660892,46.1996714],[-70.7654067,46.1996827],[-70.7647934,46.1995025],[-70.7628556,46.1992508],[-70.7618548,46.1989532],[-70.760645,46.1983484],[-70.7595255,46.197922],[-70.7594377,46.1977156],[-70.7600271,46.1979849],[-70.7603624,46.1980016],[-70.7603102,46.197853],[-70.7596779,46.1977058],[-70.7595876,46.1976232],[-70.7591096,46.1976626],[-70.7587911,46.1975452],[-70.7586033,46.19756],[-70.7580681,46.1976985],[-70.7577184,46.1978981],[-70.7571691,46.1979656],[-70.7566081,46.1978861],[-70.7559021,46.1976034],[-70.7550154,46.1974429],[-70.7535911,46.1975445],[-70.7522716,46.1974168],[-70.7517223,46.1974842],[-70.7506849,46.1981342],[-70.7497192,46.198421],[-70.7484915,46.1991138],[-70.7465066,46.2006879],[-70.7452811,46.2014484],[-70.7431618,46.2019408],[-70.7427195,46.2019422],[-70.7417871,46.2021233],[-70.7386386,46.2021758],[-70.7379112,46.2020498],[-70.7365634,46.2016362],[-70.733934,46.2012678],[-70.7334111,46.2011222],[-70.7330211,46.2011285],[-70.7330213,46.200937],[-70.7326005,46.2009251],[-70.7324242,46.2011347],[-70.7323267,46.2011363],[-70.7321533,46.2009826],[-70.7315684,46.2009921],[-70.730128,46.2005717],[-70.7293101,46.2005545],[-70.7290416,46.2004222],[-70.7283221,46.1997332],[-70.727847,46.1994571],[-70.7271846,46.1988605],[-70.7266976,46.1985811],[-70.7256256,46.1983112],[-70.7251885,46.1980648],[-70.7244833,46.1974946],[-70.7237681,46.1971803],[-70.7228775,46.1965968],[-70.7224007,46.1959178],[-70.7223764,46.194838],[-70.7214618,46.1930309],[-70.719762,46.1916277],[-70.7177176,46.1902242],[-70.7164721,46.1888231],[-70.716456,46.1884928],[-70.7163091,46.1882219],[-70.7164095,46.1879529],[-70.7165825,46.1882024],[-70.7166231,46.1881083],[-70.7165216,46.1877351],[-70.7166916,46.1857705],[-70.7168332,46.1850244],[-70.7167991,46.1841526],[-70.7166526,46.1836902],[-70.7161359,46.1828659],[-70.7159948,46.1820601],[-70.715879,46.1819019],[-70.7150169,46.1813179],[-70.7144707,46.1810698],[-70.7145018,46.1809922],[-70.7147443,46.1809545],[-70.7144472,46.1809195],[-70.7142622,46.1807146],[-70.7139056,46.1807589],[-70.7136563,46.1806414],[-70.7130014,46.1800564],[-70.7129068,46.1797905],[-70.7128584,46.1790393],[-70.7130087,46.1787075],[-70.7134612,46.1782589],[-70.7143272,46.1777628],[-70.7150365,46.1772037],[-70.7155492,46.176245],[-70.7155525,46.1744735],[-70.7154036,46.1740392],[-70.7154017,46.17378],[-70.7156209,46.1734962],[-70.7155597,46.1731726],[-70.7156242,46.1729894],[-70.7155852,46.1722217],[-70.7152797,46.1716766],[-70.7137422,46.1704238],[-70.7131852,46.1696936],[-70.7131033,46.1690002],[-70.7128073,46.1684865],[-70.7123502,46.166462],[-70.7114416,46.16572],[-70.7111074,46.1653201],[-70.7093849,46.1628851],[-70.7091807,46.1616402],[-70.7087034,46.1603669],[-70.7086665,46.1598106],[-70.7084868,46.1593581],[-70.7084757,46.1589717],[-70.7085904,46.158678],[-70.7085536,46.1580738],[-70.7090142,46.1562484],[-70.7096736,46.15511],[-70.7109761,46.1535001],[-70.7118408,46.1522182],[-70.7123179,46.1511539],[-70.7123716,46.1504408],[-70.7121741,46.1493512],[-70.7118416,46.1481375],[-70.7118486,46.1457638],[-70.7118966,46.1454898],[-70.7121869,46.1451781],[-70.7121621,46.1445293],[-70.7118162,46.1440784],[-70.7114511,46.1437561],[-70.7110402,46.1437756],[-70.7103112,46.1425566],[-70.7100465,46.1419176],[-70.7097788,46.1415938],[-70.709779,46.141498],[-70.710007,46.141485],[-70.7100166,46.1414207],[-70.7096855,46.1407535],[-70.7093157,46.1403916],[-70.7093088,46.1402843],[-70.7094515,46.1401805],[-70.7092192,46.1399623],[-70.7091206,46.1394175],[-70.7088157,46.1387289],[-70.7086862,46.1381659],[-70.7080692,46.1368249],[-70.7073371,46.136017],[-70.7064787,46.1354517],[-70.7060596,46.1349131],[-70.7060172,46.134748],[-70.7052125,46.1346383],[-70.7051395,46.1343592],[-70.7042915,46.1333944],[-70.7042176,46.1335462],[-70.7042601,46.1336634],[-70.7046959,46.1341492],[-70.7050438,46.1347157],[-70.7045117,46.1348257],[-70.7042769,46.1346836],[-70.703801,46.1340525],[-70.7037596,46.1334566],[-70.7035699,46.1333078],[-70.7035804,46.1328605],[-70.7033195,46.1327398],[-70.7030067,46.1318452],[-70.7031087,46.1318681],[-70.7030632,46.1316475],[-70.7028238,46.1310786],[-70.7026633,46.1307994],[-70.7022828,46.1304419],[-70.7023505,46.1303264],[-70.701145,46.1292322],[-70.7005498,46.1290994],[-70.7002831,46.1289531],[-70.6987787,46.128768],[-70.6981029,46.1288525],[-70.6980496,46.128742],[-70.6979318,46.1287299],[-70.6953593,46.1292105],[-70.6943854,46.1292045],[-70.6940944,46.1292689],[-70.6921924,46.1289936],[-70.6921478,46.1288781],[-70.6908225,46.1284245],[-70.6896397,46.127682],[-70.6875486,46.1265802],[-70.6867113,46.1262887],[-70.6865457,46.1260508],[-70.685275,46.125389],[-70.6846969,46.1249592],[-70.6835213,46.124276],[-70.6833317,46.1241273],[-70.6831734,46.1238531],[-70.6819196,46.1231384],[-70.6804587,46.1224606],[-70.6740596,46.1202714],[-70.6740632,46.1201671],[-70.6737354,46.1201817],[-70.672351,46.1196269],[-70.6702472,46.1184603],[-70.6678699,46.1169188],[-70.6659907,46.1153132],[-70.6648076,46.1138697],[-70.6638532,46.11293],[-70.6637285,46.1125981],[-70.6627808,46.1113077],[-70.6624378,46.1109243],[-70.6613277,46.1100099],[-70.6613788,46.1088266],[-70.6610783,46.1077748],[-70.6600591,46.1073937],[-70.6598065,46.1062116],[-70.6598964,46.1055565],[-70.6603686,46.1047881],[-70.6609065,46.1042393],[-70.6613248,46.1039923],[-70.6619554,46.1034024],[-70.6619343,46.1025343],[-70.6615336,46.1017035],[-70.6614519,46.1012495],[-70.6598192,46.1006199],[-70.6562064,46.0997232],[-70.654115,46.0979111],[-70.6539933,46.0976772],[-70.6534902,46.097573],[-70.6516815,46.0964273],[-70.6516699,46.0962106],[-70.651176,46.0956603],[-70.649597,46.0946527],[-70.6492858,46.094096],[-70.6488652,46.0935853],[-70.6481144,46.0932408],[-70.6481129,46.0929817],[-70.6483958,46.0928023],[-70.6487845,46.0922022],[-70.6491144,46.0921318],[-70.6492955,46.0919142],[-70.6494852,46.0919195],[-70.649723,46.0917466],[-70.6500573,46.0910738],[-70.6500378,46.0905126],[-70.6509679,46.0890008],[-70.6514646,46.0886897],[-70.651756,46.0880911],[-70.6518082,46.0873584],[-70.6515005,46.0864387],[-70.6513917,46.0849136],[-70.6512659,46.0842269],[-70.6512784,46.0826113],[-70.6511167,46.0820103],[-70.6510926,46.0814096],[-70.6513429,46.0803109],[-70.6520685,46.0788664],[-70.6521585,46.0774738],[-70.6523499,46.0769526],[-70.6529062,46.0757769],[-70.6540182,46.0743545],[-70.6548169,46.0729976],[-70.6548675,46.0720059],[-70.6546112,46.0713306],[-70.654482,46.0702214],[-70.6547451,46.0687911],[-70.6548998,46.0663821],[-70.6552126,46.0656747],[-70.6554919,46.0658104],[-70.6556965,46.0655995],[-70.6558909,46.0655965],[-70.6556454,46.0652595],[-70.6556363,46.0651325],[-70.6558875,46.0651741],[-70.6561027,46.0653493],[-70.6562688,46.0653001],[-70.6553635,46.0644621],[-70.6553878,46.0642773],[-70.6556573,46.0645252],[-70.655736,46.0643653],[-70.655897,46.06442],[-70.6561157,46.0642322],[-70.656102,46.0640655],[-70.6557926,46.0637202],[-70.6561099,46.0638378],[-70.6564267,46.064099],[-70.6568302,46.0639247],[-70.6568973,46.0637136],[-70.6572764,46.0635935],[-70.6573617,46.0637671],[-70.6575724,46.0638549],[-70.6574457,46.064193],[-70.6575974,46.0642163],[-70.6577574,46.0653436],[-70.6576546,46.0655927],[-70.6576367,46.0660283],[-70.6573353,46.0668826],[-70.6566835,46.0675813],[-70.6566754,46.0686423],[-70.6568569,46.0697086],[-70.6565041,46.0703186],[-70.6564524,46.0709077],[-70.656585,46.070964],[-70.656788,46.0712316],[-70.6565464,46.0719111],[-70.6564978,46.0722807],[-70.656117,46.0727488],[-70.6561961,46.0739684],[-70.655412,46.0752049],[-70.6552256,46.0756699],[-70.6545347,46.0766739],[-70.6545336,46.0770089],[-70.6546798,46.0772797],[-70.6546282,46.0778209],[-70.654315,46.0786241],[-70.6531168,46.0802906],[-70.6527796,46.081135],[-70.652737,46.0818512],[-70.6525608,46.0820605],[-70.6525363,46.0830308],[-70.6526726,46.0834139],[-70.6529216,46.0848633],[-70.6529649,46.0861209],[-70.6531397,46.0863423],[-70.6532889,46.0871314],[-70.6533976,46.0872768],[-70.6535288,46.0877638],[-70.653544,46.089665],[-70.6533257,46.0911368],[-70.6529753,46.0916709],[-70.6529676,46.0918508],[-70.6527361,46.0922746],[-70.6519447,46.0934517],[-70.6519017,46.0942636],[-70.6520958,46.0944042],[-70.6523267,46.0948617],[-70.6527713,46.0952832],[-70.6537535,46.0959895],[-70.6540916,46.0963333],[-70.6543555,46.0963863],[-70.6548698,46.0967278],[-70.6563468,46.0980763],[-70.6564126,46.0982959],[-70.6565876,46.0984695],[-70.657113,46.0988466],[-70.6593455,46.0996059],[-70.6608984,46.0999449],[-70.6617182,46.1002894],[-70.6619169,46.1004696],[-70.6619661,46.1006941],[-70.6622637,46.1011319],[-70.6623524,46.1015974],[-70.6626879,46.102065],[-70.6628858,46.1025324],[-70.6629017,46.1027667],[-70.6628314,46.1032453],[-70.662473,46.1040551],[-70.6619678,46.1047855],[-70.6615039,46.1051826],[-70.6611523,46.1060997],[-70.661153,46.106646],[-70.6612877,46.1068178],[-70.661444,46.1076664],[-70.6619306,46.1091823],[-70.6622989,46.1097836],[-70.6627584,46.1100846],[-70.6629611,46.1105438],[-70.6635903,46.1112181],[-70.6645891,46.1120629],[-70.6668769,46.1144661],[-70.6678593,46.1153158],[-70.6683782,46.1155856],[-70.6692117,46.1162404],[-70.669223,46.1164352],[-70.6694809,46.1167277],[-70.6699289,46.1169296],[-70.6717597,46.1182658],[-70.6728831,46.1188483],[-70.6741259,46.1191768],[-70.6751132,46.1191848],[-70.6763726,46.1195083],[-70.6772736,46.1198561],[-70.677432,46.1200824],[-70.6777971,46.1202612],[-70.6806803,46.1214219],[-70.6820851,46.1217119],[-70.6835273,46.1215923],[-70.6842987,46.1217079],[-70.6853576,46.1220069],[-70.6873606,46.1233046],[-70.6876969,46.1238464],[-70.6881187,46.1257066],[-70.688522,46.1258828],[-70.6888875,46.1258238],[-70.6898381,46.1265121],[-70.6902394,46.1266884],[-70.6907094,46.1270709],[-70.6914869,46.1275373],[-70.6923005,46.1278221],[-70.6926514,46.1280255],[-70.6939539,46.1283704],[-70.6948274,46.1284324],[-70.6969244,46.12807],[-70.6973212,46.1279317],[-70.6989356,46.1278565],[-70.6998705,46.1280979],[-70.6997711,46.127936],[-70.7003527,46.1279548],[-70.7003476,46.1281067],[-70.7011943,46.1284773],[-70.7015734,46.1288227],[-70.702287,46.1292806],[-70.7030213,46.1300605],[-70.7032916,46.1302126],[-70.7034447,46.1307822],[-70.7037576,46.1310037],[-70.7038902,46.1312036],[-70.7037974,46.1312926],[-70.7038185,46.1314231],[-70.7040316,46.1316742],[-70.7040361,46.1318095],[-70.7045647,46.1322062],[-70.7056593,46.1333166],[-70.7056662,46.1334239],[-70.7054546,46.1335276],[-70.7063198,46.1342482],[-70.7074025,46.1354031],[-70.7075615,46.1354379],[-70.7077089,46.1353258],[-70.7078585,46.1353292],[-70.7082521,46.135602],[-70.7092241,46.137521],[-70.7092048,46.1376976],[-70.7090192,46.1378757],[-70.7097928,46.1393274],[-70.7100099,46.1400011],[-70.7102683,46.1402456],[-70.7108908,46.1412432],[-70.7113576,46.141795],[-70.7114534,46.1426072],[-70.711617,46.1427295],[-70.7118273,46.1432481],[-70.7121377,46.1436412],[-70.7122587,46.1436942],[-70.7124679,46.1435706],[-70.7126595,46.1439785],[-70.7129012,46.1442279],[-70.7130236,46.1448273],[-70.7129068,46.1450533],[-70.7129712,46.1461346],[-70.7129131,46.1467123],[-70.7125883,46.1476562],[-70.712623,46.1481449],[-70.7131044,46.1497928],[-70.7133199,46.1501116],[-70.7134277,46.1508793],[-70.7133986,46.1511681],[-70.7136819,46.1508448],[-70.7140209,46.149924],[-70.7135392,46.1496842],[-70.7134849,46.1495158],[-70.7140657,46.14758],[-70.713998,46.1469576],[-70.7136315,46.146089],[-70.7138336,46.1460017],[-70.7140494,46.146129],[-70.7141018,46.1460861],[-70.7132661,46.1446938],[-70.7132883,46.1442498],[-70.7142905,46.145497],[-70.714652,46.1464696],[-70.7146647,46.1473065],[-70.7145304,46.1480162],[-70.7144282,46.1506029],[-70.7141105,46.1515584],[-70.7133746,46.1525696],[-70.7128105,46.1531403],[-70.7126292,46.1535495],[-70.7125757,46.1542147],[-70.7124638,46.1543368],[-70.7125261,46.1565192],[-70.7131002,46.1581738],[-70.7134421,46.1595625],[-70.7135333,46.1602873],[-70.7136493,46.16054],[-70.7136627,46.160994],[-70.714351,46.1625943],[-70.7170267,46.1661955],[-70.7181249,46.1672778],[-70.7181981,46.167509],[-70.7181689,46.1678936],[-70.7187385,46.1696045],[-70.7190969,46.1711797],[-70.7191366,46.1715644],[-70.719035,46.1725995],[-70.7190583,46.1728455],[-70.7191555,46.1729875],[-70.719171,46.1736529],[-70.7188755,46.1741165],[-70.7189037,46.1742585],[-70.7190983,46.1744469],[-70.7190712,46.1749471],[-70.7188557,46.175845],[-70.7184503,46.1766421],[-70.7184397,46.177281],[-70.718168,46.1777034],[-70.7180191,46.1785337],[-70.7177083,46.1795488],[-70.7173292,46.1802287],[-70.7173855,46.1819689],[-70.7180088,46.1829666],[-70.718898,46.1841726],[-70.7193396,46.1844586],[-70.7207253,46.1858796],[-70.7217986,46.1865525],[-70.722214,46.1869078],[-70.7227833,46.1875935],[-70.7230365,46.1882772],[-70.7235843,46.1890718],[-70.723724,46.1894269],[-70.7238007,46.1918721],[-70.7242574,46.1932066],[-70.7242695,46.1944746],[-70.7243546,46.1948049],[-70.7248983,46.1952726],[-70.7251406,46.1953784],[-70.7259203,46.1954616],[-70.7261198,46.1955938],[-70.7271353,46.1969403],[-70.7276261,46.197786],[-70.7282597,46.1986236],[-70.7287939,46.1991557],[-70.7300529,46.1999376],[-70.730949,46.2001298],[-70.7329033,46.2003293],[-70.7346177,46.200347],[-70.73748,46.2008376],[-70.7380811,46.2012062],[-70.7387777,46.201314],[-70.7406371,46.201439],[-70.741089,46.2013254],[-70.7419237,46.2012895],[-70.7431512,46.200932],[-70.7446092,46.200629],[-70.7451991,46.2004197],[-70.7478641,46.1988625],[-70.748747,46.1981216],[-70.7504102,46.1970328],[-70.7535501,46.1957036],[-70.7541565,46.195585],[-70.754896,46.1955705],[-70.7556804,46.195693],[-70.7571831,46.1957184],[-70.7575039,46.1958556],[-70.7582647,46.1959715],[-70.758462,46.1959402],[-70.758524,46.1957372],[-70.75961,46.196365],[-70.7602515,46.1970224],[-70.7614209,46.1974819],[-70.7615444,46.1976025],[-70.7625263,46.1977416],[-70.7634964,46.1977337],[-70.765736,46.1980598],[-70.7659501,46.1979756],[-70.7653345,46.197632],[-70.7646735,46.1975822],[-70.7642932,46.1974285],[-70.7642529,46.1973311],[-70.7652205,46.197447],[-70.7661642,46.1977478],[-70.7664446,46.1979791],[-70.767039,46.1980965],[-70.7679113,46.1985211],[-70.768287,46.1985873],[-70.7685175,46.1987855],[-70.7700554,46.1995868],[-70.7706092,46.2000377],[-70.7720237,46.2005268],[-70.7723684,46.2007184],[-70.7732716,46.2013527],[-70.7736923,46.2017475],[-70.7744932,46.2025831],[-70.7747427,46.2030356],[-70.7748779,46.2036383],[-70.7749659,46.203749],[-70.7749538,46.2040329],[-70.7748563,46.2041303],[-70.7751202,46.2042708],[-70.7750986,46.2045713],[-70.7754362,46.2048471],[-70.7754526,46.2052252],[-70.77521,46.2053589],[-70.7750053,46.2056659],[-70.7750527,46.2060622],[-70.7751526,46.2060325],[-70.775167,46.2057205],[-70.7752408,46.2056165],[-70.7755691,46.2052863],[-70.7757998,46.2052451],[-70.7754096,46.2056826],[-70.7755569,46.2058576],[-70.7756067,46.2062737],[-70.7758563,46.206391],[-70.775892,46.2064488],[-70.7758111,46.2065413],[-70.7760225,46.2069161],[-70.7766214,46.2077914],[-70.7769828,46.2081217],[-70.7774342,46.2091571],[-70.7775527,46.2099563],[-70.7774361,46.2102782],[-70.777493,46.2104665],[-70.7773931,46.2106398],[-70.7773856,46.2112987],[-70.7775517,46.2123505],[-70.777706,46.2128244],[-70.7780269,46.2133925],[-70.7788661,46.2144974],[-70.7801501,46.2155726],[-70.7808754,46.2159657],[-70.7825475,46.2165835],[-70.7837177,46.2168512],[-70.7848143,46.2169835],[-70.7869337,46.2170168],[-70.7905065,46.2176165],[-70.791887,46.2179983],[-70.7924905,46.2183191],[-70.7955842,46.2205986],[-70.7971481,46.2215104],[-70.7985707,46.2222023],[-70.7979522,46.2226052],[-70.797976,46.2227076],[-70.7983971,46.2229586],[-70.8005288,46.2238569],[-70.8017969,46.2246973],[-70.8028748,46.2251976],[-70.8031175,46.2256864],[-70.803541,46.2259572],[-70.8053852,46.2275703],[-70.8053806,46.2282011],[-70.8056543,46.2286602],[-70.8061754,46.2288814],[-70.8069011,46.2287955],[-70.8076247,46.2297912],[-70.8079864,46.2301214],[-70.809336,46.2317792],[-70.8095456,46.2324694],[-70.8098914,46.2351512],[-70.8098421,46.237369],[-70.809992,46.2373722],[-70.8102109,46.2371839],[-70.8096521,46.238705],[-70.8094383,46.2401301],[-70.8094433,46.2410318],[-70.8098746,46.2429424],[-70.8102199,46.2435171],[-70.8108484,46.2441511],[-70.8122198,46.2451253],[-70.8127245,46.2453993],[-70.8155073,46.2460082],[-70.8184423,46.2461133],[-70.8193017,46.2463707],[-70.8204447,46.2472622],[-70.8215448,46.2479407],[-70.8240806,46.2490745],[-70.825706,46.25],[-70.8271246,46.2515558],[-70.8277633,46.2526521],[-70.8278188,46.2536827],[-70.8276903,46.2538578],[-70.8276193,46.2544127],[-70.8272844,46.2555457],[-70.8267135,46.2563453],[-70.8262904,46.2574156],[-70.8250609,46.2597661],[-70.8249565,46.2602831],[-70.824862,46.2615498],[-70.8249004,46.2619148],[-70.824991,46.2620931],[-70.8253983,46.262273],[-70.8252365,46.2624581],[-70.8248727,46.2634491],[-70.824728,46.2643476],[-70.8247382,46.265289],[-70.8251235,46.2658559],[-70.825108,46.2664929],[-70.8248108,46.2672247],[-70.8246754,46.2677714],[-70.824678,46.2681265],[-70.8250761,46.2687061],[-70.8259505,46.2693218],[-70.8285086,46.2698198],[-70.829471,46.2701151],[-70.8312197,46.2708197],[-70.8327896,46.2712832],[-70.8356561,46.2729007],[-70.836395,46.2734884],[-70.8366313,46.2740135],[-70.8371131,46.2747598],[-70.8391736,46.2775139],[-70.8407161,46.2788411],[-70.8438385,46.280663],[-70.8450191,46.2819475],[-70.8455894,46.2828044],[-70.84641,46.2837785],[-70.8473543,46.2845856],[-70.8479312,46.2848793],[-70.8490227,46.2852388],[-70.8516727,46.2858187],[-70.8531858,46.2859978],[-70.8547297,46.2860035],[-70.8568927,46.2858452],[-70.857874,46.2856282],[-70.859551,46.2854503],[-70.8628625,46.2853605],[-70.8634746,46.2852329],[-70.865085,46.2851706],[-70.8672645,46.2849113],[-70.8674553,46.2850119],[-70.8676792,46.2850067],[-70.8678529,46.2848728],[-70.8688107,46.2848886],[-70.8702239,46.2851931],[-70.8723384,46.2859115],[-70.8723934,46.286032],[-70.8726842,46.2861028],[-70.8729991,46.2863718],[-70.873297,46.2864062],[-70.8739363,46.2868798],[-70.8743922,46.28736],[-70.8751271,46.2879557],[-70.8764199,46.2901035],[-70.8769281,46.2904929],[-70.877938,46.2915954],[-70.8786832,46.2925577],[-70.879121,46.2935022],[-70.8791552,46.2939233],[-70.8794237,46.2948018],[-70.879513,46.2953915],[-70.8793952,46.2973985],[-70.8795563,46.2981995],[-70.879916,46.2993521],[-70.8802294,46.3000324],[-70.8806958,46.3009273],[-70.8818262,46.3025418],[-70.8821874,46.3031873],[-70.8835042,46.3050064],[-70.8834782,46.3051237],[-70.8838533,46.3056008],[-70.88509,46.3066221],[-70.8858597,46.3076868],[-70.8865788,46.308479],[-70.8866747,46.3087928],[-70.8887398,46.3114503],[-70.8891988,46.3120941],[-70.8898305,46.3132069],[-70.8899954,46.3134248],[-70.8901386,46.3134643],[-70.8899369,46.3139353],[-70.8898178,46.3139982],[-70.8894937,46.3140332],[-70.8893145,46.3138401],[-70.8889857,46.3139313],[-70.8889024,46.314004],[-70.8889313,46.3141461],[-70.8890675,46.3143178],[-70.8894759,46.3146411],[-70.8896044,46.3145138],[-70.8900103,46.3148173],[-70.8902367,46.3147841],[-70.8904278,46.3149805],[-70.8913657,46.3154404],[-70.891622,46.3159803],[-70.8925464,46.3168004],[-70.8932676,46.317325],[-70.8943943,46.3179614],[-70.8957165,46.3185944],[-70.8958955,46.3186437],[-70.8960574,46.3185544],[-70.8962292,46.3185922],[-70.896456,46.3187657],[-70.8970052,46.3189636],[-70.8992057,46.320074],[-70.9015853,46.3207246],[-70.9047868,46.3219706],[-70.906086,46.3225998],[-70.9072306,46.3232805],[-70.9083298,46.3241187],[-70.9097308,46.325587],[-70.910516,46.3266085],[-70.9113433,46.3281681],[-70.9116293,46.328864],[-70.9122663,46.3296719],[-70.9130059,46.3303174],[-70.9158302,46.3320236],[-70.9183486,46.332995],[-70.9196095,46.3336439],[-70.9205421,46.3342316],[-70.9211218,46.3347354],[-70.9225641,46.3357626],[-70.923312,46.3362176],[-70.9237185,46.3365689],[-70.9238528,46.3368165],[-70.9241637,46.3370936],[-70.9241809,46.3372803],[-70.9243697,46.3374089],[-70.9244705,46.3376186],[-70.9244165,46.3379293],[-70.9246893,46.3382246],[-70.924779,46.3387185],[-70.924635,46.3392341],[-70.9241128,46.3393009],[-70.9237556,46.3395377],[-70.9237109,46.339736],[-70.9239379,46.3398943],[-70.9239983,46.3401503],[-70.9239035,46.3403635],[-70.9243521,46.3404009],[-70.9238752,46.3413036],[-70.9237659,46.3422884],[-70.9237826,46.3431261],[-70.9243284,46.3446073],[-70.9246428,46.3452396],[-70.9256542,46.3484864],[-70.9265511,46.3524867],[-70.9265834,46.3529361],[-70.9265604,46.353217],[-70.9264322,46.3534402],[-70.926492,46.3535046],[-70.9264915,46.3541555],[-70.9263328,46.355347],[-70.9261343,46.3560297],[-70.9257874,46.3565374],[-70.9254223,46.3573657],[-70.9251326,46.3586647],[-70.9248331,46.3590898],[-70.9243949,46.3594192],[-70.9243785,46.35952],[-70.9245693,46.3594768],[-70.9242508,46.3607296],[-70.9241698,46.361617],[-70.9236464,46.3630337],[-70.9234193,46.3645607],[-70.9231707,46.3652583],[-70.9230538,46.3661359],[-70.9228764,46.3667095],[-70.9228642,46.367453],[-70.9232068,46.3687347],[-70.9237282,46.3699221],[-70.9237145,46.3701385],[-70.9240705,46.3702653],[-70.9249797,46.3709943],[-70.9255102,46.3711787],[-70.9260463,46.3716422],[-70.9278175,46.3724362],[-70.9282594,46.3725578],[-70.9286708,46.3728051],[-70.9333182,46.3773109],[-70.935319,46.378886],[-70.9375058,46.3803302],[-70.9386847,46.3809034],[-70.9409838,46.381574],[-70.9435355,46.3820938],[-70.9458827,46.3828254],[-70.9461937,46.3830067],[-70.9462706,46.3831619],[-70.946727,46.3832586],[-70.9484886,46.3844802],[-70.9508374,46.386294],[-70.9509304,46.3862525],[-70.9511598,46.3856298],[-70.9512672,46.3855659],[-70.9516043,46.3856726],[-70.9511671,46.3863463],[-70.9512073,46.3864874],[-70.951671,46.3870593],[-70.9522461,46.3876004],[-70.9534452,46.3883799],[-70.954463,46.3891863],[-70.9555466,46.3896851],[-70.9557693,46.3898516],[-70.956386,46.3906817],[-70.9566586,46.3907854],[-70.95711,46.3907945],[-70.9580654,46.3914687],[-70.9591049,46.3923097],[-70.9595941,46.3928558],[-70.9597409,46.3931546],[-70.960619,46.3942288],[-70.9606211,46.3948039],[-70.9610658,46.3955484],[-70.9611771,46.3959332],[-70.9612079,46.3965066],[-70.9616924,46.3977121],[-70.9622227,46.3983556],[-70.9630593,46.3991407],[-70.9652438,46.4007364],[-70.9662593,46.4008238],[-70.9665368,46.4009191],[-70.9676974,46.4014772],[-70.9689234,46.4022351],[-70.9708403,46.4037188],[-70.9710419,46.4039465],[-70.9710536,46.4045051],[-70.9716375,46.4047419],[-70.9726326,46.4056853],[-70.9748994,46.4067766],[-70.9749715,46.4068922],[-70.974925,46.4072145],[-70.975302,46.4070882],[-70.9766402,46.4077714],[-70.9775973,46.4081298],[-70.9779907,46.4085058],[-70.9785763,46.4085708],[-70.9790763,46.4087367],[-70.9790249,46.4090194],[-70.9803877,46.4092497],[-70.9816531,46.4096257],[-70.9820241,46.4097753],[-70.9822977,46.4100706],[-70.9828361,46.4102661],[-70.9834596,46.4102649],[-70.9858696,46.4106483],[-70.9907124,46.4111341],[-70.9912246,46.4113511],[-70.9915473,46.4113918],[-70.9921276,46.4113211],[-70.9929785,46.4113821],[-70.9933132,46.411426],[-70.9937656,46.4116267],[-70.9941762,46.4115382],[-70.9979333,46.4117929],[-70.9987086,46.4120341],[-71.0001335,46.4127598],[-71.0009864,46.4137594],[-71.0011455,46.4140615],[-71.0012209,46.4143406],[-71.0011985,46.4146696],[-71.0014434,46.4149186],[-71.0012824,46.4152478],[-71.0013824,46.4156773],[-71.0019439,46.4167023],[-71.0024052,46.41725],[-71.0037219,46.4182618],[-71.0041627,46.4185071],[-71.005065,46.4187926],[-71.0057835,46.4191331],[-71.006079,46.4194629],[-71.0067526,46.419906],[-71.0069235,46.4201634],[-71.0073161,46.4202997],[-71.0078865,46.420657],[-71.0086431,46.4214387],[-71.0092732,46.4217644],[-71.0097626,46.4221666],[-71.0106324,46.4231132],[-71.0137685,46.4251784],[-71.0144827,46.425575],[-71.0161393,46.4270817],[-71.0164986,46.4272279],[-71.0171248,46.4277057],[-71.0179571,46.4287665],[-71.0186964,46.4303282],[-71.0188479,46.4309823],[-71.0186844,46.4317513],[-71.0188633,46.4326235],[-71.0192821,46.4331977],[-71.0199069,46.4338474],[-71.0213447,46.4349876],[-71.0228633,46.4360351],[-71.0251675,46.4373549],[-71.0267471,46.438151],[-71.0280208,46.4389494],[-71.0305142,46.4411728],[-71.0313582,46.4416335],[-71.0338258,46.4425478],[-71.0375093,46.443249],[-71.0378329,46.4433853],[-71.0381285,46.4436672],[-71.0395444,46.4441693],[-71.0398949,46.4444278],[-71.0406783,46.4451398],[-71.0410683,46.4456198],[-71.0418499,46.4472788],[-71.0425938,46.448181],[-71.0431028,46.4485499],[-71.0438053,46.4493067],[-71.0450618,46.4503297],[-71.047119,46.4516961],[-71.0477534,46.4522332],[-71.0491545,46.4538509],[-71.0509627,46.4551204],[-71.0530771,46.4567989],[-71.053764,46.4577045],[-71.0542482,46.4586982],[-71.0549756,46.4595574],[-71.0559978,46.4613298],[-71.056662,46.4620089],[-71.0577076,46.4632805],[-71.0585255,46.4644419],[-71.0590282,46.4653066],[-71.0591358,46.4656997],[-71.0590357,46.4669646],[-71.0593639,46.4670446],[-71.0597913,46.4669029],[-71.0596152,46.4670654],[-71.0590301,46.4672406],[-71.0589344,46.4680377],[-71.0592347,46.4698618],[-71.0595667,46.470565],[-71.0611017,46.4719988],[-71.0629332,46.4741739],[-71.0633787,46.4750422],[-71.0635118,46.4756815],[-71.06352,46.4762485],[-71.0638831,46.4773335],[-71.0642506,46.4779507],[-71.0653899,46.4791806],[-71.0658004,46.4797713],[-71.0669467,46.4809648],[-71.0679893,46.4823884],[-71.0681636,46.4827135],[-71.0682435,46.4832522],[-71.0688016,46.4840937],[-71.0696192,46.4851113],[-71.0698363,46.4857735],[-71.0702357,46.4865047],[-71.0703233,46.4867392],[-71.0703578,46.4872846],[-71.0708,46.4887166],[-71.0714422,46.4899926],[-71.0718022,46.490914],[-71.0714926,46.4938544],[-71.07096,46.4955852],[-71.0709121,46.4963475],[-71.072349,46.5],[-71.0725292,46.500742],[-71.0725258,46.5013537],[-71.072879,46.5023115],[-71.0734954,46.5032454],[-71.0743987,46.504114],[-71.0754539,46.5047655],[-71.0765288,46.5051161],[-71.0773144,46.5051484],[-71.0783488,46.50477],[-71.0787576,46.5042975],[-71.079167,46.5035573],[-71.0792827,46.502555],[-71.0792506,46.5020294],[-71.0794174,46.5007922],[-71.079904,46.5],[-71.080509,46.4992712],[-71.0814163,46.4985327],[-71.0823988,46.4979295],[-71.0849763,46.4974454],[-71.0854623,46.4974439],[-71.0864046,46.4976625],[-71.0870773,46.4980373],[-71.0877953,46.4987211],[-71.090086,46.5],[-71.0907422,46.5005006],[-71.0920848,46.5011345],[-71.0943468,46.5017604],[-71.0960391,46.502413],[-71.0995239,46.5032762],[-71.0998241,46.5034058],[-71.1005771,46.5042713],[-71.1012548,46.5046378],[-71.1016528,46.5047175],[-71.1026384,46.5045935],[-71.1030005,46.5046634],[-71.1032745,46.5048146],[-71.1034208,46.5051894],[-71.1038624,46.5053384],[-71.104092,46.5056402],[-71.1042822,46.5061322],[-71.1041816,46.5071576],[-71.1043037,46.5078417],[-71.104171,46.5083894],[-71.1041412,46.5089268],[-71.1042838,46.5094538],[-71.1055337,46.5108086],[-71.1071267,46.5119028],[-71.1072597,46.5120825],[-71.108109,46.5122946],[-71.1088854,46.512707],[-71.1097452,46.5137258],[-71.110636,46.5153944],[-71.1110559,46.516504],[-71.1109794,46.5168564],[-71.1106108,46.5172347],[-71.1097884,46.5177765],[-71.109708,46.5179173],[-71.1096658,46.5187193],[-71.1103428,46.5196214],[-71.1122847,46.5215377],[-71.112756,46.5224604],[-71.1129708,46.523928],[-71.1132226,46.5243867],[-71.1139759,46.5252042],[-71.114758,46.5257041],[-71.1156025,46.5268719],[-71.1162753,46.5271506],[-71.1172697,46.5271819],[-71.1180906,46.5270799],[-71.1188091,46.5267202],[-71.1206298,46.5254258],[-71.1214245,46.5250295],[-71.1225983,46.524698],[-71.1231104,46.5246267],[-71.1266488,46.5246704],[-71.1276373,46.524566],[-71.1286652,46.5245871],[-71.1291216,46.5250749],[-71.1292969,46.5254479],[-71.1302829,46.5256395],[-71.1305255,46.5257246],[-71.1310314,46.5261014],[-71.131633,46.5261405],[-71.1325725,46.5265108],[-71.1333796,46.5274288],[-71.133895,46.5277891],[-71.1348975,46.5282434],[-71.1352704,46.5290721],[-71.135644,46.5296808],[-71.1369304,46.5305855],[-71.1377852,46.530837],[-71.1386227,46.5313134],[-71.1409007,46.5321813],[-71.1430698,46.5322923],[-71.1441165,46.5325479],[-71.1451741,46.5329788],[-71.1463553,46.5332902],[-71.1478108,46.5334368],[-71.1493665,46.5338211],[-71.1507334,46.5342689],[-71.1520914,46.5350971],[-71.1531861,46.5365331],[-71.1535128,46.5372246],[-71.1540345,46.5380361],[-71.1542111,46.5388209],[-71.1541963,46.5390657],[-71.1540872,46.539792],[-71.1538462,46.5402146],[-71.1537544,46.540716],[-71.1538504,46.5413258],[-71.154062,46.5417086],[-71.1547864,46.5423837],[-71.1568633,46.5437514],[-71.1579308,46.5447493],[-71.1588433,46.545265],[-71.1597933,46.5456664],[-71.1621499,46.5463251],[-71.1632509,46.5467292],[-71.163812,46.5467667],[-71.1643122,46.5469598],[-71.1644935,46.5471526],[-71.1668701,46.5476061],[-71.1711475,46.5475227],[-71.1720528,46.547443],[-71.173249,46.5471934],[-71.1747249,46.5471344],[-71.1761234,46.547552],[-71.176739,46.5475181],[-71.1789691,46.5476444],[-71.1799571,46.5479793],[-71.1837175,46.5479752],[-71.1857995,46.5487024],[-71.1875195,46.5491399],[-71.1883836,46.5492785],[-71.1906425,46.5502065],[-71.1916946,46.5504533],[-71.1926497,46.5508461],[-71.1932028,46.5513117],[-71.1941922,46.5515224],[-71.1949882,46.5518051],[-71.1958099,46.5522861],[-71.1980657,46.5530981],[-71.1994672,46.5538031],[-71.200065,46.554166],[-71.2008427,46.5547976],[-71.2017983,46.5562618],[-71.2023792,46.5589449],[-71.2032833,46.5600125],[-71.2033181,46.5604142],[-71.203253,46.5606261],[-71.2034955,46.5606631],[-71.2038024,46.560928],[-71.2040901,46.561446],[-71.2041919,46.5618276],[-71.2046526,46.5623828],[-71.2065113,46.5634793],[-71.207443,46.5644012],[-71.2077857,46.5648958],[-71.2078137,46.565066],[-71.2082358,46.5655917],[-71.208775,46.5668379],[-71.2093566,46.5687652],[-71.2101133,46.569678],[-71.2107088,46.570021],[-71.2114702,46.5706576],[-71.2116523,46.5708982],[-71.2128013,46.5714388],[-71.2132205,46.5718967],[-71.2137465,46.5729957],[-71.2140059,46.5732955],[-71.2142637,46.5744272],[-71.214376,46.5756439],[-71.2147074,46.5764511],[-71.2146953,46.5769358],[-71.2146211,46.5779681],[-71.2144336,46.5789315],[-71.2140034,46.57959],[-71.213839,46.5797081],[-71.2134856,46.5803779],[-71.2134709,46.5818664],[-71.2138178,46.5825247],[-71.2138582,46.5827462],[-71.2141623,46.5829433],[-71.2145951,46.5835483],[-71.2148071,46.584151],[-71.2156752,46.5853808],[-71.2159183,46.5862216],[-71.2164969,46.5872774],[-71.2166012,46.5878988],[-71.2166023,46.5890185],[-71.2168943,46.5897002],[-71.2172729,46.5901566],[-71.2185202,46.591135],[-71.2195311,46.5917242],[-71.2202987,46.5919605],[-71.2219094,46.5927883],[-71.2223838,46.5932228],[-71.223009,46.5936119],[-71.2230779,46.5937836],[-71.2238241,46.5940332],[-71.224412,46.5945366],[-71.2260146,46.5952569],[-71.2284446,46.5956938],[-71.229734,46.5957936],[-71.2302565,46.5959731],[-71.2309794,46.5960441],[-71.2317283,46.5963135],[-71.2323533,46.5964346],[-71.2330878,46.5964609],[-71.234717,46.5969395],[-71.2363836,46.5970837],[-71.2374076,46.5975039],[-71.2391066,46.59847],[-71.2427637,46.599678],[-71.2433975,46.6001745],[-71.2436755,46.6006131],[-71.2437428,46.6008609],[-71.2439917,46.6010333],[-71.244417,46.6010908],[-71.2448866,46.6014855],[-71.2449921,46.6017149],[-71.2459193,46.602501],[-71.246236,46.6029692],[-71.2462505,46.6032123],[-71.2461289,46.6035238],[-71.246128,46.6041358],[-71.2463779,46.6044042],[-71.2466792,46.6045334],[-71.2470426,46.6048707],[-71.2471864,46.6050817],[-71.2472014,46.6053727],[-71.2472913,46.6054831],[-71.2476162,46.6055709],[-71.2482572,46.6055909],[-71.2483827,46.605663],[-71.2484359,46.6059357],[-71.2487294,46.6060054],[-71.2487696,46.6061789],[-71.2488779,46.6062081],[-71.2490316,46.6064505],[-71.2490331,46.6065944],[-71.2487123,46.6066704],[-71.2485433,46.6065769],[-71.2481775,46.6067077],[-71.2477553,46.607426],[-71.247152,46.6080476],[-71.2458213,46.6088744],[-71.2445066,46.6105762],[-71.2438506,46.6109731],[-71.2432488,46.6115185],[-71.242835,46.6121242],[-71.2427709,46.6124322],[-71.2423762,46.6132727],[-71.2415854,46.6138819],[-71.2407085,46.6142765],[-71.2390789,46.6159698],[-71.2376457,46.6185869],[-71.2369063,46.6195448],[-71.2366968,46.6202058],[-71.2362212,46.6211393],[-71.2357291,46.6218579],[-71.2351967,46.622403],[-71.2346122,46.6227713],[-71.2339647,46.6233236],[-71.2334316,46.6240407],[-71.2333758,46.6249441],[-71.2334771,46.6252298],[-71.2337435,46.6252252],[-71.2362771,46.6247997],[-71.2389067,46.6246201],[-71.2396306,46.624739],[-71.2404124,46.6251224],[-71.2410454,46.6257429],[-71.2412456,46.6260745],[-71.2413697,46.6267107],[-71.2418917,46.6279902],[-71.2420314,46.6280375],[-71.2424556,46.6286591],[-71.2426609,46.6292503],[-71.2431875,46.6300335],[-71.2430551,46.6307057],[-71.2428496,46.6310425],[-71.2423974,46.6314467],[-71.2416561,46.6319928],[-71.239848,46.6329494],[-71.239303,46.6334433],[-71.2388842,46.6340574],[-71.2388843,46.6345454],[-71.2388099,46.634554],[-71.237877,46.6368281],[-71.237871,46.6376684],[-71.2381072,46.6382298],[-71.2388954,46.6387487],[-71.2390402,46.6390557],[-71.2393123,46.6393588],[-71.2395731,46.6399746],[-71.2395901,46.6402376],[-71.2394547,46.640622],[-71.2394321,46.6419554],[-71.2398903,46.642615],[-71.2404366,46.643193],[-71.2415182,46.6437337],[-71.2422411,46.6441968],[-71.242312,46.6445604],[-71.2426862,46.6449771],[-71.2431054,46.645339],[-71.2437289,46.6457082],[-71.2442895,46.6462614],[-71.2456328,46.6463177],[-71.246887,46.6458716],[-71.2477732,46.6458524],[-71.2486727,46.6462004],[-71.2492099,46.6465749],[-71.2493391,46.6467629],[-71.2496617,46.6468308],[-71.2512037,46.6477347],[-71.2522652,46.6479446],[-71.2536273,46.6484077],[-71.2543483,46.6488988],[-71.2545478,46.6491344],[-71.2546454,46.6497443],[-71.2549384,46.6504261],[-71.2559411,46.6514237],[-71.257397,46.6518929],[-71.257695,46.6521263],[-71.2581967,46.652319],[-71.258546,46.6526333],[-71.2586402,46.6529074],[-71.2584872,46.652981],[-71.2587731,46.6532112],[-71.2588699,46.6535052],[-71.2592145,46.6538277],[-71.2593673,46.6541942],[-71.2593258,46.6545848],[-71.2588964,46.6555598],[-71.2579814,46.6562889],[-71.2571315,46.656806],[-71.257024,46.6570928],[-71.2570127,46.6576255],[-71.2568827,46.6578297],[-71.2568836,46.6581457],[-71.2567437,46.6583184],[-71.2550105,46.6598507],[-71.2543564,46.6602676],[-71.2528361,46.6610344],[-71.2523022,46.6612158],[-71.2487588,46.6629488],[-71.2465887,46.663636],[-71.2446836,46.6643947],[-71.2434258,46.664773],[-71.2410177,46.665951],[-71.2400411,46.6665678],[-71.239837,46.6668286],[-71.2398175,46.6670338],[-71.2387187,46.6681823],[-71.238076,46.6685543],[-71.2379593,46.6689056],[-71.2359122,46.6695109],[-71.2356878,46.6696609],[-71.2343712,46.6699467],[-71.2332787,46.6703026],[-71.2323623,46.6707156],[-71.2320364,46.6710519],[-71.2311749,46.6716775],[-71.2306188,46.6723121],[-71.2303882,46.6728145],[-71.2303343,46.67369],[-71.2306761,46.6747009],[-71.2308471,46.6749863],[-71.2313037,46.6754541],[-71.2325039,46.6769838],[-71.2326833,46.6773768],[-71.2331231,46.6800218],[-71.233115,46.6813786],[-71.2336267,46.6818229],[-71.2337887,46.6825752],[-71.2345073,46.6837548],[-71.2355514,46.6850222],[-71.2363385,46.6858375],[-71.2376462,46.6867645],[-71.2393041,46.6876136],[-71.2403985,46.6878897],[-71.2433325,46.6888915],[-71.2447862,46.6897333],[-71.2461311,46.6902777],[-71.2468983,46.6907621],[-71.2473394,46.6913308],[-71.2491328,46.6924555],[-71.2509679,46.6943378],[-71.2514839,46.6951659],[-71.25229,46.6956798],[-71.2530381,46.6959293],[-71.255062,46.6960633],[-71.2568152,46.6965261],[-71.2576836,46.69654],[-71.2587271,46.6962949],[-71.2598321,46.6957218],[-71.2627336,46.6944845],[-71.2634101,46.6943222],[-71.2639748,46.694283],[-71.2644729,46.6943119],[-71.2647177,46.6944927],[-71.265942,46.6945163],[-71.2663374,46.6943835],[-71.2665199,46.6941361],[-71.2671103,46.6940272],[-71.2679545,46.6935943],[-71.2697907,46.6932755],[-71.2701803,46.6930551],[-71.2704474,46.6927613],[-71.2718406,46.6923285],[-71.2721538,46.6923236],[-71.2727353,46.6920592],[-71.2734746,46.6919329],[-71.2745651,46.6920448],[-71.2755723,46.6924499],[-71.2777801,46.6931401],[-71.2794627,46.6940346],[-71.2799268,46.6943781],[-71.2803526,46.6948276],[-71.2806085,46.6953558],[-71.2806632,46.6963847],[-71.2802542,46.6970305],[-71.2789177,46.6977424],[-71.2784925,46.6980011],[-71.278331,46.6981872],[-71.278255,46.6984921],[-71.2783903,46.6998681],[-71.2787674,46.7004767],[-71.2792756,46.7009771],[-71.2803916,46.7016315],[-71.2806423,46.7018999],[-71.2807304,46.7020384],[-71.2806906,46.702353],[-71.2807677,46.7025843],[-71.2812812,46.7031243],[-71.2816321,46.7037546],[-71.2816191,46.7043156],[-71.2813747,46.7048431],[-71.281217,46.7055853],[-71.2814109,46.7067829],[-71.2819237,46.7073333],[-71.2819603,46.7069145],[-71.2822324,46.707669],[-71.2825626,46.708062],[-71.2828857,46.7081298],[-71.2835287,46.7079775],[-71.2840165,46.708147],[-71.2846922,46.7087689],[-71.2849791,46.7092775],[-71.284909,46.7096264],[-71.2849421,46.7102164],[-71.2848146,46.7104723],[-71.2841626,46.7112815],[-71.2836792,46.7116201],[-71.2833996,46.7120987],[-71.283859,46.7133354],[-71.2838093,46.713466],[-71.2840637,46.7136216],[-71.284263,46.7139595],[-71.2841577,46.7140202],[-71.2842685,46.7142456],[-71.2840191,46.7143201],[-71.2838148,46.7145337],[-71.2836316,46.7150924],[-71.2836905,46.7154139],[-71.2835633,46.7155866],[-71.2836165,46.715672],[-71.2856757,46.7165895],[-71.285727,46.7165088],[-71.2856264,46.7162327],[-71.2849956,46.7155648],[-71.2852973,46.7154586],[-71.2860254,46.7164241],[-71.2861875,46.7169353],[-71.2865888,46.7172496],[-71.2868696,46.7178323],[-71.2871513,46.7180707],[-71.2880234,46.7182761],[-71.2882175,46.7185202],[-71.2883057,46.7188788],[-71.288289,46.7191039],[-71.2881731,46.7192833],[-71.2877939,46.7195832],[-71.2868051,46.7200253],[-71.2866378,46.7203439],[-71.2865818,46.7207116],[-71.2867792,46.7211457],[-71.2867333,46.7213679],[-71.2867954,46.7217838],[-71.2872031,46.7223192],[-71.2869983,46.7230684],[-71.2866391,46.7234732],[-71.2866098,46.7236471],[-71.2867326,46.7238715],[-71.2864504,46.7242454],[-71.2863215,46.7247657],[-71.2863284,46.7251694],[-71.2866225,46.7262915],[-71.2867626,46.7263388],[-71.286886,46.7266112],[-71.2872408,46.7269171],[-71.2875615,46.7274052],[-71.2877002,46.7281889],[-71.2880509,46.7287712],[-71.2879594,46.7298375],[-71.2879106,46.7299966],[-71.2871079,46.7305271],[-71.2868393,46.7308281],[-71.2866394,46.7308126],[-71.2861189,46.7311894],[-71.2857385,46.7316134],[-71.2852616,46.7317913],[-71.2851593,46.7318978],[-71.2851499,46.7321345],[-71.2849788,46.7323373],[-71.2848645,46.7326606],[-71.2854077,46.7328067],[-71.2858491,46.7331072],[-71.2858995,46.7333121],[-71.2857474,46.7334817],[-71.2857558,46.7338094],[-71.2854583,46.7341121],[-71.2840038,46.7349075],[-71.2834791,46.7357808],[-71.2827403,46.7364433],[-71.2814939,46.7369215],[-71.2799598,46.7372936],[-71.279193,46.7373936],[-71.2771892,46.7379551],[-71.2767704,46.7381774],[-71.2756005,46.7383986],[-71.2750494,46.7386331],[-71.2747964,46.738833],[-71.2746285,46.7391037],[-71.275938,46.7395421],[-71.2768744,46.7401959],[-71.2770801,46.7405192],[-71.2770838,46.7408552],[-71.2772197,46.7408064],[-71.2776081,46.7412761],[-71.2775499,46.7416505],[-71.2775998,46.7418074],[-71.2777693,46.7419009],[-71.2785283,46.7419615],[-71.2789352,46.7421762],[-71.2798007,46.7422941],[-71.2804311,46.7425311],[-71.2814395,46.7424478],[-71.2822657,46.7424881],[-71.2832384,46.7431516],[-71.2833387,46.7432934],[-71.2836789,46.7433562],[-71.2846846,46.7433013],[-71.2863208,46.743435],[-71.287349,46.7432425],[-71.2872014,46.7429636],[-71.287362,46.7429015],[-71.2876157,46.7431898],[-71.2886166,46.742923],[-71.2893209,46.7426147],[-71.2897392,46.7425645],[-71.2899423,46.7424277],[-71.2899995,46.742156],[-71.2905773,46.7419477],[-71.2934482,46.7412075],[-71.2942936,46.7408223],[-71.2959212,46.7406282],[-71.296175,46.7403041],[-71.2964668,46.7401337],[-71.2971428,46.7400953],[-71.2981011,46.7399031],[-71.3000334,46.7394177],[-71.3080485,46.7364329],[-71.3090408,46.7362785],[-71.3095311,46.7364197],[-71.3101282,46.7362261],[-71.311931,46.7362128],[-71.3124494,46.7360841],[-71.3131422,46.7360406],[-71.3155783,46.7348387],[-71.3170914,46.7343552],[-71.317623,46.7343258],[-71.3178866,46.7344252],[-71.3180417,46.7347156],[-71.3183942,46.7346094],[-71.318621,46.7346511],[-71.3195242,46.73409],[-71.320074,46.7339793],[-71.3207061,46.7336994],[-71.3207238,46.7335702],[-71.322443,46.7330176],[-71.3238241,46.7323743],[-71.3246286,46.7324276],[-71.3254188,46.7322858],[-71.3263335,46.7318999],[-71.3275764,46.7311812],[-71.3282013,46.7311097],[-71.3286257,46.7309749],[-71.3293751,46.7310517],[-71.3302463,46.7306445],[-71.3309404,46.7305247],[-71.3311815,46.7303694],[-71.3312143,46.729699],[-71.3314372,46.7292326],[-71.3317338,46.7288817],[-71.332225,46.7285066],[-71.3331732,46.7281105],[-71.3335357,46.7280356],[-71.3338066,46.7281466],[-71.3341811,46.7280749],[-71.3345389,46.7276161],[-71.3356655,46.7268565],[-71.3364449,46.7266352],[-71.3371201,46.7261563],[-71.3371625,46.7260816],[-71.3368656,46.7258202],[-71.3368156,46.7256633],[-71.3368244,46.7252065],[-71.3369922,46.7247636],[-71.3375465,46.7238602],[-71.3378086,46.7236435],[-71.3383921,46.7233505],[-71.338448,46.7232029],[-71.3383986,46.7230939],[-71.3381545,46.7230093],[-71.3371725,46.7228032],[-71.3370309,46.72244],[-71.3368533,46.7222871],[-71.3376365,46.7221816],[-71.3378667,46.7217268],[-71.3386401,46.7210256],[-71.339785,46.7204049],[-71.3401615,46.7203051],[-71.3407869,46.7202816],[-71.341273,46.720479],[-71.3413867,46.7207199],[-71.3415937,46.7209189],[-71.3419378,46.7209252],[-71.3424704,46.7205993],[-71.3427983,46.7202664],[-71.343795,46.719539],[-71.3450032,46.7191744],[-71.3458815,46.7186066],[-71.3465474,46.7183643],[-71.3470499,46.7183365],[-71.3474141,46.7184055],[-71.347454,46.7187032],[-71.3475968,46.7187702],[-71.3481417,46.7186676],[-71.3488075,46.7184254],[-71.349288,46.7183629],[-71.3502123,46.7180082],[-71.3507805,46.7180363],[-71.351441,46.7177543],[-71.351617,46.7175911],[-71.3521774,46.7173875],[-71.3530623,46.7173474],[-71.3546389,46.7168233],[-71.3562573,46.7160043],[-71.3564183,46.7159901],[-71.3564987,46.7160691],[-71.3565474,46.7163021],[-71.3567205,46.7162911],[-71.3585009,46.715726],[-71.3592299,46.7153475],[-71.3599351,46.7151827],[-71.360875,46.7145548],[-71.3624272,46.7140241],[-71.3631727,46.7138127],[-71.3643695,46.7137127],[-71.3653883,46.7132398],[-71.3665262,46.7130474],[-71.3677474,46.7126097],[-71.3716314,46.7125029],[-71.372227,46.7126051],[-71.3727053,46.7125707],[-71.3734622,46.7123144],[-71.3764457,46.7116124],[-71.3770899,46.7113833],[-71.379268,46.7112687],[-71.3804142,46.7104473],[-71.3817622,46.7097851],[-71.3819521,46.7095969],[-71.3819704,46.7093436],[-71.3817464,46.7091498],[-71.382432,46.7091422],[-71.3837799,46.70848],[-71.3853906,46.7078691],[-71.3860653,46.7079541],[-71.3864311,46.7076027],[-71.3871067,46.7072194],[-71.3885005,46.7069424],[-71.3898111,46.7069109],[-71.3904229,46.7067878],[-71.3929076,46.7057128],[-71.3941028,46.7055165],[-71.3955658,46.7048468],[-71.3964981,46.7045991],[-71.3996604,46.7043651],[-71.4003136,46.7044635],[-71.4006891,46.7046596],[-71.4012585,46.7046112],[-71.4027883,46.7047815],[-71.4053785,46.7042317],[-71.4068721,46.7040481],[-71.4086453,46.7035665],[-71.4101543,46.7034539],[-71.4117411,46.7037445],[-71.4139906,46.704461],[-71.4152447,46.7040124],[-71.4161286,46.7039238],[-71.4176349,46.7039633],[-71.4183578,46.7037169],[-71.4204046,46.7033656],[-71.4231643,46.7032526],[-71.4239087,46.7029927],[-71.4249038,46.7027808],[-71.4257253,46.7027041],[-71.4283543,46.7026994],[-71.430267,46.7029047],[-71.4399303,46.7028199],[-71.4414696,46.702973],[-71.4420928,46.703149],[-71.4432692,46.7033295],[-71.4450176,46.703309],[-71.4468066,46.7029456],[-71.4480106,46.7023878],[-71.4486174,46.7022726],[-71.4489184,46.7021332],[-71.4492266,46.7018331],[-71.4509271,46.700863],[-71.4513652,46.7004065],[-71.4525426,46.6995262],[-71.4537565,46.6989996],[-71.4546642,46.698745],[-71.4558671,46.6986073],[-71.4563439,46.6986486],[-71.4568051,46.6984468],[-71.4575926,46.6986761],[-71.4614667,46.6988023],[-71.4621144,46.6986884],[-71.4638061,46.6985951],[-71.4650632,46.6983858],[-71.4656532,46.6982757],[-71.4666887,46.6978926],[-71.4674948,46.6979165],[-71.4680961,46.6977616],[-71.4689322,46.6977075],[-71.470465,46.6971321],[-71.4717951,46.6965217],[-71.4726832,46.6962522],[-71.4729166,46.6962571],[-71.4731623,46.6964373],[-71.473611,46.6965283],[-71.4739111,46.6963408],[-71.4738756,46.6959108],[-71.4754088,46.6952113],[-71.477188,46.6945678],[-71.4789702,46.6941161],[-71.480853,46.6941022],[-71.4837261,46.6932917],[-71.485168,46.6930741],[-71.4863788,46.6929956],[-71.4872849,46.6928167],[-71.4887096,46.6927283],[-71.4889223,46.6927946],[-71.4890324,46.6929195],[-71.4892444,46.6929378],[-71.4894232,46.6928421],[-71.4896127,46.6923575],[-71.4898462,46.6920662],[-71.4909412,46.6910586],[-71.492061,46.6904015],[-71.4921043,46.6902506],[-71.4924008,46.6899952],[-71.4931033,46.6895614],[-71.4949546,46.6886407],[-71.4982139,46.6875124],[-71.4994577,46.6872514],[-71.5003411,46.687162],[-71.501917,46.6873717],[-71.5032728,46.6877999],[-71.5035482,46.6880261],[-71.5036467,46.6883199],[-71.5033861,46.6887091],[-71.5036591,46.6887914],[-71.5055398,46.687028],[-71.5064244,46.6865662],[-71.5088961,46.6856768],[-71.5085767,46.6855535],[-71.5092595,46.6851048],[-71.5094079,46.6849151],[-71.509825,46.6846918],[-71.5101681,46.6843533],[-71.5114997,46.6835901],[-71.5129184,46.6825731],[-71.5148177,46.681837],[-71.515118,46.6818214],[-71.5201386,46.6793848],[-71.522769,46.6786808],[-71.5235563,46.6783172],[-71.5241497,46.6781504],[-71.5257361,46.6778467],[-71.5264701,46.6776027],[-71.5278708,46.6768388],[-71.5287247,46.6765788],[-71.529919,46.6765528],[-71.5319444,46.6760602],[-71.5327197,46.6759895],[-71.5362724,46.6749767],[-71.5379449,46.6739507],[-71.5412246,46.6723112],[-71.5443367,46.6711428],[-71.5459361,46.6706418],[-71.5464989,46.6703807],[-71.5475114,46.6701343],[-71.5500418,46.6692599],[-71.5521989,46.6686302],[-71.5531679,46.6682384],[-71.5571382,46.6673935],[-71.5588724,46.6671955],[-71.5593105,46.6669586],[-71.5611352,46.6665746],[-71.5637889,46.6665923],[-71.565035,46.6665224],[-71.5675069,46.6663199],[-71.5695477,46.6660695],[-71.5702226,46.6659051],[-71.5716555,46.6657988],[-71.5729052,46.6657966],[-71.575723,46.6659913],[-71.5768841,46.6661469],[-71.5786097,46.6666817],[-71.5802668,46.6670167],[-71.582502,46.6672857],[-71.5833196,46.6673118],[-71.5834045,46.6670861],[-71.583963,46.6663368],[-71.5845807,46.6658037],[-71.5852094,46.66535],[-71.5861559,46.6649233],[-71.5873847,46.664562],[-71.5897032,46.6642609],[-71.5952241,46.6624513],[-71.5986473,46.6619849],[-71.599547,46.6616413],[-71.6012129,46.6606225],[-71.6025696,46.659388],[-71.6027288,46.6590292],[-71.6033971,46.6586528],[-71.6042975,46.6574405],[-71.6049333,46.6569981],[-71.6054026,46.656779],[-71.6062034,46.6566859],[-71.6063772,46.6565984],[-71.6065549,46.6563304],[-71.6071997,46.6562437],[-71.6077917,46.656945],[-71.6076941,46.6569955],[-71.6078194,46.6571433],[-71.6080917,46.6570532],[-71.6073205,46.6561517],[-71.6074825,46.6556886],[-71.6087887,46.6544694],[-71.6095852,46.6538883],[-71.6116064,46.6527538],[-71.6130441,46.6517699],[-71.6153904,46.6504256],[-71.6172541,46.6496216],[-71.6189279,46.6493304],[-71.6192346,46.6490299],[-71.6192413,46.6487453],[-71.6189127,46.6483909],[-71.6175672,46.6479958],[-71.6174019,46.6478947],[-71.6174298,46.6478448],[-71.6180242,46.6478975],[-71.6200001,46.648727],[-71.62085,46.6486946],[-71.6218699,46.6483827],[-71.6225072,46.6480362],[-71.6228883,46.6476027],[-71.6238638,46.6469735],[-71.6239827,46.6467855],[-71.6245773,46.6463418],[-71.6259042,46.6449848],[-71.6272373,46.6439637],[-71.6293633,46.6430859],[-71.631052,46.641949],[-71.6322036,46.6415002],[-71.6325797,46.6414472],[-71.6336449,46.6415004],[-71.6356229,46.6410606],[-71.6357706,46.6408707],[-71.6377711,46.6395968],[-71.6398428,46.6387905],[-71.6412896,46.6380857],[-71.6423101,46.6376976],[-71.6436871,46.6373657],[-71.6460707,46.6370427],[-71.6464718,46.6369199],[-71.647612,46.6368879],[-71.6491942,46.636238],[-71.6518497,46.6357007],[-71.6526491,46.6356833],[-71.6536045,46.6357837],[-71.6546556,46.6357375],[-71.6548747,46.6356428],[-71.6551875,46.6353058],[-71.6554512,46.6351561],[-71.6560686,46.6350428],[-71.6584938,46.6348928],[-71.6584965,46.6346645],[-71.6587081,46.6344342],[-71.6604283,46.6337349],[-71.6614709,46.6335052],[-71.6625488,46.6333611],[-71.6649989,46.6332653],[-71.6694753,46.6338584],[-71.6704111,46.6338198],[-71.6728554,46.6331878],[-71.6751583,46.6323371],[-71.6802747,46.6309616],[-71.683934,46.63046],[-71.6856214,46.6300666],[-71.6889102,46.6295337],[-71.6897689,46.629484],[-71.6912364,46.6292614],[-71.6921099,46.6292347],[-71.6941186,46.6289356],[-71.6957459,46.6288983],[-71.6964133,46.6287694],[-71.6974717,46.6288583],[-71.6985541,46.6288296],[-71.7005905,46.629177],[-71.7018889,46.6289095],[-71.7027003,46.6288949],[-71.7038994,46.6287061],[-71.7050427,46.628369],[-71.7060905,46.6281784],[-71.7078639,46.6283511],[-71.7082426,46.6283176],[-71.7090397,46.6280798],[-71.7094092,46.6280629],[-71.7110321,46.6281577],[-71.7125795,46.6280895],[-71.7136492,46.6282575],[-71.7152357,46.6282186],[-71.7191685,46.6278452],[-71.7203521,46.6278334],[-71.723221,46.628028],[-71.7245269,46.6278958],[-71.7263196,46.6279589],[-71.7271954,46.6281519],[-71.7288891,46.628866],[-71.7308276,46.6284428],[-71.7316881,46.6283646],[-71.7323114,46.6280903],[-71.7338469,46.6281425],[-71.7351061,46.6278452],[-71.7375596,46.6278153],[-71.7405832,46.6273825],[-71.7412804,46.6274233],[-71.7422223,46.6276718],[-71.7427867,46.6276776],[-71.7440688,46.6281111],[-71.7444992,46.6283581],[-71.745585,46.6285968],[-71.7458208,46.6286208],[-71.7474576,46.6282417],[-71.7481826,46.6282326],[-71.7507443,46.6292037],[-71.7512298,46.6295511],[-71.7517482,46.6300884],[-71.7516848,46.6303769],[-71.7508729,46.6316889],[-71.7511624,46.6324138],[-71.7511872,46.6326683],[-71.751029,46.6329032],[-71.7510915,46.6330151],[-71.7512204,46.6329823],[-71.7513598,46.6326566],[-71.7511911,46.6319635],[-71.7512022,46.6315945],[-71.7520589,46.6303515],[-71.7523787,46.6301497],[-71.7530526,46.630108],[-71.7535898,46.6299634],[-71.754533,46.6299355],[-71.7550144,46.6297667],[-71.7551232,46.6294711],[-71.7553215,46.6293135],[-71.7560931,46.629021],[-71.7572153,46.6289448],[-71.757961,46.628674],[-71.7605909,46.6282512],[-71.7607038,46.6281475],[-71.7622206,46.6281085],[-71.7626892,46.6280126],[-71.7633243,46.6280655],[-71.764141,46.627966],[-71.7668854,46.6283839],[-71.7683986,46.628401],[-71.7692579,46.6285988],[-71.7708181,46.6287809],[-71.7723974,46.6291778],[-71.774894,46.6295683],[-71.7767185,46.6299725],[-71.7774717,46.6300373],[-71.7788394,46.6304165],[-71.7792373,46.6305975],[-71.7798039,46.6306991],[-71.7820458,46.6318233],[-71.7829127,46.6320324],[-71.7834531,46.6323559],[-71.7838994,46.6328739],[-71.7841478,46.6330251],[-71.7853792,46.6331013],[-71.7861051,46.63334],[-71.786496,46.6336336],[-71.7867498,46.6340246],[-71.7873545,46.6341075],[-71.7878104,46.6344087],[-71.7884496,46.6345292],[-71.7885548,46.6346141],[-71.788915,46.6346135],[-71.7895366,46.6341668],[-71.7905729,46.6342202],[-71.7915934,46.6345268],[-71.7918653,46.6347605],[-71.7921535,46.6348649],[-71.7928981,46.6348701],[-71.7932996,46.6349948],[-71.7940968,46.6348803],[-71.7949232,46.634888],[-71.7954886,46.6351416],[-71.7960674,46.6352462],[-71.7965746,46.6355798],[-71.797013,46.635638],[-71.7975554,46.6359332],[-71.7982084,46.6365531],[-71.7985592,46.6367694],[-71.7991903,46.6369544],[-71.7998647,46.6370365],[-71.8001556,46.6373609],[-71.8002795,46.6377367],[-71.8006958,46.6380846],[-71.8007755,46.6383154],[-71.800933,46.6384807],[-71.8025965,46.638327],[-71.8029831,46.6384287],[-71.8041167,46.6391558],[-71.8052585,46.6392939],[-71.8061676,46.639552],[-71.8071996,46.6394134],[-71.808332,46.6390436],[-71.8086515,46.6390418],[-71.8091906,46.639193],[-71.8100746,46.6399212],[-71.81032,46.6402527],[-71.8111165,46.6404144],[-71.8116721,46.6407607],[-71.8118941,46.6410097],[-71.8119663,46.6414292],[-71.812235,46.6415189],[-71.8123925,46.6416842],[-71.8135334,46.643748],[-71.8141327,46.6450402],[-71.8151278,46.6451682],[-71.8159932,46.6456054],[-71.8165549,46.6457911],[-71.8176026,46.646524],[-71.8185559,46.6473275],[-71.8189983,46.6485784],[-71.8196907,46.6487031],[-71.8200127,46.6493216],[-71.820253,46.6495834],[-71.8205721,46.6503362],[-71.8211087,46.6511923],[-71.8213619,46.6513351],[-71.8218685,46.6514205],[-71.822421,46.6516228],[-71.8232831,46.6521162],[-71.8234638,46.6522399],[-71.8238061,46.652797],[-71.8244294,46.6530466],[-71.8253819,46.6536018],[-71.8258243,46.6543282],[-71.8262634,46.6547105],[-71.8265052,46.654774],[-71.8273653,46.654771],[-71.827816,46.6550323],[-71.8284567,46.6552006],[-71.8289235,46.6555329],[-71.8296613,46.656251],[-71.830154,46.6565615],[-71.8304494,46.6565532],[-71.8309294,46.6569367],[-71.8313376,46.6570248],[-71.8318717,46.6576608],[-71.8327358,46.6579258],[-71.8328969,46.658235],[-71.8334076,46.6583881],[-71.833545,46.6590153],[-71.833766,46.6592164],[-71.8341092,46.6592969],[-71.834685,46.6592573],[-71.8354178,46.6596594],[-71.8357206,46.6600631],[-71.8357298,46.6602466],[-71.8359047,46.6605309],[-71.8363854,46.6610384],[-71.8365811,46.6613853],[-71.8368384,46.6615959],[-71.837637,46.6617292],[-71.8380734,46.6622918],[-71.8383969,46.6625579],[-71.8394472,46.6630623],[-71.8402044,46.6632705],[-71.8412396,46.6639521],[-71.8426636,46.6651074],[-71.8436379,46.665649],[-71.8443485,46.666417],[-71.8443611,46.6665443],[-71.8446012,46.6668361],[-71.8446346,46.6672262],[-71.8447423,46.667407],[-71.8452105,46.6677872],[-71.8459861,46.6691634],[-71.8462107,46.6693081],[-71.8466411,46.6702986],[-71.8466098,46.6704138],[-71.8468327,46.6703865],[-71.8471469,46.6698586],[-71.8475819,46.6695057],[-71.8486098,46.6690779],[-71.8503286,46.6678233],[-71.8512805,46.6673293],[-71.8515385,46.6672635],[-71.8539758,46.6672638],[-71.8567394,46.666749],[-71.8600641,46.666772],[-71.8609026,46.6666582],[-71.8637121,46.6658597],[-71.8648027,46.6656402],[-71.8670449,46.6649409],[-71.868793,46.6642836],[-71.8693415,46.6638172],[-71.8697791,46.6636268],[-71.8704344,46.6634935],[-71.8717458,46.6628743],[-71.8730034,46.6617263],[-71.8738968,46.6611119],[-71.8749945,46.6605035],[-71.875428,46.6604455],[-71.8756251,46.6606401],[-71.8758128,46.6606511],[-71.877305,46.6592785],[-71.8788053,46.6580416],[-71.8794082,46.6573512],[-71.8801821,46.6566769],[-71.8805896,46.6564405],[-71.8819435,46.6553177],[-71.8822489,46.6549402],[-71.8836552,46.6538978],[-71.8850967,46.6530172],[-71.8868852,46.6520845],[-71.8882095,46.6510397],[-71.8890743,46.6505513],[-71.8904464,46.6495953],[-71.8916104,46.648966],[-71.8924011,46.648687],[-71.8930747,46.6482439],[-71.8932673,46.6479702],[-71.8932867,46.6477847],[-71.8938748,46.6465186],[-71.8941559,46.6461347],[-71.8947303,46.6448937],[-71.8961121,46.643092],[-71.8968221,46.6423821],[-71.897514,46.6419056],[-71.8977382,46.6416498],[-71.8979583,46.6413262],[-71.897992,46.6405631],[-71.8986364,46.6403982],[-71.8989861,46.6401657],[-71.8997949,46.6393768],[-71.9002232,46.6374972],[-71.9006326,46.6371565],[-71.9008618,46.6363397],[-71.9021832,46.6349226],[-71.902637,46.6342505],[-71.9031268,46.6338641],[-71.9036362,46.6330159],[-71.9043607,46.6321287],[-71.9065457,46.6300229],[-71.906985,46.6297281],[-71.907613,46.6294922],[-71.908672,46.628826],[-71.9091696,46.6283749],[-71.9095506,46.6284365],[-71.9098521,46.6283915],[-71.9100928,46.6281306],[-71.9111205,46.6273704],[-71.9116254,46.6267307],[-71.9124028,46.6260479],[-71.915448,46.6239861],[-71.9168277,46.6232895],[-71.9198353,46.622123],[-71.9212543,46.6219321],[-71.9225105,46.6211078],[-71.9233147,46.6207274],[-71.9258871,46.6201997],[-71.927033,46.6198515],[-71.9276558,46.6194237],[-71.9280715,46.6192465],[-71.9300755,46.6188464],[-71.9314985,46.6187231],[-71.9326435,46.618527],[-71.9339081,46.6180383],[-71.9358262,46.6178443],[-71.9373379,46.6178107],[-71.9380852,46.6175583],[-71.9394986,46.6172513],[-71.9406222,46.6167924],[-71.9416808,46.6166023],[-71.9430845,46.6161117],[-71.9444298,46.6155011],[-71.948035,46.614376],[-71.9486577,46.6142243],[-71.9489798,46.6142418],[-71.9518598,46.6134795],[-71.952964,46.6129297],[-71.9534373,46.6123961],[-71.953721,46.6122321],[-71.9548165,46.611899],[-71.9559778,46.6114213],[-71.9572349,46.6111209],[-71.9577613,46.6111441],[-71.9580401,46.6113408],[-71.9581768,46.6112431],[-71.9579567,46.6110904],[-71.9580816,46.6109134],[-71.9593283,46.6114867],[-71.9593642,46.6115722],[-71.9596314,46.6116896],[-71.9597936,46.6119225],[-71.9599507,46.6119635],[-71.960204,46.6118297],[-71.9583963,46.6109194],[-71.9589728,46.6102984],[-71.9601875,46.6093964],[-71.9615569,46.6087158],[-71.9615667,46.6082706],[-71.9620254,46.6081904],[-71.9619053,46.6080067],[-71.9619799,46.6079213],[-71.9631208,46.6072287],[-71.9638191,46.6070395],[-71.965132,46.6061346],[-71.9663347,46.6051533],[-71.9683818,46.6031637],[-71.971294,46.6011334],[-71.9714771,46.6008002],[-71.9717052,46.5999073],[-71.9729973,46.5985112],[-71.974104,46.5976287],[-71.9754561,46.5959721],[-71.977696,46.5939568],[-71.9780862,46.5932967],[-71.9782257,46.5932189],[-71.9783433,46.5929543],[-71.978866,46.5924051],[-71.9793244,46.5916962],[-71.9795779,46.5914862],[-71.9797759,46.5911759],[-71.9805657,46.590744],[-71.9810433,46.5901258],[-71.9817968,46.5896844],[-71.9822995,46.5891966],[-71.9838962,46.5881753],[-71.9843714,46.5877375],[-71.9861989,46.586824],[-71.9871388,46.585917],[-71.9881433,46.5854459],[-71.989213,46.5845537],[-71.9908467,46.5840181],[-71.9911578,46.583728],[-71.9915258,46.5835859],[-71.9929083,46.5823754],[-71.993446,46.5821252],[-71.9939678,46.5817281],[-71.994214,46.5814305],[-71.9948565,46.5810649],[-71.995245,46.5807091],[-71.9966488,46.5797613],[-71.9975263,46.5788666],[-71.9982203,46.5777526],[-71.9982423,46.5768062],[-71.9977394,46.5759609],[-71.9973989,46.5757007],[-71.9949912,46.5745774],[-71.9938786,46.5735349],[-71.993339,46.5731847],[-71.9929208,46.573066],[-71.9937006,46.5723745],[-71.9950537,46.5726513],[-71.9974358,46.5736417],[-71.9985279,46.5739195],[-71.9992294,46.5738739],[-71.999471,46.5739369],[-71.9998131,46.574169],[-72.0003838,46.5743369],[-72.0005078,46.5743121],[-72.0004207,46.5741942],[-71.9989714,46.5733877],[-71.9983515,46.5730831],[-71.9971576,46.572667],[-71.9971596,46.5725627],[-71.9974364,46.5725112],[-71.9977426,46.5726577],[-71.9988826,46.5729456],[-71.9995038,46.5729457],[-72.0004886,46.5727361],[-72.0019388,46.5721812],[-72.0037126,46.5731008],[-72.0036095,46.5731882],[-72.0037616,46.5733136],[-72.0039996,46.5731566],[-72.0021507,46.5721222],[-72.0024565,46.5719925],[-72.0029705,46.5715839],[-72.0035155,46.5709929],[-72.0040748,46.5702247],[-72.0040724,46.5697004],[-72.004558,46.56957],[-72.0049399,46.5693268],[-72.0057634,46.5682277],[-72.0084206,46.5662262],[-72.013409,46.5634711],[-72.0148092,46.5628556],[-72.0178839,46.5617531],[-72.0184539,46.5616446],[-72.0197747,46.5611987],[-72.0218272,46.560677],[-72.0234171,46.5601679],[-72.0251272,46.5598425],[-72.0290498,46.5594081],[-72.0317563,46.5588757],[-72.0346068,46.5581809],[-72.0364069,46.5575646],[-72.0378441,46.5579389],[-72.0383358,46.5582002],[-72.0427,46.5594795],[-72.0432342,46.5597137],[-72.0448889,46.5601445],[-72.0456419,46.5604833],[-72.046765,46.5608519],[-72.047304,46.5610017],[-72.04905,46.5612658],[-72.0516219,46.5612308],[-72.0539543,46.5609526],[-72.056245,46.5609776],[-72.0576187,46.5603833],[-72.0594967,46.5599011],[-72.061812,46.5597801],[-72.0626185,46.5598947],[-72.0642339,46.5604481],[-72.0658128,46.5604876],[-72.0662643,46.5605955],[-72.0679736,46.5604975],[-72.0684429,46.5607243],[-72.0695246,46.5608152],[-72.0708308,46.5605458],[-72.0723841,46.5599504],[-72.0747579,46.5587118],[-72.0756178,46.5580217],[-72.0765167,46.557437],[-72.0779717,46.5567684],[-72.078894,46.5564943],[-72.0798266,46.5563275],[-72.080629,46.5562981],[-72.0818706,46.5564495],[-72.0827449,46.5566673],[-72.0863158,46.5571004],[-72.0870527,46.5572919],[-72.0908424,46.5579053],[-72.0946054,46.5583404],[-72.0975882,46.5590675],[-72.1009217,46.5597333],[-72.1024002,46.5601838],[-72.1026825,46.5603237],[-72.1031381,46.5607274],[-72.1041631,46.5605085],[-72.1049985,46.5605538],[-72.1054109,46.5606324],[-72.1059619,46.5609371],[-72.1060693,46.5609174],[-72.1058334,46.5609704],[-72.1058197,46.5610715],[-72.1062397,46.5610854],[-72.106278,46.5607623],[-72.1063961,46.5606217],[-72.1082028,46.5604649],[-72.1082752,46.5602886],[-72.109372,46.5602238],[-72.1114623,46.5598814],[-72.1130255,46.5593927],[-72.1144015,46.5587412],[-72.1159435,46.5581899],[-72.1164487,46.5577691],[-72.1174829,46.5573144],[-72.1184049,46.5570398],[-72.1199176,46.5568709],[-72.1215274,46.5563467],[-72.1222831,46.5562002],[-72.1230159,46.5561715],[-72.1243579,46.5559107],[-72.1258784,46.5554488],[-72.1268386,46.554775],[-72.1274852,46.5535633],[-72.1283902,46.5522568],[-72.1290554,46.5518205],[-72.1298021,46.5514623],[-72.1314283,46.5509327],[-72.1325347,46.5504205],[-72.1338206,46.5500595],[-72.1350901,46.5495515],[-72.1363748,46.5489143],[-72.1365186,46.5486757],[-72.1366531,46.5486059],[-72.1389138,46.5477461],[-72.140186,46.5474861],[-72.1411018,46.5470195],[-72.1422305,46.5466938],[-72.1437295,46.5460169],[-72.1444079,46.5457837],[-72.145127,46.5457038],[-72.1459989,46.5452924],[-72.1478285,46.5447678],[-72.1494086,46.5446256],[-72.1504133,46.5443247],[-72.1516024,46.5437862],[-72.1525587,46.5434728],[-72.1535786,46.5429666],[-72.1566217,46.5408445],[-72.1598059,46.5401855],[-72.1634327,46.5389658],[-72.1648163,46.538373],[-72.1654296,46.5379042],[-72.1666065,46.5367538],[-72.1670778,46.5364193],[-72.1682408,46.5358265],[-72.169422,46.5348199],[-72.1699206,46.5338267],[-72.1700234,46.533511],[-72.1700522,46.5329003],[-72.1704827,46.5322604],[-72.1711926,46.5314361],[-72.1717981,46.5314122],[-72.1721047,46.5312538],[-72.1728403,46.5301034],[-72.173088,46.5295208],[-72.1740032,46.5282932],[-72.1748217,46.5274971],[-72.1755601,46.526975],[-72.1776891,46.5251107],[-72.1780379,46.5249252],[-72.1790117,46.5241218],[-72.1800837,46.5233913],[-72.1806453,46.5231182],[-72.1816743,46.522215],[-72.1824796,46.5217197],[-72.1846442,46.5190278],[-72.185654,46.5181576],[-72.1863273,46.5177803],[-72.1868555,46.5173655],[-72.1869748,46.5171967],[-72.1872705,46.5161702],[-72.1882198,46.5152083],[-72.1884522,46.5151353],[-72.189228,46.5145944],[-72.1909486,46.5137845],[-72.1912957,46.5135511],[-72.193644,46.5125233],[-72.1941013,46.5124419],[-72.1948258,46.5121729],[-72.1957251,46.5113787],[-72.1974212,46.5104864],[-72.2006295,46.5093958],[-72.2024027,46.5089702],[-72.2038905,46.5083852],[-72.2052032,46.5077169],[-72.2058324,46.5075469],[-72.2058606,46.507762],[-72.2061782,46.5077979],[-72.2064241,46.5075478],[-72.2060316,46.5073714],[-72.2065565,46.5069736],[-72.2070195,46.5064753],[-72.2071989,46.50617],[-72.2072076,46.5055447],[-72.2066335,46.5044456],[-72.2064215,46.503364],[-72.2061151,46.5031421],[-72.2058265,46.5025826],[-72.2057127,46.501574],[-72.2058332,46.5012249],[-72.2062901,46.500611],[-72.2063865,46.5003317],[-72.206314,46.5],[-72.206448,46.4996346],[-72.2064414,46.4988343],[-72.2065211,46.498332],[-72.2066477,46.4980225],[-72.2066971,46.4974744],[-72.2069533,46.4968752],[-72.2070449,46.4962239],[-72.2073267,46.4956028],[-72.207907,46.4946596],[-72.2090137,46.493634],[-72.2091645,46.4934068],[-72.2092893,46.4928972],[-72.2098396,46.4922124],[-72.2105799,46.4916339],[-72.2109312,46.4912399],[-72.2117646,46.490058],[-72.2118609,46.4897027],[-72.2123582,46.4890138],[-72.2126369,46.4884489],[-72.2132517,46.4875432],[-72.2133797,46.4872056],[-72.213399,46.4868398],[-72.2136007,46.4862646],[-72.2135747,46.4858301],[-72.2138331,46.484414],[-72.214211,46.4835136],[-72.2142873,46.4827634],[-72.214429,46.4825529],[-72.214766,46.4814994],[-72.2151729,46.4810533],[-72.2151711,46.4807011],[-72.2155355,46.4799779],[-72.2158862,46.4790514],[-72.2160004,46.4785106],[-72.2162383,46.4780969],[-72.2164771,46.4768944],[-72.2172743,46.4743821],[-72.2177862,46.4733358],[-72.2181598,46.4729001],[-72.2185739,46.4722373],[-72.2187198,46.4717903],[-72.2189232,46.4715672],[-72.2189889,46.4707858],[-72.2192944,46.4700949],[-72.2197059,46.4699447],[-72.2196934,46.4694852],[-72.2198665,46.4691403],[-72.2198843,46.4688027],[-72.2198675,46.4685798],[-72.2196246,46.4684694],[-72.2197456,46.4671795],[-72.2203174,46.4659207],[-72.2209696,46.4651484],[-72.2215361,46.4646866],[-72.2215751,46.4645636],[-72.2215522,46.464225],[-72.2213137,46.4638782],[-72.2211562,46.4632292],[-72.2209131,46.4627386],[-72.2209248,46.4623614],[-72.2213125,46.461036],[-72.2215463,46.4596138],[-72.2217193,46.4591928],[-72.2217745,46.4586084],[-72.2225387,46.4568671],[-72.2227067,46.4559981],[-72.2229277,46.4554375],[-72.2229707,46.4546978],[-72.2233484,46.4540257],[-72.2233994,46.4522046],[-72.223604,46.4518774],[-72.2240031,46.4514959],[-72.2243039,46.4508894],[-72.2245734,46.4505694],[-72.2246168,46.450286],[-72.2249584,46.4497567],[-72.2252777,46.4494971],[-72.225374,46.4492939],[-72.2254424,46.4483802],[-72.2262748,46.4474266],[-72.2267311,46.4470409],[-72.2270786,46.446475],[-72.2280885,46.4451681],[-72.2283215,46.4446867],[-72.2294991,46.4438318],[-72.2312274,46.442264],[-72.23145,46.4419795],[-72.2316755,46.4414866],[-72.2319286,46.4414],[-72.2324552,46.4406809],[-72.2329446,46.4404369],[-72.2339871,46.4402123],[-72.234335,46.4400267],[-72.2346719,46.4395056],[-72.2345465,46.4392546],[-72.2342403,46.4390329],[-72.2338378,46.4388623],[-72.2329999,46.4388357],[-72.2327931,46.4385066],[-72.2346057,46.4383576],[-72.2353859,46.4380842],[-72.2354983,46.4376477],[-72.2356893,46.4373454],[-72.2357593,46.4367078],[-72.2354921,46.4362871],[-72.2348994,46.4358583],[-72.2348143,46.4353042],[-72.2345819,46.434997],[-72.234018,46.4346421],[-72.2327507,46.434571],[-72.2326223,46.4343002],[-72.2326189,46.4339762],[-72.2327932,46.4335271],[-72.2335828,46.4323724],[-72.2346592,46.4304842],[-72.2355556,46.4293097],[-72.2363319,46.4284842],[-72.2369761,46.4280046],[-72.2383902,46.4265078],[-72.2399359,46.4254537],[-72.2416992,46.4238952],[-72.2425691,46.423379],[-72.2439821,46.4223666],[-72.244176,46.4220841],[-72.2450319,46.4212887],[-72.2451746,46.4210501],[-72.2460095,46.4203443],[-72.2463957,46.4197315],[-72.2464658,46.4192461],[-72.2466913,46.4189813],[-72.2479067,46.4179273],[-72.2495665,46.4170167],[-72.2507004,46.4169013],[-72.2512638,46.4169519],[-72.2512111,46.4178884],[-72.2519894,46.4185836],[-72.2522455,46.4185928],[-72.2526671,46.4185497],[-72.2529229,46.4184068],[-72.2531242,46.4180598],[-72.253036,46.4175619],[-72.2531073,46.4169723],[-72.2534349,46.4165439],[-72.2542958,46.4161964],[-72.254445,46.4162254],[-72.2544741,46.4165275],[-72.2548359,46.416697],[-72.255753,46.4166775],[-72.2565539,46.4164664],[-72.2581779,46.416715],[-72.2599626,46.4166916],[-72.2617211,46.4163099],[-72.2632246,46.4157387],[-72.2646878,46.4153947],[-72.2669243,46.4146614],[-72.2693389,46.414107],[-72.2710756,46.4135105],[-72.2721067,46.4132543],[-72.2729847,46.4125691],[-72.2743629,46.411975],[-72.2751117,46.4114273],[-72.2757634,46.4112631],[-72.2767412,46.4107746],[-72.2771584,46.4108158],[-72.2792331,46.4099741],[-72.2796471,46.4099195],[-72.280691,46.4100465],[-72.2816014,46.409759],[-72.2824565,46.4096758],[-72.2833665,46.4092362],[-72.2833713,46.4087437],[-72.2846367,46.4089181],[-72.2851253,46.4085978],[-72.2856672,46.4085097],[-72.2862104,46.4083174],[-72.286543,46.4076244],[-72.286539,46.4072244],[-72.2870951,46.406779],[-72.2879841,46.406429],[-72.2882095,46.4062402],[-72.2889518,46.4062133],[-72.2898839,46.405656],[-72.2905839,46.4055801],[-72.2916672,46.4052518],[-72.2921537,46.4052918],[-72.2927376,46.4051765],[-72.2939301,46.4051802],[-72.2943191,46.4053756],[-72.2947816,46.4054854],[-72.2954317,46.4053492],[-72.2972023,46.405274],[-72.2977445,46.4053379],[-72.2982796,46.4055424],[-72.2986108,46.4055139],[-72.2993072,46.4052661],[-72.300966,46.4050671],[-72.3022759,46.4045216],[-72.3030733,46.4042904],[-72.3034978,46.4042669],[-72.3038023,46.4043644],[-72.3038352,46.4048383],[-72.3039262,46.4050517],[-72.3042849,46.4052012],[-72.3049009,46.4052556],[-72.3055163,46.4050818],[-72.3069101,46.404406],[-72.3076013,46.4044228],[-72.308052,46.4046054],[-72.3084323,46.4048934],[-72.3093445,46.4058504],[-72.3093183,46.4061286],[-72.3094177,46.4066576],[-72.3090942,46.407258],[-72.3096315,46.4071781],[-72.3098117,46.4069966],[-72.3102724,46.4069824],[-72.3109684,46.4065825],[-72.3115196,46.4066296],[-72.3117423,46.406573],[-72.3125513,46.4057084],[-72.3133361,46.4053218],[-72.3139999,46.4052365],[-72.3145984,46.4054762],[-72.3146894,46.4056896],[-72.3152808,46.4055856],[-72.3161117,46.4050115],[-72.316306,46.4045488],[-72.3172489,46.4041745],[-72.3177883,46.4038102],[-72.3188486,46.4024785],[-72.3192152,46.4017467],[-72.3192253,46.4011416],[-72.3193581,46.4007674],[-72.3198171,46.4002209],[-72.320472,46.3997439],[-72.3227186,46.3989364],[-72.3238516,46.398744],[-72.3243445,46.3988995],[-72.3244491,46.3986795],[-72.3252174,46.3983742],[-72.3288814,46.3973809],[-72.3313069,46.3965718],[-72.3339102,46.3966821],[-72.3341628,46.3965952],[-72.3345889,46.3966195],[-72.3366485,46.3971024],[-72.3374721,46.3975614],[-72.3379332,46.3981074],[-72.3380986,46.3984633],[-72.3379853,46.398776],[-72.3372026,46.3988024],[-72.3370088,46.3989329],[-72.3367617,46.3997239],[-72.3369585,46.4000214],[-72.3371155,46.4001378],[-72.3377452,46.400243],[-72.3406091,46.4003536],[-72.3417312,46.4000538],[-72.3425588,46.3995357],[-72.3427475,46.3992614],[-72.3427623,46.3988],[-72.3425507,46.3981473],[-72.342076,46.3976263],[-72.3420295,46.3972535],[-72.341709,46.396753],[-72.342247,46.396569],[-72.343228,46.3977045],[-72.3440094,46.3989311],[-72.3441165,46.3989871],[-72.3445115,46.3987375],[-72.3445757,46.3985926],[-72.3445961,46.3984269],[-72.3443707,46.3981315],[-72.3444046,46.3975326],[-72.344727,46.3975966],[-72.3447444,46.3974112],[-72.3450088,46.3972513],[-72.3451206,46.3969668],[-72.3456586,46.3967065],[-72.3455282,46.396464],[-72.3458744,46.3964582],[-72.3467125,46.3979367],[-72.3462968,46.3986843],[-72.3464507,46.3987809],[-72.3493868,46.3945707],[-72.3508296,46.3943629],[-72.352652,46.3942147],[-72.352751,46.3945155],[-72.351752,46.3946382],[-72.3502077,46.3950858],[-72.35004,46.3960871],[-72.3503055,46.3962313],[-72.3521325,46.3964831],[-72.3526737,46.3970591],[-72.3530033,46.3966502],[-72.3535129,46.396468],[-72.3536276,46.3965355],[-72.353222,46.396754],[-72.353266,46.3968508],[-72.3533849,46.3968339],[-72.3540125,46.3964067],[-72.3542947,46.396954],[-72.3547197,46.3970824],[-72.3550056,46.397061],[-72.3550639,46.3969525],[-72.354631,46.3967367],[-72.3545513,46.3963744],[-72.3554731,46.3964976],[-72.356239,46.3964004],[-72.3562688,46.3967023],[-72.3563941,46.3968011],[-72.3589056,46.3965452],[-72.3593077,46.3965632],[-72.3600252,46.3967857],[-72.3598571,46.3965621],[-72.359231,46.3962206],[-72.3588018,46.3961767],[-72.3581324,46.3962988],[-72.3579078,46.3962315],[-72.3579344,46.3961055],[-72.3587757,46.3960465],[-72.3588532,46.3958766],[-72.3591947,46.395803],[-72.3596783,46.395899],[-72.3603766,46.3965913],[-72.3605936,46.3966471],[-72.3600972,46.3959877],[-72.3601279,46.3957773],[-72.3611763,46.3955627],[-72.3615038,46.3950298],[-72.3616496,46.3946306],[-72.3622363,46.3945347],[-72.3623474,46.3940981],[-72.3625352,46.3940039],[-72.3643282,46.3940379],[-72.3660689,46.3938115],[-72.3672705,46.3935413],[-72.3681132,46.393122],[-72.3685634,46.3931523],[-72.3688862,46.3932922],[-72.3690422,46.3935127],[-72.3690459,46.3936846],[-72.368804,46.394135],[-72.3685259,46.3942439],[-72.3670674,46.3942771],[-72.3664208,46.3944336],[-72.3663326,46.3945723],[-72.3663331,46.3950566],[-72.3662338,46.3954203],[-72.366263,46.3955703],[-72.3665703,46.3956113],[-72.3674874,46.3953345],[-72.3676283,46.3951998],[-72.3676701,46.3947644],[-72.367924,46.3946493],[-72.3691169,46.3948041],[-72.3703134,46.3943902],[-72.3723245,46.3943756],[-72.3729918,46.3941294],[-72.3735709,46.3936897],[-72.3740653,46.3934846],[-72.3744666,46.3933504],[-72.3752568,46.3933352],[-72.3752788,46.3935497],[-72.3748444,46.3940266],[-72.3705284,46.3960594],[-72.3703268,46.3964348],[-72.3709381,46.3992311],[-72.3711192,46.3996859],[-72.3715298,46.3999434],[-72.371843,46.3999479],[-72.3752173,46.3993628],[-72.3759889,46.4008902],[-72.3758084,46.4009197],[-72.3758859,46.401082],[-72.379458,46.4002817],[-72.3799421,46.4021149],[-72.3795883,46.404103],[-72.3799163,46.4043866],[-72.3783241,46.4052307],[-72.3784767,46.4053553],[-72.3809896,46.4039979],[-72.380849,46.4038763],[-72.3810788,46.4027582],[-72.3816962,46.4027839],[-72.3817696,46.4026983],[-72.3817534,46.4025943],[-72.3811077,46.4024998],[-72.3810967,46.4023925],[-72.381853,46.3982485],[-72.3828248,46.392195],[-72.3837969,46.3924542],[-72.3856952,46.3924958],[-72.3860187,46.3924555],[-72.3869121,46.3919921],[-72.3874729,46.3918419],[-72.3886303,46.391807],[-72.3893475,46.3919533],[-72.3897026,46.3919306],[-72.3899034,46.3917354],[-72.389955,46.3915113],[-72.3910278,46.3907902],[-72.3917128,46.3905105],[-72.3936894,46.3899456],[-72.3950704,46.3891612],[-72.3955136,46.3889998],[-72.3962516,46.3884679],[-72.3966365,46.3880827],[-72.3967314,46.3878034],[-72.3977785,46.3876926],[-72.3982946,46.3873695],[-72.3988905,46.3867442],[-72.4002777,46.3857431],[-72.4017098,46.3849908],[-72.4028244,46.3845747],[-72.4024522,46.3841944],[-72.4028122,46.3836509],[-72.4040911,46.3826979],[-72.4054255,46.382025],[-72.406333,46.3820207],[-72.4066717,46.3823354],[-72.4071905,46.3819561],[-72.4076415,46.381882],[-72.4080629,46.3821705],[-72.4081574,46.3824036],[-72.4085696,46.3823765],[-72.4091222,46.3821387],[-72.4098746,46.3815536],[-72.4103597,46.3813649],[-72.4109146,46.3809948],[-72.4118364,46.3808613],[-72.4121856,46.380875],[-72.4125205,46.3810179],[-72.4126312,46.3817581],[-72.4127504,46.3818172],[-72.4131519,46.3817589],[-72.4143238,46.3808258],[-72.4159984,46.3799269],[-72.4176068,46.3793052],[-72.4180101,46.3790385],[-72.4195581,46.3784013],[-72.4216732,46.3777292],[-72.4235349,46.3775045],[-72.4241011,46.3775739],[-72.4249106,46.3778289],[-72.4266383,46.3775983],[-72.4311277,46.3774591],[-72.4314595,46.3773259],[-72.4313716,46.3772085],[-72.4314779,46.3771124],[-72.4322043,46.3773176],[-72.4339628,46.3772086],[-72.4343535,46.3768628],[-72.4332743,46.3768044],[-72.4331412,46.3766943],[-72.4331056,46.3762487],[-72.432744,46.3751311],[-72.4329374,46.3747442],[-72.433067,46.3739899],[-72.4332492,46.3737519],[-72.433618,46.3735238],[-72.4344306,46.3732862],[-72.4346959,46.373098],[-72.4351317,46.3724886],[-72.435455,46.3721919],[-72.4357447,46.3720859],[-72.4359318,46.3721719],[-72.4356344,46.3727788],[-72.4356831,46.3728672],[-72.4367939,46.3726871],[-72.4376802,46.3729522],[-72.4382803,46.3729068],[-72.4386089,46.37301],[-72.4387397,46.3732523],[-72.4387669,46.3735345],[-72.4387455,46.3739845],[-72.4384535,46.3744789],[-72.4375261,46.3751616],[-72.4378079,46.3754806],[-72.4382151,46.3756419],[-72.4381767,46.3757649],[-72.4376864,46.3760662],[-72.4373412,46.3754558],[-72.4370729,46.375368],[-72.4368921,46.3755779],[-72.4368175,46.3759478],[-72.4368742,46.3763799],[-72.4367594,46.3765687],[-72.436541,46.3767974],[-72.4361566,46.3769266],[-72.4357819,46.3769349],[-72.4356426,46.3770415],[-72.4356779,46.3774111],[-72.4384013,46.3773692],[-72.4400914,46.3776695],[-72.4406517,46.3776262],[-72.4413549,46.3774827],[-72.4416822,46.3773142],[-72.4419449,46.3771008],[-72.4426293,46.3760522],[-72.4429884,46.3764574],[-72.4432206,46.3765358],[-72.4439341,46.3760735],[-72.4439738,46.3761785],[-72.4446164,46.3764381],[-72.4459649,46.37648],[-72.4476477,46.3760763],[-72.4484898,46.3759884],[-72.4486371,46.3754568],[-72.4487862,46.3752293],[-72.4492099,46.3751292],[-72.4490775,46.3741464],[-72.4482565,46.3727595],[-72.4489826,46.373401],[-72.4495002,46.373638],[-72.4503579,46.373649],[-72.4509061,46.3734953],[-72.4496697,46.3730647],[-72.4494772,46.3728351],[-72.4494002,46.3720563],[-72.4498314,46.3717113],[-72.449593,46.3715933],[-72.4496046,46.3715204],[-72.4503558,46.3708589],[-72.4509835,46.3709154],[-72.4519674,46.3704084],[-72.454667,46.3687945],[-72.4553842,46.3682477],[-72.4565083,46.3670935],[-72.4576249,46.3661841],[-72.4584001,46.365785],[-72.4599249,46.365445],[-72.4623796,46.3644419],[-72.4649242,46.3638602],[-72.4666478,46.3633529],[-72.4674921,46.3629524],[-72.4691054,46.3623694],[-72.4700826,46.3618227],[-72.4709407,46.3614732],[-72.4719522,46.3608878],[-72.473676,46.3597638],[-72.4748945,46.3590987],[-72.4751959,46.3587394],[-72.4764808,46.3581292],[-72.4773769,46.3574005],[-72.4787695,46.3564858],[-72.4800119,46.3553903],[-72.481869,46.3535796],[-72.4825893,46.3531283],[-72.4846948,46.3513906],[-72.4852924,46.3506045],[-72.4858374,46.350687],[-72.4855041,46.3503362],[-72.4855552,46.3501121],[-72.4857669,46.3498438],[-72.4862552,46.3495703],[-72.4867711,46.349579],[-72.4870575,46.3494531],[-72.4885806,46.3483442],[-72.4893691,46.3479958],[-72.4900499,46.3475155],[-72.4907805,46.3468393],[-72.4918378,46.3462182],[-72.4923811,46.3460726],[-72.4932471,46.3456302],[-72.4944887,46.3451512],[-72.4953301,46.3450629],[-72.4977814,46.3442672],[-72.498235,46.3438565],[-72.4994274,46.3430329],[-72.5002862,46.3422826],[-72.5007117,46.3418698],[-72.5009347,46.3415285],[-72.5020221,46.3406286],[-72.5024947,46.3400761],[-72.5028477,46.3398249],[-72.5034752,46.3390844],[-72.5038693,46.3389102],[-72.5041144,46.3387073],[-72.5043641,46.3383159],[-72.5047881,46.3379789],[-72.5049251,46.3377647],[-72.5052483,46.3377398],[-72.5056125,46.3375958],[-72.5066662,46.3369548],[-72.5074655,46.3366346],[-72.5076271,46.3363849],[-72.5082498,46.336013],[-72.508452,46.3361216],[-72.5091081,46.3359953],[-72.5102156,46.3353301],[-72.5105544,46.3352081],[-72.5115573,46.3351467],[-72.5125633,46.3346846],[-72.5133848,46.3345433],[-72.5147347,46.3337536],[-72.5179506,46.3365352],[-72.5187368,46.3361387],[-72.5184747,46.3358767],[-72.5177462,46.3357623],[-72.5171109,46.3354721],[-72.5170605,46.335383],[-72.5171637,46.3352829],[-72.5171386,46.3351854],[-72.5177304,46.3341692],[-72.5191571,46.3326936],[-72.520038,46.3319479],[-72.5206769,46.3315707],[-72.5212178,46.3307606],[-72.5218942,46.3303645],[-72.5237806,46.3290069],[-72.5240832,46.3288757],[-72.5266344,46.3283517],[-72.5282798,46.3279092],[-72.5301126,46.3266516],[-72.5315821,46.3248936],[-72.5319452,46.3240571],[-72.5320133,46.3233634],[-72.5336481,46.3214485],[-72.5344912,46.320327],[-72.5362348,46.318876],[-72.5374615,46.3174448],[-72.5386855,46.31643],[-72.5389766,46.3160114],[-72.5439048,46.3126622],[-72.5445706,46.3119505],[-72.5455825,46.3111281],[-72.5467135,46.3098242],[-72.5479339,46.3087895],[-72.5522432,46.3056237],[-72.5527303,46.3049087],[-72.5534992,46.3043129],[-72.5547322,46.3035248],[-72.5559322,46.3029299],[-72.5580248,46.3016676],[-72.558831,46.301077],[-72.559753,46.3001653],[-72.5613866,46.2990466],[-72.5633756,46.2975162],[-72.5671108,46.2950664],[-72.5688322,46.2940648],[-72.5763975,46.2905541],[-72.5785569,46.2893704],[-72.5819211,46.2877451],[-72.5856097,46.2856623],[-72.5886042,46.2842176],[-72.5937879,46.2819946],[-72.5960926,46.2811794],[-72.6011006,46.2788735],[-72.6024969,46.2784048],[-72.6039498,46.2775715],[-72.6053149,46.2769812],[-72.6078982,46.276],[-72.6136806,46.2742416],[-72.6162421,46.2729136],[-72.6166666,46.2725763],[-72.6169692,46.2720565],[-72.6172326,46.2718664],[-72.6185508,46.2716156],[-72.6193544,46.2726353],[-72.6196905,46.2725088],[-72.619116,46.2717753],[-72.6195004,46.2708628],[-72.6195418,46.2703117],[-72.6207202,46.2691777],[-72.621239,46.2683718],[-72.6215931,46.2679769],[-72.6216894,46.2675967],[-72.6221299,46.2675157],[-72.6222887,46.2674031],[-72.623283,46.266143],[-72.6250248,46.2644294],[-72.6279291,46.2613476],[-72.629578,46.2599965],[-72.6297549,46.2601132],[-72.6299914,46.259919],[-72.6300452,46.2598172],[-72.6297961,46.2595936],[-72.6313965,46.2583618],[-72.6317601,46.2582298],[-72.6325277,46.2583003],[-72.6335962,46.258449],[-72.633979,46.2586033],[-72.6340305,46.2585265],[-72.633986,46.2580849],[-72.6341637,46.2577857],[-72.6343145,46.2570808],[-72.6348322,46.2566043],[-72.6378317,46.2564326],[-72.6405585,46.2558554],[-72.6413927,46.2557895],[-72.6421113,46.2558629],[-72.6424951,46.2559861],[-72.6427488,46.2561599],[-72.6427656,46.2564014],[-72.6425869,46.256792],[-72.641503,46.2576757],[-72.6408172,46.2585338],[-72.6391936,46.2597632],[-72.639118,46.259955],[-72.6400403,46.2599259],[-72.6414455,46.2592052],[-72.6430022,46.2578108],[-72.6438841,46.2572278],[-72.6440641,46.2573232],[-72.644195,46.2572829],[-72.6442586,46.2572325],[-72.6442099,46.2570544],[-72.6451049,46.2565458],[-72.6455864,46.2563841],[-72.647365,46.2550119],[-72.647823,46.2550451],[-72.6478312,46.2551636],[-72.6474348,46.2555183],[-72.6459952,46.2565862],[-72.6461719,46.2566548],[-72.6470384,46.2562257],[-72.6488011,46.2547198],[-72.6489519,46.2539772],[-72.6498822,46.2534948],[-72.6504639,46.2536035],[-72.650824,46.2533209],[-72.6508774,46.2531166],[-72.6513732,46.2523333],[-72.6514506,46.251851],[-72.6514104,46.2514107],[-72.6509676,46.25116],[-72.651188,46.2508694],[-72.6511186,46.2506962],[-72.649333,46.25],[-72.649731,46.25],[-72.6514384,46.2507112],[-72.6516614,46.2505216],[-72.651591,46.25],[-72.651891,46.2504112],[-72.6520252,46.2535063],[-72.6659453,46.2771648],[-72.6653793,46.2772983],[-72.6645776,46.2777221],[-72.6626083,46.2792774],[-72.6620087,46.2796366],[-72.6605937,46.2802718],[-72.6601099,46.2803857],[-72.6581909,46.2803718]],[[-71.2385749,46.6875358],[-71.2385603,46.6875278],[-71.2391396,46.6875384],[-71.2385749,46.6875358]],[[-71.2385728,46.6875503],[-71.2390194,46.6878185],[-71.2385764,46.687538],[-71.2385728,46.6875503]],[[-72.6510985,46.2575531],[-72.650974,46.2575081],[-72.6508453,46.2575686],[-72.6509526,46.2576242],[-72.6510985,46.2575531]],[[-72.6225573,46.2855969],[-72.622359,46.2861124],[-72.6224314,46.286617],[-72.6225226,46.2867236],[-72.6227666,46.2866942],[-72.6227618,46.286232],[-72.6228443,46.2862012],[-72.623417,46.2868491],[-72.6237227,46.2873817],[-72.6247442,46.2881628],[-72.6270508,46.2888918],[-72.6276141,46.2891962],[-72.6276068,46.2893649],[-72.6271404,46.2897295],[-72.6271166,46.2899035],[-72.6272463,46.2900975],[-72.627022,46.2904953],[-72.6271469,46.2905176],[-72.6282009,46.289895],[-72.6301899,46.2895199],[-72.6312916,46.2890137],[-72.63199,46.2884875],[-72.6321788,46.2881786],[-72.6325754,46.2870085],[-72.6323047,46.2866692],[-72.6309924,46.2856025],[-72.6282824,46.2847639],[-72.6261925,46.2842897],[-72.6254245,46.284194],[-72.6241267,46.2842271],[-72.6229827,46.2843286],[-72.621912,46.2846116],[-72.6218585,46.2847595],[-72.6219467,46.2849901],[-72.6222173,46.2850227],[-72.6225573,46.2855969]],[[-72.3897442,46.3930804],[-72.3895928,46.3935161],[-72.3903074,46.3943831],[-72.3904281,46.3947463],[-72.3906564,46.3946531],[-72.3909605,46.394342],[-72.3909495,46.3942348],[-72.3907355,46.3941988],[-72.3905023,46.3938921],[-72.3902212,46.3927283],[-72.3898243,46.3921897],[-72.3897202,46.3921534],[-72.3896135,46.3921735],[-72.3897442,46.3930804]],[[-72.4095816,46.4081775],[-72.4078222,46.4083621],[-72.4052788,46.408934],[-72.4021271,46.4101281],[-72.4001565,46.4105526],[-72.399291,46.410938],[-72.3993025,46.4111213],[-72.3996138,46.411334],[-72.3998157,46.4113669],[-72.4017128,46.4112842],[-72.4028214,46.4113409],[-72.4081778,46.4104372],[-72.4115108,46.4093654],[-72.4133773,46.4086482],[-72.4137669,46.4085868],[-72.4142808,46.4086521],[-72.416637,46.4077378],[-72.4179151,46.4074012],[-72.4174357,46.4072972],[-72.4162538,46.4073263],[-72.4141821,46.4076587],[-72.4116096,46.4078246],[-72.4095816,46.4081775]],[[-72.1745521,46.5584694],[-72.1747667,46.5584298],[-72.1748725,46.558286],[-72.1747728,46.5577085],[-72.1742152,46.5578211],[-72.1737544,46.5581108],[-72.1745521,46.5584694]],[[-72.170068,46.5629873],[-72.1684133,46.5633676],[-72.1678556,46.563404],[-72.1667191,46.5637947],[-72.1628895,46.5646487],[-72.1614973,46.5656866],[-72.1598588,46.566518],[-72.1588565,46.5672193],[-72.1582806,46.5674412],[-72.1582064,46.5676788],[-72.15843,46.5676986],[-72.159151,46.5675143],[-72.1602953,46.5669069],[-72.1610785,46.5662535],[-72.162135,46.5658327],[-72.1633033,46.5655358],[-72.1650851,46.5653026],[-72.1658391,46.5653361],[-72.1656457,46.5655143],[-72.1652119,46.5656779],[-72.1626063,46.566259],[-72.160067,46.5672758],[-72.1598795,46.5674936],[-72.1601771,46.5676563],[-72.1603403,46.5676605],[-72.1615858,46.567298],[-72.1620588,46.5673158],[-72.1620436,46.5674451],[-72.1609432,46.5679212],[-72.160934,46.5682422],[-72.1611138,46.5683173],[-72.1618045,46.5683154],[-72.1631149,46.5680363],[-72.1642803,46.5674914],[-72.1677052,46.5663422],[-72.1690504,46.5657201],[-72.1699784,46.5651803],[-72.1709624,46.564284],[-72.1716441,46.5633856],[-72.1720491,46.5629959],[-72.1723152,46.5625321],[-72.1715264,46.5625372],[-72.170068,46.5629873]],[[-71.9976959,46.5748396],[-71.9979664,46.5747834],[-71.9979049,46.5746658],[-71.9970912,46.5740969],[-71.996724,46.5740094],[-71.9965858,46.5741598],[-71.9968162,46.5743204],[-71.996902,46.5745369],[-71.9971521,46.5747011],[-71.9976959,46.5748396]],[[-72.1374966,46.5777166],[-72.1374409,46.5773882],[-72.1372701,46.5774486],[-72.1374134,46.5777426],[-72.1374966,46.5777166]],[[-71.908694,46.6394472],[-71.909343,46.6397504],[-71.9100019,46.6396846],[-71.9105668,46.6398895],[-71.9110152,46.6403308],[-71.9116611,46.6404141],[-71.9118999,46.6407338],[-71.9119513,46.64049],[-71.9123101,46.6402408],[-71.9111109,46.6400319],[-71.9111958,46.6397777],[-71.910819,46.6395076],[-71.9099499,46.639528],[-71.9095145,46.6396905],[-71.9092294,46.6395301],[-71.908694,46.6394472]],[[-71.9099602,46.6427707],[-71.909781,46.642619],[-71.9096054,46.6426112],[-71.9096766,46.6428585],[-71.909931,46.6428488],[-71.9099602,46.6427707]],[[-71.7472285,46.6707443],[-71.7472724,46.670441],[-71.7471701,46.6703759],[-71.7470075,46.6704189],[-71.7469189,46.6706531],[-71.747055,46.6708321],[-71.7472285,46.6707443]],[[-71.5300254,46.7109253],[-71.5296858,46.7106152],[-71.5294024,46.7105016],[-71.528824,46.7104433],[-71.5286027,46.7104418],[-71.5279956,46.7106816],[-71.5279731,46.7107711],[-71.5280378,46.710903],[-71.5282924,46.7110185],[-71.5286735,46.7110816],[-71.528813,46.7110805],[-71.5288118,46.7108605],[-71.5289096,46.71081],[-71.5297951,46.7111125],[-71.5300231,46.7110776],[-71.5300254,46.7109253]],[[-71.534831,46.7109996],[-71.5354542,46.7110029],[-71.5355745,46.710863],[-71.5354798,46.7108091],[-71.5353224,46.7108915],[-71.5346072,46.7108541],[-71.5345819,46.7109239],[-71.534831,46.7109996]],[[-71.5315817,46.7111959],[-71.53177,46.7113798],[-71.5320771,46.7113277],[-71.5318926,46.7110876],[-71.5312276,46.7107387],[-71.5303771,46.7105221],[-71.5304049,46.7108925],[-71.5315817,46.7111959]],[[-71.5271277,46.7124475],[-71.5263145,46.7118681],[-71.5260113,46.7118639],[-71.5254938,46.7119937],[-71.5255975,46.7121551],[-71.5259312,46.7122534],[-71.5263731,46.7122085],[-71.5266074,46.7122613],[-71.5270011,46.7124998],[-71.5271277,46.7124475]],[[-71.5257489,46.7125775],[-71.5264961,46.712805],[-71.5266469,46.7127591],[-71.5266371,46.7126036],[-71.5256483,46.7123119],[-71.5256081,46.7123585],[-71.5257489,46.7125775]],[[-71.5267593,46.7131521],[-71.5265114,46.7130001],[-71.5263688,46.7131055],[-71.5265088,46.7132765],[-71.5266892,46.7132767],[-71.5267593,46.7131521]],[[-71.5270186,46.7132592],[-71.5269742,46.7134863],[-71.5270577,46.7135849],[-71.5275547,46.7138127],[-71.5278458,46.7138137],[-71.5291424,46.7135089],[-71.5297101,46.7133637],[-71.5297569,46.7132806],[-71.5293328,46.7132443],[-71.5287865,46.713376],[-71.5287003,46.7132575],[-71.5289173,46.7131433],[-71.5289157,46.7130473],[-71.5283778,46.7128182],[-71.5281256,46.7128467],[-71.5279733,46.7130928],[-71.5274452,46.7130192],[-71.5270186,46.7132592]],[[-71.5227111,46.7105941],[-71.523001,46.710375],[-71.5235707,46.7102018],[-71.5235757,46.7100693],[-71.5233008,46.7095949],[-71.5231577,46.7095282],[-71.5226804,46.7096114],[-71.5224011,46.7100339],[-71.5219331,46.7101004],[-71.5205271,46.7106244],[-71.5188826,46.7109798],[-71.518779,46.7111147],[-71.5187709,46.7113514],[-71.5189825,46.7114937],[-71.5205297,46.7113608],[-71.5206696,46.7112356],[-71.5203157,46.7110745],[-71.5198507,46.7110368],[-71.519839,46.7109095],[-71.5203413,46.7108807],[-71.520938,46.71103],[-71.5227111,46.7105941]],[[-71.5203581,46.7124808],[-71.5200799,46.712531],[-71.5200644,46.7127562],[-71.5203169,46.7128998],[-71.5204342,46.7128641],[-71.5204728,46.7127215],[-71.5203581,46.7124808]],[[-71.5194048,46.7137559],[-71.5198432,46.7136432],[-71.5199134,46.7135186],[-71.519711,46.7133596],[-71.5192925,46.7136591],[-71.5194048,46.7137559]],[[-71.5216448,46.7143424],[-71.5219964,46.7143595],[-71.5221063,46.7143123],[-71.522116,46.7141715],[-71.5213778,46.7140516],[-71.5213017,46.7139644],[-71.5210188,46.7140229],[-71.5210056,46.7140958],[-71.5216448,46.7143424]],[[-71.4305252,46.7302294],[-71.4311131,46.7302717],[-71.4315619,46.7300187],[-71.4316129,46.7298794],[-71.4312371,46.7298555],[-71.4309363,46.7296986],[-71.4304143,46.7297122],[-71.4302701,46.7298935],[-71.4305232,46.7300854],[-71.4305252,46.7302294]],[[-71.2302729,46.7634672],[-71.2303873,46.7635842],[-71.2307948,46.763627],[-71.2307261,46.7635032],[-71.2304699,46.763415],[-71.2302729,46.7634672]],[[-71.1181973,46.8806671],[-71.1177721,46.8816257],[-71.1171261,46.8824575],[-71.1171473,46.8827125],[-71.1172782,46.8827766],[-71.1178587,46.8825693],[-71.1197247,46.8814633],[-71.1196605,46.8799699],[-71.1193372,46.8796812],[-71.119053,46.8797865],[-71.1184306,46.8805288],[-71.1181973,46.8806671]],[[-70.7686182,46.9304919],[-70.7672541,46.9312898],[-70.7664412,46.9319603],[-70.7664291,46.932053],[-70.7647745,46.9330114],[-70.7646995,46.9331638],[-70.7650885,46.9334339],[-70.7652651,46.9333478],[-70.7655749,46.932962],[-70.7662859,46.9327536],[-70.7665498,46.9323264],[-70.7673043,46.9320434],[-70.7691137,46.9307239],[-70.7700183,46.9302803],[-70.7700643,46.9300816],[-70.769414,46.9300665],[-70.7689811,46.9302071],[-70.7686862,46.9300398],[-70.7682146,46.9303427],[-70.7687658,46.9303114],[-70.7686182,46.9304919]],[[-70.8413523,46.9333546],[-70.8384694,46.9351977],[-70.8371257,46.9359155],[-70.8361445,46.9365883],[-70.8353038,46.9375013],[-70.8353936,46.937762],[-70.8363237,46.937551],[-70.837238,46.9371659],[-70.840665,46.9352315],[-70.8438668,46.9332739],[-70.8442484,46.9328597],[-70.8442409,46.9326079],[-70.8441803,46.9324953],[-70.8438369,46.932459],[-70.8438612,46.9325137],[-70.8427298,46.9326749],[-70.8413523,46.9333546]],[[-70.7995033,47.0243059],[-70.8006493,47.0242446],[-70.8021333,47.0244502],[-70.8035411,47.0249985],[-70.8057654,47.0247515],[-70.8063517,47.0243828],[-70.806419,47.0238715],[-70.8068267,47.0230149],[-70.807053,47.0227541],[-70.8078912,47.022426],[-70.8086205,47.0223563],[-70.8092456,47.0224407],[-70.8113416,47.0230617],[-70.8119061,47.0230335],[-70.8121356,47.0229321],[-70.8125446,47.022464],[-70.812845,47.0223828],[-70.8136831,47.0219104],[-70.813918,47.0215326],[-70.8144678,47.0212409],[-70.8146688,47.0209692],[-70.8148941,47.0208482],[-70.8154029,47.0208431],[-70.8168397,47.0211493],[-70.8174382,47.0211111],[-70.8189328,47.0206932],[-70.8198867,47.0200518],[-70.8226553,47.0191365],[-70.8241282,47.0190202],[-70.8277043,47.0192958],[-70.8304598,47.0199128],[-70.8315285,47.020272],[-70.8320982,47.0207638],[-70.8324957,47.0208532],[-70.8332229,47.02134],[-70.8343277,47.0213247],[-70.8356799,47.0217035],[-70.8361379,47.0217133],[-70.8361792,47.0219071],[-70.8360995,47.0221159],[-70.8355017,47.022875],[-70.8352937,47.0232794],[-70.8352769,47.0234766],[-70.8359605,47.0238938],[-70.8372228,47.0237773],[-70.8386283,47.0239689],[-70.8397715,47.0235508],[-70.840118,47.023559],[-70.8421319,47.0239838],[-70.843019,47.0243413],[-70.8437945,47.0244088],[-70.8454391,47.0238778],[-70.8466553,47.0237678],[-70.849516,47.0230786],[-70.8520716,47.0226232],[-70.8559468,47.0216151],[-70.8585137,47.0211297],[-70.8620574,47.0199594],[-70.8648855,47.0183418],[-70.8683846,47.0173451],[-70.8715962,47.0173614],[-70.8761953,47.0167905],[-70.87788,47.0159929],[-70.8785117,47.0150197],[-70.8815769,47.0137116],[-70.8877072,47.0113983],[-70.89234,47.0094997],[-70.8958264,47.0083191],[-70.9002486,47.0073139],[-70.9034074,47.0067235],[-70.9088357,47.0053513],[-70.9172591,47.0035962],[-70.9205348,47.0025909],[-70.9252272,47.0015361],[-70.931077,47.0],[-70.9352206,46.9982635],[-70.9382353,46.9967215],[-70.9385809,46.9965371],[-70.9391338,46.9960442],[-70.9401494,46.9956003],[-70.9410557,46.9950788],[-70.9422318,46.9941409],[-70.9428168,46.9938583],[-70.9438384,46.9930897],[-70.9444523,46.9927574],[-70.9448865,46.9922995],[-70.9455781,46.9920267],[-70.9461742,46.9914591],[-70.9463154,46.9909984],[-70.9472465,46.9906755],[-70.9477152,46.9903997],[-70.9483352,46.9897427],[-70.9490993,46.9894896],[-70.9500117,46.9886913],[-70.9501586,46.9884624],[-70.9502093,46.9877467],[-70.9502886,46.9875858],[-70.9510384,46.9867049],[-70.952205,46.9859277],[-70.952911,46.985678],[-70.9546038,46.9845255],[-70.9560126,46.9831613],[-70.9579803,46.9817764],[-70.9597178,46.9803288],[-70.9612483,46.9792377],[-70.9628142,46.9779163],[-70.9645097,46.9769757],[-70.9654307,46.9766692],[-70.9654694,46.9760463],[-70.9666004,46.9749906],[-70.9674168,46.9739455],[-70.9688548,46.9728197],[-70.9696257,46.9719254],[-70.9718552,46.9702565],[-70.9733664,46.9687379],[-70.9741936,46.9680605],[-70.9743959,46.9678083],[-70.9744143,46.967583],[-70.9746231,46.9671502],[-70.974963,46.9668299],[-70.9755037,46.9659211],[-70.9768156,46.9642621],[-70.9783247,46.9629158],[-70.9803976,46.9615882],[-70.9810784,46.9612357],[-70.9819708,46.9605663],[-70.9828113,46.9596718],[-70.9832008,46.9590963],[-70.9835314,46.9588886],[-70.9839954,46.958765],[-70.9842437,46.9585542],[-70.9845999,46.9581327],[-70.9872824,46.9558],[-70.9892502,46.9538298],[-70.9901158,46.953182],[-70.9905467,46.9527041],[-70.9928299,46.9510114],[-70.9948985,46.9489631],[-70.996969,46.947395],[-70.997376,46.9470066],[-70.9983023,46.9464712],[-71.0010046,46.9445373],[-71.0034859,46.9429848],[-71.0042556,46.9425988],[-71.0073896,46.9405231],[-71.0091122,46.9396761],[-71.0111288,46.938151],[-71.0126161,46.9372018],[-71.0142194,46.9362457],[-71.0157972,46.9355033],[-71.0187174,46.9339163],[-71.0243904,46.9316849],[-71.0273693,46.9303343],[-71.0283925,46.929969],[-71.0309276,46.9293135],[-71.0319354,46.9292414],[-71.0331787,46.928907],[-71.0346425,46.9286515],[-71.0394353,46.9270922],[-71.0408607,46.9264906],[-71.0433798,46.9256194],[-71.0449465,46.924797],[-71.0453035,46.9246636],[-71.0463084,46.9245234],[-71.0475698,46.9235992],[-71.0482376,46.923291],[-71.0500038,46.9227049],[-71.0504424,46.9224784],[-71.0542058,46.9187218],[-71.0556054,46.9175089],[-71.0571023,46.9160059],[-71.0576547,46.9150239],[-71.0585531,46.9140973],[-71.0594031,46.9135699],[-71.0612293,46.9122232],[-71.0629511,46.9112031],[-71.0645168,46.9099681],[-71.0655913,46.9094152],[-71.0664264,46.9088646],[-71.0670708,46.9083295],[-71.06783,46.9080076],[-71.06855,46.9076081],[-71.0693052,46.9070262],[-71.0714324,46.9059816],[-71.0727351,46.9052507],[-71.0736734,46.9042295],[-71.0742771,46.9037888],[-71.0785815,46.9016842],[-71.0818843,46.9005646],[-71.0839539,46.9000316],[-71.0847603,46.899943],[-71.0853988,46.8996844],[-71.086082,46.8995912],[-71.0868969,46.8993419],[-71.0887396,46.8984981],[-71.089473,46.8983418],[-71.0902873,46.8979965],[-71.0909997,46.8975852],[-71.0919524,46.8966349],[-71.0924959,46.8962738],[-71.0931468,46.8960664],[-71.0934986,46.8955768],[-71.0937411,46.8946453],[-71.0946392,46.8931338],[-71.0955709,46.8919165],[-71.0957626,46.8919743],[-71.0966719,46.8928048],[-71.096636,46.8929932],[-71.096024,46.8932304],[-71.0959531,46.8934508],[-71.0963687,46.8938221],[-71.0966133,46.8939074],[-71.0988754,46.8926498],[-71.0991221,46.8923427],[-71.0988653,46.8918898],[-71.098558,46.8918162],[-71.0975468,46.8923097],[-71.0970957,46.892389],[-71.0967158,46.8922958],[-71.0960734,46.891614],[-71.0960453,46.8913955],[-71.0975766,46.8903141],[-71.1012592,46.8880699],[-71.1022075,46.8875882],[-71.1055987,46.8862141],[-71.1066694,46.8856409],[-71.1072744,46.8851239],[-71.1075422,46.8850717],[-71.1081326,46.8842152],[-71.1083802,46.8840521],[-71.1096504,46.8826701],[-71.110312,46.8816412],[-71.1112195,46.8808897],[-71.1117033,46.8806562],[-71.1119958,46.8807065],[-71.1129817,46.8801104],[-71.1138687,46.8798805],[-71.1141574,46.8797189],[-71.1163376,46.8783337],[-71.1179729,46.8770696],[-71.1193091,46.8762039],[-71.119995,46.8752295],[-71.1207885,46.8744568],[-71.1211904,46.873952],[-71.121859,46.8729346],[-71.1230356,46.8717382],[-71.125835,46.8680093],[-71.1260854,46.8675978],[-71.1263465,46.8666812],[-71.127231,46.8658468],[-71.1277578,46.8649541],[-71.1281068,46.8638601],[-71.1289597,46.8630076],[-71.1292233,46.8624271],[-71.1296389,46.8618494],[-71.1307304,46.8606302],[-71.1311771,46.8597063],[-71.1318588,46.8592005],[-71.1325636,46.8588734],[-71.1336494,46.8581989],[-71.1341474,46.8576722],[-71.1351643,46.8568257],[-71.1357337,46.8564908],[-71.1365732,46.8558072],[-71.1370525,46.8553617],[-71.1377816,46.8544567],[-71.1379502,46.8544064],[-71.1388861,46.853523],[-71.1405777,46.8526658],[-71.1407221,46.852515],[-71.1414699,46.8509922],[-71.1414658,46.8508419],[-71.1408452,46.8499944],[-71.1408686,46.8498573],[-71.1412349,46.8494867],[-71.1412032,46.8488361],[-71.1406968,46.8482478],[-71.1405042,46.8483228],[-71.1403603,46.8481389],[-71.1402273,46.848103],[-71.1397947,46.8483215],[-71.1393993,46.8480613],[-71.1390024,46.8479254],[-71.1384103,46.8473565],[-71.1377859,46.8472709],[-71.1377214,46.8470426],[-71.1378515,46.846618],[-71.1377721,46.8465305],[-71.1372915,46.8466965],[-71.1370329,46.8466966],[-71.1364299,46.8465234],[-71.1361861,46.8462642],[-71.1360028,46.8457542],[-71.1358229,46.845581],[-71.1345237,46.8454599],[-71.1342735,46.8452389],[-71.1333488,46.8451711],[-71.1327677,46.8452345],[-71.1322124,46.8454094],[-71.1320377,46.8453157],[-71.1323275,46.8451243],[-71.1321965,46.844979],[-71.131728,46.8449681],[-71.1306936,46.8456213],[-71.1304593,46.8456118],[-71.130233,46.8455357],[-71.1299649,46.8453089],[-71.1302588,46.8451392],[-71.1302925,46.8450183],[-71.130231,46.8449952],[-71.1282532,46.8459212],[-71.1274845,46.8463842],[-71.1255741,46.8477044],[-71.1254734,46.8480624],[-71.1240337,46.8488777],[-71.12346,46.849134],[-71.120554,46.8499634],[-71.1184046,46.8497656],[-71.1181049,46.8497037],[-71.1177774,46.8494714],[-71.1170417,46.849512],[-71.116705,46.8493443],[-71.1165049,46.8493764],[-71.1159056,46.8489364],[-71.1142471,46.8495133],[-71.1135377,46.8495323],[-71.1113446,46.8489487],[-71.1101972,46.8494625],[-71.1099297,46.8495147],[-71.1072442,46.8495933],[-71.1061955,46.8497408],[-71.1057316,46.8496728],[-71.1047616,46.8493433],[-71.1045096,46.8491984],[-71.1043838,46.8488097],[-71.103211,46.8491729],[-71.1029973,46.8493259],[-71.1016661,46.8494545],[-71.0996633,46.8494875],[-71.0986198,46.8493584],[-71.0982521,46.8492206],[-71.0975956,46.8485157],[-71.0972702,46.8485714],[-71.0966241,46.8483102],[-71.0964533,46.8483886],[-71.0964512,46.848781],[-71.0963122,46.8489255],[-71.0959391,46.8490641],[-71.0947961,46.8492052],[-71.0937107,46.8489305],[-71.0930483,46.8484061],[-71.0925986,46.8486294],[-71.0923712,46.8489033],[-71.0921714,46.8489835],[-71.0911986,46.8489501],[-71.0907984,46.84865],[-71.0905182,46.8489672],[-71.0899297,46.8490187],[-71.0890918,46.8489452],[-71.0889006,46.8488646],[-71.0887117,46.848756],[-71.0884607,46.8483908],[-71.0877173,46.8487359],[-71.0872042,46.8488749],[-71.0867025,46.8489212],[-71.0854046,46.8493557],[-71.0830693,46.8498448],[-71.0816302,46.8497233],[-71.0812787,46.8494843],[-71.0803648,46.8492272],[-71.0793943,46.8491656],[-71.0786929,46.8489276],[-71.0775614,46.8489758],[-71.0761442,46.8492532],[-71.0750651,46.8495744],[-71.0740837,46.8497015],[-71.0728022,46.8500828],[-71.0723311,46.850003],[-71.0717845,46.8502],[-71.0713477,46.8502063],[-71.0709684,46.8505253],[-71.0700986,46.8507497],[-71.0678826,46.8506668],[-71.0662695,46.8505076],[-71.0659139,46.8503729],[-71.0653464,46.8503149],[-71.0646016,46.8504677],[-71.0643321,46.850596],[-71.0642535,46.8507568],[-71.0637501,46.8509271],[-71.0621371,46.8511801],[-71.0618403,46.8511859],[-71.061562,46.8510625],[-71.0611789,46.8511696],[-71.059979,46.8510935],[-71.0595672,46.8508381],[-71.0591447,46.8508194],[-71.0588549,46.8503765],[-71.0588433,46.850057],[-71.058628,46.8499698],[-71.0581404,46.849943],[-71.0557727,46.8503172],[-71.0553944,46.850416],[-71.0553902,46.8505203],[-71.0554745,46.8509075],[-71.0556541,46.8510808],[-71.055886,46.851115],[-71.0571981,46.8509722],[-71.0583988,46.8507801],[-71.058437,46.851126],[-71.0583505,46.8511793],[-71.0577549,46.851267],[-71.0572327,46.8515185],[-71.0569213,46.8515012],[-71.0561851,46.8519056],[-71.0549282,46.8519769],[-71.0533305,46.852397],[-71.0525651,46.852755],[-71.0520294,46.8527631],[-71.0504887,46.8538601],[-71.04909,46.8544683],[-71.0483088,46.8546111],[-71.0468671,46.8544693],[-71.0457899,46.854762],[-71.0452156,46.8547883],[-71.0437864,46.8551581],[-71.0425902,46.855754],[-71.0411904,46.8575028],[-71.0411092,46.8572315],[-71.0409297,46.8570581],[-71.0373305,46.8556883],[-71.0361429,46.8556632],[-71.0344734,46.855795],[-71.034077,46.8557066],[-71.0338421,46.8555565],[-71.0329513,46.8555256],[-71.0304071,46.8559377],[-71.0301946,46.8559184],[-71.0298315,46.8557239],[-71.0293952,46.8553657],[-71.02911,46.855739],[-71.0280064,46.856101],[-71.0270829,46.8562722],[-71.025869,46.8563166],[-71.0248974,46.8565226],[-71.0239034,46.8565979],[-71.023354,46.8567748],[-71.022203,46.8568554],[-71.0207731,46.857589],[-71.0195538,46.8580059],[-71.0174563,46.8584911],[-71.0163624,46.8588844],[-71.0156704,46.8590417],[-71.0143199,46.8587899],[-71.0130958,46.8582463],[-71.0123318,46.8584799],[-71.0113039,46.8585651],[-71.0105809,46.8588002],[-71.0099573,46.8586211],[-71.0087689,46.85896],[-71.0071836,46.8600829],[-71.0068485,46.8601548],[-71.006418,46.8599803],[-71.0059521,46.8594796],[-71.0059001,46.8592065],[-71.0060451,46.8587376],[-71.0056515,46.8582087],[-71.0051816,46.8578604],[-71.004771,46.8577967],[-71.0042596,46.8578591],[-71.0038213,46.8580853],[-71.003786,46.8582675],[-71.0039214,46.8583235],[-71.0045838,46.858024],[-71.005035,46.8579932],[-71.00558,46.858381],[-71.0057462,46.8588194],[-71.004276,46.859283],[-71.004327,46.8593641],[-71.0042089,46.8593991],[-71.0033202,46.8582752],[-71.0030716,46.8582939],[-71.0033174,46.8587156],[-71.0032476,46.8587638],[-71.0041998,46.86002],[-71.0032818,46.8603747],[-71.0011659,46.8616411],[-71.0,46.861959],[-70.9988618,46.8624343],[-70.9979498,46.8630688],[-70.996271,46.8644252],[-70.9951432,46.8648763],[-70.9948741,46.8651484],[-70.9939688,46.8656984],[-70.9936518,46.8660534],[-70.9927271,46.8665886],[-70.9920135,46.866807],[-70.9915526,46.8668543],[-70.9904697,46.8676629],[-70.9901276,46.8678193],[-70.9893556,46.8679451],[-70.9884998,46.8682399],[-70.9873779,46.8689708],[-70.9866035,46.8696811],[-70.985826,46.8702274],[-70.9845157,46.8709454],[-70.9835975,46.871348],[-70.9828445,46.8714405],[-70.9819751,46.8719523],[-70.9813169,46.8727517],[-70.9789895,46.8751308],[-70.9779572,46.8760203],[-70.9773795,46.8770431],[-70.976682,46.8777168],[-70.9748996,46.8788628],[-70.974392,46.8793291],[-70.9734332,46.879922],[-70.9726352,46.8802613],[-70.9722143,46.8806745],[-70.9713595,46.8813053],[-70.9702911,46.8816766],[-70.9701153,46.881811],[-70.9691205,46.8830946],[-70.9688449,46.8836432],[-70.9685923,46.8845147],[-70.9677329,46.8858542],[-70.9668849,46.8864006],[-70.9659265,46.8865332],[-70.9653166,46.8868373],[-70.9638548,46.8879842],[-70.9611176,46.8904151],[-70.9603529,46.8906963],[-70.9596647,46.8907488],[-70.959373,46.8908901],[-70.9587185,46.8915851],[-70.9582071,46.8917913],[-70.957862,46.8918797],[-70.9569631,46.8917885],[-70.9565363,46.8920177],[-70.9560358,46.8925435],[-70.9557072,46.8931833],[-70.9554669,46.8942022],[-70.955475,46.8944539],[-70.9557452,46.8956788],[-70.9567154,46.8960581],[-70.9569407,46.8962249],[-70.9570648,46.8964698],[-70.9553402,46.8958948],[-70.9549915,46.8956752],[-70.9548165,46.8953972],[-70.9546373,46.8952717],[-70.9543205,46.8951662],[-70.953656,46.8951293],[-70.9532744,46.8951597],[-70.9516972,46.895949],[-70.9499145,46.8966822],[-70.9493519,46.8967593],[-70.9482526,46.8967479],[-70.9475116,46.8969395],[-70.9459965,46.8975729],[-70.9455399,46.8975637],[-70.9437793,46.8970266],[-70.9433781,46.8969941],[-70.9427048,46.8972138],[-70.9416354,46.8981892],[-70.9407823,46.8988397],[-70.939928,46.899154],[-70.9393721,46.8990985],[-70.9391575,46.8992032],[-70.9381198,46.9003408],[-70.9375005,46.9008534],[-70.9362819,46.9013372],[-70.9355987,46.9015253],[-70.9351348,46.9015045],[-70.9342039,46.9012989],[-70.933432,46.9017123],[-70.932925,46.9018141],[-70.9320683,46.9021565],[-70.9310317,46.9029297],[-70.9310468,46.903145],[-70.9305705,46.9038213],[-70.9306095,46.9039471],[-70.9307887,46.9040728],[-70.9314077,46.9042126],[-70.9327294,46.9049758],[-70.9321953,46.9049551],[-70.9311255,46.9043853],[-70.9292455,46.9043432],[-70.9289747,46.904279],[-70.9283574,46.9039189],[-70.9281013,46.9039259],[-70.9271406,46.9042303],[-70.9263853,46.9045907],[-70.9248764,46.9050432],[-70.9240188,46.9050974],[-70.9233088,46.905259],[-70.9219438,46.9061634],[-70.9206655,46.9061701],[-70.9197196,46.9066417],[-70.9171209,46.9071617],[-70.9158545,46.9079682],[-70.9145267,46.9084701],[-70.9134217,46.909119],[-70.9130982,46.9092419],[-70.9121754,46.9093838],[-70.9090464,46.9105271],[-70.9081015,46.9114788],[-70.9076142,46.9118354],[-70.9061609,46.9124565],[-70.9056196,46.91258],[-70.9044738,46.913219],[-70.9031044,46.913617],[-70.9022891,46.9136073],[-70.9019813,46.9137135],[-70.9009583,46.9147811],[-70.8997592,46.9156635],[-70.8986966,46.9160455],[-70.8966864,46.9163707],[-70.8963658,46.915593],[-70.8964688,46.9155153],[-70.896426,46.9153981],[-70.8960533,46.9154516],[-70.896096,46.915674],[-70.8956841,46.9163268],[-70.8956649,46.9164944],[-70.8952442,46.9170221],[-70.893555,46.9179384],[-70.8920495,46.9191661],[-70.8911047,46.9193211],[-70.8901835,46.9191945],[-70.8898138,46.919228],[-70.8884087,46.921187],[-70.8867125,46.9227305],[-70.8864017,46.9232409],[-70.8861989,46.9233488],[-70.8854181,46.9233661],[-70.8834592,46.9241563],[-70.8827556,46.925366],[-70.8825361,46.9255748],[-70.8819951,46.9258784],[-70.8815201,46.9265264],[-70.8811651,46.9267272],[-70.8800752,46.9269385],[-70.8798092,46.9268658],[-70.8792052,46.927085],[-70.8788152,46.9279963],[-70.8784524,46.9292222],[-70.8778905,46.9299713],[-70.8775343,46.9308726],[-70.8770952,46.9313864],[-70.8762185,46.9319056],[-70.8757553,46.9324608],[-70.875365,46.933228],[-70.8746988,46.933891],[-70.8745765,46.9344626],[-70.8740296,46.9356191],[-70.8725507,46.9375582],[-70.8723688,46.9386415],[-70.8719446,46.9394667],[-70.8715777,46.9398562],[-70.87091,46.9411719],[-70.870688,46.9414569],[-70.8698696,46.9423089],[-70.8695846,46.9425096],[-70.8692149,46.9427351],[-70.8679292,46.9432578],[-70.8675088,46.9435464],[-70.8669588,46.9443948],[-70.8668914,46.9446549],[-70.8663336,46.9451555],[-70.8656963,46.945961],[-70.8643899,46.9473135],[-70.862816,46.9493901],[-70.8618137,46.9504128],[-70.8613527,46.9510359],[-70.8606787,46.9516393],[-70.8598448,46.9520838],[-70.8579817,46.9534764],[-70.8564431,46.9551785],[-70.8556515,46.9565853],[-70.8549021,46.9570048],[-70.8541765,46.9571908],[-70.8524951,46.9590652],[-70.8493139,46.9612983],[-70.8475476,46.9633417],[-70.8470061,46.9637412],[-70.8457608,46.9644574],[-70.845188,46.9651269],[-70.8444481,46.9655779],[-70.8439357,46.9661198],[-70.8437545,46.9664065],[-70.8437602,46.9671668],[-70.843981,46.9677266],[-70.8443276,46.9682631],[-70.8448579,46.9686289],[-70.8450688,46.9689171],[-70.8450334,46.9697718],[-70.8449318,46.9697537],[-70.8444759,46.9689472],[-70.8440813,46.9687337],[-70.8438828,46.9687371],[-70.8429224,46.9690126],[-70.8424847,46.969306],[-70.8414447,46.9697902],[-70.8405979,46.969991],[-70.8398724,46.9705131],[-70.8387144,46.9717527],[-70.8375535,46.9725881],[-70.8361311,46.9732464],[-70.8350472,46.9736129],[-70.832945,46.9746905],[-70.8315637,46.9755425],[-70.8305137,46.9760432],[-70.8304146,46.976189],[-70.8299984,46.976421],[-70.8294953,46.9768503],[-70.8290213,46.9773259],[-70.8283444,46.9784376],[-70.8281001,46.9786879],[-70.8268137,46.9806513],[-70.8259598,46.9814169],[-70.8250765,46.9818479],[-70.8249677,46.9820583],[-70.8238642,46.982554],[-70.8233737,46.9839954],[-70.8228439,46.9846383],[-70.8225901,46.9852894],[-70.8221499,46.9859952],[-70.8212183,46.9866051],[-70.8202795,46.9877319],[-70.8199771,46.9879854],[-70.8196892,46.9883582],[-70.819491,46.9891303],[-70.819225,46.989634],[-70.8183152,46.990759],[-70.8162383,46.9918148],[-70.8159019,46.9921263],[-70.8158391,46.9923781],[-70.8155219,46.9924643],[-70.815384,46.9926284],[-70.8147158,46.9928107],[-70.8142274,46.9944642],[-70.8138983,46.9949795],[-70.8134383,46.995238],[-70.8131067,46.9956853],[-70.8128525,46.995808],[-70.8124677,46.9962504],[-70.8119932,46.9965818],[-70.8115864,46.9967492],[-70.8111893,46.9967078],[-70.8099691,46.9974982],[-70.8084192,46.9965939],[-70.8085668,46.9964613],[-70.8083658,46.9963487],[-70.8080705,46.9966138],[-70.8098553,46.9975728],[-70.8094682,46.9985719],[-70.8094078,46.9990357],[-70.809116,47.0],[-70.8089101,47.0003567],[-70.8085372,47.0005622],[-70.8071158,47.0009036],[-70.8068664,47.0011621],[-70.8065705,47.0027852],[-70.8057983,47.0045821],[-70.8056821,47.004829],[-70.8052535,47.0052498],[-70.8050622,47.0058413],[-70.8047426,47.0060998],[-70.8044399,47.0065264],[-70.8040345,47.0074169],[-70.8041701,47.007972],[-70.8041529,47.0095446],[-70.8043021,47.0105597],[-70.803804,47.0128545],[-70.8035541,47.0130884],[-70.8022997,47.0137435],[-70.8013368,47.01465],[-70.8008501,47.014807],[-70.8001947,47.015301],[-70.7976131,47.0182827],[-70.7962201,47.0205922],[-70.7962459,47.0208515],[-70.7961514,47.0212773],[-70.796195,47.0217313],[-70.796321,47.0219483],[-70.7965108,47.0228353],[-70.7967676,47.0232611],[-70.7975963,47.0239587],[-70.7980219,47.0247103],[-70.7985995,47.0252984],[-70.7989024,47.0252851],[-70.7990332,47.0251095],[-70.7989726,47.0247566],[-70.7992319,47.0244335],[-70.7995033,47.0243059]],[[-71.0418931,46.9437381],[-71.0421288,46.9439362],[-71.0423978,46.9440283],[-71.0426251,46.9440227],[-71.0432113,46.9437594],[-71.043846,46.9430969],[-71.0439828,46.9424721],[-71.0438006,46.9423268],[-71.0434651,46.9424469],[-71.0430445,46.9429085],[-71.0425571,46.9431218],[-71.0418931,46.9437381]],[[-70.6576257,46.9682277],[-70.6553807,46.9695131],[-70.6556688,46.9694771],[-70.6576532,46.9687065],[-70.6590741,46.9678191],[-70.659421,46.9675396],[-70.6595916,46.9671539],[-70.6593326,46.9671883],[-70.6581086,46.9678126],[-70.6576257,46.9682277]],[[-70.8021172,46.9608869],[-70.8008567,46.9615794],[-70.7997438,46.9620913],[-70.7983961,46.9630288],[-70.7972734,46.9636533],[-70.7964725,46.9639432],[-70.7940189,46.9650679],[-70.7920056,46.9661594],[-70.7908877,46.9665834],[-70.7897672,46.9672277],[-70.7892155,46.9673072],[-70.7872551,46.9685477],[-70.7864032,46.9691887],[-70.7851035,46.9698511],[-70.7838884,46.9705848],[-70.7827338,46.9715272],[-70.7815961,46.9723205],[-70.7811821,46.9725722],[-70.7801341,46.972948],[-70.7798363,46.9731451],[-70.7797758,46.9732246],[-70.7797123,46.9745813],[-70.7794871,46.9749424],[-70.7795182,46.9759214],[-70.7790968,46.9763537],[-70.7785037,46.9767197],[-70.7784648,46.9771222],[-70.7787018,46.977485],[-70.779389,46.9781346],[-70.7797891,46.9783931],[-70.7825472,46.9793842],[-70.7831716,46.9794207],[-70.7839923,46.9791939],[-70.7847742,46.9788411],[-70.7869143,46.9767657],[-70.7881271,46.9760121],[-70.7890639,46.9752022],[-70.7900612,46.9741205],[-70.791194,46.9730472],[-70.7915329,46.9726115],[-70.7923292,46.9718976],[-70.7946235,46.9701335],[-70.7955891,46.969562],[-70.7968136,46.9684754],[-70.7975178,46.9677266],[-70.797888,46.9669249],[-70.7986236,46.9662424],[-70.7998456,46.965376],[-70.800823,46.9641353],[-70.8029279,46.9626941],[-70.803569,46.9619569],[-70.8035157,46.9613275],[-70.8030704,46.9609366],[-70.8021172,46.9608869]],[[-70.7186558,47.0223888],[-70.7195256,47.022416],[-70.7200709,47.0223254],[-70.7216419,47.0217567],[-70.7225514,47.0212372],[-70.7231938,47.0210289],[-70.7242987,47.0209188],[-70.7252102,47.0206113],[-70.7283582,47.02011],[-70.7295241,47.0197762],[-70.7314013,47.0184454],[-70.7336893,47.0177561],[-70.7349479,47.0168325],[-70.7362035,47.0163694],[-70.7370568,47.015921],[-70.7380583,47.015244],[-70.74022,47.0145296],[-70.7410441,47.0141788],[-70.7415994,47.0137832],[-70.7431653,47.0129342],[-70.7448261,47.0117074],[-70.7459868,47.0113336],[-70.7479911,47.0103837],[-70.7484759,47.0100361],[-70.749024,47.0094366],[-70.7513411,47.0079765],[-70.752197,47.0071154],[-70.7531228,47.0065906],[-70.7538088,47.0059713],[-70.7546666,47.0055625],[-70.7550932,47.0052181],[-70.7554497,47.0047295],[-70.7570004,47.0039051],[-70.7578365,47.0033173],[-70.7596464,47.0023622],[-70.7599979,47.0019779],[-70.7602385,47.0010155],[-70.7606409,47.0005683],[-70.7606312,47.0004888],[-70.7604957,47.0004324],[-70.7601663,47.0004671],[-70.7591514,47.0007847],[-70.7581586,47.0006568],[-70.7577348,47.0006848],[-70.7563901,47.0013253],[-70.7559372,47.001451],[-70.7550068,47.001936],[-70.7545247,47.0020634],[-70.7525474,47.0031841],[-70.7494241,47.0046537],[-70.7476142,47.0053204],[-70.7460221,47.0060469],[-70.7455105,47.0065602],[-70.7440421,47.0070514],[-70.7425662,47.0077712],[-70.7415729,47.0079794],[-70.7403443,47.008421],[-70.7392509,47.0092073],[-70.7386255,47.0095548],[-70.7380366,47.0098162],[-70.7364374,47.0102427],[-70.7359161,47.0105803],[-70.7342632,47.0112419],[-70.7330072,47.0120893],[-70.7324497,47.0123689],[-70.7295391,47.0132334],[-70.72887,47.0135593],[-70.7276746,47.0143271],[-70.7254757,47.0153676],[-70.7225124,47.0171116],[-70.7211741,47.0177152],[-70.7198387,47.0180505],[-70.7192349,47.0183366],[-70.7181871,47.01902],[-70.7165602,47.0197078],[-70.7158494,47.0201761],[-70.7149291,47.0212887],[-70.7142109,47.0218415],[-70.7122755,47.0228388],[-70.7120353,47.0230324],[-70.7119083,47.023536],[-70.7117141,47.0237231],[-70.7117013,47.0240561],[-70.7118489,47.0241639],[-70.7131688,47.0244783],[-70.7136316,47.0244804],[-70.7139686,47.0243614],[-70.7148809,47.0237177],[-70.7170141,47.0231496],[-70.7182752,47.0224862],[-70.7186558,47.0223888]],[[-70.8974948,47.0295477],[-70.8930576,47.0316435],[-70.89284,47.0318723],[-70.8928718,47.0320347],[-70.8929423,47.0321307],[-70.8933255,47.0322446],[-70.8939361,47.0322092],[-70.8945634,47.0320727],[-70.8961132,47.0315342],[-70.8975417,47.0309627],[-70.8989334,47.0302371],[-70.8994778,47.0298571],[-70.8996392,47.0294592],[-70.8995393,47.0292208],[-70.8990254,47.0291385],[-70.8984294,47.0291971],[-70.8974948,47.0295477]],[[-70.8770102,47.0410751],[-70.8772212,47.0411711],[-70.8777957,47.0411739],[-70.8788352,47.0410056],[-70.8808264,47.0403377],[-70.8812772,47.0402876],[-70.8818589,47.040302],[-70.8823731,47.0404805],[-70.8830621,47.040793],[-70.8832468,47.0410066],[-70.8836326,47.0412366],[-70.8838339,47.041301],[-70.8841149,47.0412047],[-70.8834883,47.0405922],[-70.8818708,47.0401612],[-70.8811387,47.0401154],[-70.8800047,47.0403252],[-70.8792683,47.0405761],[-70.8780928,47.0406401],[-70.8770754,47.0409873],[-70.8770102,47.0410751]],[[-70.8847791,47.0424518],[-70.8846766,47.0420973],[-70.8842009,47.0418044],[-70.8834491,47.0415997],[-70.883624,47.0417818],[-70.8840389,47.041962],[-70.8845441,47.0424934],[-70.8847791,47.0424518]],[[-71.7417787,46.6809664],[-71.7419975,46.6802989],[-71.7419228,46.6797355],[-71.7417533,46.6795668],[-71.7412644,46.6799722],[-71.741144,46.6801885],[-71.7413154,46.6807775],[-71.7415817,46.6809717],[-71.7417787,46.6809664]],[[-71.7452007,46.690216],[-71.7449958,46.6900857],[-71.7447931,46.6900514],[-71.7447905,46.6901557],[-71.7449135,46.6902835],[-71.7452195,46.6903068],[-71.7452007,46.690216]],[[-71.7470737,46.6925317],[-71.7489382,46.6931181],[-71.7486051,46.6926202],[-71.7480696,46.692212],[-71.7470396,46.6918453],[-71.7461702,46.691788],[-71.7467088,46.6923402],[-71.7470737,46.6925317]],[[-71.7357659,46.6984737],[-71.7357589,46.6991588],[-71.735824,46.6991665],[-71.735965,46.6990128],[-71.7362952,46.6976972],[-71.7359573,46.6979803],[-71.7357659,46.6984737]],[[-71.6944771,46.7370232],[-71.6946331,46.7367684],[-71.6946525,46.7358381],[-71.6945014,46.7355119],[-71.694386,46.7355196],[-71.6942663,46.7357839],[-71.6942558,46.7364494],[-71.6943662,46.7368985],[-71.6944771,46.7370232]],[[-71.6987284,46.7425165],[-71.6986296,46.7423949],[-71.6983225,46.7424476],[-71.698578,46.7428109],[-71.6987157,46.7427135],[-71.6987284,46.7425165]],[[-71.3866746,46.9358649],[-71.3862214,46.9361461],[-71.3862509,46.9363645],[-71.3866582,46.9362626],[-71.3866746,46.9358649]],[[-71.398939,46.9620956],[-71.39914,46.9621109],[-71.3993539,46.9620051],[-71.3990618,46.9617072],[-71.3989498,46.9618909],[-71.398939,46.9620956]],[[-71.3933078,46.9573111],[-71.3932336,46.9572309],[-71.3925785,46.9573069],[-71.3923096,46.9575473],[-71.392325,46.9577625],[-71.3924672,46.9579228],[-71.3928473,46.9579123],[-71.3933078,46.9573111]],[[-71.3924943,46.9545685],[-71.3915116,46.9543545],[-71.3915115,46.9545268],[-71.3923897,46.9547034],[-71.3925462,46.9546494],[-71.3924943,46.9545685]],[[-71.3842248,46.9636789],[-71.3843509,46.963703],[-71.3854196,46.9636432],[-71.3850501,46.9633341],[-71.384733,46.9633262],[-71.3842248,46.9636789]],[[-71.3840407,46.966215],[-71.3843047,46.9658737],[-71.3839822,46.9658261],[-71.3839301,46.9660898],[-71.3840407,46.966215]],[[-71.2790592,46.7033875],[-71.2781466,46.7026443],[-71.2770464,46.7018888],[-71.2767873,46.701733],[-71.2765151,46.701698],[-71.2762907,46.7025083],[-71.2763463,46.7031931],[-71.2774419,46.7041769],[-71.2778766,46.7043418],[-71.2782957,46.7043876],[-71.2795056,46.7043879],[-71.2795648,46.7043082],[-71.2795365,46.7039178],[-71.2790592,46.7033875]],[[-71.2488453,46.8145697],[-71.2479387,46.8149932],[-71.247574,46.8152319],[-71.2480407,46.8153714],[-71.2488185,46.8152098],[-71.2491672,46.8149529],[-71.2495105,46.814828],[-71.2498649,46.8144523],[-71.2498928,46.8142791],[-71.2498533,46.8142222],[-71.2496929,46.8143361],[-71.2488453,46.8145697]],[[-71.3239516,46.8240268],[-71.3236995,46.8239423],[-71.3234715,46.8239166],[-71.3237075,46.8240616],[-71.3239516,46.8240268]],[[-71.3645475,46.8880653],[-71.36521,46.8884413],[-71.3653666,46.8884394],[-71.3654193,46.8883613],[-71.3653875,46.8881952],[-71.3652012,46.8879827],[-71.3648493,46.8878518],[-71.3646359,46.8878839],[-71.3645475,46.8880653]],[[-71.3679378,46.9099423],[-71.3678938,46.9100932],[-71.3680201,46.9101698],[-71.3683762,46.9102029],[-71.3693008,46.9101243],[-71.3698084,46.909944],[-71.3698024,46.9098563],[-71.3696737,46.9098123],[-71.3693813,46.9098108],[-71.3681468,46.9098449],[-71.3679378,46.9099423]],[[-71.2403949,46.6286194],[-71.2399092,46.6285456],[-71.2396557,46.6286494],[-71.2386803,46.6293141],[-71.2380687,46.6300961],[-71.2380196,46.6304752],[-71.2376667,46.6311931],[-71.2377137,46.6313302],[-71.237865,46.6313328],[-71.238118,46.631181],[-71.2381933,46.6312683],[-71.2379159,46.6323416],[-71.2379948,46.6325447],[-71.2385238,46.6323718],[-71.2393111,46.6318668],[-71.2401128,46.6311169],[-71.2404849,46.6306337],[-71.2407404,46.6300139],[-71.2407263,46.6293307],[-71.2405619,46.628741],[-71.2403949,46.6286194]],[[-71.2358033,46.6398371],[-71.2362026,46.6406243],[-71.2362164,46.6410394],[-71.2369102,46.6417243],[-71.2370542,46.6417153],[-71.2372355,46.640396],[-71.2371949,46.6401746],[-71.2369599,46.6399772],[-71.2368983,46.639817],[-71.2371355,46.6397662],[-71.2371782,46.6394716],[-71.2365111,46.638813],[-71.2362393,46.6382899],[-71.2360969,46.6382228],[-71.2355876,46.6391665],[-71.2358033,46.6398371]],[[-71.2572822,46.6535362],[-71.2564803,46.6545064],[-71.2564084,46.6547549],[-71.2564297,46.6551816],[-71.2566747,46.6556304],[-71.256718,46.6558717],[-71.2570458,46.6561993],[-71.2577108,46.6556897],[-71.257867,46.655464],[-71.2579042,46.6542015],[-71.2576634,46.6539165],[-71.2576745,46.6536038],[-71.2575095,46.653454],[-71.2572822,46.6535362]],[[-71.2557105,46.6539543],[-71.2552004,46.6536541],[-71.2548872,46.6535696],[-71.25459,46.6538722],[-71.254713,46.6541446],[-71.2554011,46.6546937],[-71.2555525,46.6546963],[-71.2557663,46.6544669],[-71.2557105,46.6539543]],[[-71.2541376,46.6535684],[-71.2544169,46.6533949],[-71.2544129,46.6530112],[-71.2543207,46.6529289],[-71.2539745,46.6529025],[-71.2539469,46.6534883],[-71.2541376,46.6535684]],[[-71.2561938,46.651932],[-71.2555852,46.6518539],[-71.2546865,46.6513819],[-71.2544322,46.6509497],[-71.2541755,46.6509857],[-71.2541353,46.6517403],[-71.254268,46.6524841],[-71.2545827,46.6527125],[-71.2548381,46.6532407],[-71.2550879,46.6534611],[-71.2555797,46.6536225],[-71.256577,46.6536522],[-71.2567982,46.6534344],[-71.2570079,46.6530413],[-71.2573532,46.6527517],[-71.2573313,46.6524971],[-71.256804,46.6521539],[-71.2561938,46.651932]],[[-71.2546909,46.6564062],[-71.2540462,46.6560984],[-71.2537638,46.656204],[-71.2533675,46.6566808],[-71.2530037,46.6581996],[-71.2529981,46.6588201],[-71.2531734,46.6592692],[-71.2535973,46.6591347],[-71.2541586,46.6588077],[-71.25471,46.6582292],[-71.2550278,46.6575974],[-71.2550835,46.6571818],[-71.2549789,46.6568283],[-71.2546909,46.6564062]],[[-71.249978,46.6595424],[-71.2499732,46.6603505],[-71.2498643,46.6603956],[-71.2499828,46.6603521],[-71.2505104,46.6601393],[-71.249978,46.6603505],[-71.249978,46.6595424]],[[-70.9255156,46.3533506],[-70.9254385,46.3530996],[-70.9252115,46.3529892],[-70.92509,46.3530323],[-70.9250783,46.3531249],[-70.9252796,46.3534005],[-70.9255156,46.3533506]],[[-70.9250674,46.353457],[-70.9248786,46.3533763],[-70.9248908,46.3534754],[-70.9247836,46.3535416],[-70.9248531,46.3536374],[-70.9248153,46.3537514],[-70.9249085,46.3538058],[-70.9250674,46.353457]],[[-70.9251332,46.3547869],[-70.9252616,46.3546116],[-70.9254213,46.3545503],[-70.925292,46.3543902],[-70.9251206,46.3545441],[-70.9249654,46.3545013],[-70.9249708,46.3547326],[-70.9251332,46.3547869]],[[-71.2356658,46.6866034],[-71.2355786,46.6867809],[-71.2360641,46.6872468],[-71.2368805,46.6876202],[-71.2373743,46.6877056],[-71.2368048,46.6872648],[-71.2363359,46.6870139],[-71.2359477,46.6866699],[-71.2356658,46.6866034]],[[-71.2658369,46.6954831],[-71.2665626,46.6952097],[-71.2664588,46.6951722],[-71.2656807,46.6952688],[-71.2656508,46.6953947],[-71.2658369,46.6954831]],[[-71.2799088,46.7061594],[-71.2801149,46.7060905],[-71.2806731,46.705394],[-71.2799268,46.7057831],[-71.27986,46.7060984],[-71.2799088,46.7061594]],[[-71.2810391,46.708689],[-71.281388,46.7086018],[-71.2817209,46.7083562],[-71.2817323,46.7080172],[-71.2815491,46.7075509],[-71.2811733,46.7071375],[-71.2808949,46.7071661],[-71.2806633,46.7072986],[-71.2802282,46.7079312],[-71.2803314,46.7083499],[-71.2805667,46.7085656],[-71.2810391,46.708689]],[[-71.2835941,46.7083961],[-71.2840193,46.7085587],[-71.2841902,46.7086213],[-71.2840443,46.7084211],[-71.2838192,46.7083419],[-71.2835941,46.7083961]],[[-71.2836524,46.7088297],[-71.2839526,46.7091341],[-71.2840318,46.7090799],[-71.28384,46.7088339],[-71.2836524,46.7088297]],[[-71.2847239,46.7093509],[-71.2844821,46.7089381],[-71.2843028,46.708788],[-71.2842444,46.7088381],[-71.2844529,46.7092216],[-71.2847239,46.7093509]],[[-71.2807616,46.709621],[-71.2818073,46.7106823],[-71.2825911,46.7112508],[-71.2828715,46.7111952],[-71.2831096,46.7109724],[-71.2831253,46.7103705],[-71.2825214,46.7092145],[-71.2823689,46.7091178],[-71.2821761,46.7090612],[-71.2812872,46.7090925],[-71.2808332,46.7091718],[-71.2807211,46.7092907],[-71.2807616,46.709621]],[[-71.2839022,46.7142035],[-71.2839339,46.7142633],[-71.2840135,46.7142268],[-71.2839632,46.7141981],[-71.2839022,46.7142035]],[[-71.2827605,46.7146661],[-71.2829311,46.7147494],[-71.2834151,46.7143821],[-71.2826748,46.7144935],[-71.2827605,46.7146661]],[[-71.2832025,46.7149649],[-71.2836722,46.7147521],[-71.283856,46.7143157],[-71.2834967,46.7144116],[-71.2833325,46.714609],[-71.2830251,46.7147798],[-71.2832025,46.7149649]],[[-71.2817094,46.7151681],[-71.2816927,46.7150653],[-71.2823629,46.7148402],[-71.2819036,46.7148351],[-71.2812995,46.7150542],[-71.281421,46.7152253],[-71.2817094,46.7151681]],[[-70.6874796,46.1250468],[-70.687374,46.1242131],[-70.6871403,46.1237044],[-70.6854683,46.1223238],[-70.6846004,46.122076],[-70.6841106,46.1220859],[-70.6828668,46.1224091],[-70.6833325,46.1229108],[-70.6834824,46.1228854],[-70.6841688,46.1234399],[-70.6850623,46.1240193],[-70.686184,46.1246416],[-70.6874327,46.125151],[-70.6874796,46.1250468]],[[-70.7201188,46.1860938],[-70.718754,46.1849468],[-70.7182218,46.1847697],[-70.7180673,46.1847745],[-70.7179839,46.184895],[-70.7180473,46.1853342],[-70.7181446,46.1854284],[-70.7187051,46.1856996],[-70.7199109,46.1866681],[-70.7207207,46.1871526],[-70.7210058,46.1872321],[-70.7214783,46.1875841],[-70.721554,46.1877873],[-70.7213182,46.1880281],[-70.7214656,46.1880596],[-70.7217797,46.1878502],[-70.7218584,46.187738],[-70.7217276,46.1877494],[-70.7216593,46.1873663],[-70.721396,46.1870343],[-70.7201188,46.1860938]],[[-70.7185504,46.1858002],[-70.7180897,46.1855472],[-70.7178685,46.1856196],[-70.7177066,46.1857565],[-70.7176516,46.1859232],[-70.7179224,46.1860754],[-70.7176676,46.1863013],[-70.7173423,46.187437],[-70.7172767,46.1881947],[-70.7173849,46.1888189],[-70.717693,46.189336],[-70.7202268,46.1908951],[-70.7201202,46.1906737],[-70.7200578,46.1897078],[-70.7202488,46.1891863],[-70.7208159,46.1884438],[-70.7208155,46.1882314],[-70.720328,46.1874263],[-70.7189274,46.1863173],[-70.7185504,46.1858002]],[[-70.7585593,46.1962259],[-70.7581076,46.1961002],[-70.7578603,46.1961942],[-70.7580314,46.1962802],[-70.7584807,46.1962903],[-70.7585593,46.1962259]],[[-70.75699,46.1962682],[-70.7563124,46.1961754],[-70.7562458,46.1962431],[-70.7563836,46.1963868],[-70.7565524,46.196405],[-70.75699,46.1962682]],[[-70.7594788,46.1969511],[-70.7586993,46.1965331],[-70.7582237,46.1965444],[-70.7582046,46.1966253],[-70.7585254,46.1969062],[-70.7588534,46.197007],[-70.7593979,46.1969957],[-70.7594788,46.1969511]],[[-70.7495079,46.1981419],[-70.7498459,46.1978432],[-70.7509262,46.197071],[-70.7504433,46.1972623],[-70.7483825,46.1988248],[-70.7495079,46.1981419]],[[-70.7628344,46.1990725],[-70.7645462,46.1993092],[-70.765005,46.1994464],[-70.7661297,46.1995294],[-70.7671019,46.1999243],[-70.7675392,46.2002184],[-70.7681788,46.2003771],[-70.7692559,46.2004946],[-70.7694177,46.2003576],[-70.768752,46.2000768],[-70.7680177,46.1994607],[-70.7669647,46.1989187],[-70.7644637,46.1983763],[-70.7634199,46.1982967],[-70.7613944,46.1979343],[-70.7607238,46.1979489],[-70.7609376,46.1982],[-70.7621617,46.1988279],[-70.7628344,46.1990725]],[[-70.7755066,46.2066865],[-70.7752594,46.2063017],[-70.7750739,46.2064321],[-70.7751165,46.2067888],[-70.7752592,46.2068284],[-70.7755066,46.2066865]],[[-70.77552,46.2091553],[-70.7759647,46.2108566],[-70.7762684,46.2114675],[-70.7766512,46.2117764],[-70.7767823,46.2116174],[-70.7767946,46.210935],[-70.7769775,46.2098339],[-70.776911,46.2094955],[-70.7763337,46.2087111],[-70.7760042,46.2084163],[-70.7757884,46.2083736],[-70.775653,46.2084112],[-70.7755359,46.2086912],[-70.77552,46.2091553]],[[-70.8032247,46.2268175],[-70.8030796,46.2268538],[-70.8031891,46.227047],[-70.8036078,46.2272303],[-70.8034531,46.2269479],[-70.8032247,46.2268175]],[[-71.1272845,46.5257428],[-71.1276442,46.5257928],[-71.1281243,46.5252917],[-71.128224,46.5248499],[-71.1278563,46.5250083],[-71.1272845,46.5257428]],[[-71.1267029,46.5261302],[-71.1275307,46.5263074],[-71.1276478,46.5262723],[-71.1272579,46.5260323],[-71.1271368,46.5258558],[-71.1267029,46.5261302]],[[-71.1280907,46.5271966],[-71.1282864,46.5274125],[-71.1288156,46.5273842],[-71.12904,46.5272825],[-71.1292325,46.5270669],[-71.1292408,46.5269065],[-71.1291946,46.5268173],[-71.1288655,46.5266895],[-71.1278573,46.5264154],[-71.1277842,46.5265678],[-71.1280704,46.527038],[-71.1280907,46.5271966]],[[-71.1311951,46.5268349],[-71.1330155,46.5274351],[-71.1328609,46.5269529],[-71.1325787,46.5266943],[-71.1322735,46.5265731],[-71.1307084,46.5264729],[-71.1307142,46.5266085],[-71.1311951,46.5268349]],[[-71.1256326,46.5278106],[-71.1265321,46.5276437],[-71.1265696,46.5275295],[-71.12639,46.5272126],[-71.1260343,46.5270585],[-71.1255207,46.5266222],[-71.1243485,46.5265139],[-71.1240281,46.5265894],[-71.1240149,46.5270739],[-71.1243338,46.5274382],[-71.1251202,46.5275181],[-71.1254599,46.5277732],[-71.1256326,46.5278106]],[[-71.1274778,46.5275659],[-71.1278252,46.5275647],[-71.1278914,46.5274487],[-71.1278659,46.5272504],[-71.1276048,46.5269305],[-71.1271516,46.5268743],[-71.1271069,46.5269769],[-71.1272174,46.527342],[-71.1272927,46.5274773],[-71.1274778,46.5275659]],[[-71.1423603,46.5328555],[-71.1443259,46.5332747],[-71.1450763,46.5333446],[-71.1442519,46.5330154],[-71.1432675,46.5327479],[-71.1421529,46.5326843],[-71.1423603,46.5328555]],[[-71.1730293,46.5484063],[-71.1731696,46.5485496],[-71.1746296,46.5485916],[-71.1753753,46.5483538],[-71.1755633,46.5481942],[-71.1742865,46.548001],[-71.173836,46.5480128],[-71.1730293,46.5484063]],[[-71.1765903,46.5486067],[-71.1775796,46.5485498],[-71.1782245,46.548562],[-71.1778251,46.5483867],[-71.1771223,46.5483301],[-71.176704,46.5484558],[-71.1765903,46.5486067]],[[-71.2066033,46.5638295],[-71.206229,46.5635368],[-71.2062342,46.5638443],[-71.2066218,46.5640163],[-71.2066033,46.5638295]],[[-71.2127483,46.5744572],[-71.2128912,46.5743524],[-71.2130883,46.5743961],[-71.2130355,46.5751472],[-71.2130776,46.5752926],[-71.2132926,46.5752072],[-71.2133943,46.575053],[-71.2135255,46.5739691],[-71.2133297,46.5738013],[-71.2131607,46.5741957],[-71.2130641,46.5741217],[-71.2129892,46.5738145],[-71.2126168,46.5732257],[-71.2125453,46.5727663],[-71.2122811,46.5724748],[-71.2120669,46.5723881],[-71.2118488,46.5724056],[-71.211759,46.573051],[-71.2121386,46.5733833],[-71.2122092,46.5737468],[-71.2125648,46.5740727],[-71.2125727,46.5744001],[-71.2127483,46.5744572]],[[-71.2117812,46.5771804],[-71.2130627,46.5780247],[-71.2131668,46.5776224],[-71.2131541,46.5770353],[-71.2130316,46.576763],[-71.2125612,46.5762243],[-71.212726,46.5761541],[-71.2125151,46.5759153],[-71.2124973,46.5755565],[-71.2127382,46.5756695],[-71.2128816,46.5756126],[-71.2129403,46.575485],[-71.2125791,46.5750715],[-71.2124216,46.5751533],[-71.2122895,46.5753854],[-71.2119924,46.5754198],[-71.2117416,46.5770549],[-71.2117812,46.5771804]],[[-71.2103036,46.5784357],[-71.2100926,46.5789526],[-71.2100221,46.5796128],[-71.2100313,46.5800841],[-71.2102522,46.5813781],[-71.2104606,46.5818651],[-71.2108241,46.5822504],[-71.211729,46.5828302],[-71.211805,46.5827455],[-71.2118722,46.5814816],[-71.2120545,46.5802107],[-71.2121076,46.5799954],[-71.2126773,46.5791163],[-71.2127044,46.5784348],[-71.2126258,46.5782318],[-71.2122894,46.5779207],[-71.2116504,46.5775564],[-71.2111627,46.5774627],[-71.2108434,46.5776824],[-71.2103036,46.5784357]],[[-71.2341081,46.6210948],[-71.2343186,46.6210177],[-71.2343932,46.6207891],[-71.2344662,46.6199286],[-71.2352107,46.6192303],[-71.235308,46.6186443],[-71.2352275,46.6185173],[-71.2349484,46.6186907],[-71.2349109,46.618537],[-71.2346737,46.6185878],[-71.2343688,46.6188307],[-71.234148,46.6193164],[-71.233685,46.6195932],[-71.2335791,46.6198037],[-71.2336884,46.6199289],[-71.233708,46.6202117],[-71.2336162,46.6203974],[-71.2333706,46.6205607],[-71.2334145,46.6206299],[-71.2333001,46.620953],[-71.2333303,46.6210951],[-71.2334292,46.621141],[-71.2336663,46.6210902],[-71.2337893,46.6211426],[-71.2336605,46.6217106],[-71.2337724,46.6218556],[-71.2344962,46.6214866],[-71.2346743,46.6212956],[-71.2346325,46.6211982],[-71.2344692,46.6211923],[-71.2340456,46.6213266],[-71.2341081,46.6210948]],[[-71.2364985,46.6301218],[-71.2370017,46.6300185],[-71.2372736,46.6298336],[-71.2377335,46.629001],[-71.2385883,46.6285238],[-71.2387282,46.6283511],[-71.2387945,46.628015],[-71.2387385,46.6279425],[-71.237658,46.6279377],[-71.2371593,46.6282527],[-71.2370774,46.6284698],[-71.2371198,46.6291032],[-71.2368822,46.6295939],[-71.2364647,46.6298639],[-71.2364985,46.6301218]],[[-71.2357687,46.6289392],[-71.2351506,46.6298056],[-71.2352311,46.6299326],[-71.2358515,46.630014],[-71.2360803,46.6293678],[-71.2361258,46.628873],[-71.2359285,46.6288293],[-71.2357687,46.6289392]],[[-71.2364769,46.6308431],[-71.2367564,46.6321337],[-71.2368416,46.6322524],[-71.2371244,46.6321948],[-71.2371879,46.6320589],[-71.2372003,46.6316221],[-71.2371127,46.6312636],[-71.2371648,46.6309523],[-71.237254,46.6307468],[-71.2373236,46.6307465],[-71.2373438,46.6315652],[-71.2375076,46.631619],[-71.2378142,46.6301039],[-71.2376761,46.6299805],[-71.2373829,46.6299588],[-71.2369644,46.6301328],[-71.2367287,46.6303275],[-71.2364769,46.6308431]],[[-71.2337177,46.6303467],[-71.2333912,46.630603],[-71.2332067,46.6308785],[-71.2329221,46.6317201],[-71.2329305,46.6332916],[-71.2328027,46.6349315],[-71.2335595,46.6364085],[-71.2341729,46.6372344],[-71.2348322,46.6383214],[-71.2349767,46.6383604],[-71.2351455,46.6381859],[-71.2353462,46.6368814],[-71.2360586,46.6348731],[-71.2361343,46.6333244],[-71.2358918,46.6328475],[-71.2356582,46.631818],[-71.2356262,46.630776],[-71.2346458,46.629985],[-71.2342468,46.6299538],[-71.2340531,46.6300259],[-71.2338168,46.6301726],[-71.2337177,46.6303467]],[[-71.2417501,46.6445713],[-71.241414,46.6443562],[-71.2418196,46.644791],[-71.2417501,46.6445713]],[[-71.2421633,46.6459937],[-71.242401,46.6459909],[-71.2420744,46.6457592],[-71.2417984,46.6457804],[-71.2421633,46.6459937]],[[-71.2561695,46.6571781],[-71.2561189,46.6578533],[-71.2557765,46.6584308],[-71.2551906,46.6589234],[-71.2552497,46.6590637],[-71.2554498,46.6591272],[-71.2557055,46.6589953],[-71.2563948,46.6582722],[-71.2569327,46.6573265],[-71.2568023,46.6572626],[-71.2566325,46.6573412],[-71.2565288,46.6573037],[-71.256344,46.6570912],[-71.2561695,46.6571781]],[[-70.7125324,46.161924],[-70.7125012,46.1620973],[-70.7125979,46.1624309],[-70.7128334,46.1622858],[-70.7128481,46.1620696],[-70.7127105,46.1619737],[-70.7128866,46.1618121],[-70.7126563,46.1617095],[-70.7123354,46.1618116],[-70.7125324,46.161924]],[[-70.7152845,46.1639851],[-70.715002,46.1638297],[-70.7145516,46.1633208],[-70.7147217,46.1638377],[-70.7150822,46.1641682],[-70.715296,46.1641799],[-70.7152845,46.1639851]],[[-70.7123396,46.1657885],[-70.7129328,46.1662414],[-70.7130804,46.1660814],[-70.7134702,46.1659794],[-70.7140997,46.1660592],[-70.7150204,46.1667088],[-70.7155715,46.1668051],[-70.7155622,46.1666779],[-70.7149888,46.1658091],[-70.713614,46.1640843],[-70.713157,46.1632766],[-70.7126995,46.1627562],[-70.7124591,46.1629574],[-70.7125443,46.163144],[-70.7125294,46.1635039],[-70.7123745,46.1637002],[-70.7121156,46.163695],[-70.7119536,46.1639276],[-70.7118376,46.1649395],[-70.7118917,46.1652037],[-70.7120434,46.1654184],[-70.7123396,46.1657885]],[[-70.7129561,46.1664874],[-70.7134505,46.1663475],[-70.7134935,46.1662254],[-70.7132131,46.1662812],[-70.7129561,46.1664874]],[[-70.7166938,46.1676546],[-70.7169453,46.1678397],[-70.7170019,46.1680759],[-70.7163542,46.1675503],[-70.7162569,46.167504],[-70.7162282,46.1676014],[-70.7165481,46.1680738],[-70.7168779,46.1683382],[-70.7170013,46.168411],[-70.7170514,46.1683004],[-70.717289,46.1683188],[-70.7179009,46.168978],[-70.7182095,46.169112],[-70.7180534,46.168714],[-70.717577,46.1680351],[-70.7164959,46.1667085],[-70.7163535,46.1666687],[-70.7163786,46.1672218],[-70.7166938,46.1676546]],[[-70.7145715,46.1704444],[-70.715606,46.171279],[-70.7160604,46.1722584],[-70.7161653,46.1733894],[-70.716119,46.1740184],[-70.71618,46.1757024],[-70.7166011,46.1754749],[-70.716794,46.1752605],[-70.7171027,46.174082],[-70.7174695,46.1736382],[-70.7175692,46.1737043],[-70.7170199,46.1751798],[-70.7160745,46.176219],[-70.715969,46.1767357],[-70.7155398,46.1774782],[-70.715028,46.1779582],[-70.7136881,46.1789162],[-70.7134808,46.1792033],[-70.7135248,46.1797712],[-70.7136954,46.1800488],[-70.7145858,46.1805366],[-70.7159635,46.1810166],[-70.7162244,46.1800164],[-70.7166158,46.1791004],[-70.7173472,46.1768327],[-70.7179746,46.1755323],[-70.718185,46.1735216],[-70.7182088,46.1721679],[-70.7181306,46.1707282],[-70.7179583,46.1700479],[-70.7173375,46.16907],[-70.7157339,46.1676455],[-70.7155447,46.1671616],[-70.7153811,46.1669914],[-70.7137262,46.1662999],[-70.7135908,46.1663196],[-70.7131246,46.1665536],[-70.7132533,46.1675954],[-70.7135531,46.1686275],[-70.7138679,46.1692997],[-70.7138867,46.1694103],[-70.7137461,46.1696297],[-70.713905,46.1697603],[-70.7139735,46.1699998],[-70.714363,46.1700893],[-70.7145715,46.1704444]],[[-70.7224746,46.1929971],[-70.7221614,46.1926319],[-70.7221374,46.192769],[-70.7222536,46.1929738],[-70.7229749,46.1938263],[-70.7232,46.1942723],[-70.723704,46.1942595],[-70.7238992,46.1941127],[-70.7237272,46.1931929],[-70.7233648,46.1924117],[-70.7233251,46.1919791],[-70.7232237,46.1900539],[-70.7235498,46.1898477],[-70.7235318,46.1892104],[-70.7234275,46.1890089],[-70.7227195,46.1887541],[-70.722526,46.1888299],[-70.7223197,46.1891791],[-70.7206342,46.1904051],[-70.7207049,46.1907601],[-70.7215287,46.1914113],[-70.7220729,46.1915438],[-70.7226078,46.1929576],[-70.7224746,46.1929971]],[[-70.7218151,46.1921809],[-70.7216659,46.1918423],[-70.7213454,46.1915614],[-70.7210007,46.1915611],[-70.7217864,46.1922783],[-70.7218151,46.1921809]],[[-70.7253417,46.1960093],[-70.725776,46.1964753],[-70.7262585,46.1965714],[-70.7263394,46.1965269],[-70.7262162,46.1962626],[-70.7257534,46.1957504],[-70.7249692,46.1955318],[-70.7249878,46.1957861],[-70.7253417,46.1960093]],[[-70.7257422,46.1968203],[-70.7259032,46.1972101],[-70.7266923,46.1974204],[-70.7266642,46.1971347],[-70.7263772,46.1967003],[-70.7259351,46.1966058],[-70.7257422,46.1968203]],[[-70.7256557,46.1973519],[-70.7253472,46.1969785],[-70.7254117,46.1967953],[-70.7252407,46.1967093],[-70.7250243,46.1967256],[-70.7249979,46.1968428],[-70.7250738,46.1969502],[-70.7256557,46.1973519]],[[-71.0591718,46.4721514],[-71.0590297,46.4719882],[-71.0587588,46.4719046],[-71.0585978,46.4721861],[-71.0591718,46.4721514]],[[-71.0643805,46.4792497],[-71.0634592,46.4780506],[-71.0627649,46.4768177],[-71.0626771,46.4765353],[-71.0627032,46.4761021],[-71.0625709,46.4751949],[-71.0620934,46.4745764],[-71.0603493,46.4729994],[-71.0597897,46.4726456],[-71.0592855,46.4723643],[-71.0585323,46.4724458],[-71.0578748,46.4733288],[-71.0575024,46.4742704],[-71.0573999,46.4747402],[-71.0576928,46.4753179],[-71.0598341,46.476879],[-71.060784,46.4776648],[-71.0626015,46.4786779],[-71.0635394,46.4790488],[-71.0644637,46.4795404],[-71.0643805,46.4792497]],[[-71.070703,46.5012202],[-71.0706145,46.5016173],[-71.0708737,46.5021092],[-71.0716738,46.5029401],[-71.0719807,46.5033971],[-71.0727317,46.5040231],[-71.0728585,46.5040194],[-71.0727784,46.5038444],[-71.0720846,46.503167],[-71.0715957,46.5023253],[-71.0705955,46.5000996],[-71.0703585,46.500102],[-71.070703,46.5012202]],[[-71.0968095,46.5037331],[-71.097181,46.5037864],[-71.0982357,46.5036144],[-71.0975252,46.5033538],[-71.0967876,46.5033347],[-71.0965683,46.503476],[-71.0968095,46.5037331]],[[-71.0993334,46.5037794],[-71.0998214,46.5040655],[-71.0994426,46.5036369],[-71.098406,46.5033162],[-71.0981283,46.5033171],[-71.0985396,46.5035919],[-71.0993334,46.5037794]],[[-71.0977745,46.5044458],[-71.0993406,46.5044705],[-71.0996132,46.5044299],[-71.0986066,46.5039356],[-71.0981872,46.5038691],[-71.0973022,46.5040109],[-71.0972868,46.5042077],[-71.0973616,46.5042951],[-71.0977745,46.5044458]],[[-71.1016554,46.5057805],[-71.1018353,46.5058295],[-71.1019921,46.5056521],[-71.1020138,46.505323],[-71.1019364,46.5052158],[-71.1016495,46.5052813],[-71.1015644,46.5054303],[-71.1016554,46.5057805]],[[-71.1036826,46.5080554],[-71.1037963,46.5075408],[-71.103775,46.5061951],[-71.1035381,46.5058818],[-71.103368,46.5058641],[-71.1032033,46.5059341],[-71.1027991,46.5063504],[-71.1026976,46.5065525],[-71.102722,46.5069707],[-71.1029492,46.5076164],[-71.1033764,46.508106],[-71.1033544,46.5083871],[-71.1034959,46.5084065],[-71.1036826,46.5080554]],[[-71.1015629,46.5093636],[-71.1014101,46.5094368],[-71.1018386,46.5097545],[-71.1017722,46.5095067],[-71.1015629,46.5093636]],[[-71.1097242,46.5151461],[-71.1104139,46.5168269],[-71.1106204,46.5169023],[-71.1107757,46.5168489],[-71.1108398,46.516761],[-71.1108167,46.5162188],[-71.1101443,46.5149447],[-71.1098846,46.514137],[-71.1095336,46.5136108],[-71.1094013,46.5135269],[-71.1097242,46.5151461]],[[-71.1085165,46.5174302],[-71.1086959,46.5180629],[-71.1088355,46.5181583],[-71.1096995,46.5173981],[-71.1097404,46.5170838],[-71.1096095,46.516876],[-71.109307,46.5167745],[-71.1086891,46.5171039],[-71.1085165,46.5174302]],[[-71.1199968,46.5273113],[-71.119601,46.5275673],[-71.1194384,46.527925],[-71.1197311,46.5279951],[-71.1199796,46.5279],[-71.1210389,46.5273076],[-71.1225216,46.5263137],[-71.1225587,46.5261515],[-71.1220819,46.5261366],[-71.1213486,46.5264253],[-71.1204247,46.5268534],[-71.1199968,46.5273113]],[[-70.6494557,46.092946],[-70.6499612,46.0928577],[-70.6497716,46.0921147],[-70.6495988,46.0920088],[-70.6494113,46.0920233],[-70.6492873,46.0922377],[-70.6492781,46.0928483],[-70.6494557,46.092946]],[[-70.7096064,46.1554649],[-70.7091436,46.1564565],[-70.7087721,46.1580773],[-70.7088473,46.1596886],[-70.709138,46.160402],[-70.7091612,46.1606959],[-70.7100253,46.163447],[-70.7113052,46.1650017],[-70.7116984,46.1656575],[-70.7119523,46.1658145],[-70.7115995,46.1651605],[-70.7114801,46.1642458],[-70.7117618,46.1635675],[-70.7120825,46.1623924],[-70.7119884,46.1618872],[-70.7114964,46.1607823],[-70.7113696,46.1599997],[-70.7105641,46.1576481],[-70.7105103,46.1560237],[-70.7105708,46.1554658],[-70.7107812,46.1547677],[-70.7107842,46.1544524],[-70.7105563,46.1543696],[-70.7104704,46.154566],[-70.7102064,46.1547605],[-70.7096064,46.1554649]],[[-70.7126359,46.1612439],[-70.7125384,46.1612455],[-70.7123015,46.1609399],[-70.7121637,46.1609397],[-70.7123291,46.1613691],[-70.7125187,46.1616136],[-70.7126043,46.1616087],[-70.7126359,46.1612439]],[[-70.7118686,46.1636452],[-70.7121159,46.1635513],[-70.7123135,46.1633287],[-70.7123756,46.1631257],[-70.7122902,46.1630827],[-70.7122834,46.1629275],[-70.7124953,46.16268],[-70.7124861,46.162505],[-70.7123103,46.162523],[-70.7122031,46.1626847],[-70.7118686,46.1636452]],[[-71.1809956,46.7434019],[-71.1799052,46.7439691],[-71.1798578,46.744052],[-71.1799383,46.7441792],[-71.1805093,46.7444962],[-71.1810591,46.7446065],[-71.1813768,46.7445869],[-71.1818599,46.7444972],[-71.1835433,46.7437455],[-71.1850823,46.7432707],[-71.1840998,46.742967],[-71.1828311,46.7429689],[-71.1820494,46.743045],[-71.1809956,46.7434019]],[[-71.0617532,46.6420426],[-71.0636157,46.6434021],[-71.0639167,46.6435319],[-71.0639247,46.6432754],[-71.063695,46.6430213],[-71.0635139,46.6424644],[-71.0630284,46.6420257],[-71.0622342,46.6417617],[-71.0616823,46.641439],[-71.0614182,46.641463],[-71.0617532,46.6420426]],[[-71.0648054,46.6443101],[-71.065006,46.644518],[-71.0653222,46.6447669],[-71.0653112,46.6445436],[-71.0652071,46.6444099],[-71.064908,46.6442039],[-71.0648168,46.6442174],[-71.0648054,46.6443101]],[[-71.0652094,46.6455695],[-71.0652238,46.6451807],[-71.0651074,46.6449958],[-71.0645111,46.6445078],[-71.0639745,46.6443522],[-71.0652094,46.6455695]],[[-71.0657749,46.6461353],[-71.0664308,46.6465436],[-71.0664412,46.646671],[-71.0665539,46.6466442],[-71.0665743,46.646439],[-71.0663898,46.6461302],[-71.0663108,46.645783],[-71.0660694,46.6455736],[-71.0660609,46.6453702],[-71.0656997,46.645224],[-71.0655682,46.6453319],[-71.0656924,46.6459883],[-71.0657749,46.6461353]],[[-71.0666676,46.6467613],[-71.067712,46.6478501],[-71.0683204,46.6483413],[-71.0683629,46.6482187],[-71.0682296,46.6480388],[-71.0679843,46.6472058],[-71.0678415,46.6470424],[-71.0670114,46.6468166],[-71.0667668,46.6464914],[-71.066649,46.6464785],[-71.0666676,46.6467613]],[[-71.0692476,46.6529806],[-71.0680975,46.6534819],[-71.0677037,46.6539016],[-71.0675424,46.6542313],[-71.0674672,46.6552837],[-71.0680645,46.6551397],[-71.06845,46.6549284],[-71.0688277,46.6546097],[-71.0696709,46.6542068],[-71.0700722,46.6538467],[-71.070162,46.6535933],[-71.0705295,46.6531952],[-71.0705214,46.6526757],[-71.0706288,46.6525613],[-71.0705168,46.6523201],[-71.0704685,46.651895],[-71.0702472,46.6518444],[-71.0703678,46.6519251],[-71.070348,46.6522263],[-71.0692476,46.6529806]],[[-71.0660994,46.6579098],[-71.0661953,46.657888],[-71.0661852,46.6578087],[-71.0659918,46.6576123],[-71.065998,46.6566561],[-71.065916,46.6566051],[-71.0656701,46.6568639],[-71.0656262,46.6571585],[-71.0657329,46.657312],[-71.0657442,46.6575833],[-71.0660994,46.6579098]],[[-71.0814175,46.6661558],[-71.0816845,46.6661997],[-71.081332,46.665941],[-71.0807057,46.6657229],[-71.0814175,46.6661558]],[[-71.0910333,46.6694777],[-71.0911949,46.6695599],[-71.091245,46.6698608],[-71.0916119,46.6704586],[-71.0917878,46.6705159],[-71.0919075,46.6704527],[-71.0918413,46.6702527],[-71.0919395,46.6702028],[-71.0920389,46.6699807],[-71.0918444,46.6696405],[-71.0911204,46.6692044],[-71.0909186,46.6692166],[-71.0908755,46.6692432],[-71.0910333,46.6694777]],[[-71.07288,46.6842867],[-71.0715787,46.6845653],[-71.0710804,46.6848513],[-71.0706169,46.6860953],[-71.0708787,46.6860515],[-71.0721083,46.6854373],[-71.0730269,46.6847099],[-71.0732441,46.6844528],[-71.0737807,46.6841484],[-71.0738264,46.6837776],[-71.0735868,46.6839041],[-71.0733609,46.6839097],[-71.0732921,46.6840539],[-71.0733573,46.6841099],[-71.07288,46.6842867]],[[-71.0970807,46.7050283],[-71.0971521,46.705268],[-71.0972596,46.7051535],[-71.0972993,46.7053271],[-71.0978016,46.7056167],[-71.0977619,46.7054431],[-71.0974061,46.7051166],[-71.0970807,46.7050283]],[[-71.0981787,46.7062459],[-71.0974852,46.7057799],[-71.0974024,46.7056329],[-71.0971107,46.7055345],[-71.0971161,46.7056222],[-71.0975135,46.7060462],[-71.0982717,46.7064723],[-71.0981787,46.7062459]],[[-71.1056299,46.7098866],[-71.1059683,46.7101221],[-71.1062618,46.7104603],[-71.1065561,46.7105785],[-71.1057074,46.7096298],[-71.1049601,46.7090631],[-71.1049462,46.709136],[-71.1051999,46.7093006],[-71.1052492,46.7094576],[-71.1056171,46.7097873],[-71.1056299,46.7098866]],[[-71.1206442,46.7145712],[-71.1206866,46.7144486],[-71.1204039,46.7142858],[-71.1204284,46.7140243],[-71.1201775,46.7139275],[-71.1201165,46.7138152],[-71.1199094,46.7137878],[-71.1202702,46.7144219],[-71.1205434,46.7146014],[-71.1206442,46.7145712]],[[-71.1196723,46.7142503],[-71.1193163,46.7136078],[-71.1192465,46.7136081],[-71.1192052,46.7138746],[-71.119281,46.7143741],[-71.1192543,46.7146638],[-71.119137,46.7147469],[-71.1191976,46.7148112],[-71.1191223,46.7150399],[-71.1191635,46.7154054],[-71.1189548,46.7158182],[-71.1190131,46.7165428],[-71.1191916,46.716936],[-71.11933,46.7171076],[-71.1198417,46.7173325],[-71.1204576,46.7173271],[-71.1201286,46.716759],[-71.1198423,46.7164323],[-71.1198315,46.7159409],[-71.1196843,46.7155658],[-71.1198218,46.7152774],[-71.1199182,46.7153035],[-71.1199782,46.716268],[-71.1206528,46.7170352],[-71.1206644,46.7173065],[-71.1216755,46.717389],[-71.121711,46.7173028],[-71.1214984,46.7171877],[-71.1209229,46.7161506],[-71.1203287,46.7155106],[-71.1199096,46.7144679],[-71.1196723,46.7142503]],[[-71.1377951,46.7318225],[-71.1375729,46.7317241],[-71.1374001,46.7317826],[-71.1373504,46.7318937],[-71.1376182,46.7319854],[-71.1377951,46.7318225]],[[-70.8274634,46.568033],[-70.827118,46.5679091],[-70.827147,46.5682432],[-70.8273727,46.5685738],[-70.8275188,46.5683935],[-70.8274634,46.568033]],[[-70.8253601,46.571184],[-70.8256382,46.5709442],[-70.8260961,46.5708977],[-70.826664,46.5702774],[-70.826858,46.5699185],[-70.8267955,46.5696903],[-70.8263472,46.5698641],[-70.825204,46.5708054],[-70.8251034,46.5709311],[-70.8250987,46.5711312],[-70.8253601,46.571184]],[[-70.8258904,46.571637],[-70.8269213,46.5712497],[-70.8269644,46.5711273],[-70.8266311,46.5711506],[-70.825593,46.5716222],[-70.8258904,46.571637]],[[-70.8266653,46.5865044],[-70.8266097,46.586],[-70.8263934,46.5853171],[-70.826098,46.5847466],[-70.8258195,46.5844589],[-70.8254861,46.5843862],[-70.8255752,46.5848807],[-70.8259211,46.585724],[-70.8261876,46.5861043],[-70.8266653,46.5865044]],[[-70.8840304,46.5937571],[-70.8862299,46.5934887],[-70.8865079,46.5933445],[-70.886455,46.5932917],[-70.8849965,46.5933609],[-70.8842626,46.5935237],[-70.8840304,46.5937571]],[[-70.8966719,46.5938055],[-70.8975241,46.5939915],[-70.8987477,46.5939918],[-70.8995006,46.5937958],[-70.8998623,46.5935788],[-70.9000011,46.5933868],[-70.8998306,46.5933208],[-70.8989765,46.5933548],[-70.8966719,46.5938055]],[[-70.9142359,46.5953463],[-70.913396,46.5953076],[-70.9123446,46.5951055],[-70.9115911,46.5950618],[-70.9109391,46.595276],[-70.9116091,46.5955365],[-70.9122978,46.595572],[-70.9136581,46.5955041],[-70.9142359,46.5953463]],[[-70.8754262,46.5961298],[-70.8755103,46.5962009],[-70.8770362,46.5961119],[-70.8783002,46.5958743],[-70.8799164,46.5953883],[-70.8802038,46.5951317],[-70.880206,46.5950076],[-70.8794071,46.5950183],[-70.8774596,46.5954516],[-70.8759704,46.5958863],[-70.8754262,46.5961298]],[[-70.854874,46.5965501],[-70.854766,46.5965204],[-70.8538544,46.5966053],[-70.8540848,46.5966879],[-70.8547326,46.5966263],[-70.854874,46.5965501]],[[-70.9317363,46.603144],[-70.9327748,46.6037544],[-70.9330198,46.603812],[-70.9325469,46.6029923],[-70.9320892,46.6024356],[-70.9319716,46.6024225],[-70.9317634,46.6026147],[-70.9316518,46.602977],[-70.9317363,46.603144]],[[-70.9433306,46.6078535],[-70.9433093,46.6072151],[-70.9430586,46.606878],[-70.9428251,46.6066799],[-70.9423518,46.606512],[-70.941951,46.6065076],[-70.9422892,46.6071753],[-70.9425685,46.6074627],[-70.9433306,46.6078535]],[[-70.9583291,46.6211883],[-70.9579299,46.621012],[-70.9577546,46.6210024],[-70.9576806,46.6211068],[-70.9577193,46.6211844],[-70.9583125,46.6212413],[-70.9583291,46.6211883]],[[-70.974432,46.6274512],[-70.974054,46.6272137],[-70.9734947,46.6272429],[-70.9739926,46.6274652],[-70.974432,46.6274512]],[[-71.0142799,46.6312998],[-71.0135524,46.6313312],[-71.0127426,46.6312157],[-71.0120222,46.6312108],[-71.0104809,46.630771],[-71.0099934,46.6307721],[-71.0109793,46.631549],[-71.0119471,46.632043],[-71.0128944,46.6322823],[-71.0140812,46.6323953],[-71.0156683,46.6323684],[-71.0171183,46.6318059],[-71.0176511,46.63175],[-71.0184973,46.6314635],[-71.0142799,46.6312998]],[[-71.0339464,46.6330893],[-71.0342948,46.6331364],[-71.0343089,46.6330635],[-71.0341951,46.6328984],[-71.0338366,46.632772],[-71.0332284,46.6326445],[-71.0324285,46.6326085],[-71.0325566,46.6327488],[-71.0332943,46.6328445],[-71.0339464,46.6330893]],[[-71.0350053,46.6335216],[-71.0348625,46.6333103],[-71.0345834,46.633215],[-71.0345912,46.6333225],[-71.0348688,46.6335898],[-71.0350053,46.6335216]],[[-71.0352891,46.6344803],[-71.0353767,46.6342551],[-71.0353005,46.6339278],[-71.0348794,46.6337651],[-71.0348368,46.6338876],[-71.0350325,46.6341038],[-71.0351493,46.6343847],[-71.0352891,46.6344803]],[[-70.6025881,46.39636],[-70.6009489,46.3970538],[-70.600916,46.3974669],[-70.6010351,46.3975481],[-70.6016907,46.3972802],[-70.6027228,46.3966759],[-70.6039307,46.3962934],[-70.6048816,46.3956856],[-70.6044899,46.3956914],[-70.6031558,46.3959811],[-70.6025881,46.39636]],[[-70.6215129,46.4403047],[-70.621547,46.4401511],[-70.6213126,46.4401721],[-70.6209816,46.4404541],[-70.6215129,46.4403047]],[[-70.5028836,46.4674137],[-70.5027865,46.4669158],[-70.5025819,46.4667432],[-70.502488,46.4668322],[-70.5024993,46.4672868],[-70.5025751,46.4673945],[-70.5028836,46.4674137]],[[-70.7290528,46.4988905],[-70.7297033,46.4993009],[-70.7299714,46.4993656],[-70.7292325,46.4987484],[-70.7279189,46.4983556],[-70.7281291,46.4986153],[-70.728586,46.498857],[-70.7290528,46.4988905]],[[-70.735076,46.5023434],[-70.7348297,46.5021217],[-70.7347362,46.5022109],[-70.7349083,46.5024408],[-70.7350519,46.5024806],[-70.735076,46.5023434]],[[-70.742923,46.5052648],[-70.7428678,46.5053838],[-70.7437605,46.5057364],[-70.7431337,46.5052847],[-70.742923,46.5052648]],[[-70.6715965,46.5054115],[-70.671283,46.5053532],[-70.6709477,46.505404],[-70.6704514,46.5056116],[-70.6706955,46.5056698],[-70.6710308,46.505619],[-70.6715965,46.5054115]],[[-70.7872645,46.5259869],[-70.7875544,46.5257985],[-70.7878276,46.5251355],[-70.7874373,46.5243947],[-70.786908,46.5239416],[-70.7868577,46.5239565],[-70.7873031,46.524818],[-70.7872645,46.5259869]],[[-70.7943949,46.5393591],[-70.793978,46.5392152],[-70.794196,46.5394385],[-70.7947975,46.5396716],[-70.7943949,46.5393591]],[[-70.7955139,46.5406654],[-70.7953007,46.5401942],[-70.7949197,46.5398684],[-70.7935107,46.5391821],[-70.7933095,46.5391937],[-70.7933262,46.5392846],[-70.7941553,46.5397245],[-70.7951305,46.5404637],[-70.7955139,46.5406654]],[[-70.8142334,46.5519198],[-70.8132409,46.5514255],[-70.81297,46.5513412],[-70.8129413,46.5513908],[-70.8130516,46.5515843],[-70.8142334,46.5519198]],[[-70.8192942,46.5537658],[-70.8205168,46.553959],[-70.8210849,46.5539621],[-70.8209409,46.5536827],[-70.8207419,46.5535223],[-70.8199914,46.553162],[-70.8175533,46.5524036],[-70.8171914,46.5523805],[-70.8172586,46.5525045],[-70.817647,46.5526979],[-70.8187356,46.5535063],[-70.8192942,46.5537658]],[[-70.8232422,46.5744078],[-70.8239085,46.5737379],[-70.8240067,46.5734484],[-70.8240351,46.5729192],[-70.8237498,46.5730516],[-70.8231388,46.5738902],[-70.8232422,46.5744078]],[[-70.8228322,46.5744675],[-70.8227481,46.5742525],[-70.822458,46.5743932],[-70.8223071,46.5746777],[-70.8222929,46.5749902],[-70.8227292,46.5747652],[-70.8228322,46.5744675]],[[-70.8217524,46.5776513],[-70.8217187,46.5774694],[-70.8215988,46.5774363],[-70.8214983,46.5778498],[-70.821508,46.578121],[-70.8215872,46.5782004],[-70.8217524,46.5776513]],[[-71.1470757,46.8887249],[-71.1473259,46.8888979],[-71.1473893,46.8886658],[-71.147072,46.888561],[-71.1470757,46.8887249]],[[-71.1471717,46.8896125],[-71.1475168,46.8895148],[-71.1477654,46.8891794],[-71.1478188,46.8889716],[-71.1476072,46.8890409],[-71.1471717,46.8896125]],[[-71.1770962,46.9035278],[-71.1766304,46.9035844],[-71.1769288,46.9037223],[-71.1770386,46.9038477],[-71.1770498,46.9040232],[-71.1777376,46.903921],[-71.1776485,46.9036862],[-71.1775538,46.9036319],[-71.1770962,46.9035278]],[[-71.1761502,46.9036658],[-71.1754776,46.9038392],[-71.1753149,46.9040253],[-71.1753009,46.9043665],[-71.175637,46.90439],[-71.1766826,46.9040297],[-71.176671,46.9038061],[-71.1765058,46.9037041],[-71.1761502,46.9036658]],[[-71.1742722,46.9072324],[-71.1755811,46.9060231],[-71.1756007,46.9055014],[-71.1755022,46.9052832],[-71.1753811,46.9052505],[-71.1750176,46.9056892],[-71.1749112,46.9056797],[-71.1749835,46.905383],[-71.1748247,46.9051894],[-71.1750865,46.9049365],[-71.1749112,46.9045339],[-71.1749664,46.9044306],[-71.1745422,46.9044428],[-71.174316,46.9042178],[-71.1741855,46.9041891],[-71.1738834,46.903786],[-71.1737513,46.9037198],[-71.1729831,46.9038643],[-71.1729584,46.9039267],[-71.1732456,46.9043248],[-71.173126,46.9046238],[-71.1732155,46.9047796],[-71.1731448,46.9051838],[-71.1731741,46.9056738],[-71.1733799,46.906227],[-71.1737152,46.9068137],[-71.1737592,46.9071196],[-71.1739214,46.9074504],[-71.1743303,46.9076336],[-71.1746949,46.9076048],[-71.1747373,46.9074886],[-71.1743336,46.9073293],[-71.1742722,46.9072324]],[[-71.174974,46.9071166],[-71.1748096,46.9071099],[-71.175069,46.9074167],[-71.1750974,46.9076464],[-71.1749563,46.9078603],[-71.1752224,46.9080117],[-71.1761052,46.9079371],[-71.1769169,46.9074684],[-71.1769675,46.9073444],[-71.1765845,46.9073636],[-71.1763702,46.9071494],[-71.1762823,46.9071603],[-71.1761747,46.9074503],[-71.1760003,46.9073573],[-71.1762032,46.907054],[-71.1761422,46.906887],[-71.1766654,46.9064973],[-71.1768956,46.905951],[-71.176848,46.9057902],[-71.1763992,46.9055217],[-71.176465,46.9054542],[-71.1770605,46.9055667],[-71.1770186,46.9053766],[-71.1767972,46.9053009],[-71.1763962,46.9049084],[-71.1763034,46.9049575],[-71.1762915,46.9052723],[-71.1764441,46.9053929],[-71.1761927,46.9053377],[-71.1758217,46.9055156],[-71.1756721,46.905812],[-71.1757366,46.9061915],[-71.1747696,46.9069312],[-71.1747461,46.9070165],[-71.1751546,46.9070663],[-71.1750596,46.9072216],[-71.174974,46.9071166]],[[-71.176619,46.9071763],[-71.1773481,46.9073047],[-71.1775483,46.9072076],[-71.1776396,46.9069597],[-71.1778051,46.906791],[-71.1777179,46.9066923],[-71.1775676,46.9066764],[-71.1775655,46.9065708],[-71.1773561,46.9065087],[-71.1776205,46.9064147],[-71.1776777,46.9064523],[-71.1776057,46.906513],[-71.177774,46.906509],[-71.1778069,46.9062843],[-71.1777047,46.9060189],[-71.1773646,46.9059185],[-71.1771562,46.905953],[-71.1767813,46.9064902],[-71.176908,46.9066106],[-71.1768865,46.9066751],[-71.1766481,46.906769],[-71.1765029,46.906722],[-71.1762599,46.906839],[-71.1762683,46.9070217],[-71.1766236,46.9068943],[-71.176619,46.9071763]],[[-71.1738585,46.9077343],[-71.1738973,46.90784],[-71.1742473,46.9078594],[-71.1742558,46.9078114],[-71.1738585,46.9077343]],[[-71.1709281,46.9098196],[-71.1709506,46.9099023],[-71.1711725,46.9098567],[-71.1715854,46.9095271],[-71.1726489,46.9089895],[-71.1727243,46.9087607],[-71.1730104,46.9086207],[-71.172761,46.9086534],[-71.1727347,46.9084708],[-71.1733255,46.908126],[-71.1733481,46.9080305],[-71.1729236,46.9081027],[-71.1727675,46.9079402],[-71.172141,46.9081219],[-71.1721132,46.9082415],[-71.1719642,46.9082053],[-71.1709281,46.9098196]]],[[[-71.4942069,46.5954109],[-71.4943117,46.595461],[-71.4942707,46.5956387],[-71.4937696,46.5957162],[-71.4936383,46.5956091],[-71.4942069,46.5954109]]],[[[-71.4928196,46.5960738],[-71.4922365,46.5962424],[-71.4917571,46.5962156],[-71.4916257,46.5960909],[-71.4925825,46.5957355],[-71.492806,46.5959645],[-71.4928196,46.5960738]]],[[[-71.4933299,46.5970123],[-71.4930474,46.5970898],[-71.4927569,46.5968746],[-71.4927793,46.5968039],[-71.4932788,46.5967563],[-71.4933299,46.5970123]]],[[[-71.4812394,46.6015716],[-71.4794662,46.6029696],[-71.4792527,46.6028935],[-71.4790249,46.6023741],[-71.4790431,46.6022192],[-71.4791798,46.6019777],[-71.4799725,46.6012943],[-71.4806606,46.6011331],[-71.4812394,46.6015716]]],[[[-71.4915349,46.6067263],[-71.4923367,46.6073094],[-71.4923094,46.6074461],[-71.4918356,46.6070998],[-71.4913891,46.6074643],[-71.4903594,46.6067445],[-71.4906055,46.6066807],[-71.4908879,46.6063253],[-71.4913526,46.606626],[-71.4910337,46.6069723],[-71.4911795,46.6070452],[-71.4915349,46.6067263]]],[[[-71.5009464,46.6082996],[-71.5012201,46.6083058],[-71.5014032,46.608498],[-71.5019884,46.6086159],[-71.5020455,46.6087362],[-71.5018138,46.6089514],[-71.5015921,46.6089018],[-71.5010385,46.6085057],[-71.5009464,46.6082996]]],[[[-71.4939222,46.6091045],[-71.4936853,46.6088858],[-71.4936671,46.6086671],[-71.4938129,46.6085304],[-71.4941045,46.6086398],[-71.4945965,46.6090043],[-71.4945327,46.6090954],[-71.4941865,46.6091592],[-71.4939222,46.6091045]]],[[[-71.4980958,46.6116721],[-71.4979463,46.6120001],[-71.4977482,46.6119534],[-71.4975169,46.6117424],[-71.4975325,46.6116064],[-71.4971402,46.6114258],[-71.4971827,46.6113475],[-71.4976411,46.6115829],[-71.4977508,46.6115341],[-71.4980958,46.6116721]]],[[[-71.4510792,46.6134814],[-71.4509279,46.6134792],[-71.450583,46.6132054],[-71.450813,46.6130185],[-71.4510191,46.6130643],[-71.4513026,46.613331],[-71.4510792,46.6134814]]],[[[-71.4976547,46.6146126],[-71.4973708,46.6146933],[-71.4964174,46.6140211],[-71.4966945,46.6137676],[-71.4967401,46.6135671],[-71.4970874,46.6133034],[-71.498075,46.6139908],[-71.4978112,46.6141913],[-71.4976547,46.6146126]]],[[[-71.4712476,46.6227039],[-71.4711743,46.6229327],[-71.4708287,46.6227831],[-71.471119,46.6226122],[-71.4712476,46.6227039]]],[[[-71.4706983,46.6228915],[-71.4706321,46.6229598],[-71.4703871,46.6229517],[-71.4702759,46.6229029],[-71.4702375,46.6227493],[-71.4704966,46.6227326],[-71.4706983,46.6228915]]],[[[-71.4682165,46.6241966],[-71.4686807,46.6244066],[-71.4689469,46.6246975],[-71.4684691,46.6248564],[-71.4678775,46.6244786],[-71.4678652,46.6243033],[-71.4682165,46.6241966]],[[-71.4682303,46.6244678],[-71.468032,46.6243766],[-71.4680315,46.6245006],[-71.4683658,46.6246951],[-71.4686295,46.62467],[-71.4681798,46.624311],[-71.4681223,46.6243147],[-71.4682303,46.6244678]]],[[[-71.4900142,46.6324822],[-71.4905981,46.6325043],[-71.4906474,46.6327372],[-71.4903645,46.6329196],[-71.4899487,46.6328946],[-71.4897005,46.6326946],[-71.4900142,46.6324822]]],[[[-71.4858102,46.6360604],[-71.4853804,46.6357642],[-71.4856176,46.6354167],[-71.4861379,46.6358231],[-71.4858102,46.6360604]]],[[[-71.4742895,46.6357552],[-71.4743695,46.635958],[-71.4742959,46.6360148],[-71.4735496,46.6362072],[-71.4730338,46.6356204],[-71.4730343,46.6354964],[-71.4732215,46.6353362],[-71.4734464,46.6352816],[-71.473926,46.6353906],[-71.4742895,46.6357552]]],[[[-71.4771643,46.6366853],[-71.4771658,46.6367812],[-71.4769653,46.6370143],[-71.4768287,46.6370351],[-71.4765432,46.6369016],[-71.4766641,46.6371058],[-71.4763299,46.6370835],[-71.4760818,46.6368835],[-71.4761091,46.6367857],[-71.4767492,46.6367082],[-71.4769224,46.6365729],[-71.4771643,46.6366853]]],[[[-71.4739879,46.6373753],[-71.4739495,46.6372217],[-71.4742586,46.6370176],[-71.4749309,46.6370061],[-71.4750903,46.6370678],[-71.475525,46.6375278],[-71.4755459,46.6376385],[-71.4754357,46.6378097],[-71.4751733,46.6379307],[-71.474566,46.63795],[-71.4741673,46.6377958],[-71.4740888,46.6376888],[-71.4740972,46.6374522],[-71.4739879,46.6373753]]],[[[-71.4691471,46.6379168],[-71.4689394,46.6378422],[-71.4690056,46.6377739],[-71.469309,46.6378263],[-71.4695278,46.6381523],[-71.4693713,46.6382824],[-71.4687391,46.6382473],[-71.4687524,46.6381745],[-71.4691326,46.6380658],[-71.4691471,46.6379168]]],[[[-71.4933521,46.6436617],[-71.492962,46.6431469],[-71.4930675,46.6429839],[-71.4933842,46.6429634],[-71.4935237,46.6437266],[-71.4933521,46.6436617]]],[[[-71.4771554,46.6916921],[-71.4767324,46.6921718],[-71.4765119,46.6922181],[-71.4763293,46.6925421],[-71.47581,46.6925018],[-71.4755768,46.6923248],[-71.4755633,46.6922256],[-71.4756724,46.6921305],[-71.4765552,46.6915989],[-71.476648,46.6913848],[-71.4769023,46.6915004],[-71.4777757,46.6909115],[-71.4779432,46.6908607],[-71.4781103,46.6909339],[-71.4781241,46.6912052],[-71.477729,46.6914629],[-71.4774227,46.6915628],[-71.4773404,46.6916842],[-71.4771554,46.6916921]]],[[[-71.4754709,46.6928578],[-71.4752898,46.6928095],[-71.4751193,46.6926685],[-71.4751447,46.6925988],[-71.4754073,46.6924777],[-71.4756261,46.6926316],[-71.4756685,46.692729],[-71.4754709,46.6928578]]],[[[-71.4682838,46.7264846],[-71.4686313,46.7263861],[-71.4691293,46.726538],[-71.4692812,46.7267124],[-71.4692723,46.7270732],[-71.4689584,46.7271615],[-71.4680616,46.7269032],[-71.468072,46.7266384],[-71.4682838,46.7264846]]],[[[-71.4746458,46.7385769],[-71.4745599,46.7386545],[-71.4743581,46.7385087],[-71.4745913,46.7384582],[-71.4746458,46.7385769]]],[[[-71.4217117,46.5727247],[-71.4221768,46.5730873],[-71.4212555,46.5737308],[-71.4207224,46.5733971],[-71.4215693,46.5727388],[-71.4217117,46.5727247]]],[[[-71.4205239,46.5734796],[-71.4206663,46.5734655],[-71.4211314,46.5738281],[-71.4201323,46.5745361],[-71.4196341,46.5742872],[-71.4200243,46.573858],[-71.4205239,46.5734796]]],[[[-71.4204408,46.5744906],[-71.4214882,46.5737838],[-71.4219723,46.5741092],[-71.4210013,46.5748882],[-71.4208826,46.5748859],[-71.4204615,46.5746084],[-71.4204408,46.5744906]]],[[[-71.3889043,46.5948279],[-71.3893144,46.5948137],[-71.3894421,46.5948576],[-71.3895089,46.5950093],[-71.3889,46.5954002],[-71.3887441,46.5954062],[-71.3886692,46.595367],[-71.3886159,46.5949704],[-71.3889043,46.5948279]],[[-71.3892614,46.5949811],[-71.389224,46.5948755],[-71.3890681,46.5948815],[-71.3888112,46.5950419],[-71.3888218,46.5951212],[-71.3889469,46.5951452],[-71.3892614,46.5949811]]],[[[-71.4386375,46.6014149],[-71.4389808,46.6018747],[-71.4388464,46.601987],[-71.4385074,46.6016508],[-71.4385658,46.6015969],[-71.4385222,46.601379],[-71.4385805,46.6013679],[-71.4385906,46.6014919],[-71.4386375,46.6014149]]],[[[-71.4385673,46.6030822],[-71.4383719,46.6030108],[-71.4383491,46.6029283],[-71.4390104,46.6023879],[-71.4389581,46.6021088],[-71.4392933,46.602294],[-71.4394293,46.6022906],[-71.4403421,46.6017052],[-71.4412004,46.6013108],[-71.4412708,46.6013467],[-71.4407784,46.6016675],[-71.4406559,46.6018784],[-71.4404494,46.6019337],[-71.4396662,46.6025289],[-71.4385673,46.6030822]]],[[[-71.4383453,46.6030844],[-71.4380233,46.6040686],[-71.4377122,46.6043643],[-71.4374855,46.6044786],[-71.4372079,46.6044021],[-71.4372347,46.6042381],[-71.4378114,46.6037442],[-71.4381561,46.6031426],[-71.4383453,46.6030844]]],[[[-71.4391446,46.6174358],[-71.4387023,46.6175564],[-71.4383227,46.6175408],[-71.4381987,46.6172687],[-71.4396892,46.6170847],[-71.4392054,46.6173279],[-71.4391446,46.6174358]]],[[[-71.4375454,46.6172468],[-71.4379424,46.6173052],[-71.4379887,46.6175183],[-71.4376917,46.6177255],[-71.4374661,46.617732],[-71.4372002,46.6174411],[-71.4375454,46.6172468]]],[[[-71.4348572,46.618104],[-71.4351235,46.6179269],[-71.435788,46.617732],[-71.4368629,46.6175228],[-71.43713,46.6175656],[-71.4372814,46.6177399],[-71.4372333,46.617899],[-71.4359071,46.6186526],[-71.4352993,46.6186237],[-71.4348647,46.6182876],[-71.4348572,46.618104]]],[[[-71.4313166,46.6216994],[-71.431106,46.6218302],[-71.4309882,46.6218178],[-71.4299534,46.6212601],[-71.4300302,46.621124],[-71.4302866,46.6210875],[-71.4313166,46.6216994]]],[[[-71.4270843,46.6236492],[-71.4267242,46.6238204],[-71.4263258,46.623666],[-71.4262736,46.6235373],[-71.426582,46.6231134],[-71.4271589,46.6226562],[-71.4278202,46.6223937],[-71.4281266,46.6221699],[-71.4285946,46.6221518],[-71.4292471,46.6217818],[-71.4293234,46.6219169],[-71.429124,46.6220738],[-71.42791,46.6226279],[-71.4270843,46.6236492]]],[[[-71.4188343,46.6307304],[-71.4192049,46.630489],[-71.4200356,46.6312131],[-71.4199014,46.6316606],[-71.4194179,46.631337],[-71.4193966,46.6311999],[-71.4188343,46.6307304]]],[[[-71.4130467,46.6336691],[-71.4132473,46.6337],[-71.4137835,46.6340205],[-71.4138245,46.634251],[-71.4136362,46.6343719],[-71.4133905,46.6343972],[-71.4127028,46.6340008],[-71.4126741,46.6338715],[-71.412756,46.6337591],[-71.4130467,46.6336691]]],[[[-71.4197604,46.6360908],[-71.4199157,46.6360368],[-71.4209416,46.636235],[-71.4211124,46.6364241],[-71.4215912,46.6363133],[-71.4217017,46.6363142],[-71.4217365,46.6364],[-71.4211801,46.6366238],[-71.4205828,46.6365021],[-71.4206311,46.6366871],[-71.4210389,46.636997],[-71.4210966,46.6371653],[-71.420972,46.6371893],[-71.4207992,46.6370284],[-71.4199129,46.6365685],[-71.4197229,46.6363292],[-71.4197604,46.6360908]]],[[[-71.4210455,46.6681674],[-71.4215066,46.6684819],[-71.4214571,46.6687172],[-71.4210356,46.6686522],[-71.4207882,46.6683279],[-71.4208317,46.6681771],[-71.4210455,46.6681674]]],[[[-71.3828053,46.684077],[-71.3829897,46.6838001],[-71.3828804,46.6836625],[-71.3833009,46.6836538],[-71.3835537,46.6838107],[-71.3837582,46.6840867],[-71.3836335,46.6841925],[-71.3830702,46.6842454],[-71.3828053,46.684077]]],[[[-71.4008945,46.6982749],[-71.4008292,46.6983057],[-71.4008391,46.6982733],[-71.4008945,46.6982749]]],[[[-71.4006664,46.6983746],[-71.4006004,46.6984074],[-71.4005893,46.6983818],[-71.4006664,46.6983746]]],[[[-71.3924344,46.7471645],[-71.3932378,46.7458684],[-71.3931876,46.7454732],[-71.3932763,46.745208],[-71.393596,46.7450155],[-71.3941158,46.7442193],[-71.3953452,46.7431042],[-71.3960488,46.742623],[-71.396302,46.7422986],[-71.3968962,46.7419124],[-71.3982737,46.7414202],[-71.3986704,46.741555],[-71.3990235,46.7411522],[-71.3994672,46.7410318],[-71.4003875,46.7410771],[-71.4006667,46.7412475],[-71.400921,46.7415354],[-71.4014661,46.7416047],[-71.4016674,46.7417159],[-71.4016076,46.7419199],[-71.4006215,46.7425072],[-71.4004241,46.7426839],[-71.4003428,46.7429013],[-71.3995748,46.7434226],[-71.3993331,46.7437022],[-71.3993276,46.7441789],[-71.3988864,46.7450077],[-71.3976107,46.7457375],[-71.3967814,46.746539],[-71.396042,46.747747],[-71.3955068,46.748832],[-71.3953959,46.7489803],[-71.3950813,46.7490861],[-71.3949767,46.74926],[-71.3948948,46.7492572],[-71.3950585,46.749607],[-71.395047,46.75],[-71.3948455,46.750229],[-71.3947581,46.7506142],[-71.3945046,46.7508099],[-71.3944522,46.7510277],[-71.3941924,46.7512587],[-71.3940057,46.7515652],[-71.3936996,46.7516763],[-71.393617,46.7518872],[-71.3922957,46.7528911],[-71.3920514,46.7531732],[-71.3914094,46.7535944],[-71.3912468,46.753857],[-71.3903334,46.7543395],[-71.3901393,46.754584],[-71.3902204,46.7548831],[-71.3901177,46.7549417],[-71.3901485,46.7550838],[-71.3900342,46.7553593],[-71.3893041,46.7558621],[-71.3892207,46.7561076],[-71.3883349,46.7564923],[-71.3878311,46.7568166],[-71.3858525,46.7571674],[-71.3846137,46.7575339],[-71.3843686,46.7575735],[-71.3835414,46.7574861],[-71.3829251,46.757149],[-71.3829159,46.7568214],[-71.3831215,46.7567528],[-71.3835696,46.7563555],[-71.3836536,46.756158],[-71.3840124,46.7557949],[-71.3847831,46.7547291],[-71.3852491,46.7548155],[-71.3853633,46.7547121],[-71.385579,46.7542821],[-71.385449,46.7539221],[-71.3855405,46.753564],[-71.386378,46.7529943],[-71.3867025,46.7525934],[-71.3866986,46.7524776],[-71.3888213,46.7515057],[-71.3893875,46.7511694],[-71.390275,46.75],[-71.3913898,46.7487882],[-71.3918144,46.7481367],[-71.3920543,46.747541],[-71.3924344,46.7471645]]],[[[-71.3588834,46.5823748],[-71.3583966,46.5822891],[-71.3581592,46.5823849],[-71.3580452,46.5822107],[-71.3579165,46.5821637],[-71.3580117,46.5820457],[-71.3583255,46.5819305],[-71.3590175,46.5820669],[-71.3590792,46.5821351],[-71.3590443,46.5823324],[-71.3588834,46.5823748]]],[[[-71.3656519,46.585446],[-71.3649157,46.5851409],[-71.3648795,46.5850229],[-71.3649814,46.584975],[-71.3654038,46.5851575],[-71.3657391,46.5851953],[-71.3657941,46.5850939],[-71.3654535,46.5847943],[-71.3654977,46.5846303],[-71.3657861,46.5847667],[-71.366073,46.5847916],[-71.3662179,46.5846588],[-71.3660958,46.5844957],[-71.3661495,46.5844607],[-71.3664687,46.5846358],[-71.3665049,46.5847888],[-71.3664392,46.5849354],[-71.3665666,46.5852598],[-71.3656519,46.585446]]],[[[-71.3616715,46.5862386],[-71.3622737,46.5865188],[-71.3619076,46.586517],[-71.3614275,46.5863926],[-71.3613872,46.5863152],[-71.3616715,46.5862386]]],[[[-71.3593294,46.5871676],[-71.3599485,46.5878937],[-71.3604198,46.5881637],[-71.3609333,46.588359],[-71.3618095,46.5884033],[-71.3627545,46.5885712],[-71.3631482,46.5887821],[-71.363151,46.589366],[-71.3629407,46.5896153],[-71.3620043,46.5901189],[-71.3616363,46.5902303],[-71.3605571,46.591011],[-71.3602513,46.5916744],[-71.3587375,46.5922427],[-71.3579516,46.5927006],[-71.3570186,46.5930999],[-71.3562333,46.5936058],[-71.3557732,46.5940271],[-71.3552605,46.5948357],[-71.3549631,46.5961706],[-71.3546268,46.5965199],[-71.3544987,46.5968201],[-71.3544803,46.5970732],[-71.3547072,46.5975548],[-71.3551269,46.5979162],[-71.3559341,46.5981809],[-71.3578577,46.5981147],[-71.3610668,46.5978106],[-71.3626349,46.5979069],[-71.363354,46.5980332],[-71.3642743,46.5983186],[-71.3646735,46.5985692],[-71.3654573,46.5988753],[-71.3665216,46.6004517],[-71.3667011,46.6009683],[-71.3673046,46.6016179],[-71.3676654,46.602231],[-71.3678202,46.6026931],[-71.3678003,46.6031944],[-71.3678905,46.6033047],[-71.367832,46.6043405],[-71.3678872,46.604709],[-71.3680221,46.6049364],[-71.3686733,46.605551],[-71.3687611,46.6062055],[-71.3687342,46.6063512],[-71.3683383,46.6067324],[-71.3679456,46.6073535],[-71.3681824,46.6074744],[-71.3681872,46.6080301],[-71.3674565,46.6086847],[-71.3673465,46.6089037],[-71.3673406,46.6095522],[-71.367402,46.6096643],[-71.3678622,46.609979],[-71.368289,46.6101318],[-71.3685538,46.610375],[-71.3685289,46.6104926],[-71.368304,46.6105469],[-71.3679979,46.6108184],[-71.3679335,46.6110306],[-71.3658132,46.6122447],[-71.3651078,46.6130597],[-71.3646512,46.6139422],[-71.3644649,46.6141332],[-71.3641175,46.6142217],[-71.3640591,46.6143494],[-71.3641328,46.6148955],[-71.3637422,46.6153164],[-71.3627166,46.6158139],[-71.3619652,46.6159667],[-71.3614516,46.6161634],[-71.3610015,46.616444],[-71.360795,46.6168092],[-71.3607619,46.6170393],[-71.360959,46.6174268],[-71.3616991,46.6180946],[-71.3630015,46.6189319],[-71.3636668,46.6196549],[-71.3642261,46.6205795],[-71.364354,46.6211874],[-71.3644805,46.6214317],[-71.3641935,46.6217657],[-71.3636998,46.6220251],[-71.3626117,46.6223544],[-71.3620343,46.6226391],[-71.3617241,46.6229669],[-71.3603182,46.6236123],[-71.3595167,46.6238273],[-71.3588984,46.6241106],[-71.3586724,46.624461],[-71.3585912,46.6252423],[-71.3584703,46.625554],[-71.3579252,46.6257327],[-71.3574601,46.6261623],[-71.3574311,46.6263361],[-71.3575634,46.6265438],[-71.3572361,46.6270486],[-71.357221,46.6290619],[-71.3575957,46.6298222],[-71.3579326,46.6302569],[-71.3579134,46.6306341],[-71.3577679,46.6308914],[-71.3572371,46.6312652],[-71.3565726,46.6315074],[-71.3554428,46.6317872],[-71.3540566,46.6319312],[-71.3534056,46.6321006],[-71.3527992,46.6323871],[-71.3524218,46.6327351],[-71.3519072,46.6330558],[-71.3512902,46.633263],[-71.3477263,46.6340171],[-71.3458304,46.6346934],[-71.3447103,46.6350044],[-71.343756,46.6351209],[-71.3417894,46.6355296],[-71.3412279,46.6357612],[-71.3408394,46.6358098],[-71.3396335,46.6361742],[-71.3367541,46.6365765],[-71.3360939,46.6365903],[-71.3332326,46.6365192],[-71.331682,46.6363892],[-71.3308948,46.636235],[-71.3296988,46.6362386],[-71.3291649,46.6363723],[-71.3287881,46.6365962],[-71.328409,46.6370202],[-71.3283082,46.6372226],[-71.3283522,46.6376839],[-71.3290903,46.6383414],[-71.3300069,46.6384634],[-71.3304947,46.6382886],[-71.3318532,46.6380227],[-71.332768,46.6380008],[-71.3333175,46.6381581],[-71.3335608,46.6384148],[-71.3338291,46.6385538],[-71.3337548,46.6389546],[-71.3334556,46.6392375],[-71.3319245,46.6397344],[-71.3285737,46.6403063],[-71.327164,46.6403194],[-71.3243834,46.6399829],[-71.3217026,46.639348],[-71.3208957,46.639351],[-71.3203208,46.6394832],[-71.3199722,46.6396573],[-71.3197023,46.6399863],[-71.3191262,46.6404147],[-71.3188798,46.6407023],[-71.318399,46.6416728],[-71.3185901,46.6421928],[-71.3191347,46.6421385],[-71.3200057,46.6416554],[-71.3209847,46.6413736],[-71.3225605,46.6413862],[-71.324257,46.6416511],[-71.3248048,46.6416646],[-71.3258108,46.641237],[-71.326823,46.641117],[-71.3273878,46.6413454],[-71.3273924,46.6417292],[-71.3265071,46.6424092],[-71.3239169,46.6433289],[-71.3227781,46.6438844],[-71.3213685,46.6443459],[-71.3205735,46.6443521],[-71.3172845,46.6449116],[-71.3167028,46.6450803],[-71.3147699,46.6453542],[-71.312986,46.6458307],[-71.3125876,46.6460678],[-71.3124423,46.646373],[-71.3124612,46.647784],[-71.3122803,46.6481275],[-71.3104226,46.6488806],[-71.3098517,46.6489566],[-71.3086889,46.6489498],[-71.3061971,46.6486906],[-71.3046104,46.6483784],[-71.3031119,46.6484247],[-71.3025715,46.6486427],[-71.3021847,46.6490551],[-71.3020581,46.6493271],[-71.3019617,46.6501333],[-71.3014751,46.651064],[-71.3012254,46.6512837],[-71.3004393,46.6516652],[-71.3001015,46.6517465],[-71.2988475,46.6517533],[-71.2975703,46.6514095],[-71.2962306,46.6508576],[-71.2956282,46.6506954],[-71.2948545,46.650688],[-71.2944135,46.6507797],[-71.2939841,46.6510467],[-71.2938658,46.6512061],[-71.2938064,46.651898],[-71.2940811,46.6523928],[-71.2946392,46.6528778],[-71.2950197,46.653382],[-71.2950775,46.6538185],[-71.2950231,46.6541099],[-71.2948295,46.6544021],[-71.294498,46.654619],[-71.2934316,46.655078],[-71.2916379,46.6551786],[-71.2908973,46.6553331],[-71.2904191,46.6555392],[-71.2900603,46.6559018],[-71.2897913,46.6565467],[-71.2871153,46.6604753],[-71.2867183,46.6608563],[-71.2853411,46.6616908],[-71.2845191,46.6618903],[-71.2833943,46.6623049],[-71.281735,46.663073],[-71.2785678,46.6635114],[-71.2777861,46.6638844],[-71.2760968,46.6643382],[-71.275236,46.6642881],[-71.2745852,46.6641128],[-71.2736913,46.6641207],[-71.2701173,46.6649563],[-71.2692846,46.6652964],[-71.2686259,46.6657217],[-71.2680972,46.6659428],[-71.2652795,46.666963],[-71.2648116,46.6670282],[-71.2622713,46.6683911],[-71.2618572,46.668777],[-71.2618281,46.669879],[-71.2616598,46.6701016],[-71.2615674,46.6706795],[-71.2616438,46.672451],[-71.2605375,46.6742004],[-71.26026,46.6747859],[-71.2602646,46.6752177],[-71.2618324,46.676176],[-71.2624507,46.6764575],[-71.2628118,46.676727],[-71.2631628,46.6771852],[-71.2629355,46.6781956],[-71.262963,46.6791982],[-71.2630972,46.6793778],[-71.2641296,46.6799335],[-71.2646467,46.6806374],[-71.2646907,46.6809267],[-71.2644784,46.68108],[-71.2644579,46.6811893],[-71.2646586,46.6815209],[-71.2648714,46.6816356],[-71.2658788,46.6818688],[-71.267119,46.6818393],[-71.267457,46.6819782],[-71.2677369,46.6822928],[-71.2677342,46.682493],[-71.267438,46.6828916],[-71.2663443,46.6840322],[-71.2661046,46.6847714],[-71.2660497,46.6863832],[-71.2662168,46.687538],[-71.2665337,46.6882455],[-71.2680109,46.6889975],[-71.2693408,46.6899107],[-71.2702513,46.6911701],[-71.2709527,46.6919906],[-71.2712489,46.6922521],[-71.271834,46.6923236],[-71.2704535,46.692746],[-71.2704562,46.6923257],[-71.269825,46.6913328],[-71.2679793,46.6896396],[-71.2665635,46.6887798],[-71.2656897,46.6880182],[-71.2654368,46.6866296],[-71.265371,46.6854254],[-71.2659124,46.6838872],[-71.2664089,46.683332],[-71.2672918,46.6827087],[-71.2673269,46.6824025],[-71.2666367,46.6821495],[-71.2653351,46.6820668],[-71.2648666,46.681864],[-71.2644095,46.6818365],[-71.2642355,46.6817513],[-71.2641402,46.6813812],[-71.2641728,46.680835],[-71.2641158,46.6806665],[-71.2632014,46.6796834],[-71.2626175,46.6794878],[-71.2624441,46.6792305],[-71.2623426,46.6787248],[-71.2623444,46.6779885],[-71.2625034,46.6773424],[-71.262461,46.677197],[-71.2617783,46.6765155],[-71.2596985,46.675333],[-71.2596758,46.6743222],[-71.2599097,46.6739355],[-71.2607124,46.6730133],[-71.2608797,46.6726948],[-71.2610581,46.6718435],[-71.2610748,46.6704702],[-71.2612758,46.6697015],[-71.2613102,46.6686391],[-71.2613946,46.6684418],[-71.2617395,46.6681042],[-71.2623124,46.6677324],[-71.263871,46.666947],[-71.2665515,46.6658994],[-71.2680465,46.6654699],[-71.2694089,46.6647846],[-71.2709672,46.6642191],[-71.2722368,46.6640637],[-71.2729049,46.6638418],[-71.2746114,46.663651],[-71.2766417,46.663624],[-71.2769813,46.6636868],[-71.2789759,46.6630378],[-71.2809088,46.6628887],[-71.2825507,46.6622977],[-71.2836766,46.6617591],[-71.2848433,46.6614419],[-71.2862981,46.6606666],[-71.2865149,46.6602849],[-71.2874189,46.659256],[-71.2880331,46.6583213],[-71.2886641,46.6571616],[-71.2893297,46.6563077],[-71.2897668,46.6554401],[-71.2900093,46.6552088],[-71.2901643,46.6551071],[-71.2911826,46.6548552],[-71.2929348,46.6547052],[-71.2940369,46.6544279],[-71.2944925,46.6541393],[-71.2945091,46.6536941],[-71.2941222,46.6530543],[-71.293237,46.6518977],[-71.2931861,46.6516449],[-71.2932137,46.6513271],[-71.2936687,46.6507704],[-71.2940143,46.6505287],[-71.2947784,46.6503327],[-71.2956338,46.650343],[-71.2965343,46.6505184],[-71.2987096,46.6514579],[-71.2995797,46.6514912],[-71.3001715,46.651354],[-71.3005705,46.6511649],[-71.301251,46.650382],[-71.3015157,46.6497932],[-71.3016986,46.6489816],[-71.3019084,46.6486364],[-71.3021434,46.6483936],[-71.3029105,46.6480453],[-71.3043435,46.6479431],[-71.307432,46.6484969],[-71.3083964,46.6485842],[-71.3095906,46.648609],[-71.3107873,46.6484336],[-71.3114958,46.6482129],[-71.3119104,46.6479228],[-71.3120525,46.6475498],[-71.3120164,46.6463158],[-71.3124411,46.645665],[-71.3128081,46.6454098],[-71.3160981,46.6447264],[-71.3185006,46.6443588],[-71.3190414,46.6441887],[-71.3212246,46.6439629],[-71.322146,46.6436847],[-71.3248446,46.6425742],[-71.3256734,46.6423858],[-71.3266621,46.6419153],[-71.3270089,46.6415974],[-71.3268626,46.6414146],[-71.3264735,46.6414151],[-71.3246172,46.6420445],[-71.3221119,46.6416385],[-71.3212855,46.6416267],[-71.3199332,46.6420281],[-71.3189318,46.6424473],[-71.3186365,46.6424539],[-71.3183567,46.6423596],[-71.3180189,46.6418288],[-71.3180326,46.6413639],[-71.3181314,46.6411896],[-71.3189279,46.6401032],[-71.3198797,46.6393551],[-71.3203718,46.639124],[-71.3209063,46.6390382],[-71.3218144,46.6390529],[-71.3247073,46.6397544],[-71.3262592,46.6399805],[-71.3280754,46.6400097],[-71.3304499,46.6397396],[-71.3332061,46.6390653],[-71.3333872,46.6389418],[-71.333455,46.6387975],[-71.3334198,46.6386637],[-71.3330025,46.6383221],[-71.3327248,46.6381996],[-71.3323357,46.6382002],[-71.330038,46.6386535],[-71.3294012,46.6386257],[-71.3283901,46.6382296],[-71.328249,46.6380865],[-71.3282006,46.6378535],[-71.3279526,46.6376051],[-71.3279756,46.6371236],[-71.3282463,46.6366704],[-71.3289181,46.6362199],[-71.3294896,46.6360198],[-71.3298901,46.6359745],[-71.3327845,46.6362075],[-71.3373265,46.6362522],[-71.3406052,46.6357086],[-71.3414261,46.6352885],[-71.3445836,46.6346644],[-71.3457586,46.6343299],[-71.3468768,46.633875],[-71.35116,46.6330272],[-71.3532171,46.6318205],[-71.353978,46.6316042],[-71.3550266,46.6315416],[-71.3567981,46.6311091],[-71.357318,46.630828],[-71.3574724,46.6305061],[-71.3574084,46.6302021],[-71.3569304,46.6296244],[-71.3567765,46.6290381],[-71.3567027,46.6285307],[-71.3567244,46.6272171],[-71.3565809,46.6268822],[-71.356607,46.6262965],[-71.3566942,46.6261669],[-71.3570901,46.6259577],[-71.3574407,46.6255834],[-71.3578143,46.6249476],[-71.3579574,46.6244984],[-71.3587604,46.6236433],[-71.3614386,46.622613],[-71.3629121,46.6218232],[-71.3636306,46.6216815],[-71.3637873,46.6215515],[-71.3638328,46.6209806],[-71.363039,46.6195628],[-71.3620092,46.6186362],[-71.3602173,46.617438],[-71.3601058,46.617169],[-71.3601333,46.6165072],[-71.3602125,46.6163182],[-71.3608161,46.6158397],[-71.3621829,46.6151648],[-71.3624962,46.6150769],[-71.3630537,46.6151214],[-71.3635753,46.6149842],[-71.3637977,46.6147381],[-71.3637873,46.6144867],[-71.3636237,46.6140891],[-71.3641686,46.6133463],[-71.3645341,46.612651],[-71.3651679,46.6119226],[-71.3657251,46.6115751],[-71.3666651,46.6114318],[-71.3677029,46.6106532],[-71.3677782,46.6103484],[-71.367021,46.6098965],[-71.3670018,46.6097097],[-71.3667545,46.6093374],[-71.3667563,46.6089173],[-71.3668462,46.6086355],[-71.3670532,46.6084904],[-71.3675812,46.6077527],[-71.367579,46.6072168],[-71.3682223,46.6062998],[-71.3682481,46.6058861],[-71.3677916,46.6052951],[-71.3675622,46.6051857],[-71.3673098,46.6046017],[-71.3673466,46.6031873],[-71.3664616,46.6015635],[-71.3658934,46.6010477],[-71.3655954,46.6006426],[-71.3654324,46.599729],[-71.3645599,46.5990645],[-71.3640744,46.5988193],[-71.363201,46.5984509],[-71.3610811,46.5981777],[-71.3602206,46.5982524],[-71.3596095,46.5984993],[-71.3590086,46.5986055],[-71.3577642,46.5985006],[-71.3556962,46.598528],[-71.3555552,46.598385],[-71.3547712,46.5982508],[-71.3542291,46.5978852],[-71.354054,46.5977043],[-71.3538879,46.5972869],[-71.3539349,46.5966399],[-71.3544626,46.5956824],[-71.3544898,46.5953646],[-71.3547281,46.5946735],[-71.3555913,46.5934906],[-71.3565741,46.5928562],[-71.3577448,46.5922818],[-71.3584474,46.5920691],[-71.3595109,46.5915615],[-71.3599549,46.5911933],[-71.3601405,46.5908895],[-71.3607633,46.5902538],[-71.3614706,46.5900329],[-71.3622617,46.5896145],[-71.3626393,46.5893145],[-71.3627037,46.5891024],[-71.3625548,46.5888999],[-71.3621382,46.5887784],[-71.360367,46.5887231],[-71.3593504,46.5880197],[-71.3589054,46.587556],[-71.3587441,46.5871303],[-71.3581757,46.5863945],[-71.3579138,46.5856071],[-71.357448,46.5852047],[-71.3570719,46.5843007],[-71.356689,46.583997],[-71.3554619,46.5833231],[-71.354947,46.5826398],[-71.3545269,46.5822305],[-71.3544174,46.5815415],[-71.354487,46.5809771],[-71.355001,46.5800925],[-71.3556223,46.5795331],[-71.3560474,46.5791981],[-71.3569854,46.5788384],[-71.3579479,46.5787053],[-71.3617571,46.578735],[-71.3629404,46.5784317],[-71.3635777,46.5778191],[-71.3637542,46.5771879],[-71.3638399,46.5763985],[-71.364075,46.5760316],[-71.3646238,46.5756247],[-71.3648407,46.5753389],[-71.3649885,46.5747095],[-71.3649338,46.574561],[-71.364615,46.5743893],[-71.3633638,46.574445],[-71.3626197,46.5743883],[-71.361634,46.5738271],[-71.3615956,46.5734536],[-71.361723,46.5731055],[-71.3624536,46.572671],[-71.3627577,46.5722557],[-71.3630328,46.5712783],[-71.3630715,46.5707438],[-71.3627248,46.5704499],[-71.3622235,46.5702579],[-71.3604221,46.5698405],[-71.3591577,46.569233],[-71.3589828,46.5690522],[-71.3586318,46.5684226],[-71.358089,46.5677892],[-71.3576193,46.5668791],[-71.3576024,46.5659283],[-71.3580911,46.5653333],[-71.3580763,46.5649183],[-71.3578673,46.5646996],[-71.3575471,46.564604],[-71.3564702,46.5645725],[-71.3557425,46.5642908],[-71.3550941,46.564212],[-71.3545938,46.5638959],[-71.354218,46.5639478],[-71.3538765,46.5638655],[-71.3534765,46.5635189],[-71.3533841,46.5630449],[-71.3534935,46.562778],[-71.353638,46.5626448],[-71.3544073,46.5622399],[-71.3547011,46.5619653],[-71.3554082,46.5610085],[-71.3559717,46.5604527],[-71.3565039,46.559315],[-71.3570109,46.5584669],[-71.3577462,46.5578522],[-71.3581533,46.5572544],[-71.3584061,46.5565864],[-71.3592873,46.5557625],[-71.3593666,46.5554015],[-71.359347,46.5549948],[-71.3592377,46.5546978],[-71.3590082,46.5543685],[-71.3572686,46.5531073],[-71.3571344,46.5529279],[-71.3571114,46.5526254],[-71.3572129,46.5521271],[-71.3576051,46.5516782],[-71.3578851,46.5516484],[-71.3593572,46.5512988],[-71.35961,46.5511947],[-71.3596756,46.5510785],[-71.3596189,46.5509582],[-71.3590541,46.5504622],[-71.35886,46.5500946],[-71.3590732,46.5495211],[-71.3594723,46.5488639],[-71.3600295,46.5483925],[-71.3616361,46.5477063],[-71.3638956,46.5476544],[-71.3645841,46.5475146],[-71.3660312,46.5458107],[-71.3665523,46.5445937],[-71.3661626,46.5433708],[-71.3658142,46.5429331],[-71.3656717,46.5424743],[-71.3653447,46.5420232],[-71.3651595,46.5414191],[-71.3651327,46.5408289],[-71.3652749,46.540332],[-71.3656541,46.5400039],[-71.3660395,46.5394195],[-71.3662989,46.539279],[-71.3666009,46.5392837],[-71.3667288,46.5389836],[-71.3663562,46.5387114],[-71.3654944,46.5385944],[-71.3652621,46.5384172],[-71.3649657,46.5381082],[-71.3647224,46.5376318],[-71.3647284,46.5369835],[-71.3649524,46.5361455],[-71.365418,46.5354679],[-71.3661023,46.5339127],[-71.366753,46.5332754],[-71.3668322,46.5329144],[-71.3667702,46.5327544],[-71.3663015,46.5324563],[-71.3652345,46.5325803],[-71.3648181,46.5328028],[-71.3646076,46.5328322],[-71.363814,46.5327908],[-71.3630742,46.532458],[-71.3627231,46.5321725],[-71.3623404,46.531477],[-71.3623463,46.5297011],[-71.3624266,46.5288722],[-71.3626895,46.5278917],[-71.3630799,46.5269551],[-71.3630503,46.5265171],[-71.362128,46.525772],[-71.3612172,46.5255461],[-71.3596132,46.5258122],[-71.3590642,46.5257792],[-71.3584982,46.5253593],[-71.3583803,46.5251269],[-71.3583265,46.5248544],[-71.358432,46.5242999],[-71.3589685,46.5235459],[-71.3597489,46.5227525],[-71.3604813,46.5223379],[-71.361235,46.522082],[-71.3618051,46.5217098],[-71.3637841,46.5209999],[-71.3663711,46.5206351],[-71.3674227,46.5195323],[-71.368775,46.5189023],[-71.3693595,46.518725],[-71.3694627,46.5183705],[-71.3694536,46.5180432],[-71.3693205,46.5175679],[-71.3687761,46.5169628],[-71.3669584,46.5154992],[-71.3645199,46.5139831],[-71.3637727,46.513247],[-71.3632659,46.5125755],[-71.3625215,46.5118592],[-71.3623842,46.5116121],[-71.3620978,46.5109425],[-71.3621498,46.5103354],[-71.3620313,46.5100551],[-71.3617403,46.5099577],[-71.3613764,46.5099649],[-71.3599004,46.5102748],[-71.3595285,46.5102225],[-71.357327,46.5092191],[-71.3559233,46.5088126],[-71.3550267,46.5087337],[-71.3546029,46.5085528],[-71.353697,46.5079266],[-71.3532619,46.5077904],[-71.3526803,46.5078154],[-71.3512003,46.5081814],[-71.3491789,46.5089177],[-71.3487675,46.5089599],[-71.3479239,46.5085999],[-71.3476986,46.5083248],[-71.3474035,46.5081457],[-71.3467464,46.5078596],[-71.3460946,46.5077285],[-71.345821,46.507507],[-71.3457808,46.507363],[-71.3460892,46.5070732],[-71.3466686,46.506968],[-71.3472345,46.5069735],[-71.3476422,46.5068424],[-71.347779,46.5066781],[-71.3477254,46.5060781],[-71.3473505,46.5057592],[-71.3461228,46.5055926],[-71.3441661,46.5057458],[-71.3431227,46.5055243],[-71.3421464,46.5055225],[-71.3417923,46.505264],[-71.341669,46.5049742],[-71.3420445,46.5043317],[-71.3421062,46.5040954],[-71.342078,46.5036511],[-71.3415322,46.502864],[-71.3414638,46.5026424],[-71.3410333,46.5024633],[-71.3404583,46.5020106],[-71.3398434,46.5016538],[-71.3396034,46.5014172],[-71.3394417,46.5011155],[-71.3396039,46.5002896],[-71.3402915,46.4989745],[-71.3408582,46.4985347],[-71.3414033,46.4982801],[-71.3419367,46.4978504],[-71.3427243,46.4974606],[-71.3433986,46.4973937],[-71.3446356,46.497727],[-71.3464243,46.4979412],[-71.3473596,46.4978777],[-71.3477912,46.4975544],[-71.3476603,46.4966591],[-71.3474112,46.4962671],[-71.3471292,46.4955414],[-71.3464814,46.4948509],[-71.3439798,46.4938903],[-71.3429634,46.4933871],[-71.3422516,46.4931285],[-71.3412171,46.4930982],[-71.3404785,46.493377],[-71.3401487,46.493422],[-71.339731,46.4933285],[-71.3395078,46.4930868],[-71.3394579,46.4925382],[-71.3396784,46.4919765],[-71.3403467,46.4914303],[-71.3427873,46.4901958],[-71.343549,46.4889427],[-71.3441486,46.4876102],[-71.3440872,46.4867427],[-71.343706,46.4859234],[-71.3437862,46.4858303],[-71.343551,46.4855854],[-71.3435932,46.4855107],[-71.3436933,46.4854804],[-71.3437539,46.4855445],[-71.3437914,46.4854781],[-71.3436677,46.4847663],[-71.3435054,46.4844168],[-71.343235,46.4840382],[-71.3428797,46.4837609],[-71.3423702,46.4835854],[-71.3397927,46.4833973],[-71.3397736,46.4832106],[-71.339499,46.4830601],[-71.3389253,46.4829246],[-71.3383927,46.4830104],[-71.3381874,46.4828595],[-71.3374419,46.4829548],[-71.3372234,46.4830966],[-71.3371233,46.4827351],[-71.3366541,46.4823411],[-71.3362149,46.4816494],[-71.3361478,46.4810579],[-71.3366906,46.4808316],[-71.3370247,46.4805585],[-71.3371026,46.4802737],[-71.3370818,46.4799432],[-71.3369415,46.4796282],[-71.3363957,46.4792231],[-71.3360118,46.4785558],[-71.3354614,46.4785508],[-71.3350661,46.4787118],[-71.3343997,46.4786181],[-71.3336856,46.4783396],[-71.3327785,46.4781333],[-71.3316905,46.4776106],[-71.3311641,46.477612],[-71.3298521,46.478147],[-71.3292176,46.4781192],[-71.3272364,46.4771454],[-71.3268837,46.476668],[-71.3268305,46.4762236],[-71.32689,46.4758],[-71.3265554,46.4756334],[-71.3259005,46.4754949],[-71.3256499,46.4753509],[-71.3255776,46.4751116],[-71.3257781,46.4738756],[-71.3260318,46.4730839],[-71.3260963,46.4724802],[-71.3262934,46.47196],[-71.3261979,46.4709786],[-71.3262339,46.4705965],[-71.3259264,46.4698924],[-71.3251298,46.4689035],[-71.3250295,46.4683222],[-71.3256719,46.4672341],[-71.3261711,46.4667667],[-71.3268518,46.46588],[-71.3278085,46.4650678],[-71.3280033,46.4643559],[-71.3279993,46.4636286],[-71.3277874,46.4631223],[-71.3259788,46.4623095],[-71.3240043,46.4610315],[-71.3234758,46.4608411],[-71.3238002,46.4603648],[-71.3242436,46.4600449],[-71.3245413,46.4599341],[-71.3294667,46.4591702],[-71.330175,46.4587974],[-71.3308757,46.4581933],[-71.3308301,46.4579804],[-71.3302097,46.4577079],[-71.3300101,46.4574247],[-71.3298746,46.4571015],[-71.3298899,46.4567808],[-71.3302566,46.4564497],[-71.3307345,46.4562155],[-71.3314995,46.4565747],[-71.3316929,46.4565505],[-71.331896,46.4563377],[-71.3319505,46.4560944],[-71.3317667,46.4559302],[-71.331647,46.4553341],[-71.3314987,46.4551317],[-71.3314756,46.4546095],[-71.3316761,46.4543769],[-71.3321952,46.4541921],[-71.3324621,46.4537194],[-71.3325063,46.4528332],[-71.3324827,46.4510878],[-71.3317685,46.4499778],[-71.3314154,46.4486691],[-71.3310576,46.4481521],[-71.3310032,46.4472202],[-71.3307042,46.4470153],[-71.3298151,46.4468519],[-71.3291416,46.4465268],[-71.3277289,46.4453812],[-71.3258831,46.4451985],[-71.3252269,46.4449163],[-71.3251318,46.4447664],[-71.3252238,46.4444568],[-71.3255816,46.4441903],[-71.3263546,46.4440453],[-71.3279122,46.4439306],[-71.3286103,46.4435265],[-71.3288067,46.4433502],[-71.3288289,46.4432129],[-71.3286397,46.4423974],[-71.3284169,46.4421558],[-71.3275182,46.441789],[-71.3270856,46.4414048],[-71.326739,46.441015],[-71.32662,46.4404669],[-71.3264048,46.4400649],[-71.3257508,46.4393629],[-71.3249233,46.4391395],[-71.3239228,46.439051],[-71.3225331,46.4385995],[-71.3216061,46.4384543],[-71.3208201,46.4385001],[-71.3196622,46.4388373],[-71.3193343,46.4388061],[-71.3190479,46.4386524],[-71.3187675,46.4381944],[-71.3189926,46.437013],[-71.3189263,46.4368613],[-71.3181591,46.4358707],[-71.3173566,46.4345265],[-71.3170587,46.4341976],[-71.3159023,46.4332356],[-71.3151435,46.432744],[-71.3145289,46.4321194],[-71.3141629,46.4318867],[-71.312991,46.4316371],[-71.3123711,46.4313646],[-71.3121135,46.431209],[-71.3117139,46.4307666],[-71.3118896,46.4302599],[-71.3118962,46.4300037],[-71.3117254,46.4288873],[-71.3115841,46.4282567],[-71.31116,46.42776],[-71.3105349,46.4274478],[-71.3098386,46.4273839],[-71.3091581,46.4274389],[-71.3079254,46.4279086],[-71.3071594,46.4280169],[-71.3067029,46.4280178],[-71.3056791,46.4277508],[-71.3051785,46.4272428],[-71.3048315,46.4265853],[-71.3047028,46.425786],[-71.3045833,46.4255817],[-71.3040358,46.4251567],[-71.3031988,46.4249018],[-71.2985896,46.425013],[-71.2970418,46.4248908],[-71.2965576,46.4247695],[-71.2958445,46.4242709],[-71.2955922,46.4239351],[-71.2952254,46.4229951],[-71.295183,46.42263],[-71.2957769,46.4210418],[-71.2956031,46.4204693],[-71.2954613,46.4204023],[-71.294931,46.4206316],[-71.2945836,46.4209772],[-71.2941726,46.421191],[-71.2918106,46.4213359],[-71.2890236,46.4219392],[-71.2879794,46.4219531],[-71.2875666,46.4218032],[-71.2874027,46.422533],[-71.2872334,46.4227834],[-71.2867097,46.4229763],[-71.2856253,46.4228168],[-71.2838896,46.422978],[-71.283481,46.4227719],[-71.2831146,46.4222714],[-71.2825867,46.421861],[-71.282001,46.4216261],[-71.2810344,46.4217469],[-71.2801939,46.4220356],[-71.2797323,46.4219967],[-71.279182,46.4217236],[-71.2792711,46.4215661],[-71.2798572,46.4211895],[-71.2806502,46.4204962],[-71.2805897,46.419333],[-71.2803698,46.419111],[-71.2791641,46.4192148],[-71.2785091,46.4194199],[-71.2778927,46.4194347],[-71.2759747,46.4188679],[-71.2751374,46.4187846],[-71.273877,46.4184722],[-71.272377,46.4178751],[-71.2715152,46.4179572],[-71.2704508,46.4178602],[-71.2694338,46.4175084],[-71.2691592,46.4173099],[-71.2689134,46.4168897],[-71.2689525,46.4165276],[-71.2688035,46.4162292],[-71.2687984,46.4159697],[-71.2672335,46.414877],[-71.2669866,46.4145808],[-71.2656019,46.4142441],[-71.2652877,46.4143598],[-71.2636419,46.4144111],[-71.2634595,46.4143426],[-71.2634633,46.4137988],[-71.2632029,46.4135754],[-71.2622568,46.4135868],[-71.2618004,46.4138073],[-71.2612919,46.4138511],[-71.2612689,46.4139405],[-71.2614246,46.4142025],[-71.2612942,46.4145304],[-71.2608519,46.414726],[-71.2604679,46.4145742],[-71.2602991,46.4146527],[-71.2600793,46.4144307],[-71.2599325,46.4141042],[-71.2596585,46.4139536],[-71.2587385,46.4139433],[-71.2581775,46.4137627],[-71.2581574,46.4132124],[-71.2583153,46.4130067],[-71.2583159,46.4128348],[-71.258192,46.4126388],[-71.2579347,46.4124831],[-71.2565965,46.4120154],[-71.2554134,46.4119817],[-71.2546847,46.4117556],[-71.2538765,46.4112307],[-71.2530045,46.4110136],[-71.2500434,46.4118744],[-71.2451464,46.411981],[-71.2447458,46.4118342],[-71.2439489,46.4117042],[-71.2432157,46.4119739],[-71.2426691,46.412036],[-71.2403603,46.4126719],[-71.2384293,46.4123969],[-71.2365411,46.4125827],[-71.2353905,46.4129303],[-71.2351941,46.4128867],[-71.2347156,46.4125848],[-71.2337949,46.4127462],[-71.2310703,46.4126765],[-71.2301315,46.4131866],[-71.2298184,46.4131782],[-71.2294852,46.4130591],[-71.2295427,46.4128357],[-71.2295049,46.4121467],[-71.2293769,46.4120068],[-71.2277799,46.4116788],[-71.2272717,46.4115027],[-71.2268271,46.4112387],[-71.2266171,46.4112678],[-71.2266136,46.4111521],[-71.2267782,46.4111299],[-71.2275594,46.4113609],[-71.2288014,46.411803],[-71.2292364,46.4118158],[-71.2295671,46.4119151],[-71.2297306,46.4120168],[-71.22977,46.4121422],[-71.2298567,46.41294],[-71.2300707,46.4130745],[-71.2305275,46.4126344],[-71.231044,46.4124303],[-71.2318511,46.412372],[-71.2330106,46.4124475],[-71.2339154,46.4126068],[-71.2345355,46.4124882],[-71.2350698,46.4126426],[-71.2353036,46.4128399],[-71.23572,46.412666],[-71.2371863,46.4123466],[-71.2391092,46.4122945],[-71.2400718,46.4124981],[-71.2404948,46.4125076],[-71.2423041,46.411851],[-71.2430033,46.4117633],[-71.2440876,46.4114837],[-71.2454814,46.4118042],[-71.2485937,46.4117014],[-71.2489437,46.4118154],[-71.2503968,46.4116165],[-71.2516781,46.4112086],[-71.2524127,46.4110827],[-71.2526503,46.4109559],[-71.2531994,46.4109135],[-71.2556896,46.4118844],[-71.2567914,46.4119153],[-71.2577045,46.4121818],[-71.2585837,46.41285],[-71.2582823,46.4135043],[-71.2584302,46.4137069],[-71.2598492,46.4139096],[-71.2600847,46.4140308],[-71.2605727,46.4145357],[-71.2609004,46.4145671],[-71.2611119,46.4144619],[-71.2612052,46.4142482],[-71.2609819,46.4139105],[-71.2611262,46.4137776],[-71.2629935,46.4134327],[-71.2633743,46.4135167],[-71.263628,46.4137765],[-71.2635632,46.4142082],[-71.2637268,46.4143098],[-71.2651126,46.4143028],[-71.2655196,46.4141454],[-71.267108,46.4145372],[-71.2678362,46.4151549],[-71.2683025,46.4154054],[-71.2690458,46.4160941],[-71.2691645,46.4171297],[-71.2692395,46.4172169],[-71.2700533,46.4175615],[-71.2709301,46.4177701],[-71.2724474,46.4177507],[-71.273629,46.4182999],[-71.2767714,46.4189497],[-71.2779709,46.4193698],[-71.2800748,46.4190216],[-71.2804578,46.4190775],[-71.2806699,46.41924],[-71.2808023,46.4202028],[-71.280768,46.4205567],[-71.2801605,46.4211664],[-71.2794904,46.4215203],[-71.2794034,46.4216497],[-71.2794712,46.4217254],[-71.2801663,46.4219134],[-71.2807228,46.4216626],[-71.2813048,46.421562],[-71.2819379,46.4215422],[-71.2824074,46.4216405],[-71.2826883,46.4217547],[-71.2832934,46.4222242],[-71.2836644,46.4227164],[-71.2839959,46.4228634],[-71.2854877,46.4226936],[-71.2867613,46.4228851],[-71.2870562,46.4227546],[-71.2872667,46.4225535],[-71.287375,46.422191],[-71.287304,46.4218278],[-71.2875124,46.4216548],[-71.2882315,46.4218493],[-71.2897994,46.4216426],[-71.2912239,46.421225],[-71.293949,46.4210732],[-71.2945278,46.4209048],[-71.2946742,46.4207437],[-71.2946694,46.4205322],[-71.2950231,46.420322],[-71.295668,46.4202791],[-71.2959059,46.420618],[-71.296002,46.4210836],[-71.2958241,46.4218382],[-71.2955289,46.4223604],[-71.2956331,46.4233251],[-71.2958844,46.4237848],[-71.2963156,46.4242932],[-71.2968233,46.4245929],[-71.29764,46.4247372],[-71.3003102,46.4247805],[-71.3032372,46.4247115],[-71.3041144,46.4249199],[-71.3045695,46.4252149],[-71.3050534,46.4257279],[-71.3052103,46.4264774],[-71.3056627,46.4273641],[-71.3066167,46.4278034],[-71.3075412,46.427757],[-71.3081347,46.4276115],[-71.3087598,46.4273122],[-71.3088634,46.4271778],[-71.3085877,46.4271033],[-71.3086351,46.4270683],[-71.3099646,46.4271121],[-71.310993,46.4273708],[-71.3114116,46.4276082],[-71.3117501,46.4279385],[-71.3120405,46.4286476],[-71.3122806,46.4309866],[-71.3133114,46.431437],[-71.3143952,46.4317201],[-71.314949,46.4320608],[-71.3174062,46.4340717],[-71.319206,46.4366598],[-71.3192922,46.4368741],[-71.3192624,46.4383949],[-71.3194168,46.4385131],[-71.3196661,46.4385612],[-71.3196839,46.438652],[-71.3209372,46.4382929],[-71.3219838,46.4382505],[-71.3245556,46.4389829],[-71.3254288,46.4390275],[-71.3259404,46.4392229],[-71.3263671,46.4395196],[-71.3267201,46.4400449],[-71.3271169,46.441031],[-71.3273957,46.4413451],[-71.3277125,46.4416408],[-71.3279649,46.4417567],[-71.3284602,46.4417853],[-71.3287884,46.4420363],[-71.3290943,46.4428163],[-71.3291224,46.4431583],[-71.3291048,46.4432873],[-71.328881,46.4435613],[-71.3281027,46.4440584],[-71.3263736,46.444232],[-71.3257919,46.4443808],[-71.3255669,46.444559],[-71.3255259,46.4447294],[-71.3257775,46.4449693],[-71.3268752,46.4451795],[-71.3278945,46.4452348],[-71.3292513,46.446308],[-71.3297162,46.4465863],[-71.3303526,46.4468058],[-71.3309266,46.4468173],[-71.3311191,46.446917],[-71.3313798,46.4473122],[-71.3314266,46.4476211],[-71.3318698,46.4480846],[-71.3319687,46.4483502],[-71.3321407,46.4499062],[-71.3322715,46.4502377],[-71.3326202,46.4505993],[-71.3330369,46.4522119],[-71.3328765,46.4527897],[-71.332815,46.453633],[-71.3327173,46.4538551],[-71.3324331,46.4542849],[-71.3318244,46.4545794],[-71.3318879,46.4556666],[-71.3321334,46.4559909],[-71.3323087,46.4560477],[-71.3324588,46.4560022],[-71.3323754,46.4564192],[-71.3321848,46.4566832],[-71.3318726,46.4567709],[-71.3313771,46.4567424],[-71.3309513,46.4565416],[-71.3306086,46.4564873],[-71.3302747,46.4567604],[-71.3302244,46.4569474],[-71.3302542,46.4574333],[-71.3303273,46.4575485],[-71.3311043,46.457911],[-71.3313352,46.4582122],[-71.3316589,46.4580797],[-71.3313814,46.4584731],[-71.3301536,46.4592026],[-71.3295062,46.4594675],[-71.3247011,46.4600919],[-71.3243106,46.4602445],[-71.3238917,46.4606189],[-71.3239681,46.4608019],[-71.3243839,46.4609714],[-71.3259393,46.4620122],[-71.3279013,46.4628473],[-71.3282975,46.4635657],[-71.3283648,46.4639852],[-71.3282983,46.464617],[-71.3280851,46.4651902],[-71.3278638,46.4654841],[-71.3270842,46.4661052],[-71.3268895,46.4664253],[-71.3257939,46.4676301],[-71.3253749,46.4683962],[-71.3253705,46.4686244],[-71.3263108,46.4698241],[-71.3266034,46.470677],[-71.3264769,46.4709009],[-71.326556,46.4721072],[-71.3262643,46.4729173],[-71.3260436,46.4742625],[-71.3257925,46.475074],[-71.3259441,46.4753443],[-71.3269501,46.4754244],[-71.3272838,46.4757151],[-71.3274747,46.475671],[-71.3274972,46.4757536],[-71.3271408,46.4761639],[-71.3271252,46.4766567],[-71.3278015,46.4771735],[-71.328498,46.4775811],[-71.3293201,46.4778888],[-71.3296817,46.4779099],[-71.3308154,46.4774702],[-71.3314674,46.4773689],[-71.332797,46.4778803],[-71.3334874,46.4779804],[-71.3345235,46.4783744],[-71.335168,46.4784335],[-71.3356467,46.4782472],[-71.3360083,46.4782682],[-71.3362777,46.478379],[-71.336449,46.4784921],[-71.3370894,46.479391],[-71.3374343,46.4802007],[-71.3374674,46.4803625],[-71.3372499,46.4807721],[-71.3366254,46.4811675],[-71.3366412,46.4816783],[-71.3368895,46.4820223],[-71.3372796,46.4822135],[-71.3371472,46.4823498],[-71.3374489,46.4827465],[-71.3378351,46.4828219],[-71.338243,46.482712],[-71.3381619,46.4825373],[-71.3382248,46.4824013],[-71.3385141,46.4825749],[-71.3391979,46.4827114],[-71.3404322,46.4832447],[-71.3413283,46.4833237],[-71.3423654,46.4832019],[-71.3430862,46.4836159],[-71.3439153,46.4842788],[-71.3440794,46.4847722],[-71.3442252,46.4859104],[-71.3446278,46.4871082],[-71.3444588,46.4881425],[-71.3442733,46.488618],[-71.3436616,46.4892846],[-71.3434473,46.489762],[-71.343434,46.4902267],[-71.3433584,46.4903114],[-71.3403394,46.4918106],[-71.3398875,46.4922431],[-71.3397977,46.4925247],[-71.3397895,46.4930289],[-71.3398821,46.493159],[-71.3400816,46.4932223],[-71.3410079,46.4928316],[-71.3423529,46.4928022],[-71.3446259,46.4938733],[-71.3450504,46.4939303],[-71.3458609,46.4942346],[-71.3466105,46.4946467],[-71.3473457,46.4954277],[-71.3481173,46.49683],[-71.348152,46.4973076],[-71.3480508,46.4976339],[-71.3478549,46.4978583],[-71.3476912,46.4979766],[-71.3469018,46.4982227],[-71.3456255,46.4982039],[-71.3445144,46.4979906],[-71.3438506,46.4977449],[-71.3427639,46.4977579],[-71.3423043,46.497959],[-71.3418091,46.4983703],[-71.3409599,46.4988201],[-71.3404632,46.4993074],[-71.340163,46.5],[-71.3398442,46.501138],[-71.3400132,46.5014511],[-71.3409458,46.5019317],[-71.3413832,46.5022598],[-71.3417038,46.5026886],[-71.3421223,46.5029969],[-71.3423282,46.5033553],[-71.3424119,46.504328],[-71.3423449,46.5044738],[-71.3420418,46.5047231],[-71.3419318,46.5049077],[-71.3419318,46.5050831],[-71.3422671,46.5054098],[-71.3432151,46.5053622],[-71.3443351,46.5055446],[-71.345872,46.5054006],[-71.3476132,46.5055554],[-71.3481089,46.5057292],[-71.3485113,46.5059655],[-71.3488171,46.5063791],[-71.3489243,46.5065637],[-71.3488895,46.506883],[-71.3486561,46.5070492],[-71.347889,46.5071802],[-71.3464353,46.5072799],[-71.3461402,46.5074978],[-71.346159,46.5075864],[-71.3464969,46.5077211],[-71.3469771,46.5077451],[-71.3472077,46.5078393],[-71.3487645,46.5087201],[-71.3493221,46.5086887],[-71.3497992,46.5083585],[-71.3507523,46.5081659],[-71.3522779,46.5076211],[-71.3534511,46.5076024],[-71.3540998,46.5077771],[-71.3549636,46.5084778],[-71.3559088,46.5086176],[-71.3570001,46.50894],[-71.3583276,46.5093833],[-71.358714,46.5096306],[-71.3596904,46.5099603],[-71.3601979,46.509944],[-71.361368,46.5096855],[-71.3619148,46.5097466],[-71.3622591,46.5098966],[-71.3625333,46.510171],[-71.3625197,46.5109796],[-71.3627575,46.5115883],[-71.3632752,46.5119951],[-71.3637146,46.5126389],[-71.3645778,46.5134636],[-71.3649333,46.5139128],[-71.3657281,46.514442],[-71.3665524,46.5148453],[-71.3669693,46.5152345],[-71.3674545,46.5155275],[-71.3690034,46.5167563],[-71.3695037,46.5172922],[-71.3698757,46.5180803],[-71.3698947,46.518439],[-71.3697695,46.5187588],[-71.3676189,46.5196998],[-71.3672238,46.5200808],[-71.3671239,46.5205031],[-71.3668465,46.5207247],[-71.3636155,46.5212985],[-71.3627683,46.5215484],[-71.3620934,46.5219593],[-71.3602939,46.5226698],[-71.3598953,46.523155],[-71.3590007,46.5240037],[-71.3587396,46.5245642],[-71.3587196,46.5250653],[-71.3587962,46.5252484],[-71.3590044,46.5254191],[-71.3593937,46.5255143],[-71.3605288,46.5252941],[-71.3619501,46.5253515],[-71.362611,46.5257013],[-71.3634743,46.526698],[-71.363498,46.5270484],[-71.3630114,46.5279592],[-71.3628825,46.5285552],[-71.3627563,46.5310346],[-71.3629292,46.5318074],[-71.3633082,46.5322152],[-71.3637669,46.5324819],[-71.3645124,46.5325104],[-71.3656511,46.5321859],[-71.3666111,46.5321287],[-71.3669469,46.5323432],[-71.3672223,46.5328855],[-71.3670837,46.5332783],[-71.3664824,46.5340244],[-71.3664942,46.5341996],[-71.366064,46.5348389],[-71.3655109,46.5361619],[-71.3650524,46.5370229],[-71.3651151,46.5377947],[-71.3654247,46.5382029],[-71.3659596,46.5384328],[-71.3669088,46.5386402],[-71.3671131,46.5388671],[-71.3670868,46.5390608],[-71.3668274,46.5392013],[-71.365831,46.5401566],[-71.36545,46.5409047],[-71.3653814,46.541345],[-71.3655619,46.5419574],[-71.3658334,46.542384],[-71.3664617,46.5429638],[-71.3665622,46.5433253],[-71.366815,46.5437851],[-71.3669063,46.5447271],[-71.3662369,46.5459616],[-71.365223,46.5474379],[-71.3646253,46.5477359],[-71.3642309,46.547821],[-71.3614666,46.548129],[-71.3607746,46.548373],[-71.3603299,46.5486453],[-71.3599119,46.5489439],[-71.3595954,46.5493079],[-71.3593484,46.5496716],[-71.3592589,46.5501732],[-71.3593643,46.5503545],[-71.3600388,46.5508035],[-71.3602302,46.5511512],[-71.3596324,46.5514492],[-71.3584057,46.5516832],[-71.3579363,46.5519011],[-71.357494,46.5523651],[-71.3574487,46.5527639],[-71.3576442,46.5530555],[-71.3587322,46.5537781],[-71.3591876,46.5541491],[-71.3594532,46.5544881],[-71.3596593,46.5548589],[-71.3597056,46.5552919],[-71.359627,46.5557009],[-71.3588057,46.556713],[-71.3586909,46.5571122],[-71.358285,46.5578059],[-71.3575371,46.5583694],[-71.3571287,46.5588713],[-71.3567652,46.5598823],[-71.3556394,46.5616537],[-71.3551582,46.5620882],[-71.3546793,46.5623226],[-71.3539124,46.5629193],[-71.3539293,46.5633062],[-71.3540922,46.5634838],[-71.3543187,46.5635734],[-71.3547567,46.5635096],[-71.3557366,46.5636392],[-71.3565597,46.5640709],[-71.3582653,46.5645103],[-71.3584816,46.5653045],[-71.3583717,46.5655234],[-71.3579641,46.5659013],[-71.3579346,46.5660272],[-71.357968,46.566581],[-71.3583135,46.5673429],[-71.3589778,46.5681046],[-71.3592847,46.568665],[-71.3597001,46.5690825],[-71.3609171,46.5695531],[-71.3618203,46.5696716],[-71.3626511,46.5699427],[-71.3631328,46.570292],[-71.3633372,46.570519],[-71.3635273,46.5709428],[-71.3634516,46.5717636],[-71.3631814,46.5723887],[-71.3631811,46.5727327],[-71.3634503,46.5729676],[-71.364355,46.57301],[-71.3645601,46.5731129],[-71.3647331,46.5733219],[-71.3650049,46.5740778],[-71.3654852,46.5748366],[-71.3652513,46.5753727],[-71.3647868,46.5758023],[-71.3645878,46.5761789],[-71.3643555,46.5776936],[-71.3637683,46.578463],[-71.3632651,46.578691],[-71.363154,46.5788141],[-71.3623633,46.5790604],[-71.359022,46.5792329],[-71.3571414,46.5792245],[-71.3570511,46.5792862],[-71.3570925,46.5793356],[-71.3575773,46.5793608],[-71.3565966,46.5795751],[-71.3561557,46.5797911],[-71.355657,46.5801828],[-71.3549616,46.581143],[-71.3549526,46.5819435],[-71.3553852,46.582576],[-71.3560091,46.5831643],[-71.3578919,46.5842726],[-71.3584088,46.5849277],[-71.3586318,46.5852935],[-71.3585274,46.5853801],[-71.3585109,46.5857772],[-71.3593294,46.5871676]],[[-71.3480198,46.5068456],[-71.3476422,46.5070436],[-71.3479661,46.5071069],[-71.3486347,46.5069707],[-71.3488385,46.5067875],[-71.3484858,46.5060477],[-71.3481049,46.505804],[-71.347771,46.505736],[-71.3480808,46.5061178],[-71.3481465,46.5066823],[-71.3480198,46.5068456]],[[-71.3642116,46.5732391],[-71.3646821,46.5734611],[-71.3646883,46.5733767],[-71.3645012,46.5731926],[-71.3642585,46.5731561],[-71.3642116,46.5732391]],[[-71.3629876,46.5742769],[-71.3646158,46.5742653],[-71.3647208,46.5742266],[-71.3647316,46.5741339],[-71.3645876,46.5737511],[-71.3642074,46.5734673],[-71.3630237,46.5729867],[-71.3624981,46.5729602],[-71.3621943,46.5732035],[-71.3621181,46.5738043],[-71.3625417,46.5741093],[-71.3629876,46.5742769]],[[-71.36253,46.6154587],[-71.3621625,46.6154461],[-71.3617876,46.615594],[-71.3618417,46.6156945],[-71.3619856,46.6156854],[-71.3625433,46.6155579],[-71.36253,46.6154587]],[[-71.3569022,46.6268538],[-71.3572132,46.626574],[-71.3570039,46.6263553],[-71.3567948,46.6265286],[-71.3567826,46.6266974],[-71.3569022,46.6268538]]],[[[-71.3636175,46.5876387],[-71.363588,46.5874267],[-71.3639836,46.5873797],[-71.3640735,46.5874322],[-71.3639367,46.5875861],[-71.363765,46.5876424],[-71.3636175,46.5876387]]],[[[-71.3608709,46.5877096],[-71.3609541,46.5876507],[-71.361689,46.5879382],[-71.3620122,46.588247],[-71.3614315,46.5881585],[-71.3608709,46.5877096]]],[[[-71.3662635,46.5885106],[-71.3665867,46.5879917],[-71.366863,46.5880737],[-71.367181,46.5883392],[-71.367099,46.5884755],[-71.3669434,46.5885235],[-71.3663533,46.5885788],[-71.3662635,46.5885106]]],[[[-71.3655192,46.5885318],[-71.3655245,46.5882719],[-71.3656962,46.5882258],[-71.3658102,46.5884488],[-71.366006,46.5885852],[-71.365668,46.5888414],[-71.3655192,46.5885318]]],[[[-71.3646676,46.5890838],[-71.3642116,46.5889096],[-71.3644221,46.5887244],[-71.3645509,46.5884765],[-71.3648889,46.5885106],[-71.3650806,46.5887585],[-71.364917,46.5890368],[-71.3646676,46.5890838]]],[[[-71.363427,46.5910524],[-71.3636389,46.5910911],[-71.3636966,46.591175],[-71.3635799,46.5912856],[-71.3632983,46.5912017],[-71.363427,46.5910524]]],[[[-71.3490331,46.5960871],[-71.3506169,46.5959106],[-71.3512503,46.5955264],[-71.3514039,46.5957206],[-71.3513996,46.5959489],[-71.3511404,46.5961373],[-71.3490561,46.5963897],[-71.3487798,46.5963632],[-71.3487645,46.5962922],[-71.3490331,46.5960871]]],[[[-71.3742572,46.6016591],[-71.3748442,46.6014056],[-71.3749655,46.6011419],[-71.3751971,46.6010511],[-71.3753008,46.6010885],[-71.3753213,46.6013712],[-71.3752329,46.6014048],[-71.3751712,46.6016368],[-71.3750407,46.6017451],[-71.3744919,46.6018081],[-71.3742572,46.6016591]]],[[[-71.3627722,46.6167475],[-71.3630573,46.6167481],[-71.3630706,46.6168473],[-71.3626983,46.617015],[-71.361932,46.6169329],[-71.3624726,46.6165905],[-71.3627722,46.6167475]]],[[[-71.3768462,46.6751824],[-71.3778454,46.6743985],[-71.3778358,46.6745871],[-71.377424,46.6750695],[-71.3770878,46.6756391],[-71.3766687,46.6759379],[-71.3762036,46.6758515],[-71.3761776,46.6757011],[-71.3764499,46.6753917],[-71.3768462,46.6751824]]],[[[-71.3782288,46.6832002],[-71.3779894,46.6830834],[-71.3783636,46.6828207],[-71.3785849,46.6828023],[-71.3788001,46.6829596],[-71.3782288,46.6832002]]],[[[-71.3740877,46.6892872],[-71.3746216,46.6897552],[-71.3745894,46.6898628],[-71.3743573,46.6899443],[-71.3740161,46.6899073],[-71.3737473,46.689783],[-71.3736496,46.6896436],[-71.3736732,46.68943],[-71.3740877,46.6892872]]],[[[-71.3731872,46.6893723],[-71.3733949,46.6894797],[-71.3734505,46.6895964],[-71.3729723,46.6898584],[-71.3723214,46.6898761],[-71.3719788,46.689647],[-71.3720393,46.6895031],[-71.3722337,46.6893913],[-71.3731872,46.6893723]]],[[[-71.3746331,46.6904134],[-71.375062,46.6907663],[-71.3745248,46.6910215],[-71.3741661,46.6908535],[-71.3740168,46.6906422],[-71.3746331,46.6904134]]],[[[-71.3698201,46.6905872],[-71.3702506,46.690583],[-71.3705255,46.6907712],[-71.3704517,46.6908581],[-71.3701473,46.6909133],[-71.3696726,46.6908471],[-71.3695901,46.6906916],[-71.3698201,46.6905872]]],[[[-71.3786881,46.6937277],[-71.3782298,46.6940816],[-71.3779683,46.6946869],[-71.3778805,46.6946965],[-71.3775153,46.6943263],[-71.3776139,46.694068],[-71.3780444,46.6938767],[-71.3781182,46.6937314],[-71.3782684,46.6936656],[-71.3782764,46.6935313],[-71.3786881,46.6937277]]],[[[-71.3766718,46.694522],[-71.3771626,46.6943523],[-71.3775261,46.6947634],[-71.3770238,46.6944861],[-71.3766718,46.694522]]],[[[-71.3762964,46.7011591],[-71.3748805,46.7016589],[-71.3746962,46.7015425],[-71.3754047,46.7011012],[-71.375382,46.7010186],[-71.3743184,46.7009823],[-71.3737335,46.7011315],[-71.3734807,46.7011116],[-71.3730838,46.7009287],[-71.3726892,46.7005456],[-71.3739413,46.70047],[-71.376577,46.700115],[-71.3768513,46.7001215],[-71.3771255,46.7004013],[-71.3771233,46.7005508],[-71.3762964,46.7011591]]],[[[-71.3666561,46.7394927],[-71.3669981,46.7394955],[-71.3670101,46.7397381],[-71.3668975,46.7399256],[-71.3666561,46.7394927]]],[[[-71.3001676,46.6572468],[-71.3002476,46.6572581],[-71.3001802,46.6572739],[-71.3001676,46.6572468]]],[[[-71.3309514,46.7028321],[-71.3313339,46.7026437],[-71.3319803,46.7031498],[-71.3316679,46.7033566],[-71.3309514,46.7028321]]],[[[-71.3272974,46.707363],[-71.3268121,46.7072136],[-71.3262709,46.7068195],[-71.3276613,46.7068199],[-71.3277849,46.7067],[-71.3278047,46.7065427],[-71.3275522,46.7063505],[-71.328057,46.7061226],[-71.3282827,46.7062884],[-71.3284987,46.7062508],[-71.3286085,46.7063759],[-71.3283512,46.7069764],[-71.328149,46.7071612],[-71.3277422,46.707339],[-71.3272974,46.707363]]],[[[-71.3106017,46.7252161],[-71.3109236,46.7251719],[-71.3118221,46.7252657],[-71.3110496,46.725297],[-71.3106017,46.7252161]]],[[[-71.3303314,46.7252102],[-71.3308035,46.7253922],[-71.3296367,46.7256993],[-71.3294677,46.7256607],[-71.3294275,46.7255742],[-71.3296528,46.7254989],[-71.3299612,46.7255319],[-71.3300927,46.7253058],[-71.3303314,46.7252102]]],[[[-71.2907834,46.5988683],[-71.29114,46.5986891],[-71.2920878,46.5993675],[-71.2917146,46.5995921],[-71.2907702,46.5989523],[-71.2907834,46.5988683]]],[[[-71.2907195,46.5990765],[-71.2909279,46.5992191],[-71.2909202,46.5993258],[-71.2904541,46.5996431],[-71.2901628,46.59949],[-71.290171,46.5994037],[-71.2907195,46.5990765]]],[[[-71.2911888,46.5993807],[-71.2913853,46.5995846],[-71.2909358,46.5999108],[-71.2908472,46.5999344],[-71.2905988,46.5997786],[-71.290607,46.5996923],[-71.2910664,46.5993728],[-71.2911888,46.5993807]]],[[[-71.2895599,46.5998576],[-71.2900388,46.5995717],[-71.2906959,46.6000549],[-71.2902237,46.6003386],[-71.2895599,46.5998576]]],[[[-71.2960859,46.652814],[-71.2954881,46.6523846],[-71.2960397,46.6520226],[-71.2966377,46.652452],[-71.2960859,46.652814]]],[[[-71.260881,46.6548798],[-71.2603472,46.6548411],[-71.2603372,46.6548097],[-71.2605804,46.6546265],[-71.2608821,46.6547557],[-71.260881,46.6548798]]],[[[-71.2615771,46.6550484],[-71.2609946,46.6549487],[-71.2610198,46.6548311],[-71.2614782,46.6547825],[-71.2617081,46.6549402],[-71.2615771,46.6550484]]],[[[-71.2960345,46.6591572],[-71.2960791,46.6591277],[-71.2960855,46.6591485],[-71.2960345,46.6591572]]],[[[-71.2961062,46.6592426],[-71.2960871,46.6592743],[-71.2960632,46.6592492],[-71.2961062,46.6592426]]],[[[-71.2959563,46.6593422],[-71.2960026,46.659317],[-71.296001,46.6593542],[-71.2959563,46.6593422]]],[[[-71.295859,46.659421],[-71.2959037,46.6594352],[-71.2958622,46.6594374],[-71.295859,46.659421]]],[[[-71.2955305,46.659456],[-71.2955783,46.6594856],[-71.2955305,46.6594911],[-71.2955305,46.659456]]],[[[-71.2958144,46.6595031],[-71.2958144,46.6594703],[-71.2958335,46.6594933],[-71.2958144,46.6595031]]],[[[-71.2954029,46.659583],[-71.295438,46.659606],[-71.2953901,46.6596093],[-71.2954029,46.659583]]],[[[-71.2952538,46.6597042],[-71.2952071,46.6597849],[-71.2951625,46.6597598],[-71.2952538,46.6597042]]],[[[-71.2953227,46.6597946],[-71.2953775,46.6598099],[-71.2953329,46.6598113],[-71.2953227,46.6597946]]],[[[-71.2947407,46.6598976],[-71.2947894,46.6598559],[-71.2948076,46.6599004],[-71.2947407,46.6598976]]],[[[-71.2949496,46.6598948],[-71.2950368,46.6599074],[-71.2949638,46.6599213],[-71.2949496,46.6598948]]],[[[-71.2948746,46.6599616],[-71.2949516,46.6599728],[-71.2948827,46.6599853],[-71.2948746,46.6599616]]],[[[-71.2788761,46.665347],[-71.2782447,46.6658161],[-71.2777579,46.6654745],[-71.2777736,46.6653735],[-71.2779821,46.6653244],[-71.2784564,46.6647652],[-71.278923,46.6647285],[-71.2788761,46.665347]]],[[[-71.2992328,46.6831785],[-71.299014,46.6834512],[-71.2986751,46.6836478],[-71.2983639,46.6836055],[-71.2982838,46.6834766],[-71.2988692,46.6825444],[-71.2993498,46.6822908],[-71.2995316,46.6824176],[-71.2992019,46.6828213],[-71.2992328,46.6831785]]],[[[-71.2931752,46.7003152],[-71.2929557,46.7006536],[-71.2922704,46.700471],[-71.292488,46.7000968],[-71.2931752,46.7003152]]],[[[-71.2926786,46.7114812],[-71.2930144,46.7114813],[-71.2931242,46.7116378],[-71.2930313,46.7122174],[-71.2927952,46.7124032],[-71.2920416,46.7118987],[-71.2926786,46.7114812]]],[[[-71.2907106,46.7215489],[-71.2903258,46.7217775],[-71.2899556,46.721486],[-71.2903221,46.7212473],[-71.2907106,46.7215489]]],[[[-71.2842252,46.7429098],[-71.2838573,46.7429448],[-71.2836132,46.74286],[-71.2835638,46.7427511],[-71.2839297,46.7427442],[-71.2842252,46.7429098]]],[[[-71.2352549,46.5741547],[-71.2351207,46.5739271],[-71.2351532,46.5738211],[-71.2354194,46.5738165],[-71.2354798,46.5741007],[-71.2352549,46.5741547]]],[[[-71.2498396,46.5789283],[-71.2492109,46.5791315],[-71.2488067,46.5790128],[-71.2486656,46.5788216],[-71.2488398,46.5787348],[-71.2492258,46.5787147],[-71.2497096,46.5784246],[-71.250161,46.5782404],[-71.2502191,46.5782848],[-71.2498847,46.5786536],[-71.2498396,46.5789283]]],[[[-71.2302688,46.5845825],[-71.2303235,46.5842912],[-71.2305152,46.5840273],[-71.2306423,46.5840234],[-71.2307739,46.5847191],[-71.2306095,46.5848373],[-71.2303832,46.5847474],[-71.2302688,46.5845825]]],[[[-71.2428264,46.6032537],[-71.2432254,46.6035528],[-71.2432337,46.6036602],[-71.2429606,46.6037012],[-71.2426097,46.6034151],[-71.242616,46.6033308],[-71.2428264,46.6032537]]],[[[-71.2418038,46.6089087],[-71.2417811,46.6092661],[-71.2417214,46.6092978],[-71.2412558,46.6090669],[-71.2412183,46.6089132],[-71.2415565,46.6086602],[-71.2418038,46.6089087]]],[[[-71.257751,46.610134],[-71.2578412,46.6095844],[-71.2581253,46.6096706],[-71.2584067,46.609957],[-71.2583407,46.6102931],[-71.2581517,46.6103569],[-71.2579356,46.6103464],[-71.257751,46.610134]]],[[[-71.2421167,46.6267402],[-71.2419471,46.6268188],[-71.2418649,46.6267679],[-71.2417283,46.6260804],[-71.2418869,46.6260945],[-71.2421167,46.6267402]]],[[[-71.2462959,46.6275719],[-71.2462673,46.6280617],[-71.2461798,46.6281911],[-71.2458766,46.628358],[-71.2455336,46.6283994],[-71.245552,46.6283182],[-71.2461171,46.627935],[-71.2462959,46.6275719]]],[[[-71.2577834,46.6589336],[-71.2573347,46.6594537],[-71.2570901,46.6592729],[-71.2577834,46.6589336]]],[[[-71.2548381,46.6608376],[-71.2547434,46.6607355],[-71.254766,46.6605981],[-71.2551187,46.66032],[-71.2556668,46.6601138],[-71.2559198,46.6601821],[-71.256229,46.6601028],[-71.2570853,46.6595013],[-71.2573577,46.6595843],[-71.2572874,46.6597567],[-71.2562142,46.6602997],[-71.2562702,46.6603722],[-71.2551054,46.6606609],[-71.2548381,46.6608376]]],[[[-71.2474338,46.660515],[-71.2473999,46.6609651],[-71.2468983,46.6612604],[-71.2467564,46.6612412],[-71.2466491,46.6610879],[-71.2468788,46.6607576],[-71.2474338,46.660515]]],[[[-71.2184002,46.6637443],[-71.2194301,46.6640094],[-71.2190439,46.6639799],[-71.2184323,46.6643628],[-71.2182178,46.6643334],[-71.2179388,46.6644291],[-71.2177779,46.6646279],[-71.2177564,46.6649371],[-71.2175955,46.6649666],[-71.2175204,46.6647236],[-71.2176062,46.6643996],[-71.2182392,46.6641198],[-71.218089,46.6639726],[-71.2173273,46.6639358],[-71.2172629,46.6637959],[-71.2182178,46.6638695],[-71.2184002,46.6637443]]],[[[-71.2345745,46.6668917],[-71.2339874,46.6670682],[-71.2336314,46.6672783],[-71.2333703,46.6668825],[-71.2333658,46.6666707],[-71.2345745,46.6668917]]],[[[-71.2262389,46.6699816],[-71.2260141,46.6695955],[-71.2257046,46.6694066],[-71.2242204,46.6690346],[-71.2264509,46.6692923],[-71.2264608,46.6698118],[-71.2263448,46.669991],[-71.2262389,46.6699816]]],[[[-71.2345701,46.6717708],[-71.233377,46.671975],[-71.2329614,46.6713876],[-71.2344382,46.6710749],[-71.2351247,46.6705041],[-71.2353248,46.6705677],[-71.2352795,46.6708426],[-71.235056,46.6710885],[-71.2341054,46.6716836],[-71.2345257,46.6716535],[-71.2350809,46.671411],[-71.2350247,46.6715585],[-71.2345701,46.6717708]]],[[[-71.2459617,46.672168],[-71.2460486,46.6719106],[-71.2459532,46.6717245],[-71.2452941,46.6716576],[-71.2452072,46.6714874],[-71.2463305,46.6711253],[-71.246926,46.6714496],[-71.2469303,46.6715848],[-71.2464682,46.6720313],[-71.2461101,46.6722102],[-71.2459617,46.672168]]],[[[-71.2168392,46.6735303],[-71.2167987,46.6737873],[-71.2166717,46.6739298],[-71.2159994,46.6742843],[-71.2155336,46.6742686],[-71.2153624,46.6742045],[-71.2152598,46.6740558],[-71.2150908,46.6733339],[-71.2151719,46.6729803],[-71.2158596,46.6723798],[-71.2159643,46.6721271],[-71.2158841,46.6715753],[-71.2155435,46.6712141],[-71.2154979,46.6709375],[-71.2155124,46.6705919],[-71.2158023,46.6700945],[-71.2165379,46.6700589],[-71.2168296,46.6701608],[-71.2169114,46.670401],[-71.2164611,46.6709027],[-71.2164767,46.6710283],[-71.2166311,46.6711151],[-71.2173767,46.6711602],[-71.217859,46.6714046],[-71.2178546,46.671687],[-71.2179869,46.6719322],[-71.2179879,46.6721173],[-71.2178425,46.6723516],[-71.2172744,46.6725618],[-71.2171099,46.6727144],[-71.2167732,46.6732252],[-71.2168392,46.6735303]]],[[[-71.2242297,46.6946388],[-71.2256639,46.6940018],[-71.226108,46.6944183],[-71.224657,46.6950604],[-71.2242297,46.6946388]]],[[[-71.2261723,46.6944939],[-71.2264755,46.694799],[-71.2250362,46.695469],[-71.224723,46.6951644],[-71.2261723,46.6944939]]],[[[-71.2248246,46.6955588],[-71.2243015,46.6957924],[-71.2234413,46.6948509],[-71.2239504,46.6946365],[-71.2248246,46.6955588]]],[[[-71.2534559,46.7085592],[-71.2538084,46.7084533],[-71.2539903,46.708598],[-71.2539195,46.7087224],[-71.2534559,46.7085592]]],[[[-71.255972,46.7094668],[-71.2561324,46.7096249],[-71.2560826,46.709688],[-71.2558612,46.7096858],[-71.2557087,46.7095873],[-71.2558074,46.7093651],[-71.2557424,46.709137],[-71.2559145,46.7090303],[-71.2563299,46.7091805],[-71.255972,46.7094668]]],[[[-71.2589468,46.7114262],[-71.2583432,46.7109956],[-71.2583018,46.7109462],[-71.2584843,46.7109188],[-71.2589385,46.7110986],[-71.2594709,46.7111654],[-71.2589468,46.7114262]]],[[[-71.2244679,46.7310436],[-71.2244308,46.7311094],[-71.2243306,46.7310683],[-71.2243764,46.7310035],[-71.2244679,46.7310436]]],[[[-71.2245091,46.7312411],[-71.2244206,46.7312568],[-71.2243133,46.731232],[-71.2244219,46.7311584],[-71.2245091,46.7312411]]],[[[-71.2330608,46.7426107],[-71.232519,46.7422136],[-71.2325297,46.7421346],[-71.2327309,46.7421162],[-71.2332969,46.7424986],[-71.2332164,46.7426033],[-71.2330608,46.7426107]]],[[[-71.2208528,46.7997318],[-71.2208014,46.7998096],[-71.2206992,46.7997653],[-71.2207658,46.7997011],[-71.2208528,46.7997318]]],[[[-71.2229089,46.8127151],[-71.2227375,46.8127719],[-71.2226406,46.8126525],[-71.2228065,46.8125856],[-71.2229089,46.8127151]]],[[[-71.2163203,46.6531868],[-71.2156864,46.6532261],[-71.215417,46.6529427],[-71.2153963,46.652784],[-71.2158297,46.6526331],[-71.2163718,46.6530476],[-71.2163203,46.6531868]]],[[[-71.2071824,46.6556365],[-71.2078707,46.656014],[-71.2079774,46.6561194],[-71.2079801,46.6564072],[-71.2077054,46.6565722],[-71.2074907,46.6564855],[-71.2068746,46.6558596],[-71.2068367,46.6556579],[-71.2071824,46.6556365]]],[[[-71.1911834,46.6615328],[-71.1909107,46.6616697],[-71.1906152,46.6616759],[-71.1902904,46.6610999],[-71.1903033,46.6609311],[-71.1905205,46.6607697],[-71.1907898,46.6607851],[-71.1908625,46.6608526],[-71.1907958,46.6609207],[-71.1908268,46.6611588],[-71.1913438,46.6612029],[-71.1914238,46.661282],[-71.1911834,46.6615328]]],[[[-71.1914798,46.6632307],[-71.1911843,46.6629689],[-71.1912002,46.6625999],[-71.1913671,46.6624536],[-71.1913378,46.6624074],[-71.1909722,46.6623659],[-71.1908388,46.6622341],[-71.1908913,46.6619229],[-71.1912595,46.6617162],[-71.191361,46.6615139],[-71.1916522,46.6615639],[-71.1918819,46.6619898],[-71.192414,46.662105],[-71.1927048,46.6623751],[-71.1932232,46.6625631],[-71.1932266,46.6626789],[-71.1930907,46.6627953],[-71.1925431,46.6628291],[-71.1925036,46.6629715],[-71.1927707,46.6635511],[-71.1923453,46.6638093],[-71.1919891,46.6637513],[-71.191848,46.66356],[-71.1915366,46.6633992],[-71.1914798,46.6632307]],[[-71.1918652,46.6622628],[-71.1915249,46.6621038],[-71.191266,46.6621678],[-71.191337,46.6623114],[-71.1914742,46.662339],[-71.1918652,46.6622628]],[[-71.1922222,46.6626849],[-71.1920235,46.6627651],[-71.1920558,46.6628791],[-71.1924016,46.6628578],[-71.1922222,46.6626849]],[[-71.1923883,46.6635147],[-71.192054,46.6629552],[-71.1917994,46.6629629],[-71.1921792,46.6635156],[-71.1923883,46.6635147]]],[[[-71.1929923,46.6636014],[-71.1929811,46.6634261],[-71.1932301,46.6633307],[-71.1932413,46.66297],[-71.1934662,46.6628681],[-71.1934034,46.662564],[-71.1936581,46.6625563],[-71.1938288,46.6623057],[-71.1942908,46.6626412],[-71.1937764,46.663153],[-71.1931028,46.6636026],[-71.1929923,46.6636014]]],[[[-71.1933059,46.6637341],[-71.1940922,46.6632575],[-71.194626,46.6635646],[-71.1946316,46.6636523],[-71.1944936,46.6637968],[-71.1938371,46.6640213],[-71.1933059,46.6637341]]],[[[-71.1849514,46.6654851],[-71.1861456,46.6657316],[-71.1863697,46.6655338],[-71.1867728,46.6654609],[-71.1869178,46.665548],[-71.1869173,46.6657681],[-71.1863099,46.6658335],[-71.1861288,46.6660047],[-71.1857769,46.6661583],[-71.1855532,46.6661361],[-71.185847,46.665938],[-71.1860466,46.6659537],[-71.1859515,46.6658036],[-71.1856229,46.6658678],[-71.1855614,46.6659756],[-71.1851359,46.6659658],[-71.1852908,46.6660843],[-71.1848158,46.6661855],[-71.1849341,46.6665143],[-71.1848024,46.6665744],[-71.1846707,46.6669025],[-71.1842354,46.6665933],[-71.1839906,46.6666324],[-71.1838784,46.6664393],[-71.1836276,46.6663427],[-71.1832968,46.6664351],[-71.1840289,46.666882],[-71.1833281,46.6667212],[-71.1827943,46.666414],[-71.1825827,46.6663951],[-71.1825985,46.6665621],[-71.1831332,46.6669652],[-71.1829456,46.6669527],[-71.1822651,46.6666346],[-71.1822342,46.6663965],[-71.1821159,46.6663358],[-71.1813928,46.6663603],[-71.1811923,46.6665167],[-71.1809019,46.6665625],[-71.1800673,46.6664899],[-71.1796015,46.6662585],[-71.1793658,46.665965],[-71.179664,46.6657107],[-71.1803523,46.6655523],[-71.1804087,46.6654048],[-71.180986,46.6651973],[-71.1811714,46.6652379],[-71.1821581,46.6659452],[-71.1820386,46.6657405],[-71.1821659,46.6657367],[-71.1824353,46.6654841],[-71.1827209,46.6654465],[-71.1827054,46.6653274],[-71.1824904,46.6651927],[-71.1825235,46.6651346],[-71.1828509,46.6651945],[-71.1829146,46.6650585],[-71.1844141,46.6653302],[-71.1847432,46.665582],[-71.1847496,46.6654976],[-71.184406,46.6652227],[-71.1848577,46.6652109],[-71.184837,46.6653202],[-71.1849514,46.6654851]],[[-71.1842157,46.6662625],[-71.1841933,46.6661799],[-71.1837541,46.6659749],[-71.1836449,46.6658496],[-71.1834117,46.665844],[-71.1839365,46.6662157],[-71.1842157,46.6662625]],[[-71.1832486,46.666154],[-71.183231,46.6660631],[-71.1833618,46.6659071],[-71.1830555,46.6657859],[-71.1830099,46.6660607],[-71.1832013,46.666237],[-71.1835145,46.6663217],[-71.1834994,46.6662506],[-71.1832486,46.666154]],[[-71.1821981,46.6661187],[-71.1825315,46.6663142],[-71.182642,46.6663154],[-71.1826287,46.6661682],[-71.1824498,46.6660432],[-71.1821921,46.6659831],[-71.1821981,46.6661187]]],[[[-71.1874838,46.6673093],[-71.1874696,46.6667981],[-71.1875935,46.6666785],[-71.187769,46.6666876],[-71.188034,46.6670273],[-71.1876257,46.6673285],[-71.1874838,46.6673093]]],[[[-71.2130623,46.6681372],[-71.2128406,46.6683882],[-71.2127793,46.6685937],[-71.2126559,46.6685827],[-71.2128197,46.6673132],[-71.212752,46.6669946],[-71.2128672,46.6669105],[-71.2132164,46.6669427],[-71.2133897,46.6670956],[-71.21301,46.6676752],[-71.212967,46.6679091],[-71.2130623,46.6681372]]],[[[-71.2142481,46.6690518],[-71.2142399,46.6688807],[-71.2143395,46.6686943],[-71.2149862,46.6680035],[-71.2156119,46.6679493],[-71.2158731,46.6681024],[-71.2161041,46.6683728],[-71.2160607,46.6685828],[-71.2152283,46.6691669],[-71.2148939,46.6692203],[-71.2142481,46.6690518]]],[[[-71.1862283,46.6693628],[-71.1863599,46.6695707],[-71.1862601,46.6696968],[-71.1857116,46.6696346],[-71.185629,46.6695357],[-71.1857258,46.6693417],[-71.1858936,46.6692914],[-71.1862283,46.6693628]]],[[[-71.2135968,46.6712577],[-71.2134024,46.6707806],[-71.2135584,46.670525],[-71.2135886,46.6702709],[-71.2139366,46.6702355],[-71.2140267,46.6703172],[-71.2140982,46.6706501],[-71.2142842,46.6708128],[-71.2138361,46.6712828],[-71.2135968,46.6712577]]],[[[-71.1992103,46.6904572],[-71.199781,46.6902859],[-71.1997819,46.6903819],[-71.2008319,46.6910772],[-71.2008728,46.6913467],[-71.2006766,46.6914469],[-71.2002814,46.6913593],[-71.1992103,46.6904572]]],[[[-71.1962551,46.7395735],[-71.1940033,46.7405854],[-71.1935357,46.7401048],[-71.1957919,46.7390855],[-71.1962551,46.7395735]]],[[[-71.1968088,46.7401807],[-71.1945704,46.741173],[-71.1940894,46.7407119],[-71.1963628,46.739671],[-71.1968088,46.7401807]]],[[[-71.1914605,46.7412605],[-71.1913687,46.7410088],[-71.1933528,46.740158],[-71.1939294,46.7407372],[-71.1938433,46.7408806],[-71.1916841,46.7414247],[-71.1914605,46.7412605]]],[[[-71.2052836,46.742262],[-71.205649,46.7422074],[-71.2056315,46.7426527],[-71.2052836,46.742262]]],[[[-71.2040458,46.7432588],[-71.2034717,46.7431422],[-71.2033868,46.7430714],[-71.2035014,46.7429683],[-71.2040458,46.7432588]]],[[[-71.1967989,46.7455825],[-71.1971286,46.7458343],[-71.1967304,46.7459949],[-71.1961409,46.7460272],[-71.1961292,46.7458039],[-71.196246,46.7456726],[-71.1964666,46.745579],[-71.1967989,46.7455825]]],[[[-71.2079253,46.7532931],[-71.2069314,46.7545735],[-71.2061429,46.7542848],[-71.2070935,46.7530118],[-71.2079253,46.7532931]]],[[[-71.2079793,46.7549583],[-71.2072015,46.7546401],[-71.2081197,46.7533893],[-71.2089083,46.7537149],[-71.2079793,46.7549583]]],[[[-71.2060024,46.7544476],[-71.2078064,46.7550915],[-71.2074067,46.7556392],[-71.2056136,46.7550101],[-71.2060024,46.7544476]]],[[[-71.2001411,46.7556455],[-71.1997344,46.7550756],[-71.1998853,46.7549489],[-71.1998514,46.7546829],[-71.200634,46.7545204],[-71.2011116,46.7548054],[-71.2012718,46.7552022],[-71.2007758,46.7555632],[-71.2001411,46.7556455]]],[[[-71.2139712,46.7619067],[-71.2140455,46.7621183],[-71.2137742,46.7619589],[-71.2139712,46.7619067]]],[[[-71.182172,46.7632535],[-71.1823045,46.76334],[-71.1822613,46.7634835],[-71.1820919,46.7636407],[-71.1819671,46.7636355],[-71.1819933,46.7634698],[-71.182172,46.7632535]]],[[[-71.1917687,46.7649459],[-71.1920818,46.7650949],[-71.1921976,46.7654319],[-71.1918724,46.7651409],[-71.1914638,46.764971],[-71.1917687,46.7649459]]],[[[-71.2153385,46.8076393],[-71.2152083,46.8076964],[-71.2149302,46.8076298],[-71.2151769,46.8075885],[-71.2153385,46.8076393]]],[[[-71.2126992,46.8096828],[-71.2125972,46.8096647],[-71.2125795,46.8095726],[-71.2127588,46.8095669],[-71.2126992,46.8096828]]],[[[-71.2098101,46.8118178],[-71.2099737,46.8119583],[-71.2098458,46.8120281],[-71.2096822,46.8118877],[-71.2098101,46.8118178]]],[[[-71.2057022,46.812646],[-71.2057212,46.8125671],[-71.205825,46.8126039],[-71.2057859,46.8126555],[-71.2057022,46.812646]]],[[[-71.2084906,46.8133923],[-71.2084827,46.8135145],[-71.2080265,46.813497],[-71.2080344,46.8133758],[-71.2084906,46.8133923]]],[[[-71.2135255,46.8168663],[-71.2135597,46.8169908],[-71.2133724,46.8169616],[-71.2133923,46.8168875],[-71.2135255,46.8168663]]],[[[-71.2107018,46.8297923],[-71.2106352,46.8295862],[-71.2106784,46.8294834],[-71.2108948,46.8293331],[-71.2113464,46.8293441],[-71.2115788,46.8296082],[-71.2114929,46.8298097],[-71.2112446,46.8299329],[-71.210938,46.8299262],[-71.2107018,46.8297923]]],[[[-71.2122586,46.8299992],[-71.2121298,46.8297624],[-71.2123471,46.8295536],[-71.2126084,46.8295316],[-71.2128976,46.8297061],[-71.2128983,46.8298863],[-71.2127341,46.8300271],[-71.2124895,46.8300675],[-71.2122586,46.8299992]]],[[[-71.2094632,46.8299617],[-71.2095992,46.8296595],[-71.2098845,46.8295674],[-71.2101921,46.8296153],[-71.2104199,46.8298883],[-71.210326,46.8300921],[-71.2099121,46.8302263],[-71.209622,46.8301469],[-71.2094632,46.8299617]]],[[[-71.1452459,46.6243174],[-71.1453772,46.6245254],[-71.1452031,46.6249759],[-71.1449232,46.6251011],[-71.1443031,46.625019],[-71.144333,46.6251612],[-71.1446969,46.6253269],[-71.1446889,46.6255353],[-71.1442177,46.6257521],[-71.1436344,46.6257758],[-71.1435728,46.6258836],[-71.1436655,46.6260619],[-71.1439812,46.6262145],[-71.1447063,46.6262101],[-71.1450457,46.6263214],[-71.1451362,46.6265278],[-71.145028,46.6268144],[-71.1455467,46.6265147],[-71.1460235,46.6263855],[-71.1467383,46.6263017],[-71.147346,46.6263325],[-71.1475568,46.6265716],[-71.147506,46.6280225],[-71.1470344,46.6285073],[-71.14616,46.6290647],[-71.1455219,46.6297437],[-71.1455285,46.6299752],[-71.1457241,46.6304112],[-71.1456157,46.6309658],[-71.1456823,46.6317976],[-71.1454833,46.6321457],[-71.1451746,46.6322726],[-71.1425149,46.6324033],[-71.1416728,46.6328068],[-71.1417611,46.6330414],[-71.1427825,46.6337588],[-71.1427268,46.6340021],[-71.1425096,46.6341634],[-71.1419455,46.6342019],[-71.1405008,46.6337143],[-71.1402369,46.6337385],[-71.1401082,46.6338663],[-71.1400506,46.6341858],[-71.1402965,46.6346067],[-71.1402948,46.6353147],[-71.1401229,46.6360532],[-71.1400884,46.6368672],[-71.1402292,46.6370585],[-71.1402406,46.6375978],[-71.1401517,46.6378992],[-71.1399111,46.6381498],[-71.1390979,46.6379676],[-71.1387198,46.6381427],[-71.1387895,46.6384584],[-71.1387568,46.6388803],[-71.1389574,46.63904],[-71.1391787,46.6390905],[-71.1391587,46.6392957],[-71.1388357,46.6394474],[-71.1386618,46.6396301],[-71.1375996,46.6398589],[-71.136735,46.6401797],[-71.1361808,46.6402496],[-71.1359725,46.6403463],[-71.1361265,46.6406849],[-71.1360923,46.6412309],[-71.1359778,46.6413339],[-71.1351507,46.6415404],[-71.1341038,46.6415723],[-71.1336293,46.6417213],[-71.1335652,46.6418092],[-71.1336049,46.6419828],[-71.1339335,46.6422347],[-71.1346275,46.6425282],[-71.134889,46.6428002],[-71.1348646,46.6430617],[-71.1346692,46.6432576],[-71.134081,46.6436055],[-71.1327353,46.6441596],[-71.1326018,46.6442958],[-71.132577,46.6445093],[-71.1330439,46.6452487],[-71.1331489,46.6457942],[-71.1336384,46.6460323],[-71.1346082,46.6462571],[-71.1349098,46.6464346],[-71.1348661,46.6466813],[-71.1346845,46.6468044],[-71.1334404,46.6471563],[-71.1325677,46.6476855],[-71.1326658,46.6479515],[-71.1337126,46.6488195],[-71.1337838,46.6490112],[-71.1337346,46.6491702],[-71.1329198,46.6494279],[-71.1323387,46.6494714],[-71.1316939,46.6496507],[-71.1314477,46.6498137],[-71.1298206,46.650349],[-71.1295036,46.6503683],[-71.1283605,46.651054],[-71.1284057,46.6513152],[-71.1289138,46.6517882],[-71.1289419,46.6520065],[-71.1287098,46.6524606],[-71.1280558,46.6533364],[-71.128144,46.653571],[-71.128124,46.6540922],[-71.1277471,46.6544592],[-71.1277722,46.6558735],[-71.1274409,46.6568657],[-71.1269674,46.6571585],[-71.1267178,46.6572058],[-71.1236999,46.6571817],[-71.1230202,46.6575431],[-71.1231146,46.6579613],[-71.1230248,46.6584828],[-71.1235643,46.6586579],[-71.1240425,46.6589887],[-71.1240326,46.6592733],[-71.1236922,46.6596981],[-71.1227268,46.6597809],[-71.1224033,46.6595686],[-71.1221457,46.6595083],[-71.1216054,46.6595532],[-71.1211311,46.6597501],[-71.12101,46.6599375],[-71.1207947,46.6600706],[-71.120073,46.6602865],[-71.119618,46.6604982],[-71.1195563,46.6606059],[-71.1196668,46.6609232],[-71.1211447,46.6612572],[-71.1213941,46.661526],[-71.121872,46.6618089],[-71.1223,46.6618388],[-71.1232865,46.6616947],[-71.1239122,46.6618166],[-71.1240023,46.6619751],[-71.1240186,46.662554],[-71.1242532,46.6627517],[-71.1242794,46.6633621],[-71.1240371,46.6637369],[-71.1236846,46.6638424],[-71.1221525,46.6639917],[-71.1212458,46.6642149],[-71.1206594,46.6645346],[-71.1202941,46.6648568],[-71.1202948,46.6649528],[-71.1200828,46.6652017],[-71.1197658,46.666217],[-71.1188577,46.6672442],[-71.1183629,46.6675983],[-71.1183624,46.6678664],[-71.1197689,46.6685927],[-71.1198229,46.6687414],[-71.1198144,46.668902],[-71.1193647,46.6695173],[-71.1194975,46.6699172],[-71.119493,46.6702895],[-71.1192024,46.6706512],[-71.1189465,46.6711468],[-71.1188995,46.6722736],[-71.1185716,46.6727976],[-71.1183304,46.6730003],[-71.1181146,46.6734014],[-71.1176736,46.6739042],[-71.1173363,46.6741288],[-71.1171245,46.6744256],[-71.1166701,46.6747333],[-71.1163576,46.6750603],[-71.1159911,46.6752386],[-71.1157765,46.6754677],[-71.1157434,46.6762057],[-71.1155809,46.6763436],[-71.1155947,46.6765867],[-71.115476,46.676794],[-71.1153342,46.6774546],[-71.1149787,46.6774922],[-71.1147448,46.6773904],[-71.1136306,46.6772222],[-71.1131594,46.6772188],[-71.11279,46.6773293],[-71.1125126,46.6775222],[-71.1125336,46.6777769],[-71.113442,46.6787417],[-71.1145035,46.6795852],[-71.1145144,46.6797605],[-71.1142347,46.6799815],[-71.1136404,46.6802416],[-71.1128848,46.6804676],[-71.1124776,46.6810084],[-71.1124742,46.6812086],[-71.1127424,46.6813963],[-71.1131658,46.6814345],[-71.1136121,46.6816514],[-71.1137804,46.6816492],[-71.1138606,46.6817763],[-71.1138086,46.6822315],[-71.1135907,46.6823447],[-71.1131964,46.6823527],[-71.1120732,46.682613],[-71.1116895,46.6827483],[-71.1114945,46.6830402],[-71.1114889,46.6832685],[-71.1117056,46.6836434],[-71.1127512,46.6839558],[-71.1128654,46.6841209],[-71.1127201,46.6843017],[-71.1125417,46.6849046],[-71.1122192,46.6852002],[-71.1119178,46.6857505],[-71.1118753,46.6861892],[-71.1115864,46.6864747],[-71.1107455,46.6868978],[-71.1109582,46.687538],[-71.1107875,46.687538],[-71.1105885,46.6871234],[-71.1105769,46.6868521],[-71.1111951,46.6865505],[-71.1113357,46.686378],[-71.1116345,46.6858078],[-71.1120257,46.685368],[-71.1122906,46.6847598],[-71.1125772,46.6845024],[-71.1126208,46.6842078],[-71.112615,46.6840721],[-71.1118876,46.6838843],[-71.1113782,46.6835833],[-71.1113401,46.6829695],[-71.1113967,46.6828221],[-71.1118576,46.6823821],[-71.1123839,46.6823621],[-71.1133462,46.6821156],[-71.1135801,46.6822174],[-71.1136539,46.6821129],[-71.1136211,46.6819029],[-71.1134008,46.6816803],[-71.112508,46.6815625],[-71.1121731,46.6811269],[-71.1121714,46.680887],[-71.1126683,46.6804567],[-71.1143056,46.6798092],[-71.1143115,46.6796288],[-71.1134007,46.6790082],[-71.1127597,46.6784512],[-71.1127316,46.6782329],[-71.1124405,46.6778665],[-71.112425,46.6773835],[-71.1129784,46.6771218],[-71.1133985,46.6770443],[-71.1138985,46.6770459],[-71.1150061,46.6772985],[-71.1156321,46.6761085],[-71.1155984,46.6754385],[-71.1161196,46.6750628],[-71.1162431,46.6748473],[-71.1165278,46.674666],[-71.1167896,46.674306],[-71.1176193,46.6737075],[-71.1178142,46.6734157],[-71.1178628,46.6731607],[-71.1181045,46.673006],[-71.1182209,46.6728269],[-71.1186481,46.6720809],[-71.1188536,46.6706044],[-71.1191277,46.6702957],[-71.119187,46.6695361],[-71.119528,46.6688434],[-71.118161,46.6679266],[-71.1180344,46.6677103],[-71.1181524,46.6674072],[-71.118875,46.6669712],[-71.1194582,46.6662197],[-71.1195889,46.6660158],[-71.1196785,46.6654463],[-71.1198504,46.6649759],[-71.1204424,46.6644278],[-71.121201,46.6640016],[-71.1228517,46.6636451],[-71.1236788,46.6637067],[-71.1240232,46.6634937],[-71.1240642,46.6628633],[-71.1238782,46.6624106],[-71.1234419,46.6619092],[-71.1217293,46.6620095],[-71.1213846,46.6618585],[-71.1211398,46.6615815],[-71.1206667,46.6612903],[-71.119403,46.6609953],[-71.1193725,46.6604411],[-71.1196476,46.6602764],[-71.1208006,46.6598902],[-71.1217335,46.6593294],[-71.1222742,46.6593325],[-71.1227469,46.6595757],[-71.1231822,46.6596171],[-71.1234605,46.6595682],[-71.1238188,46.6592824],[-71.1238623,46.6589877],[-71.1237944,46.6589119],[-71.1229273,46.6586287],[-71.1227796,46.6584737],[-71.1228957,46.6579307],[-71.1228516,46.6574974],[-71.1231742,46.6572498],[-71.1238863,46.6570504],[-71.1265581,46.6570475],[-71.1268364,46.6569985],[-71.1271162,46.6568255],[-71.1274351,46.6564141],[-71.12743,46.6557424],[-71.127507,46.6554377],[-71.1274086,46.6548078],[-71.1274622,46.6545925],[-71.127908,46.6541294],[-71.1279128,46.6538051],[-71.1278172,46.6535589],[-71.1279197,46.6531367],[-71.1284337,46.6524814],[-71.1285483,46.6520625],[-71.1284903,46.651702],[-71.1282609,46.651544],[-71.1280012,46.6511959],[-71.1280566,46.6509045],[-71.1290929,46.6503814],[-71.1301685,46.6499838],[-71.131746,46.6495595],[-71.1320736,46.6493516],[-71.1329278,46.6492194],[-71.1333589,46.6490491],[-71.1333822,46.6489597],[-71.1332367,46.6487766],[-71.1324335,46.6480417],[-71.132409,46.6476712],[-71.1328427,46.6472048],[-71.1333383,46.6469945],[-71.1346188,46.6467004],[-71.1347643,46.6465675],[-71.1341472,46.6462852],[-71.133134,46.6460391],[-71.1327602,46.6458419],[-71.132828,46.6452859],[-71.1324293,46.6446703],[-71.1324216,46.6439788],[-71.1334836,46.643702],[-71.1346363,46.6430476],[-71.1345477,46.6427651],[-71.1334401,46.6421008],[-71.1333898,46.6417999],[-71.1338029,46.6414907],[-71.1341698,46.6414083],[-71.1353225,46.6413859],[-71.1357637,46.641295],[-71.1359063,46.6410943],[-71.135931,46.6408808],[-71.1356673,46.640321],[-71.1357165,46.640162],[-71.1358146,46.640112],[-71.1370027,46.6400034],[-71.1375485,46.6397781],[-71.138342,46.6395816],[-71.1388922,46.6393],[-71.1389177,46.6391825],[-71.1386478,46.639071],[-71.1385676,46.6389439],[-71.1386145,46.6384971],[-71.1385156,46.6381352],[-71.1389772,46.637887],[-71.1393134,46.6378824],[-71.1398236,46.6380112],[-71.1399625,46.6379627],[-71.1400215,46.6378351],[-71.1400506,46.6372494],[-71.139917,46.6367537],[-71.1399268,46.6364691],[-71.1400324,46.6358467],[-71.140005,46.6354084],[-71.1401544,46.6351713],[-71.1401533,46.6350274],[-71.1400318,46.6345349],[-71.1398096,46.6340726],[-71.1398723,46.6337928],[-71.1403342,46.6335925],[-71.1405792,46.6336016],[-71.1419061,46.6340763],[-71.1424388,46.6340198],[-71.1425846,46.6339349],[-71.142593,46.6337744],[-71.142066,46.6333347],[-71.1415263,46.6331117],[-71.1414628,46.6329796],[-71.1415229,46.63268],[-71.142828,46.6322202],[-71.1452766,46.6321184],[-71.1454507,46.6316678],[-71.1454268,46.6310773],[-71.145527,46.6306832],[-71.1455214,46.6302796],[-71.1452314,46.6300574],[-71.1451698,46.6298492],[-71.145375,46.6296847],[-71.1454973,46.6293732],[-71.1462832,46.6288492],[-71.1464136,46.6286453],[-71.1469254,46.628382],[-71.1471805,46.6281544],[-71.147351,46.627856],[-71.1473855,46.626774],[-71.1472491,46.6265264],[-71.1470515,46.6264345],[-71.1465448,46.6264216],[-71.1455839,46.6266684],[-71.1448688,46.6270201],[-71.144755,46.6269031],[-71.1447513,46.6267393],[-71.1449711,46.6265979],[-71.1448686,46.6263882],[-71.144683,46.6262996],[-71.1440181,46.6263203],[-71.1434493,46.6260511],[-71.1434088,46.6257816],[-71.1434703,46.6256739],[-71.1443773,46.6255944],[-71.1445063,46.6255145],[-71.1445198,46.6253937],[-71.1441336,46.6251454],[-71.1440844,46.6249884],[-71.1442757,46.6248967],[-71.1450252,46.6249468],[-71.1451487,46.6247793],[-71.1450972,46.6243345],[-71.1452459,46.6243174]]],[[[-71.1750048,46.6738698],[-71.1746025,46.6740385],[-71.1745044,46.6738205],[-71.1750048,46.6738698]]],[[[-71.1768488,46.6741964],[-71.1767116,46.6741689],[-71.1766398,46.6739293],[-71.1769087,46.6738967],[-71.1769276,46.6741316],[-71.1768488,46.6741964]]],[[[-71.1736309,46.6753744],[-71.1741549,46.6753821],[-71.1743459,46.6755104],[-71.1741084,46.675561],[-71.1737856,46.6757609],[-71.1736053,46.67576],[-71.1734092,46.675592],[-71.1736309,46.6753744]]],[[[-71.1705949,46.677061],[-71.1699919,46.6773861],[-71.1695689,46.6773961],[-71.1701844,46.6771222],[-71.1702072,46.6769848],[-71.1708012,46.6767243],[-71.1708594,46.6765007],[-71.1709812,46.6764092],[-71.1712553,46.6764164],[-71.1716967,46.6765933],[-71.1718205,46.6767417],[-71.1715421,46.6767908],[-71.1712744,46.6769673],[-71.1705949,46.677061]]],[[[-71.1718271,46.6879066],[-71.1716494,46.6876575],[-71.1720231,46.6874905],[-71.172261,46.6877559],[-71.1718271,46.6879066]]],[[[-71.1359025,46.7021757],[-71.1361392,46.7022973],[-71.1362973,46.7025317],[-71.1361389,46.7025653],[-71.1359939,46.7024782],[-71.1358993,46.7023759],[-71.1359025,46.7021757]]],[[[-71.157611,46.713187],[-71.1578272,46.7131497],[-71.1578094,46.7133268],[-71.1579588,46.7133577],[-71.1579334,46.7134753],[-71.1578179,46.7134823],[-71.1576191,46.7132945],[-71.157611,46.713187]]],[[[-71.1153571,46.7200057],[-71.1151394,46.7198509],[-71.1151285,46.7196755],[-71.1157851,46.7193075],[-71.1158987,46.7193766],[-71.1153535,46.7198419],[-71.1154338,46.719969],[-71.1153571,46.7200057]]],[[[-71.1565122,46.7431708],[-71.1569972,46.7435893],[-71.1569647,46.7437433],[-71.1568379,46.7438431],[-71.1566066,46.7438093],[-71.1560694,46.743482],[-71.1560597,46.7431825],[-71.1562615,46.7431221],[-71.1565122,46.7431708]]],[[[-71.1174899,46.7557744],[-71.1168788,46.7561665],[-71.1164786,46.7558776],[-71.1173263,46.7556182],[-71.1174899,46.7557744]]],[[[-71.1175286,46.7566471],[-71.1173608,46.7565026],[-71.1179288,46.7561134],[-71.1181439,46.7562373],[-71.1175286,46.7566471]]],[[[-71.1816359,46.7632503],[-71.1816575,46.7634793],[-71.1815173,46.7637188],[-71.1813894,46.7634191],[-71.1815388,46.7632271],[-71.1816359,46.7632503]]],[[[-71.1658037,46.7644546],[-71.1669769,46.7636224],[-71.1672895,46.7635632],[-71.1674158,46.7636835],[-71.1672552,46.7640615],[-71.1669201,46.7643062],[-71.1662837,46.7642491],[-71.1660805,46.7644336],[-71.1658037,46.7644546]]],[[[-71.1692065,46.7635157],[-71.1694935,46.7635666],[-71.1717676,46.7651508],[-71.1718249,46.7653566],[-71.1714561,46.7656306],[-71.1711732,46.7656512],[-71.168775,46.7639856],[-71.1687796,46.7637761],[-71.1692065,46.7635157]]],[[[-71.1802615,46.7646267],[-71.1802685,46.7649178],[-71.1797829,46.7649226],[-71.1799673,46.7646043],[-71.1801798,46.7645467],[-71.1802615,46.7646267]]],[[[-71.1737456,46.7632125],[-71.1739773,46.7632211],[-71.1746887,46.7634707],[-71.17486,46.7636787],[-71.1728403,46.7663579],[-71.1725109,46.7664057],[-71.1716757,46.7660863],[-71.1716354,46.7658663],[-71.1735829,46.7633085],[-71.1737456,46.7632125]]],[[[-71.1686327,46.764073],[-71.1709582,46.765672],[-71.1710404,46.7658086],[-71.1709628,46.7659713],[-71.1705775,46.7661906],[-71.1702575,46.7661424],[-71.1679611,46.7645181],[-71.1679801,46.7642915],[-71.1682592,46.7640967],[-71.1686327,46.764073]]],[[[-71.175371,46.7637102],[-71.1760612,46.7639554],[-71.1761705,46.7640225],[-71.1762266,46.7641888],[-71.1742606,46.7668283],[-71.1739026,46.7669023],[-71.1730568,46.7665648],[-71.1730361,46.766357],[-71.1749368,46.763814],[-71.175123,46.7636958],[-71.175371,46.7637102]]],[[[-71.1809162,46.7656338],[-71.1807923,46.7656144],[-71.1808206,46.7654835],[-71.1810931,46.7653623],[-71.1811285,46.7654205],[-71.1809162,46.7656338]]],[[[-71.1677604,46.7645746],[-71.1701223,46.7661651],[-71.1702137,46.7662521],[-71.170226,46.766446],[-71.1698978,46.7666957],[-71.1695066,46.7666901],[-71.1672526,46.7651245],[-71.1671489,46.7649767],[-71.1672007,46.7648168],[-71.1675116,46.7646014],[-71.1677604,46.7645746]]],[[[-71.1668119,46.7650969],[-71.1671251,46.7651592],[-71.1693592,46.7667357],[-71.1694306,46.7669865],[-71.1690773,46.7672363],[-71.1687484,46.7672517],[-71.1663697,46.7655919],[-71.166371,46.765374],[-71.1668119,46.7650969]]],[[[-71.1313311,46.7688093],[-71.1325048,46.7688779],[-71.1330347,46.7691937],[-71.1336408,46.769693],[-71.1336635,46.7698237],[-71.1333442,46.7699672],[-71.1324806,46.7695036],[-71.1311036,46.7693033],[-71.1310824,46.7690485],[-71.1313311,46.7688093]]],[[[-71.123643,46.7718342],[-71.1230884,46.772096],[-71.1225003,46.7717356],[-71.122666,46.7716655],[-71.123065,46.7718693],[-71.1236686,46.7717166],[-71.123643,46.7718342]]],[[[-71.1440829,46.7789863],[-71.1441241,46.778939],[-71.1441447,46.778969],[-71.1440829,46.7789863]]],[[[-71.1646793,46.7807442],[-71.1650692,46.7804548],[-71.1648381,46.7806627],[-71.1647634,46.780765],[-71.1648626,46.7807922],[-71.1647599,46.7808649],[-71.1645159,46.780729],[-71.1646793,46.7807442]]],[[[-71.1418168,46.7813077],[-71.1418762,46.7812554],[-71.141889,46.781297],[-71.1418168,46.7813077]]],[[[-71.1479049,46.7819478],[-71.1477953,46.7820624],[-71.1476196,46.7820936],[-71.146642,46.7817029],[-71.146857,46.7814623],[-71.1478346,46.7818417],[-71.1479049,46.7819478]]],[[[-71.1416658,46.7821489],[-71.1416671,46.7821919],[-71.1416343,46.7821712],[-71.1416658,46.7821489]]],[[[-71.1225205,46.7938727],[-71.1221768,46.7940096],[-71.1219236,46.793989],[-71.1218665,46.7937724],[-71.1220272,46.7936626],[-71.1222537,46.7936568],[-71.1223672,46.7936779],[-71.1225205,46.7938727]]],[[[-71.1447527,46.7934588],[-71.1458585,46.7942214],[-71.1458422,46.7942688],[-71.1457406,46.7943383],[-71.1445413,46.7935562],[-71.1447527,46.7934588]]],[[[-71.1599292,46.7951786],[-71.1598731,46.7951198],[-71.1602446,46.7949016],[-71.1610751,46.7947095],[-71.1601191,46.7951356],[-71.160025,46.7950893],[-71.1600498,46.7951706],[-71.1598566,46.7952622],[-71.1597212,46.7951808],[-71.1599292,46.7951786]]],[[[-71.1159126,46.7963191],[-71.1159575,46.7965324],[-71.1158286,46.7967084],[-71.1156046,46.796734],[-71.1154594,46.7966467],[-71.1154196,46.796473],[-71.1159126,46.7963191]]],[[[-71.1655433,46.7967393],[-71.1653413,46.7967997],[-71.1652296,46.7967025],[-71.1652595,46.7965286],[-71.1654575,46.7965725],[-71.1655433,46.7967393]]],[[[-71.1648667,46.7968248],[-71.1651479,46.7970157],[-71.1649972,46.797157],[-71.1646598,46.7971616],[-71.1645382,46.797033],[-71.1648667,46.7968248]]],[[[-71.1637909,46.7970227],[-71.1640447,46.7968231],[-71.1642025,46.7969615],[-71.1643004,46.7971316],[-71.1642265,46.7972362],[-71.1633282,46.7973192],[-71.1632382,46.7969405],[-71.1635669,46.7970484],[-71.1637909,46.7970227]]],[[[-71.139316,46.7989339],[-71.1397811,46.7986093],[-71.1402965,46.7988541],[-71.1405904,46.7991443],[-71.1405359,46.7992637],[-71.1401158,46.7994854],[-71.139316,46.7989339]]],[[[-71.1626028,46.8008016],[-71.1624937,46.8007242],[-71.162722,46.8006422],[-71.1631293,46.8006373],[-71.1631422,46.8007366],[-71.1626028,46.8008016]]],[[[-71.1605908,46.8011969],[-71.1612939,46.8012678],[-71.1613299,46.8013429],[-71.1607576,46.8015389],[-71.1605888,46.8015412],[-71.1603733,46.8014087],[-71.1605908,46.8011969]]],[[[-71.161047,46.8037531],[-71.161301,46.8037141],[-71.1614076,46.8037334],[-71.1612367,46.8039023],[-71.161047,46.8037531]]],[[[-71.1638345,46.8041396],[-71.1637352,46.8040166],[-71.1640034,46.8039101],[-71.1641241,46.803945],[-71.1640946,46.80418],[-71.1638345,46.8041396]]],[[[-71.1618362,46.8045279],[-71.1617611,46.8043205],[-71.1619945,46.8044067],[-71.1621232,46.804572],[-71.1620347,46.8046399],[-71.1620937,46.8047023],[-71.1628072,46.8049428],[-71.1628394,46.8050658],[-71.1626623,46.8052219],[-71.1625577,46.8052219],[-71.1620696,46.8049171],[-71.1619623,46.8045922],[-71.1618362,46.8045279]]],[[[-71.1620455,46.8065232],[-71.1610318,46.8058087],[-71.1616988,46.8054237],[-71.1626115,46.8061684],[-71.1620455,46.8065232]]],[[[-71.1617066,46.8179273],[-71.1620022,46.8180933],[-71.1620572,46.8182013],[-71.162005,46.8183172],[-71.161506,46.8184479],[-71.1611319,46.8182937],[-71.1612342,46.8181014],[-71.1614823,46.8179508],[-71.1617066,46.8179273]]],[[[-71.1678292,46.8250591],[-71.1678648,46.8250323],[-71.167872,46.8250493],[-71.1678292,46.8250591]]],[[[-71.1672057,46.8253567],[-71.1671569,46.8253171],[-71.1672179,46.8253263],[-71.1672057,46.8253567]]],[[[-71.1677852,46.8259125],[-71.1677501,46.8258596],[-71.1678065,46.8258795],[-71.1677852,46.8259125]]],[[[-71.1669182,46.825923],[-71.1669829,46.8259143],[-71.1669652,46.8259399],[-71.1669182,46.825923]]],[[[-71.1672227,46.8262158],[-71.1671908,46.8261693],[-71.1672416,46.8261865],[-71.1672227,46.8262158]]],[[[-71.1684459,46.8271028],[-71.1684899,46.8270834],[-71.1684897,46.8271005],[-71.1684459,46.8271028]]],[[[-71.1068642,46.7256485],[-71.1062776,46.7260899],[-71.1061946,46.7260709],[-71.1061466,46.7259027],[-71.1064104,46.7255764],[-71.1065857,46.7255221],[-71.1068347,46.7255752],[-71.1068642,46.7256485]]],[[[-71.0846663,46.746735],[-71.084813,46.7466981],[-71.0850065,46.7468465],[-71.0851338,46.7467948],[-71.0851811,46.7466639],[-71.0850161,46.7464658],[-71.0850247,46.7463052],[-71.0851706,46.7461724],[-71.0848511,46.7459036],[-71.0848498,46.7457116],[-71.0845978,46.7454708],[-71.0845728,46.7453203],[-71.0846423,46.745272],[-71.0847362,46.7452784],[-71.0850834,46.7457175],[-71.08523,46.7460448],[-71.0854829,46.7460655],[-71.0854702,46.7459662],[-71.085143,46.7456379],[-71.0851611,46.7454608],[-71.085303,46.7454322],[-71.0855832,46.7455753],[-71.0858168,46.7459453],[-71.0861564,46.7463249],[-71.0863252,46.7463707],[-71.0864299,46.7465524],[-71.0867381,46.7465498],[-71.0867866,46.7466109],[-71.0867406,46.7469337],[-71.0864194,46.7471532],[-71.0863579,46.747309],[-71.0865302,46.7475186],[-71.0865067,46.747608],[-71.0863842,46.7476515],[-71.0862684,46.7476104],[-71.0859964,46.7472588],[-71.0852804,46.7474861],[-71.0851065,46.7474006],[-71.0846828,46.7470461],[-71.0846663,46.746735]],[[-71.0858057,46.7471783],[-71.0857942,46.7469069],[-71.0856828,46.7468096],[-71.0851614,46.7469651],[-71.0851284,46.7470712],[-71.0853559,46.7472575],[-71.0855584,46.7472932],[-71.0858057,46.7471783]]],[[[-71.0840047,46.7476456],[-71.0838568,46.7477951],[-71.0845789,46.7483045],[-71.0848701,46.7489066],[-71.0845852,46.7490249],[-71.0831756,46.7481414],[-71.0807623,46.7464336],[-71.0824276,46.7458106],[-71.085347,46.7477173],[-71.0854725,46.7480319],[-71.0852795,46.7483172],[-71.0854289,46.7487227],[-71.0853069,46.7488176],[-71.0850986,46.748772],[-71.0847582,46.7482627],[-71.0844995,46.7480351],[-71.0846553,46.7478336],[-71.08433,46.7475846],[-71.0840047,46.7476456]]],[[[-71.0814574,46.7505017],[-71.0814342,46.7506392],[-71.0816519,46.7507941],[-71.081364,46.7509555],[-71.0809647,46.7510196],[-71.0800739,46.7502892],[-71.0799793,46.7501868],[-71.079975,46.75],[-71.0806189,46.7496801],[-71.0807887,46.7495058],[-71.0812966,46.7494712],[-71.0810398,46.7492386],[-71.0810408,46.7490185],[-71.0808352,46.7488668],[-71.0808679,46.7487128],[-71.0818464,46.7481256],[-71.0825544,46.748519],[-71.0834865,46.7492989],[-71.0839403,46.7502184],[-71.0831558,46.7497265],[-71.0827799,46.7502378],[-71.0818731,46.7507487],[-71.0817811,46.7506662],[-71.0821566,46.7502795],[-71.0821322,46.7502249],[-71.0820452,46.7501822],[-71.082024,46.75],[-71.0813483,46.7496481],[-71.0812908,46.7496996],[-71.0813346,46.7497689],[-71.081764,46.75],[-71.0818773,46.7502803],[-71.0814574,46.7505017]]],[[[-71.0672284,46.7534522],[-71.066754,46.7530646],[-71.066722,46.7529505],[-71.0667986,46.7528659],[-71.0669522,46.7527926],[-71.0672655,46.7528298],[-71.068155,46.7533684],[-71.068351,46.7535366],[-71.0685984,46.7541979],[-71.068809,46.7543893],[-71.0681916,46.7546145],[-71.0678522,46.754647],[-71.0671113,46.7539954],[-71.0670857,46.7537488],[-71.0672284,46.7534522]]],[[[-71.0786261,46.7567661],[-71.0786562,46.7568552],[-71.0785764,46.7567955],[-71.0786261,46.7567661]]],[[[-71.0636705,46.7583796],[-71.0638662,46.7580878],[-71.0643181,46.7583447],[-71.0641047,46.7584976],[-71.0637701,46.7585217],[-71.0636705,46.7583796]]],[[[-71.0640974,46.7596743],[-71.0645017,46.7600141],[-71.0643051,46.760162],[-71.0638961,46.7598305],[-71.0639101,46.7597576],[-71.0640974,46.7596743]]],[[[-71.0524383,46.7773724],[-71.0525377,46.7774665],[-71.052401,46.7775828],[-71.0519526,46.7775376],[-71.0517977,46.7774189],[-71.051814,46.7773179],[-71.0521423,46.7774262],[-71.0524383,46.7773724]]],[[[-71.0569715,46.7783927],[-71.056662,46.7782032],[-71.0569005,46.7782009],[-71.0572193,46.7783258],[-71.0569715,46.7783927]]],[[[-71.1004007,46.7790483],[-71.1003587,46.7789693],[-71.1007727,46.7785641],[-71.1012118,46.7783094],[-71.1016492,46.7777591],[-71.1018722,46.7776563],[-71.1021291,46.7777691],[-71.1014819,46.7784177],[-71.1012417,46.7785025],[-71.1004769,46.7792336],[-71.1003063,46.7791782],[-71.1004007,46.7790483]]],[[[-71.0543565,46.7786698],[-71.0539637,46.7786494],[-71.0539873,46.7785599],[-71.054404,46.7785389],[-71.0543565,46.7786698]]],[[[-71.0564086,46.7789587],[-71.0559883,46.77918],[-71.0559153,46.7790643],[-71.0559193,46.7789121],[-71.0563334,46.7788712],[-71.0564086,46.7789587]]],[[[-71.0601846,46.7794281],[-71.060111,46.7792164],[-71.0602264,46.7791615],[-71.0604966,46.7792252],[-71.0603266,46.7793995],[-71.0601846,46.7794281]]],[[[-71.0540681,46.7796074],[-71.0539679,46.7793694],[-71.0536365,46.7791452],[-71.0540389,46.779149],[-71.0542499,46.7793884],[-71.054191,46.7796121],[-71.0540681,46.7796074]]],[[[-71.0608301,46.7797854],[-71.0607139,46.7796964],[-71.0606858,46.77943],[-71.0608367,46.7792888],[-71.0609114,46.7796925],[-71.0608301,46.7797854]]],[[[-71.0601549,46.779698],[-71.0601703,46.7794529],[-71.0604058,46.7797469],[-71.06038,46.7798645],[-71.06025,46.7798963],[-71.0601549,46.779698]]],[[[-71.0590645,46.7798715],[-71.0593103,46.7798808],[-71.0593041,46.7800612],[-71.0589236,46.7800921],[-71.0586269,46.7796377],[-71.0588461,46.7796205],[-71.0589499,46.7796583],[-71.0590645,46.7798715]]],[[[-71.0576948,46.7800939],[-71.0577661,46.7799215],[-71.0581306,46.7800397],[-71.0582257,46.780238],[-71.0583442,46.7802989],[-71.0582825,46.7804547],[-71.0580599,46.780308],[-71.0577804,46.7803088],[-71.0576948,46.7800939]]],[[[-71.0587146,46.7801887],[-71.0589464,46.7806829],[-71.0587781,46.780733],[-71.0587076,46.7806372],[-71.0587146,46.7801887]]],[[[-71.0522317,46.7816104],[-71.0520151,46.7816474],[-71.0519421,46.7815317],[-71.0520757,46.7812996],[-71.0521992,46.7814002],[-71.0522317,46.7816104]]],[[[-71.0512319,46.7812142],[-71.0516657,46.7816483],[-71.0517148,46.7818054],[-71.0514541,46.781725],[-71.0511586,46.7814627],[-71.0511191,46.781289],[-71.0512319,46.7812142]]],[[[-71.0509148,46.7817894],[-71.050789,46.7817169],[-71.0508269,46.7816026],[-71.0513172,46.7817933],[-71.0509148,46.7817894]]],[[[-71.0547931,46.7828331],[-71.0544987,46.7827627],[-71.0542503,46.7823215],[-71.0543946,46.7822648],[-71.0545907,46.7824331],[-71.0547931,46.7828331]]],[[[-71.0549932,46.7832613],[-71.0549831,46.783594],[-71.0547041,46.7832786],[-71.0547513,46.7830997],[-71.0549932,46.7832613]]],[[[-71.0531637,46.7839913],[-71.0530773,46.7840445],[-71.0528528,46.783974],[-71.0527938,46.7837854],[-71.0524697,46.7835728],[-71.0524733,46.7833725],[-71.0527641,46.783231],[-71.0527077,46.7830623],[-71.0528763,46.7830602],[-71.0528831,46.7833879],[-71.0530989,46.7836191],[-71.053102,46.7837349],[-71.0530346,46.783755],[-71.05329,46.7837477],[-71.053345,46.7840885],[-71.0531637,46.7839913]]],[[[-71.0576545,46.7838497],[-71.0574496,46.783842],[-71.0573901,46.7835575],[-71.057634,46.7836429],[-71.0576545,46.7838497]]],[[[-71.0533122,46.7834182],[-71.0534477,46.7835221],[-71.053599,46.7838411],[-71.0538142,46.7839763],[-71.0537691,46.784079],[-71.0535229,46.7840218],[-71.0533122,46.7834182]]],[[[-71.0573082,46.7839665],[-71.0570773,46.7840284],[-71.0569103,46.7839064],[-71.056718,46.7835858],[-71.0567898,46.7835095],[-71.0569905,46.7836215],[-71.0573082,46.7839665]]],[[[-71.1125491,46.7871585],[-71.112157,46.7869182],[-71.112183,46.7868486],[-71.112412,46.7868627],[-71.1126008,46.7869713],[-71.1126501,46.7871284],[-71.1125491,46.7871585]]],[[[-71.1086933,46.7881647],[-71.1086654,46.7883105],[-71.1084831,46.7884336],[-71.1081882,46.7883154],[-71.1081122,46.7881319],[-71.1081862,46.7880274],[-71.1083282,46.7879988],[-71.1086933,46.7881647]]],[[[-71.0803619,46.7895898],[-71.0798129,46.7896709],[-71.0798075,46.7895832],[-71.0798647,46.7894837],[-71.080192,46.7893999],[-71.0803619,46.7895898]]],[[[-71.1012964,46.7897734],[-71.1014902,46.7899217],[-71.1014623,46.7900675],[-71.1011065,46.7902011],[-71.1008244,46.7901822],[-71.1008812,46.7900346],[-71.1011807,46.7897804],[-71.1012964,46.7897734]]],[[[-71.076145,46.8006369],[-71.0760671,46.8008938],[-71.0759377,46.8010216],[-71.0755154,46.800955],[-71.0755053,46.8008756],[-71.0757122,46.8008071],[-71.0759591,46.8005961],[-71.0760602,46.800566],[-71.076145,46.8006369]]],[[[-71.0824603,46.8016689],[-71.0826277,46.8018389],[-71.0823757,46.8020102],[-71.0820687,46.8018886],[-71.0822073,46.8016961],[-71.0824603,46.8016689]]],[[[-71.0800919,46.804477],[-71.0802915,46.804397],[-71.0803651,46.8046086],[-71.0802414,46.8052364],[-71.0800311,46.805141],[-71.0800919,46.804477]]],[[[-71.0508654,46.8123255],[-71.05096,46.8124279],[-71.0508235,46.8125921],[-71.0504885,46.8126162],[-71.0503624,46.8124957],[-71.0505399,46.812333],[-71.0508654,46.8123255]]],[[[-71.0587792,46.8183939],[-71.0584736,46.8181001],[-71.0585738,46.817926],[-71.0593459,46.8179917],[-71.0594816,46.8180956],[-71.0594605,46.818205],[-71.0596355,46.8184346],[-71.0587792,46.8183939]]],[[[-71.070164,46.8241372],[-71.0705812,46.8237519],[-71.0709054,46.8239165],[-71.0704618,46.8243234],[-71.070164,46.8241372]]],[[[-71.0539683,46.8301429],[-71.0532764,46.8306384],[-71.0531288,46.8306415],[-71.0529397,46.830509],[-71.0529581,46.8304143],[-71.0536177,46.8299694],[-71.0537976,46.8299788],[-71.0539683,46.8301429]]],[[[-71.0546232,46.8305689],[-71.05371,46.8312285],[-71.0535624,46.8312316],[-71.0533133,46.8310581],[-71.0533317,46.8309634],[-71.0542127,46.8303544],[-71.0543926,46.8303638],[-71.0546232,46.8305689]]],[[[-71.0552551,46.8309981],[-71.055269,46.8310833],[-71.0545817,46.8315409],[-71.0544341,46.831544],[-71.054245,46.8314115],[-71.0542635,46.8313168],[-71.054923,46.8308719],[-71.0550291,46.8308529],[-71.0552551,46.8309981]]],[[[-71.0536805,46.8318841],[-71.0538105,46.8317755],[-71.0540006,46.8318809],[-71.0538516,46.8319923],[-71.0536805,46.8318841]]],[[[-71.0532574,46.8319892],[-71.0533874,46.8318806],[-71.0535774,46.8319859],[-71.0534285,46.8320974],[-71.0532574,46.8319892]]],[[[-71.0401716,46.7776438],[-71.0398314,46.7779922],[-71.0396791,46.7778933],[-71.0396786,46.7777973],[-71.0400196,46.7775928],[-71.0401716,46.7776438]]],[[[-71.0401173,46.7791435],[-71.0406087,46.7791141],[-71.040518,46.7792716],[-71.0403827,46.7792156],[-71.0402677,46.7793186],[-71.040087,46.7793174],[-71.0401173,46.7791435]]],[[[-71.0417009,46.7796889],[-71.041461,46.7798633],[-71.0412202,46.7798937],[-71.0411691,46.7798128],[-71.0415079,46.7796364],[-71.0417009,46.7796889]]],[[[-71.0404743,46.7800745],[-71.0404676,46.7797467],[-71.0405757,46.7796803],[-71.0409396,46.7797025],[-71.0410676,46.7797468],[-71.0407861,46.7798237],[-71.0407984,46.779875],[-71.0410644,46.7800431],[-71.0404743,46.7800745]]],[[[-71.0479838,46.7799485],[-71.0483402,46.7799111],[-71.0480691,46.7801155],[-71.0473552,46.7799982],[-71.0477568,46.7798581],[-71.0479838,46.7799485]]],[[[-71.0390946,46.779805],[-71.0395385,46.7799064],[-71.0393759,46.7801402],[-71.0390919,46.7801973],[-71.038973,46.7800403],[-71.03865,46.7800196],[-71.0386593,46.7799551],[-71.0390662,46.7799027],[-71.0390946,46.779805]]],[[[-71.039819,46.7800977],[-71.0396569,46.7799674],[-71.040011,46.7799582],[-71.0401934,46.7798352],[-71.040389,46.7799075],[-71.040043,46.7800723],[-71.0401355,46.7802508],[-71.0398294,46.7802251],[-71.039819,46.7800977]]],[[[-71.0387795,46.780352],[-71.0383,46.7803367],[-71.0382994,46.7802407],[-71.0388609,46.7802591],[-71.0387795,46.780352]]],[[[-71.0476768,46.780191],[-71.0476731,46.7803913],[-71.0473768,46.7803971],[-71.0473521,46.7802945],[-71.047436,46.7802215],[-71.0476768,46.780191]]],[[[-71.0398661,46.780331],[-71.0398063,46.7804106],[-71.0393489,46.780478],[-71.0394368,46.7802526],[-71.0395931,46.7801993],[-71.0398661,46.780331]]],[[[-71.0462263,46.7801899],[-71.046673,46.7803592],[-71.0467095,46.7804171],[-71.0464982,46.7805418],[-71.0462176,46.7803505],[-71.0458101,46.7803069],[-71.0462263,46.7801899]]],[[[-71.0385639,46.780581],[-71.0384237,46.7804854],[-71.0385365,46.7804106],[-71.0390905,46.7803694],[-71.0392116,46.7804982],[-71.0385639,46.780581]]],[[[-71.0443315,46.7804516],[-71.044666,46.7803795],[-71.0449076,46.7809052],[-71.0444807,46.7808468],[-71.0445156,46.7806166],[-71.0443343,46.7805194],[-71.0443315,46.7804516]]],[[[-71.0460742,46.7805512],[-71.0465279,46.780684],[-71.0469267,46.7804761],[-71.0471509,46.7804986],[-71.0466109,46.7808791],[-71.0464953,46.7808861],[-71.0460559,46.7807284],[-71.0460048,46.7806474],[-71.0460742,46.7805512]]],[[[-71.0440038,46.7804392],[-71.0442301,46.7808458],[-71.0441995,46.7809717],[-71.0439464,46.7809508],[-71.043823,46.7808502],[-71.0438115,46.7805308],[-71.0440038,46.7804392]]],[[[-71.0419569,46.7806499],[-71.0421155,46.7805684],[-71.0423832,46.7806123],[-71.0427418,46.7805468],[-71.0430507,46.7806404],[-71.0424381,46.7809532],[-71.0420178,46.7807623],[-71.0419569,46.7806499]]],[[[-71.0393014,46.7806089],[-71.0394683,46.7807309],[-71.0391537,46.7809138],[-71.0384788,46.7808742],[-71.0385883,46.7806355],[-71.0390996,46.780717],[-71.0393014,46.7806089]]],[[[-71.0416911,46.7809419],[-71.0413827,46.7809444],[-71.0412836,46.7808983],[-71.0412831,46.7808023],[-71.0414899,46.7807339],[-71.0416347,46.7807732],[-71.041722,46.780864],[-71.0416911,46.7809419]]],[[[-71.0434674,46.7810316],[-71.0431851,46.7809644],[-71.0431865,46.7807923],[-71.0434801,46.7807187],[-71.0436083,46.780811],[-71.0436069,46.7809832],[-71.0434674,46.7810316]]],[[[-71.0459065,46.7811575],[-71.0454682,46.7811917],[-71.0452389,46.7811295],[-71.0452336,46.7810417],[-71.0457926,46.7810402],[-71.0459065,46.7811575]]],[[[-71.0505719,46.7808336],[-71.0506987,46.7810981],[-71.050621,46.7814029],[-71.0505174,46.7814131],[-71.0503412,46.7813557],[-71.050344,46.7810114],[-71.0504274,46.7808423],[-71.0505719,46.7808336]]],[[[-71.0497025,46.781326],[-71.0495338,46.7813281],[-71.0493447,46.7811233],[-71.049366,46.781062],[-71.0496528,46.7810728],[-71.0497025,46.781326]]],[[[-71.0446749,46.7810912],[-71.0442909,46.7813703],[-71.0442112,46.7813391],[-71.0443421,46.7810392],[-71.0446749,46.7810912]]],[[[-71.0412799,46.7810986],[-71.0416921,46.7811339],[-71.0414746,46.781439],[-71.0409276,46.7814438],[-71.0407775,46.7813167],[-71.0410515,46.7811803],[-71.0411082,46.7809848],[-71.0412799,46.7810986]]],[[[-71.0374715,46.7812906],[-71.0372577,46.7813954],[-71.0370935,46.7813412],[-71.0373908,46.7810674],[-71.0374715,46.7812906]]],[[[-71.0486502,46.7810209],[-71.0483089,46.7815896],[-71.0482536,46.7816129],[-71.048245,46.7809492],[-71.0486502,46.7810209]]],[[[-71.0426984,46.7813977],[-71.0424453,46.7813769],[-71.0424731,46.7811832],[-71.0428562,46.7811722],[-71.0430663,46.7812677],[-71.0426984,46.7813977]]],[[[-71.0437709,46.7814495],[-71.0433635,46.7814059],[-71.0433464,46.7813629],[-71.0435577,46.7812382],[-71.0438156,46.7812508],[-71.0437709,46.7814495]]],[[[-71.0452916,46.7814984],[-71.0451611,46.7814342],[-71.0452566,46.7812684],[-71.0456326,46.7812939],[-71.0457897,46.7813845],[-71.0452916,46.7814984]]],[[[-71.0377108,46.7814323],[-71.0381371,46.7813948],[-71.0381281,46.7815074],[-71.038203,46.7815469],[-71.0385695,46.781589],[-71.0385361,46.781647],[-71.0380447,46.7816764],[-71.0377551,46.7815977],[-71.0377108,46.7814323]]],[[[-71.0433915,46.7816723],[-71.0426826,46.7815948],[-71.0426798,46.7815269],[-71.0427952,46.781472],[-71.0431597,46.7815902],[-71.0433909,46.7815763],[-71.0433915,46.7816723]]],[[[-71.0433953,46.7819322],[-71.0440412,46.7815134],[-71.0444483,46.781509],[-71.0445777,46.7813812],[-71.0450301,46.781274],[-71.0449855,46.7814728],[-71.0446052,46.7815516],[-71.0442617,46.7817362],[-71.0440038,46.7817237],[-71.0436703,46.7819877],[-71.0433953,46.7819322]]],[[[-71.040244,46.7815648],[-71.039725,46.7818359],[-71.0395224,46.7818],[-71.0400215,46.781418],[-71.040244,46.7815648]]],[[[-71.0490489,46.7812251],[-71.0491724,46.7813257],[-71.0491926,46.7818967],[-71.0490393,46.782066],[-71.0488698,46.7819241],[-71.0488011,46.7817041],[-71.0488283,46.7814144],[-71.0490489,46.7812251]]],[[[-71.0424612,46.78164],[-71.042416,46.7817428],[-71.0420068,46.7818233],[-71.0420389,46.7815253],[-71.0424612,46.78164]]],[[[-71.0407757,46.781853],[-71.041119,46.7816204],[-71.0413022,46.7816414],[-71.0413993,46.7817637],[-71.0412842,46.7818666],[-71.041012,46.7818789],[-71.040779,46.7820169],[-71.0405495,46.7819066],[-71.0405515,46.7818304],[-71.0407757,46.781853]]],[[[-71.0365784,46.7818722],[-71.0369003,46.7817009],[-71.0369451,46.7819623],[-71.0366437,46.7819284],[-71.0365784,46.7818722]]],[[[-71.0447297,46.7818442],[-71.0445835,46.781977],[-71.0440032,46.7820398],[-71.0439906,46.7819405],[-71.0440961,46.7818542],[-71.0447297,46.7818442]]],[[[-71.0416621,46.7822281],[-71.0421291,46.7821441],[-71.0421992,46.7821919],[-71.0419253,46.7823284],[-71.0416747,46.7823274],[-71.0416621,46.7822281]]],[[[-71.041715,46.7826451],[-71.0417336,46.7825159],[-71.0421355,46.7824238],[-71.0419126,46.7826412],[-71.041715,46.7826451]]],[[[-71.0413073,46.7825535],[-71.0409949,46.7827082],[-71.0408863,46.7826787],[-71.0410416,46.7824333],[-71.0412653,46.7823599],[-71.0413073,46.7825535]]],[[[-71.0481031,46.7826743],[-71.0477074,46.782586],[-71.0477259,46.7824569],[-71.0479476,46.7824596],[-71.0481,46.7825585],[-71.0481031,46.7826743]]],[[[-71.039108,46.7826652],[-71.0389699,46.7825414],[-71.0394731,46.7824672],[-71.0395172,46.7825846],[-71.039108,46.7826652]]],[[[-71.0351036,46.7827368],[-71.0348075,46.7827905],[-71.0347326,46.782751],[-71.0348668,46.7826149],[-71.0350762,46.7825663],[-71.0351036,46.7827368]]],[[[-71.0372597,46.7826518],[-71.0369785,46.7827766],[-71.0366389,46.7828089],[-71.0366788,46.7826185],[-71.0370543,46.782548],[-71.0372597,46.7826518]]],[[[-71.0405434,46.7825472],[-71.040544,46.7826432],[-71.0402504,46.7827168],[-71.0403135,46.782801],[-71.0402296,46.7828741],[-71.0400753,46.7828513],[-71.0400795,46.782747],[-71.0399395,46.7826994],[-71.0399535,46.7826265],[-71.0405434,46.7825472]]],[[[-71.0505939,46.7829771],[-71.0504646,46.7831049],[-71.0502763,46.7830442],[-71.0503145,46.7825657],[-71.0506672,46.7827286],[-71.0507794,46.78297],[-71.0505939,46.7829771]]],[[[-71.042006,46.7829638],[-71.0418699,46.7827638],[-71.0422098,46.7827795],[-71.0422159,46.7830112],[-71.042006,46.7829638]]],[[[-71.0377612,46.7827018],[-71.0376051,46.7828031],[-71.0376082,46.782919],[-71.0379171,46.7830125],[-71.0378526,46.7831004],[-71.037467,46.7830915],[-71.0374247,46.78285],[-71.0377612,46.7827018]]],[[[-71.0360774,46.7827905],[-71.0360618,46.7830355],[-71.0358143,46.7831504],[-71.0355878,46.7831559],[-71.0355907,46.7828116],[-71.0357184,46.782808],[-71.0357936,46.7828955],[-71.0360168,46.7827261],[-71.0360774,46.7827905]]],[[[-71.042807,46.7827117],[-71.0428799,46.7828274],[-71.0427772,46.7829816],[-71.0429107,46.7831617],[-71.0428122,46.7832116],[-71.0425321,46.7831163],[-71.042672,46.7827038],[-71.042807,46.7827117]]],[[[-71.0135995,46.7830725],[-71.0134288,46.7831507],[-71.0130767,46.7830836],[-71.0129096,46.7829135],[-71.0131982,46.7828003],[-71.0135995,46.7830725]]],[[[-71.0497447,46.7832161],[-71.0495803,46.7831139],[-71.0495887,46.7829054],[-71.0497501,46.7828917],[-71.0498037,46.7829925],[-71.0497447,46.7832161]]],[[[-71.038992,46.7830362],[-71.0393333,46.7828797],[-71.0393127,46.783085],[-71.0391954,46.7832161],[-71.0393208,46.7832406],[-71.0393937,46.7833563],[-71.0388973,46.783346],[-71.0388774,46.7832352],[-71.038992,46.7830362]]],[[[-71.0383652,46.7834219],[-71.0385324,46.7835919],[-71.0384849,46.7837228],[-71.0380819,46.7836229],[-71.0378979,46.7834579],[-71.038066,46.7833598],[-71.0383652,46.7834219]]],[[[-71.0478788,46.7834761],[-71.0481869,46.7834256],[-71.0482596,46.7834933],[-71.0479189,46.7837458],[-71.0478788,46.7834761]]],[[[-71.0360477,46.7839807],[-71.0359512,46.7839545],[-71.0359687,46.7836333],[-71.0363324,46.7836076],[-71.0364149,46.7837067],[-71.0361384,46.7838232],[-71.0360477,46.7839807]]],[[[-71.0373907,46.7836843],[-71.0375712,46.7836375],[-71.0375815,46.7837649],[-71.0376587,46.7837763],[-71.0377808,46.7836369],[-71.0380003,46.7836678],[-71.0378228,46.7838305],[-71.0378573,46.7839645],[-71.0376409,46.7840494],[-71.0376462,46.7841372],[-71.0374728,46.7841475],[-71.0374813,46.783939],[-71.0372834,46.7838948],[-71.0373907,46.7836843]]],[[[-71.0338764,46.7839466],[-71.0340609,46.7837475],[-71.0341625,46.7838134],[-71.0341419,46.7840187],[-71.0340436,46.7841166],[-71.0340811,46.7843665],[-71.0337769,46.7842646],[-71.0338764,46.7839466]]],[[[-71.0485438,46.7843085],[-71.0486072,46.7844408],[-71.0479438,46.7843085],[-71.0472548,46.7839297],[-71.0472302,46.7838271],[-71.0473722,46.7837986],[-71.0478703,46.7840968],[-71.0485438,46.7843085]]],[[[-71.0403721,46.784226],[-71.0400367,46.7841541],[-71.0401083,46.7840298],[-71.0404167,46.7840273],[-71.0404726,46.7841],[-71.0403721,46.784226]]],[[[-71.0368197,46.7841426],[-71.0365943,46.7843402],[-71.036422,46.7841304],[-71.0367083,46.7840452],[-71.0368197,46.7841426]]],[[[-71.0353151,46.7844047],[-71.0349908,46.784144],[-71.0350026,46.7840993],[-71.0352818,46.7840506],[-71.0353151,46.7844047]]],[[[-71.0473493,46.7844442],[-71.0473968,46.7843133],[-71.0477319,46.7843372],[-71.0478006,46.7845572],[-71.0473493,46.7844442]]],[[[-71.0408409,46.7844781],[-71.0408342,46.7845625],[-71.0406487,46.7845696],[-71.03993,46.7844606],[-71.0400187,46.7843793],[-71.0408409,46.7844781]]],[[[-71.0361438,46.7843711],[-71.0361833,46.7845448],[-71.0363787,46.7845691],[-71.0364493,46.784713],[-71.0360685,46.7846957],[-71.0358872,46.7845985],[-71.036035,46.7842936],[-71.0361438,46.7843711]]],[[[-71.0465411,46.7846847],[-71.0461625,46.7846394],[-71.0460676,46.784489],[-71.0462916,46.7844636],[-71.0465719,46.7846068],[-71.0465411,46.7846847]]],[[[-71.042497,46.7845829],[-71.0422545,46.7847375],[-71.0420538,46.7846255],[-71.0420774,46.7845361],[-71.0422315,46.7845108],[-71.042497,46.7845829]]],[[[-71.0419623,46.784639],[-71.0417249,46.7848333],[-71.0413837,46.7845776],[-71.0413977,46.7845047],[-71.0415108,46.784478],[-71.0419623,46.784639]]],[[[-71.0462404,46.7852069],[-71.0457356,46.7849931],[-71.0457255,46.7849137],[-71.0468371,46.7850431],[-71.0469726,46.785147],[-71.0469757,46.7852629],[-71.0466112,46.7851447],[-71.0462404,46.7852069]]],[[[-71.0339179,46.7853766],[-71.0338023,46.7853835],[-71.0336132,46.7851787],[-71.0335858,46.7850083],[-71.0338967,46.7850257],[-71.0339179,46.7853766]]],[[[-71.0329019,46.7855414],[-71.0330014,46.7852233],[-71.0331857,46.7854364],[-71.0330851,46.7855625],[-71.0331824,46.7857327],[-71.033016,46.7857066],[-71.0329019,46.7855414]]],[[[-71.0425957,46.7862777],[-71.0421738,46.7862589],[-71.0420624,46.7861615],[-71.0426558,46.7858339],[-71.0431475,46.7858525],[-71.0431029,46.7860512],[-71.0428758,46.7859608],[-71.0428547,46.7860701],[-71.0429732,46.786131],[-71.0430077,46.786265],[-71.0427932,46.7862738],[-71.0426235,46.7860839],[-71.0423296,46.7861095],[-71.0423372,46.7861691],[-71.0425808,46.7862065],[-71.0425957,46.7862777]]],[[[-71.0394874,46.7863438],[-71.0402362,46.7862309],[-71.0402103,46.7863485],[-71.0397745,46.7864026],[-71.0397175,46.7865501],[-71.0396307,46.7865553],[-71.0394874,46.7863438]]],[[[-71.0388054,46.7863406],[-71.0390173,46.7863119],[-71.0392061,46.7864687],[-71.0391345,46.786593],[-71.0390237,46.7865916],[-71.0388054,46.7863406]]],[[[-71.0311288,46.7865357],[-71.0310767,46.7862627],[-71.0312474,46.7861845],[-71.0312462,46.7864047],[-71.0313988,46.7865516],[-71.0314508,46.7868246],[-71.0311288,46.7865357]]],[[[-71.032759,46.7867584],[-71.0323286,46.786488],[-71.0323158,46.7863407],[-71.0324193,46.7863305],[-71.0326522,46.7866047],[-71.0329729,46.7866536],[-71.0330288,46.7867262],[-71.032759,46.7867584]]],[[[-71.0421738,46.8025936],[-71.0420656,46.8026601],[-71.0419834,46.802609],[-71.0419121,46.8023691],[-71.0420242,46.8021503],[-71.0422103,46.8022392],[-71.0421738,46.8025936]]],[[[-71.0411421,46.8030515],[-71.0413264,46.8028044],[-71.0414036,46.8028158],[-71.0417298,46.8029523],[-71.0417761,46.8030416],[-71.0411421,46.8030515]]],[[[-71.0172493,46.8073441],[-71.0177968,46.8073875],[-71.0177925,46.8074918],[-71.0173674,46.8078173],[-71.0169777,46.8075004],[-71.0172493,46.8073441]]],[[[-71.0363261,46.8137365],[-71.0365593,46.8140587],[-71.0363727,46.814334],[-71.036204,46.8143361],[-71.0359452,46.8137673],[-71.0361009,46.8135699],[-71.0363261,46.8137365]]],[[[-71.0344402,46.8145856],[-71.0341914,46.8145084],[-71.034246,46.8143411],[-71.034426,46.8141983],[-71.0346119,46.8142392],[-71.0346147,46.814307],[-71.0344402,46.8145856]]],[[[-71.0386541,46.8312414],[-71.0385194,46.8310188],[-71.0385087,46.8308241],[-71.0387902,46.8307139],[-71.0392318,46.8307475],[-71.0391229,46.8310617],[-71.0389499,46.8312282],[-71.0388033,46.8312984],[-71.0386541,46.8312414]]],[[[-70.9973702,46.7260798],[-70.9974741,46.7261656],[-70.9974361,46.7262799],[-70.9971964,46.7265022],[-70.9973346,46.726722],[-70.9966876,46.7273125],[-70.9965525,46.7272565],[-70.9964678,46.7271376],[-70.9966117,46.727033],[-70.9966397,46.7268393],[-70.9969821,46.7264629],[-70.9969717,46.7262875],[-70.9973702,46.7260798]]],[[[-70.9960912,46.727936],[-70.9958575,46.7278819],[-70.9958593,46.7277578],[-70.9963104,46.7274589],[-70.996322,46.7273662],[-70.9965096,46.7273311],[-70.9965991,46.7274418],[-70.9965634,46.7275279],[-70.9960912,46.727936]]],[[[-70.9968707,46.7648469],[-70.9970356,46.7650932],[-70.9971168,46.7654604],[-70.9970085,46.7654789],[-70.9968679,46.7652872],[-70.9964916,46.7651655],[-70.9962957,46.7649971],[-70.9962248,46.7647573],[-70.9968707,46.7648469]]],[[[-70.9986116,46.7657717],[-70.9986868,46.7655055],[-70.9988855,46.7656353],[-70.9986116,46.7657717]]],[[[-70.9975115,46.7659131],[-70.9978175,46.7659389],[-70.9977486,46.7656229],[-70.9979074,46.7655895],[-70.9979847,46.7656489],[-70.9980127,46.7659633],[-70.9977895,46.7661326],[-70.9979731,46.7662497],[-70.9979689,46.766402],[-70.9972639,46.7660278],[-70.9972437,46.765821],[-70.9974403,46.7656252],[-70.9975115,46.7659131]]],[[[-70.998532,46.7668046],[-70.998308,46.7662738],[-70.9981125,46.7662014],[-70.9982277,46.7660986],[-70.9986238,46.7663311],[-70.9987222,46.7667893],[-70.998532,46.7668046]]],[[[-71.0094638,46.7695029],[-71.009285,46.7693775],[-71.0094028,46.7693425],[-71.0097478,46.769446],[-71.0098131,46.7695021],[-71.0097487,46.769638],[-71.0101072,46.7700327],[-71.0100039,46.7700909],[-71.0095856,46.7697757],[-71.0094638,46.7695029]]],[[[-70.9977297,46.769913],[-70.997607,46.7699563],[-70.9976054,46.7701285],[-70.9979695,46.7701989],[-70.9980132,46.7702683],[-70.9974741,46.7703803],[-70.9973991,46.7697847],[-70.9976658,46.7696368],[-70.9977229,46.7694893],[-70.9982647,46.7694451],[-70.99833,46.7695013],[-70.9981452,46.7696523],[-70.9981602,46.7697714],[-70.998026,46.7699074],[-70.9981427,46.7701406],[-70.9978776,46.7701163],[-70.9978746,46.7700005],[-70.9977297,46.769913]]],[[[-71.0093661,46.7707131],[-71.0093529,46.7704698],[-71.0092166,46.7701738],[-71.0093709,46.7701966],[-71.0097916,46.7705317],[-71.0097632,46.7706294],[-71.0095752,46.7706166],[-71.0095179,46.770716],[-71.0093661,46.7707131]]],[[[-70.9969143,46.7706977],[-70.9968231,46.770251],[-70.996938,46.7701001],[-70.9971235,46.7700931],[-70.9972809,46.7702798],[-70.9971057,46.7704142],[-70.9971505,46.7707237],[-70.9974135,46.7708241],[-70.9974283,46.7708952],[-70.9971438,46.7708561],[-70.9969143,46.7706977]]],[[[-71.008962,46.770325],[-71.0089346,46.7701546],[-71.0090598,46.7701311],[-71.0090826,46.7703578],[-71.0092109,46.7704982],[-71.0091934,46.7708674],[-71.0090514,46.7708958],[-71.0089015,46.7707687],[-71.00882,46.7703535],[-71.008962,46.770325]]],[[[-71.0066535,46.7711827],[-71.0069045,46.7712798],[-71.0067559,46.7709325],[-71.0071721,46.7708157],[-71.0072374,46.7708718],[-71.0072415,46.7712277],[-71.0071439,46.7714696],[-71.0070021,46.771546],[-71.006905,46.7713757],[-71.0066226,46.7712605],[-71.0066535,46.7711827]]],[[[-71.0022917,46.7713662],[-71.0023115,46.7714771],[-71.0020997,46.7715057],[-71.0017927,46.7712879],[-71.0018985,46.7712496],[-71.0019293,46.7711237],[-71.0020906,46.7711101],[-71.0024117,46.771255],[-71.0022917,46.7713662]]],[[[-71.0028012,46.77162],[-71.0026656,46.771468],[-71.0027323,46.771304],[-71.0026499,46.7712049],[-71.003014,46.7712752],[-71.0030747,46.7713876],[-71.0030515,46.7715731],[-71.0028012,46.77162]]],[[[-70.9931011,46.7718164],[-70.9927549,46.7714249],[-70.9928097,46.7713056],[-70.9933481,46.7715577],[-70.9939383,46.7715747],[-70.9942284,46.7717975],[-70.9940432,46.7718525],[-70.9937968,46.7716991],[-70.9935824,46.7717078],[-70.9933603,46.771609],[-70.9931414,46.771674],[-70.9931901,46.7717831],[-70.9931011,46.7718164]]],[[[-71.0038052,46.7720084],[-71.003506,46.7718981],[-71.003536,46.7716283],[-71.0036657,46.7715485],[-71.0038564,46.7716292],[-71.0042799,46.771524],[-71.0043404,46.7715884],[-71.0043172,46.7717738],[-71.0041923,46.7718453],[-71.0040275,46.771647],[-71.0039686,46.7719186],[-71.0038241,46.7719272],[-71.0038052,46.7720084]]],[[[-71.0003088,46.7718042],[-71.0004608,46.7718552],[-71.0004858,46.7720538],[-71.0002411,46.7722844],[-71.0000438,46.7723361],[-71.0,46.77196],[-71.0003088,46.7718042]]],[[[-70.9906908,46.7753404],[-70.9926921,46.7746294],[-70.9944838,46.7743395],[-70.9950917,46.7741228],[-70.9961538,46.7740477],[-70.9962626,46.7741253],[-70.9970431,46.7741269],[-70.9974404,46.7745994],[-70.9974515,46.7749188],[-70.9977601,46.7749645],[-70.9980142,46.7752255],[-70.9983372,46.7752463],[-70.9984616,46.775587],[-70.9984117,46.775746],[-70.9980779,46.7759619],[-70.9979008,46.7762205],[-70.9975614,46.7763007],[-70.9967411,46.7770936],[-70.9947955,46.7778774],[-70.9941999,46.7777727],[-70.9892642,46.7763613],[-70.9883907,46.776037],[-70.9886142,46.7759157],[-70.9898402,46.775847],[-70.9906908,46.7753404]]],[[[-70.9971509,46.7813665],[-70.9973112,46.7811129],[-70.997415,46.7811507],[-70.9975348,46.7815477],[-70.9972799,46.7816509],[-70.9971509,46.7813665]]],[[[-71.0121839,46.7823326],[-71.0128825,46.7827911],[-71.0127601,46.7828824],[-71.0121694,46.7828176],[-71.0117776,46.7825289],[-71.0118156,46.7824146],[-71.0121839,46.7823326]]],[[[-71.0019927,46.7826271],[-71.0020273,46.7828091],[-71.0018721,46.7831024],[-71.0017466,46.7830779],[-71.0017482,46.7829057],[-71.001596,46.7828068],[-71.0015641,46.7826926],[-71.0019927,46.7826271]]],[[[-71.0008617,46.7829425],[-71.0009514,46.7830532],[-71.0008393,46.7833199],[-71.000436,46.7831238],[-71.0004618,46.7829582],[-71.0008617,46.7829425]]],[[[-71.000547,46.7841895],[-71.0002789,46.7840494],[-71.0002894,46.7837167],[-71.0004799,46.7837494],[-71.000547,46.7841895]]],[[[-71.0022748,46.7898566],[-71.0023172,46.7896381],[-71.0024881,46.7896079],[-71.0027545,46.7898721],[-71.002555,46.79],[-71.0022748,46.7898566]]],[[[-70.9935877,46.8292445],[-70.9938905,46.8290105],[-70.9940188,46.8291029],[-70.9937569,46.8293385],[-70.9935877,46.8292445]]],[[[-70.9965122,46.8305197],[-70.9961146,46.8306033],[-70.9960339,46.83038],[-70.9964657,46.8303824],[-70.9965122,46.8305197]]]]}}]}
