{"type":"FeatureCollection","features":[{"type":"Feature","properties":{"id":"ile-de-montreal","name":"Île de Montréal","type":"island","members":["montreal","westmount","mont-royal","cote-saint-luc","hampstead","montreal-ouest","dorval","pointe-claire","beaconsfield","kirkland","sainte-anne-de-bellevue","senneville","baie-d-urfe","dollard-des-ormeaux","montreal-est"]},"geometry":{"type":"MultiPolygon","coordinates":[[[[-73.9262628,45.4027389],[-73.9263538,45.4027016],[-73.9263026,45.4029392],[-73.9262628,45.4027389]]],[[[-73.9285549,45.4032427],[-73.9288598,45.403163],[-73.9287491,45.4032532],[-73.9285549,45.4032427]]],[[[-73.9580378,45.4049471],[-73.9568176,45.4043111],[-73.9566018,45.4044163],[-73.9572931,45.4049605],[-73.9553971,45.4040891],[-73.9517579,45.4028025],[-73.9516724,45.4027133],[-73.951772,45.402657],[-73.9555547,45.4039916],[-73.9557467,45.4038312],[-73.9559645,45.403839],[-73.9581249,45.4048862],[-73.9597155,45.4053784],[-73.9598671,45.4053594],[-73.9598704,45.4054648],[-73.9580378,45.4049471]]],[[[-73.9583479,45.4055508],[-73.958106,45.4054982],[-73.9581556,45.4054682],[-73.9583479,45.4055508]]],[[[-73.9579222,45.4061059],[-73.9578951,45.4060784],[-73.9579635,45.4060859],[-73.9579222,45.4061059]]],[[[-73.9583316,45.4064814],[-73.9583045,45.4064538],[-73.9583729,45.4064613],[-73.9583316,45.4064814]]],[[[-73.9585995,45.4067218],[-73.9585724,45.4066943],[-73.9586408,45.4067018],[-73.9585995,45.4067218]]],[[[-73.9588907,45.4069211],[-73.9588531,45.4069444],[-73.9588591,45.406896],[-73.9588907,45.4069211]]],[[[-73.9591117,45.4071583],[-73.9590801,45.4071333],[-73.9591493,45.407135],[-73.9591117,45.4071583]]],[[[-73.9575032,45.4083007],[-73.9577344,45.4083026],[-73.9576582,45.4084],[-73.9578789,45.4085591],[-73.9577055,45.4086314],[-73.9575088,45.4085346],[-73.9569046,45.4080266],[-73.9568211,45.4078619],[-73.9568825,45.4077198],[-73.95697,45.4076609],[-73.9570407,45.4079111],[-73.9575032,45.4083007]]],[[[-73.95790524365685,45.40856620542257],[-73.9583455,45.4088624],[-73.9582083,45.4089179],[-73.95790524365685,45.40856620542257]]],[[[-73.9654229,45.4122745],[-73.9653158,45.412455],[-73.9651883,45.412456],[-73.9651824,45.411861],[-73.9654229,45.4122745]]],[[[-73.9667762,45.414654],[-73.967136,45.414583],[-73.9677667,45.4142368],[-73.9679122,45.4140722],[-73.9680214,45.4136323],[-73.9683206,45.4135954],[-73.9684014,45.4135018],[-73.9682761,45.4133911],[-73.9684378,45.4133882],[-73.9686642,45.4135954],[-73.9687289,45.4138225],[-73.9685712,45.4140949],[-73.9682316,45.4143475],[-73.9673341,45.4146653],[-73.9668854,45.4147164],[-73.9667762,45.414654]]],[[[-73.968883,45.4178677],[-73.9688974,45.417754],[-73.9690872,45.4176612],[-73.9693555,45.4177016],[-73.9696047,45.4179209],[-73.9697542,45.4182162],[-73.9693555,45.4187255],[-73.9689693,45.4188769],[-73.9689731,45.4187948],[-73.9696076,45.4182041],[-73.9691083,45.4177924],[-73.968883,45.4178677]]],[[[-73.9670343,45.4186696],[-73.9669867,45.4185434],[-73.9665017,45.4180209],[-73.9670633,45.4186246],[-73.967348,45.4186687],[-73.9675156,45.4185224],[-73.9674361,45.4183791],[-73.9677133,45.4183052],[-73.968027,45.4179538],[-73.9681796,45.4180774],[-73.9682956,45.4180744],[-73.9682634,45.4178135],[-73.968378,45.4178086],[-73.9682818,45.417882],[-73.9683503,45.4180688],[-73.9676847,45.4188308],[-73.9674143,45.4189205],[-73.967208,45.4188912],[-73.9672364,45.4186926],[-73.9670343,45.4186696]]],[[[-73.96701502619764,45.418646124754815],[-73.96686020587725,45.418457555581256],[-73.9669747,45.4185462],[-73.96701502619764,45.418646124754815]]],[[[-73.8959064,45.4138889],[-73.8969952,45.4126287],[-73.897197,45.412656],[-73.8977482,45.4124898],[-73.8983944,45.4121315],[-73.898604,45.4119312],[-73.8991144,45.4118358],[-73.8994327,45.4116642],[-73.8994346,45.411547],[-73.9001139,45.4113563],[-73.900275,45.4113781],[-73.9003778,45.4112725],[-73.9010319,45.411265],[-73.9011755,45.4113794],[-73.9012783,45.411374],[-73.9012085,45.4112691],[-73.9012764,45.4112745],[-73.9014413,45.4114203],[-73.9018722,45.411468],[-73.9038245,45.4113998],[-73.905773,45.4115879],[-73.9072325,45.4112854],[-73.9074653,45.4112963],[-73.907968,45.411111],[-73.9086239,45.4109979],[-73.9095031,45.4106655],[-73.9096661,45.4104925],[-73.9104346,45.4102513],[-73.910586,45.410329],[-73.9115719,45.4099502],[-73.9115933,45.4098603],[-73.9117893,45.4098276],[-73.912616,45.4093576],[-73.9133438,45.409066],[-73.9133457,45.4089924],[-73.9143433,45.4087649],[-73.9146751,45.4085564],[-73.9150439,45.4080278],[-73.9151933,45.4079297],[-73.9158298,45.4076817],[-73.9166935,45.4074719],[-73.9167129,45.4071653],[-73.9168274,45.4074664],[-73.9174368,45.407679],[-73.9180617,45.4076613],[-73.9188884,45.4074787],[-73.9194939,45.4068056],[-73.9196142,45.4064568],[-73.9199907,45.4059377],[-73.9199092,45.4055644],[-73.919983,45.4053777],[-73.9199675,45.4048095],[-73.9201771,45.404443],[-73.920703,45.4041119],[-73.9207049,45.4039429],[-73.9208136,45.4038121],[-73.9213085,45.4035232],[-73.9224574,45.4037658],[-73.922667,45.4037085],[-73.9227291,45.4030831],[-73.9228358,45.4029782],[-73.9229911,45.4029891],[-73.9230668,45.4030858],[-73.9230513,45.4031458],[-73.9228417,45.4031185],[-73.9227524,45.4039633],[-73.9228,45.404038],[-73.9234452,45.4041142],[-73.923664,45.4032208],[-73.9233235,45.4031801],[-73.9234278,45.4030122],[-73.9238702,45.4031063],[-73.9239246,45.4033979],[-73.9240527,45.4035178],[-73.9248581,45.4035069],[-73.9252598,45.4038107],[-73.9256693,45.4038393],[-73.9264456,45.4037113],[-73.9268609,45.4031907],[-73.9273306,45.4033583],[-73.9273927,45.4032534],[-73.9271384,45.4031567],[-73.9275654,45.4031362],[-73.927643,45.4032003],[-73.927579,45.4035082],[-73.9276275,45.4035437],[-73.927841,45.4035205],[-73.9279729,45.4032902],[-73.9279671,45.4033788],[-73.928037,45.4033897],[-73.9279458,45.4035205],[-73.927971,45.4036758],[-73.9281418,45.4036758],[-73.9282602,45.4034823],[-73.9289006,45.4034101],[-73.9290248,45.4033147],[-73.9292519,45.403421],[-73.9298496,45.403496],[-73.9303193,45.4038938],[-73.9310245,45.4041448],[-73.9312041,45.4041203],[-73.9312041,45.4043934],[-73.9314185,45.4045066],[-73.9317676,45.4045428],[-73.9320103,45.4044296],[-73.9322863,45.404586],[-73.9328981,45.4046689],[-73.9330976,45.4045766],[-73.9332272,45.4046654],[-73.9336811,45.4046187],[-73.9342247,45.4043105],[-73.9345705,45.4042393],[-73.9354566,45.4044611],[-73.9367101,45.4043175],[-73.936735,45.4042207],[-73.9370399,45.4041025],[-73.9383024,45.4036918],[-73.9384415,45.4037127],[-73.9387519,45.4032862],[-73.9391286,45.4031895],[-73.9392325,45.4030435],[-73.9413654,45.402763],[-73.9417892,45.4027734],[-73.9418392,45.4026625],[-73.9423967,45.4026578],[-73.9438253,45.4022841],[-73.94642,45.4022691],[-73.9464712,45.4024793],[-73.9465853,45.4024753],[-73.9466038,45.4022538],[-73.9479146,45.4021876],[-73.9480325,45.4023365],[-73.9483838,45.4024806],[-73.9483936,45.4025566],[-73.9484714,45.4025707],[-73.9485155,45.4024506],[-73.9486232,45.4024715],[-73.9486479,45.4024011],[-73.9487374,45.4024177],[-73.948716,45.4024734],[-73.9497189,45.4026549],[-73.9497478,45.4025909],[-73.9503029,45.4027401],[-73.9503935,45.4028459],[-73.9512889,45.4029465],[-73.9546694,45.4041398],[-73.9555016,45.4043088],[-73.9567052,45.4048795],[-73.9577837,45.4058728],[-73.9575794,45.4059653],[-73.957468,45.4062234],[-73.9575418,45.4063913],[-73.9574853,45.406527],[-73.9576409,45.4065336],[-73.9576092,45.4066008],[-73.9574799,45.4065398],[-73.9573567,45.40682],[-73.9574192,45.406935],[-73.9570142,45.407411],[-73.956825,45.4078146],[-73.9568174,45.407861],[-73.956857,45.407977],[-73.9569738,45.4081293],[-73.9576291,45.4086352],[-73.9577404,45.4086501],[-73.95788829624001,45.40857687647238],[-73.958211,45.4089405],[-73.9584122,45.4088591],[-73.9587844,45.4092852],[-73.9591278,45.4094564],[-73.9593981,45.4100351],[-73.9600052,45.4103471],[-73.9604945,45.410729],[-73.9604066,45.4109049],[-73.9606272,45.4109037],[-73.9608876,45.4114533],[-73.9606388,45.4115546],[-73.9606852,45.4116081],[-73.9609207,45.4115162],[-73.9618081,45.4123568],[-73.9617252,45.4123894],[-73.9617932,45.4126782],[-73.9622576,45.4132743],[-73.9631267,45.4134956],[-73.9637006,45.4131265],[-73.9637752,45.4131754],[-73.9637271,45.4132313],[-73.9639212,45.4132778],[-73.9639776,45.4130706],[-73.9640041,45.4133256],[-73.9642728,45.4133139],[-73.9642513,45.4134874],[-73.9646045,45.413789],[-73.964379,45.4138844],[-73.9644984,45.4140556],[-73.9650573,45.4142279],[-73.9653194,45.4144876],[-73.9657324,45.414278],[-73.9655267,45.4146133],[-73.965608,45.4148147],[-73.965472,45.4152374],[-73.9653028,45.4153747],[-73.9653078,45.4155308],[-73.9651801,45.4154434],[-73.964714,45.4153899],[-73.9644171,45.415646],[-73.9642579,45.4159569],[-73.9641285,45.415986],[-73.9641152,45.4162095],[-73.9639693,45.4164494],[-73.9641949,45.4172504],[-73.9646692,45.4177708],[-73.9649761,45.4179303],[-73.965603,45.4178279],[-73.9656561,45.4178919],[-73.9658784,45.4177894],[-73.9663378,45.4178535],[-73.9665418,45.4179827],[-73.9664937,45.4180176],[-73.9670245,45.4186696],[-73.9672285,45.4186964],[-73.967187,45.4188931],[-73.9673844,45.4189397],[-73.967605,45.4188908],[-73.9678007,45.4187779],[-73.9683597,45.4180782],[-73.9683099,45.4178663],[-73.968489,45.417843],[-73.9684227,45.4182924],[-73.9686367,45.418573],[-73.9684872,45.418675],[-73.9685106,45.4187883],[-73.9687279,45.4189467],[-73.9689269,45.4189513],[-73.9690331,45.4191399],[-73.9686217,45.4193821],[-73.969257,45.4197476],[-73.9694029,45.4200038],[-73.9699633,45.4203717],[-73.970288,45.4209007],[-73.9705376,45.4210258],[-73.9708882,45.4210117],[-73.9710413,45.4211078],[-73.9711622,45.4209749],[-73.9712716,45.4211539],[-73.9713153,45.420907],[-73.9720406,45.4207684],[-73.9722743,45.4204545],[-73.9731809,45.420265],[-73.973342,45.4202622],[-73.9734025,45.4203386],[-73.9734105,45.4206242],[-73.9735435,45.4207628],[-73.9737933,45.4208137],[-73.9743695,45.4206072],[-73.9746717,45.420381],[-73.9753124,45.4202283],[-73.9753809,45.4201264],[-73.9757274,45.420265],[-73.9759853,45.4202198],[-73.9762109,45.4200727],[-73.9763318,45.4201858],[-73.9763963,45.4205196],[-73.9753446,45.4207119],[-73.9754332,45.4209212],[-73.9761894,45.4210473],[-73.9762953,45.4217561],[-73.9754747,45.4218137],[-73.9752157,45.4222475],[-73.9745589,45.4227],[-73.9737409,45.4227877],[-73.9734105,45.4225784],[-73.9731768,45.422536],[-73.9731809,45.4223041],[-73.9730578,45.4221572],[-73.9731768,45.422045],[-73.9730893,45.4219777],[-73.9711688,45.4220862],[-73.9711834,45.4217686],[-73.9713746,45.4217349],[-73.9714722,45.4215817],[-73.9719928,45.4215047],[-73.9720333,45.421396],[-73.9709349,45.4214881],[-73.9709946,45.4221108],[-73.9704691,45.4221569],[-73.9702717,45.4224936],[-73.9701823,45.4231341],[-73.9703082,45.4232291],[-73.9705596,45.4231884],[-73.9702862,45.4234815],[-73.9702661,45.4240012],[-73.9709761,45.4247652],[-73.9713728,45.4249422],[-73.972062,45.4250727],[-73.9721062,45.4251813],[-73.9722297,45.4251275],[-73.9723585,45.4251914],[-73.9723181,45.4252808],[-73.9723845,45.4253082],[-73.972612,45.4252224],[-73.9731998,45.4256267],[-73.9738695,45.425603],[-73.9740425,45.4254944],[-73.9741062,45.4253201],[-73.974218,45.4253182],[-73.9747265,45.4257061],[-73.9749241,45.4259735],[-73.9748877,45.4261004],[-73.9750828,45.4265056],[-73.9753246,45.4266014],[-73.9753272,45.4269218],[-73.9751374,45.4276154],[-73.9752687,45.4284522],[-73.9752063,45.4287005],[-73.9745756,45.4295729],[-73.9748526,45.429781],[-73.9750503,45.4297655],[-73.9748799,45.4298722],[-73.9743702,45.4297253],[-73.9741816,45.4299927],[-73.9741244,45.430543],[-73.9742518,45.4306936],[-73.9745093,45.430773],[-73.9745444,45.4309902],[-73.9742245,45.4316746],[-73.9736679,45.4325269],[-73.9734586,45.433048],[-73.973365,45.4339057],[-73.9730828,45.4351468],[-73.9726393,45.4362308],[-73.9726198,45.4366232],[-73.9725106,45.4368741],[-73.9723194,45.4368933],[-73.97201,45.4366633],[-73.9721569,45.4364845],[-73.9720061,45.436417],[-73.97185,45.4365967],[-73.9717421,45.4365511],[-73.9714989,45.4368823],[-73.9714261,45.4368695],[-73.9715649,45.4366979],[-73.9714521,45.4366515],[-73.9711517,45.4370146],[-73.9706419,45.4381507],[-73.9703624,45.4384025],[-73.9694781,45.4387912],[-73.9693936,45.438929],[-73.9690763,45.4388195],[-73.9686992,45.4388396],[-73.9685067,45.4386863],[-73.9682167,45.4385987],[-73.9679358,45.4386114],[-73.9676159,45.4388615],[-73.9673286,45.4392803],[-73.9672076,45.4397365],[-73.9673116,45.4399044],[-73.9675262,45.439981],[-73.9675561,45.4402693],[-73.9682141,45.4417867],[-73.9681751,45.4420887],[-73.9679917,45.4422994],[-73.967612,45.4424691],[-73.9675938,45.4425513],[-73.9672102,45.442595],[-73.9671374,45.4426772],[-73.9670737,45.4424427],[-73.9671582,45.4421115],[-73.9665834,45.4418688],[-73.9663155,45.441419],[-73.9659709,45.4413606],[-73.9645951,45.4421252],[-73.9641621,45.4419117],[-73.9640906,45.4416973],[-73.9637252,45.4416133],[-73.9634612,45.4417721],[-73.9632427,45.4420832],[-73.9629553,45.4421744],[-73.9627655,45.4423961],[-73.9620529,45.4425476],[-73.9623038,45.4428624],[-73.9618994,45.4425896],[-73.961772,45.442648],[-73.9617629,45.4428149],[-73.9616836,45.4426571],[-73.9614031,45.44254],[-73.9609417,45.4427881],[-73.9610193,45.4429364],[-73.9609675,45.4429898],[-73.9607778,45.4429213],[-73.9602142,45.443126],[-73.9598419,45.4431452],[-73.9599368,45.4430947],[-73.9598965,45.4430151],[-73.9593709,45.4429914],[-73.9589042,45.4431543],[-73.9585593,45.4431731],[-73.9581484,45.443374],[-73.9579467,45.4437404],[-73.9578345,45.4441607],[-73.9578696,45.4445084],[-73.957979,45.4446817],[-73.9585528,45.4450199],[-73.9588607,45.444964],[-73.9592009,45.4451383],[-73.960273,45.4453591],[-73.9607011,45.4457749],[-73.9606335,45.4460102],[-73.9604486,45.4461063],[-73.9598872,45.4461652],[-73.9588056,45.4460486],[-73.957805,45.4464024],[-73.9569392,45.4464878],[-73.9565803,45.4463797],[-73.9556503,45.445501],[-73.9552589,45.4453005],[-73.9539941,45.4453999],[-73.952698,45.4453016],[-73.9516752,45.4455518],[-73.951495,45.4456988],[-73.9514287,45.4459539],[-73.9516306,45.4461311],[-73.952142,45.4462846],[-73.9521682,45.4464478],[-73.9512516,45.4463213],[-73.9511946,45.4464262],[-73.9511792,45.4464899],[-73.9511853,45.4465191],[-73.9516213,45.4467969],[-73.95139446666171,45.44675701311883],[-73.9513132,45.4467342],[-73.9510821,45.446691],[-73.9510128,45.4466899],[-73.9504621,45.4468306],[-73.950433,45.4468578],[-73.9503489,45.4469661],[-73.9503024,45.4468908],[-73.9502687,45.4468575],[-73.9501509,45.4468542],[-73.9497578,45.4471203],[-73.9496991,45.4472708],[-73.9496837,45.4475586],[-73.949709,45.4476138],[-73.9498692,45.4477912],[-73.950094,45.4479982],[-73.9509118,45.4481244],[-73.95119,45.4482565],[-73.9518645,45.4484044],[-73.9519207,45.4485384],[-73.9518617,45.4486784],[-73.9514992,45.4490609],[-73.9510973,45.4492009],[-73.9507516,45.4491969],[-73.9505802,45.4490274],[-73.9504566,45.4491023],[-73.9504537,45.4489939],[-73.9503694,45.4490116],[-73.950316,45.4492324],[-73.9502626,45.4491102],[-73.9501643,45.4491003],[-73.9500294,45.4493527],[-73.9492341,45.4499757],[-73.9481184,45.4505376],[-73.9480369,45.45051],[-73.9480566,45.4502695],[-73.9472416,45.4502103],[-73.9468818,45.4499146],[-73.9466936,45.4498554],[-73.9464041,45.4498318],[-73.9462776,45.4500802],[-73.9462692,45.4497845],[-73.9460978,45.4496977],[-73.9458673,45.4500388],[-73.9459179,45.4497588],[-73.9456762,45.4496011],[-73.9452181,45.4495696],[-73.9451142,45.4498909],[-73.9447179,45.449958],[-73.9446167,45.4499047],[-73.9446561,45.449745],[-73.9441924,45.4497233],[-73.9437933,45.4494887],[-73.9438383,45.4493842],[-73.9437765,45.4492521],[-73.9433099,45.4489761],[-73.9421268,45.4488539],[-73.9413708,45.4486528],[-73.9406458,45.4489367],[-73.9401905,45.4488716],[-73.9398027,45.4490432],[-73.939443,45.4494414],[-73.9390383,45.4495518],[-73.9380125,45.4506046],[-73.9379395,45.4506007],[-73.9379423,45.4504883],[-73.9375475,45.4502528],[-73.9370233,45.4501559],[-73.9370012,45.4502344],[-73.9376331,45.4504311],[-73.9377427,45.450581],[-73.937591,45.450717],[-73.9374814,45.4510245],[-73.9374926,45.4513597],[-73.9372523,45.4515491],[-73.9374252,45.4517461],[-73.9373086,45.4517483],[-73.9370188,45.4519829],[-73.9367627,45.4519318],[-73.9362403,45.4524587],[-73.9360994,45.4530854],[-73.9362698,45.4534775],[-73.9368158,45.4535254],[-73.9371196,45.4534267],[-73.937198,45.4534965],[-73.9378628,45.4535322],[-73.9380681,45.4536445],[-73.9382884,45.4535725],[-73.9387883,45.4538013],[-73.9388739,45.4539428],[-73.9385348,45.454143],[-73.9386895,45.4546413],[-73.9387966,45.4547527],[-73.9392919,45.454938],[-73.9404455,45.4560428],[-73.9406373,45.4560576],[-73.9410301,45.4558503],[-73.9413079,45.4558274],[-73.942587,45.4561115],[-73.9433863,45.4560537],[-73.9439643,45.4565207],[-73.9445852,45.4572442],[-73.944742,45.4576071],[-73.9446764,45.4578093],[-73.9449629,45.4580962],[-73.9453435,45.4580365],[-73.9455075,45.4574574],[-73.9456039,45.4573984],[-73.9462523,45.4573466],[-73.9467714,45.4574468],[-73.9470677,45.4576303],[-73.9474111,45.4580178],[-73.9476531,45.4585028],[-73.9477375,45.4589136],[-73.947615,45.4594548],[-73.9474509,45.459534],[-73.9474355,45.4596839],[-73.9473414,45.4597606],[-73.9471653,45.4597379],[-73.9470166,45.4595688],[-73.9473278,45.4592977],[-73.9473967,45.4590789],[-73.9465214,45.4591915],[-73.9465393,45.4589424],[-73.9463101,45.4588395],[-73.946027,45.4588847],[-73.9454322,45.459491],[-73.9447686,45.4597579],[-73.9445873,45.4597453],[-73.9445304,45.4596192],[-73.9442952,45.4594615],[-73.9438367,45.45945],[-73.9432749,45.4597305],[-73.9431401,45.4601151],[-73.942451,45.4608654],[-73.9421667,45.4610573],[-73.9421184,45.4614885],[-73.9421978,45.4617869],[-73.9423641,45.4621053],[-73.9426173,45.4623659],[-73.9430352,45.4623617],[-73.9433558,45.4625729],[-73.9435446,45.4626054],[-73.944012,45.462596],[-73.9442667,45.4624016],[-73.9446772,45.4622829],[-73.9454172,45.4622146],[-73.9457528,45.4623301],[-73.9459656,45.4625666],[-73.945973,45.462699],[-73.9454307,45.4632727],[-73.9453708,45.4634902],[-73.945618,45.4640365],[-73.9456569,45.4645367],[-73.9455131,45.4646722],[-73.9448809,45.4647247],[-73.9445573,45.4646092],[-73.9446982,45.4643328],[-73.9446547,45.4642488],[-73.944385,45.4641479],[-73.94403,45.4641395],[-73.9438427,45.4642582],[-73.9435221,45.4642624],[-73.9433648,45.4643391],[-73.9433903,45.4644358],[-73.943203,45.4644136],[-73.9430622,45.4644883],[-73.9427157,45.464857],[-73.9427132,45.4650893],[-73.9423207,45.4656651],[-73.9421559,45.4660644],[-73.9423326,45.4661305],[-73.9422442,45.4662724],[-73.9419551,45.466306],[-73.9416061,45.4660349],[-73.9413679,45.4660024],[-73.9405364,45.4664941],[-73.940433,45.4664237],[-73.9395432,45.4665203],[-73.9395342,45.4666107],[-73.9397169,45.4666821],[-73.9402907,45.4676635],[-73.9401229,45.4678862],[-73.9395102,45.4680427],[-73.9395596,45.4682728],[-73.9394817,45.4685849],[-73.939687,45.4687172],[-73.9403102,45.4685922],[-73.9405263,45.4686222],[-73.9401938,45.4690531],[-73.9396675,45.4700925],[-73.939357,45.4702021],[-73.9387734,45.470738],[-73.9383087,45.4714716],[-73.9377868,45.4716677],[-73.9373552,45.4716909],[-73.9365866,45.4721866],[-73.9362518,45.4720769],[-73.9359766,45.4721032],[-73.9357035,45.4722839],[-73.9351595,45.4729526],[-73.9344681,45.4732861],[-73.93425,45.4732491],[-73.9342765,45.4730251],[-73.9341774,45.4729309],[-73.9329089,45.4725742],[-73.9315986,45.4730282],[-73.9315545,45.4731518],[-73.931647,45.4733062],[-73.9315127,45.473422],[-73.9306648,45.4733741],[-73.9297487,45.4737741],[-73.929196,45.4738328],[-73.9287621,45.4737679],[-73.928423,45.4739054],[-73.9283415,45.4738714],[-73.9283371,45.4737556],[-73.9279363,45.473666],[-73.9274584,45.4737648],[-73.9272426,45.4739563],[-73.9268969,45.4740814],[-73.9259565,45.474205],[-73.9257847,45.4741092],[-73.9257319,45.4735687],[-73.9248092,45.4721125],[-73.9245493,45.472114],[-73.9245669,45.471958],[-73.9236222,45.4714206],[-73.9234306,45.4712214],[-73.923261,45.4713295],[-73.9230408,45.4710963],[-73.9229285,45.4710762],[-73.9229329,45.4709866],[-73.9225585,45.4708106],[-73.9223246,45.4705716],[-73.9223141,45.4703148],[-73.9228536,45.469779],[-73.922902,45.4695427],[-73.9228382,45.469362],[-73.9225541,45.4691566],[-73.9223999,45.4688168],[-73.9219331,45.4687828],[-73.9215036,45.4689604],[-73.9213032,45.4689172],[-73.9212041,45.4688122],[-73.9211535,45.4683241],[-73.9216424,45.4673357],[-73.9215895,45.4667828],[-73.9207483,45.4657696],[-73.920462,45.464951],[-73.9194424,45.4633988],[-73.9190548,45.4629709],[-73.9186276,45.4629323],[-73.9180748,45.4623052],[-73.9178215,45.4622017],[-73.9171471,45.4622665],[-73.9170834,45.4621791],[-73.9164145,45.4619526],[-73.9159296,45.4619757],[-73.9156724,45.4619043],[-73.9154761,45.4620098],[-73.9146835,45.4618144],[-73.9144657,45.4616924],[-73.9145085,45.4616603],[-73.9143226,45.4613861],[-73.9140042,45.46113],[-73.9132635,45.4606594],[-73.9129706,45.460597],[-73.912737,45.4603938],[-73.9123922,45.4603066],[-73.9110882,45.4605902],[-73.9109385,45.460756],[-73.9106241,45.4608397],[-73.910244,45.4617223],[-73.9100359,45.4617937],[-73.9089533,45.461747],[-73.9081853,45.4619827],[-73.9078877,45.4621824],[-73.9078848,45.4621067],[-73.908195,45.4618538],[-73.9078616,45.4612013],[-73.9070189,45.4608318],[-73.9054035,45.4609712],[-73.9051574,45.4606303],[-73.9042883,45.4606915],[-73.9040066,45.4606139],[-73.9035227,45.4607591],[-73.9021548,45.4617305],[-73.9023358,45.4624492],[-73.9020449,45.4627443],[-73.9016919,45.4629212],[-73.9006895,45.4623831],[-73.9003351,45.4624302],[-73.8996297,45.462859],[-73.8986908,45.4641292],[-73.8982097,45.4646007],[-73.897797,45.4654079],[-73.8975832,45.4655998],[-73.8963729,45.4658407],[-73.8964954,45.4661892],[-73.8964543,45.466273],[-73.8958504,45.4664453],[-73.8957105,45.4662849],[-73.8950411,45.4664928],[-73.8946713,45.466438],[-73.8944423,45.4664863],[-73.8941038,45.4667564],[-73.8935964,45.4669674],[-73.8931175,45.4667482],[-73.8922772,45.4665361],[-73.8919013,45.4665321],[-73.8917682,45.4666],[-73.8914166,45.4673107],[-73.8913452,45.4675653],[-73.8913815,45.4680897],[-73.891241,45.4681587],[-73.8908954,45.4680948],[-73.8900636,45.4685689],[-73.8894938,45.4686486],[-73.8886669,45.4685912],[-73.8880385,45.4687601],[-73.8877308,45.4686181],[-73.8875001,45.4688191],[-73.8875357,45.4690214],[-73.8862087,45.4696195],[-73.8854119,45.4701738],[-73.8852915,45.470159],[-73.8850894,45.4698917],[-73.8848722,45.4697641],[-73.8846574,45.4697401],[-73.8831294,45.4712658],[-73.8831775,45.4714358],[-73.8828898,45.4718361],[-73.8825338,45.4716812],[-73.8816977,45.4721909],[-73.8812476,45.4721848],[-73.8806461,45.4718517],[-73.8799163,45.471965],[-73.8793519,45.4722513],[-73.8789556,45.4722405],[-73.878669,45.4723215],[-73.8787149,45.4723855],[-73.8780634,45.4727165],[-73.8775953,45.4727558],[-73.8770716,45.4731574],[-73.877079,45.4733767],[-73.8772256,45.4737029],[-73.8771767,45.4740055],[-73.8768926,45.4741377],[-73.8762983,45.4741811],[-73.876109,45.4743226],[-73.8760714,45.4749776],[-73.8761863,45.4752739],[-73.8761389,45.4755393],[-73.8755626,45.4762527],[-73.8754587,45.4765462],[-73.8754944,45.4770987],[-73.875287,45.4773859],[-73.8751272,45.4779565],[-73.8744448,45.4793754],[-73.8736229,45.4802636],[-73.8716478,45.4814284],[-73.8713664,45.4814573],[-73.8710454,45.481307],[-73.8706987,45.4813073],[-73.8706531,45.4814275],[-73.8707946,45.4817251],[-73.8709149,45.4823698],[-73.870698,45.4830987],[-73.8705574,45.4833076],[-73.8695785,45.4840264],[-73.8699029,45.4844521],[-73.8699923,45.4851395],[-73.86948,45.485559],[-73.8692261,45.4854786],[-73.869137,45.485307],[-73.8693799,45.4847846],[-73.869566,45.4845954],[-73.8695718,45.4844366],[-73.8694664,45.4843154],[-73.8693763,45.4843279],[-73.8688471,45.4849741],[-73.8688249,45.4851281],[-73.8690347,45.4854884],[-73.86906,45.4857915],[-73.8684845,45.4863113],[-73.8672249,45.4868682],[-73.8664023,45.4875125],[-73.8660251,45.4876835],[-73.8657425,45.4876617],[-73.8648068,45.4873409],[-73.8641881,45.4874064],[-73.8634425,45.4878324],[-73.8626031,45.4878655],[-73.862119,45.4882544],[-73.8611498,45.4885723],[-73.8605714,45.48861],[-73.8597848,45.488893],[-73.8592547,45.4889558],[-73.8579125,45.4898622],[-73.8576057,45.4901807],[-73.8571498,45.4911269],[-73.8564318,45.4916934],[-73.8546938,45.49355],[-73.8544611,45.4939155],[-73.8542849,45.4944916],[-73.8534898,45.4954051],[-73.8532811,45.4960202],[-73.8534731,45.4964982],[-73.8538545,45.4971066],[-73.8545941,45.4977457],[-73.8547752,45.4986805],[-73.8548853,45.4987823],[-73.8549686,45.4990744],[-73.8557399,45.4997306],[-73.8566883,45.4997545],[-73.8581779,45.4995722],[-73.858751,45.5000004],[-73.8587742,45.5002046],[-73.859157,45.5007289],[-73.8592041,45.5010404],[-73.8591284,45.5013034],[-73.8581118,45.5020975],[-73.8582083,45.5023085],[-73.858222,45.502715],[-73.8577924,45.5031828],[-73.8571311,45.5042038],[-73.8571538,45.5048095],[-73.8572679,45.5051748],[-73.8570511,45.5055348],[-73.8566236,45.5058624],[-73.8563306,45.5065134],[-73.8558643,45.5070285],[-73.8556927,45.5075683],[-73.8554986,45.5077462],[-73.8546416,45.5079977],[-73.8544681,45.5081338],[-73.8541949,45.5088082],[-73.8537319,45.5090898],[-73.8522174,45.5103539],[-73.8520218,45.510372],[-73.851796,45.5105329],[-73.8511401,45.5111896],[-73.8500461,45.511543],[-73.8488677,45.512204],[-73.8487639,45.5124696],[-73.8488747,45.512769],[-73.8488654,45.513132],[-73.8486722,45.5137697],[-73.8480515,45.514463],[-73.8471422,45.5157709],[-73.8466128,45.5162239],[-73.8459149,45.5165395],[-73.8456154,45.5165163],[-73.8415361,45.5171376],[-73.8409952,45.5170074],[-73.8405562,45.5170717],[-73.8394602,45.5169054],[-73.838093,45.5168652],[-73.8358416,45.5165058],[-73.8328517,45.5164887],[-73.8321603,45.5163556],[-73.8316096,45.5165655],[-73.8315194,45.5167218],[-73.8306185,45.5169531],[-73.8301355,45.5169858],[-73.8290415,45.5168311],[-73.8283699,45.5166692],[-73.8276176,45.5163269],[-73.8268726,45.51578],[-73.8249467,45.5155182],[-73.8247096,45.5151323],[-73.8238427,45.5144807],[-73.8228448,45.5140411],[-73.8215968,45.5137846],[-73.8215629,45.5136638],[-73.8217846,45.5135113],[-73.8218143,45.5133966],[-73.8212638,45.5129157],[-73.8203989,45.5126397],[-73.8193105,45.5126283],[-73.8188888,45.5126937],[-73.8181041,45.5130197],[-73.8173611,45.5140959],[-73.8168341,45.5143805],[-73.8167889,45.5149605],[-73.8162528,45.5153179],[-73.8158152,45.5155022],[-73.814884,45.5156322],[-73.8143341,45.5154647],[-73.8138809,45.5154309],[-73.812954,45.5155745],[-73.8118394,45.5158839],[-73.8111086,45.5159751],[-73.810176,45.5162841],[-73.8093089,45.5163163],[-73.8084395,45.5162285],[-73.8066177,45.5156193],[-73.8064778,45.5155181],[-73.8061681,45.5149933],[-73.8057289,45.514791],[-73.804465,45.5147794],[-73.8040539,45.5148738],[-73.8040554,45.5149633],[-73.8028304,45.5150171],[-73.8024586,45.5149262],[-73.8019928,45.5150015],[-73.8010681,45.5149426],[-73.8001718,45.5147861],[-73.8000678,45.5146346],[-73.8000806,45.5143294],[-73.7995549,45.5133718],[-73.7996273,45.5133669],[-73.7995454,45.5129986],[-73.799601,45.5126077],[-73.799361,45.5117246],[-73.7994238,45.5117184],[-73.7994192,45.5115741],[-73.7992363,45.511238],[-73.7992771,45.5109238],[-73.799143,45.5104864],[-73.799001,45.5103715],[-73.7978994,45.5101296],[-73.7972556,45.5095133],[-73.7967889,45.5093378],[-73.7939539,45.5093264],[-73.7906879,45.5088827],[-73.789507,45.5091274],[-73.7878982,45.5092397],[-73.7869129,45.509477],[-73.7862103,45.5094813],[-73.7849617,45.5092291],[-73.7846079,45.5093587],[-73.7844351,45.509328],[-73.7841475,45.5095226],[-73.7833618,45.5095871],[-73.7823251,45.5094823],[-73.781464,45.5090996],[-73.7799885,45.5088914],[-73.7789513,45.5086333],[-73.7776818,45.5086199],[-73.7762389,45.5084489],[-73.7749319,45.5084989],[-73.7725872,45.5088042],[-73.7720529,45.5088053],[-73.7699555,45.5095137],[-73.7689428,45.5095107],[-73.7684043,45.5093196],[-73.768114,45.5093243],[-73.7663549,45.5096013],[-73.7648447,45.509703],[-73.7628749,45.5100349],[-73.7611313,45.5104675],[-73.7604146,45.5107545],[-73.7599731,45.5111565],[-73.7595615,45.5112004],[-73.7591752,45.5117543],[-73.7590075,45.5117697],[-73.7571895,45.5126451],[-73.7560572,45.5126639],[-73.7553259,45.5125231],[-73.7552589,45.5123052],[-73.7549997,45.5120212],[-73.755308,45.5117211],[-73.7560585,45.5117349],[-73.7564383,45.5116085],[-73.7569429,45.5115875],[-73.7570137,45.5111546],[-73.7571051,45.5110718],[-73.757634,45.5109562],[-73.7582579,45.5106886],[-73.7583548,45.5104966],[-73.7580122,45.5101834],[-73.7584238,45.5102122],[-73.7584926,45.5098029],[-73.7592762,45.5095868],[-73.7592822,45.5093522],[-73.7589557,45.5094677],[-73.7585772,45.5094504],[-73.7579826,45.5097088],[-73.7575207,45.5100704],[-73.7572682,45.5100232],[-73.7568177,45.5101713],[-73.7568672,45.5103112],[-73.7574445,45.5103549],[-73.7576133,45.5105383],[-73.7575669,45.5106864],[-73.7568048,45.5107163],[-73.7566745,45.5108722],[-73.7561988,45.5109438],[-73.7560855,45.5112733],[-73.754444,45.5118763],[-73.7529377,45.5122782],[-73.7529163,45.512592],[-73.7525421,45.5127822],[-73.7520399,45.5127722],[-73.7509451,45.5135842],[-73.7507695,45.514048],[-73.7506581,45.5151657],[-73.7503366,45.5157628],[-73.7485532,45.5174014],[-73.7481249,45.5175912],[-73.7470569,45.5176744],[-73.7470354,45.5173125],[-73.7469063,45.5171684],[-73.7465806,45.5173268],[-73.7451277,45.51859],[-73.7445645,45.5188021],[-73.7441841,45.5191128],[-73.7429488,45.5201813],[-73.7426148,45.5208036],[-73.7425645,45.5213919],[-73.7422721,45.5216865],[-73.7418217,45.5225713],[-73.74173,45.5232434],[-73.7404956,45.5235802],[-73.7401539,45.5238184],[-73.7398804,45.5252037],[-73.7394182,45.5256258],[-73.7386411,45.5260367],[-73.7383179,45.5260423],[-73.737662,45.5256945],[-73.7373434,45.5256636],[-73.7349878,45.5271763],[-73.7337967,45.528711],[-73.7329347,45.5294652],[-73.7325018,45.52967],[-73.7322238,45.5295657],[-73.7314111,45.5295083],[-73.7287269,45.5305891],[-73.7282734,45.5309663],[-73.7285252,45.5311592],[-73.7284839,45.5314588],[-73.7280475,45.5316818],[-73.7276793,45.5320216],[-73.7267923,45.5321703],[-73.7263544,45.5327408],[-73.7262444,45.5335305],[-73.7261388,45.5336361],[-73.7230381,45.5358822],[-73.7213392,45.5366147],[-73.7202177,45.5369671],[-73.7172067,45.537288],[-73.7164391,45.5372078],[-73.7163144,45.5369975],[-73.7164797,45.536544],[-73.7161986,45.5360026],[-73.7161809,45.5358136],[-73.7166594,45.5356133],[-73.7169337,45.5353697],[-73.7168289,45.5352747],[-73.7166204,45.5352493],[-73.716248,45.5349667],[-73.7159633,45.5349683],[-73.7158942,45.5351028],[-73.7159484,45.5352112],[-73.7160951,45.5352798],[-73.7162705,45.5355718],[-73.7159691,45.5358568],[-73.7158987,45.5368127],[-73.715793,45.5369748],[-73.7151548,45.5374009],[-73.7145228,45.5374905],[-73.7135878,45.5377876],[-73.713464,45.5380108],[-73.7123439,45.5383847],[-73.7112937,45.5390697],[-73.7106859,45.5395873],[-73.7102657,45.5401214],[-73.7092635,45.5409923],[-73.7090817,45.5413327],[-73.7086346,45.5417772],[-73.7079678,45.5422338],[-73.7078014,45.542165],[-73.7076968,45.5422145],[-73.7078465,45.5423168],[-73.7076191,45.5425334],[-73.7071123,45.5436111],[-73.7066455,45.5438255],[-73.7060424,45.5438565],[-73.705618,45.544147],[-73.7050787,45.5440115],[-73.7044957,45.5441644],[-73.7040857,45.544327],[-73.703416,45.544821],[-73.7031663,45.5448221],[-73.7026034,45.5446541],[-73.7023699,45.5448769],[-73.7026877,45.545044],[-73.7027,45.5452107],[-73.7024738,45.5454138],[-73.7023056,45.5457428],[-73.7019969,45.5459292],[-73.701204,45.5459693],[-73.7009916,45.5461246],[-73.7011301,45.5461895],[-73.7010468,45.5462985],[-73.7006801,45.5465818],[-73.7004457,45.5465833],[-73.7001424,45.5464598],[-73.6997677,45.5464614],[-73.6981211,45.5469691],[-73.697383,45.546921],[-73.6946922,45.5474183],[-73.6940189,45.5473437],[-73.6933358,45.547378],[-73.6929282,45.5472331],[-73.6923626,45.5471842],[-73.6919599,45.5472803],[-73.6913576,45.5472914],[-73.6891259,45.5476986],[-73.688744,45.5476309],[-73.6874309,45.5488284],[-73.686532,45.5491698],[-73.6859117,45.5492974],[-73.6850738,45.5492896],[-73.6840801,45.548868],[-73.6836465,45.5487995],[-73.6799395,45.5494039],[-73.6798483,45.5493722],[-73.6799434,45.5489917],[-73.6791429,45.5486925],[-73.6790957,45.5488687],[-73.6792373,45.5493916],[-73.6792053,45.5500222],[-73.6773409,45.5516672],[-73.676415,45.5528563],[-73.67537,45.5537816],[-73.6742807,45.5551206],[-73.673881,45.5559411],[-73.6737293,45.5559521],[-73.6738756,45.5560287],[-73.6738546,45.5566959],[-73.6736545,45.5576475],[-73.6731185,45.5586878],[-73.6721872,45.5598131],[-73.6717184,45.5602857],[-73.6707498,45.5609919],[-73.6706774,45.5611695],[-73.6701515,45.5615884],[-73.6674959,45.5634216],[-73.6671898,45.5634477],[-73.6667957,45.5636661],[-73.6655562,45.5637646],[-73.6651084,45.5639426],[-73.6643297,45.5643487],[-73.6639309,45.5647367],[-73.6634754,45.5653627],[-73.6632003,45.5664567],[-73.6633704,45.5669345],[-73.663456,45.5669428],[-73.6636133,45.567241],[-73.6637795,45.5679056],[-73.6637051,45.5680167],[-73.6634397,45.5680742],[-73.6630399,45.5683555],[-73.6628269,45.5685473],[-73.6626258,45.5688942],[-73.6625348,45.5692077],[-73.6626619,45.5694416],[-73.6625464,45.5700121],[-73.6624507,45.5700689],[-73.6624838,45.5704638],[-73.6650159,45.5729836],[-73.6654251,45.5733159],[-73.6656604,45.5733963],[-73.6658554,45.5736223],[-73.6659583,45.5740901],[-73.6657625,45.5744124],[-73.6645263,45.5758494],[-73.6640471,45.5766761],[-73.663663,45.5770712],[-73.6632208,45.5772763],[-73.6621211,45.578107],[-73.6620587,45.5785416],[-73.6617036,45.5787307],[-73.6614089,45.5790851],[-73.6614478,45.5792292],[-73.6611709,45.57996],[-73.6610026,45.5800444],[-73.6605225,45.5805865],[-73.6595361,45.5810056],[-73.6594771,45.5809061],[-73.6590309,45.5810091],[-73.6579194,45.5817126],[-73.6573521,45.5821827],[-73.6572599,45.582181],[-73.6572287,45.5820719],[-73.6571238,45.5821001],[-73.6569853,45.5823272],[-73.6570098,45.5824086],[-73.6567466,45.5824746],[-73.6569276,45.582117],[-73.6570202,45.5820813],[-73.6568854,45.5820597],[-73.656868,45.5819682],[-73.6569504,45.5818917],[-73.6571436,45.5818931],[-73.6576532,45.5812417],[-73.6583452,45.581091],[-73.6597185,45.5804453],[-73.6606063,45.5793038],[-73.6607029,45.5791039],[-73.6605681,45.5788434],[-73.6613902,45.5779301],[-73.6614089,45.5776926],[-73.6616269,45.577258],[-73.6614009,45.5770848],[-73.6616215,45.576232],[-73.661702,45.5762099],[-73.6617657,45.57565],[-73.6618904,45.5753627],[-73.6617862,45.5753399],[-73.6617293,45.5754739],[-73.661594,45.5754481],[-73.6617594,45.5750664],[-73.6613598,45.5749923],[-73.661191,45.5752181],[-73.6610945,45.5757129],[-73.6606948,45.5763005],[-73.6606854,45.5766431],[-73.6608644,45.5771836],[-73.66085,45.5773838],[-73.6605111,45.5777461],[-73.6601731,45.5779432],[-73.6601557,45.5782483],[-73.6598821,45.5787618],[-73.6594462,45.5788462],[-73.6594529,45.5789936],[-73.6592303,45.5792977],[-73.6587462,45.5795333],[-73.6586255,45.5797361],[-73.6584304,45.5797413],[-73.6582842,45.5800322],[-73.6570249,45.5809845],[-73.655608,45.5815186],[-73.655317,45.5818875],[-73.6546625,45.5831621],[-73.6542407,45.5837605],[-73.6541395,45.5843541],[-73.6536728,45.5852955],[-73.653658,45.585533],[-73.6534535,45.5858],[-73.653481,45.5861149],[-73.6533891,45.586273],[-73.6531162,45.5863472],[-73.6531008,45.5868521],[-73.6529312,45.5869854],[-73.6527545,45.5873459],[-73.6526133,45.5879187],[-73.652447,45.5887634],[-73.6524718,45.5896494],[-73.6522056,45.5902899],[-73.6506468,45.5917752],[-73.6501231,45.5923983],[-73.6497387,45.5929865],[-73.649537,45.5935509],[-73.6490732,45.5943765],[-73.6486134,45.594602],[-73.648192,45.5950999],[-73.6478173,45.5952617],[-73.6465479,45.5964159],[-73.6460702,45.596731],[-73.6455952,45.5973097],[-73.6455154,45.5973089],[-73.6454909,45.597735],[-73.6448888,45.598677],[-73.6444989,45.5995959],[-73.6438715,45.6004212],[-73.643417,45.6007523],[-73.6435272,45.601443],[-73.6432848,45.6019412],[-73.6431834,45.6024221],[-73.642482,45.6038422],[-73.6418686,45.6048596],[-73.6415649,45.6060626],[-73.6413467,45.6065821],[-73.641007,45.6071846],[-73.6407664,45.6074263],[-73.6402775,45.60849],[-73.6399103,45.609067],[-73.6393072,45.6098492],[-73.6390366,45.6099895],[-73.6373125,45.6124603],[-73.6356846,45.616298],[-73.6338742,45.6188605],[-73.6338222,45.6192611],[-73.6305119,45.6222546],[-73.6289121,45.6234784],[-73.6270027,45.624786],[-73.624558,45.6266577],[-73.6235716,45.6272374],[-73.6223634,45.6282148],[-73.6214018,45.6290971],[-73.620237,45.6303336],[-73.6201716,45.6305994],[-73.620053,45.6307301],[-73.6194023,45.6310685],[-73.6191228,45.6314416],[-73.6178595,45.6318271],[-73.6164221,45.631798],[-73.6151916,45.6324657],[-73.6146253,45.6326746],[-73.6143532,45.6329359],[-73.613868,45.6330424],[-73.612602,45.6337514],[-73.6117955,45.6340798],[-73.6108562,45.634836],[-73.610885,45.6349934],[-73.6111082,45.6352172],[-73.6110367,45.6353876],[-73.6108649,45.6353831],[-73.6105205,45.6352141],[-73.6098578,45.6355495],[-73.6091326,45.6361985],[-73.6074213,45.6373479],[-73.6063057,45.63792],[-73.6030719,45.6401618],[-73.602057,45.6406928],[-73.6002906,45.6421669],[-73.5993546,45.6431307],[-73.5991619,45.6435439],[-73.5954505,45.6460162],[-73.5954243,45.6463104],[-73.5951791,45.6465604],[-73.594377,45.6466643],[-73.5940649,45.6468602],[-73.5926488,45.6480069],[-73.5922114,45.648454],[-73.5917584,45.6485026],[-73.5900569,45.6498987],[-73.5896111,45.6501746],[-73.5893974,45.6504417],[-73.5888454,45.6506351],[-73.5874624,45.6515268],[-73.5843861,45.6530459],[-73.5822795,45.6546195],[-73.5820905,45.6549163],[-73.5811969,45.6553575],[-73.5804008,45.6555261],[-73.5797316,45.6559539],[-73.5788563,45.6561681],[-73.577229,45.6570296],[-73.576909,45.6573661],[-73.5764314,45.6574583],[-73.5761034,45.657662],[-73.5759448,45.6579282],[-73.5757014,45.6581084],[-73.5743011,45.658831],[-73.5740401,45.6590583],[-73.5735051,45.6596919],[-73.5733433,45.6602915],[-73.5731462,45.6605376],[-73.5725364,45.6607108],[-73.5708853,45.6609515],[-73.5680047,45.661095],[-73.5674846,45.6612659],[-73.5672064,45.6611542],[-73.56692,45.6611997],[-73.5662048,45.6615259],[-73.5660202,45.6617503],[-73.5656941,45.6619452],[-73.5642037,45.6625374],[-73.5636483,45.6628219],[-73.5629818,45.6632973],[-73.5609932,45.6642423],[-73.5601058,45.6648532],[-73.5593315,45.6652654],[-73.5587241,45.6655547],[-73.558268,45.6655761],[-73.5578643,45.6657366],[-73.5572854,45.6661443],[-73.5563213,45.6666562],[-73.5553777,45.6672981],[-73.5544632,45.6681799],[-73.553611,45.6688124],[-73.5523652,45.6699745],[-73.5513881,45.6704474],[-73.5504967,45.670738],[-73.5481641,45.6706783],[-73.5465862,45.6708572],[-73.5454063,45.671098],[-73.5386208,45.6751428],[-73.5383257,45.6752417],[-73.5379766,45.6755539],[-73.5363069,45.6764996],[-73.5359538,45.6769154],[-73.5357086,45.6773658],[-73.5351458,45.6779748],[-73.5339898,45.6799137],[-73.5333107,45.6807794],[-73.5319836,45.6820613],[-73.5304987,45.6833356],[-73.5298667,45.6837499],[-73.5294904,45.6839022],[-73.5290757,45.6842907],[-73.5284259,45.6846853],[-73.5275024,45.6858907],[-73.5273177,45.6864167],[-73.5271434,45.6866252],[-73.5270396,45.6872713],[-73.5268631,45.6875238],[-73.5252689,45.6893984],[-73.5228948,45.691959],[-73.5227186,45.69226],[-73.5226436,45.6926946],[-73.522043,45.6938724],[-73.5217934,45.6939879],[-73.5209055,45.6947571],[-73.5198658,45.6954427],[-73.5176755,45.6965818],[-73.5160817,45.6970945],[-73.5147623,45.6973507],[-73.5127269,45.698055],[-73.5097134,45.698857],[-73.5091138,45.6992228],[-73.5084448,45.6991567],[-73.5076149,45.6992801],[-73.5063101,45.6996096],[-73.5048917,45.6997429],[-73.5035079,45.6996812],[-73.502749,45.6995468],[-73.5015752,45.6991975],[-73.5012759,45.6988878],[-73.5009939,45.6979249],[-73.5008228,45.6977041],[-73.5006372,45.6975926],[-73.4997529,45.6975629],[-73.4993194,45.6974373],[-73.4992658,45.69733],[-73.500132,45.6971014],[-73.4998363,45.6970756],[-73.4989672,45.6972565],[-73.4988411,45.6974523],[-73.4985746,45.697405],[-73.4968593,45.6978469],[-73.496361,45.6980909],[-73.4953193,45.6981559],[-73.4950177,45.6982602],[-73.4944664,45.6986304],[-73.4940135,45.6986505],[-73.4933839,45.6988621],[-73.4929659,45.6991046],[-73.4887945,45.7004116],[-73.4880795,45.7008467],[-73.4874283,45.7007802],[-73.4862656,45.7010109],[-73.4854921,45.7013752],[-73.4848127,45.7012543],[-73.4842671,45.7014888],[-73.4836463,45.7015709],[-73.483389,45.7017093],[-73.483266,45.7016391],[-73.4825988,45.7016307],[-73.4814601,45.7018075],[-73.4807249,45.7020089],[-73.4796317,45.7024605],[-73.478643,45.7024019],[-73.4781972,45.7026313],[-73.4761443,45.7029],[-73.4766757,45.7021455],[-73.477693,45.7012959],[-73.4780154,45.7007076],[-73.4784765,45.700511],[-73.4787491,45.6992592],[-73.4786857,45.6992521],[-73.4797128,45.6977042],[-73.4798678,45.6971019],[-73.4800948,45.6969044],[-73.4800922,45.696583],[-73.4804853,45.6954948],[-73.4805568,45.6948447],[-73.4809891,45.6941706],[-73.4811906,45.693609],[-73.4819411,45.692515],[-73.4825185,45.6921401],[-73.4831324,45.6914577],[-73.4831096,45.6913225],[-73.4834382,45.6912129],[-73.4838464,45.6906362],[-73.4843902,45.6902775],[-73.4855779,45.6891544],[-73.4856508,45.6889553],[-73.4854338,45.688685],[-73.4856941,45.6885404],[-73.4855858,45.6883832],[-73.4856671,45.6883453],[-73.4858791,45.6884354],[-73.4861518,45.688327],[-73.4867381,45.6882946],[-73.4874672,45.6876266],[-73.487688,45.6870006],[-73.4878963,45.6868263],[-73.4882598,45.6866902],[-73.4885791,45.6862677],[-73.4889909,45.6849768],[-73.489117,45.6848579],[-73.489102,45.6847199],[-73.4895355,45.6840141],[-73.4897174,45.682418],[-73.4901405,45.6807721],[-73.4900464,45.6804454],[-73.4901577,45.6800318],[-73.4899973,45.6798279],[-73.4901148,45.6797654],[-73.49012,45.6793998],[-73.4899643,45.6789826],[-73.4900774,45.67819],[-73.4907757,45.6763547],[-73.4907976,45.675589],[-73.4907041,45.6754813],[-73.4906981,45.6751069],[-73.49111,45.6738699],[-73.491203,45.672802],[-73.4913787,45.6724786],[-73.491251,45.672118],[-73.4913384,45.6714625],[-73.4912388,45.6711165],[-73.4914463,45.6706826],[-73.4912769,45.6703283],[-73.4914276,45.6700661],[-73.4913199,45.6698695],[-73.4914701,45.6697288],[-73.4914409,45.6684505],[-73.491325,45.6679329],[-73.491478,45.6676512],[-73.4913536,45.6669433],[-73.4913784,45.6666766],[-73.491786,45.6661062],[-73.4917843,45.6659693],[-73.4916111,45.6655578],[-73.4915797,45.6649114],[-73.4913682,45.6647182],[-73.4912282,45.6642257],[-73.4913314,45.6641294],[-73.4913588,45.6638797],[-73.4912275,45.6635641],[-73.4912846,45.6634386],[-73.4911037,45.6632245],[-73.4908465,45.6630916],[-73.4909773,45.6628451],[-73.4907755,45.6623435],[-73.4905227,45.6620199],[-73.4905328,45.6617958],[-73.4900335,45.660374],[-73.4903348,45.6601474],[-73.4903781,45.6600076],[-73.4899055,45.6593715],[-73.4891718,45.6590707],[-73.4889012,45.659132],[-73.4888674,45.659039],[-73.4891085,45.6588974],[-73.4891563,45.6586133],[-73.4893863,45.658456],[-73.4897007,45.6585241],[-73.4896023,45.6580863],[-73.4894175,45.6578055],[-73.4888544,45.6575914],[-73.4886433,45.6572102],[-73.4887752,45.6570953],[-73.4887699,45.6569311],[-73.4886808,45.6564672],[-73.4885464,45.6562272],[-73.4884882,45.6556436],[-73.4883624,45.6554084],[-73.4881098,45.6552262],[-73.4878285,45.6539157],[-73.4874615,45.6538721],[-73.4872174,45.6534372],[-73.4874115,45.6532768],[-73.4871285,45.6522103],[-73.4870648,45.6513483],[-73.4867974,45.6499566],[-73.486554,45.6499341],[-73.4865699,45.6497688],[-73.4863869,45.6493851],[-73.4864728,45.6491337],[-73.4865828,45.649048],[-73.4871451,45.6489387],[-73.4871793,45.6475963],[-73.4879128,45.6453799],[-73.4880126,45.6448334],[-73.488121,45.6447784],[-73.4881881,45.6445846],[-73.4880985,45.6434324],[-73.4881769,45.6429458],[-73.4880216,45.6417173],[-73.4880882,45.6413143],[-73.4877079,45.6406802],[-73.4875748,45.6400995],[-73.4874444,45.6398251],[-73.4873483,45.6397992],[-73.4874093,45.6397565],[-73.4872366,45.6394128],[-73.4874636,45.638976],[-73.4870832,45.6388258],[-73.4870971,45.6387446],[-73.4876613,45.6389026],[-73.4881039,45.6387701],[-73.4887462,45.637937],[-73.4892903,45.6376337],[-73.4898118,45.6370478],[-73.4903397,45.6360216],[-73.4904169,45.6356269],[-73.4911792,45.6351757],[-73.4916445,45.6345042],[-73.4915665,45.6343134],[-73.4913791,45.6342206],[-73.4910374,45.6338474],[-73.4919794,45.6326386],[-73.4922816,45.6319933],[-73.4922437,45.6318971],[-73.4916929,45.6315892],[-73.49054708783262,45.63269468194564],[-73.4903475,45.6326373],[-73.4925276,45.630657],[-73.4926549,45.6307156],[-73.4926309,45.6307989],[-73.4928274,45.6307854],[-73.4942487,45.6300244],[-73.4948809,45.6298281],[-73.4950691,45.6295485],[-73.4947212,45.6292479],[-73.4949071,45.6291991],[-73.4952685,45.6293533],[-73.4956116,45.6290862],[-73.4955768,45.6289248],[-73.4951493,45.6286521],[-73.4955842,45.6287302],[-73.4957605,45.6286269],[-73.4958091,45.6280496],[-73.4962364,45.6274916],[-73.49612,45.627387],[-73.4957797,45.6273601],[-73.4955647,45.6274951],[-73.4955308,45.62775],[-73.4951625,45.6275412],[-73.4949023,45.6277724],[-73.494724,45.627652],[-73.4965718,45.6259343],[-73.4967404,45.6260186],[-73.497517,45.6257044],[-73.4974888,45.6256408],[-73.4986955,45.6253292],[-73.4987293,45.6253965],[-73.4978479,45.6256915],[-73.4979132,45.625754],[-73.4981669,45.6257111],[-73.4987723,45.6254935],[-73.4996652,45.6246586],[-73.4997341,45.624486],[-73.4997091,45.624417],[-73.4973819,45.6248859],[-73.4973395,45.624772],[-73.4996626,45.6242801],[-73.4998503,45.6241749],[-73.4998763,45.6240319],[-73.500646,45.6234748],[-73.50089,45.6231023],[-73.500917,45.6229861],[-73.5008263,45.6228909],[-73.4998095,45.6223063],[-73.4990555,45.6229953],[-73.4988604,45.622858],[-73.5017188,45.6202178],[-73.5042842,45.6165045],[-73.5064369,45.6109067],[-73.5073854,45.6108023],[-73.5071162,45.6103136],[-73.5074553,45.6095985],[-73.5075866,45.6084773],[-73.5081118,45.607454],[-73.5083382,45.6071643],[-73.5084468,45.6065304],[-73.5087275,45.6058422],[-73.5090238,45.6046325],[-73.5091441,45.6037052],[-73.5093447,45.6029227],[-73.5092955,45.6013315],[-73.5094671,45.600874],[-73.5092349,45.5999952],[-73.5087659,45.5972644],[-73.5084403,45.5962588],[-73.5079267,45.5952589],[-73.5075116,45.5936258],[-73.5068078,45.5919335],[-73.5060887,45.5920249],[-73.5057026,45.5919345],[-73.5057178,45.5920421],[-73.5055417,45.5920643],[-73.5041014,45.5877588],[-73.5039303,45.5877251],[-73.5051256,45.5849729],[-73.5054353,45.5850333],[-73.5056628,45.5844583],[-73.5055917,45.5842863],[-73.5046281,45.5839873],[-73.5060172,45.5806567],[-73.5058526,45.5806026],[-73.5091514,45.5757936],[-73.5137257,45.571224],[-73.5136163,45.5711609],[-73.5138419,45.5709664],[-73.5140421,45.5709457],[-73.5175956,45.569042],[-73.5153559,45.5682272],[-73.515709,45.5678016],[-73.5153559,45.5675028],[-73.5179705,45.5661422],[-73.5252815,45.5574581],[-73.5251123,45.5573954],[-73.5253296,45.5571423],[-73.5249504,45.5569906],[-73.5250412,45.5568748],[-73.5241202,45.5564858],[-73.52379,45.5568721],[-73.5236098,45.556793],[-73.5206652,45.5603951],[-73.5204824,45.5603176],[-73.5214136,45.5591461],[-73.5212076,45.5590079],[-73.5210016,45.559044],[-73.5208421,45.5589209],[-73.5211541,45.5584497],[-73.5215509,45.5581065],[-73.5216539,45.5578601],[-73.5216196,45.5576617],[-73.5211046,45.5572891],[-73.5208085,45.557209],[-73.5190889,45.5589315],[-73.5185739,45.5586799],[-73.5224926,45.5547058],[-73.5289671,45.5468984],[-73.5277178,45.5471116],[-73.527499,45.5465662],[-73.5312775,45.5458095],[-73.5323227,45.5444627],[-73.5290352,45.5450992],[-73.5293503,45.5442492],[-73.5324045,45.5436691],[-73.5321636,45.5432597],[-73.531962,45.5432995],[-73.5318715,45.5430967],[-73.5321303,45.543041],[-73.5317999,45.5426248],[-73.531437,45.5427006],[-73.5313595,45.5426522],[-73.5313713,45.5419242],[-73.5346404,45.5412453],[-73.5345977,45.5411488],[-73.540231,45.5356131],[-73.5412541,45.5327952],[-73.5409701,45.5327316],[-73.5420538,45.5300078],[-73.5417448,45.5299176],[-73.5424462,45.5286981],[-73.5421482,45.5286068],[-73.5429011,45.527267],[-73.542543,45.5271757],[-73.5432101,45.5259922],[-73.5429698,45.5259441],[-73.5436503,45.5246081],[-73.5450163,45.5202462],[-73.5447501,45.5202092],[-73.54628,45.5157505],[-73.5462177,45.5157369],[-73.5466773,45.5143774],[-73.5492097,45.5101519],[-73.5478769,45.5101512],[-73.5465495,45.512396],[-73.5464071,45.512432],[-73.5462199,45.5128661],[-73.545567,45.5123592],[-73.5464907,45.5092812],[-73.5497553,45.5091965],[-73.5505892,45.5077144],[-73.5466399,45.5077318],[-73.5464019,45.5084987],[-73.5466926,45.5085427],[-73.546847,45.5080206],[-73.5481787,45.5079856],[-73.5481787,45.5080719],[-73.5479134,45.5081674],[-73.5477858,45.5083432],[-73.5477875,45.5086368],[-73.5479473,45.5088326],[-73.5472732,45.5092125],[-73.5465023,45.5092413],[-73.5466633,45.5086679],[-73.546315,45.5086207],[-73.546816,45.5069499],[-73.5512242,45.506767],[-73.5521421,45.505293],[-73.547232,45.5056136],[-73.5471768,45.505521],[-73.5474968,45.5046885],[-73.552425,45.5043598],[-73.5525948,45.5036123],[-73.549913,45.5037855],[-73.5498924,45.5036543],[-73.552633,45.5034943],[-73.5527924,45.5029012],[-73.5479715,45.5032773],[-73.5479151,45.5032165],[-73.5481829,45.5023163],[-73.552777,45.5019698],[-73.5521916,45.499319],[-73.5519047,45.4993303],[-73.5518777,45.4989617],[-73.5519586,45.4981554],[-73.552027,45.4981541],[-73.5520217,45.4983245],[-73.5522851,45.4983381],[-73.5524558,45.4967684],[-73.552091,45.4966934],[-73.5521917,45.4956731],[-73.5524082,45.4956738],[-73.5530774,45.4930603],[-73.5543094,45.4923276],[-73.5543752,45.4923528],[-73.5542432,45.492999],[-73.5546467,45.4929839],[-73.5548415,45.4920072],[-73.5553553,45.4917205],[-73.5551531,45.492958],[-73.5555674,45.4929418],[-73.5558429,45.4914202],[-73.5560126,45.4912975],[-73.5604057,45.4889798],[-73.5620559,45.4879828],[-73.5622086,45.4880971],[-73.5627018,45.4879821],[-73.5624363,45.4877636],[-73.5632035,45.4872413],[-73.5635693,45.4875141],[-73.5639439,45.487294],[-73.5637689,45.4871229],[-73.5645016,45.486919],[-73.5663367,45.4866756],[-73.5663316,45.4865813],[-73.5643891,45.4867711],[-73.5639877,45.4868787],[-73.56386,45.4868408],[-73.5663687,45.4853516],[-73.5670939,45.4850651],[-73.5684487,45.4841622],[-73.5771387,45.4770309],[-73.5778989,45.4762983],[-73.5815965,45.472278],[-73.5817794,45.4723181],[-73.5832087,45.4708494],[-73.5840105,45.4702444],[-73.5857949,45.4691508],[-73.5876362,45.4682592],[-73.5904911,45.4670662],[-73.5918141,45.4667546],[-73.5926524,45.4666426],[-73.5944757,45.4659658],[-73.5955025,45.4654267],[-73.5975005,45.4641397],[-73.598808,45.4634197],[-73.6031642,45.4614574],[-73.61129,45.4587558],[-73.6111869,45.4586156],[-73.611363,45.4584827],[-73.6130302,45.4580884],[-73.6134746,45.4578081],[-73.6139649,45.4577942],[-73.6150802,45.457308],[-73.6151158,45.4571675],[-73.6153015,45.4570459],[-73.6156446,45.456943],[-73.6158011,45.4569917],[-73.6204645,45.4549434],[-73.6223799,45.4538618],[-73.6263159,45.4510895],[-73.6270515,45.4504985],[-73.6291165,45.4484084],[-73.630401,45.4475197],[-73.6314777,45.4469383],[-73.6343977,45.4456822],[-73.6392354,45.4438631],[-73.6469161,45.4407933],[-73.6484621,45.4400506],[-73.649968,45.4392102],[-73.6499859,45.4390331],[-73.6503685,45.4388383],[-73.6506149,45.4388507],[-73.6537122,45.4371293],[-73.6585644,45.435207],[-73.6621035,45.4334599],[-73.6653635,45.4323197],[-73.6656518,45.4321286],[-73.6674213,45.4317756],[-73.6675162,45.4315664],[-73.6678507,45.4313908],[-73.6690666,45.4309911],[-73.669168,45.4310125],[-73.6694259,45.4314124],[-73.6732133,45.4313762],[-73.6755949,45.4316732],[-73.6766868,45.4316794],[-73.6776397,45.4317876],[-73.6807235,45.4327936],[-73.6831617,45.4330986],[-73.6838248,45.4327137],[-73.6843217,45.4322304],[-73.6847287,45.4323598],[-73.6847227,45.432564],[-73.6843687,45.4329706],[-73.6844136,45.43315],[-73.685457,45.4334101],[-73.6855106,45.4333047],[-73.6855964,45.4333263],[-73.6857622,45.4329193],[-73.6860597,45.4330857],[-73.685953,45.4334004],[-73.6860355,45.4334191],[-73.6860611,45.4335361],[-73.6862622,45.433674],[-73.6865575,45.4336988],[-73.6866315,45.4338129],[-73.6868057,45.4337409],[-73.6869187,45.4335632],[-73.687079,45.4336752],[-73.6872951,45.4336872],[-73.6875004,45.4335698],[-73.6874557,45.4334519],[-73.687753,45.4334208],[-73.6878418,45.4335147],[-73.6878182,45.4333934],[-73.6879221,45.4333791],[-73.6880023,45.43347],[-73.6879532,45.4333051],[-73.6890391,45.4330633],[-73.6893884,45.4329066],[-73.6906618,45.4329452],[-73.6906812,45.4324022],[-73.690301,45.4323372],[-73.6902983,45.4322365],[-73.6908744,45.4323589],[-73.6908643,45.4329527],[-73.691036,45.4329612],[-73.6911647,45.4328699],[-73.6916723,45.4328591],[-73.6916636,45.4324709],[-73.6912613,45.4324191],[-73.6912861,45.4323048],[-73.6918185,45.4322558],[-73.6919539,45.4328515],[-73.6927817,45.4328303],[-73.6929318,45.4326232],[-73.6926346,45.4325833],[-73.6926533,45.4324878],[-73.6932602,45.4325697],[-73.6932937,45.4324088],[-73.6937886,45.4324718],[-73.6949506,45.4321674],[-73.6950083,45.4322666],[-73.6942184,45.4324704],[-73.6951474,45.433333],[-73.6954923,45.4335128],[-73.6968828,45.4338342],[-73.6987855,45.4345085],[-73.7001927,45.4347328],[-73.7010835,45.4347695],[-73.70177,45.4350007],[-73.7031393,45.4351555],[-73.7036686,45.4351622],[-73.7045259,45.434979],[-73.7045432,45.4350581],[-73.7045754,45.4349708],[-73.7049389,45.435063],[-73.7052604,45.4350321],[-73.7083837,45.4361685],[-73.7087573,45.4361952],[-73.7099233,45.4360215],[-73.7104597,45.436026],[-73.7129814,45.436415],[-73.7135343,45.4366601],[-73.7141418,45.437298],[-73.7157203,45.4376926],[-73.7166161,45.4377792],[-73.7195841,45.4384391],[-73.7219965,45.4385703],[-73.7233042,45.4384447],[-73.7240425,45.4389797],[-73.7247014,45.4390647],[-73.7252017,45.4389549],[-73.7243846,45.4389428],[-73.7241746,45.4384452],[-73.7243007,45.4382759],[-73.7255976,45.4380199],[-73.7259771,45.4381356],[-73.7264934,45.4380444],[-73.7269776,45.4378458],[-73.7269159,45.4377207],[-73.7272967,45.4374012],[-73.7278922,45.4371805],[-73.7279713,45.4369114],[-73.7300648,45.4363891],[-73.7309472,45.4363703],[-73.7326612,45.4373301],[-73.7337434,45.4375908],[-73.7344891,45.4374562],[-73.734998,45.43714],[-73.735016,45.4372062],[-73.7354225,45.4371654],[-73.736067,45.4372866],[-73.7368776,45.4377141],[-73.7375723,45.4377348],[-73.7382536,45.4378806],[-73.7384494,45.4375306],[-73.738829,45.4374351],[-73.7393713,45.4376535],[-73.7393274,45.4381823],[-73.7394515,45.4382968],[-73.739602,45.4382265],[-73.7396564,45.4382843],[-73.739636,45.4380324],[-73.7420914,45.4377539],[-73.743364,45.4381138],[-73.7450261,45.437875],[-73.7459327,45.4372313],[-73.7462057,45.4371237],[-73.7472188,45.4370393],[-73.747471,45.4369292],[-73.7477499,45.4366272],[-73.7480222,45.4361011],[-73.7489891,45.4356089],[-73.7492493,45.4356918],[-73.7493753,45.4358931],[-73.7491928,45.436343],[-73.7496747,45.4369882],[-73.7506277,45.4374637],[-73.750554,45.4375599],[-73.7507405,45.4376518],[-73.7508525,45.4376486],[-73.7508454,45.4375579],[-73.7516152,45.4377746],[-73.7523584,45.4378825],[-73.7529576,45.4378086],[-73.7530446,45.4379762],[-73.7531215,45.4379634],[-73.7530811,45.4378342],[-73.7532572,45.4378214],[-73.7537976,45.4375544],[-73.7539272,45.4372604],[-73.7541357,45.4371141],[-73.7536114,45.4363144],[-73.7533422,45.4361837],[-73.7536822,45.4362306],[-73.7540082,45.4367504],[-73.7541924,45.4368428],[-73.7544798,45.436732],[-73.754751,45.4361894],[-73.7541701,45.4355687],[-73.7521519,45.435384],[-73.7520042,45.4352917],[-73.7522329,45.4352008],[-73.7541154,45.4353684],[-73.7544677,45.4355346],[-73.7550567,45.4362505],[-73.7556209,45.4365858],[-73.7570931,45.4382944],[-73.7582712,45.4389321],[-73.7593582,45.4392474],[-73.7629957,45.4397715],[-73.7641528,45.4398287],[-73.7646455,45.4393753],[-73.7652447,45.4382333],[-73.7658135,45.4388952],[-73.7664106,45.4393653],[-73.7668661,45.4396366],[-73.7672729,45.4396806],[-73.7677385,45.4401422],[-73.7682179,45.4404091],[-73.7688539,45.4406962],[-73.7694692,45.4408637],[-73.7698446,45.4407276],[-73.7706459,45.4407098],[-73.7712971,45.4405129],[-73.7720967,45.4405172],[-73.7724327,45.4402658],[-73.7722345,45.4400788],[-73.7722807,45.4399443],[-73.7728547,45.4397692],[-73.7730703,45.4397829],[-73.7735547,45.439353],[-73.7739812,45.4392474],[-73.7744246,45.4392971],[-73.7746675,45.4394818],[-73.7747525,45.4400229],[-73.7746614,45.4405058],[-73.7750156,45.4413949],[-73.7749589,45.4415639],[-73.775297,45.4423778],[-73.7755298,45.4427271],[-73.7767544,45.4437625],[-73.77845280064716,45.44488393473413],[-73.7787807,45.4452679],[-73.7789973,45.445248],[-73.7792281,45.4453503],[-73.7795013,45.4456442],[-73.7804831,45.4460944],[-73.7809001,45.4463884],[-73.7818879,45.446715],[-73.7829526,45.4467463],[-73.7835214,45.4470275],[-73.7841206,45.4471794],[-73.7847967,45.4475061],[-73.785491,45.4477006],[-73.7862658,45.4477469],[-73.7869039,45.4474919],[-73.7872339,45.4474564],[-73.7875942,45.4475117],[-73.7881098,45.4478016],[-73.7894869,45.4481011],[-73.7924321,45.4481962],[-73.7926649,45.4481764],[-73.7929058,45.4478881],[-73.7933774,45.4479719],[-73.7939872,45.4479221],[-73.7941552,45.4478436],[-73.7942288,45.4479027],[-73.7945009,45.4476538],[-73.7951162,45.4476538],[-73.7956,45.44755],[-73.7956707,45.4471556],[-73.7957944,45.4470057],[-73.796975,45.4465051],[-73.7981126,45.4457872],[-73.7981695,45.4456417],[-73.7979612,45.4452411],[-73.7981753,45.4448988],[-73.7984929,45.4446498],[-73.79858,45.4444382],[-73.7988007,45.4442286],[-73.7993922,45.44401],[-73.7995301,45.4440234],[-73.7997152,45.444174],[-73.7999012,45.4441685],[-73.8001119,45.4440873],[-73.8000755,45.443986],[-73.8010226,45.4437653],[-73.8018808,45.443333],[-73.8026714,45.4427923],[-73.8028813,45.4425326],[-73.8029611,45.442274],[-73.8026756,45.4422044],[-73.8024821,45.4416227],[-73.803022,45.4404976],[-73.8032188,45.4403955],[-73.8036543,45.4398077],[-73.8033354,45.4388579],[-73.8034073,45.4381158],[-73.8035134,45.4379541],[-73.8036612,45.4379245],[-73.8039769,45.4371199],[-73.8038277,45.436746],[-73.8038126,45.4362078],[-73.8032705,45.4357662],[-73.8026781,45.4354812],[-73.8025742,45.4350151],[-73.8029013,45.4349729],[-73.8030587,45.4348425],[-73.8031433,45.4345349],[-73.8035294,45.4340476],[-73.8039046,45.433989],[-73.8040377,45.4338807],[-73.8043542,45.4339954],[-73.8052372,45.4347732],[-73.8057042,45.4349339],[-73.8059947,45.4349391],[-73.8063667,45.4348328],[-73.8067537,45.4345332],[-73.8071443,45.4340095],[-73.8099294,45.4337783],[-73.8113266,45.4329128],[-73.8115177,45.4329139],[-73.81208,45.4331585],[-73.8128152,45.4332357],[-73.8142351,45.432989],[-73.8142595,45.4330557],[-73.8146697,45.4330396],[-73.8147963,45.4328758],[-73.8153842,45.4328942],[-73.8154563,45.4330464],[-73.8158696,45.4331076],[-73.8166064,45.4329428],[-73.817102,45.4326238],[-73.8176906,45.4324908],[-73.8176585,45.4324022],[-73.8181286,45.4321782],[-73.8183354,45.4321866],[-73.8184094,45.4320774],[-73.8182905,45.4318692],[-73.8183303,45.4317788],[-73.8186302,45.4316072],[-73.8186398,45.4312223],[-73.8184252,45.4310326],[-73.8180872,45.4309764],[-73.8179023,45.4308088],[-73.8181768,45.4305999],[-73.8183047,45.430381],[-73.8192803,45.4301378],[-73.8209958,45.4294864],[-73.8213669,45.4292001],[-73.822098,45.428861],[-73.8220201,45.4287953],[-73.8220821,45.4287342],[-73.8213823,45.4282604],[-73.8214138,45.4281095],[-73.8210943,45.4279897],[-73.8211356,45.4279386],[-73.8206081,45.4276258],[-73.820797,45.4274342],[-73.8209099,45.4274858],[-73.8210566,45.4273364],[-73.8208853,45.4272597],[-73.8208373,45.4273099],[-73.8207878,45.4272353],[-73.8217019,45.42656],[-73.8224748,45.4266325],[-73.8228559,45.4269409],[-73.8232214,45.426983],[-73.8244015,45.4266117],[-73.824364,45.4265665],[-73.8251504,45.4261544],[-73.8251566,45.4260386],[-73.8252993,45.426],[-73.8251574,45.4254694],[-73.8251201,45.4249886],[-73.8251949,45.4249249],[-73.8256737,45.4249055],[-73.8260928,45.4250944],[-73.8263559,45.4253178],[-73.8264017,45.4254415],[-73.826337,45.4257633],[-73.8260055,45.4260857],[-73.8260139,45.4263128],[-73.8262385,45.4268475],[-73.826098,45.4271981],[-73.8261874,45.4274302],[-73.8264062,45.4275496],[-73.8264915,45.4277187],[-73.8272929,45.4281336],[-73.8281376,45.4281706],[-73.8286173,45.4283078],[-73.8289049,45.4282275],[-73.8292215,45.4283735],[-73.8291864,45.4284315],[-73.8292585,45.4284607],[-73.8293294,45.4283736],[-73.8297313,45.4284647],[-73.8298991,45.4283522],[-73.8305095,45.4286174],[-73.8315771,45.4284505],[-73.833487,45.4279527],[-73.833577,45.4278151],[-73.8334782,45.4274359],[-73.8336784,45.4274741],[-73.8338651,45.4273801],[-73.8339852,45.4270812],[-73.8337376,45.4268803],[-73.8340114,45.426675],[-73.834189,45.4267745],[-73.8345346,45.4265586],[-73.8346449,45.4266323],[-73.8346192,45.4264948],[-73.8348526,45.4260735],[-73.8352261,45.425855],[-73.8356798,45.4258529],[-73.8360834,45.4254917],[-73.8365273,45.4255002],[-73.8367284,45.4249642],[-73.8366285,45.4247337],[-73.836677,45.4246892],[-73.8367831,45.4247713],[-73.8368181,45.4250798],[-73.8366474,45.4255633],[-73.8366571,45.4262419],[-73.8367709,45.4264277],[-73.837073,45.4265546],[-73.8371065,45.426453],[-73.8371929,45.4264425],[-73.8373283,45.4265796],[-73.8381408,45.4267111],[-73.838673,45.4269385],[-73.8390273,45.4269255],[-73.8393874,45.4271379],[-73.8399096,45.4272539],[-73.840046,45.4273825],[-73.8400744,45.4278484],[-73.8401783,45.4280738],[-73.8405505,45.4281458],[-73.8408014,45.4283532],[-73.8410447,45.4282791],[-73.8426525,45.4288822],[-73.8427574,45.4290148],[-73.8429971,45.429012],[-73.8452271,45.4296249],[-73.8453058,45.4297679],[-73.8454212,45.4296816],[-73.8459228,45.4296696],[-73.8469155,45.4293584],[-73.846986,45.4294096],[-73.847024,45.4293177],[-73.8490436,45.42871],[-73.8509995,45.4278169],[-73.8516389,45.4273817],[-73.8513211,45.4270795],[-73.8511886,45.4271597],[-73.8511496,45.4271034],[-73.8512383,45.4270312],[-73.8514427,45.4269403],[-73.8519315,45.4272466],[-73.8521637,45.4271531],[-73.8534015,45.4263666],[-73.8543642,45.4258694],[-73.8545936,45.4257002],[-73.8546117,45.4255546],[-73.8550879,45.4252745],[-73.8555455,45.424882],[-73.8557054,45.4249717],[-73.8559117,45.4248988],[-73.855917,45.4247658],[-73.8562773,45.4246284],[-73.8577841,45.4246123],[-73.858373,45.4247254],[-73.8589937,45.4247356],[-73.8597994,45.4246127],[-73.8602483,45.4243746],[-73.8613281,45.4240469],[-73.8609432,45.4234471],[-73.8611553,45.4233674],[-73.8614136,45.4236552],[-73.8613296,45.4234192],[-73.8618844,45.423412],[-73.8620005,45.4233035],[-73.8626428,45.4230992],[-73.8626274,45.4229278],[-73.8623766,45.4225685],[-73.8625331,45.4225118],[-73.8628562,45.4228673],[-73.8630466,45.4228637],[-73.8642541,45.421852],[-73.866011,45.4214447],[-73.866214,45.4217096],[-73.8664088,45.4217195],[-73.866607,45.4215052],[-73.8670209,45.4215026],[-73.8670267,45.4213822],[-73.8671867,45.4213273],[-73.8673975,45.4213317],[-73.8674397,45.4214356],[-73.8675591,45.4214365],[-73.867578,45.4212349],[-73.8679214,45.421159],[-73.8679911,45.4212884],[-73.8682495,45.4213043],[-73.8690949,45.4211816],[-73.8701875,45.4207927],[-73.8705455,45.420503],[-73.8704774,45.4202615],[-73.8705976,45.4202063],[-73.8716477,45.4202364],[-73.8717022,45.4200435],[-73.8718068,45.4199658],[-73.8720197,45.4201019],[-73.8729135,45.4202065],[-73.8736785,45.4198674],[-73.8739181,45.4195413],[-73.8755207,45.4187964],[-73.875974,45.4180067],[-73.8764293,45.4176205],[-73.8767344,45.4171604],[-73.8775896,45.4171389],[-73.8780391,45.4169149],[-73.8787068,45.4164209],[-73.8783115,45.4157063],[-73.8783718,45.4153929],[-73.8783213,45.4150338],[-73.8784719,45.414808],[-73.8790505,45.4144143],[-73.8803059,45.4142692],[-73.8808547,45.41429],[-73.8816143,45.4151306],[-73.8818522,45.4151883],[-73.8822308,45.4158123],[-73.88318,45.4155169],[-73.8838218,45.4155276],[-73.8840251,45.4154249],[-73.8841218,45.4154734],[-73.8840893,45.4154078],[-73.8845543,45.4153062],[-73.8851315,45.4149529],[-73.8851044,45.4148998],[-73.8853043,45.4146981],[-73.8856516,45.4145156],[-73.8856322,45.4144679],[-73.8861601,45.4143099],[-73.8864629,45.4143085],[-73.8865017,45.4143943],[-73.8865987,45.4143848],[-73.8865871,45.4142935],[-73.8869869,45.4143875],[-73.8875574,45.4146573],[-73.8881358,45.414799],[-73.8881396,45.414863],[-73.8881862,45.4148044],[-73.8883861,45.4148344],[-73.8884036,45.4148998],[-73.8884308,45.4148398],[-73.8889994,45.4149148],[-73.8894108,45.4148752],[-73.8894289,45.4149363],[-73.8896586,45.4149123],[-73.8896379,45.4147867],[-73.8897776,45.4147336],[-73.8913496,45.4143467],[-73.8914311,45.4143821],[-73.8920308,45.4141832],[-73.8931448,45.4142295],[-73.893234,45.4142431],[-73.8932612,45.4143439],[-73.8937503,45.4142636],[-73.8946546,45.4143875],[-73.8952776,45.4142772],[-73.8955307778316,45.414120856246804],[-73.8959064,45.4138889]],[[-73.8955307778316,45.414120856246804],[-73.898285,45.4240039],[-73.8961006,45.416116],[-73.8957218,45.4144911],[-73.8955307778316,45.414120856246804]],[[-73.90433165777051,45.44684758250466],[-73.9045364,45.4467224],[-73.90453467350756,45.446710729993825],[-73.9043659,45.4467699],[-73.90433165777051,45.44684758250466]],[[-73.90448151671166,45.446351423389764],[-73.9044383651365,45.44605974580335],[-73.9044009,45.4460652],[-73.90448151671166,45.446351423389764]],[[-73.9017856,45.4349542],[-73.9032987,45.4343965],[-73.901297,45.435111],[-73.9017856,45.4349542]],[[-73.9508832,45.4118133],[-73.949998,45.412923],[-73.94995511352336,45.4130198577585],[-73.9508832,45.4118133]],[[-73.94963804852281,45.41432933067474],[-73.9496369,45.4144107],[-73.9498816,45.4160231],[-73.94963804852281,45.41432933067474]],[[-73.9315516,45.4398963],[-73.927452,45.441201],[-73.929285,45.4406244],[-73.9315516,45.4398963]],[[-73.9157375,45.4081228],[-73.915861,45.4080645],[-73.9155225,45.4080757],[-73.9157375,45.4081228]],[[-73.9157599,45.4082797],[-73.9158695,45.4082072],[-73.9156769,45.4082147],[-73.9157599,45.4082797]],[[-73.9211668,45.4145489],[-73.9211228,45.4146577],[-73.9211957,45.4147121],[-73.9213005,45.4145351],[-73.9211668,45.4145489]],[[-73.9060345,45.4294775],[-73.9058797,45.4294821],[-73.9059587,45.4295295],[-73.9060345,45.4294775]],[[-73.9439014,45.4125906],[-73.9437393,45.4124714],[-73.9435875,45.4125971],[-73.9437267,45.4126924],[-73.9439014,45.4125906]],[[-73.9435586,45.4128538],[-73.9435578,45.4129457],[-73.9436973,45.4130328],[-73.9439073,45.4129684],[-73.943882,45.4128085],[-73.9437048,45.4127671],[-73.9435586,45.4128538]],[[-73.9402963,45.4229519],[-73.9405819,45.4231905],[-73.940604,45.4233655],[-73.9409338,45.4230733],[-73.9410786,45.4230818],[-73.9412134,45.4232441],[-73.9414587,45.4231284],[-73.9411571,45.4228941],[-73.9404962,45.4226971],[-73.9402963,45.4229519]],[[-73.9414967,45.4234482],[-73.9419452,45.423643],[-73.9422106,45.42365],[-73.9422629,45.4235075],[-73.9419854,45.4233155],[-73.9415349,45.4232463],[-73.9414304,45.4233494],[-73.9414967,45.4234482]],[[-73.935899,45.4259756],[-73.935953,45.4261473],[-73.936145,45.4263339],[-73.9364038,45.4264087],[-73.9364465,45.4263359],[-73.936199,45.4261802],[-73.9360426,45.4259267],[-73.935899,45.4259756]],[[-73.936522,45.4272981],[-73.9367338,45.4272957],[-73.9364325,45.427197],[-73.936522,45.4272981]],[[-73.9359429,45.4277768],[-73.9360633,45.4277482],[-73.936091,45.4276429],[-73.9360151,45.4275675],[-73.9357854,45.4276507],[-73.9359429,45.4277768]],[[-73.9543428,45.432517],[-73.9545503,45.4325152],[-73.9545634,45.4322617],[-73.9543638,45.4323748],[-73.9543428,45.432517]],[[-73.946112,45.4336637],[-73.9459982,45.4335272],[-73.9459713,45.4332751],[-73.9457199,45.4332373],[-73.9454326,45.4334474],[-73.9455523,45.4336553],[-73.9460282,45.4337267],[-73.946112,45.4336637]],[[-73.9674646,45.4262737],[-73.9673544,45.4261537],[-73.9671684,45.4261725],[-73.9670533,45.4264718],[-73.9671687,45.426566],[-73.9672506,45.4264018],[-73.9674646,45.4262737]],[[-73.9658511,45.4277855],[-73.9659116,45.4278837],[-73.9661363,45.4278988],[-73.9662035,45.4278054],[-73.9661511,45.4277157],[-73.9658511,45.4277855]],[[-73.9639833,45.4302946],[-73.9638727,45.4304457],[-73.9645697,45.4308602],[-73.9647736,45.4307057],[-73.9639833,45.4302946]],[[-73.9659261,45.4394402],[-73.9659261,45.4395846],[-73.9660855,45.4396603],[-73.9659813,45.4395388],[-73.9659976,45.4394121],[-73.9658433,45.4393997],[-73.9659261,45.4394402]],[[-73.9600568,45.4228187],[-73.9602761,45.4228791],[-73.9606545,45.4228233],[-73.9609942,45.4226452],[-73.9613833,45.4228338],[-73.9615145,45.4227523],[-73.9615188,45.4226105],[-73.9614263,45.4224641],[-73.9611662,45.4223344],[-73.9606373,45.4222514],[-73.9602568,45.4223223],[-73.959973,45.4225185],[-73.9599472,45.4226603],[-73.9600568,45.4228187]],[[-73.9599519,45.4252549],[-73.9601111,45.4254398],[-73.9602721,45.425345],[-73.9601455,45.4251747],[-73.9599519,45.4252549]],[[-73.9513609,45.4451187],[-73.9517307,45.444951],[-73.9516306,45.4448404],[-73.9513101,45.4450128],[-73.9513609,45.4451187]],[[-73.935853,45.4489251],[-73.9357343,45.4490747],[-73.9361849,45.4492087],[-73.9362693,45.449086],[-73.935853,45.4489251]],[[-73.9041621,45.446841],[-73.9042806,45.4468788],[-73.90432031482615,45.4468545177529],[-73.9041621,45.446841]],[[-73.84541084967948,45.461829651189035],[-73.8463395,45.4628337],[-73.8542398,45.4708007],[-73.84541084967948,45.461829651189035]],[[-73.7659432,45.4925707],[-73.7736408,45.4981879],[-73.7682125,45.4942147],[-73.7659432,45.4925707]],[[-73.8768869,45.4414972],[-73.87602630017227,45.43879844077348],[-73.876021,45.4388612],[-73.8768869,45.4414972]],[[-73.8857462,45.4411919],[-73.8852783,45.441286],[-73.8850564,45.441167],[-73.8837188,45.4416033],[-73.8836814,45.4417062],[-73.8838545,45.4418152],[-73.88471,45.4416941],[-73.8850288,45.4427522],[-73.8853228,45.4427758],[-73.8861704,45.442413],[-73.8862577,45.442238],[-73.8860488,45.4413401],[-73.8857462,45.4411919]],[[-73.8617462,45.453463],[-73.8611637,45.4532132],[-73.8609126,45.4533298],[-73.8609459,45.453743],[-73.8612248,45.4536866],[-73.8612012,45.4533825],[-73.8617097,45.4535338],[-73.8617462,45.453463]],[[-73.8272013,45.4327699],[-73.8272138,45.4326308],[-73.826987,45.4325632],[-73.8268175,45.4327491],[-73.826913,45.4328864],[-73.8270658,45.4328954],[-73.8272013,45.4327699]],[[-73.8290444,45.4328668],[-73.8289113,45.4325472],[-73.8286124,45.4324817],[-73.8284653,45.4326357],[-73.8285214,45.43297],[-73.8286288,45.4330863],[-73.8288296,45.4331583],[-73.8290374,45.4330503],[-73.8290444,45.4328668]],[[-73.8292033,45.4340607],[-73.8293345,45.4341117],[-73.8294005,45.4340438],[-73.8292887,45.4339819],[-73.8292033,45.4340607]],[[-73.8290586,45.4366753],[-73.8287972,45.4366555],[-73.8288294,45.4367835],[-73.8290037,45.4368446],[-73.8290586,45.4366753]],[[-73.8304402,45.4432072],[-73.8304402,45.4435548],[-73.8306544,45.4438937],[-73.83101,45.4438118],[-73.830987,45.4435126],[-73.8307216,45.4431066],[-73.8304402,45.4432072]],[[-73.8321978,45.4465836],[-73.8317177,45.445908],[-73.831436,45.4458666],[-73.8313383,45.4460126],[-73.831418,45.4462516],[-73.8317203,45.4465817],[-73.8319832,45.4467586],[-73.8321771,45.4467618],[-73.8321978,45.4465836]],[[-73.7837942,45.4688271],[-73.7843587,45.4688289],[-73.7843509,45.4687267],[-73.7839217,45.4686008],[-73.782933,45.4679659],[-73.7824465,45.4682761],[-73.7826104,45.4685808],[-73.7837942,45.4688271]],[[-73.7793282,45.4578998],[-73.7793746,45.4588543],[-73.7797418,45.4585235],[-73.779707,45.4577181],[-73.7793282,45.4578998]],[[-73.7747356,45.4594071],[-73.7757529,45.4589313],[-73.7755715,45.4587903],[-73.7745699,45.4592632],[-73.7747356,45.4594071]],[[-73.7737458,45.4598662],[-73.7745266,45.4594956],[-73.7744438,45.4593324],[-73.7736946,45.4596836],[-73.7737458,45.4598662]],[[-73.7799572,45.4699154],[-73.7796478,45.4694732],[-73.7795956,45.4690982],[-73.7794912,45.4690473],[-73.7792452,45.4691677],[-73.7792275,45.4694109],[-73.7796141,45.4697813],[-73.7797255,45.4700189],[-73.7799572,45.4699154]],[[-73.7716001,45.4697546],[-73.7725386,45.4702887],[-73.7727285,45.4701898],[-73.7726959,45.4700014],[-73.7721181,45.4698797],[-73.7717898,45.4696951],[-73.7716001,45.4697546]],[[-73.7806975,45.4708912],[-73.7806684,45.4707578],[-73.7802193,45.4704892],[-73.7800687,45.4707578],[-73.7801638,45.4711098],[-73.7805416,45.4710506],[-73.7806975,45.4708912]],[[-73.7762025,45.4712542],[-73.7764033,45.4711941],[-73.7766492,45.4707827],[-73.7764709,45.4706941],[-73.7761122,45.4708223],[-73.7758257,45.4710691],[-73.7759001,45.4712083],[-73.7762025,45.4712542]],[[-73.7699912,45.4710763],[-73.7697353,45.4712284],[-73.7696863,45.471439],[-73.7692611,45.4715996],[-73.7689223,45.4714949],[-73.7688428,45.4715886],[-73.7688817,45.4716977],[-73.7690118,45.4718202],[-73.7694676,45.4719743],[-73.7697714,45.4719515],[-73.7702014,45.4716497],[-73.7704305,45.4712269],[-73.7705407,45.4707826],[-73.771356,45.470823],[-73.7718553,45.4704363],[-73.77238,45.470507],[-73.7724423,45.4704341],[-73.7718816,45.470202],[-73.7716406,45.4701974],[-73.7713775,45.4703359],[-73.7711535,45.4705752],[-73.7703404,45.4706683],[-73.7699912,45.4710763]],[[-73.7741914,45.4728299],[-73.7744216,45.4730736],[-73.7746424,45.4730306],[-73.774796,45.4726499],[-73.7746963,45.4722063],[-73.7747305,45.4719721],[-73.7744043,45.4720101],[-73.7743089,45.4721576],[-73.7741603,45.4722121],[-73.7741624,45.4725239],[-73.7743186,45.4726878],[-73.7741914,45.4728299]],[[-73.7740879,45.4732692],[-73.7740007,45.4730293],[-73.7736016,45.4730992],[-73.7735066,45.4732147],[-73.7735273,45.4733886],[-73.7736845,45.4734524],[-73.7739918,45.4734194],[-73.7740879,45.4732692]],[[-73.7711277,45.4755479],[-73.771502,45.4755181],[-73.7716693,45.4753325],[-73.7716085,45.4751148],[-73.771651,45.4749143],[-73.7712068,45.4746113],[-73.7710425,45.4747479],[-73.7711795,45.47507],[-73.7711277,45.4755479]],[[-73.7320265,45.4588901],[-73.7331406,45.4597528],[-73.733726,45.4600902],[-73.7337623,45.4599915],[-73.7336534,45.4598896],[-73.7336761,45.4597655],[-73.7323373,45.4588281],[-73.7321808,45.4587771],[-73.7320265,45.4588901]],[[-73.727448,45.4724569],[-73.7275148,45.4726033],[-73.7278911,45.4723432],[-73.7277402,45.4722373],[-73.727448,45.4724569]],[[-73.66963960780687,45.4553587321066],[-73.66943952422913,45.45554014554982],[-73.6695208,45.4554813],[-73.66963960780687,45.4553587321066]],[[-73.6444793,45.4739403],[-73.6446602,45.4740296],[-73.64442401383766,45.47385629024518],[-73.6444793,45.4739403]],[[-73.6452272,45.4742801],[-73.64887262219123,45.47587675412404],[-73.6446602,45.4740296],[-73.6452272,45.4742801]],[[-73.6396048,45.4766268],[-73.6400205,45.4764122],[-73.64176498436322,45.475287699310066],[-73.6396048,45.4766268]],[[-73.63751982925055,45.47675143566888],[-73.6390415,45.476692],[-73.6396048,45.4766268],[-73.63751982925055,45.47675143566888]],[[-73.6324873,45.4777769],[-73.6327416,45.477696],[-73.6328745888639,45.47764892779654],[-73.6324873,45.4777769]],[[-73.629675,45.4782949],[-73.6315638,45.4779566],[-73.6324873,45.4777769],[-73.629675,45.4782949]],[[-73.6389806,45.48344],[-73.6392607,45.4831307],[-73.63894069370204,45.48348404028733],[-73.6389806,45.48344]],[[-73.6508878,45.4888572],[-73.6467756,45.4869944],[-73.6446770280084,45.48606393198868],[-73.6508878,45.4888572]],[[-73.6556208,45.4863886],[-73.65506356929673,45.48744717189408],[-73.6551734,45.4872865],[-73.6556208,45.4863886]],[[-73.65599603758292,45.47900038359912],[-73.656017,45.4829563],[-73.6560517,45.484456],[-73.65599603758292,45.47900038359912]],[[-73.64590252579008,45.4731539660432],[-73.6492295,45.4705513],[-73.64928228776532,45.470486942987904],[-73.64590252579008,45.4731539660432]],[[-73.65018318301722,45.46897238860635],[-73.6500772,45.4690994],[-73.6496584,45.4700284],[-73.65018318301722,45.46897238860635]],[[-73.65050877931597,45.4686259799518],[-73.65043,45.4686766],[-73.6503378186318,45.46878707132222],[-73.65050877931597,45.4686259799518]],[[-73.6519613,45.4677289],[-73.6521644988596,45.46756208897905],[-73.65134113334297,45.46809114665901],[-73.6519613,45.4677289]],[[-73.6523159,45.4674378],[-73.65359649308584,45.4656941899787],[-73.6522799384687,45.46746732171958],[-73.6523159,45.4674378]],[[-73.65436982557185,45.46468589572763],[-73.6541645,45.4649292],[-73.6541149526917,45.464995930163624],[-73.65436982557185,45.46468589572763]],[[-73.6564652,45.4624291],[-73.6559567,45.4628055],[-73.65585263088666,45.46292881858945],[-73.6564652,45.4624291]],[[-73.6578576,45.4596185],[-73.65796773848412,45.459562761467204],[-73.65784005301181,45.45961361515234],[-73.6578576,45.4596185]],[[-73.6598391,45.4581027],[-73.6596429,45.4583286],[-73.65959824052949,45.45841668769206],[-73.6598391,45.4581027]],[[-73.66033337627532,45.457944854778944],[-73.6601031,45.4580032],[-73.6598391,45.4581027],[-73.66033337627532,45.457944854778944]],[[-73.6447538,45.447545],[-73.6564882,45.4520944],[-73.66818678190906,45.45655215522187],[-73.6447538,45.447545]],[[-73.6431464,45.4482908],[-73.6431714,45.44807],[-73.6431916,45.447794],[-73.6431464,45.4482908]],[[-73.6420578055932,45.44789193856703],[-73.6425847,45.4480959],[-73.6431464,45.4482908],[-73.6420578055932,45.44789193856703]],[[-73.6367592,45.4477956],[-73.6371927,45.4475912],[-73.6388148,45.4467037],[-73.6367592,45.4477956]],[[-73.6320122,45.4495215],[-73.6358289,45.4481456],[-73.6367592,45.4477956],[-73.6320122,45.4495215]],[[-73.64240666648098,45.45353126439244],[-73.6419167,45.4533257],[-73.6362270677993,45.45114742537591],[-73.64240666648098,45.45353126439244]],[[-73.659543,45.4584887],[-73.6582254,45.4593489],[-73.6580633,45.4595144],[-73.659543,45.4584887]],[[-73.6689007567656,45.45593022573331],[-73.6685506,45.4561601],[-73.66848574065698,45.456230707055504],[-73.6689007567656,45.45593022573331]],[[-73.6711803,45.474531],[-73.6716109,45.4746047],[-73.6715786,45.4747549],[-73.6716617,45.4749117],[-73.6719893,45.4749883],[-73.6721671,45.4748779],[-73.6721062,45.4747425],[-73.6721849,45.4746428],[-73.6719639,45.4745074],[-73.6716769,45.4745199],[-73.6714483,45.4743097],[-73.6711689,45.474356],[-73.6711803,45.474531]],[[-73.8161137,45.4854252],[-73.8154593,45.4851996],[-73.8147404,45.4852522],[-73.8142549,45.485479],[-73.8142496,45.4857411],[-73.8140431,45.4859292],[-73.8135281,45.4868543],[-73.8131096,45.4869672],[-73.812938,45.486892],[-73.8124981,45.4870198],[-73.8118866,45.4867566],[-73.8110068,45.4871477],[-73.8106635,45.4871853],[-73.8105612,45.4872751],[-73.8105133,45.487599],[-73.8106443,45.487722],[-73.8105388,45.4881365],[-73.8106093,45.4884797],[-73.8104081,45.4886737],[-73.8114145,45.4885241],[-73.8120153,45.4886069],[-73.8124659,45.4885693],[-73.81282,45.4884339],[-73.8131204,45.4884414],[-73.8137878,45.4886561],[-73.8140323,45.4886219],[-73.8142576,45.4880277],[-73.8146761,45.4877946],[-73.8147512,45.4873357],[-73.8151267,45.4871176],[-73.8154163,45.4872229],[-73.8157489,45.48708],[-73.8162532,45.4870048],[-73.816736,45.4870875],[-73.8169989,45.4869522],[-73.8171866,45.4865836],[-73.8174334,45.4863354],[-73.8175192,45.4859893],[-73.8176694,45.4858765],[-73.8179484,45.4851243],[-73.8182058,45.4848987],[-73.8180825,45.4847896],[-73.8176372,45.4849513],[-73.8169291,45.4849664],[-73.816457,45.48535],[-73.8161137,45.4854252]],[[-73.8090252,45.4968908],[-73.8092488,45.4966539],[-73.8094402,45.4966121],[-73.8094601,45.4965076],[-73.8092811,45.496316],[-73.8091295,45.4963055],[-73.8087618,45.496741],[-73.8088189,45.4969239],[-73.8090252,45.4968908]],[[-73.61581691242488,45.49206690191489],[-73.6156154,45.4921319],[-73.6158075,45.4920893],[-73.61581691242488,45.49206690191489]],[[-73.6157771,45.4918822],[-73.6158281414059,45.492040181098915],[-73.6158507,45.4919865],[-73.6157771,45.4918822]],[[-73.9285571,45.4558739],[-73.9284663,45.4559463],[-73.9285855,45.4559901],[-73.9285571,45.4558739]],[[-73.9071833,45.4588008],[-73.9074454,45.4587244],[-73.9075008,45.4586364],[-73.9074011,45.4585729],[-73.9068214,45.4585561],[-73.9067513,45.4586234],[-73.906827,45.4587904],[-73.9065501,45.4589031],[-73.9062584,45.4586014],[-73.905865,45.4585053],[-73.9050087,45.4584101],[-73.9048208,45.4584687],[-73.9046667,45.4586481],[-73.9047346,45.4588001],[-73.9049435,45.458932],[-73.9055256,45.459018],[-73.9059612,45.4589225],[-73.9063839,45.4591336],[-73.9070134,45.4589847],[-73.9071833,45.4588008]],[[-73.7720959,45.4822231],[-73.7722918,45.4822905],[-73.7733606,45.4820592],[-73.7729276,45.4815556],[-73.7726871,45.4814086],[-73.7725908,45.4814713],[-73.7729096,45.4819706],[-73.7720925,45.4820881],[-73.7720959,45.4822231]],[[-73.7641583,45.4833245],[-73.764375,45.4832908],[-73.7642058,45.482756],[-73.7639891,45.4827896],[-73.7641583,45.4833245]],[[-73.7250467,45.4817051],[-73.7257523,45.4821689],[-73.7259728,45.4820463],[-73.7252976,45.4815515],[-73.7252079,45.4815291],[-73.7250467,45.4817051]],[[-73.7254816,45.4823864],[-73.7256915,45.4822563],[-73.7249798,45.4817573],[-73.7247517,45.4818576],[-73.7247517,45.4819205],[-73.7254816,45.4823864]],[[-73.7291049,45.4913404],[-73.7288749,45.4912211],[-73.7286391,45.4912937],[-73.7286483,45.4913695],[-73.7290348,45.4914461],[-73.7291049,45.4913404]],[[-73.7325289,45.5065643],[-73.7326481,45.5065138],[-73.7329165,45.5066315],[-73.7330657,45.5069575],[-73.7332714,45.5069658],[-73.7334577,45.5067985],[-73.7333863,45.5066389],[-73.733084,45.5064644],[-73.732661,45.5064286],[-73.73192,45.5065579],[-73.7325015,45.5066665],[-73.7325289,45.5065643]],[[-73.7292267,45.5076777],[-73.7291158,45.5077677],[-73.7291111,45.5079852],[-73.7292616,45.507902],[-73.7292932,45.5077244],[-73.7292267,45.5076777]],[[-73.7328852,45.5097294],[-73.7329955,45.5095796],[-73.7325957,45.5093139],[-73.7320579,45.5096376],[-73.7319648,45.509785],[-73.7319752,45.5099348],[-73.732113,45.5100386],[-73.7328852,45.5097294]],[[-73.720559,45.5112677],[-73.7212245,45.5112552],[-73.7212317,45.5111486],[-73.7211599,45.5110866],[-73.7208654,45.5110907],[-73.7206081,45.5109062],[-73.7203352,45.5109591],[-73.720559,45.5112677]],[[-73.7223756,45.5270839],[-73.7221329,45.5270483],[-73.7219536,45.5271684],[-73.7219937,45.5273399],[-73.7223079,45.5273997],[-73.7224415,45.5273143],[-73.7224663,45.5271888],[-73.7223756,45.5270839]],[[-73.6939914,45.4375269],[-73.6938513,45.4375433],[-73.6938466,45.4375925],[-73.6940007,45.4376252],[-73.6939914,45.4375269]],[[-73.6754007,45.4378516],[-73.6753716,45.4376414],[-73.6754613,45.4374908],[-73.6753663,45.437308],[-73.6751774,45.4373621],[-73.6750768,45.4375117],[-73.6751586,45.4378477],[-73.6754007,45.4378516]],[[-73.6964581,45.4442063],[-73.6966083,45.4442826],[-73.6966311,45.4440643],[-73.6965265,45.4439909],[-73.6964581,45.4442063]],[[-73.7074278,45.5101565],[-73.7073042,45.5103015],[-73.7074253,45.5103055],[-73.7074334,45.510367],[-73.7077205,45.5103589],[-73.7078818,45.5102357],[-73.707761,45.5097364],[-73.7074584,45.509626],[-73.7075647,45.5097037],[-73.7075319,45.5097753],[-73.7072287,45.5096489],[-73.7069093,45.5097154],[-73.7060375,45.5097009],[-73.7057435,45.5097823],[-73.7050279,45.5096835],[-73.7043282,45.509825],[-73.7039656,45.5096966],[-73.7036207,45.5098836],[-73.7036319,45.5100417],[-73.7038504,45.5101696],[-73.7039018,45.5103123],[-73.7050568,45.5110294],[-73.7052178,45.5109187],[-73.7043883,45.5103993],[-73.7049804,45.509937],[-73.7056289,45.5103444],[-73.7052037,45.5106675],[-73.7053554,45.5107576],[-73.7062762,45.5100866],[-73.706256,45.5099746],[-73.706373,45.50989],[-73.7068321,45.5098894],[-73.7070295,45.5100768],[-73.7073746,45.5100601],[-73.7074278,45.5101565]],[[-73.7151916,45.5116169],[-73.7155354,45.5118577],[-73.7157427,45.5117556],[-73.7158611,45.5114808],[-73.7162032,45.5113395],[-73.716453,45.5109959],[-73.7170034,45.5108131],[-73.7170709,45.5106667],[-73.7169155,45.5105655],[-73.7165936,45.5105617],[-73.7158538,45.5110945],[-73.7156596,45.5113939],[-73.7154228,45.5114354],[-73.7151916,45.5116169]],[[-73.7154985,45.5119578],[-73.7150639,45.511722],[-73.7150084,45.5119889],[-73.7150861,45.5120725],[-73.7154985,45.5119578]],[[-73.7109618,45.5145595],[-73.7108616,45.5147733],[-73.7098732,45.5151946],[-73.7092856,45.5150191],[-73.7090078,45.5152776],[-73.7091262,45.5154181],[-73.7094086,45.5155298],[-73.7096682,45.5153383],[-73.7104289,45.5152489],[-73.7106156,45.5149744],[-73.71098,45.5149521],[-73.7114128,45.5150861],[-73.7115266,45.5149201],[-73.7122326,45.5145403],[-73.7122918,45.5143712],[-73.7120459,45.5140935],[-73.7115221,45.5140616],[-73.7109618,45.5145595]],[[-73.7061531,45.5177349],[-73.706387,45.5174021],[-73.7068442,45.5172109],[-73.7071383,45.5168682],[-73.7075176,45.5168608],[-73.7077125,45.5167639],[-73.7077267,45.5164237],[-73.7082406,45.5163517],[-73.7082902,45.5161629],[-73.7082087,45.5160189],[-73.7078791,45.5160735],[-73.7059334,45.5176182],[-73.7059369,45.517725],[-73.7061531,45.5177349]],[[-73.6654642,45.556182],[-73.6651754,45.5559935],[-73.6647951,45.5559759],[-73.6647362,45.5558049],[-73.66459,45.5557226],[-73.6643343,45.5557681],[-73.6641297,45.5559657],[-73.6642632,45.556113],[-73.6646897,45.5561572],[-73.6651157,45.5563516],[-73.6653354,45.5563144],[-73.6654642,45.556182]],[[-73.6594284,45.4507937],[-73.6595224,45.4505938],[-73.6593212,45.4504889],[-73.6591278,45.4505603],[-73.6592131,45.4507888],[-73.6594284,45.4507937]],[[-73.6009369,45.4670431],[-73.6013249,45.4667862],[-73.6007237,45.4669324],[-73.6009369,45.4670431]],[[-73.5992106,45.4677772],[-73.5997668,45.4678299],[-73.600162,45.4674806],[-73.599707,45.4673028],[-73.5991946,45.4676476],[-73.5992106,45.4677772]],[[-73.6180184,45.4820028],[-73.6182068,45.4819743],[-73.6180202,45.4814355],[-73.6178318,45.4814679],[-73.6180184,45.4820028]],[[-73.5879391,45.4924428],[-73.5879089,45.4923965],[-73.5866238,45.4935211],[-73.586705,45.4935277],[-73.5879391,45.4924428]],[[-73.5774296,45.4934587],[-73.5775637,45.4933954],[-73.5775359,45.4933566],[-73.5774296,45.4934587]],[[-73.5683819,45.4968649],[-73.5686619,45.4965708],[-73.5684791,45.4964835],[-73.5682012,45.49678],[-73.5683819,45.4968649]],[[-73.5972675,45.4994295],[-73.5985533,45.4990022],[-73.5988439,45.4988217],[-73.5988576,45.4986833],[-73.5987646,45.4985574],[-73.5981477,45.4985492],[-73.5979839,45.4984273],[-73.5978118,45.4980709],[-73.5974052,45.497979],[-73.5969274,45.4984531],[-73.5963435,45.4983781],[-73.5961138,45.4984357],[-73.5959907,45.4986353],[-73.5960396,45.4989555],[-73.5963321,45.4990892],[-73.5966323,45.498941],[-73.5968656,45.4989368],[-73.597008,45.4990397],[-73.5969873,45.4992985],[-73.5972675,45.4994295]],[[-73.6179951,45.5139003],[-73.6181227,45.5137872],[-73.6178938,45.5136336],[-73.6177777,45.5136669],[-73.617764,45.5137556],[-73.6179951,45.5139003]],[[-73.6198886,45.5142036],[-73.6196472,45.5142094],[-73.6195246,45.5143917],[-73.6193276,45.514506],[-73.6194057,45.514648],[-73.6196903,45.5146963],[-73.6197349,45.5144969],[-73.6199668,45.5143312],[-73.6198886,45.5142036]],[[-73.6090328,45.5156289],[-73.6088238,45.5155344],[-73.6087448,45.5156566],[-73.6085359,45.5156792],[-73.608431,45.5155801],[-73.6084463,45.5154302],[-73.6082368,45.5153915],[-73.6083908,45.515555],[-73.6083869,45.5157639],[-73.608456,45.5158239],[-73.608721,45.5158415],[-73.6090328,45.5156289]],[[-73.6044646,45.5181698],[-73.6045426,45.5178921],[-73.6047083,45.5178539],[-73.6047676,45.5176682],[-73.6045754,45.5176048],[-73.6045141,45.5176958],[-73.6043266,45.5177223],[-73.6043711,45.5178158],[-73.6042369,45.5179239],[-73.6042093,45.5181094],[-73.6044646,45.5181698]],[[-73.6063341,45.5201329],[-73.6062493,45.5204974],[-73.6064785,45.5208555],[-73.6074786,45.5205916],[-73.607549,45.5203922],[-73.6068471,45.5200694],[-73.606538,45.5200461],[-73.6063341,45.5201329]],[[-73.571284,45.5253153],[-73.5708372,45.5252919],[-73.5702569,45.5256487],[-73.5699947,45.5255964],[-73.5699598,45.525496],[-73.569189,45.525397],[-73.5690856,45.5252944],[-73.5691388,45.5250183],[-73.5692876,45.5247892],[-73.5695987,45.5246012],[-73.5698631,45.5242442],[-73.5698182,45.5238954],[-73.5696575,45.5237561],[-73.5692843,45.5236214],[-73.5682956,45.5234676],[-73.5680314,45.5233196],[-73.5678429,45.5230417],[-73.5674683,45.5231514],[-73.5673918,45.5234156],[-73.5677111,45.5237916],[-73.5690256,45.5240174],[-73.5692347,45.5241219],[-73.5691892,45.5244123],[-73.568562,45.5251581],[-73.5685317,45.5253209],[-73.5686056,45.5254476],[-73.5698302,45.5257959],[-73.5700033,45.5257176],[-73.570264,45.5257454],[-73.5707114,45.5259626],[-73.5713354,45.5259481],[-73.5719748,45.5261561],[-73.5722869,45.5261134],[-73.572451,45.5259455],[-73.572369,45.5255073],[-73.5722286,45.5253765],[-73.5716522,45.5255899],[-73.571284,45.5253153]],[[-73.6148259,45.5244902],[-73.6141489,45.5245929],[-73.6151386,45.5245024],[-73.6148259,45.5244902]],[[-73.5797553,45.5269326],[-73.5797709,45.5268915],[-73.5797264,45.5269435],[-73.5797553,45.5269326]],[[-73.5794948,45.5271164],[-73.5795644,45.5269741],[-73.5796983,45.526953],[-73.5796225,45.5268815],[-73.5794619,45.5270677],[-73.5794948,45.5271164]],[[-73.5796222,45.5270499],[-73.5795918,45.5271224],[-73.5797104,45.5271507],[-73.5797434,45.5270583],[-73.5796222,45.5270499]],[[-73.5793835,45.5271607],[-73.5795535,45.5272167],[-73.5794904,45.5271383],[-73.5793835,45.5271607]],[[-73.6254956,45.5351547],[-73.6248145,45.5352065],[-73.6240892,45.5349304],[-73.6239113,45.5350299],[-73.6238543,45.5353437],[-73.6239993,45.535591],[-73.6248513,45.5355186],[-73.6249942,45.5355698],[-73.625028,45.5357181],[-73.6247065,45.5358126],[-73.6247427,45.5359096],[-73.6252693,45.5360159],[-73.6254713,45.5359797],[-73.6255346,45.5358589],[-73.6254816,45.5357363],[-73.625594,45.5356557],[-73.625636,45.5354915],[-73.6257736,45.5354181],[-73.6257491,45.535304],[-73.6254956,45.5351547]],[[-73.5638465,45.5580514],[-73.5636813,45.5579978],[-73.5634723,45.5583177],[-73.5636276,45.5583834],[-73.5638465,45.5580514]],[[-73.5632794,45.5620692],[-73.5631617,45.5619739],[-73.5630983,45.5620335],[-73.5632794,45.5620692]],[[-73.5685915,45.5639196],[-73.5684881,45.5637717],[-73.567872,45.5636419],[-73.5677002,45.5639354],[-73.5678546,45.5640638],[-73.5681964,45.5640342],[-73.5683091,45.564102],[-73.5685915,45.5639196]],[[-73.6618904,45.571508],[-73.6626072,45.5719517],[-73.6628411,45.5721389],[-73.6628388,45.572221],[-73.6630795,45.5722826],[-73.6638272,45.5729606],[-73.6640127,45.5729506],[-73.664381,45.5727534],[-73.6643828,45.5726614],[-73.6635831,45.5720076],[-73.6634198,45.571751],[-73.6634733,45.5716981],[-73.6630132,45.5714119],[-73.6625987,45.5708458],[-73.6623181,45.5708071],[-73.6619524,45.5712392],[-73.6618904,45.571508]],[[-73.6621288,45.5748568],[-73.6624572,45.5749049],[-73.6634376,45.5735099],[-73.6626796,45.5727741],[-73.6626609,45.5726422],[-73.6624367,45.5725746],[-73.6619958,45.5722423],[-73.6618765,45.5731283],[-73.661269,45.5746599],[-73.661302,45.5747749],[-73.6619564,45.5748981],[-73.6619964,45.5748237],[-73.6620991,45.5749226],[-73.6621288,45.5748568]],[[-73.617855,45.574414],[-73.6148498,45.5730869],[-73.614618,45.5731043],[-73.6145601,45.5732318],[-73.6150402,45.5738692],[-73.6158433,45.5744024],[-73.6179544,45.5752658],[-73.6187574,45.5755034],[-73.6202145,45.5753817],[-73.6206036,45.5747501],[-73.6206036,45.5746052],[-73.6194197,45.5740779],[-73.6191713,45.57413],[-73.6186912,45.5744256],[-73.617855,45.574414]],[[-73.6291804,45.5793511],[-73.629048,45.5791715],[-73.6272101,45.5782559],[-73.627119,45.5781053],[-73.627119,45.5777518],[-73.6269286,45.577578],[-73.6264815,45.5776069],[-73.6260593,45.5775142],[-73.6254218,45.5771723],[-73.6251818,45.5769637],[-73.6250741,45.5765639],[-73.6248754,45.5762857],[-73.6245112,45.5760365],[-73.6240558,45.5758975],[-73.6232776,45.5761756],[-73.6229548,45.5761814],[-73.6226733,45.5761409],[-73.6223421,45.5758859],[-73.6215888,45.5757526],[-73.6213818,45.5759206],[-73.6214066,45.5765175],[-73.6216301,45.5769347],[-73.623733,45.5777518],[-73.6240641,45.5777634],[-73.6242959,45.5778909],[-73.6248837,45.5779836],[-73.6249913,45.5782327],[-73.6252563,45.5785283],[-73.6258855,45.5790208],[-73.6263077,45.5791425],[-73.6268789,45.5789745],[-73.6272432,45.5790092],[-73.6278641,45.5788759],[-73.6281207,45.5790034],[-73.6282946,45.5792352],[-73.6280379,45.579693],[-73.6281207,45.5797915],[-73.6285181,45.5799248],[-73.6287748,45.57989],[-73.6290645,45.5796756],[-73.6291804,45.5793511]],[[-73.594411,45.5868102],[-73.5941899,45.5869156],[-73.5943174,45.5870486],[-73.5948238,45.5870442],[-73.594964,45.5872457],[-73.5952633,45.5874371],[-73.5957458,45.5873977],[-73.5957815,45.5875954],[-73.5959485,45.5875803],[-73.5958998,45.5873693],[-73.5956872,45.5872351],[-73.5954615,45.58738],[-73.5952175,45.5873579],[-73.5951429,45.5872938],[-73.5951388,45.5870861],[-73.5948671,45.5868448],[-73.5945549,45.5868723],[-73.594411,45.5868102]],[[-73.5926872,45.6081709],[-73.5928666,45.6085295],[-73.5930747,45.6087409],[-73.5940522,45.6090965],[-73.5940002,45.6096168],[-73.5940914,45.6099358],[-73.5945018,45.6100757],[-73.5956391,45.6099294],[-73.5956257,45.6098607],[-73.5951697,45.6098607],[-73.5948478,45.6096843],[-73.5945045,45.6096468],[-73.5944428,45.609434],[-73.5945957,45.6093766],[-73.5948076,45.6094228],[-73.5949524,45.6095541],[-73.5956444,45.6096404],[-73.5958107,45.6099594],[-73.5959851,45.6099283],[-73.5961594,45.6096292],[-73.5940153,45.6087393],[-73.5937073,45.6080585],[-73.5927174,45.6078731],[-73.5920708,45.6073621],[-73.590265,45.606481],[-73.5896119,45.6064193],[-73.5886466,45.6065395],[-73.5880861,45.6065159],[-73.5878265,45.6067545],[-73.5882244,45.6069247],[-73.5896164,45.6067211],[-73.5905184,45.6068701],[-73.5910555,45.6071271],[-73.5919175,45.6077586],[-73.5926872,45.6081709]],[[-73.5973825,45.6105448],[-73.5976936,45.6107887],[-73.5981469,45.610311],[-73.5980557,45.6100033],[-73.5978304,45.6098007],[-73.5972994,45.6096468],[-73.5962158,45.6097406],[-73.5960414,45.6100382],[-73.596425,45.6104161],[-73.5973825,45.6105448]],[[-73.5988926,45.6119317],[-73.5987092,45.6119802],[-73.5986487,45.6122597],[-73.5991388,45.612756],[-73.599211,45.6127141],[-73.5990778,45.6125449],[-73.5990041,45.6120303],[-73.5988926,45.6119317]],[[-73.6070526,45.618475],[-73.6070269,45.6183137],[-73.6069116,45.618215],[-73.6067962,45.6182539],[-73.6068283,45.6184452],[-73.6067407,45.6185662],[-73.6069223,45.6186185],[-73.6070526,45.618475]],[[-73.5704725,45.6264549],[-73.570841,45.626089],[-73.5705729,45.6263165],[-73.5704725,45.6264549]],[[-73.5679226,45.626742],[-73.5681999,45.626546],[-73.5687606,45.6260461],[-73.5679226,45.626742]],[[-73.5650083,45.6261522],[-73.5653657,45.6264171],[-73.5655111,45.6266428],[-73.5654527,45.626795],[-73.5651136,45.627038],[-73.5651326,45.6272314],[-73.5657087,45.6274781],[-73.5661961,45.6273721],[-73.5665465,45.6275379],[-73.5667819,45.6274958],[-73.5668155,45.6273981],[-73.5666315,45.6271563],[-73.5665732,45.6269039],[-73.5660104,45.6269311],[-73.5657352,45.6266086],[-73.565808,45.626479],[-73.5659985,45.6263805],[-73.5660133,45.6261105],[-73.5662603,45.6257795],[-73.5662727,45.6256916],[-73.5661506,45.6255679],[-73.5659843,45.625558],[-73.5653544,45.625826],[-73.5650052,45.6258337],[-73.5650083,45.6261522]],[[-73.5678554,45.6268468],[-73.5676368,45.6273509],[-73.567878,45.6268437],[-73.5678554,45.6268468]],[[-73.5675758,45.6274763],[-73.5673085,45.628096],[-73.5676014,45.6274878],[-73.5675758,45.6274763]],[[-73.5671839,45.6281998],[-73.5671847,45.6282871],[-73.5672239,45.628192],[-73.5671839,45.6281998]],[[-73.6146032,45.631311],[-73.6145416,45.6315092],[-73.6149796,45.6316368],[-73.6154288,45.6313815],[-73.6148116,45.6309389],[-73.6145058,45.6309412],[-73.6141932,45.6310752],[-73.6141854,45.6311316],[-73.6146032,45.631311]],[[-73.5613308,45.4897104],[-73.5617745,45.4894445],[-73.5611265,45.4889093],[-73.5606796,45.4891752],[-73.5613308,45.4897104]],[[-73.5597758,45.4897044],[-73.5599289,45.4898309],[-73.5600588,45.4897312],[-73.5599281,45.4896282],[-73.5602235,45.4894381],[-73.5597758,45.4897044]],[[-73.5606264,45.4901338],[-73.5608828,45.4899798],[-73.560429,45.4896301],[-73.5599772,45.4898722],[-73.5604336,45.4902458],[-73.5605978,45.4901472],[-73.5602463,45.4898943],[-73.5604928,45.4897419],[-73.5608051,45.4899952],[-73.5606264,45.4901338]],[[-73.5617258,45.5035437],[-73.5616258,45.5034304],[-73.5615032,45.5034821],[-73.5615364,45.5035777],[-73.5617258,45.5035437]],[[-73.5528567,45.5041055],[-73.5528917,45.5042801],[-73.5530579,45.5042262],[-73.5533727,45.5032948],[-73.5532648,45.5028896],[-73.5531939,45.5028937],[-73.5531772,45.503114],[-73.5530193,45.5033399],[-73.5531051,45.5036862],[-73.5528567,45.5041055]],[[-73.5623189,45.5036131],[-73.5622273,45.5035731],[-73.5621778,45.5036289],[-73.5622694,45.5036689],[-73.5623189,45.5036131]],[[-73.5582282,45.5563552],[-73.5583099,45.5562243],[-73.5582388,45.5562025],[-73.5581571,45.5563335],[-73.5582282,45.5563552]],[[-73.5603006,45.5580774],[-73.5602415,45.5581586],[-73.5604356,45.5580826],[-73.5603006,45.5580774]],[[-73.5601367,45.5583163],[-73.5600141,45.5583392],[-73.560151,45.5583502],[-73.5601367,45.5583163]],[[-73.5613789,45.5586745],[-73.5613053,45.5587155],[-73.5614206,45.5587242],[-73.5613789,45.5586745]],[[-73.5625406,45.5583869],[-73.5628083,45.5585957],[-73.5624498,45.5585852],[-73.5621544,45.5588155],[-73.5619118,45.5588594],[-73.5620874,45.5589292],[-73.5622078,45.559155],[-73.5624656,45.5591052],[-73.5627212,45.5593781],[-73.5632689,45.5594414],[-73.5636055,45.5591494],[-73.5635774,45.5589968],[-73.5632099,45.5587982],[-73.5633622,45.5586609],[-73.5629607,45.5583792],[-73.5625406,45.5583869]],[[-73.5589241,45.5589367],[-73.5587406,45.5592331],[-73.5587761,45.5593162],[-73.5586881,45.5593484],[-73.5584309,45.5592214],[-73.5583456,45.5590766],[-73.5584114,45.5589539],[-73.5583491,45.558918],[-73.5582724,45.5591444],[-73.5584236,45.5592917],[-73.5583737,45.559447],[-73.5585937,45.55952],[-73.5585136,45.5595697],[-73.5585915,45.5596532],[-73.5588114,45.5595507],[-73.5587204,45.5594479],[-73.5587774,45.5593899],[-73.5590823,45.559532],[-73.5592962,45.5590029],[-73.5591936,45.5589231],[-73.5589241,45.5589367]],[[-73.5624703,45.5599776],[-73.5628408,45.5602293],[-73.5632267,45.5601367],[-73.563165,45.5597823],[-73.5628214,45.5596687],[-73.5627607,45.5595137],[-73.5624949,45.559502],[-73.5619993,45.5593236],[-73.5619517,45.5594308],[-73.5620616,45.5594203],[-73.5621397,45.5598057],[-73.5623369,45.5601184],[-73.5624703,45.5599776]],[[-73.5612608,45.560113],[-73.5613244,45.5600525],[-73.5611911,45.5600657],[-73.5612608,45.560113]],[[-73.558126,45.5602359],[-73.5582022,45.5601181],[-73.5581383,45.5600978],[-73.5580622,45.5602157],[-73.558126,45.5602359]],[[-73.5607664,45.5603867],[-73.5609302,45.5605394],[-73.5610893,45.560344],[-73.5613297,45.5603477],[-73.5613009,45.5602399],[-73.561476,45.5603495],[-73.5614926,45.5602555],[-73.5611795,45.5601102],[-73.5609805,45.5601302],[-73.5607664,45.5603867]],[[-73.5523847,45.5607904],[-73.5525866,45.5607643],[-73.5525781,45.560143],[-73.5525216,45.5602097],[-73.552538,45.5607339],[-73.5524133,45.5607479],[-73.5521663,45.560271],[-73.5520554,45.5602152],[-73.5523847,45.5607904]],[[-73.5620497,45.5608112],[-73.5620909,45.5607487],[-73.5617085,45.5606437],[-73.5615779,45.560804],[-73.5620497,45.5608112]],[[-73.5619538,45.5617636],[-73.5623313,45.56187],[-73.5624134,45.5618144],[-73.562245,45.5617376],[-73.5619538,45.5617636]],[[-73.5410633,45.5716156],[-73.54114,45.5716659],[-73.5411672,45.5716138],[-73.5410633,45.5716156]],[[-73.5407276,45.5722646],[-73.5406083,45.5722919],[-73.5406095,45.572307],[-73.5407276,45.5722646]],[[-73.5403313,45.5728557],[-73.5402572,45.5728325],[-73.540214,45.5728964],[-73.5402871,45.5729219],[-73.5403313,45.5728557]],[[-73.5613954,45.6294355],[-73.5620246,45.6296952],[-73.5622596,45.6296387],[-73.5623607,45.6294761],[-73.5626715,45.6292941],[-73.5625932,45.6291686],[-73.5621257,45.6290767],[-73.5616228,45.6291457],[-73.5613777,45.6293206],[-73.5613954,45.6294355]],[[-73.5174648,45.6409494],[-73.517658,45.6408659],[-73.5176218,45.6407028],[-73.5169794,45.6405884],[-73.5168372,45.6406221],[-73.5167862,45.6407299],[-73.5169123,45.6408622],[-73.5174648,45.6409494]],[[-73.51768758939076,45.643327430581934],[-73.5168868,45.6431443],[-73.5166964,45.6432681],[-73.5165006,45.6438869],[-73.5176727,45.6440557],[-73.5179114,45.6439225],[-73.5179758,45.6440557],[-73.5181099,45.6440669],[-73.5181502,45.6435887],[-73.51768758939076,45.643327430581934]],[[-73.5382602,45.6456742],[-73.5377776,45.6461935],[-73.5387321,45.646625],[-73.5390605,45.6461823],[-73.5390084,45.6459816],[-73.5382602,45.6456742]],[[-73.52603,45.6626217],[-73.5254079,45.6617788],[-73.5252765,45.6618262],[-73.5258984,45.6626691],[-73.52603,45.6626217]],[[-73.5214026,45.6651217],[-73.5211242,45.6647223],[-73.5209959,45.6647632],[-73.5212744,45.6651576],[-73.5214026,45.6651217]],[[-73.5258516,45.6750732],[-73.5219339,45.6742101],[-73.5210281,45.6761912],[-73.5248594,45.6770515],[-73.5258516,45.6750732]],[[-73.5053634,45.6761416],[-73.5057172,45.6756104],[-73.5060854,45.67543],[-73.5063484,45.6754801],[-73.5063292,45.6753832],[-73.5060663,45.6753598],[-73.5056407,45.6755937],[-73.505526,45.6755803],[-73.5055547,45.6756672],[-73.5051339,45.6758643],[-73.5048375,45.6762585],[-73.5046744,45.6763153],[-73.5049379,45.6764021],[-73.5053634,45.6761416]],[[-73.534807,45.6758309],[-73.5352977,45.6763707],[-73.5352833,45.6765453],[-73.5355228,45.6768085],[-73.5349218,45.6774947],[-73.5343429,45.6783615],[-73.5345807,45.6783385],[-73.534734,45.6780098],[-73.5356488,45.6769296],[-73.5357046,45.6767637],[-73.53543,45.6765285],[-73.5354304,45.6763119],[-73.5352201,45.6761522],[-73.5351072,45.6758155],[-73.5349273,45.67572],[-73.534807,45.6758309]],[[-73.5300598,45.6805542],[-73.5302939,45.680637],[-73.53116,45.6804088],[-73.5311356,45.6801705],[-73.5310252,45.6800072],[-73.5310468,45.679835],[-73.5303779,45.6797513],[-73.5299389,45.6799219],[-73.5300852,45.6800446],[-73.5305029,45.6800228],[-73.53064,45.6802285],[-73.5302273,45.680302],[-73.530002,45.6801924],[-73.5300248,45.6800668],[-73.5298867,45.6799647],[-73.5298077,45.6802193],[-73.5300428,45.6804422],[-73.5300598,45.6805542]],[[-73.525543,45.6812912],[-73.5261782,45.6813385],[-73.5267028,45.6812733],[-73.5255512,45.681239],[-73.5244304,45.6808817],[-73.5245822,45.6810759],[-73.525543,45.6812912]],[[-73.5197337,45.6810922],[-73.5196205,45.6809043],[-73.5192701,45.6807597],[-73.5191905,45.6808895],[-73.5192788,45.6810879],[-73.5192087,45.6813179],[-73.5192624,45.681517],[-73.519741,45.6817194],[-73.5204301,45.6817194],[-73.5205627,45.6814496],[-73.5205363,45.6813616],[-73.5202497,45.6813943],[-73.5200566,45.6812082],[-73.5197337,45.6810922]],[[-73.4981938,45.6821325],[-73.4981254,45.680771],[-73.4979463,45.6807269],[-73.4978368,45.6807845],[-73.4978097,45.6821226],[-73.4980795,45.6822266],[-73.4981938,45.6821325]],[[-73.5188147,45.6831557],[-73.5189244,45.68322],[-73.5191828,45.6831235],[-73.5195294,45.6827521],[-73.5201148,45.6826215],[-73.5198806,45.6824369],[-73.5191939,45.6823976],[-73.5189042,45.6824538],[-73.5186977,45.6826281],[-73.5188147,45.6831557]],[[-73.4980542,45.6824068],[-73.4979335,45.6826514],[-73.4979412,45.6830107],[-73.4981228,45.6832905],[-73.4982829,45.6832923],[-73.4983333,45.6831919],[-73.4981914,45.6827526],[-73.4982492,45.6825826],[-73.4980542,45.6824068]],[[-73.5204936,45.6838626],[-73.5203496,45.6837709],[-73.5201603,45.6838029],[-73.5203533,45.6839053],[-73.5204936,45.6838626]],[[-73.5190818,45.684902],[-73.5192639,45.6846704],[-73.5195322,45.6847016],[-73.5194499,45.6848103],[-73.5194987,45.6848664],[-73.5197284,45.6848089],[-73.5199189,45.6844684],[-73.5195042,45.6845415],[-73.5192244,45.6843668],[-73.5190146,45.6846009],[-73.5189931,45.6848637],[-73.5190818,45.684902]],[[-73.5152981,45.6856093],[-73.5149083,45.6859236],[-73.514953,45.6860484],[-73.515637,45.6863842],[-73.515791,45.6861453],[-73.515751,45.6859171],[-73.5152981,45.6856093]],[[-73.5184473,45.6859981],[-73.5186649,45.6856995],[-73.5171533,45.6862137],[-73.5175569,45.6863585],[-73.5180129,45.6860688],[-73.5184473,45.6859981]],[[-73.5035305,45.6881168],[-73.5045589,45.689033],[-73.5047501,45.6890471],[-73.5050865,45.6884986],[-73.5048915,45.6884145],[-73.5045897,45.6881247],[-73.5045563,45.6877639],[-73.5041473,45.6876457],[-73.504016,45.6878384],[-73.5034903,45.6879834],[-73.5035305,45.6881168]],[[-73.5035536,45.6905095],[-73.5040299,45.6907239],[-73.5040895,45.6906375],[-73.5040699,45.6901904],[-73.5037981,45.690223],[-73.5035536,45.6905095]],[[-73.5979488,45.4802806],[-73.597577,45.4803677],[-73.5974718,45.4805996],[-73.5976322,45.4807677],[-73.5976376,45.4809557],[-73.5974408,45.4812895],[-73.5977441,45.4815227],[-73.5977422,45.4818304],[-73.5978496,45.4818912],[-73.59793,45.4816623],[-73.5977002,45.481304],[-73.5976725,45.4810759],[-73.5978407,45.4806513],[-73.5976661,45.4806042],[-73.5977838,45.4804579],[-73.5980578,45.480479],[-73.5981073,45.4806104],[-73.5980241,45.480765],[-73.5981945,45.4808109],[-73.5986354,45.4813052],[-73.5987114,45.4813077],[-73.5983581,45.4808856],[-73.5982236,45.4803658],[-73.5979488,45.4802806]],[[-73.664179,45.4976937],[-73.6647791,45.4980971],[-73.6648838,45.4980549],[-73.6642754,45.4976406],[-73.664179,45.4976937]],[[-73.5201618,45.6268999],[-73.5206299,45.6269731],[-73.5207948,45.626507],[-73.5206768,45.6264919],[-73.5202128,45.626717],[-73.5201618,45.6268999]],[[-73.5275702,45.6392071],[-73.5276077,45.6388545],[-73.5270498,45.6385132],[-73.526669,45.6385095],[-73.5264329,45.6385882],[-73.5263256,45.6387383],[-73.5263846,45.6390046],[-73.5269908,45.6393346],[-73.5273878,45.6393271],[-73.5275702,45.6392071]]],[[[-73.95110301140248,45.44670576297464],[-73.9513125,45.4467355],[-73.95135836322244,45.44675066460937],[-73.95110301140248,45.44670576297464]]],[[[-73.95044139693492,45.44685538149574],[-73.9504417,45.4468545],[-73.95044379428198,45.44685251187978],[-73.95044139693492,45.44685538149574]]],[[[-73.95028193372512,45.44687541998191],[-73.9502977,45.446892],[-73.95029776456543,45.446896856755686],[-73.95028193372512,45.44687541998191]]],[[[-73.9719382,45.4190922],[-73.9720256,45.4192175],[-73.9719801,45.4192838],[-73.9716757,45.4192371],[-73.9707731,45.4193918],[-73.9703882,45.4191978],[-73.9700348,45.4192322],[-73.9697689,45.4190161],[-73.9698634,45.4188172],[-73.9704477,45.4188442],[-73.9704966,45.4191217],[-73.9707486,45.4193206],[-73.9714903,45.4190849],[-73.9719382,45.4190922]]],[[[-73.9749949,45.4242177],[-73.9756931,45.4237877],[-73.9758945,45.4238415],[-73.9759306,45.4239334],[-73.9756125,45.42412],[-73.9749949,45.4242177]]],[[[-73.9516326,45.4461226],[-73.9514343,45.4459467],[-73.9515315,45.445689],[-73.9517348,45.445556],[-73.952569,45.4453442],[-73.9535954,45.4454071],[-73.9535863,45.4455138],[-73.9531568,45.4456933],[-73.9519551,45.4457478],[-73.9518546,45.4458728],[-73.9518957,45.4461357],[-73.9522658,45.446312],[-73.9521816,45.4464704],[-73.9521467,45.4462766],[-73.9516326,45.4461226]]],[[[-73.9509928,45.4481095],[-73.9511341,45.4481994],[-73.9517937,45.4483225],[-73.951977,45.4484363],[-73.9519246,45.448664],[-73.9515791,45.449057],[-73.9512702,45.4491911],[-73.9509309,45.4492496],[-73.9509022,45.4492316],[-73.9510054,45.4492237],[-73.951102,45.4492025],[-73.9512582,45.4491608],[-73.9515042,45.4490616],[-73.9515585,45.4490182],[-73.9518704,45.4486751],[-73.9519294,45.4485351],[-73.9519041,45.4484385],[-73.9518732,45.4484011],[-73.95164,45.4483084],[-73.9511987,45.4482532],[-73.9509908,45.4481448],[-73.9509205,45.4481211],[-73.9501027,45.4479949],[-73.9497177,45.4476105],[-73.9497058,45.4472703],[-73.9497665,45.447117],[-73.9501536,45.446857],[-73.9502667,45.4468594],[-73.9502986,45.4469597],[-73.9503533,45.446968],[-73.9504231,45.4469086],[-73.9504634,45.4468339],[-73.9510131,45.446693],[-73.9515484,45.4468135],[-73.9515922,45.4468153],[-73.95163,45.4467936],[-73.9511879,45.4464866],[-73.9517492,45.4468166],[-73.9516655,45.4468515],[-73.9511158,45.4467303],[-73.9506682,45.4468626],[-73.9508567,45.4470609],[-73.9508226,45.4472133],[-73.9504221,45.4472353],[-73.9499588,45.4475971],[-73.9501866,45.4479901],[-73.9509928,45.4481095]]],[[[-73.95042523556172,45.44688038366189],[-73.9504144,45.4469119],[-73.95036748918623,45.446950717803134],[-73.95042523556172,45.44688038366189]]],[[[-73.95100107308917,45.44815935918433],[-73.95096576125142,45.44814259177324],[-73.9509821,45.4481481],[-73.95100107308917,45.44815935918433]]],[[[-73.9443989,45.4549399],[-73.9444685,45.4547976],[-73.944717,45.4547381],[-73.9450115,45.4548063],[-73.9451207,45.4549474],[-73.9449968,45.455082],[-73.9445336,45.4550386],[-73.9443989,45.4549399]]],[[[-73.9457563,45.4603183],[-73.946324,45.4600582],[-73.9466599,45.4600196],[-73.9465557,45.4602146],[-73.9466484,45.4605722],[-73.9464949,45.4606758],[-73.9461618,45.460625],[-73.9457563,45.4603183]]],[[[-73.9429545,45.4659547],[-73.9434992,45.4662566],[-73.9436398,45.466538],[-73.9434846,45.4668872],[-73.9432532,45.4669591],[-73.9429252,45.4667414],[-73.9419265,45.4667208],[-73.9416542,45.4664045],[-73.9420437,45.4664251],[-73.9427466,45.4662916],[-73.9428666,45.4662197],[-73.9428374,45.4659753],[-73.9429545,45.4659547]]],[[[-73.9152908,45.4672387],[-73.9154034,45.4668498],[-73.9156234,45.4668635],[-73.9155952,45.46748],[-73.9148784,45.4678491],[-73.9145082,45.4682301],[-73.9136191,45.4688311],[-73.9133522,45.46888],[-73.9131993,45.4688104],[-73.9133307,45.4686072],[-73.9149562,45.4677607],[-73.9152908,45.4672387]]],[[[-73.9413338,45.4685091],[-73.9414478,45.4685842],[-73.9414338,45.4687306],[-73.9412671,45.4688328],[-73.9411021,45.4688168],[-73.9412916,45.4686937],[-73.9413338,45.4685091]]],[[[-73.9164939,45.4692437],[-73.9164414,45.4692966],[-73.916052,45.4692211],[-73.9161128,45.4691514],[-73.9164939,45.4692437]]],[[[-73.9170655,45.4704606],[-73.9170239,45.4703006],[-73.917563,45.4702062],[-73.9176876,45.4704144],[-73.9176696,45.4705601],[-73.9173621,45.4706168],[-73.9170655,45.4704606]]],[[[-73.9400266,45.4705147],[-73.9401321,45.4707157],[-73.9399698,45.4708201],[-73.939748,45.4705488],[-73.9398454,45.4701201],[-73.9401077,45.4701922],[-73.9400266,45.4705147]]],[[[-73.9391015,45.4708466],[-73.9391394,45.470748],[-73.9393395,45.4706569],[-73.9394018,45.4707404],[-73.9391015,45.4708466]]],[[[-73.8820041,45.5208427],[-73.8787592,45.519925],[-73.8773648,45.5198307],[-73.8759142,45.5198449],[-73.8737535,45.5195998],[-73.8707981,45.5194576],[-73.8700626,45.5195699],[-73.869298,45.519497],[-73.868822,45.5193253],[-73.8684291,45.5189299],[-73.8677492,45.5187932],[-73.8662915,45.5189366],[-73.8653463,45.5192043],[-73.864675,45.5192947],[-73.8637895,45.519305],[-73.8636987,45.5192454],[-73.8637049,45.5190969],[-73.8638127,45.5188229],[-73.864305,45.5181734],[-73.8642307,45.5178084],[-73.8636071,45.5176383],[-73.8627416,45.5171189],[-73.8619308,45.5164064],[-73.8608664,45.5158574],[-73.8596909,45.5155346],[-73.8583865,45.5150399],[-73.8578864,45.5147189],[-73.8573094,45.514544],[-73.8570677,45.5136507],[-73.857101,45.5135557],[-73.8565308,45.5130328],[-73.856006,45.5121457],[-73.8556629,45.5118937],[-73.855376,45.5118803],[-73.8551036,45.5117016],[-73.8550952,45.5112026],[-73.8552936,45.5107443],[-73.85556,45.5105276],[-73.8583075,45.5089251],[-73.859175,45.5082447],[-73.8597459,45.5071361],[-73.8597872,45.5057207],[-73.8597202,45.5048792],[-73.8600464,45.5041331],[-73.8604538,45.5038194],[-73.8627228,45.5032448],[-73.8634076,45.5027733],[-73.8635104,45.5025638],[-73.8635316,45.5019501],[-73.8633915,45.5017191],[-73.863276,45.5],[-73.8630813,45.4992808],[-73.8627788,45.4988862],[-73.8625126,45.4986903],[-73.8616283,45.4983561],[-73.8613832,45.4979591],[-73.8610562,45.4977015],[-73.8609965,45.4968994],[-73.8611463,45.4964856],[-73.8615993,45.4957798],[-73.8626254,45.4954006],[-73.8632436,45.4948473],[-73.8636925,45.4938779],[-73.8642514,45.4935541],[-73.8642016,45.4926231],[-73.8639544,45.4923662],[-73.8636294,45.4922404],[-73.8636566,45.492022],[-73.8642641,45.4911099],[-73.8652351,45.4906798],[-73.8657694,45.4907359],[-73.8664443,45.4904262],[-73.8676002,45.4895016],[-73.8676178,45.4893415],[-73.8677938,45.4891261],[-73.8680923,45.4890734],[-73.8686221,45.4886637],[-73.8686526,45.4883536],[-73.8696563,45.4880024],[-73.8708225,45.4871974],[-73.8709823,45.4868987],[-73.8711553,45.4867906],[-73.8713916,45.4864448],[-73.8721397,45.4857074],[-73.8724088,45.4855665],[-73.872781,45.4854599],[-73.8732455,45.4858445],[-73.874247,45.4860312],[-73.8749679,45.4860561],[-73.8752719,45.4862517],[-73.8760261,45.4861815],[-73.8761941,45.4864098],[-73.876353,45.486439],[-73.8765814,45.4863538],[-73.8769787,45.4858969],[-73.8773969,45.4856421],[-73.877714,45.4849408],[-73.8777218,45.4846802],[-73.878416,45.4840798],[-73.8785097,45.4836712],[-73.8782653,45.4832182],[-73.8782263,45.4823461],[-73.8784246,45.4816058],[-73.8786981,45.4812776],[-73.8790387,45.4809603],[-73.8793283,45.4808321],[-73.8795699,45.4804356],[-73.8801436,45.4801204],[-73.8803789,45.4801025],[-73.8807376,45.4797812],[-73.8819502,45.4789745],[-73.8827721,45.478836],[-73.8832535,45.4786153],[-73.8840276,45.4779552],[-73.885513,45.4769413],[-73.8866739,45.4762853],[-73.8874738,45.4755231],[-73.8875604,45.4753191],[-73.8882486,45.4748391],[-73.8885898,45.4743875],[-73.8890581,45.4734042],[-73.88907,45.4731352],[-73.8899048,45.4727095],[-73.8901068,45.4725147],[-73.8906665,45.4723786],[-73.8909398,45.4719293],[-73.8913172,45.4717301],[-73.892069,45.4715281],[-73.8932702,45.4716599],[-73.8939717,45.4719144],[-73.8944854,45.4719264],[-73.8951368,45.4720656],[-73.8957757,45.471958],[-73.8961642,45.4720896],[-73.8968073,45.4719736],[-73.8971489,45.4720377],[-73.8974101,45.4718854],[-73.8982946,45.4718748],[-73.8985685,45.4719412],[-73.8987126,45.4718918],[-73.8991879,45.4720913],[-73.899704,45.4719352],[-73.9001588,45.4716048],[-73.9011356,45.4712697],[-73.9012846,45.4711559],[-73.901619,45.4706088],[-73.901522,45.470426],[-73.9011939,45.4705246],[-73.9008875,45.4702253],[-73.9000239,45.470166],[-73.8996712,45.4703149],[-73.89925,45.4696785],[-73.89902,45.469604],[-73.8988922,45.469348],[-73.8990412,45.4692342],[-73.8994444,45.4691725],[-73.9009147,45.4680197],[-73.901556,45.4677439],[-73.9018672,45.4677068],[-73.9022081,45.4678269],[-73.9024583,45.4681594],[-73.9025537,45.4684544],[-73.9028178,45.4686496],[-73.9032848,45.4688659],[-73.9039664,45.469406],[-73.9043389,45.4695431],[-73.9046136,45.4695535],[-73.905296,45.4694657],[-73.9062401,45.4694695],[-73.9068555,45.469328],[-73.9083851,45.469333],[-73.9093215,45.4690256],[-73.9100479,45.4689297],[-73.9108705,45.4685009],[-73.9113879,45.4685325],[-73.9116296,45.468338],[-73.9119006,45.4683287],[-73.9124104,45.4680491],[-73.9140893,45.4679121],[-73.9136789,45.4682064],[-73.9130381,45.4684542],[-73.9128403,45.4686406],[-73.9124436,45.4690976],[-73.9125592,45.4693787],[-73.9138133,45.4694293],[-73.9142735,45.4698501],[-73.915555,45.4702261],[-73.916166,45.4706927],[-73.9171852,45.4707333],[-73.917263,45.470874],[-73.9174481,45.4707407],[-73.9179026,45.4707102],[-73.9179839,45.4711704],[-73.9181353,45.4714601],[-73.918443,45.4716753],[-73.918853,45.4722807],[-73.9196025,45.47369],[-73.9197546,45.4737554],[-73.9200765,45.473682],[-73.9207095,45.4739021],[-73.9213371,45.47384],[-73.9217572,45.4740242],[-73.9222652,45.4744565],[-73.922312,45.474824],[-73.9232367,45.475957],[-73.9241366,45.4768684],[-73.9249697,45.4774262],[-73.925724,45.4773276],[-73.9266729,45.4766949],[-73.9268758,45.4767159],[-73.9277238,45.4773523],[-73.9280339,45.4773992],[-73.9291573,45.477118],[-73.9293372,45.4767773],[-73.9294895,45.476711],[-73.9298479,45.4770133],[-73.9299145,45.477395],[-73.9304896,45.4778809],[-73.9308753,45.4779368],[-73.9316658,45.4778187],[-73.932167,45.4775838],[-73.9321778,45.4773709],[-73.9325963,45.4773596],[-73.9328343,45.4771454],[-73.9329747,45.4767763],[-73.9334603,45.476219],[-73.9339019,45.4762696],[-73.9350884,45.4766222],[-73.9355385,45.476628],[-73.936668,45.47647],[-73.9368096,45.4763169],[-73.9376887,45.4761265],[-73.9384519,45.4762548],[-73.938708,45.4761668],[-73.9389307,45.4762019],[-73.9395815,45.4760969],[-73.9404419,45.4761082],[-73.9412025,45.4758329],[-73.9422212,45.4756293],[-73.9421508,45.475528],[-73.9421914,45.4754722],[-73.9427804,45.4755209],[-73.9431162,45.4754334],[-73.9442041,45.4757152],[-73.9443858,45.4758341],[-73.9444387,45.4760531],[-73.944349,45.4762095],[-73.9443728,45.4765151],[-73.943603,45.477763],[-73.943145,45.4783739],[-73.9422779,45.479167],[-73.9415131,45.4794507],[-73.9410499,45.4795262],[-73.9407711,45.4792244],[-73.9405953,45.4792569],[-73.9400919,45.4790602],[-73.939396,45.4792574],[-73.9387426,45.4795586],[-73.9385731,45.4797145],[-73.93833,45.480621],[-73.9383478,45.4810752],[-73.9384409,45.4812665],[-73.938846,45.4816644],[-73.9393148,45.4817683],[-73.9399262,45.481635],[-73.9403548,45.4814669],[-73.9403838,45.4813802],[-73.9409338,45.4813726],[-73.9411178,45.4816232],[-73.9406504,45.482007],[-73.940519,45.4823032],[-73.9404993,45.482589],[-73.9408378,45.4832051],[-73.9413036,45.4835333],[-73.9420528,45.483527],[-73.9423105,45.4833269],[-73.9425086,45.4828124],[-73.9433926,45.4825575],[-73.9436353,45.4825787],[-73.943801,45.4827031],[-73.9437821,45.4829329],[-73.9436525,45.483089],[-73.9436641,45.4834198],[-73.9435621,45.4836013],[-73.9431539,45.4837276],[-73.9420037,45.4836276],[-73.9412574,45.4837096],[-73.9410914,45.4848129],[-73.9410906,45.4851689],[-73.941208,45.4856377],[-73.9411759,45.4859487],[-73.9409451,45.4865302],[-73.94029,45.4875434],[-73.940198,45.487868],[-73.9401701,45.4887704],[-73.9399079,45.4893068],[-73.9397526,45.4892974],[-73.938836,45.4901912],[-73.9384755,45.4903289],[-73.9376796,45.4908395],[-73.9373708,45.4912803],[-73.9368945,45.4917369],[-73.9367183,45.4917974],[-73.9365071,45.4914932],[-73.93628,45.4914945],[-73.9353253,45.4925478],[-73.9350697,45.4931796],[-73.9345769,45.4933698],[-73.9333608,45.4934037],[-73.9328435,45.4936442],[-73.9326334,45.4938558],[-73.932446,45.4938574],[-73.9323351,45.4935118],[-73.931931,45.4933297],[-73.930874,45.4933928],[-73.9289493,45.4939489],[-73.9279549,45.493691],[-73.9272394,45.4936427],[-73.9269736,45.4937372],[-73.9257261,45.4950345],[-73.9248292,45.4967507],[-73.9234025,45.4982313],[-73.9224264,45.4996544],[-73.9220635,45.4999603],[-73.92156,45.5],[-73.9202837,45.500453],[-73.9189211,45.5007275],[-73.9173229,45.5014754],[-73.9168848,45.5014444],[-73.9153484,45.5009493],[-73.914651,45.5010358],[-73.914051,45.5014054],[-73.913716,45.5017086],[-73.9132566,45.5023474],[-73.9128057,45.5033142],[-73.9124999,45.5049046],[-73.9126997,45.5058924],[-73.9119149,45.5065811],[-73.9119611,45.5066169],[-73.9115018,45.5071742],[-73.9110767,45.5074421],[-73.9099676,45.507677],[-73.9095357,45.508162],[-73.9092326,45.5083575],[-73.9080824,45.5083136],[-73.9077134,45.508468],[-73.9070359,45.5082024],[-73.9063466,45.508255],[-73.9052921,45.5088381],[-73.9039755,45.5098697],[-73.903254,45.5103133],[-73.9029345,45.5109017],[-73.9028496,45.5117942],[-73.9026779,45.5120611],[-73.9027316,45.5126551],[-73.9025599,45.513249],[-73.9021954,45.5138947],[-73.9023043,45.514541],[-73.9027014,45.5155425],[-73.9026086,45.5156232],[-73.9014228,45.5157298],[-73.9013167,45.5158783],[-73.9015649,45.5164592],[-73.9025943,45.5168774],[-73.902638,45.5170636],[-73.9024706,45.5172858],[-73.9021444,45.51744],[-73.9009842,45.5174144],[-73.9001377,45.5172095],[-73.8991469,45.5167903],[-73.8986939,45.5164311],[-73.898353,45.5162829],[-73.8975753,45.5162914],[-73.8971908,45.5163645],[-73.8968653,45.5165389],[-73.8968793,45.5166735],[-73.8970611,45.5167925],[-73.8963312,45.5173565],[-73.895642,45.5175927],[-73.8951856,45.5174353],[-73.8950335,45.5174735],[-73.8949226,45.5176998],[-73.8945004,45.5176632],[-73.8943188,45.5178161],[-73.8937244,45.5178315],[-73.8929837,45.5180365],[-73.8915135,45.5187774],[-73.8906194,45.5188327],[-73.8902033,45.5186475],[-73.889793,45.5183418],[-73.8893959,45.5182268],[-73.8889499,45.5184563],[-73.8882679,45.5181879],[-73.887805,45.5182071],[-73.8876102,45.5184412],[-73.8872322,45.5192122],[-73.8867657,45.5197556],[-73.8862531,45.5201752],[-73.8855736,45.5205544],[-73.8850211,45.5207018],[-73.8830355,45.5209427],[-73.8820041,45.5208427]],[[-73.9185117,45.4805917],[-73.9186226,45.4806895],[-73.9187377,45.480649],[-73.9186579,45.4805051],[-73.918337,45.480358],[-73.9182154,45.4803973],[-73.9183142,45.4805691],[-73.9185117,45.4805917]],[[-73.9117292,45.481058],[-73.9119644,45.4812037],[-73.9121066,45.4811768],[-73.9115108,45.4807624],[-73.9109268,45.4810094],[-73.9102502,45.4810336],[-73.9102122,45.4812097],[-73.9104215,45.4813037],[-73.9107758,45.481251],[-73.9110095,45.4810503],[-73.9117292,45.481058]],[[-73.9136478,45.48128],[-73.9144953,45.4815363],[-73.9148081,45.481509],[-73.9150974,45.4816263],[-73.9154296,45.4814061],[-73.9150221,45.4811868],[-73.9144746,45.4812226],[-73.914116,45.4810166],[-73.9135662,45.4809338],[-73.9137433,45.4810028],[-73.9136269,45.481163],[-73.9136478,45.48128]],[[-73.9096792,45.4816897],[-73.9099979,45.4817657],[-73.9101333,45.4815043],[-73.9099669,45.4813822],[-73.9094754,45.4814672],[-73.9096792,45.4816897]],[[-73.9154823,45.4814913],[-73.9154111,45.4816829],[-73.9161997,45.481786],[-73.9164973,45.481663],[-73.9158496,45.4814652],[-73.9154823,45.4814913]],[[-73.9385924,45.4833773],[-73.9388742,45.4831081],[-73.9386638,45.4828855],[-73.9385099,45.4828993],[-73.9384176,45.483159],[-73.9384804,45.4833281],[-73.9385924,45.4833773]],[[-73.9157522,45.4831713],[-73.9160615,45.4833906],[-73.9162605,45.4833282],[-73.9161546,45.4831606],[-73.9158264,45.4830934],[-73.9157522,45.4831713]],[[-73.9154583,45.4837188],[-73.9152763,45.4834768],[-73.9151055,45.4834905],[-73.9151926,45.4837314],[-73.9154583,45.4837188]],[[-73.9297748,45.4840898],[-73.929641,45.4839305],[-73.9290429,45.4842074],[-73.9295568,45.4840322],[-73.9297748,45.4840898]],[[-73.9155871,45.4988681],[-73.915492,45.4988333],[-73.9154015,45.4986246],[-73.915137,45.4985588],[-73.9140261,45.4988137],[-73.9137501,45.4990302],[-73.913775,45.4994623],[-73.9139668,45.4995109],[-73.9155871,45.4988681]],[[-73.9111083,45.4997252],[-73.9108126,45.4998496],[-73.9106376,45.500112],[-73.9104182,45.5002317],[-73.9103573,45.5004317],[-73.9109569,45.5008412],[-73.9111044,45.5008031],[-73.9117475,45.5002725],[-73.9121631,45.5002914],[-73.9123381,45.5001086],[-73.9121608,45.4999855],[-73.9118687,45.5001043],[-73.9115355,45.5000627],[-73.9111083,45.4997252]],[[-73.9099799,45.5024205],[-73.9102787,45.502128],[-73.9102349,45.5020233],[-73.9097713,45.5022002],[-73.9098666,45.5023952],[-73.9099799,45.5024205]],[[-73.9093798,45.5023573],[-73.9097249,45.5025486],[-73.9098048,45.5025107],[-73.9095575,45.502249],[-73.9093798,45.5023573]],[[-73.9104393,45.5036674],[-73.910376,45.5035674],[-73.910282,45.5035674],[-73.9099267,45.5039073],[-73.9100532,45.5039732],[-73.9104393,45.5036674]],[[-73.9111076,45.5040619],[-73.9111498,45.50393],[-73.9109389,45.5038482],[-73.9106096,45.503988],[-73.9107134,45.5041085],[-73.9111076,45.5040619]],[[-73.8988047,45.4751804],[-73.8993023,45.4753863],[-73.8995914,45.475347],[-73.8998582,45.4751961],[-73.8997655,45.4749682],[-73.8988047,45.4751804]],[[-73.8866566,45.4860676],[-73.8869142,45.4861367],[-73.8871814,45.4859093],[-73.8872896,45.4856149],[-73.8875727,45.4853718],[-73.8873977,45.4852001],[-73.8868951,45.485441],[-73.8864276,45.486081],[-73.8866566,45.4860676]],[[-73.8944119,45.4862519],[-73.894402,45.4861089],[-73.8940672,45.4861121],[-73.893965,45.4862936],[-73.8944119,45.4862519]],[[-73.8867904,45.4862855],[-73.8868564,45.4861949],[-73.8866918,45.4860997],[-73.8863477,45.4861255],[-73.8864659,45.4863164],[-73.8867904,45.4862855]],[[-73.8978456,45.4951219],[-73.8972404,45.4954146],[-73.8971431,45.4955387],[-73.8971621,45.4960487],[-73.897342,45.4961086],[-73.8977443,45.4959594],[-73.8986064,45.4953052],[-73.8986185,45.4951407],[-73.8985394,45.4950758],[-73.8978456,45.4951219]],[[-73.9011273,45.4964004],[-73.9015739,45.4961016],[-73.9017278,45.4958035],[-73.9016704,45.4954827],[-73.9009991,45.4957006],[-73.9009337,45.4959439],[-73.9007981,45.4960432],[-73.9008646,45.4963151],[-73.9006914,45.4966183],[-73.8999737,45.4971636],[-73.89984,45.4975446],[-73.9003901,45.4977299],[-73.9005299,45.4976916],[-73.9004132,45.4974253],[-73.9005218,45.4969724],[-73.9011273,45.4964004]],[[-73.8978555,45.499114],[-73.8981819,45.4986406],[-73.8994649,45.4978371],[-73.8997548,45.4975427],[-73.8997601,45.4974119],[-73.8992306,45.4974246],[-73.8980339,45.4979838],[-73.8968528,45.4983295],[-73.8966708,45.4986058],[-73.896758,45.49865],[-73.8970249,45.498572],[-73.8971629,45.4986812],[-73.8972338,45.4987956],[-73.8971831,45.4991842],[-73.897449,45.4992708],[-73.8978555,45.499114]],[[-73.8949321,45.4987126],[-73.895321,45.4991093],[-73.8964073,45.4988988],[-73.8966072,45.4984814],[-73.8965951,45.4983554],[-73.8964784,45.4982915],[-73.8949321,45.4987126]],[[-73.8870207,45.4996524],[-73.8876681,45.4995353],[-73.888161,45.4995763],[-73.8882997,45.4995029],[-73.8883632,45.4993214],[-73.8882595,45.4991889],[-73.8881051,45.4991433],[-73.8873489,45.4991889],[-73.8866653,45.4994239],[-73.8865835,45.499549],[-73.8870207,45.4996524]],[[-73.8908712,45.4998934],[-73.8907045,45.4998122],[-73.890176,45.4998307],[-73.8896101,45.5000111],[-73.8893801,45.4999987],[-73.8885732,45.5003608],[-73.8884307,45.5005857],[-73.8885911,45.500619],[-73.888953,45.5004388],[-73.8893363,45.5004797],[-73.8896035,45.5003569],[-73.8901114,45.5003644],[-73.8902979,45.500194],[-73.8906679,45.5001313],[-73.8908712,45.4998934]],[[-73.8907017,45.502073],[-73.8907134,45.501929],[-73.890139,45.5014495],[-73.8896603,45.5013955],[-73.8894361,45.5014446],[-73.8890578,45.5017719],[-73.8891186,45.5019192],[-73.8894338,45.5020403],[-73.8904075,45.5021532],[-73.8907017,45.502073]],[[-73.8863007,45.5022714],[-73.8860972,45.5019687],[-73.8866805,45.5015916],[-73.8866744,45.5014833],[-73.8861215,45.5016799],[-73.8859284,45.5020561],[-73.8856124,45.5023135],[-73.8855947,45.5024276],[-73.8857628,45.5025058],[-73.8860442,45.5023805],[-73.8862406,45.5023892],[-73.8863007,45.5022714]],[[-73.8953804,45.5008568],[-73.8953321,45.5009817],[-73.8954559,45.5010833],[-73.8963528,45.5013796],[-73.8972649,45.502275],[-73.8976756,45.5028211],[-73.8980773,45.5030815],[-73.8982525,45.5033672],[-73.8984759,45.5033651],[-73.898479,45.5031005],[-73.898301,45.502842],[-73.8976181,45.502373],[-73.8964846,45.5013264],[-73.895961,45.5010711],[-73.8957307,45.5008293],[-73.8955344,45.5007891],[-73.8953804,45.5008568]],[[-73.8871035,45.5033563],[-73.8872454,45.5034928],[-73.8874634,45.5031665],[-73.8870968,45.5028448],[-73.887044,45.5030392],[-73.8871035,45.5033563]],[[-73.8944405,45.503308],[-73.8945042,45.5034184],[-73.8951413,45.5036366],[-73.8953324,45.5033712],[-73.8953023,45.5032584],[-73.8949643,45.5031616],[-73.8944405,45.503308]],[[-73.8902608,45.5039817],[-73.8905188,45.5038734],[-73.8904031,45.5037132],[-73.8904675,45.5036607],[-73.8904287,45.5035749],[-73.8901973,45.5033609],[-73.8892736,45.503016],[-73.8892755,45.5030997],[-73.8899763,45.5035497],[-73.8902608,45.5039817]],[[-73.8991024,45.5075641],[-73.8993342,45.5075265],[-73.8996673,45.5070915],[-73.9001562,45.5069099],[-73.9001799,45.5066438],[-73.8999937,45.5065612],[-73.8997981,45.5065794],[-73.8989615,45.5068174],[-73.8987643,45.5069478],[-73.8986309,45.5073562],[-73.8991024,45.5075641]],[[-73.8929224,45.5081618],[-73.8923293,45.5083789],[-73.8918986,45.5087125],[-73.8918948,45.5089402],[-73.8928507,45.509107],[-73.893134,45.5090593],[-73.8932171,45.508964],[-73.8933531,45.5083286],[-73.8931453,45.5081538],[-73.8929224,45.5081618]],[[-73.8915681,45.5097143],[-73.8915816,45.5096051],[-73.8913485,45.5094548],[-73.8906749,45.5094416],[-73.8907847,45.5095714],[-73.8915681,45.5097143]],[[-73.89087,45.5108228],[-73.8902907,45.510122],[-73.889811,45.5100237],[-73.8898774,45.5102461],[-73.8901357,45.5102849],[-73.8906449,45.510859],[-73.89087,45.5108228]],[[-73.88417,45.5108642],[-73.8845702,45.5105793],[-73.8845483,45.5104591],[-73.8847646,45.5103433],[-73.8848628,45.5101728],[-73.8845099,45.5102504],[-73.8843238,45.510171],[-73.8841855,45.5102646],[-73.8833737,45.5104336],[-73.8836658,45.5109093],[-73.88417,45.5108642]],[[-73.8864962,45.510647],[-73.886086,45.5103135],[-73.885854,45.5105262],[-73.8862365,45.5108307],[-73.8864703,45.510733],[-73.8864962,45.510647]],[[-73.8907314,45.5119419],[-73.890902,45.512094],[-73.8916456,45.5122435],[-73.8916984,45.5121375],[-73.8913993,45.5117731],[-73.8909549,45.5117202],[-73.8907844,45.5117755],[-73.8907314,45.5119419]],[[-73.8905165,45.5133356],[-73.8911955,45.5131298],[-73.891205,45.5130502],[-73.8909469,45.5129305],[-73.8902373,45.51316],[-73.8893427,45.5127839],[-73.8888846,45.5127638],[-73.8885339,45.5128842],[-73.8885196,45.5130046],[-73.8889275,45.5134359],[-73.8889062,45.5136299],[-73.8886816,45.5137622],[-73.8883192,45.5138221],[-73.8874674,45.5136114],[-73.8858141,45.5134359],[-73.8855135,45.5135161],[-73.8854127,45.5136386],[-73.8854777,45.513792],[-73.8860145,45.5142032],[-73.8859572,45.5144891],[-73.8861648,45.5146647],[-73.8870175,45.5144134],[-73.8884754,45.5144733],[-73.8890854,45.5143866],[-73.8898437,45.5141531],[-73.890452,45.5138271],[-73.8905165,45.5133356]],[[-73.8847645,45.5194263],[-73.8844474,45.5192909],[-73.8842905,45.5193422],[-73.884324,45.5194375],[-73.8845842,45.5195602],[-73.8847645,45.5194263]]],[[[-73.6715513,45.4307214],[-73.6705875,45.4312753],[-73.6695894,45.4313112],[-73.6694029,45.4310196],[-73.6714826,45.4304436],[-73.6715747,45.4305637],[-73.6715513,45.4307214]]],[[[-73.7228938,45.431692],[-73.7232117,45.4313814],[-73.7238317,45.4311017],[-73.7245343,45.4310322],[-73.7250463,45.4311622],[-73.7251698,45.4313077],[-73.7251964,45.4315839],[-73.7250981,45.4317818],[-73.7247505,45.4320526],[-73.7234328,45.4319653],[-73.7228654,45.43204],[-73.7228938,45.431692]]],[[[-73.6710889,45.4312167],[-73.6713864,45.4311018],[-73.673611,45.4309382],[-73.6748948,45.4309536],[-73.6766513,45.4312799],[-73.6773944,45.431296],[-73.6788158,45.4317608],[-73.6818381,45.4324387],[-73.6837343,45.4323264],[-73.683735,45.4324379],[-73.6830609,45.4328241],[-73.6821317,45.4328793],[-73.6806484,45.4326421],[-73.6780749,45.431757],[-73.6772434,45.4315815],[-73.676251,45.4315147],[-73.6756488,45.4315669],[-73.6731912,45.4312417],[-73.6710889,45.4312167]]],[[[-73.7449767,45.4313413],[-73.7459755,45.4318458],[-73.7461721,45.4320423],[-73.7462852,45.4323503],[-73.7460644,45.4327263],[-73.7455367,45.433021],[-73.74469,45.4336665],[-73.7443066,45.4337558],[-73.743568,45.4336823],[-73.7428611,45.4334933],[-73.7425916,45.4335518],[-73.7423949,45.433424],[-73.742197,45.4334171],[-73.7412643,45.4336192],[-73.7410768,45.4335846],[-73.7395512,45.433779],[-73.7388305,45.4336551],[-73.7384756,45.4335095],[-73.7372513,45.433504],[-73.7370194,45.4333663],[-73.7370105,45.43302],[-73.7370907,45.4328031],[-73.7374504,45.4323462],[-73.738329,45.4318156],[-73.7386333,45.4314245],[-73.7387383,45.4310976],[-73.7397156,45.4306252],[-73.7400172,45.4305666],[-73.7411238,45.4307121],[-73.7428227,45.4311618],[-73.7441312,45.4311939],[-73.7449767,45.4313413]]],[[[-73.7338388,45.4328504],[-73.7337848,45.4327905],[-73.7339743,45.4322677],[-73.7341564,45.4323142],[-73.7342068,45.4324104],[-73.7341284,45.4327189],[-73.7338388,45.4328504]]],[[[-73.6751573,45.4376096],[-73.675227,45.4373791],[-73.6753222,45.4374374],[-73.6752391,45.4376087],[-73.6751573,45.4376096]]],[[[-73.6753142,45.4377686],[-73.6752163,45.437795],[-73.6752297,45.437699],[-73.6753142,45.4377686]]],[[[-73.8860884,45.4415422],[-73.8858894,45.4418149],[-73.8856318,45.4418198],[-73.8855873,45.4417524],[-73.8856623,45.4415323],[-73.8859565,45.441442],[-73.8860884,45.4415422]]],[[[-73.7803778,45.4709783],[-73.780251,45.4708468],[-73.7802986,45.4707356],[-73.7803884,45.4707263],[-73.7805205,45.4708746],[-73.7803778,45.4709783]]],[[[-73.7745345,45.4722036],[-73.7746605,45.4725215],[-73.7744728,45.4726936],[-73.7743695,45.4723541],[-73.7745345,45.4722036]]],[[[-73.8794264,45.4754931],[-73.8794843,45.4753478],[-73.8796736,45.4752062],[-73.8804392,45.4751669],[-73.8806038,45.4750756],[-73.881019,45.4752888],[-73.8809316,45.4755489],[-73.8805952,45.4756642],[-73.8803574,45.4755784],[-73.8794264,45.4754931]]],[[[-73.8822635,45.4771001],[-73.8823617,45.4771989],[-73.8820496,45.477292],[-73.8821395,45.4771357],[-73.8822635,45.4771001]]],[[[-73.8812956,45.4780238],[-73.8814028,45.4781159],[-73.8799856,45.478869],[-73.879787,45.4789425],[-73.8795677,45.4788964],[-73.8797933,45.4786067],[-73.8808665,45.4780232],[-73.8812956,45.4780238]]],[[[-73.8753468,45.4821212],[-73.8757499,45.4822048],[-73.8771571,45.4818899],[-73.8774491,45.4823545],[-73.8773793,45.4830407],[-73.877424,45.4837923],[-73.8773476,45.4841113],[-73.8768362,45.4847466],[-73.8760585,45.4851763],[-73.8751378,45.4853811],[-73.8734746,45.4851],[-73.8734251,45.4848466],[-73.873732,45.4844961],[-73.8747541,45.4838463],[-73.8754142,45.4830797],[-73.8753584,45.482813],[-73.8752237,45.4827616],[-73.8751107,45.482856],[-73.8749559,45.4828185],[-73.874946,45.4826754],[-73.8753468,45.4821212]]],[[[-73.8153734,45.4863354],[-73.8153842,45.4861849],[-73.8167467,45.4856885],[-73.8169077,45.4858765],[-73.8166609,45.4860646],[-73.8166072,45.4864106],[-73.8164034,45.4865309],[-73.8153734,45.4863354]]],[[[-73.8109317,45.4876216],[-73.8109853,45.4874561],[-73.811275,45.4872906],[-73.8112536,45.4871853],[-73.8114038,45.4871026],[-73.8118329,45.487253],[-73.8123479,45.4876291],[-73.812026,45.4877569],[-73.8115862,45.4875163],[-73.8110819,45.4876968],[-73.8109317,45.4876216]]],[[[-73.81444,45.487614],[-73.8143756,45.4878021],[-73.8141289,45.4879751],[-73.8135817,45.4881631],[-73.8132169,45.4881857],[-73.8130757,45.4880807],[-73.813056,45.4879149],[-73.8139143,45.4874636],[-73.8143005,45.487441],[-73.81444,45.487614]]],[[[-73.8606081,45.4911976],[-73.8601599,45.4913232],[-73.8591531,45.4909569],[-73.8590842,45.4907714],[-73.8593777,45.4903363],[-73.8602286,45.4899334],[-73.86031,45.4898218],[-73.8608248,45.489778],[-73.8613707,45.4900512],[-73.8613727,45.490183],[-73.8609546,45.4909535],[-73.8606081,45.4911976]]],[[[-73.8568481,45.49894],[-73.8574125,45.4985237],[-73.8579893,45.4985981],[-73.8579444,45.4989342],[-73.8577228,45.4990867],[-73.8571824,45.4992368],[-73.856929,45.4991284],[-73.8568481,45.49894]]],[[[-73.8559913,45.5078565],[-73.8564237,45.5069486],[-73.8565308,45.5064588],[-73.8569199,45.5057749],[-73.8572642,45.5059429],[-73.8584317,45.5070421],[-73.8564799,45.5079751],[-73.8560332,45.5079885],[-73.8559913,45.5078565]]],[[[-73.8211941,45.5140337],[-73.82097,45.5140824],[-73.8204626,45.5138934],[-73.8193024,45.5141365],[-73.8183697,45.5141067],[-73.8182116,45.5140214],[-73.8182168,45.5131972],[-73.8185064,45.5130425],[-73.8192181,45.512848],[-73.8199761,45.512827],[-73.8210631,45.5129982],[-73.8214309,45.5133545],[-73.8214849,45.5135265],[-73.8211941,45.5140337]]],[[[-73.85574787291486,45.51371604944548],[-73.8558909,45.5136778],[-73.85579343236098,45.51376879639059],[-73.85574787291486,45.51371604944548]]],[[[-73.757029,45.5154814],[-73.7570202,45.5159859],[-73.7568527,45.5162172],[-73.7561405,45.5165783],[-73.7554778,45.5170829],[-73.7529175,45.5179971],[-73.7522406,45.5179352],[-73.7519764,45.5177675],[-73.7519779,45.5172237],[-73.752378,45.5164674],[-73.7524169,45.516064],[-73.7526957,45.5151749],[-73.7528756,45.5149185],[-73.7537045,45.5142669],[-73.7539897,45.5141488],[-73.7563094,45.514208],[-73.7565503,45.5143418],[-73.7567728,45.5146213],[-73.757029,45.5154814]]],[[[-73.7147732,45.5379918],[-73.7149798,45.5379745],[-73.7151451,45.5381494],[-73.7148364,45.5384494],[-73.7142535,45.5384666],[-73.7142515,45.5383628],[-73.7147732,45.5379918]]],[[[-73.698231,45.547235],[-73.6983781,45.5470725],[-73.6985654,45.5470049],[-73.6992033,45.5470293],[-73.6993369,45.5473217],[-73.6991872,45.5476492],[-73.6990638,45.5477337],[-73.6979391,45.5478141],[-73.6969462,45.548115],[-73.6960571,45.5481281],[-73.6958997,45.5477763],[-73.698231,45.547235]]],[[[-73.6559473,45.5842096],[-73.6563771,45.5842715],[-73.656359,45.5845841],[-73.6559714,45.5858643],[-73.655532,45.5864503],[-73.6552808,45.5864593],[-73.6549763,45.5866151],[-73.654916,45.5865372],[-73.6551453,45.5862453],[-73.6550984,45.5860379],[-73.6552593,45.5854917],[-73.6559473,45.5842096]]],[[[-73.5932685,45.4150314],[-73.5902932,45.4147957],[-73.5915115,45.414007],[-73.5923955,45.4135959],[-73.592887,45.4134917],[-73.5942663,45.4135593],[-73.5952589,45.4139816],[-73.5954919,45.4144997],[-73.5951328,45.4149275],[-73.5941431,45.4152563],[-73.5932685,45.4150314]]],[[[-73.5945893,45.415809],[-73.5945893,45.4158793],[-73.5943058,45.4160661],[-73.5938582,45.4160392],[-73.5938256,45.415976],[-73.5940383,45.4158339],[-73.5945893,45.415809]]],[[[-73.5887485,45.418129],[-73.5884047,45.4182801],[-73.5883404,45.4181263],[-73.588542,45.4180442],[-73.5887485,45.418129]]],[[[-73.5885888,45.4184845],[-73.5887573,45.4184298],[-73.5890446,45.4185631],[-73.5890533,45.4186663],[-73.5887904,45.4186526],[-73.5885888,45.4184845]]],[[[-73.5893494,45.4190211],[-73.5894195,45.4191626],[-73.5892939,45.4192262],[-73.5889482,45.4191564],[-73.5889482,45.4190908],[-73.5893494,45.4190211]]],[[[-73.5899055,45.4194148],[-73.5898695,45.4193007],[-73.5900672,45.4192809],[-73.59011,45.4194429],[-73.5899055,45.4194148]]],[[[-73.5890261,45.4195994],[-73.5887582,45.4196329],[-73.5887388,45.4195338],[-73.5889715,45.4195242],[-73.5890261,45.4195994]]],[[[-73.5884135,45.420702],[-73.5877249,45.4203637],[-73.5874493,45.4204054],[-73.5872633,45.4203459],[-73.5872263,45.4202071],[-73.5873792,45.4200916],[-73.5879673,45.4201743],[-73.5887962,45.4200875],[-73.5891926,45.4202174],[-73.5895607,45.4202379],[-73.5896844,45.4201558],[-73.589813,45.4203014],[-73.589702,45.4204587],[-73.5887027,45.4207335],[-73.5884135,45.420702]]],[[[-73.5904932,45.4205048],[-73.5905531,45.4205937],[-73.5903705,45.4205845],[-73.5904932,45.4205048]]],[[[-73.5899698,45.4207601],[-73.5904441,45.4208408],[-73.5903886,45.4209297],[-73.5899328,45.420998],[-73.5899698,45.4207601]]],[[[-73.597631,45.4213197],[-73.597794,45.4211089],[-73.5984499,45.4206399],[-73.5979979,45.4210308],[-73.5980129,45.4211277],[-73.597631,45.4213197]]],[[[-73.588507,45.421171],[-73.588508,45.4212619],[-73.5881914,45.421242],[-73.5880307,45.421361],[-73.5881009,45.4214328],[-73.5888459,45.421523],[-73.5889374,45.4216618],[-73.5884232,45.4217622],[-73.5880902,45.4216474],[-73.5878593,45.4214594],[-73.5872594,45.421441],[-73.5867657,45.4212509],[-73.5865641,45.4212571],[-73.586491,45.4213439],[-73.586902,45.4215961],[-73.5868309,45.421685],[-73.5864599,45.421482],[-73.5862174,45.4210356],[-73.5857138,45.4205359],[-73.5857509,45.4204676],[-73.5861492,45.4207184],[-73.5866342,45.4206624],[-73.5872877,45.4209064],[-73.5882207,45.4210493],[-73.588507,45.421171]]],[[[-73.5893913,45.4212311],[-73.589439,45.4211518],[-73.5900866,45.4212742],[-73.5896786,45.4213671],[-73.5893913,45.4212311]]],[[[-73.5975384,45.4214197],[-73.5973772,45.4215952],[-73.5970373,45.4217566],[-73.5974027,45.4214394],[-73.5975384,45.4214197]]],[[[-73.5872068,45.4217236],[-73.5877357,45.4219144],[-73.5876312,45.421961],[-73.5872068,45.4217236]]],[[[-73.5873832,45.4222518],[-73.587383,45.4223384],[-73.5872759,45.4222846],[-73.5873832,45.4222518]]],[[[-73.5877406,45.4227726],[-73.5878705,45.422683],[-73.5880717,45.4227575],[-73.587909,45.4229036],[-73.5877406,45.4227726]]],[[[-73.6011193,45.4427379],[-73.6010628,45.4428545],[-73.6007052,45.4430139],[-73.6006965,45.4429323],[-73.6008672,45.4427714],[-73.6011193,45.4427379]]],[[[-73.597429,45.4442367],[-73.5976164,45.4442745],[-73.5976034,45.4443711],[-73.5974661,45.4444021],[-73.5972977,45.4443153],[-73.597429,45.4442367]]],[[[-73.5492309,45.4913442],[-73.5492425,45.4915852],[-73.5489291,45.4916065],[-73.5479409,45.5000521],[-73.5459866,45.4999175],[-73.5465848,45.4948359],[-73.5454165,45.4947605],[-73.5445374,45.5023287],[-73.5444608,45.5023351],[-73.5444345,45.503185],[-73.5435729,45.5071708],[-73.5433674,45.5078105],[-73.5430739,45.5079517],[-73.5427396,45.50782],[-73.5428201,45.5049455],[-73.5427581,45.504465],[-73.542854,45.5037006],[-73.5428048,45.5014035],[-73.5429352,45.4996972],[-73.5428981,45.4985675],[-73.5420886,45.4951369],[-73.5414722,45.4921053],[-73.5410797,45.4911936],[-73.5404149,45.4899855],[-73.5390878,45.4883391],[-73.5390124,45.4881205],[-73.5386815,45.4877092],[-73.5377972,45.4868502],[-73.5375373,45.4864479],[-73.5372959,45.4859132],[-73.5372099,45.4853145],[-73.5371626,45.4847761],[-73.5375406,45.4838095],[-73.5387169,45.480042],[-73.5391675,45.4788646],[-73.5400256,45.4772444],[-73.541047,45.4770386],[-73.5452892,45.4744499],[-73.5483149,45.473082],[-73.5483572,45.4729757],[-73.5502017,45.4722344],[-73.5518425,45.471457],[-73.5520217,45.4711162],[-73.5537688,45.4704607],[-73.5564636,45.4699443],[-73.5570254,45.4700773],[-73.5593128,45.4712146],[-73.5594541,45.4710805],[-73.5592224,45.4710369],[-73.5573642,45.4700448],[-73.556926,45.4698695],[-73.5563011,45.469776],[-73.5565612,45.4696504],[-73.5565313,45.4694766],[-73.5567004,45.4692843],[-73.5585144,45.4688486],[-73.5592698,45.4684097],[-73.5592986,45.4682536],[-73.5595621,45.4680735],[-73.5597031,45.4658781],[-73.5600094,45.4646971],[-73.559964,45.4642807],[-73.5598645,45.4640907],[-73.5600489,45.4629366],[-73.56,45.4627933],[-73.5599,45.4627917],[-73.5601343,45.4625001],[-73.5600308,45.4619096],[-73.5596557,45.4618705],[-73.5600807,45.4618294],[-73.5601187,45.461717],[-73.560297,45.4595423],[-73.5605573,45.4586346],[-73.5606648,45.4584561],[-73.5608412,45.4584068],[-73.5613256,45.4576435],[-73.5616334,45.4573551],[-73.5621665,45.4564709],[-73.5622329,45.456239],[-73.5635386,45.4544226],[-73.5644166,45.452992],[-73.5658472,45.45093],[-73.5668081,45.4497138],[-73.5689083,45.447706],[-73.5690496,45.4474863],[-73.5689614,45.4473117],[-73.5706526,45.4460666],[-73.5723127,45.4444918],[-73.5739481,45.443313],[-73.5757802,45.4416028],[-73.5762986,45.4411912],[-73.5767424,45.4410305],[-73.5779931,45.4399842],[-73.5786259,45.4393326],[-73.5797793,45.4384791],[-73.5798611,45.4383549],[-73.5798081,45.4382815],[-73.5804002,45.437923],[-73.5838274,45.4350097],[-73.5862595,45.4331951],[-73.5866296,45.4329871],[-73.5870641,45.4328939],[-73.5880204,45.4322069],[-73.5887781,45.4319067],[-73.58899,45.4317504],[-73.5890356,45.4315462],[-73.5895653,45.4311283],[-73.5900374,45.4308902],[-73.590441,45.4306126],[-73.5909425,45.4301141],[-73.5916413,45.4297157],[-73.5922495,45.4290573],[-73.5922075,45.4289638],[-73.5920611,45.4289613],[-73.5918807,45.4288381],[-73.5915314,45.4288432],[-73.5905405,45.4285923],[-73.5900562,45.4282018],[-73.5896987,45.4282032],[-73.5901062,45.4280169],[-73.5898503,45.4279147],[-73.5894527,45.4280347],[-73.5884676,45.4287585],[-73.5881913,45.4288258],[-73.5881498,45.4286719],[-73.5885762,45.4283684],[-73.5887915,45.4280578],[-73.5895827,45.4275302],[-73.5896449,45.4271904],[-73.5901527,45.4270352],[-73.5911478,45.4260365],[-73.5926901,45.4251885],[-73.5955882,45.4231055],[-73.5958014,45.4231262],[-73.5956392,45.4233672],[-73.5917419,45.4261947],[-73.5917379,45.4263914],[-73.5918465,45.4265213],[-73.5920919,45.4265834],[-73.5927464,45.4269636],[-73.5931116,45.427213],[-73.5931018,45.4273067],[-73.5932037,45.427371],[-73.5933199,45.4273567],[-73.5938073,45.4276856],[-73.5941291,45.4276535],[-73.5966235,45.4248628],[-73.5974939,45.424075],[-73.5984689,45.4232542],[-73.5994895,45.4226443],[-73.5996866,45.4222197],[-73.601068,45.4210186],[-73.6014663,45.4207682],[-73.6024557,45.4197807],[-73.6033404,45.4193816],[-73.604414,45.4187265],[-73.6057685,45.4182153],[-73.6069353,45.4179744],[-73.6077869,45.4176788],[-73.6109211,45.4162253],[-73.6112322,45.4158977],[-73.6122233,45.4160125],[-73.6124378,45.4159061],[-73.6144549,45.4158459],[-73.6149685,45.4157113],[-73.6154835,45.4157913],[-73.6157013,45.4160437],[-73.6160789,45.4158035],[-73.6161648,45.4158177],[-73.6162796,45.4160101],[-73.616499,45.4160362],[-73.6165999,45.4159359],[-73.6165671,45.4157711],[-73.6170935,45.4156529],[-73.617292,45.4157499],[-73.6192922,45.4154416],[-73.6201525,45.4151224],[-73.6202612,45.4150335],[-73.6202102,45.4149558],[-73.6211939,45.4149106],[-73.6211678,45.4148066],[-73.6221642,45.4148302],[-73.6224898,45.4149993],[-73.6229552,45.414943],[-73.6249592,45.4151598],[-73.6258348,45.4151604],[-73.6276711,45.4150402],[-73.6284185,45.4150777],[-73.6287244,45.4149876],[-73.6289984,45.4150281],[-73.6292713,45.4149445],[-73.6295586,45.4146653],[-73.629699,45.4146579],[-73.6305801,45.4147813],[-73.6309162,45.4147897],[-73.630938,45.4147161],[-73.6323188,45.4147589],[-73.6323094,45.4149566],[-73.632443,45.4151339],[-73.6323802,45.414917],[-73.6325038,45.4147964],[-73.6332566,45.4147979],[-73.6328048,45.41483],[-73.6326212,45.4149489],[-73.6324418,45.415652],[-73.6325191,45.4157658],[-73.6328699,45.4158382],[-73.6372982,45.4154467],[-73.6382964,45.4155493],[-73.6393821,45.4155671],[-73.6399333,45.4154978],[-73.6412478,45.4157096],[-73.6438521,45.416438],[-73.6486263,45.4194705],[-73.6497732,45.4200191],[-73.65069,45.4202193],[-73.6530771,45.4210589],[-73.654496,45.4219447],[-73.6549177,45.4221211],[-73.6548459,45.4221932],[-73.6554692,45.422487],[-73.6558619,45.4228631],[-73.6571693,45.4233439],[-73.6574616,45.4235782],[-73.6577913,45.423691],[-73.65785,45.4238778],[-73.6589295,45.4244736],[-73.6593337,45.4248859],[-73.6597665,45.4251753],[-73.6609882,45.4258132],[-73.6619512,45.4261886],[-73.6627583,45.4267726],[-73.6632163,45.426761],[-73.6638716,45.4269728],[-73.6639981,45.4270488],[-73.6639536,45.4271571],[-73.6643586,45.4274812],[-73.6656245,45.4282907],[-73.6674183,45.4288989],[-73.6685668,45.4291468],[-73.6692981,45.4291521],[-73.6698482,45.4290602],[-73.6727645,45.428121],[-73.6752857,45.4279069],[-73.6760659,45.4276697],[-73.6771152,45.4276874],[-73.6790466,45.4279124],[-73.682459,45.4281568],[-73.6868347,45.4283732],[-73.6880714,45.428672],[-73.688241,45.4288186],[-73.6883713,45.4291434],[-73.6884864,45.4292408],[-73.6915104,45.4299845],[-73.6914955,45.4300563],[-73.6910472,45.4299656],[-73.6878182,45.4291769],[-73.6870007,45.4290569],[-73.6857406,45.4290231],[-73.6825815,45.4293065],[-73.6813657,45.4293131],[-73.6798107,45.4291324],[-73.6763638,45.4284788],[-73.6753286,45.4283981],[-73.6742131,45.4284497],[-73.6730504,45.428646],[-73.6692881,45.4298602],[-73.6687901,45.430196],[-73.66888,45.4302626],[-73.6671256,45.4308429],[-73.666249,45.4309989],[-73.6663766,45.4311469],[-73.6666809,45.4312497],[-73.6672224,45.4309514],[-73.6689568,45.4303774],[-73.6689563,45.430452],[-73.6694496,45.4304728],[-73.6732462,45.4291966],[-73.674152,45.4292059],[-73.6740339,45.4290527],[-73.6750577,45.4290459],[-73.6767166,45.4291871],[-73.6775145,45.4294537],[-73.6776763,45.4296768],[-73.6783348,45.4300768],[-73.6792438,45.4302743],[-73.6807986,45.4304194],[-73.6829922,45.4302762],[-73.6833257,45.4303908],[-73.6834242,45.4305014],[-73.6834369,45.43069],[-73.6833201,45.4307601],[-73.6827586,45.4307166],[-73.6822043,45.4308875],[-73.6820792,45.430727],[-73.6817503,45.4306213],[-73.6788175,45.4304083],[-73.6733574,45.4293217],[-73.6690907,45.4307225],[-73.668842,45.430845],[-73.6688304,45.4309336],[-73.6673528,45.4313735],[-73.6663222,45.4318403],[-73.6657605,45.4319701],[-73.6655329,45.4319049],[-73.6651523,45.4320116],[-73.6649702,45.4317075],[-73.6651332,45.4315484],[-73.6650594,45.4314749],[-73.6590219,45.4345278],[-73.6536746,45.4366454],[-73.6508014,45.4382204],[-73.6499579,45.4387617],[-73.6498498,45.4387554],[-73.647785,45.4399061],[-73.6465841,45.4404615],[-73.6387107,45.4435734],[-73.6352811,45.4448363],[-73.6325463,45.4459389],[-73.6308544,45.4467212],[-73.6297271,45.4473618],[-73.6287765,45.4480478],[-73.6278112,45.4489196],[-73.6267741,45.4500487],[-73.6259643,45.4507322],[-73.6218582,45.4536151],[-73.620099,45.4546018],[-73.6128338,45.457772],[-73.6044396,45.4605143],[-73.6022341,45.4613548],[-73.5988172,45.4628616],[-73.5967304,45.4639791],[-73.5967145,45.4641481],[-73.5963697,45.4644049],[-73.5962368,45.4646529],[-73.5953361,45.4652258],[-73.5927376,45.4662098],[-73.5899309,45.4667747],[-73.5886867,45.4672654],[-73.5873968,45.467894],[-73.5873383,45.4678428],[-73.5870816,45.4679589],[-73.5866639,45.4679807],[-73.5860921,45.4681793],[-73.584376,45.469072],[-73.5843923,45.4693316],[-73.5843214,45.4693987],[-73.5821913,45.4710458],[-73.5820868,45.4710233],[-73.582114,45.4709479],[-73.5820261,45.4708896],[-73.5817306,45.470912],[-73.5809825,45.4716982],[-73.5809079,45.4719971],[-73.5775274,45.4756251],[-73.5775315,45.4757608],[-73.5772598,45.4761832],[-73.5769562,45.4764174],[-73.5767159,45.4764725],[-73.5760342,45.4771489],[-73.5738403,45.4788813],[-73.5738531,45.4791351],[-73.5734815,45.4796178],[-73.5723628,45.4805752],[-73.5711011,45.4813848],[-73.5707793,45.4814871],[-73.5678038,45.4838073],[-73.5661013,45.484917],[-73.566027,45.4850843],[-73.5644015,45.4860544],[-73.5638855,45.4855826],[-73.5651284,45.484852],[-73.5650184,45.4847644],[-73.563804,45.4854776],[-73.5635588,45.4852695],[-73.5634268,45.4853487],[-73.5641399,45.4859884],[-73.5641423,45.4861667],[-73.563099,45.4867581],[-73.5626402,45.4869035],[-73.5593674,45.4888736],[-73.5575396,45.4897524],[-73.5556671,45.4907835],[-73.555148,45.4908441],[-73.5549673,45.4907845],[-73.555163,45.4894089],[-73.5551473,45.4893185],[-73.5550471,45.4892946],[-73.5546822,45.4908488],[-73.5534707,45.4908563],[-73.5530904,45.4909618],[-73.5523136,45.4909059],[-73.5522222,45.4915871],[-73.5527889,45.4921413],[-73.5529033,45.4924312],[-73.5522083,45.4950055],[-73.5517158,45.4951644],[-73.5513711,45.4967544],[-73.5509168,45.4967406],[-73.5506892,45.4982176],[-73.5510336,45.4982883],[-73.5508327,45.4991376],[-73.5507071,45.499216],[-73.5504735,45.4996831],[-73.5493573,45.4996002],[-73.5493897,45.499275],[-73.5493042,45.4991562],[-73.5499937,45.4917029],[-73.5499395,45.4916068],[-73.5497225,45.4915987],[-73.5498198,45.4914571],[-73.5492309,45.4913442]],[[-73.610997,45.42191],[-73.6110243,45.4219284],[-73.6110649,45.421861],[-73.610997,45.42191]],[[-73.5901697,45.4275073],[-73.590193,45.4278808],[-73.5901333,45.4279406],[-73.5906327,45.428518],[-73.5917837,45.4287939],[-73.5925247,45.4286744],[-73.5931255,45.4277525],[-73.5931187,45.4275983],[-73.5930167,45.4274934],[-73.5924496,45.427289],[-73.5923772,45.4271478],[-73.5918622,45.4269182],[-73.5917083,45.4267137],[-73.5913235,45.4267585],[-73.5901697,45.4275073]],[[-73.5781341,45.4402916],[-73.577545,45.4408335],[-73.5778664,45.4411011],[-73.5781316,45.4411627],[-73.5785515,45.4410209],[-73.578417,45.4403811],[-73.5781341,45.4402916]],[[-73.6074357,45.4406523],[-73.6069308,45.4408118],[-73.6068722,45.4409116],[-73.6070452,45.4413618],[-73.606776,45.4415624],[-73.6063311,45.4417082],[-73.6057216,45.4418393],[-73.604804,45.4418706],[-73.6046115,45.4417952],[-73.604496,45.4415183],[-73.604348,45.4414849],[-73.6042642,45.441533],[-73.6043312,45.4418589],[-73.6042642,45.4419773],[-73.603214,45.4424156],[-73.600733,45.4427004],[-73.6002476,45.4431436],[-73.5996953,45.4433775],[-73.5984346,45.4435135],[-73.5975476,45.4437425],[-73.5965936,45.4437826],[-73.5960023,45.4440057],[-73.5954472,45.4438012],[-73.595245,45.4439108],[-73.5952074,45.4440507],[-73.5953803,45.4443306],[-73.5958126,45.4445077],[-73.5966369,45.4444548],[-73.5968517,45.4443599],[-73.5969744,45.4444568],[-73.597602,45.4444656],[-73.5982881,45.4442112],[-73.5988097,45.4438619],[-73.5992295,45.4436965],[-73.6017985,45.4430693],[-73.6035488,45.4425105],[-73.6052265,45.4421818],[-73.6057928,45.4421925],[-73.6066435,45.441853],[-73.6076184,45.4417042],[-73.6077397,45.4416172],[-73.6078164,45.4413755],[-73.6077313,45.4408206],[-73.6077997,45.4407286],[-73.6074357,45.4406523]],[[-73.6082343,45.444018],[-73.6080802,45.4442205],[-73.6077605,45.4443217],[-73.6075777,45.4445385],[-73.6081655,45.4442078],[-73.6087589,45.4441135],[-73.6090606,45.4439042],[-73.6090606,45.4438144],[-73.6088999,45.4436822],[-73.6088835,45.4435533],[-73.6088327,45.4436557],[-73.6082343,45.444018]],[[-73.6177772,45.4240216],[-73.6167009,45.4246404],[-73.604646,45.4323609],[-73.600548,45.4351586],[-73.5997736,45.4358316],[-73.5928802,45.4439073],[-73.5888814,45.4481107],[-73.586805,45.4501236],[-73.5833059,45.4527046],[-73.5822281,45.4537659],[-73.5814717,45.454696],[-73.5809223,45.455557],[-73.5804014,45.4566497],[-73.5799332,45.4583008],[-73.5798292,45.4592579],[-73.5798346,45.4602426],[-73.5799433,45.4611355],[-73.5800094,45.46116],[-73.5799028,45.461166],[-73.579926,45.4613399],[-73.5800282,45.4613339],[-73.579979,45.4613643],[-73.5801002,45.4620767],[-73.5802518,45.4623977],[-73.5801889,45.4627132],[-73.5802438,45.4637975],[-73.5800124,45.4657325],[-73.5797383,45.4665638],[-73.579152,45.4679705],[-73.5786755,45.4688723],[-73.578029,45.4698583],[-73.5779568,45.4701686],[-73.5778453,45.4701239],[-73.5774722,45.4705418],[-73.5775266,45.4706154],[-73.5774315,45.4705885],[-73.577245,45.4707997],[-73.57719,45.4710397],[-73.5768668,45.4711783],[-73.576087,45.4718978],[-73.574699,45.4729806],[-73.5751532,45.4732334],[-73.5759812,45.4726299],[-73.5763741,45.4722898],[-73.5784592,45.470024],[-73.5789767,45.4693201],[-73.5795147,45.4683609],[-73.5803224,45.4663545],[-73.5806013,45.4651478],[-73.5807451,45.4636737],[-73.5806962,45.4632936],[-73.5807742,45.4631695],[-73.5807953,45.4627985],[-73.5807687,45.4622606],[-73.5804624,45.4609623],[-73.5803824,45.460251],[-73.5804666,45.458541],[-73.5808475,45.4569073],[-73.5812161,45.4560731],[-73.5817523,45.45516],[-73.5825846,45.4540784],[-73.5833518,45.4532974],[-73.5842601,45.4525465],[-73.5871225,45.4504559],[-73.5896465,45.4480006],[-73.5941827,45.4433281],[-73.6004217,45.4361155],[-73.6015228,45.4351676],[-73.6025061,45.4344742],[-73.6175209,45.4247697],[-73.6187305,45.4241263],[-73.6198364,45.4236756],[-73.6265851,45.4216215],[-73.6278458,45.421136],[-73.6287584,45.4206161],[-73.6295637,45.4199784],[-73.6302531,45.4192093],[-73.630756,45.4183271],[-73.6316965,45.4163536],[-73.6318086,45.4158865],[-73.6310698,45.4158167],[-73.6308863,45.4165114],[-73.6298355,45.4186961],[-73.6290337,45.4196749],[-73.6279917,45.42045],[-73.6265563,45.4211103],[-73.6198298,45.4231578],[-73.6177772,45.4240216]],[[-73.6075709,45.4445794],[-73.6075856,45.4445473],[-73.6075373,45.444567],[-73.6075709,45.4445794]],[[-73.6073753,45.4448899],[-73.6074425,45.4447783],[-73.607099,45.4450487],[-73.6073753,45.4448899]],[[-73.6055018,45.4448828],[-73.6056051,45.4447148],[-73.605488,45.4445516],[-73.6050522,45.4445867],[-73.6047042,45.4448356],[-73.604567,45.4448046],[-73.6045957,45.4449468],[-73.6044768,45.44511],[-73.6045647,45.4452683],[-73.6048902,45.4452659],[-73.6050349,45.4453952],[-73.6050814,45.4454713],[-73.6049781,45.4457312],[-73.6050866,45.4459644],[-73.6053829,45.446194],[-73.605833,45.4462634],[-73.6070068,45.4452747],[-73.6070775,45.4451117],[-73.605891,45.4452091],[-73.605314,45.4454049],[-73.6050935,45.4454049],[-73.6049333,45.4452574],[-73.6055018,45.4448828]],[[-73.6057731,45.4475897],[-73.6058158,45.4476132],[-73.6058865,45.4474887],[-73.6057731,45.4475897]],[[-73.5730891,45.4741444],[-73.5732306,45.4740859],[-73.5731001,45.4738147],[-73.5729523,45.4738765],[-73.5730891,45.4741444]],[[-73.5753911,45.4752944],[-73.5753846,45.4751181],[-73.5751429,45.4747913],[-73.5748721,45.4748206],[-73.5746086,45.474991],[-73.5745856,45.4753308],[-73.5752549,45.475418],[-73.5753911,45.4752944]],[[-73.5532893,45.4739933],[-73.5536704,45.473804],[-73.5532708,45.4736211],[-73.5531134,45.473752],[-73.5532893,45.4739933]],[[-73.5440112,45.4837577],[-73.5445917,45.4839023],[-73.5446742,45.4841269],[-73.5448392,45.4842415],[-73.5453056,45.4842204],[-73.545415,45.4841181],[-73.5454039,45.4829169],[-73.5449185,45.4829281],[-73.5445568,45.4830637],[-73.5440588,45.4834141],[-73.5439763,45.4835231],[-73.5440112,45.4837577]]],[[[-73.5904424,45.46695],[-73.5903119,45.4668952],[-73.5918182,45.4665298],[-73.5918401,45.4666],[-73.5904424,45.46695]]],[[[-73.6063885,45.5206417],[-73.6063663,45.5203156],[-73.6064559,45.5201423],[-73.6066864,45.5201224],[-73.6070188,45.5203447],[-73.6074556,45.5204293],[-73.6073582,45.5205589],[-73.6065115,45.5207808],[-73.6063885,45.5206417]]],[[[-73.6245098,45.5351058],[-73.6247143,45.53525],[-73.6244012,45.5353078],[-73.6241779,45.5350922],[-73.6245098,45.5351058]]],[[[-73.6553894,45.5868366],[-73.654523,45.5873125],[-73.6543635,45.5871538],[-73.654397,45.5870384],[-73.6547162,45.5867916],[-73.6548892,45.5868629],[-73.6551695,45.5867662],[-73.6553894,45.5868366]]],[[[-73.6162179,45.6350492],[-73.6161538,45.6355284],[-73.6154904,45.6359648],[-73.6147554,45.6360874],[-73.6146771,45.6360091],[-73.6154979,45.6348144],[-73.6158821,45.6346213],[-73.6161731,45.6348248],[-73.6162179,45.6350492]]],[[[-73.6131302,45.6365326],[-73.6120466,45.6371852],[-73.6111239,45.6376278],[-73.6096111,45.6379879],[-73.6084846,45.6381004],[-73.6084202,45.6380104],[-73.6084632,45.6378378],[-73.6110059,45.6358049],[-73.6111024,45.6355873],[-73.6110488,45.6354898],[-73.6113707,45.6353023],[-73.6115209,45.6353473],[-73.6121217,45.6349422],[-73.6125294,45.6347846],[-73.6138168,45.6346571],[-73.6140529,45.6347246],[-73.6143211,45.6349647],[-73.6143533,45.6355273],[-73.6131302,45.6365326]]],[[[-73.6125795,45.6386352],[-73.6123245,45.6386631],[-73.6121747,45.6385606],[-73.6121399,45.6383077],[-73.6122776,45.6380314],[-73.6144104,45.6364121],[-73.6153063,45.6362806],[-73.6162507,45.6359361],[-73.6164022,45.6359571],[-73.6164257,45.6361994],[-73.6161362,45.6366849],[-73.6156835,45.6369215],[-73.6147618,45.6372123],[-73.6136137,45.6378145],[-73.6125795,45.6386352]]],[[[-73.6063263,45.6409694],[-73.6057726,45.6412471],[-73.6047171,45.6416177],[-73.6045256,45.6415989],[-73.6045798,45.6414901],[-73.6044151,45.6415249],[-73.604742,45.6411916],[-73.6057455,45.6406296],[-73.6068487,45.6402707],[-73.6072615,45.6400336],[-73.6079579,45.6400071],[-73.6087235,45.6401103],[-73.6093072,45.6403098],[-73.6095616,45.6405789],[-73.6095802,45.6408372],[-73.6094085,45.6410205],[-73.6087619,45.6415385],[-73.6081927,45.6417936],[-73.6075681,45.6422136],[-73.6070595,45.6430191],[-73.6066943,45.6430799],[-73.6062695,45.6433139],[-73.606025,45.6437238],[-73.6049004,45.6445286],[-73.6036826,45.6451978],[-73.6030908,45.6457668],[-73.6023659,45.6461997],[-73.6022143,45.6461813],[-73.6021312,45.6459448],[-73.6037033,45.64478],[-73.6046071,45.6438271],[-73.6047561,45.6433938],[-73.604531,45.6432541],[-73.6043186,45.6432771],[-73.6030108,45.6442343],[-73.6023974,45.6444973],[-73.6013358,45.6445845],[-73.6009563,45.6447546],[-73.6004986,45.6448396],[-73.6005796,45.6445964],[-73.6024363,45.6432101],[-73.6035395,45.6426632],[-73.6039631,45.6422973],[-73.6051064,45.6421267],[-73.6055199,45.6418616],[-73.6059143,45.6417422],[-73.6069072,45.6416851],[-73.6073791,45.6413028],[-73.6073569,45.6410248],[-73.6069922,45.6408696],[-73.6063263,45.6409694]]],[[[-73.5769675,45.4146274],[-73.5774716,45.414686],[-73.5774329,45.415005],[-73.5771278,45.4149485],[-73.5769123,45.4147921],[-73.5769675,45.4146274]]],[[[-73.5864427,45.4231666],[-73.5862995,45.4234451],[-73.5851654,45.4241066],[-73.5851723,45.4242177],[-73.5841709,45.4245288],[-73.5829151,45.4243362],[-73.5829967,45.4242056],[-73.5798829,45.4244728],[-73.5781699,45.4248294],[-73.5773375,45.4251631],[-73.5761539,45.4254143],[-73.575767,45.425599],[-73.573858,45.4260723],[-73.5729783,45.4261644],[-73.5712257,45.4258623],[-73.5711485,45.4257614],[-73.5713565,45.4257261],[-73.5713399,45.42564],[-73.570903,45.4257814],[-73.5704823,45.4257257],[-73.570536,45.4254441],[-73.5704145,45.4251675],[-73.570461,45.4250362],[-73.5706915,45.4248511],[-73.5705641,45.4247223],[-73.5705715,45.4246221],[-73.5707937,45.4241544],[-73.5712028,45.423844],[-73.5711834,45.4237516],[-73.5714332,45.4236971],[-73.5724655,45.4230782],[-73.5732783,45.4222764],[-73.5736893,45.4220933],[-73.5736928,45.4219686],[-73.5739746,45.4219974],[-73.5757469,45.4216124],[-73.5765351,45.4213115],[-73.5769896,45.421322],[-73.5785264,45.4210988],[-73.5793489,45.4208539],[-73.5804146,45.4208681],[-73.5811967,45.4207316],[-73.5818923,45.4208348],[-73.5825472,45.4207],[-73.5826326,45.420592],[-73.5827595,45.4206482],[-73.5833943,45.4206256],[-73.5837269,45.4204717],[-73.5842323,45.4204742],[-73.5846473,45.4206047],[-73.5862613,45.4219976],[-73.5864211,45.4225664],[-73.5864427,45.4231666]]],[[[-73.5731603,45.4269351],[-73.5714178,45.4263765],[-73.571507,45.4263017],[-73.5729109,45.4264248],[-73.5737553,45.426369],[-73.5769871,45.4256623],[-73.5775013,45.4256376],[-73.5781416,45.4254757],[-73.5782798,45.425367],[-73.5790852,45.4252809],[-73.5807083,45.4249254],[-73.5803396,45.4247483],[-73.5803418,45.4246845],[-73.5815221,45.4247185],[-73.5827605,45.424937],[-73.5841745,45.4250696],[-73.5796318,45.4266443],[-73.5771353,45.4272994],[-73.5764538,45.4273903],[-73.5750114,45.4273121],[-73.5731603,45.4269351]]],[[[-73.5699366,45.4303596],[-73.5699009,45.4301506],[-73.569982,45.4299478],[-73.5701825,45.4299791],[-73.570186,45.4300839],[-73.570467,45.4302428],[-73.5704514,45.4303353],[-73.570112,45.4304303],[-73.5699366,45.4303596]]],[[[-73.5826471,45.4325349],[-73.5826623,45.4326786],[-73.5825523,45.4327832],[-73.5822002,45.4328865],[-73.5818599,45.4328176],[-73.5818938,45.4327071],[-73.582146,45.4325551],[-73.582642,45.4323508],[-73.5828367,45.4323448],[-73.5826471,45.4325349]]],[[[-73.5526038,45.4383136],[-73.5525692,45.4383074],[-73.5526284,45.4382635],[-73.5526038,45.4383136]]],[[[-73.5558013,45.4390205],[-73.5555655,45.4389855],[-73.5558108,45.4387405],[-73.5558013,45.4390205]]],[[[-73.578083,45.4410927],[-73.5778992,45.4410639],[-73.5777527,45.4408299],[-73.5778216,45.4406434],[-73.5781556,45.4403475],[-73.5782996,45.4403669],[-73.5784435,45.4406837],[-73.578083,45.4410927]]],[[[-73.5591965,45.4412321],[-73.5590409,45.441223],[-73.5591291,45.4411384],[-73.5591965,45.4412321]]],[[[-73.5594291,45.441225],[-73.5594514,45.4412286],[-73.559428,45.4412716],[-73.5594291,45.441225]]],[[[-73.5465937,45.4714356],[-73.5464483,45.4714247],[-73.5462609,45.4715932],[-73.544648,45.471982],[-73.5438701,45.4731362],[-73.5430869,45.4735984],[-73.5425137,45.4742929],[-73.5423037,45.4744196],[-73.5416431,45.474257],[-73.5414291,45.4742744],[-73.5411796,45.4744945],[-73.5398416,45.4749063],[-73.5391096,45.475025],[-73.5385546,45.4749495],[-73.5382821,45.4750603],[-73.5381861,45.4750148],[-73.5382886,45.4749014],[-73.5382743,45.4747964],[-73.5377891,45.4745138],[-73.5374417,45.4740579],[-73.5372258,45.4739081],[-73.5366863,45.4731552],[-73.5364937,45.4727306],[-73.5357142,45.4720278],[-73.5355107,45.4719472],[-73.53518,45.4714233],[-73.5349376,45.4707577],[-73.5341504,45.4707609],[-73.5339959,45.470692],[-73.5340152,45.4699088],[-73.5337708,45.4697937],[-73.5337894,45.469677],[-73.5334592,45.4696511],[-73.5333514,45.4695328],[-73.5325323,45.4677525],[-73.5322226,45.4672867],[-73.5319765,45.4671292],[-73.53188,45.4669703],[-73.5319158,45.4668455],[-73.5321234,45.4667446],[-73.5327514,45.4668102],[-73.5333659,45.4667595],[-73.5336118,45.4666369],[-73.534014,45.4663148],[-73.5346575,45.4660083],[-73.5347795,45.4659221],[-73.5347767,45.4658245],[-73.5351279,45.4656778],[-73.5360388,45.4648914],[-73.5391712,45.4628996],[-73.5393233,45.4616769],[-73.5398733,45.4594678],[-73.5399855,45.4591003],[-73.5402625,45.4586279],[-73.5409708,45.4575424],[-73.5413394,45.4572564],[-73.541867,45.4565753],[-73.5420991,45.4561016],[-73.5434156,45.4541984],[-73.5441435,45.4537708],[-73.5450869,45.452303],[-73.5453014,45.4521163],[-73.5460471,45.4517917],[-73.5468328,45.4511813],[-73.5468323,45.4510956],[-73.5465142,45.4509365],[-73.5464463,45.4506827],[-73.5465021,45.4502736],[-73.5473416,45.449153],[-73.5478318,45.4486656],[-73.54816,45.4485832],[-73.5485302,45.4486728],[-73.548903,45.4486079],[-73.5502918,45.448631],[-73.5521118,45.4479564],[-73.5528163,45.4479071],[-73.5531775,45.4476955],[-73.5535768,45.4472925],[-73.5539531,45.4471737],[-73.5539616,45.4469646],[-73.5541324,45.4466447],[-73.5543397,45.4464973],[-73.5544267,45.4462379],[-73.5546845,45.4460699],[-73.5551424,45.4459749],[-73.5554034,45.445743],[-73.5556328,45.4457569],[-73.5557455,45.4458895],[-73.5559948,45.445931],[-73.5564018,45.4458184],[-73.556722,45.4458374],[-73.5569068,45.4457117],[-73.5571665,45.4458234],[-73.5574395,45.4458265],[-73.5575558,45.4457842],[-73.5577389,45.4454293],[-73.5581403,45.4454283],[-73.558508,45.4456616],[-73.5586467,45.4455948],[-73.5587113,45.4453845],[-73.5588654,45.4452603],[-73.5593756,45.4453299],[-73.5596031,45.4455935],[-73.560171,45.4457538],[-73.5610993,45.4465814],[-73.561114,45.4469227],[-73.5613833,45.4473308],[-73.5614261,45.4476431],[-73.5616688,45.4479135],[-73.5616689,45.4482367],[-73.5620011,45.4490252],[-73.5619855,45.449149],[-73.5614494,45.449977],[-73.5599696,45.4528731],[-73.5597391,45.4534859],[-73.559511,45.4552624],[-73.5593999,45.4555659],[-73.5587626,45.4565324],[-73.5575747,45.4589735],[-73.5567725,45.4602107],[-73.556659,45.4620333],[-73.5563106,45.4637497],[-73.5562514,45.4660923],[-73.5559994,45.466585],[-73.5553567,45.4671113],[-73.5543191,45.4675598],[-73.5523579,45.4677992],[-73.5514175,45.4678114],[-73.5510697,45.4679072],[-73.5504171,45.4685601],[-73.5482796,45.4697421],[-73.5478229,45.4704399],[-73.5472173,45.4710842],[-73.5465937,45.4714356]],[[-73.5539501,45.4484224],[-73.5539026,45.4484159],[-73.55374,45.4485698],[-73.5539501,45.4484224]],[[-73.5569517,45.4504279],[-73.5571668,45.4501619],[-73.5571158,45.4500197],[-73.55697,45.4500238],[-73.5567535,45.4502643],[-73.5563759,45.4504442],[-73.5563853,45.4508393],[-73.5565354,45.4509262],[-73.556732,45.4508817],[-73.5568883,45.450733],[-73.5569517,45.4504279]],[[-73.5582669,45.4506698],[-73.5583235,45.4505941],[-73.5588526,45.4506288],[-73.5590068,45.4503232],[-73.5590114,45.4501283],[-73.5583192,45.4501399],[-73.5578947,45.4505535],[-73.557897,45.4509007],[-73.5580297,45.4509888],[-73.5582686,45.4509379],[-73.5583412,45.4508188],[-73.5582669,45.4506698]],[[-73.554335,45.4527034],[-73.5535269,45.4519058],[-73.5536249,45.4518044],[-73.55399,45.4519719],[-73.5538018,45.4517771],[-73.5534906,45.4517533],[-73.5533496,45.4519135],[-73.5533872,45.4523039],[-73.5534871,45.4527014],[-73.5536985,45.4528526],[-73.553781,45.4530256],[-73.5536615,45.4535736],[-73.5533892,45.4540026],[-73.5533291,45.4546249],[-73.5533927,45.4554198],[-73.5530938,45.4557408],[-73.5533133,45.4558293],[-73.5536248,45.4563572],[-73.5538394,45.4560635],[-73.5549738,45.4560086],[-73.555292,45.4559061],[-73.5555124,45.4553513],[-73.5555513,45.4549888],[-73.5557268,45.4548548],[-73.5557275,45.4539215],[-73.5550206,45.4535654],[-73.5547031,45.4532771],[-73.554335,45.4527034]],[[-73.5542817,45.4594711],[-73.5545145,45.4585993],[-73.5543241,45.4584505],[-73.5540846,45.4587215],[-73.554236,45.4590195],[-73.5541022,45.4593543],[-73.5541762,45.4596247],[-73.553906,45.4601231],[-73.5536014,45.4603453],[-73.5537688,45.4604579],[-73.5539428,45.4604185],[-73.5539651,45.4600877],[-73.5543278,45.4596973],[-73.5542817,45.4594711]],[[-73.5535515,45.4619802],[-73.5533372,45.4619868],[-73.5531861,45.4625205],[-73.5534634,45.4623659],[-73.5535515,45.4619802]],[[-73.553127,45.4626024],[-73.5527088,45.462972],[-73.5528651,45.4630644],[-73.5527837,45.4632785],[-73.5532404,45.4629441],[-73.5532436,45.4627861],[-73.553127,45.4626024]],[[-73.552131,45.4639531],[-73.5522491,45.4636897],[-73.5519339,45.4638417],[-73.5519925,45.4639625],[-73.552131,45.4639531]],[[-73.5504823,45.4648758],[-73.5505321,45.4651003],[-73.5504099,45.4650313],[-73.5499226,45.4650695],[-73.5500898,45.4653714],[-73.5499522,45.4655677],[-73.5499795,45.4657548],[-73.5502475,45.4659568],[-73.5508712,45.4658462],[-73.5513585,45.4654828],[-73.551432,45.4651178],[-73.5519893,45.464598],[-73.5520267,45.4643299],[-73.5517789,45.4644933],[-73.5518154,45.4645709],[-73.5514001,45.4646131],[-73.551464,45.4647003],[-73.5512352,45.4647594],[-73.5510976,45.4649531],[-73.5508368,45.4648883],[-73.5506628,45.4646876],[-73.5504823,45.4648758]],[[-73.5447768,45.4697614],[-73.5443637,45.4696289],[-73.5440768,45.4696658],[-73.5439954,45.4698222],[-73.5441446,45.4699848],[-73.5448186,45.4700425],[-73.5448968,45.4699495],[-73.5447768,45.4697614]],[[-73.5410168,45.4742436],[-73.5410162,45.4741833],[-73.5409135,45.4742344],[-73.5410168,45.4742436]],[[-73.5395983,45.4749153],[-73.5396123,45.4746699],[-73.5395269,45.4746863],[-73.5395153,45.4748853],[-73.5395983,45.4749153]]],[[[-73.5314937,45.4714087],[-73.5314393,45.4713737],[-73.5315627,45.4711801],[-73.5314937,45.4714087]]],[[[-73.5314909,45.4716587],[-73.5313707,45.4718723],[-73.5313332,45.4717339],[-73.5314694,45.4715165],[-73.5314909,45.4716587]]],[[[-73.5649693,45.4860126],[-73.5648516,45.4859914],[-73.5662209,45.4851239],[-73.5663769,45.4851643],[-73.5649693,45.4860126]]],[[[-73.5616259,45.4895232],[-73.5613664,45.4896751],[-73.5607524,45.489168],[-73.5610242,45.4890076],[-73.5616259,45.4895232]]],[[[-73.5572689,45.4902883],[-73.5560304,45.4910004],[-73.5558948,45.490993],[-73.5572047,45.4902328],[-73.5572689,45.4902883]]],[[[-73.5194228,45.4956276],[-73.5193544,45.4955284],[-73.5191239,45.4950954],[-73.5194228,45.4956276]]],[[[-73.5507754,45.4997086],[-73.5508138,45.4995147],[-73.550964,45.4995023],[-73.5518688,45.4953753],[-73.5519632,45.4953207],[-73.5520359,45.4954145],[-73.5516826,45.4990907],[-73.5514404,45.4998002],[-73.5507754,45.4997086]]],[[[-73.5263945,45.5047435],[-73.52639,45.5048448],[-73.5256358,45.5048284],[-73.5256383,45.5043001],[-73.5264166,45.5043133],[-73.5264118,45.5044226],[-73.5264916,45.5044244],[-73.5264774,45.5047453],[-73.5263945,45.5047435]]],[[[-73.5281549,45.5078733],[-73.5280261,45.5080012],[-73.5280556,45.5082117],[-73.5279376,45.5083038],[-73.5279457,45.5084485],[-73.5272724,45.5100744],[-73.5269774,45.5111233],[-73.5268996,45.5111721],[-73.5261486,45.5110763],[-73.5257758,45.5104429],[-73.5266046,45.5083207],[-73.5268406,45.5081365],[-73.5266794,45.5078854],[-73.5268379,45.5077079],[-73.5272295,45.5064278],[-73.5272832,45.5051514],[-73.5286266,45.5051463],[-73.5285867,45.5058206],[-73.52834,45.5072587],[-73.5278277,45.5072831],[-73.5277901,45.5074993],[-73.5282032,45.5076158],[-73.5281549,45.5078733]],[[-73.5273986,45.5057925],[-73.5273521,45.5058967],[-73.5274156,45.505876],[-73.5273986,45.5057925]]],[[[-73.5495781,45.5080414],[-73.5493822,45.5083934],[-73.5494832,45.508391],[-73.5494896,45.5085229],[-73.549316,45.5085271],[-73.549072,45.5089625],[-73.5484122,45.5089832],[-73.5483679,45.5079818],[-73.5494401,45.5079508],[-73.5495781,45.5080414]]],[[[-73.5335556,45.5088568],[-73.5334528,45.5088267],[-73.5335494,45.5086388],[-73.533781,45.5086058],[-73.5335556,45.5088568]]],[[[-73.5344484,45.5092809],[-73.5348102,45.5093888],[-73.5342247,45.5094026],[-73.5344484,45.5092809]]],[[[-73.5302083,45.5052932],[-73.5301463,45.5061518],[-73.529968,45.5069534],[-73.5281643,45.5119433],[-73.5281455,45.5131318],[-73.5283043,45.5151157],[-73.5289735,45.520467],[-73.5290541,45.5216707],[-73.5288783,45.5218622],[-73.5280029,45.5217683],[-73.5270818,45.5221141],[-73.5280305,45.5253266],[-73.5280207,45.5255872],[-73.5277098,45.5255949],[-73.526526,45.5217276],[-73.5262624,45.5216384],[-73.5261154,45.5211965],[-73.5263039,45.521026],[-73.5257129,45.5188663],[-73.5235171,45.5120176],[-73.5210819,45.5039461],[-73.5208753,45.5039215],[-73.5191938,45.4984605],[-73.51853477662233,45.4969605761666],[-73.5198315,45.4965083],[-73.5194403,45.4956594],[-73.520664,45.4958422],[-73.5242174,45.4970876],[-73.5261657,45.4983991],[-73.5272521,45.4992578],[-73.528027,45.5000003],[-73.5293402,45.5018524],[-73.5299114,45.503224],[-73.5302083,45.5052932]],[[-73.5256309,45.5103658],[-73.5261178,45.5112731],[-73.5268165,45.5113845],[-73.5271356,45.5113413],[-73.5274173,45.5102699],[-73.5283319,45.5079636],[-73.5287047,45.5065669],[-73.5288686,45.50501],[-73.5266984,45.5049409],[-73.5267306,45.5040235],[-73.5258861,45.5039939],[-73.5261075,45.5028624],[-73.5263743,45.502753],[-73.5269754,45.5027501],[-73.5270575,45.5023854],[-73.526449,45.5020436],[-73.5261708,45.5016535],[-73.5259461,45.5006819],[-73.5259798,45.5002875],[-73.5257635,45.5001772],[-73.5256272,45.5002051],[-73.5253819,45.4999916],[-73.5254345,45.4996029],[-73.5253377,45.49936],[-73.5249785,45.4990693],[-73.5247117,45.49857],[-73.5242579,45.4984485],[-73.5237774,45.4986457],[-73.5236444,45.4993249],[-73.5239371,45.4999751],[-73.5237407,45.5006464],[-73.523804,45.5008214],[-73.5239519,45.500934],[-73.523744,45.501124],[-73.5238675,45.5011537],[-73.5237557,45.5013895],[-73.5236428,45.5013756],[-73.5236964,45.5014156],[-73.5236531,45.5017722],[-73.5240361,45.5029789],[-73.5240637,45.5045633],[-73.5241555,45.5049944],[-73.5240808,45.505021],[-73.5241702,45.5053628],[-73.5244637,45.5051345],[-73.5253219,45.5051346],[-73.5253774,45.505024],[-73.5270632,45.5050875],[-73.5269533,45.5063695],[-73.5266314,45.5076496],[-73.5264111,45.5078188],[-73.5265383,45.5078421],[-73.5263244,45.5080575],[-73.5264061,45.508253],[-73.5258777,45.5094861],[-73.5256309,45.5103658]],[[-73.5253037,45.5052616],[-73.5253142,45.5051791],[-73.5249586,45.5051549],[-73.5249543,45.5051853],[-73.5253037,45.5052616]],[[-73.5247051,45.505163],[-73.524927,45.5051827],[-73.524791,45.5051493],[-73.5247139,45.5051605],[-73.5246515,45.5051748],[-73.5242421,45.5053791],[-73.5241913,45.5054347],[-73.5242644,45.5056882],[-73.5253868,45.5057499],[-73.5252841,45.5056147],[-73.5253135,45.5054042],[-73.5252452,45.5054044],[-73.5252164,45.5055412],[-73.5247051,45.505163]],[[-73.5199648,45.4980507],[-73.5257132,45.5172377],[-73.5270524,45.5170481],[-73.5267767,45.5162791],[-73.5268797,45.5162667],[-73.526724,45.5156593],[-73.5266718,45.5156666],[-73.5265526,45.5152899],[-73.5213124,45.4978834],[-73.5199648,45.4980507]],[[-73.5268571,45.5199028],[-73.5274319,45.5202504],[-73.5277928,45.5201871],[-73.5281693,45.5198401],[-73.5280542,45.5189131],[-73.5279281,45.5189108],[-73.5277203,45.5190817],[-73.5271611,45.5191097],[-73.5268279,45.5189517],[-73.5267882,45.5194151],[-73.5268571,45.5199028]]],[[[-73.5381749,45.5178439],[-73.5381832,45.518298],[-73.5382356,45.5184903],[-73.5383365,45.5185211],[-73.5382564,45.5186566],[-73.5382724,45.519031],[-73.5389378,45.5208945],[-73.5390638,45.5210788],[-73.5390946,45.521742],[-73.5396723,45.5224932],[-73.5394868,45.5225787],[-73.5395112,45.5231084],[-73.5392527,45.5237371],[-73.539025,45.5250292],[-73.5388185,45.5252963],[-73.5387353,45.5256283],[-73.5355627,45.5299082],[-73.5350862,45.5304089],[-73.5348559,45.5308261],[-73.5341968,45.5313935],[-73.5338719,45.5314658],[-73.5330823,45.5314257],[-73.5326812,45.5312693],[-73.5324697,45.5310649],[-73.532309,45.5306708],[-73.5321627,45.5290136],[-73.5325674,45.5286726],[-73.5341417,45.5287618],[-73.5342157,45.5285659],[-73.5345187,45.5282743],[-73.5351793,45.5281126],[-73.5354974,45.5279421],[-73.5356782,45.5277868],[-73.5356851,45.5274998],[-73.5352409,45.5272378],[-73.5345502,45.5271713],[-73.5340973,45.5269759],[-73.5339834,45.5268164],[-73.5338371,45.5260718],[-73.5334595,45.5260761],[-73.5329655,45.5259415],[-73.5322043,45.5255521],[-73.5319264,45.5256774],[-73.5318261,45.5256159],[-73.5314396,45.5212497],[-73.5312872,45.5205958],[-73.5311715,45.5194221],[-73.5305394,45.5180724],[-73.5302191,45.5161545],[-73.5298465,45.5150528],[-73.5298624,45.5143833],[-73.5303646,45.5134341],[-73.5306253,45.5119131],[-73.531512,45.5094478],[-73.5327206,45.5066422],[-73.5331703,45.5064169],[-73.533749,45.5063193],[-73.5346221,45.5065556],[-73.5351763,45.5071193],[-73.5369946,45.5094249],[-73.5372181,45.5098963],[-73.5385313,45.5139262],[-73.5384798,45.5153997],[-73.5381749,45.5178439]],[[-73.5332913,45.5092325],[-73.5334477,45.5092579],[-73.5336696,45.5091482],[-73.5338155,45.5092824],[-73.5337513,45.509361],[-73.5339311,45.509433],[-73.5347642,45.5094922],[-73.5354123,45.5091935],[-73.5357368,45.5091295],[-73.5358146,45.5090102],[-73.5355971,45.5087457],[-73.5355621,45.508479],[-73.5350834,45.5080077],[-73.5346007,45.507896],[-73.5336265,45.5082509],[-73.5331932,45.5090509],[-73.5332913,45.5092325]],[[-73.5317798,45.5139968],[-73.5320172,45.5135074],[-73.5316887,45.5134902],[-73.5316311,45.5139888],[-73.5317798,45.5139968]],[[-73.5329689,45.5186691],[-73.5332457,45.5185527],[-73.5335132,45.5182919],[-73.5346463,45.5179112],[-73.5350234,45.5176397],[-73.5354028,45.5171781],[-73.5352142,45.5171542],[-73.5345555,45.517748],[-73.5338792,45.517958],[-73.5329788,45.5184299],[-73.5328535,45.5185976],[-73.5329689,45.5186691]],[[-73.5351996,45.5243772],[-73.5353614,45.5245159],[-73.5353789,45.5247326],[-73.5352578,45.5248592],[-73.5357214,45.5255133],[-73.536235,45.5258083],[-73.5363277,45.5252958],[-73.5367192,45.5252101],[-73.5371312,45.5253654],[-73.5381351,45.5251327],[-73.5383064,45.5242591],[-73.5382738,45.5241717],[-73.5367546,45.5231095],[-73.5365459,45.5227863],[-73.5360228,45.5228847],[-73.535885,45.5232009],[-73.5357249,45.5232046],[-73.5357466,45.5233789],[-73.5351996,45.5243772]]],[[[-73.5708925,45.5255512],[-73.5707888,45.5254492],[-73.5708349,45.5253391],[-73.5712275,45.5253456],[-73.5714033,45.5255277],[-73.5712118,45.5256144],[-73.5708925,45.5255512]]],[[[-73.5323557,45.5279012],[-73.5323199,45.5281877],[-73.5321993,45.528328],[-73.5319229,45.5281294],[-73.5319133,45.5277727],[-73.532019,45.5272974],[-73.5319095,45.5261658],[-73.5321717,45.5260368],[-73.5323557,45.5279012]]],[[[-73.5628462,45.558694],[-73.5629564,45.5585914],[-73.5632198,45.5586293],[-73.563105,45.5587587],[-73.5628462,45.558694]]],[[[-73.49054708783262,45.63269468194564],[-73.4905309,45.6327103],[-73.490454290086,45.632679806413734],[-73.49054708783262,45.63269468194564]]],[[[-73.4847218,45.6456795],[-73.4853011,45.6452108],[-73.4854245,45.6452708],[-73.4854877,45.6455033],[-73.4851134,45.6464446],[-73.4850758,45.6469283],[-73.4848976,45.6471154],[-73.484872,45.6478396],[-73.4846091,45.6483009],[-73.4845716,45.6499021],[-73.4846444,45.6503146],[-73.4845769,45.6504271],[-73.4842329,45.6504984],[-73.4838313,45.6501196],[-73.4834236,45.6494784],[-73.483606,45.6484959],[-73.4842014,45.6465571],[-73.4847218,45.6456795]]],[[[-73.4983494,45.7022676],[-73.4969507,45.7026334],[-73.4964575,45.7026399],[-73.4947998,45.7030481],[-73.4937697,45.7036031],[-73.4928132,45.7037436],[-73.492607,45.7035767],[-73.4920888,45.7034117],[-73.4922598,45.7033078],[-73.4921992,45.7027741],[-73.4923383,45.7024672],[-73.4927065,45.7024853],[-73.4944128,45.7017865],[-73.4947361,45.70149],[-73.4955262,45.7010922],[-73.4958993,45.7007232],[-73.49607,45.7006805],[-73.4962218,45.7008027],[-73.4961612,45.7010271],[-73.4962785,45.7011176],[-73.4965136,45.7009195],[-73.496603,45.7002351],[-73.4968813,45.6999965],[-73.497858,45.6994942],[-73.4988976,45.6995622],[-73.4994864,45.6997967],[-73.4998377,45.6998378],[-73.4999925,45.6997242],[-73.4999481,45.7000339],[-73.4996286,45.7002217],[-73.4995632,45.7008849],[-73.4996753,45.7011698],[-73.4999509,45.7014173],[-73.4991893,45.7020039],[-73.499226,45.7021446],[-73.4990704,45.7022944],[-73.4983494,45.7022676]]],[[[-73.4902049,45.7039241],[-73.4898747,45.7035879],[-73.4898661,45.7034447],[-73.4903282,45.7033799],[-73.4909028,45.7034651],[-73.491248,45.7036065],[-73.4913254,45.7037197],[-73.4912465,45.7040106],[-73.4906347,45.7042619],[-73.4905849,45.7040451],[-73.4902049,45.7039241]]]]}},{"type":"Feature","properties":{"id":"ile-perrot","name":"Île Perrot","type":"island","members":["lile-perrot","notre-dame-de-lile-perrot","pincourt","terrasse-vaudreuil"]},"geometry":{"type":"MultiPolygon","coordinates":[[[[-73.972139,45.362879],[-73.9719321,45.3629457],[-73.9718142,45.3629033],[-73.9718717,45.3628063],[-73.9720413,45.3627336],[-73.9721074,45.362776],[-73.972116,45.3626973],[-73.9722339,45.3626528],[-73.972139,45.362879]]],[[[-73.9972491,45.3688139],[-73.9970678,45.3683144],[-73.9969862,45.3682599],[-73.9969995,45.368047],[-73.9968854,45.3678038],[-73.9972566,45.3676073],[-73.9976067,45.3678245],[-73.9978415,45.3685626],[-73.9977616,45.3687039],[-73.9972491,45.3688139]]],[[[-73.9709078,45.3546726],[-73.9723374,45.3552775],[-73.9729751,45.3553083],[-73.9748619,45.3557707],[-73.976009,45.3557904],[-73.976526,45.3555442],[-73.9768215,45.3555185],[-73.9787466,45.3545857],[-73.9802754,45.3543556],[-73.9809049,45.3541839],[-73.9810474,45.3541253],[-73.9810332,45.3540682],[-73.9822719,45.3538401],[-73.9824864,45.3539541],[-73.9825331,45.3543369],[-73.982701,45.3544418],[-73.9828782,45.354936],[-73.9828708,45.3551366],[-73.982964,45.3552048],[-73.9828558,45.355227],[-73.9829323,45.3552624],[-73.9828017,45.3559926],[-73.9826674,45.3562456],[-73.9828129,45.3564554],[-73.9826432,45.3565249],[-73.9827215,45.3566389],[-73.982936,45.3565616],[-73.9836711,45.3571973],[-73.9835652,45.3573917],[-73.9836309,45.357514],[-73.9843379,45.3579373],[-73.9852429,45.3583475],[-73.9877606,45.3588447],[-73.9878027,45.3589187],[-73.9878822,45.3588471],[-73.9881793,45.3589004],[-73.9882881,45.3590005],[-73.9902552,45.3593962],[-73.9908247,45.3594629],[-73.9917364,45.3594001],[-73.9923143,45.3595552],[-73.9927675,45.3598231],[-73.9930262,45.360187],[-73.9931575,45.3610431],[-73.9932454,45.36118],[-73.9936233,45.3611566],[-73.9942362,45.3614703],[-73.9943333,45.3613862],[-73.9943995,45.3617919],[-73.9946675,45.362527],[-73.994785,45.3625048],[-73.9949069,45.3628237],[-73.9948121,45.3628412],[-73.9948685,45.3629713],[-73.9949566,45.3629554],[-73.9950334,45.3631681],[-73.994765,45.3637881],[-73.994818,45.3640668],[-73.995023,45.364477],[-73.9951981,45.3646359],[-73.9952074,45.3647988],[-73.995492,45.3651293],[-73.9956013,45.3655135],[-73.9955166,45.3656308],[-73.9955371,45.3657904],[-73.9956255,45.3659248],[-73.9957592,45.3659524],[-73.9960479,45.366977],[-73.9961126,45.3669735],[-73.9964113,45.3674561],[-73.9967631,45.3677551],[-73.9968269,45.3679374],[-73.9967697,45.368205],[-73.9970217,45.3690459],[-73.9969256,45.3691226],[-73.9967675,45.3691097],[-73.9964444,45.3689717],[-73.9963313,45.3691621],[-73.9959942,45.3692781],[-73.995874,45.3695314],[-73.9954238,45.3696043],[-73.9954049,45.3698096],[-73.9959093,45.370116],[-73.9962739,45.3701912],[-73.9968127,45.3701346],[-73.9969652,45.3701823],[-73.9970536,45.3703406],[-73.9967484,45.3704888],[-73.996444,45.370499],[-73.9962771,45.3706741],[-73.9961498,45.3710351],[-73.9958551,45.3711443],[-73.995304,45.3715385],[-73.9951892,45.3714911],[-73.9950218,45.3715808],[-73.994812,45.3719163],[-73.9940758,45.3720933],[-73.9939095,45.3722963],[-73.9939173,45.3725607],[-73.9938454,45.3726496],[-73.994052,45.372867],[-73.9940058,45.3730932],[-73.9938271,45.3732066],[-73.9936127,45.3732241],[-73.9933857,45.373807],[-73.9925921,45.3740496],[-73.9924554,45.3742652],[-73.9926048,45.374403],[-73.9927347,45.3743757],[-73.9926267,45.3744389],[-73.9925838,45.3746676],[-73.9932627,45.3758109],[-73.9937627,45.3762088],[-73.9947555,45.3767126],[-73.9953364,45.376843],[-73.9959045,45.3768332],[-73.9962456,45.3766098],[-73.9964553,45.3760895],[-73.9966428,45.3760471],[-73.9968437,45.3761881],[-73.9968635,45.3763141],[-73.9967475,45.376546],[-73.9968271,45.3767141],[-73.9966607,45.3769738],[-73.9959454,45.3774573],[-73.9957366,45.3773558],[-73.9953377,45.3776582],[-73.9950396,45.3777148],[-73.9948835,45.3779255],[-73.994922,45.3784585],[-73.9950822,45.3786452],[-73.9953629,45.3786816],[-73.9957077,45.3792076],[-73.996132,45.3794253],[-73.9968433,45.3796358],[-73.9974921,45.3796168],[-73.9976304,45.3795039],[-73.9986692,45.379697],[-73.9998588,45.3801482],[-74.0001297,45.3804811],[-74.0003135,45.3805639],[-74.0002052,45.3809739],[-74.0000019,45.381253],[-73.9997296,45.3814136],[-73.9997198,45.3815817],[-73.9998873,45.3816253],[-73.9999663,45.3818344],[-74.0003462,45.3821025],[-74.0003648,45.382333],[-74.0006843,45.3827526],[-74.0006273,45.3828273],[-74.0007213,45.3828046],[-74.000635,45.3831618],[-74.0007907,45.3835635],[-74.000877,45.3835342],[-74.0009248,45.3836663],[-74.0005379,45.3839369],[-73.9999705,45.384112],[-73.9988884,45.3848894],[-73.9986487,45.3847502],[-73.9985689,45.3847951],[-73.9988309,45.3858934],[-73.9988151,45.3866136],[-73.9986384,45.3868895],[-73.9986022,45.3876833],[-73.9981592,45.388433],[-73.9984403,45.3888715],[-73.9989892,45.389147],[-73.9988852,45.3891969],[-73.998612,45.3891229],[-73.9978498,45.3893964],[-73.9976675,45.3896256],[-73.9977531,45.3897173],[-73.997418,45.3901912],[-73.9968905,45.3904099],[-73.9968866,45.3906633],[-73.9967308,45.3907007],[-73.996421,45.391093],[-73.9956587,45.3916328],[-73.9954422,45.3916646],[-73.9955067,45.3917346],[-73.9953511,45.3919032],[-73.994727,45.3921325],[-73.9948272,45.3922101],[-73.9945282,45.3925569],[-73.9940653,45.3925606],[-73.994056,45.3926468],[-73.9938813,45.3927358],[-73.9936131,45.392748],[-73.993305,45.3926505],[-73.9930492,45.3928774],[-73.9925569,45.3930758],[-73.9918836,45.3926012],[-73.9915358,45.3927727],[-73.9913991,45.3927029],[-73.9903444,45.3928745],[-73.9903665,45.3929375],[-73.9899547,45.3930996],[-73.9897398,45.3937595],[-73.989542,45.3940021],[-73.9894893,45.393949],[-73.9894104,45.393999],[-73.9894745,45.3940856],[-73.9892387,45.3941382],[-73.989258,45.3941926],[-73.9891033,45.3942665],[-73.9889642,45.3942181],[-73.9878216,45.3948603],[-73.9873862,45.3952187],[-73.9873308,45.3953685],[-73.9875291,45.3960358],[-73.9874143,45.3960796],[-73.987132,45.3964529],[-73.9869844,45.3964228],[-73.9863058,45.3965695],[-73.9862236,45.3967503],[-73.9863798,45.3969625],[-73.9860684,45.3969699],[-73.9858835,45.3968064],[-73.9852325,45.3967953],[-73.9850688,45.39693],[-73.985332,45.3971343],[-73.9852953,45.3972097],[-73.98477,45.3973752],[-73.9845054,45.3971663],[-73.9842461,45.3971537],[-73.9844285,45.3969496],[-73.9835039,45.3968092],[-73.9829767,45.3970653],[-73.9818319,45.3973841],[-73.9814934,45.3978167],[-73.9804049,45.3983146],[-73.9799108,45.3983515],[-73.9788036,45.3987499],[-73.9782674,45.39883],[-73.97766,45.3988283],[-73.9773488,45.3987196],[-73.9768024,45.398837],[-73.9764598,45.3986825],[-73.9758101,45.3986932],[-73.975513,45.3988498],[-73.975468,45.399022],[-73.9752717,45.3991709],[-73.9747949,45.3993088],[-73.97441,45.3989667],[-73.9744916,45.3988826],[-73.974347,45.3987484],[-73.9744498,45.3985587],[-73.974454,45.398334],[-73.9732676,45.3978256],[-73.9729901,45.3979312],[-73.9729171,45.3980453],[-73.9730623,45.3984684],[-73.9730202,45.3987654],[-73.9731663,45.3988967],[-73.9734539,45.3989549],[-73.9734441,45.3990337],[-73.9727838,45.3991892],[-73.9726891,45.3996149],[-73.9731062,45.400024],[-73.9730087,45.4001146],[-73.9723551,45.3998637],[-73.9718399,45.3999771],[-73.9715549,45.399921],[-73.9713588,45.4000254],[-73.9712223,45.3999501],[-73.9709829,45.4000138],[-73.9702057,45.4000005],[-73.969633,45.3994608],[-73.9693913,45.3993966],[-73.969092,45.3991313],[-73.9692017,45.3987137],[-73.9691673,45.3985984],[-73.968514,45.3983052],[-73.9684037,45.3983942],[-73.9682221,45.3983765],[-73.967782,45.3981305],[-73.9676706,45.397897],[-73.9681012,45.3974889],[-73.9686087,45.3974565],[-73.9686524,45.3973496],[-73.9675827,45.3970004],[-73.9672572,45.3971043],[-73.966563,45.3971584],[-73.965845,45.3970693],[-73.9646673,45.397309],[-73.9644887,45.3972776],[-73.9639161,45.3978045],[-73.9637123,45.3979169],[-73.9629023,45.3980809],[-73.9622428,45.3986163],[-73.9619982,45.3986389],[-73.9618277,45.3985311],[-73.9613035,45.3984453],[-73.9609937,45.3984889],[-73.9598764,45.3989863],[-73.9597534,45.3991151],[-73.9585715,45.3994006],[-73.9580271,45.3998149],[-73.9572883,45.3999335],[-73.9562058,45.4003107],[-73.9558961,45.4003492],[-73.9558365,45.4002113],[-73.9541884,45.4004137],[-73.9538315,45.4004919],[-73.953691,45.4006199],[-73.9534628,45.4005628],[-73.9534589,45.4007006],[-73.9533205,45.4007423],[-73.9515392,45.4002051],[-73.9512795,45.4000396],[-73.95122,45.3999057],[-73.9510975,45.4000178],[-73.9507818,45.3998454],[-73.9508248,45.3998096],[-73.9505102,45.3997294],[-73.9505566,45.3996714],[-73.9503948,45.3996841],[-73.9503326,45.3994892],[-73.9502387,45.3995363],[-73.9494975,45.3992685],[-73.9487201,45.3992876],[-73.9474656,45.3995005],[-73.9472935,45.3994335],[-73.9470667,45.3990949],[-73.9472512,45.3984761],[-73.9475621,45.398274],[-73.9476013,45.3981825],[-73.9475123,45.3980751],[-73.9476088,45.3979488],[-73.9478172,45.3979556],[-73.9478474,45.3978605],[-73.9482073,45.3977978],[-73.9495003,45.3977701],[-73.9494913,45.3976841],[-73.9485143,45.3970281],[-73.9484072,45.3968617],[-73.9493937,45.3964126],[-73.9495504,45.3964655],[-73.9497625,45.3963827],[-73.9503455,45.3958807],[-73.9508304,45.3959705],[-73.951191,45.3956076],[-73.9509265,45.3954803],[-73.9508683,45.3953307],[-73.9503075,45.3952024],[-73.9503127,45.39511],[-73.9511172,45.3950143],[-73.9515562,45.3952049],[-73.9518119,45.3951169],[-73.9526204,45.3944132],[-73.9526567,45.394066],[-73.9527964,45.3940249],[-73.9530542,45.3937688],[-73.9523273,45.3937053],[-73.9522592,45.3934358],[-73.9518256,45.3934527],[-73.9509045,45.3942508],[-73.9508648,45.3945504],[-73.9506909,45.3947706],[-73.9504601,45.3947803],[-73.950017,45.3945984],[-73.9498229,45.3951601],[-73.9495368,45.3953042],[-73.9492503,45.3952563],[-73.948461,45.394873],[-73.948265,45.3945807],[-73.9482608,45.3943449],[-73.947905,45.3942283],[-73.9480611,45.3937857],[-73.9477575,45.3936855],[-73.9475197,45.3938312],[-73.9468219,45.3939469],[-73.945994,45.3942022],[-73.945106,45.3941403],[-73.9446308,45.3942163],[-73.9443983,45.394419],[-73.9436931,45.394505],[-73.9435322,45.3944414],[-73.9435042,45.3942952],[-73.9433623,45.3943471],[-73.9432011,45.3942684],[-73.9431772,45.3940923],[-73.9430865,45.394018],[-73.9424739,45.3938453],[-73.9421198,45.3935254],[-73.9420703,45.3933553],[-73.9422125,45.3932031],[-73.9423428,45.3931389],[-73.9425242,45.3932881],[-73.9426169,45.3932565],[-73.9427573,45.3929284],[-73.9427318,45.3927687],[-73.9422486,45.3929449],[-73.9418803,45.3928891],[-73.9419092,45.3929616],[-73.9413011,45.3931164],[-73.9406594,45.3933818],[-73.9406311,45.3934599],[-73.9403865,45.3934249],[-73.9404224,45.393328],[-73.9402634,45.3932916],[-73.9401875,45.3934679],[-73.9396048,45.393539],[-73.9394957,45.3934843],[-73.9394836,45.39374],[-73.9392029,45.3937423],[-73.939211,45.3936186],[-73.9388169,45.3936434],[-73.9383014,45.3935509],[-73.9375024,45.3938471],[-73.9369244,45.3935289],[-73.9367168,45.3935478],[-73.9367057,45.3937186],[-73.9365026,45.3937092],[-73.9363263,45.3934804],[-73.9359921,45.3934716],[-73.9356724,45.3936073],[-73.9350519,45.3936528],[-73.9334312,45.3935174],[-73.9334004,45.3936481],[-73.9330713,45.3936761],[-73.9328995,45.3935542],[-73.9328742,45.393624],[-73.9322518,45.3937173],[-73.9322408,45.3938029],[-73.9318072,45.3938031],[-73.9317801,45.3936763],[-73.9312646,45.3936763],[-73.9308138,45.3938157],[-73.9305169,45.3940493],[-73.9300126,45.3939709],[-73.9284137,45.3939654],[-73.9281334,45.3938972],[-73.9277562,45.3935932],[-73.9278142,45.3935493],[-73.9281312,45.3937343],[-73.9282115,45.3936449],[-73.9282682,45.3934223],[-73.9278955,45.393239],[-73.9282627,45.3932203],[-73.928692,45.393013],[-73.9287904,45.3931171],[-73.9291511,45.3931789],[-73.9292344,45.3930467],[-73.9301228,45.3926564],[-73.9304916,45.3923575],[-73.9305683,45.3921186],[-73.9312207,45.3921194],[-73.9317597,45.3920124],[-73.9319326,45.3916513],[-73.932145,45.3915639],[-73.9324042,45.391603],[-73.9324365,45.3915258],[-73.9322065,45.3914682],[-73.931685,45.3916431],[-73.9315576,45.3917655],[-73.93125,45.3918684],[-73.9313218,45.392035],[-73.9312617,45.392071],[-73.9309833,45.3920479],[-73.9311851,45.3918283],[-73.930879,45.3917441],[-73.9307627,45.3919651],[-73.9306374,45.3920228],[-73.9303102,45.3919664],[-73.9298583,45.3920718],[-73.9302162,45.3918709],[-73.9301406,45.3917864],[-73.9302226,45.3916325],[-73.9299243,45.391619],[-73.9298596,45.3915732],[-73.929879,45.3914502],[-73.9297709,45.3914172],[-73.9296955,45.3915277],[-73.9296136,45.391504],[-73.9298769,45.3910376],[-73.9290766,45.3907636],[-73.9287496,45.3913175],[-73.9285329,45.3914337],[-73.9289417,45.3905941],[-73.9285812,45.3904381],[-73.927819,45.3902883],[-73.9277275,45.3903003],[-73.9277071,45.3903967],[-73.9276054,45.390381],[-73.9276389,45.390252],[-73.9272693,45.3900146],[-73.9270254,45.389972],[-73.9269878,45.3900563],[-73.92687,45.3900572],[-73.9264683,45.3898867],[-73.9259297,45.389987],[-73.9253368,45.389953],[-73.924934,45.3900533],[-73.9245837,45.3904134],[-73.9245622,45.3905976],[-73.9243689,45.3907168],[-73.9243996,45.3907685],[-73.9242134,45.3908268],[-73.9238933,45.3907771],[-73.9237293,45.3908131],[-73.923682,45.3909819],[-73.9230971,45.391047],[-73.9229845,45.3912286],[-73.9231762,45.3915158],[-73.9231683,45.3917119],[-73.9232544,45.3917597],[-73.9232077,45.391797],[-73.9225637,45.391745],[-73.9223292,45.391517],[-73.9221884,45.3912982],[-73.9222608,45.3906621],[-73.9220653,45.3905742],[-73.9221166,45.390946],[-73.9219192,45.3913617],[-73.9214734,45.3916042],[-73.9214498,45.3917065],[-73.9212201,45.3918693],[-73.9212259,45.3920191],[-73.9209668,45.3923503],[-73.9205321,45.3926203],[-73.9200271,45.3925707],[-73.9198553,45.3926798],[-73.918383,45.392231],[-73.9176776,45.3921211],[-73.9171644,45.3917237],[-73.9172147,45.3916462],[-73.9164491,45.3914325],[-73.9161265,45.3914275],[-73.9154791,45.3911616],[-73.9149184,45.3914397],[-73.914544,45.3914456],[-73.9145332,45.3913948],[-73.9150024,45.3913329],[-73.9153031,45.3911529],[-73.9157301,45.3904694],[-73.9152642,45.3902345],[-73.9153129,45.390115],[-73.9148701,45.3899703],[-73.9148084,45.3898516],[-73.9148996,45.3897096],[-73.9147212,45.3898293],[-73.9145685,45.3897869],[-73.9142341,45.3899511],[-73.9143634,45.3896379],[-73.9141388,45.3896312],[-73.9141297,45.3894508],[-73.9140071,45.3894704],[-73.9140595,45.3896717],[-73.9138318,45.3898524],[-73.9139356,45.3899779],[-73.9136474,45.3902378],[-73.9134736,45.3905289],[-73.9132713,45.3905856],[-73.9134577,45.3907144],[-73.9135876,45.3906425],[-73.9137602,45.3907058],[-73.913175,45.3911608],[-73.9128633,45.3912026],[-73.9128206,45.3909901],[-73.9126628,45.3908794],[-73.9116562,45.3913249],[-73.9116714,45.391428],[-73.9106958,45.3917187],[-73.9107035,45.3918041],[-73.9102757,45.3917328],[-73.9099367,45.3915439],[-73.909762,45.39156],[-73.9093027,45.392006],[-73.9088396,45.3922183],[-73.9087948,45.3922715],[-73.908878,45.3923492],[-73.9089081,45.3926746],[-73.9090107,45.3927022],[-73.9089848,45.3929252],[-73.908821,45.3932064],[-73.9088671,45.3937284],[-73.908991,45.3938676],[-73.9084047,45.3942359],[-73.9073979,45.3940782],[-73.9069862,45.3941085],[-73.9062866,45.3939282],[-73.906005,45.3943956],[-73.9056779,45.3946125],[-73.9056682,45.3946906],[-73.9053427,45.3946609],[-73.9051152,45.394803],[-73.9048715,45.3947331],[-73.904802,45.3949711],[-73.904532,45.3949295],[-73.9040439,45.3951477],[-73.9038937,45.3954965],[-73.9036054,45.3955389],[-73.9034499,45.3953241],[-73.9032868,45.3953313],[-73.903163,45.3953669],[-73.9030488,45.3955375],[-73.9026231,45.3955574],[-73.9023398,45.3957431],[-73.9021544,45.3956535],[-73.9021111,45.3958389],[-73.9020466,45.3958524],[-73.9019483,45.3958476],[-73.9018515,45.3955515],[-73.9008216,45.3955082],[-73.9006442,45.3957437],[-73.9007334,45.3957709],[-73.9007054,45.3958294],[-73.9001093,45.3958196],[-73.9001053,45.3957665],[-73.9005707,45.3956129],[-73.9006722,45.3954495],[-73.9000867,45.3951768],[-73.8999749,45.3952053],[-73.8999452,45.3951202],[-73.9000581,45.395043],[-73.9000298,45.3947974],[-73.8998045,45.3946197],[-73.8990862,45.3944323],[-73.8991176,45.3943741],[-73.8990572,45.3943574],[-73.8988546,45.3943923],[-73.898354,45.3942512],[-73.8983263,45.3943262],[-73.897946,45.3943243],[-73.8979284,45.3944844],[-73.8978102,45.394518],[-73.8976601,45.3944657],[-73.8977401,45.3943188],[-73.897321,45.3942428],[-73.897355,45.3941915],[-73.8971817,45.394092],[-73.8970226,45.3941828],[-73.8969013,45.3941353],[-73.8968118,45.3942261],[-73.8969308,45.3942846],[-73.8968675,45.3943518],[-73.8966945,45.3943378],[-73.8966766,45.3942456],[-73.8968397,45.394092],[-73.8966746,45.3939412],[-73.8967283,45.3939063],[-73.8964379,45.3935739],[-73.8963057,45.3936186],[-73.8961973,45.3934342],[-73.8963106,45.3933951],[-73.8962604,45.3931937],[-73.8960893,45.3931208],[-73.896034,45.3929528],[-73.895559,45.3926018],[-73.8956266,45.3925351],[-73.8953663,45.3922497],[-73.8953433,45.3920865],[-73.8954401,45.3919142],[-73.8956391,45.3918152],[-73.8965314,45.3917421],[-73.8971643,45.3919122],[-73.8971692,45.391804],[-73.8970512,45.3916814],[-73.8972185,45.3914778],[-73.8971317,45.3910598],[-73.8972136,45.3909132],[-73.8970479,45.3907914],[-73.897665,45.3906646],[-73.8978639,45.39074],[-73.8981109,45.3905162],[-73.8983154,45.3905166],[-73.8989717,45.3902707],[-73.8993973,45.3903755],[-73.8995013,45.3906151],[-73.8995863,45.3906318],[-73.8996823,45.3904507],[-73.8995257,45.3902447],[-73.899996,45.3900054],[-73.9000755,45.3901492],[-73.9003503,45.3900849],[-73.9008125,45.3897976],[-73.9011252,45.3891945],[-73.9009443,45.3891283],[-73.9010915,45.3891501],[-73.9010893,45.3890993],[-73.9009251,45.3890555],[-73.9007065,45.3892119],[-73.9008017,45.3891089],[-73.9009242,45.3883084],[-73.9011416,45.3881295],[-73.9011447,45.3880101],[-73.9010826,45.3877459],[-73.9008603,45.3876],[-73.9008705,45.3874241],[-73.9009369,45.3874097],[-73.9008888,45.3871362],[-73.9004877,45.3863292],[-73.8997993,45.3854606],[-73.899855,45.385375],[-73.8997621,45.3851373],[-73.8994574,45.3846142],[-73.8984948,45.383502],[-73.8983925,45.3833042],[-73.8985332,45.3832484],[-73.8983636,45.3829714],[-73.8981685,45.3827276],[-73.8979239,45.3826151],[-73.8978067,45.3823057],[-73.8970968,45.3814609],[-73.8967948,45.3812743],[-73.8967823,45.3811019],[-73.8965627,45.3807536],[-73.8959141,45.3799854],[-73.8955275,45.3798624],[-73.8953265,45.3799627],[-73.8953942,45.3800345],[-73.8953474,45.3800979],[-73.8951035,45.3800059],[-73.8949807,45.3797107],[-73.8950176,45.3795811],[-73.8949242,45.3794776],[-73.8950287,45.3792298],[-73.8946468,45.3787258],[-73.8943374,45.3784329],[-73.8939847,45.3784735],[-73.8936766,45.3782636],[-73.8936915,45.3781589],[-73.8938851,45.3779858],[-73.8938119,45.3778269],[-73.8929769,45.3770849],[-73.8928689,45.3771079],[-73.8922858,45.3766127],[-73.8923943,45.3764112],[-73.8921978,45.3762314],[-73.8918459,45.3762303],[-73.8917524,45.3761214],[-73.8918595,45.3759453],[-73.8916745,45.3757728],[-73.8908546,45.3752149],[-73.8905754,45.3751644],[-73.8902979,45.3748906],[-73.8902598,45.3747308],[-73.8896676,45.3743533],[-73.8888695,45.3736715],[-73.8877965,45.3731521],[-73.887756,45.3730732],[-73.8879972,45.3729438],[-73.8877884,45.3727239],[-73.8870822,45.3722326],[-73.8867746,45.3723359],[-73.8858175,45.371656],[-73.8859887,45.3715297],[-73.8853615,45.3710995],[-73.8850042,45.3709978],[-73.8840572,45.3705241],[-73.8839447,45.3705845],[-73.8835507,45.3704337],[-73.8836525,45.3703701],[-73.8834792,45.370207],[-73.8826827,45.3699523],[-73.8825483,45.369833],[-73.8816085,45.3695923],[-73.8797299,45.3699049],[-73.8795911,45.3698148],[-73.8797549,45.3696672],[-73.8797299,45.3696047],[-73.8793845,45.3694871],[-73.8791709,45.3694971],[-73.8790355,45.3695371],[-73.8789038,45.3697323],[-73.8786118,45.3698574],[-73.8778782,45.3698924],[-73.8777108,45.3699849],[-73.8772978,45.370025],[-73.877312,45.3701175],[-73.8772194,45.3701275],[-73.8772016,45.370045],[-73.8768882,45.37008],[-73.8766318,45.3701926],[-73.8765962,45.3704127],[-73.8756383,45.3708956],[-73.8756027,45.370848],[-73.8747445,45.3711933],[-73.8743207,45.3714935],[-73.8736263,45.3713309],[-73.8721414,45.3714835],[-73.8717283,45.371611],[-73.8712262,45.3721189],[-73.8711016,45.3721564],[-73.8712303,45.372459],[-73.8710597,45.3726842],[-73.8706538,45.3728422],[-73.8702712,45.3728349],[-73.8700049,45.3729748],[-73.8698679,45.3731491],[-73.8700101,45.3732944],[-73.8699816,45.3734052],[-73.8697593,45.3737103],[-73.8694594,45.3739028],[-73.8687201,45.3739228],[-73.8678411,45.3740807],[-73.8669311,45.374444],[-73.8667191,45.3742515],[-73.8662098,45.3744185],[-73.8660469,45.3743622],[-73.8659823,45.3743786],[-73.8660314,45.3745003],[-73.8657988,45.3745965],[-73.8654963,45.3745529],[-73.865018,45.374226],[-73.8644906,45.3742333],[-73.8638883,45.3750705],[-73.8635186,45.3753847],[-73.863105,45.3755699],[-73.8629964,45.3757696],[-73.8626991,45.3757842],[-73.8625311,45.3757115],[-73.8624535,45.3754845],[-73.8619571,45.3755063],[-73.8621278,45.3753956],[-73.8621846,45.3750469],[-73.8620554,45.3749524],[-73.8617115,45.3750015],[-73.8614944,45.3748925],[-73.8615047,45.3746728],[-73.8617503,45.374542],[-73.8616573,45.3744585],[-73.8612514,45.3744748],[-73.8611045,45.3749796],[-73.8603755,45.3750207],[-73.8603876,45.374649],[-73.8606885,45.3744221],[-73.8608836,45.374136],[-73.8606516,45.3738501],[-73.8602173,45.373545],[-73.858736,45.3727387],[-73.8576398,45.3724826],[-73.8568436,45.3725898],[-73.8559181,45.3734179],[-73.8553623,45.3732835],[-73.8549745,45.3730783],[-73.8549719,45.3730238],[-73.8553519,45.3729639],[-73.8553002,45.3726152],[-73.8553778,45.3723482],[-73.8557474,45.3722955],[-73.8559026,45.3719705],[-73.8558121,45.3715182],[-73.855538,45.3712694],[-73.8552899,45.3712186],[-73.8549952,45.3712095],[-73.8545867,45.3713784],[-73.8544264,45.3713675],[-73.854354,45.3710351],[-73.8546048,45.3709716],[-73.8549926,45.3711423],[-73.8553028,45.3711804],[-73.8555303,45.3711532],[-73.8557604,45.371017],[-73.8558328,45.3708681],[-73.8561378,45.3706647],[-73.856461,45.3700998],[-73.8565825,45.3691518],[-73.8558756,45.3676769],[-73.8553773,45.3671376],[-73.8550739,45.3670593],[-73.8544672,45.3670658],[-73.8542195,45.3669049],[-73.8541638,45.3667157],[-73.853975,45.3665895],[-73.8527894,45.3663416],[-73.8520279,45.3658588],[-73.8527419,45.3659191],[-73.8536933,45.3656],[-73.8545569,45.3655282],[-73.8548046,45.3653368],[-73.8546436,45.3650367],[-73.8555135,45.3645321],[-73.8556961,45.3642341],[-73.8565783,45.3642385],[-73.8575505,45.3640554],[-73.8577536,45.3639128],[-73.8580024,45.3639864],[-73.8590469,45.3638415],[-73.86008,45.3632943],[-73.8609128,45.3632876],[-73.8612988,45.3631517],[-73.862165,45.3631655],[-73.8628249,45.362929],[-73.8630238,45.3627802],[-73.8631019,45.3626072],[-73.8634711,45.3627573],[-73.8640877,45.3624959],[-73.8643928,45.3622716],[-73.8649026,45.3622718],[-73.8652175,45.3621372],[-73.8667482,45.3619731],[-73.8669529,45.3617462],[-73.8669383,45.3614706],[-73.8670794,45.3614158],[-73.8680815,45.3616035],[-73.8687156,45.3614709],[-73.8692464,45.3614639],[-73.8697807,45.3615906],[-73.8708888,45.3615875],[-73.8713856,45.3615004],[-73.8713655,45.3613592],[-73.8715846,45.3612489],[-73.8729151,45.361262],[-73.8736231,45.3611371],[-73.8744682,45.3608734],[-73.8748918,45.3606157],[-73.8751459,45.3602817],[-73.8751982,45.3601263],[-73.8751111,45.3593353],[-73.8753561,45.3590876],[-73.8753445,45.3589226],[-73.8759315,45.3588357],[-73.8759268,45.3587732],[-73.8762933,45.3585183],[-73.8767083,45.358389],[-73.8766786,45.3581264],[-73.8763378,45.357295],[-73.876505,45.3573226],[-73.8770506,45.3581672],[-73.8777407,45.3582554],[-73.8783058,45.3579942],[-73.8790102,45.3577963],[-73.8790083,45.3576954],[-73.8791391,45.3575765],[-73.8796708,45.3573449],[-73.8805225,45.3566684],[-73.8814044,45.3564986],[-73.8819387,45.3562688],[-73.8826865,45.3562612],[-73.8830703,45.3563362],[-73.8838256,45.3562146],[-73.8842043,45.3559611],[-73.8845512,45.3553333],[-73.8850754,45.3550765],[-73.8852843,45.3551929],[-73.8865438,45.3551991],[-73.8869026,45.3551177],[-73.8874476,45.3547886],[-73.8876553,45.3546409],[-73.8877427,45.3543145],[-73.8877145,45.3541386],[-73.8873689,45.3537468],[-73.8875344,45.3535952],[-73.8880505,45.3534913],[-73.8880338,45.3532735],[-73.8886594,45.3534933],[-73.8890134,45.3538318],[-73.8891969,45.3539059],[-73.8897549,45.3540436],[-73.8899131,45.3539963],[-73.8915634,45.3541758],[-73.8925876,45.3537912],[-73.8929051,45.353613],[-73.8930431,45.3533728],[-73.8944033,45.3532331],[-73.8964936,45.3526508],[-73.8975034,45.3520812],[-73.8978923,45.351741],[-73.898405,45.3515129],[-73.8989935,45.3510642],[-73.9005601,45.3491738],[-73.9007231,45.3486763],[-73.9005557,45.3486262],[-73.9003885,45.3487233],[-73.9002523,45.3486462],[-73.9004176,45.3484516],[-73.9008365,45.3485867],[-73.9025165,45.3479028],[-73.9030109,45.3473115],[-73.9029654,45.347248],[-73.9030646,45.3469984],[-73.9030117,45.3469281],[-73.9033324,45.3466513],[-73.9039354,45.3465273],[-73.9045614,45.3466897],[-73.9053383,45.3464986],[-73.9052993,45.3461849],[-73.9055338,45.3458856],[-73.9063604,45.3453023],[-73.9073559,45.3455024],[-73.9074015,45.3456439],[-73.9076499,45.3457743],[-73.9078792,45.3461835],[-73.9078454,45.3466387],[-73.9079048,45.3466314],[-73.9084049,45.3476524],[-73.9084797,45.3476694],[-73.9087767,45.3483988],[-73.9091289,45.3488986],[-73.909596,45.3493024],[-73.9099146,45.3498201],[-73.910899,45.3506399],[-73.9116861,45.3509174],[-73.9122222,45.3508356],[-73.9126768,45.3509164],[-73.9130684,45.3507647],[-73.9138865,45.3507929],[-73.9139116,45.3508654],[-73.9136887,45.3509998],[-73.9138947,45.351401],[-73.9141976,45.3516989],[-73.9141493,45.351874],[-73.914617,45.3523033],[-73.9149848,45.352498],[-73.9154014,45.3525274],[-73.9162777,45.3523843],[-73.9168691,45.3524254],[-73.9179836,45.352204],[-73.9181142,45.3519933],[-73.9187112,45.3519456],[-73.9188452,45.3520557],[-73.9185539,45.3521426],[-73.9186185,45.3525033],[-73.9192793,45.3533365],[-73.9193064,45.3534611],[-73.9196873,45.353834],[-73.9197053,45.3541006],[-73.9200009,45.3544625],[-73.9214724,45.3551054],[-73.9219387,45.3552137],[-73.9234209,45.356063],[-73.9246939,45.3564884],[-73.9257146,45.3565425],[-73.9259804,45.356427],[-73.9265797,45.3564943],[-73.9267264,45.3566961],[-73.927459,45.3569536],[-73.9289062,45.3571217],[-73.9296283,45.3570954],[-73.9301141,45.3573126],[-73.9330413,45.3572701],[-73.9346252,45.3570176],[-73.9352494,45.3570577],[-73.9358342,45.3569505],[-73.9365523,45.3566481],[-73.9371611,45.3566036],[-73.9380011,45.3562209],[-73.9391933,45.355912],[-73.93929,45.355812],[-73.939506,45.3557734],[-73.9396588,45.3558419],[-73.9408134,45.3556226],[-73.941031,45.3553688],[-73.9413053,45.3552047],[-73.9418256,45.3550911],[-73.9423666,45.3551151],[-73.9427541,45.3549948],[-73.9431083,45.3547709],[-73.9436367,45.3547438],[-73.9449948,45.3543865],[-73.9464321,45.3541615],[-73.9472923,45.3538332],[-73.9485297,45.3535691],[-73.949274,45.3531544],[-73.9496604,45.3531558],[-73.9503931,45.3529354],[-73.9512158,45.3525796],[-73.9512533,45.352448],[-73.9519509,45.3523576],[-73.9530252,45.35189],[-73.9533746,45.3516372],[-73.954427,45.3512976],[-73.9547863,45.35129],[-73.9554686,45.3508809],[-73.955419,45.350687],[-73.9558894,45.3505356],[-73.9568161,45.3500013],[-73.9569113,45.3497],[-73.9568826,45.3493144],[-73.9569349,45.3491441],[-73.95706,45.3491218],[-73.9572849,45.3492599],[-73.9572358,45.3493879],[-73.9574148,45.3493601],[-73.9577411,45.3497196],[-73.9578947,45.3496974],[-73.9579533,45.3499],[-73.9581593,45.34993],[-73.9583034,45.3500847],[-73.9587406,45.3500436],[-73.9588562,45.3501048],[-73.9588515,45.3500157],[-73.9589148,45.3500146],[-73.9594692,45.3505745],[-73.9597923,45.3507382],[-73.9604758,45.3508238],[-73.9602948,45.3508541],[-73.9602659,45.3509385],[-73.9603831,45.3510276],[-73.9605716,45.3509018],[-73.960852,45.3511634],[-73.9614409,45.3514084],[-73.9616066,45.3515774],[-73.9626233,45.3517569],[-73.9629815,45.3518969],[-73.9629352,45.3519813],[-73.9635458,45.3521789],[-73.964322,45.3521785],[-73.9647254,45.352054],[-73.9649606,45.3517885],[-73.9655331,45.3519147],[-73.9656401,45.3519943],[-73.9656696,45.3522863],[-73.9659614,45.3524006],[-73.9660883,45.352637],[-73.9674851,45.3535295],[-73.9683919,45.353629],[-73.9690838,45.354007],[-73.9699107,45.3542758],[-73.970247,45.3545235],[-73.9709078,45.3546726]],[[-73.9591281,45.3794852],[-73.9577368,45.3847472],[-73.9581379,45.3833341],[-73.9591281,45.3794852]],[[-73.9748086,45.3908618],[-73.9773974,45.3899015],[-73.9758928,45.3904596],[-73.9748086,45.3908618]],[[-73.9786325,45.3560819],[-73.9788511,45.3562025],[-73.9791341,45.3561978],[-73.9787371,45.3559838],[-73.9786111,45.355997],[-73.9786325,45.3560819]],[[-73.9851576,45.3615531],[-73.9853844,45.3614],[-73.985224,45.3612828],[-73.9849973,45.3614359],[-73.9851576,45.3615531]],[[-73.9849247,45.3616471],[-73.9849403,45.3615541],[-73.9847649,45.3615483],[-73.9848235,45.3616663],[-73.9849247,45.3616471]],[[-73.9856113,45.3618405],[-73.9858393,45.3618104],[-73.9857951,45.3616954],[-73.985625,45.3616967],[-73.9856113,45.3618405]],[[-73.9853785,45.3619973],[-73.9856065,45.3619672],[-73.9855623,45.3618521],[-73.9853435,45.3619072],[-73.9853785,45.3619973]],[[-73.9668936,45.3617824],[-73.9668332,45.3616815],[-73.9666205,45.3616209],[-73.9664682,45.3617017],[-73.9665889,45.3618875],[-73.9668246,45.3618854],[-73.9668936,45.3617824]],[[-73.9680864,45.3626104],[-73.9680864,45.3627397],[-73.9682847,45.3627659],[-73.9683019,45.3626448],[-73.9680864,45.3626104]],[[-73.9724581,45.3625963],[-73.9722252,45.3625418],[-73.9711675,45.3631173],[-73.972369,45.3629073],[-73.9724581,45.3625963]],[[-73.964337,45.3647171],[-73.9645331,45.3647794],[-73.9647401,45.3646607],[-73.9647464,45.3645639],[-73.9642903,45.3644907],[-73.964337,45.3647171]],[[-73.9045026,45.353047],[-73.9040382,45.3530116],[-73.9038498,45.3528803],[-73.9034712,45.3533568],[-73.9035705,45.3534136],[-73.9037707,45.353287],[-73.9040803,45.3533864],[-73.9041593,45.3531984],[-73.9043966,45.3531866],[-73.9045026,45.353047]],[[-73.9243009,45.3578257],[-73.9242672,45.3579489],[-73.9243214,45.3579708],[-73.9244165,45.3578458],[-73.9243009,45.3578257]],[[-73.9052248,45.3585072],[-73.9053846,45.3585831],[-73.9055021,45.3587893],[-73.90554,45.3585636],[-73.9056619,45.3584519],[-73.9055298,45.3583268],[-73.9052985,45.3584242],[-73.9045936,45.3584155],[-73.9048373,45.35874],[-73.9052248,45.3585072]],[[-73.9041495,45.3587899],[-73.9043499,45.3587097],[-73.9045123,45.358485],[-73.9042002,45.3584832],[-73.9040353,45.3586972],[-73.9041495,45.3587899]],[[-73.9029587,45.3590351],[-73.9032131,45.359063],[-73.9033115,45.358991],[-73.9033717,45.3587286],[-73.9038229,45.3587536],[-73.9038885,45.3586326],[-73.9036807,45.358476],[-73.9032691,45.3585125],[-73.9030093,45.3586758],[-73.9029587,45.3590351]],[[-73.9274362,45.3606878],[-73.9271535,45.3610441],[-73.9273102,45.3611975],[-73.9271504,45.3614415],[-73.9270182,45.3619036],[-73.9271596,45.3621822],[-73.9272242,45.3621153],[-73.9272088,45.3618475],[-73.9276237,45.3613141],[-73.9275684,45.3610722],[-73.9277121,45.3609108],[-73.9275315,45.3606921],[-73.9274362,45.3606878]],[[-73.9494761,45.3628016],[-73.9491462,45.3628035],[-73.9492013,45.3629248],[-73.949755,45.3629128],[-73.9494761,45.3628016]],[[-73.9170335,45.3691087],[-73.9174094,45.368963],[-73.918077,45.3689031],[-73.9180174,45.3688115],[-73.9178849,45.3688576],[-73.9177237,45.3687501],[-73.9172584,45.368779],[-73.9170335,45.3691087]],[[-73.9364186,45.3778045],[-73.9365776,45.3775091],[-73.9365588,45.3773769],[-73.9364186,45.3774342],[-73.9363036,45.3776825],[-73.9363161,45.3777912],[-73.9364186,45.3778045]],[[-73.9319685,45.3858251],[-73.9322618,45.3853701],[-73.9325116,45.3852871],[-73.9316873,45.3852987],[-73.9314749,45.3857221],[-73.9319685,45.3858251]],[[-73.9049653,45.3866408],[-73.9044916,45.3868097],[-73.9041788,45.3871409],[-73.9045262,45.3870734],[-73.9049653,45.3866408]],[[-73.9033067,45.3879031],[-73.9029704,45.388127],[-73.9028426,45.3884238],[-73.9028721,45.3884284],[-73.9033067,45.3879031]],[[-73.8909091,45.35834],[-73.8909026,45.3585164],[-73.8911398,45.3586022],[-73.8916067,45.3581909],[-73.8918934,45.3581481],[-73.8916759,45.3580765],[-73.8916422,45.3579278],[-73.8918842,45.3576774],[-73.8915856,45.3577173],[-73.8909091,45.35834]],[[-73.9024469,45.3602127],[-73.9023657,45.3603589],[-73.9025839,45.3604266],[-73.9027387,45.3602786],[-73.902627,45.3599969],[-73.90283,45.3597741],[-73.9026245,45.3596796],[-73.902622,45.3594906],[-73.9025281,45.3593765],[-73.9027285,45.3590039],[-73.9026245,45.3590306],[-73.9025839,45.3592142],[-73.9023327,45.3592838],[-73.902424,45.3594799],[-73.9023708,45.3595423],[-73.9024266,45.3597865],[-73.9022997,45.3599327],[-73.9024469,45.3602127]],[[-73.8976899,45.3630677],[-73.8974479,45.3632654],[-73.8974789,45.3633326],[-73.8978222,45.3632713],[-73.8979038,45.3631527],[-73.8976899,45.3630677]],[[-73.8724262,45.3637194],[-73.8723776,45.3636146],[-73.872155,45.3634999],[-73.870255,45.3632292],[-73.8699099,45.3633284],[-73.8699849,45.3634195],[-73.8705488,45.3635353],[-73.8710294,45.3638107],[-73.8713651,45.3637068],[-73.8716101,45.3637763],[-73.8718139,45.3637205],[-73.8723016,45.363781],[-73.8724262,45.3637194]],[[-73.8657799,45.3641116],[-73.8649944,45.3645446],[-73.8649267,45.3648537],[-73.8647986,45.3649862],[-73.8649364,45.3650303],[-73.8655068,45.3648299],[-73.8657195,45.364368],[-73.8662053,45.3640335],[-73.866194,45.3638032],[-73.8657461,45.3638246],[-73.8657799,45.3641116]],[[-73.8878508,45.3644025],[-73.8883817,45.3661451],[-73.888865,45.3660621],[-73.8883642,45.3643353],[-73.8878508,45.3644025]],[[-73.8850402,45.3648767],[-73.884436,45.3649148],[-73.8844399,45.3657148],[-73.8849899,45.3656685],[-73.8850402,45.3648767]],[[-73.8877377,45.3644209],[-73.8872242,45.3644942],[-73.8877377,45.3662551],[-73.8882598,45.3661756],[-73.8877377,45.3644209]],[[-73.8842915,45.3649621],[-73.8836873,45.3650002],[-73.8836912,45.3658002],[-73.8842915,45.3657131],[-73.8842915,45.3649621]],[[-73.8865889,45.3645921],[-73.8870763,45.3663407],[-73.8876071,45.3662612],[-73.8871024,45.3645126],[-73.8865889,45.3645921]],[[-73.8859276,45.3646899],[-73.8864729,45.3664112],[-73.8869457,45.3663468],[-73.8864671,45.3646287],[-73.8859276,45.3646899]],[[-73.8853706,45.3651352],[-73.8852768,45.3651507],[-73.8852768,45.36604],[-73.885594,45.3660187],[-73.8853706,45.3651352]],[[-73.8646898,45.3654515],[-73.8648155,45.365195],[-73.8645501,45.365126],[-73.863673,45.3654329],[-73.8632958,45.3657214],[-73.8632471,45.3658742],[-73.8633121,45.3660288],[-73.8636795,45.3661053],[-73.8638438,45.3659711],[-73.8641846,45.3658947],[-73.8642813,45.3658013],[-73.8642958,45.3656468],[-73.8646898,45.3654515]],[[-73.8621156,45.3656943],[-73.8616274,45.3660356],[-73.8613543,45.3660407],[-73.8606727,45.3658115],[-73.860385,45.3659287],[-73.8603512,45.366017],[-73.8609289,45.3662632],[-73.8612334,45.366236],[-73.8613857,45.3663464],[-73.8616685,45.3663464],[-73.8617918,45.3662038],[-73.8624734,45.3658421],[-73.8621156,45.3656943]],[[-73.866215,45.3666385],[-73.8665268,45.3665383],[-73.8664663,45.366163],[-73.8667564,45.3660611],[-73.867044,45.3661375],[-73.8674066,45.3657028],[-73.8672664,45.3655534],[-73.8663516,45.3654686],[-73.8662633,45.3655652],[-73.8663237,45.3657639],[-73.8662005,45.3659932],[-73.8658282,45.3662377],[-73.8657557,45.36654],[-73.8653424,45.3666741],[-73.8653303,45.3669849],[-73.865693,45.3669663],[-73.866215,45.3666385]],[[-73.8850445,45.3658245],[-73.8844404,45.3658626],[-73.8844442,45.3666626],[-73.8849942,45.3666163],[-73.8850445,45.3658245]],[[-73.8842818,45.3659116],[-73.8836776,45.3659497],[-73.8836815,45.3667497],[-73.8842315,45.3667034],[-73.8842818,45.3659116]],[[-73.8616806,45.3671174],[-73.8615815,45.3669662],[-73.8605035,45.366596],[-73.8599766,45.3662462],[-73.8592925,45.3661749],[-73.8591886,45.3662072],[-73.8590315,45.36654],[-73.8590605,45.3666521],[-73.8594569,45.3667574],[-73.8604116,45.3668253],[-73.8614751,45.3671734],[-73.8616806,45.3671174]],[[-73.8632202,45.366934],[-73.8638148,45.3667964],[-73.8635272,45.3664347],[-73.8633587,45.3663456],[-73.8629761,45.3663872],[-73.8622172,45.3668525],[-73.8627513,45.367114],[-73.8627683,45.3673789],[-73.8625483,45.3675062],[-73.8625096,45.3676964],[-73.8630631,45.3674706],[-73.8632202,45.366934]],[[-73.8700724,45.369649],[-73.8703056,45.3694532],[-73.8700754,45.3693064],[-73.8700361,45.3691936],[-73.8698089,45.3691489],[-73.8696998,45.3689553],[-73.8694606,45.3689255],[-73.8692909,45.369],[-73.8691213,45.3692596],[-73.8693,45.3693553],[-73.8698604,45.3693362],[-73.8699422,45.3694213],[-73.8699128,45.3696093],[-73.8700724,45.369649]],[[-73.8676506,45.3692456],[-73.8671656,45.3691136],[-73.8670672,45.3692171],[-73.8671858,45.3694915],[-73.8674433,45.3696],[-73.8676704,45.3694575],[-73.8683247,45.3695341],[-73.8685428,45.3694511],[-73.8682823,45.3692319],[-73.8676506,45.3692456]],[[-73.861137,45.369683],[-73.8615156,45.369666],[-73.8616731,45.3697575],[-73.8622002,45.3697937],[-73.862388,45.3697426],[-73.8625667,45.3695234],[-73.8627605,45.3694702],[-73.862815,45.3692787],[-73.8625576,45.3692106],[-73.8624031,45.3692787],[-73.8624213,45.3694511],[-73.8623244,45.3695532],[-73.8621154,45.3694788],[-73.8622668,45.3693255],[-73.862182,45.3692489],[-73.8617882,45.3694724],[-73.8616065,45.3694468],[-73.8614762,45.3695511],[-73.8611431,45.3695192],[-73.8610704,45.3695979],[-73.861137,45.369683]],[[-73.8580957,45.3691614],[-73.8575475,45.3694455],[-73.8576892,45.3698716],[-73.8576371,45.3701747],[-73.8579706,45.3702274],[-73.8581686,45.3701586],[-73.8579914,45.3697164],[-73.8582895,45.3693416],[-73.8580957,45.3691614]],[[-73.8631211,45.3700234],[-73.8631179,45.3701313],[-73.8638839,45.3704177],[-73.864327,45.3703228],[-73.8637817,45.3699028],[-73.86337,45.3698994],[-73.8631211,45.3700234]],[[-73.8580879,45.3712046],[-73.8580523,45.370842],[-73.8576394,45.3705769],[-73.8574222,45.3706394],[-73.8577782,45.370982],[-73.8576536,45.3712896],[-73.8574044,45.3713296],[-73.8573724,45.3713972],[-73.8584475,45.3716222],[-73.858597,45.3714072],[-73.8580879,45.3712046]]],[[[-74.0040079,45.3791534],[-74.0042587,45.3792557],[-74.003879,45.3794459],[-74.0042724,45.3793955],[-74.0043232,45.3795378],[-74.0042685,45.3796329],[-74.0041067,45.3795178],[-74.0031848,45.3797216],[-74.0031569,45.3798479],[-74.0028287,45.3800905],[-74.0028905,45.3799235],[-74.0028492,45.3796989],[-74.0022869,45.3796936],[-74.0020816,45.3799282],[-74.0017845,45.3797935],[-74.0018151,45.3796328],[-74.0015326,45.3794504],[-74.0019234,45.3787089],[-74.0019495,45.3783707],[-74.0017928,45.3780304],[-74.0018686,45.3777535],[-74.0017807,45.3776062],[-74.0014301,45.3774799],[-74.0011935,45.3770642],[-74.0015134,45.3767407],[-74.0022237,45.3765464],[-74.0024717,45.3766054],[-74.0033997,45.3772085],[-74.0034814,45.3773388],[-74.0030996,45.3775509],[-74.0031259,45.3778201],[-74.0040069,45.3782238],[-74.0040853,45.3783735],[-74.0040326,45.3789466],[-74.0041061,45.379065],[-74.0040079,45.3791534]]],[[[-74.0009492,45.3808997],[-74.0012779,45.3811351],[-74.0011822,45.3813936],[-74.0010896,45.3814457],[-74.000813,45.3813401],[-74.0006469,45.381088],[-74.0007548,45.3808996],[-74.0009492,45.3808997]]],[[[-74.006514,45.382474],[-74.0068138,45.3822758],[-74.0074361,45.3824197],[-74.0072704,45.3825501],[-74.0067065,45.3825712],[-74.006514,45.382474]]],[[[-74.0011034,45.3824962],[-74.0009147,45.3823389],[-74.0011924,45.3823674],[-74.0011627,45.3828597],[-74.0009817,45.3830959],[-74.0009325,45.3830459],[-74.001054,45.3829079],[-74.0010059,45.3827175],[-74.0011034,45.3824962]]],[[[-74.0020751,45.3835558],[-74.0018295,45.3835684],[-74.0016773,45.3833707],[-74.0020751,45.3835558]]],[[[-73.99746629080165,45.39033317472244],[-73.9974459144135,45.390350670088885],[-73.9974385,45.3903441],[-73.99746629080165,45.39033317472244]]],[[[-73.99593391406692,45.39206858891107],[-73.99591619277551,45.39208843573679],[-73.9958837,45.3920717],[-73.99593391406692,45.39206858891107]]],[[[-73.9723281,45.400702],[-73.9720258,45.4006807],[-73.9719778,45.4005296],[-73.9721865,45.4004466],[-73.9722166,45.4006043],[-73.9723281,45.400702]]],[[[-73.9738623,45.400762],[-73.9736008,45.4007113],[-73.9734558,45.4004938],[-73.9736337,45.4003557],[-73.9738111,45.4004005],[-73.9737698,45.4005046],[-73.9739836,45.4005472],[-73.9740683,45.4007758],[-73.9739292,45.4008919],[-73.9738623,45.400762]]],[[[-73.9725232,45.4010792],[-73.9724201,45.4008863],[-73.9726362,45.4009266],[-73.9727632,45.4010469],[-73.9725232,45.4010792]]],[[[-73.9783687,45.4011992],[-73.9786674,45.4014494],[-73.9786445,45.4016393],[-73.9784185,45.4018237],[-73.977989,45.401798],[-73.9778447,45.4014604],[-73.9775138,45.4011324],[-73.9784235,45.4010748],[-73.9783687,45.4011992]]],[[[-73.973514,45.4012705],[-73.9736005,45.4013305],[-73.9736975,45.4016808],[-73.9733888,45.4018397],[-73.9731312,45.4015914],[-73.9727236,45.4015033],[-73.9722514,45.4015856],[-73.9721364,45.4015215],[-73.9711367,45.4017234],[-73.971051,45.4018313],[-73.9709124,45.4017891],[-73.970858,45.4016823],[-73.9711557,45.4014608],[-73.9720774,45.4013774],[-73.9724022,45.4012738],[-73.9729739,45.401408],[-73.973514,45.4012705]]],[[[-73.9794322,45.4064571],[-73.97998,45.4063074],[-73.9805502,45.4063176],[-73.980343,45.4064713],[-73.9796975,45.4065943],[-73.9794881,45.4065538],[-73.9794322,45.4064571]]],[[[-73.9594403,45.3995886],[-73.9594155,45.3995171],[-73.9595573,45.3994098],[-73.9597334,45.3994388],[-73.9597279,45.3995306],[-73.9594403,45.3995886]]],[[[-73.9674944,45.4016434],[-73.9665749,45.4019516],[-73.9660436,45.401858],[-73.9657269,45.4020177],[-73.965122,45.4020761],[-73.9647672,45.4022032],[-73.9640309,45.4022198],[-73.9633303,45.4020702],[-73.9626711,45.4022422],[-73.9607516,45.4022827],[-73.9604948,45.4021191],[-73.9604461,45.4019635],[-73.9605887,45.4018305],[-73.9618071,45.4016723],[-73.961865,45.4016172],[-73.9617672,45.4015472],[-73.961859,45.4015033],[-73.9621152,45.4016413],[-73.9622456,45.4016227],[-73.9620309,45.4014278],[-73.9615665,45.4013827],[-73.960533,45.4014801],[-73.9602952,45.401581],[-73.9600372,45.4015384],[-73.9596347,45.4016003],[-73.958739,45.4018393],[-73.9578844,45.4014742],[-73.9574977,45.4015206],[-73.9564028,45.4013037],[-73.9563846,45.4012217],[-73.9565422,45.4011404],[-73.9571133,45.4011644],[-73.9586271,45.3996664],[-73.9591879,45.3995636],[-73.9596845,45.3996746],[-73.9600516,45.3994169],[-73.9599066,45.3992662],[-73.9604967,45.3990724],[-73.9609793,45.3987612],[-73.961666,45.3987688],[-73.9618194,45.3988516],[-73.9622352,45.3987477],[-73.9628738,45.3983259],[-73.9634109,45.3984002],[-73.9641733,45.3982454],[-73.9643719,45.3980622],[-73.9644061,45.397886],[-73.9647706,45.3976853],[-73.965526,45.3976986],[-73.9664893,45.3973802],[-73.9671884,45.3973644],[-73.9674551,45.3975284],[-73.9674396,45.397793],[-73.9676338,45.3983193],[-73.9683594,45.3988107],[-73.9685706,45.3998271],[-73.9685581,45.4001801],[-73.9690381,45.4009144],[-73.9690196,45.401116],[-73.9687749,45.4012376],[-73.9688294,45.4013259],[-73.9682919,45.401474],[-73.967829,45.4014043],[-73.9674944,45.4016434]],[[-73.9614209,45.4010253],[-73.9614945,45.4011189],[-73.9622488,45.4012027],[-73.9624733,45.4010992],[-73.9623365,45.4009637],[-73.9620734,45.4008948],[-73.9616805,45.4008948],[-73.9614209,45.4010253]]],[[[-73.9697003,45.4017714],[-73.9692727,45.4016447],[-73.9693135,45.4015206],[-73.9695794,45.4015065],[-73.9698241,45.4017349],[-73.9697003,45.4017714]]],[[[-73.9575566,45.4024975],[-73.9565611,45.4022675],[-73.9542111,45.40217],[-73.9546604,45.4013342],[-73.9580163,45.4020078],[-73.958266,45.4019702],[-73.9588201,45.4021356],[-73.9589776,45.4022501],[-73.9589998,45.4024524],[-73.9585909,45.4026689],[-73.9580469,45.4027251],[-73.9575566,45.4024975]]],[[[-73.9681779,45.4030546],[-73.9678176,45.4028159],[-73.9678702,45.4027107],[-73.9677568,45.4024292],[-73.9679755,45.4024491],[-73.9681495,45.4025714],[-73.9682062,45.4028414],[-73.968356,45.4030347],[-73.9681779,45.4030546]]],[[[-73.9631353,45.403359],[-73.9619068,45.4033562],[-73.9621866,45.4031291],[-73.962659,45.4030747],[-73.9632306,45.4032531],[-73.9631353,45.403359]]],[[[-73.9639674,45.4032681],[-73.9639583,45.4034187],[-73.9634715,45.4034876],[-73.9635069,45.403283],[-73.9639674,45.4032681]]],[[[-73.9659514,45.4045848],[-73.966154,45.4044358],[-73.9661347,45.4043105],[-73.9659755,45.4041581],[-73.9660045,45.4039921],[-73.9659176,45.4039413],[-73.965879,45.4036975],[-73.9670656,45.4031353],[-73.967302,45.4028779],[-73.9675624,45.4028881],[-73.9682329,45.4032539],[-73.9685802,45.4036128],[-73.9685367,45.4038397],[-73.9691445,45.4040565],[-73.9691831,45.4043206],[-73.9689998,45.404429],[-73.9688069,45.4043376],[-73.9683004,45.4043545],[-73.9681509,45.404429],[-73.9678374,45.4048388],[-73.9674177,45.4046728],[-73.967273,45.4048896],[-73.9665591,45.4049031],[-73.9661829,45.4047643],[-73.9659514,45.4045848]]],[[[-73.963181,45.4048013],[-73.9628632,45.4047787],[-73.962474,45.4046145],[-73.9628953,45.4045443],[-73.9629328,45.404419],[-73.9631524,45.4045681],[-73.9632399,45.4047399],[-73.963181,45.4048013]]],[[[-73.9639775,45.4048299],[-73.9641118,45.4048276],[-73.964179,45.4049601],[-73.9646811,45.4050769],[-73.9647482,45.405288],[-73.9649082,45.4053463],[-73.9645372,45.4054496],[-73.9644988,45.4056001],[-73.9642365,45.4056764],[-73.9641182,45.4058022],[-73.9636641,45.4056001],[-73.9641332,45.4052272],[-73.963808,45.4050387],[-73.9639775,45.4048299]]],[[[-73.9688464,45.4054171],[-73.9687325,45.4054999],[-73.968866,45.4056322],[-73.9686342,45.4056019],[-73.9685478,45.4054888],[-73.9688464,45.4054171]]],[[[-73.9627142,45.40602],[-73.9620873,45.4058381],[-73.9617099,45.4054002],[-73.9620074,45.4055439],[-73.9624839,45.4056225],[-73.9627398,45.4057932],[-73.9628197,45.4059459],[-73.9627142,45.40602]]],[[[-73.9686146,45.4059798],[-73.9682453,45.4058226],[-73.9688464,45.4056736],[-73.9692196,45.4058805],[-73.969031,45.406217],[-73.9688228,45.4062556],[-73.9686814,45.4061977],[-73.9686146,45.4059798]]],[[[-73.9666267,45.4063742],[-73.9665481,45.4065204],[-73.9661946,45.4065893],[-73.9661238,45.4064956],[-73.9657546,45.4063659],[-73.9656563,45.4061591],[-73.9664971,45.4061784],[-73.9665128,45.4060625],[-73.966666,45.4059632],[-73.9670942,45.405955],[-73.9672435,45.4060405],[-73.9675028,45.4059357],[-73.9676089,45.4061811],[-73.9674046,45.4064045],[-73.9668781,45.4063053],[-73.9666267,45.4063742]]],[[[-73.9707558,45.4075545],[-73.9711283,45.4072999],[-73.9712425,45.407272],[-73.9712972,45.4073488],[-73.9711283,45.4077149],[-73.9707508,45.4078405],[-73.9700057,45.4076033],[-73.9697176,45.4073557],[-73.9694593,45.4073069],[-73.9690371,45.407408],[-73.9685653,45.4073732],[-73.9682424,45.4070872],[-73.9686398,45.4070175],[-73.9693948,45.4071047],[-73.9699163,45.4072999],[-73.9700852,45.4072895],[-73.9701746,45.407429],[-73.9704081,45.4075127],[-73.9707558,45.4075545]]],[[[-73.9687342,45.4079765],[-73.9690421,45.4082275],[-73.9699958,45.4086041],[-73.969812,45.408639],[-73.9692656,45.4084751],[-73.9689378,45.4087262],[-73.9685106,45.4087855],[-73.9680984,45.408646],[-73.9678351,45.408789],[-73.9668616,45.4081229],[-73.9662258,45.4079241],[-73.9669957,45.4079032],[-73.9669013,45.4077079],[-73.9670503,45.4075789],[-73.9676861,45.4076312],[-73.9678848,45.407415],[-73.9685504,45.4075475],[-73.9686745,45.4076661],[-73.9692954,45.4078474],[-73.9692209,45.4079381],[-73.969365,45.4080846],[-73.9690173,45.4079486],[-73.9687342,45.4079765]]],[[[-73.9240105,45.3910509],[-73.9239807,45.3908682],[-73.9241176,45.3909012],[-73.9240105,45.3910509]]],[[[-73.9068396,45.3957765],[-73.9068631,45.395912],[-73.90667,45.3959901],[-73.9062337,45.3959057],[-73.9064317,45.3957269],[-73.9067256,45.3956971],[-73.9068396,45.3957765]]],[[[-73.9032169,45.3957137],[-73.9033696,45.395692],[-73.9036397,45.3961045],[-73.9035242,45.3961169],[-73.9032169,45.3957137]]],[[[-73.9065421,45.3967807],[-73.906365,45.3968628],[-73.906381,45.3967011],[-73.9062876,45.3965935],[-73.9066025,45.3966281],[-73.9065421,45.3967807]]],[[[-73.9077498,45.3972928],[-73.9078239,45.3971429],[-73.9078932,45.3971547],[-73.9077498,45.3972928]]],[[[-73.891296,45.397658],[-73.8911649,45.3977373],[-73.8910076,45.3974602],[-73.8911327,45.3973105],[-73.8916089,45.3971935],[-73.8918126,45.3975322],[-73.8915559,45.3977163],[-73.891296,45.397658]]],[[[-73.8950278,45.3983888],[-73.8948589,45.3981354],[-73.8945772,45.3981013],[-73.8935947,45.3976503],[-73.893233,45.3973402],[-73.8928804,45.3974498],[-73.8925149,45.397373],[-73.8922373,45.3971318],[-73.8921286,45.3968398],[-73.892908,45.3967213],[-73.8937747,45.3963707],[-73.8942763,45.3965488],[-73.8955794,45.3967503],[-73.8968077,45.3971391],[-73.8969698,45.3972993],[-73.8968653,45.3974919],[-73.8970192,45.3975705],[-73.8969634,45.3978815],[-73.8964629,45.3980576],[-73.8952687,45.3981297],[-73.8950949,45.3983721],[-73.8951858,45.398443],[-73.8951639,45.3985492],[-73.8950567,45.3986132],[-73.8950278,45.3983888]]],[[[-73.889222,45.3979502],[-73.8891261,45.3978719],[-73.8898523,45.3978789],[-73.8898975,45.3979596],[-73.889222,45.3979502]]],[[[-73.9046781,45.3980598],[-73.9047592,45.3978357],[-73.9050444,45.397814],[-73.9049959,45.3981014],[-73.9046781,45.3980598]]],[[[-73.9444364,45.3968646],[-73.9445599,45.3968563],[-73.944899,45.397283],[-73.9464141,45.3994094],[-73.9464045,45.3995479],[-73.9462151,45.3994562],[-73.9444364,45.3968646]]],[[[-73.9459937,45.3999364],[-73.9457915,45.3999084],[-73.9444665,45.3978809],[-73.9440205,45.3973956],[-73.9437434,45.3969541],[-73.9438269,45.3968824],[-73.9459937,45.3999364]]],[[[-73.8938428,45.4045256],[-73.8937117,45.4044123],[-73.8937535,45.4042882],[-73.8940456,45.404121],[-73.8941728,45.4039445],[-73.8938984,45.4039025],[-73.8934119,45.4034333],[-73.8926122,45.4031251],[-73.8920686,45.4028182],[-73.892006,45.402898],[-73.8914698,45.4030361],[-73.8912434,45.4033164],[-73.8908918,45.4034575],[-73.8904208,45.4033756],[-73.8902745,45.4035401],[-73.8902613,45.4036827],[-73.8899659,45.4039727],[-73.8878475,45.4042681],[-73.8868069,45.4046282],[-73.8863906,45.4044694],[-73.8860235,45.4041183],[-73.8862826,45.4032314],[-73.8873742,45.4028836],[-73.8883643,45.4023295],[-73.889005,45.4022169],[-73.8890986,45.4018492],[-73.8890455,45.4016719],[-73.8887578,45.401597],[-73.8886707,45.4014694],[-73.8890567,45.4014905],[-73.8896984,45.4013575],[-73.8898472,45.4012437],[-73.8900668,45.4005184],[-73.8899408,45.4003311],[-73.8893636,45.4003016],[-73.8894099,45.4000818],[-73.8895913,45.400041],[-73.8901581,45.4001757],[-73.8907868,45.4000484],[-73.8914729,45.3996373],[-73.8914945,45.3994356],[-73.8918321,45.3992984],[-73.8922903,45.3994637],[-73.8934485,45.3994079],[-73.8936546,45.3995603],[-73.893906,45.3995257],[-73.894187,45.399641],[-73.8941502,45.3997793],[-73.8943925,45.3998557],[-73.8945606,45.3996999],[-73.8947183,45.3996942],[-73.8950162,45.3999459],[-73.8952325,45.3999456],[-73.8952768,45.3997915],[-73.8955229,45.3997617],[-73.8957222,45.3995195],[-73.895985,45.3996151],[-73.8959664,45.3999927],[-73.8961519,45.4000608],[-73.8975126,45.3997913],[-73.897641,45.3997015],[-73.8985103,45.3997372],[-73.8988149,45.3995754],[-73.8992554,45.3995019],[-73.8993297,45.3995599],[-73.8993139,45.3996826],[-73.89976,45.3998291],[-73.8999274,45.4000262],[-73.9016915,45.4007167],[-73.9015876,45.4008397],[-73.9016705,45.4009454],[-73.9015816,45.4010866],[-73.9016365,45.4012404],[-73.9014664,45.4014493],[-73.9014635,45.4015959],[-73.9019623,45.4021397],[-73.9017622,45.4021818],[-73.9016936,45.402288],[-73.9017626,45.4023758],[-73.9020429,45.4023406],[-73.9020799,45.4024223],[-73.9018056,45.4024968],[-73.901335,45.4024145],[-73.9009363,45.4025772],[-73.9007068,45.4029013],[-73.9006462,45.4034628],[-73.9003167,45.4040857],[-73.8997713,45.4044762],[-73.8992172,45.4043896],[-73.8987159,45.4045378],[-73.8980875,45.4045316],[-73.897709,45.4041825],[-73.8973627,45.404152],[-73.8971372,45.4042584],[-73.8970915,45.4043838],[-73.8971838,45.4045452],[-73.897081,45.4046771],[-73.8967483,45.4047919],[-73.8966111,45.4046829],[-73.8964008,45.4051854],[-73.8962251,45.4052847],[-73.8960253,45.4050676],[-73.8958356,45.4051139],[-73.895946,45.4053323],[-73.8959326,45.4054491],[-73.8957864,45.4055593],[-73.8959809,45.4057617],[-73.8949737,45.4060809],[-73.8949589,45.4062334],[-73.8950837,45.4063925],[-73.8955598,45.4064867],[-73.8956174,45.4067193],[-73.8960734,45.4066486],[-73.8961498,45.406772],[-73.89606,45.4069095],[-73.895466,45.4069483],[-73.8950595,45.4073529],[-73.8948543,45.4074282],[-73.8949201,45.407755],[-73.8947712,45.407754],[-73.894735,45.4074395],[-73.8941342,45.4072352],[-73.8936017,45.407352],[-73.893245,45.4073171],[-73.8931887,45.4071797],[-73.8932651,45.4069095],[-73.8934113,45.4068388],[-73.8933483,45.4067061],[-73.8930371,45.4065244],[-73.892722,45.4065554],[-73.8928708,45.4063991],[-73.8923321,45.4060269],[-73.8924053,45.4056415],[-73.8925348,45.4054698],[-73.8933047,45.4050539],[-73.8937142,45.4050172],[-73.8933114,45.4047762],[-73.8938428,45.4045256]]],[[[-73.8850798,45.4042297],[-73.8848965,45.4042989],[-73.8848155,45.4042372],[-73.8849749,45.4041047],[-73.8850798,45.4042297]]],[[[-73.897057,45.4063125],[-73.8967705,45.4063954],[-73.8965617,45.4061526],[-73.8962856,45.4061794],[-73.8961582,45.4060137],[-73.8965435,45.4058623],[-73.8967133,45.4058767],[-73.8970021,45.4061007],[-73.897057,45.4063125]]]]}},{"type":"Feature","properties":{"id":"parc-jean-drapeau","name":"Parc Jean-Drapeau","type":"island"},"geometry":{"type":"MultiPolygon","coordinates":[[[[-73.5281643,45.5119433],[-73.5281455,45.5131318],[-73.5283043,45.5151157],[-73.5289735,45.520467],[-73.5290541,45.5216707],[-73.5288783,45.5218622],[-73.5280029,45.5217683],[-73.5270818,45.5221141],[-73.5280305,45.5253266],[-73.5280207,45.5255872],[-73.5277098,45.5255949],[-73.526526,45.5217276],[-73.5262624,45.5216384],[-73.5261154,45.5211965],[-73.5263039,45.521026],[-73.5257129,45.5188663],[-73.5235171,45.5120176],[-73.5210819,45.5039461],[-73.5208753,45.5039215],[-73.5191938,45.4984605],[-73.51853477662233,45.4969605761666],[-73.5198315,45.4965083],[-73.5194403,45.4956594],[-73.520664,45.4958422],[-73.5242174,45.4970876],[-73.5261657,45.4983991],[-73.5272521,45.4992578],[-73.528027,45.5000003],[-73.5293402,45.5018524],[-73.5299114,45.503224],[-73.5302083,45.5052932],[-73.5301463,45.5061518],[-73.529968,45.5069534],[-73.5281643,45.5119433]],[[-73.5270632,45.5050875],[-73.5269533,45.5063695],[-73.5266314,45.5076496],[-73.5264111,45.5078188],[-73.5265383,45.5078421],[-73.5263244,45.5080575],[-73.5264061,45.508253],[-73.5258777,45.5094861],[-73.5256309,45.5103658],[-73.5261178,45.5112731],[-73.5268165,45.5113845],[-73.5271356,45.5113413],[-73.5274173,45.5102699],[-73.5283319,45.5079636],[-73.5287047,45.5065669],[-73.5288686,45.50501],[-73.5266984,45.5049409],[-73.5267306,45.5040235],[-73.5258861,45.5039939],[-73.5261075,45.5028624],[-73.5263743,45.502753],[-73.5269754,45.5027501],[-73.5270575,45.5023854],[-73.526449,45.5020436],[-73.5261708,45.5016535],[-73.5259461,45.5006819],[-73.5259798,45.5002875],[-73.5257635,45.5001772],[-73.5256272,45.5002051],[-73.5253819,45.4999916],[-73.5254345,45.4996029],[-73.5253377,45.49936],[-73.5249785,45.4990693],[-73.5247117,45.49857],[-73.5242579,45.4984485],[-73.5237774,45.4986457],[-73.5236444,45.4993249],[-73.5239371,45.4999751],[-73.5237407,45.5006464],[-73.523804,45.5008214],[-73.5239519,45.500934],[-73.523744,45.501124],[-73.5238675,45.5011537],[-73.5237557,45.5013895],[-73.5236428,45.5013756],[-73.5236964,45.5014156],[-73.5236531,45.5017722],[-73.5240361,45.5029789],[-73.5240637,45.5045633],[-73.5241555,45.5049944],[-73.5240808,45.505021],[-73.5241702,45.5053628],[-73.5244637,45.5051345],[-73.5253219,45.5051346],[-73.5253774,45.505024],[-73.5270632,45.5050875]],[[-73.5253037,45.5052616],[-73.5253142,45.5051791],[-73.5249586,45.5051549],[-73.5249543,45.5051853],[-73.5253037,45.5052616]],[[-73.5246515,45.5051748],[-73.5241913,45.5054347],[-73.5242644,45.5056882],[-73.5253868,45.5057499],[-73.5252841,45.5056147],[-73.5253135,45.5054042],[-73.5252452,45.5054044],[-73.5252164,45.5055412],[-73.5247051,45.505163],[-73.524927,45.5051827],[-73.524791,45.5051493],[-73.5247139,45.5051605],[-73.5246515,45.5051748]],[[-73.5257132,45.5172377],[-73.5270524,45.5170481],[-73.5267767,45.5162791],[-73.5268797,45.5162667],[-73.526724,45.5156593],[-73.5266718,45.5156666],[-73.5265526,45.5152899],[-73.5213124,45.4978834],[-73.5199648,45.4980507],[-73.5257132,45.5172377]],[[-73.5277928,45.5201871],[-73.5281693,45.5198401],[-73.5280542,45.5189131],[-73.5279281,45.5189108],[-73.5277203,45.5190817],[-73.5271611,45.5191097],[-73.5268279,45.5189517],[-73.5267882,45.5194151],[-73.5268571,45.5199028],[-73.5274319,45.5202504],[-73.5277928,45.5201871]]],[[[-73.53952850755282,45.52255947630315],[-73.5395112,45.5231084],[-73.5392527,45.5237371],[-73.539025,45.5250292],[-73.5388185,45.5252963],[-73.5387353,45.5256283],[-73.5355627,45.5299082],[-73.5350862,45.5304089],[-73.5348559,45.5308261],[-73.5341968,45.5313935],[-73.5338719,45.5314658],[-73.5330823,45.5314257],[-73.5326812,45.5312693],[-73.5324697,45.5310649],[-73.532309,45.5306708],[-73.5321627,45.5290136],[-73.5325674,45.5286726],[-73.5341417,45.5287618],[-73.5342157,45.5285659],[-73.5345187,45.5282743],[-73.5351793,45.5281126],[-73.5354974,45.5279421],[-73.5356782,45.5277868],[-73.5356851,45.5274998],[-73.5352409,45.5272378],[-73.5345502,45.5271713],[-73.5340973,45.5269759],[-73.5339834,45.5268164],[-73.5338371,45.5260718],[-73.5334595,45.5260761],[-73.5329655,45.5259415],[-73.5322043,45.5255521],[-73.5319264,45.5256774],[-73.5318261,45.5256159],[-73.5314396,45.5212497],[-73.5312872,45.5205958],[-73.5311715,45.5194221],[-73.5305394,45.5180724],[-73.5302191,45.5161545],[-73.5298465,45.5150528],[-73.5298624,45.5143833],[-73.5303646,45.5134341],[-73.5306253,45.5119131],[-73.531512,45.5094478],[-73.5327206,45.5066422],[-73.5331703,45.5064169],[-73.533749,45.5063193],[-73.5346221,45.5065556],[-73.5351763,45.5071193],[-73.5369946,45.5094249],[-73.5372181,45.5098963],[-73.5385313,45.5139262],[-73.5384798,45.5153997],[-73.5381749,45.5178439],[-73.5381832,45.518298],[-73.5382356,45.5184903],[-73.5383365,45.5185211],[-73.5382564,45.5186566],[-73.5382724,45.519031],[-73.5389378,45.5208945],[-73.5390638,45.5210788],[-73.5390946,45.521742],[-73.5396723,45.5224932],[-73.53952850755282,45.52255947630315]],[[-73.5354123,45.5091935],[-73.5357368,45.5091295],[-73.5358146,45.5090102],[-73.5355971,45.5087457],[-73.5355621,45.508479],[-73.5350834,45.5080077],[-73.5346007,45.507896],[-73.5336265,45.5082509],[-73.5331932,45.5090509],[-73.5332913,45.5092325],[-73.5334477,45.5092579],[-73.5336696,45.5091482],[-73.5338155,45.5092824],[-73.5337513,45.509361],[-73.5339311,45.509433],[-73.5347642,45.5094922],[-73.5354123,45.5091935]],[[-73.5317798,45.5139968],[-73.5320172,45.5135074],[-73.5316887,45.5134902],[-73.5316311,45.5139888],[-73.5317798,45.5139968]],[[-73.5346463,45.5179112],[-73.5350234,45.5176397],[-73.5354028,45.5171781],[-73.5352142,45.5171542],[-73.5345555,45.517748],[-73.5338792,45.517958],[-73.5329788,45.5184299],[-73.5328535,45.5185976],[-73.5329689,45.5186691],[-73.5332457,45.5185527],[-73.5335132,45.5182919],[-73.5346463,45.5179112]],[[-73.5381351,45.5251327],[-73.5382738,45.5241717],[-73.5367546,45.5231095],[-73.5365459,45.5227863],[-73.5360228,45.5228847],[-73.535885,45.5232009],[-73.5357249,45.5232046],[-73.5357466,45.5233789],[-73.5351996,45.5243772],[-73.5353614,45.5245159],[-73.5353789,45.5247326],[-73.5352578,45.5248592],[-73.5357214,45.5255133],[-73.536235,45.5258083],[-73.5363277,45.5252958],[-73.5367192,45.5252101],[-73.5371312,45.5253654],[-73.5381351,45.5251327]]],[[[-73.5263945,45.5047435],[-73.52639,45.5048448],[-73.5256358,45.5048284],[-73.5256383,45.5043001],[-73.5264166,45.5043133],[-73.5264118,45.5044226],[-73.5264916,45.5044244],[-73.5264774,45.5047453],[-73.5263945,45.5047435]]],[[[-73.5272295,45.5064278],[-73.5272832,45.5051514],[-73.5286266,45.5051463],[-73.5285867,45.5058206],[-73.52834,45.5072587],[-73.5278277,45.5072831],[-73.5277901,45.5074993],[-73.5282032,45.5076158],[-73.5281549,45.5078733],[-73.5280261,45.5080012],[-73.5280556,45.5082117],[-73.5279376,45.5083038],[-73.5279457,45.5084485],[-73.5272724,45.5100744],[-73.5269774,45.5111233],[-73.5268996,45.5111721],[-73.5261486,45.5110763],[-73.5257758,45.5104429],[-73.5266046,45.5083207],[-73.5268406,45.5081365],[-73.5266794,45.5078854],[-73.5268379,45.5077079],[-73.5272295,45.5064278]],[[-73.5273521,45.5058967],[-73.5273986,45.5057925],[-73.5273314,45.5058404],[-73.5273521,45.5058967]]],[[[-73.5335556,45.5088568],[-73.5334528,45.5088267],[-73.5335494,45.5086388],[-73.533781,45.5086058],[-73.5335556,45.5088568]]],[[[-73.5348102,45.5093888],[-73.5342247,45.5094026],[-73.5344484,45.5092809],[-73.5348102,45.5093888]]]]}}]}
