{"type":"FeatureCollection","features":[{"type":"Feature","properties":{"id":"antequera","name":"Antequera","type":"island","members":["alameda","antequera","casabermeja","fuente-de-piedra","humilladero","mollina","villanueva-de-la-concepcion"]},"geometry":{"type":"MultiPolygon","coordinates":[[[[-4.3775977,36.9163247],[-4.3782441,36.9156792],[-4.3780805,36.9151023],[-4.3781878,36.9146584],[-4.3783273,36.9143775],[-4.3787671,36.9139593],[-4.3788208,36.9137942],[-4.3785043,36.9130886],[-4.3782227,36.9128141],[-4.3781931,36.912694],[-4.3783326,36.9124603],[-4.3783621,36.9121922],[-4.3782924,36.9120442],[-4.3780537,36.9119327],[-4.3779464,36.9113773],[-4.3775011,36.910824],[-4.3777559,36.9097366],[-4.3776299,36.9089024],[-4.3778901,36.9087415],[-4.3779652,36.9082997],[-4.3784614,36.9080359],[-4.3785901,36.9078579],[-4.3783997,36.9075233],[-4.3782843,36.906985],[-4.3784801,36.9058955],[-4.378617,36.9055252],[-4.3757756,36.9018717],[-4.3756656,36.9013682],[-4.3757894,36.9001409],[-4.376018,36.8991197],[-4.3758828,36.8984632],[-4.3737339,36.8981726],[-4.3734731,36.8980224],[-4.3741834,36.8969505],[-4.3737953,36.8965854],[-4.3734493,36.8960666],[-4.3736962,36.8941889],[-4.3711549,36.8932808],[-4.3712124,36.8927303],[-4.37131,36.8925399],[-4.3715421,36.8923389],[-4.371899,36.8922176],[-4.3720924,36.8917376],[-4.3721721,36.8911688],[-4.3724894,36.8907145],[-4.37179,36.8905152],[-4.3715276,36.8902749],[-4.3714313,36.8899064],[-4.3714559,36.8894013],[-4.3716155,36.8889127],[-4.3722631,36.888103],[-4.3735437,36.8869255],[-4.3741401,36.8864542],[-4.3753404,36.8862941],[-4.3760974,36.8841557],[-4.3763684,36.8829988],[-4.3768493,36.8822811],[-4.3787695,36.8811141],[-4.3799484,36.8805325],[-4.3803133,36.8802309],[-4.3807687,36.8793512],[-4.3811547,36.8777332],[-4.3812535,36.87574],[-4.381183,36.8749386],[-4.3814656,36.8738086],[-4.3814228,36.8733043],[-4.3815298,36.8723926],[-4.3818028,36.8719748],[-4.3824087,36.8713548],[-4.3825028,36.8709752],[-4.3823556,36.8696518],[-4.3839627,36.8660726],[-4.3844536,36.8653007],[-4.384272,36.8651857],[-4.3841898,36.8649793],[-4.3830106,36.8642899],[-4.3826789,36.8639332],[-4.3823894,36.8634318],[-4.3824596,36.8629713],[-4.3832365,36.8618806],[-4.3845563,36.860423],[-4.3831921,36.8594203],[-4.3828879,36.8587208],[-4.3827194,36.8580827],[-4.3834041,36.8568669],[-4.3866725,36.8552334],[-4.3876234,36.8544741],[-4.3890874,36.8535556],[-4.391391,36.8525462],[-4.3924341,36.85193],[-4.39222,36.8512565],[-4.3924903,36.8506945],[-4.3933078,36.8493869],[-4.393727,36.8490034],[-4.3945487,36.8479301],[-4.3945105,36.8476782],[-4.394628,36.8473523],[-4.3952492,36.8469754],[-4.3967861,36.8442298],[-4.3971947,36.8439176],[-4.3974915,36.8440328],[-4.3983831,36.8441291],[-4.3985178,36.8440498],[-4.3985417,36.8438853],[-4.3983809,36.8435516],[-4.3986335,36.8434585],[-4.3988884,36.8435306],[-4.399345,36.843962],[-4.3994931,36.8442948],[-4.3994585,36.8445653],[-4.3989362,36.844976],[-4.3989499,36.845234],[-4.3990362,36.8453285],[-4.3997079,36.8455962],[-4.4003934,36.8462296],[-4.4006498,36.846225],[-4.4011958,36.8459863],[-4.4015265,36.8459461],[-4.401605,36.8460495],[-4.4015408,36.8461934],[-4.401584,36.8463373],[-4.4021375,36.8465962],[-4.4024865,36.8470087],[-4.4028492,36.8472232],[-4.4039779,36.8473728],[-4.4040141,36.847141],[-4.4038557,36.8468896],[-4.4038773,36.8467803],[-4.4041145,36.8467112],[-4.404658,36.8472204],[-4.4047237,36.848276],[-4.4047996,36.8483928],[-4.4049,36.8484028],[-4.4049412,36.8485096],[-4.4059307,36.8482327],[-4.4061426,36.8482553],[-4.406162,36.8485598],[-4.4059447,36.8489201],[-4.4060538,36.8490474],[-4.4061857,36.8490854],[-4.4068897,36.8489064],[-4.4071234,36.8489752],[-4.4071694,36.849187],[-4.40686,36.8493919],[-4.4068823,36.8496797],[-4.4075133,36.8498887],[-4.4077162,36.8500594],[-4.4087339,36.8501225],[-4.4088827,36.8502376],[-4.4090437,36.8510741],[-4.4091338,36.8512921],[-4.4092419,36.8513311],[-4.4093769,36.8512904],[-4.409733,36.8508209],[-4.4103013,36.8502691],[-4.4105008,36.850122],[-4.4107501,36.8500775],[-4.4110218,36.8503417],[-4.4111068,36.8512129],[-4.4113097,36.8514858],[-4.411512,36.8514515],[-4.4117636,36.8512559],[-4.4124538,36.8503413],[-4.4127398,36.8500813],[-4.4131943,36.8501227],[-4.4134484,36.8504927],[-4.4138455,36.8506436],[-4.4139922,36.8505426],[-4.4140339,36.8495527],[-4.4143428,36.849119],[-4.4148388,36.8490161],[-4.4156797,36.8492008],[-4.4170207,36.8492145],[-4.4172099,36.8495447],[-4.4168832,36.8501776],[-4.4169173,36.8504322],[-4.4170895,36.8504527],[-4.4194277,36.8495722],[-4.4199084,36.8492417],[-4.420267,36.8486935],[-4.419634,36.848334],[-4.4195137,36.8481139],[-4.4195996,36.847825],[-4.4197787,36.847728],[-4.4201154,36.8477287],[-4.4213528,36.8480681],[-4.4219722,36.8485129],[-4.4221181,36.8488575],[-4.4221035,36.8500751],[-4.4224615,36.850977],[-4.4227961,36.8510007],[-4.4231589,36.850381],[-4.4234896,36.8503916],[-4.4243885,36.8507357],[-4.4248219,36.8507415],[-4.4254885,36.8509694],[-4.4258644,36.8509728],[-4.4263738,36.8506409],[-4.4265403,36.8503744],[-4.4265357,36.8501042],[-4.4262535,36.8495712],[-4.426309,36.8492048],[-4.4265357,36.8488865],[-4.4268774,36.8487033],[-4.4271373,36.8484018],[-4.4273682,36.8484831],[-4.4277779,36.8488805],[-4.4279612,36.8491186],[-4.4280204,36.8493788],[-4.4283356,36.8496862],[-4.4285578,36.8496806],[-4.4293949,36.8493972],[-4.4303499,36.8488708],[-4.4305607,36.8486734],[-4.4305374,36.8483928],[-4.4307905,36.8480958],[-4.4313398,36.8479941],[-4.4314554,36.8476783],[-4.4313688,36.8471422],[-4.4314624,36.846681],[-4.4320035,36.846689],[-4.4330983,36.8468846],[-4.4333708,36.8467972],[-4.4334289,36.8462422],[-4.4332783,36.846075],[-4.4333959,36.8458362],[-4.4336612,36.8458117],[-4.434151,36.8454924],[-4.434404,36.8454398],[-4.4351141,36.845525],[-4.4355573,36.8457204],[-4.4357879,36.8460244],[-4.4369047,36.8465237],[-4.437176,36.8466142],[-4.4375492,36.846557],[-4.4378827,36.8462315],[-4.4381746,36.8455613],[-4.438597,36.8452383],[-4.4390887,36.8451849],[-4.4391599,36.8450482],[-4.4390977,36.8447289],[-4.4386933,36.8442928],[-4.4387143,36.844094],[-4.4390503,36.8439397],[-4.4398257,36.8440595],[-4.4408693,36.844085],[-4.4418639,36.8444939],[-4.4422226,36.8447903],[-4.4424,36.8447675],[-4.4424023,36.8441989],[-4.4422359,36.8437717],[-4.4414149,36.8427982],[-4.441484,36.8426322],[-4.4421058,36.8423063],[-4.442586,36.8424835],[-4.442949,36.8428051],[-4.4435324,36.8427982],[-4.4450535,36.8416984],[-4.4452825,36.8414494],[-4.4453128,36.8412592],[-4.4449282,36.8408822],[-4.445209,36.8407543],[-4.4455936,36.840903],[-4.4464752,36.8418333],[-4.4466402,36.8418926],[-4.4469549,36.8418298],[-4.447024,36.8416604],[-4.4469765,36.8413837],[-4.4471245,36.841042],[-4.4475599,36.8408788],[-4.4480957,36.8408165],[-4.4484833,36.8405209],[-4.448675,36.8401046],[-4.449159370225372,36.83970018788757],[-4.4489424,36.840261],[-4.4489832,36.8405993],[-4.4491678,36.8408912],[-4.4497278,36.8412501],[-4.4497535,36.8413978],[-4.4496441,36.8416503],[-4.4492858,36.8417979],[-4.4489982,36.8421122],[-4.4488824,36.8424213],[-4.448766,36.8432294],[-4.448444,36.8438905],[-4.4485741,36.8441039],[-4.4491774,36.8441911],[-4.4498344,36.8441794],[-4.45028,36.8444878],[-4.4504784,36.8449264],[-4.4504068,36.8455484],[-4.4505696,36.8467372],[-4.4508413,36.8471594],[-4.4510952,36.8473921],[-4.451375,36.8475302],[-4.4520861,36.8476061],[-4.4526875,36.8474898],[-4.4533111,36.8474927],[-4.4539229,36.847833],[-4.4539977,36.847898],[-4.4539815,36.8480334],[-4.4536335,36.8483509],[-4.453318,36.8484771],[-4.4523407,36.8483587],[-4.4520691,36.848511],[-4.4517276,36.8491538],[-4.4516902,36.8493997],[-4.4513828,36.8500738],[-4.4514837,36.8502495],[-4.4514219,36.8507817],[-4.4510885,36.8508051],[-4.4506576,36.8506112],[-4.4499128,36.8505045],[-4.4493647,36.8500595],[-4.449059,36.8500205],[-4.4487939,36.8501571],[-4.4486069,36.8506139],[-4.4488899,36.851634],[-4.4487126,36.8519112],[-4.4484622,36.8520856],[-4.4478117,36.8523549],[-4.447119,36.851988],[-4.4466181,36.8515963],[-4.4461498,36.8516393],[-4.4455822,36.8519437],[-4.4450456,36.8526204],[-4.4455009,36.8541897],[-4.4454261,36.8543979],[-4.4452635,36.8544981],[-4.4450472,36.8544916],[-4.4437804,36.8537043],[-4.4434145,36.8536913],[-4.4431202,36.8539203],[-4.4430421,36.8540882],[-4.4429722,36.8549496],[-4.4423136,36.8561519],[-4.4423299,36.8564785],[-4.4425705,36.856982],[-4.4422713,36.8578174],[-4.4424242,36.8583001],[-4.442847,36.8586345],[-4.4429982,36.8589975],[-4.4428226,36.8591433],[-4.4417558,36.8589663],[-4.440689,36.8582507],[-4.4403817,36.8583235],[-4.4402939,36.8584354],[-4.4403801,36.8593241],[-4.4408001,36.8603386],[-4.4411953,36.860826],[-4.4411386,36.861082],[-4.4409348,36.8611397],[-4.4404195,36.8611012],[-4.4394455,36.860809],[-4.4388806,36.860468],[-4.438538,36.8601837],[-4.4384319,36.8599538],[-4.4381728,36.8598043],[-4.4375612,36.8597533],[-4.4369865,36.859833],[-4.4367388,36.8600437],[-4.4366864,36.8602102],[-4.4375768,36.8599644],[-4.4379053,36.8600403],[-4.4393783,36.8609433],[-4.4401808,36.86123],[-4.440846,36.8612627],[-4.4412666,36.8611253],[-4.4412623,36.8607459],[-4.4411757,36.8605214],[-4.4409718,36.8604038],[-4.4406024,36.8594911],[-4.4404455,36.8586541],[-4.4405128,36.8584329],[-4.4408584,36.8585001],[-4.4411703,36.8587886],[-4.4415962,36.8590247],[-4.4422332,36.8592594],[-4.4428104,36.8593042],[-4.4430234,36.8592504],[-4.4432494,36.8589111],[-4.4431635,36.8586346],[-4.4428067,36.8584613],[-4.4425246,36.8581519],[-4.4424574,36.8578664],[-4.4427226,36.8573149],[-4.4428198,36.8566737],[-4.4425788,36.8561236],[-4.4429991,36.8555437],[-4.4432998,36.8546828],[-4.4433241,36.8542284],[-4.4434418,36.8540565],[-4.4439704,36.8539997],[-4.4448185,36.8545976],[-4.4453901,36.854759],[-4.445618,36.8545423],[-4.4456834,36.8543016],[-4.4456965,36.8538158],[-4.4453098,36.8528667],[-4.4453285,36.8524945],[-4.445547,36.8522523],[-4.4460626,36.8518622],[-4.4464661,36.8517576],[-4.4477812,36.8524661],[-4.4480221,36.852484],[-4.4488375,36.8521436],[-4.449183,36.8518264],[-4.4490188,36.8508862],[-4.4492056,36.8506846],[-4.449922,36.8507299],[-4.4513291,36.8509904],[-4.4517057,36.8509225],[-4.4518614,36.8508409],[-4.4518982,36.8507163],[-4.4517822,36.8504376],[-4.4518586,36.8497624],[-4.4523739,36.8485956],[-4.4531978,36.848625],[-4.4538462,36.848403],[-4.4541237,36.8480971],[-4.4540841,36.8477414],[-4.4533366,36.8473653],[-4.4522323,36.8474401],[-4.4511847,36.8471659],[-4.4509554,36.8470096],[-4.4507261,36.8465202],[-4.4506213,36.8460489],[-4.4505902,36.8448276],[-4.450324,36.8442906],[-4.4501371,36.844132],[-4.4497804,36.84403],[-4.4491094,36.8440278],[-4.4486479,36.8438896],[-4.4490584,36.8422876],[-4.4492707,36.8419681],[-4.4497691,36.8417732],[-4.4499899,36.8415738],[-4.450014661231686,36.84136570726484],[-4.4502832,36.8421706],[-4.4511398,36.8435844],[-4.4518982,36.8445486],[-4.453221,36.8457043],[-4.4538903,36.8461017],[-4.4552117,36.8465903],[-4.4556219,36.8469278],[-4.4564378,36.8473686],[-4.458325,36.8481206],[-4.4588206,36.8482317],[-4.4605102,36.8480217],[-4.460926,36.8480617],[-4.4627634,36.8491388],[-4.4640189,36.8496912],[-4.46447,36.8498208],[-4.4648963,36.8498246],[-4.4657009,36.8496705],[-4.4664824,36.8500665],[-4.4670609,36.8515827],[-4.466755,36.8520101],[-4.4667134,36.8521819],[-4.4668406,36.8523786],[-4.4676666,36.852756],[-4.4681998,36.8536598],[-4.4687575,36.8540856],[-4.4700816,36.855872],[-4.4700337,36.8562963],[-4.469729,36.8573727],[-4.4697343,36.857652],[-4.4703744,36.8582751],[-4.4708372,36.8590085],[-4.4709231,36.859395],[-4.4708625,36.8597473],[-4.4704683,36.860248],[-4.4702678,36.8609084],[-4.4716442,36.8613151],[-4.4715163,36.8622541],[-4.4714085,36.8624808],[-4.4736495,36.8629308],[-4.4739549,36.8630622],[-4.4764271,36.8632839],[-4.4762261,36.8639174],[-4.4765923,36.8642914],[-4.4770584,36.865196],[-4.4771226,36.8656188],[-4.4769888,36.8662425],[-4.4786325,36.8665465],[-4.4798508,36.8668919],[-4.4808468,36.8673483],[-4.4823695,36.867771],[-4.4838423,36.8685188],[-4.4843542,36.8688819],[-4.4851709,36.8699264],[-4.4855186,36.8704989],[-4.4858952,36.8725674],[-4.4860051,36.8741885],[-4.4865367,36.8744072],[-4.4886408,36.8747234],[-4.4889567,36.8748096],[-4.4891508,36.8749874],[-4.4892476,36.8753467],[-4.4886618,36.8758048],[-4.4885111,36.8761311],[-4.488906,36.8785599],[-4.490301,36.8793266],[-4.4907574,36.8797175],[-4.4914085,36.8808902],[-4.4915529,36.8813931],[-4.4914709,36.8817908],[-4.4910893,36.8823634],[-4.4910502,36.8826614],[-4.491323,36.883992],[-4.491745,36.8849241],[-4.4916832,36.8857812],[-4.4917515,36.8869882],[-4.4914099,36.8878848],[-4.49144,36.8882811],[-4.4915823,36.8886759],[-4.4915547,36.8889827],[-4.4913475,36.8892918],[-4.4913583,36.8904274],[-4.4906815,36.8925541],[-4.4906537,36.8934378],[-4.4914374,36.8944916],[-4.4913027,36.8962239],[-4.4922733,36.8993846],[-4.4928345,36.9022709],[-4.4922522,36.9075242],[-4.5218579,36.9027952],[-4.5365966,36.9000998],[-4.5518039,36.8995417],[-4.5767541,36.8925072],[-4.5779431,36.8924824],[-4.5788105,36.8926422],[-4.6064485,36.8941557],[-4.6198477,36.8983996],[-4.6218719,36.8991201],[-4.6253708,36.9000548],[-4.6261125,36.9000987],[-4.6341729,36.9012591],[-4.634509,36.9012275],[-4.6349025,36.9007353],[-4.6351263,36.9007052],[-4.6360579,36.9012332],[-4.6365773,36.9013793],[-4.6479803,36.903998],[-4.6590987,36.9063942],[-4.6607919,36.9068393],[-4.6666693,36.9092357],[-4.6716012,36.9114067],[-4.6713163,36.9118115],[-4.6707425,36.9132978],[-4.6702163,36.9143868],[-4.669351,36.9153724],[-4.6688568,36.9163889],[-4.6683566,36.9181625],[-4.6683229,36.9186768],[-4.6677126,36.918487],[-4.6662147,36.9182647],[-4.6636197,36.917661],[-4.6620409,36.9178454],[-4.6610734,36.9177507],[-4.6580081,36.9171986],[-4.6576731,36.9188347],[-4.6576915,36.919168],[-4.6580698,36.920046],[-4.6580776,36.9204065],[-4.6577154,36.9218267],[-4.6576834,36.922422],[-4.6566414,36.9235542],[-4.6557298,36.9250091],[-4.6549216,36.9265706],[-4.6540631,36.9273668],[-4.6538795,36.9277028],[-4.6537768,36.9281459],[-4.6538144,36.929885],[-4.6532592,36.9317315],[-4.6534688,36.9331167],[-4.6533956,36.9333701],[-4.6521669,36.9352259],[-4.6518707,36.9355455],[-4.6476638,36.9383259],[-4.647168,36.9387655],[-4.6464024,36.9397135],[-4.6442657,36.943745],[-4.6434326,36.944694],[-4.6424097,36.9462134],[-4.6422812,36.9465036],[-4.642188,36.9473972],[-4.6419683,36.9481484],[-4.6410161,36.9503518],[-4.6400105,36.9516366],[-4.6401106,36.9521129],[-4.6399911,36.9533494],[-4.6394937,36.9552942],[-4.6393261,36.9574327],[-4.6394335,36.9587742],[-4.6427856,36.9584846],[-4.6458333,36.9586678],[-4.6497712,36.9595055],[-4.6527943,36.9590669],[-4.6562498,36.9594064],[-4.6570785,36.9598095],[-4.6578477,36.9600602],[-4.6578803,36.9605284],[-4.6582636,36.9605952],[-4.6588703,36.9606047],[-4.6614118,36.9602267],[-4.6635743,36.9605029],[-4.6666485,36.9603517],[-4.668374,36.9601563],[-4.670887,36.959508],[-4.6712085,36.9588005],[-4.6715693,36.9583537],[-4.6725568,36.9567715],[-4.6749247,36.9566841],[-4.6753273,36.9566063],[-4.6771992,36.9559219],[-4.6786079,36.9551179],[-4.679556,36.9543113],[-4.6813506,36.953691],[-4.68224,36.9532818],[-4.6829329,36.9531278],[-4.6831253,36.9526834],[-4.6839948,36.9528965],[-4.686167,36.953109],[-4.6865868,36.9533014],[-4.6869754,36.9536113],[-4.68731,36.9540122],[-4.6876491,36.9546203],[-4.6879131,36.9548779],[-4.6880597,36.9549029],[-4.6885282,36.954761],[-4.6894966,36.9543687],[-4.6949194,36.9517587],[-4.7134348,36.9425699],[-4.7119262,36.9398876],[-4.7121379,36.9383072],[-4.7124013,36.9370325],[-4.712419,36.9363202],[-4.7123003,36.9345282],[-4.7120189,36.9324862],[-4.7107518,36.9325585],[-4.7086629,36.9325345],[-4.7018367,36.9315328],[-4.6996961,36.9306981],[-4.6992059,36.9303626],[-4.6984698,36.9295709],[-4.6968874,36.9275745],[-4.6960934,36.9267025],[-4.6953399,36.9261364],[-4.6904265,36.9219116],[-4.6891511,36.9209155],[-4.6852595,36.9175185],[-4.6841208,36.9167865],[-4.6837465,36.9160978],[-4.6831213,36.9157461],[-4.6829968,36.915189],[-4.6858567,36.9160949],[-4.6861627,36.9162258],[-4.6866786,36.9167142],[-4.6869511,36.9168546],[-4.6876967,36.9170693],[-4.6900742,36.917982],[-4.6905939,36.9186416],[-4.6923552,36.9185895],[-4.6951624,36.9196401],[-4.6969114,36.9205526],[-4.6977765,36.9205853],[-4.7002316,36.9214426],[-4.7018634,36.9221313],[-4.7025362,36.9220946],[-4.7056816,36.923699],[-4.7086042,36.9248739],[-4.7094551,36.9247715],[-4.7099646,36.9249625],[-4.7118772,36.9261518],[-4.7128644,36.92712],[-4.7142302,36.9269471],[-4.7149843,36.9270354],[-4.7154257,36.9271913],[-4.7164405,36.9278887],[-4.7226565,36.9257257],[-4.7252321,36.9249402],[-4.7275877,36.9243562],[-4.7280579,36.9242953],[-4.7308821,36.9245787],[-4.7369144,36.9242473],[-4.7434842,36.923367],[-4.7451782,36.9233151],[-4.7457261,36.9232169],[-4.7475648,36.9226221],[-4.7532754,36.9219792],[-4.7567043,36.9207298],[-4.7684507,36.919456],[-4.7685946,36.9193637],[-4.771638522008711,36.91535177472004],[-4.7718818,36.9156478],[-4.772268494338932,36.915581324853115],[-4.77254,36.916682],[-4.7730401280029895,36.91712615116413],[-4.7730419,36.9172454],[-4.7734683,36.9175064],[-4.7738977,36.9181129],[-4.7742176,36.9188383],[-4.7745852,36.9206535],[-4.7749275,36.9208917],[-4.775723033340724,36.92095877440448],[-4.7762704,36.9211478],[-4.776647061276089,36.9209823212217],[-4.7779369,36.9209279],[-4.7780882,36.92116],[-4.7780824,36.9213944],[-4.7779311,36.9216491],[-4.7772583,36.9221639],[-4.7764462,36.9224825],[-4.7763735,36.9227359],[-4.776456,36.9229059],[-4.7773672,36.9234692],[-4.7787565,36.9248004],[-4.7803927,36.9261279],[-4.7806719,36.9265474],[-4.7809818,36.9278046],[-4.7812159,36.9282157],[-4.7823189,36.9292988],[-4.7833917,36.9300489],[-4.785554,36.9312963],[-4.7860075,36.9314878],[-4.787443144426468,36.9325478562604],[-4.7876335,36.9328505],[-4.7876738,36.9327669],[-4.787956249889669,36.93289446941014],[-4.7867954,36.9359016],[-4.7861936,36.9370553],[-4.7846821,36.9382047],[-4.7819909,36.9398044],[-4.7807399,36.9396068],[-4.7803613,36.9421543],[-4.7801419,36.9428606],[-4.7831442,36.9483408],[-4.7836002,36.9495958],[-4.7840624,36.9515989],[-4.784477609425921,36.952732114680096],[-4.7840129,36.9535618],[-4.7837595,36.9531636],[-4.7829739,36.9532783],[-4.7827374,36.9533796],[-4.7824924,36.9532041],[-4.7821377,36.9532378],[-4.7822728,36.9535618],[-4.7821883,36.9537778],[-4.7822559,36.9538656],[-4.7826614,36.9537913],[-4.7829063,36.9538656],[-4.7826698,36.9547566],[-4.7825178,36.9559176],[-4.7823404,36.9562551],[-4.7818167,36.9563361],[-4.7809973,36.9560729],[-4.7812169,36.9562821],[-4.7809044,36.9567613],[-4.7812676,36.9567951],[-4.7818674,36.9570111],[-4.7822475,36.9573216],[-4.782626,36.957491],[-4.7834623,36.958382],[-4.7833187,36.958733],[-4.7833271,36.9590974],[-4.783496,36.9594079],[-4.7834905,36.9596628],[-4.7830021,36.959979],[-4.782702,36.9603124],[-4.7819674,36.9604724],[-4.7816462,36.9611358],[-4.7814246,36.9613736],[-4.7810644,36.9612821],[-4.7805602,36.9614465],[-4.7796154,36.9613251],[-4.7788301,36.9613524],[-4.7784797,36.9611924],[-4.7781292,36.9614058],[-4.7775785,36.9614858],[-4.7774617,36.9608991],[-4.777128,36.9604724],[-4.7767608,36.9607657],[-4.7762435,36.9607924],[-4.7758263,36.9604857],[-4.7755259,36.9609257],[-4.7755593,36.9616058],[-4.7751087,36.9618991],[-4.7747917,36.9614324],[-4.77467,36.9614573],[-4.7744823,36.9618774],[-4.7736132,36.9624432],[-4.7733504,36.9624689],[-4.7724721,36.9621791],[-4.7719548,36.9625258],[-4.7710909,36.9625571],[-4.7707353,36.9624873],[-4.7699991,36.9626518],[-4.7696747,36.9624574],[-4.7691944,36.9626219],[-4.7689199,36.9623129],[-4.7687015,36.9622381],[-4.7685393,36.9623129],[-4.7685206,36.9625621],[-4.7683085,36.9628512],[-4.7679841,36.9630656],[-4.7675723,36.9631404],[-4.7672545,36.9632997],[-4.7667812,36.9632415],[-4.7667691,36.9634839],[-4.7673273,36.9640656],[-4.7668176,36.9643177],[-4.7664415,36.9641044],[-4.7658591,36.9640365],[-4.7658591,36.964211],[-4.7662231,36.9643371],[-4.7666478,36.9647055],[-4.7673273,36.965006],[-4.7673151,36.9654229],[-4.7667812,36.9657428],[-4.7657013,36.9660337],[-4.7651796,36.9658495],[-4.7647791,36.9660531],[-4.7646821,36.9663633],[-4.763857,36.9664796],[-4.7627407,36.9660143],[-4.761588,36.9660434],[-4.7604972,36.9666094],[-4.759258,36.9670123],[-4.7588879,36.9669909],[-4.7582871,36.966768],[-4.7578418,36.9668151],[-4.7570854,36.9672094],[-4.7561252,36.9673423],[-4.7561359,36.9677066],[-4.7566831,36.9679852],[-4.7573966,36.9679552],[-4.7589185,36.9680502],[-4.7591855,36.9683798],[-4.7598164,36.9681568],[-4.7609327,36.9683992],[-4.7614787,36.9688936],[-4.7612579,36.9691376],[-4.7608336,36.9691476],[-4.7596483,36.9702242],[-4.7589621,36.9705232],[-4.75739,36.9707226],[-4.7574399,36.9710715],[-4.7569034,36.9716397],[-4.7560175,36.9720982],[-4.755169,36.9732944],[-4.7546824,36.9735137],[-4.7533599,36.9735536],[-4.7528358,36.9736932],[-4.7524865,36.9734938],[-4.7511946,36.9735388],[-4.7508953,36.9734663],[-4.7504598,36.9735533],[-4.7495254,36.973401],[-4.7489538,36.9735243],[-4.7484095,36.9741621],[-4.7483006,36.9744013],[-4.7479196,36.9744375],[-4.7479196,36.9746477],[-4.7476837,36.9746549],[-4.7474569,36.9743215],[-4.7474206,36.9740461],[-4.7474841,36.9738069],[-4.7472029,36.9739301],[-4.7471393,36.9741331],[-4.7466857,36.9743723],[-4.7461777,36.9743143],[-4.7460144,36.9745752],[-4.7456515,36.9745607],[-4.7454882,36.9754884],[-4.7450346,36.9756624],[-4.7448317,36.9759053],[-4.7441709,36.9758181],[-4.7435936,36.9752493],[-4.7433113,36.9753261],[-4.7431317,36.9756746],[-4.7430996,36.976141],[-4.7427211,36.9762896],[-4.7422977,36.976223],[-4.741823,36.9764741],[-4.741483,36.9762947],[-4.7409891,36.9763409],[-4.7416883,36.9768329],[-4.7421951,36.9767304],[-4.7428751,36.9768995],[-4.742997,36.9773607],[-4.7429777,36.9780987],[-4.7433562,36.9785087],[-4.7436385,36.9778168],[-4.7436898,36.9774837],[-4.7449985,36.9771762],[-4.7454154,36.9775657],[-4.7458837,36.977699],[-4.7474298,36.9784318],[-4.7476286,36.9786265],[-4.7482637,36.9789596],[-4.7484113,36.9792466],[-4.748315,36.9794926],[-4.7487448,36.9798308],[-4.7492067,36.9804765],[-4.7496879,36.9804407],[-4.7498803,36.9805073],[-4.7500214,36.9814297],[-4.7498611,36.9817167],[-4.7493286,36.9819575],[-4.749226,36.9825007],[-4.7488218,36.9827672],[-4.7484498,36.9827979],[-4.748469,36.9829773],[-4.7486871,36.9829773],[-4.7488731,36.9834385],[-4.7482445,36.9841867],[-4.7475837,36.984366],[-4.7479173,36.984612],[-4.7472451,36.9857716],[-4.7468935,36.9859771],[-4.7465462,36.985799],[-4.746499,36.9855729],[-4.7460445,36.9853195],[-4.7455256,36.9852373],[-4.7452512,36.9853606],[-4.7446208,36.9850968],[-4.7442521,36.9851448],[-4.7438962,36.9854907],[-4.7437032,36.985936],[-4.7437761,36.9864429],[-4.7433644,36.9865046],[-4.7431715,36.9866245],[-4.7426741,36.9866313],[-4.7426955,36.986693],[-4.74318,36.9867786],[-4.743403,36.9866827],[-4.7437889,36.9868814],[-4.7436689,36.9875013],[-4.7432658,36.98795],[-4.74315,36.9879432],[-4.7428799,36.9882343],[-4.7428327,36.988546],[-4.7429785,36.9888919],[-4.7427903,36.9895597],[-4.7430643,36.9898201],[-4.7430214,36.9903031],[-4.7431286,36.9904401],[-4.7430403,36.9910373],[-4.7422737,36.9913967],[-4.7396405,36.9914366],[-4.7384572,36.9909441],[-4.7375751,36.9907571],[-4.7374463,36.9906228],[-4.7365427,36.9905069],[-4.7360329,36.9906152],[-4.7357029,36.9909353],[-4.7355379,36.9913965],[-4.7351844,36.9917447],[-4.7352198,36.9926389],[-4.7348544,36.9935519],[-4.7354143,36.9952384],[-4.7352771,36.995372],[-4.7349898,36.9954644],[-4.7347111,36.995896],[-4.7350927,36.9956323],[-4.7356202,36.995735],[-4.7357917,36.9956905],[-4.7362686,36.9959897],[-4.7371465,36.997105],[-4.7381434,36.9968958],[-4.7427029,36.9990955],[-4.7447741,37.0003164],[-4.7453106,37.0007876],[-4.7455466,37.0012674],[-4.7449565,37.0027069],[-4.7451818,37.003101],[-4.7455359,37.0033581],[-4.7462064,37.0054508],[-4.7464961,37.0057892],[-4.7467977,37.0058808],[-4.7465015,37.0054572],[-4.7463942,37.0048318],[-4.7458685,37.0037351],[-4.7459865,37.0034438],[-4.7459972,37.0031267],[-4.7456753,37.0026041],[-4.7456861,37.0021671],[-4.7461152,37.0017301],[-4.746362,37.000959],[-4.746244,37.0003678],[-4.7458577,36.9999822],[-4.7431271,36.9980603],[-4.7419369,36.9971003],[-4.7401574,36.9950955],[-4.7402858,36.9948102],[-4.7408433,36.9947074],[-4.7413493,36.9944745],[-4.7402344,36.9945567],[-4.7397112,36.9944814],[-4.7393207,36.994239],[-4.7393768,36.9938855],[-4.740363,36.9934402],[-4.7399342,36.9934882],[-4.7390978,36.9933273],[-4.7380254,36.9933019],[-4.7378714,36.9931595],[-4.7378582,36.9930011],[-4.7383774,36.9926252],[-4.7389263,36.9925738],[-4.7389263,36.9924574],[-4.7390592,36.9923135],[-4.7394408,36.9921286],[-4.7396981,36.9922074],[-4.7398954,36.9921217],[-4.7404228,36.992132],[-4.7408087,36.9922519],[-4.7410231,36.9922005],[-4.741229,36.992317],[-4.7417435,36.9922998],[-4.7423567,36.9922108],[-4.7435274,36.9915532],[-4.743849,36.9911148],[-4.7440805,36.9901558],[-4.7438402,36.9897195],[-4.7435736,36.9886412],[-4.7438961,36.9879438],[-4.7442964,36.987411],[-4.7443813,36.9869557],[-4.7445875,36.9866166],[-4.7446602,36.986292],[-4.7449938,36.9860934],[-4.745582,36.9867183],[-4.7457336,36.9869896],[-4.7459944,36.9870622],[-4.7463158,36.9872947],[-4.7468549,36.9873266],[-4.7483,36.9859257],[-4.7487674,36.9855969],[-4.7490075,36.9852749],[-4.7491919,36.9851619],[-4.74936,36.9851876],[-4.7494146,36.9853087],[-4.749548,36.9852942],[-4.7495965,36.985517],[-4.7497117,36.9854879],[-4.7497724,36.9853232],[-4.7497299,36.9849841],[-4.7499786,36.9846693],[-4.7506032,36.9841752],[-4.7507912,36.9841413],[-4.7511854,36.9836375],[-4.7516766,36.9832209],[-4.7519131,36.9832015],[-4.7522284,36.9833032],[-4.7523254,36.9831724],[-4.7521678,36.9827946],[-4.7523861,36.9827558],[-4.7524528,36.9826299],[-4.7523679,36.9825233],[-4.7523982,36.982441],[-4.7525559,36.9824603],[-4.7526347,36.9822859],[-4.7526347,36.9819662],[-4.7527439,36.9819372],[-4.7529539,36.9805698],[-4.7532568,36.9798375],[-4.7531385,36.9794019],[-4.7531594,36.9790158],[-4.753426,36.9783834],[-4.753701,36.9781304],[-4.7537927,36.9781704],[-4.7537968,36.9784],[-4.7542683,36.9793559],[-4.7547524,36.9799555],[-4.755318,36.980285],[-4.7557658,36.9807368],[-4.7557305,36.9810946],[-4.7559897,36.9816406],[-4.7561665,36.9814617],[-4.7565083,36.9805109],[-4.7557776,36.979899],[-4.7549935,36.9789661],[-4.7549209,36.9781246],[-4.7551514,36.9777758],[-4.7554425,36.9769619],[-4.7557214,36.9768117],[-4.7560428,36.9768166],[-4.7562005,36.9767294],[-4.7567827,36.9767536],[-4.757001,36.976991],[-4.7573163,36.9771218],[-4.7579167,36.977209],[-4.7583169,36.9771799],[-4.7585548,36.9773918],[-4.7585706,36.9777574],[-4.7587757,36.9778394],[-4.7591782,36.9778079],[-4.7595727,36.9783311],[-4.7601409,36.9787282],[-4.7608985,36.9789173],[-4.7610957,36.9790434],[-4.7612378,36.9790119],[-4.7612536,36.9787723],[-4.7602198,36.9770577],[-4.7601725,36.9767929],[-4.7603145,36.976547],[-4.7608117,36.9760932],[-4.7615771,36.9757464],[-4.7617665,36.9755384],[-4.7623899,36.9754564],[-4.7624925,36.9756708],[-4.7623031,36.9761625],[-4.7623741,36.9762445],[-4.7629896,36.976131],[-4.7633052,36.976276],[-4.7638813,36.9762949],[-4.7640449,36.9767121],[-4.7642482,36.9768653],[-4.764283,36.9771622],[-4.7644805,36.9772458],[-4.764283,36.9776216],[-4.7643702,36.977784],[-4.764283,36.9781042],[-4.7644747,36.9782527],[-4.7645386,36.9785729],[-4.7649162,36.9790323],[-4.7651021,36.9789766],[-4.7655493,36.9790276],[-4.7657062,36.9791622],[-4.765892,36.9791854],[-4.7657003,36.9788003],[-4.7658862,36.9787771],[-4.765863,36.9786007],[-4.7652415,36.9781506],[-4.7649801,36.9781089],[-4.7648697,36.9779604],[-4.7650324,36.9773247],[-4.7647129,36.9766425],[-4.7648992,36.975904],[-4.7648203,36.9755258],[-4.7646783,36.9753114],[-4.7636603,36.9750971],[-4.7636367,36.9748197],[-4.763755,36.9746558],[-4.763755,36.9744856],[-4.7640786,36.9740506],[-4.7642364,36.9740506],[-4.7644495,36.9741704],[-4.7650413,36.9751601],[-4.7666353,36.9755762],[-4.7667615,36.9755006],[-4.7660908,36.9747693],[-4.7660513,36.9744352],[-4.7662249,36.9740758],[-4.7662249,36.9737417],[-4.7660119,36.9733193],[-4.7660592,36.9730419],[-4.7661381,36.9728213],[-4.7667158,36.9730797],[-4.767306,36.9727438],[-4.7679728,36.9728234],[-4.768363,36.9730878],[-4.7685057,36.9735709],[-4.7688557,36.9740308],[-4.7688663,36.9744605],[-4.7687851,36.9746888],[-4.7697878,36.9753152],[-4.7700835,36.9750294],[-4.7699048,36.975712],[-4.7699022,36.97644],[-4.7701158,36.9766325],[-4.7705053,36.976788],[-4.7707163,36.9773585],[-4.7714952,36.9777863],[-4.7714952,36.9780197],[-4.7719172,36.9779808],[-4.7724365,36.9782919],[-4.7726637,36.9781104],[-4.7729558,36.9781753],[-4.7731992,36.9783957],[-4.7735887,36.9783308],[-4.7732155,36.9781623],[-4.772972,36.9777863],[-4.772469,36.9777604],[-4.7720145,36.9774622],[-4.7716737,36.9770473],[-4.7713005,36.9762046],[-4.7715601,36.9758675],[-4.7715115,36.9755305],[-4.7719334,36.9754527],[-4.7719983,36.9753489],[-4.771268,36.9750119],[-4.7712518,36.9747396],[-4.7714952,36.974584],[-4.7715601,36.9742858],[-4.7714303,36.9741302],[-4.7714319,36.9738247],[-4.77169,36.9737024],[-4.7721119,36.973845],[-4.772258,36.9736894],[-4.7721693,36.9727501],[-4.7725014,36.9725096],[-4.7728747,36.9725744],[-4.773183,36.9723021],[-4.7731343,36.9720298],[-4.7732546,36.9716485],[-4.7738322,36.9715761],[-4.774108,36.9712649],[-4.774676,36.9711093],[-4.775098,36.970824],[-4.7750818,36.9706036],[-4.7743352,36.9703313],[-4.7741622,36.970017],[-4.774184,36.9694475],[-4.7747592,36.9690839],[-4.7761706,36.9689881],[-4.7769481,36.9694626],[-4.7772564,36.9697738],[-4.7771753,36.970072],[-4.7768994,36.9702924],[-4.776445,36.9704221],[-4.7760879,36.9707203],[-4.7758607,36.9710445],[-4.7770779,36.9711612],[-4.7772508,36.9717325],[-4.776802,36.9721336],[-4.7770941,36.9721725],[-4.77737,36.9720298],[-4.7780841,36.9721465],[-4.7781003,36.9723021],[-4.7784377,36.9721985],[-4.77843,36.9720397],[-4.7781056,36.9714869],[-4.7781714,36.9697433],[-4.7782932,36.9694505],[-4.7788082,36.968776],[-4.7805508,36.9682827],[-4.7807191,36.9679895],[-4.781135,36.9680234],[-4.7815245,36.9686587],[-4.782045466559069,36.96870034843564],[-4.7819034,36.9697932],[-4.7816771,36.9706889],[-4.781698,36.9720676],[-4.7814639,36.9731077],[-4.7811235,36.973924],[-4.7804537,36.9750697],[-4.7788967,36.9771931],[-4.7783372,36.9777693],[-4.7783308,36.9779767],[-4.7787636,36.9791961],[-4.7789479,36.980356],[-4.7789087,36.9810867],[-4.7787547,36.9817109],[-4.7781428,36.9824502],[-4.7777556,36.9827083],[-4.7768053,36.9829118],[-4.7764533,36.9832326],[-4.7761397,36.9876268],[-4.7759363,36.9890269],[-4.7772215,36.9896927],[-4.7779133,36.9909352],[-4.7784822,36.9912421],[-4.7798576,36.9924023],[-4.7812137,36.9936979],[-4.7815495,36.9950899],[-4.781828,36.9973931],[-4.7819375,37.0001586],[-4.7818153,37.0007012],[-4.7823537,37.004028],[-4.7827477,37.0055003],[-4.7835608,37.009517],[-4.7835991,37.0101924],[-4.7835109,37.0112303],[-4.7831347,37.0134081],[-4.7833817,37.0148375],[-4.7836642,37.0153831],[-4.7843482,37.0162741],[-4.7848982,37.0172032],[-4.7863139,37.0205439],[-4.7896044,37.0276058],[-4.7904721,37.029134],[-4.7911809,37.0305924],[-4.7912097,37.0313401],[-4.7904533,37.0321627],[-4.7902694,37.0324719],[-4.7923079,37.0354966],[-4.7933978,37.037382],[-4.795659,37.0426926],[-4.7960013,37.0438591],[-4.7959935,37.0449589],[-4.8277892,37.091747],[-4.8269784,37.0926518],[-4.8250847,37.0957904],[-4.8240616,37.0972302],[-4.8223486,37.0999334],[-4.8211263,37.1019892],[-4.8199291,37.1046213],[-4.8191223,37.1057063],[-4.8178917,37.1069509],[-4.817335,37.1076715],[-4.8156026,37.1095817],[-4.814929,37.1105925],[-4.8140763,37.111642],[-4.8132425,37.1130157],[-4.8120729,37.1158817],[-4.8119131,37.1167314],[-4.8114684,37.1179098],[-4.8111681,37.119005],[-4.81074,37.1199308],[-4.810058,37.1210679],[-4.8066082,37.1255639],[-4.8011369,37.1335965],[-4.7962291,37.1412238],[-4.7944161,37.144541],[-4.7939375,37.1452512],[-4.7924827,37.1470578],[-4.7899093,37.1510894],[-4.7878276,37.154014],[-4.7868827,37.1554883],[-4.7861395,37.1564459],[-4.7853016,37.1572066],[-4.7818183,37.1589624],[-4.7814324,37.1593107],[-4.7810833,37.1597936],[-4.7807927,37.1603658],[-4.7806361,37.1608909],[-4.7805421,37.1616855],[-4.7803762,37.1622918],[-4.7797641,37.1635628],[-4.779565,37.1641967],[-4.7796338,37.1656918],[-4.7798372,37.1666802],[-4.7779597,37.1663389],[-4.7774208,37.16641],[-4.7771086,37.1665409],[-4.7763414,37.1674447],[-4.7754442,37.168089],[-4.7741979,37.1687295],[-4.7727359,37.1693012],[-4.7712798,37.1696474],[-4.7693366,37.1698657],[-4.7651729,37.1704956],[-4.7632939,37.1705777],[-4.7622502,37.1707374],[-4.7616477,37.1709807],[-4.7611426,37.171538],[-4.7601044,37.173392],[-4.7602924,37.1770841],[-4.7600139,37.1772599],[-4.7560215,37.1780131],[-4.7543987,37.1784607],[-4.7525771,37.1790825],[-4.7506159,37.1800038],[-4.7492304,37.1809796],[-4.7457521,37.181076],[-4.7446191,37.1812819],[-4.7437798,37.1815196],[-4.7402876,37.182977],[-4.7347122,37.1844737],[-4.7336803,37.1846691],[-4.7330211,37.184904],[-4.725672,37.1891572],[-4.7231566,37.1905007],[-4.7135477,37.1955069],[-4.7114974,37.19651],[-4.7086062,37.1976963],[-4.7096756,37.1986543],[-4.7120883,37.2002237],[-4.7133853,37.2012775],[-4.7136314,37.2016975],[-4.7125253,37.2021101],[-4.7120919,37.2023777],[-4.7121421,37.2026023],[-4.712484,37.2027777],[-4.7131959,37.2028665],[-4.7136302,37.2031396],[-4.7136152,37.2034733],[-4.7133076,37.2038202],[-4.7118586,37.2045172],[-4.7113277,37.2049574],[-4.7111398,37.2056181],[-4.7110909,37.206448],[-4.7112695,37.206869],[-4.7182399,37.2071737],[-4.7197257,37.2076028],[-4.7207315,37.2082281],[-4.7213449,37.2089402],[-4.7214067,37.2096783],[-4.7215958,37.2105588],[-4.7229963,37.210205],[-4.7228902,37.2109906],[-4.722591,37.211707],[-4.7235022,37.2121354],[-4.7239548,37.2117232],[-4.7259116,37.2115505],[-4.7268025,37.2110869],[-4.7272087,37.211108],[-4.7272478,37.2113418],[-4.7270482,37.2119756],[-4.7270261,37.2129853],[-4.7272685,37.2137299],[-4.7292295,37.2171982],[-4.7303799,37.219705],[-4.7316291,37.2235712],[-4.7323079,37.2261479],[-4.7314192,37.2272064],[-4.7309737,37.2279339],[-4.7303201,37.2294215],[-4.729722,37.2303766],[-4.7291939,37.2309431],[-4.7276649,37.232101],[-4.7206873,37.2380337],[-4.7190912,37.2392285],[-4.7179452,37.2398941],[-4.71875,37.2400897],[-4.720173,37.2402042],[-4.7271896,37.2414089],[-4.7302959,37.2421747],[-4.7319104,37.242773],[-4.7340202,37.2438326],[-4.7357454,37.2448348],[-4.735263,37.2464101],[-4.7340868,37.2492032],[-4.7334294,37.250033],[-4.7330436,37.2504171],[-4.7317677,37.251319],[-4.7310624,37.2520323],[-4.7300353,37.2534623],[-4.722882,37.2576944],[-4.7196914,37.2596965],[-4.7185246,37.2574693],[-4.7175442,37.2560054],[-4.7164788,37.2547681],[-4.7154307,37.2537919],[-4.7140335,37.2528388],[-4.7134661,37.2531715],[-4.71257,37.2539325],[-4.7103351,37.254821],[-4.7092821,37.2551246],[-4.708114,37.2553217],[-4.7074523,37.2549797],[-4.6995663,37.2567785],[-4.6988341,37.2568071],[-4.6981763,37.2566362],[-4.6972077,37.2561815],[-4.6930492,37.2532488],[-4.692606,37.2530929],[-4.6914092,37.2530199],[-4.6914521,37.2524154],[-4.6910336,37.2518536],[-4.6860375,37.2522943],[-4.6845147,37.2522619],[-4.684574,37.252901],[-4.6853067,37.2528906],[-4.6851111,37.2542362],[-4.6826682,37.2544061],[-4.6827424,37.2557119],[-4.6825871,37.256336],[-4.679488,37.256407],[-4.6785809,37.2566902],[-4.6778786,37.2570516],[-4.6771959,37.2577913],[-4.6765371,37.25808],[-4.6759286,37.2580977],[-4.6754719,37.2578428],[-4.6734887,37.255861],[-4.6727223,37.2553671],[-4.6724759,37.2549289],[-4.6726109,37.2544043],[-4.6717555,37.2539657],[-4.6714521,37.2535013],[-4.6707728,37.252862],[-4.6700336,37.252575],[-4.6696878,37.2527421],[-4.6695822,37.2530681],[-4.6695914,37.2534825],[-4.6699009,37.2537125],[-4.6700656,37.2540256],[-4.6699834,37.2543873],[-4.6697019,37.254914],[-4.6696926,37.2555179],[-4.6694259,37.2556929],[-4.668623,37.2555871],[-4.6676702,37.2553301],[-4.6670991,37.2549957],[-4.6663986,37.2544197],[-4.6657624,37.2536896],[-4.6654008,37.2536496],[-4.6650759,37.2537443],[-4.6634847,37.2552177],[-4.663258,37.2556805],[-4.6629027,37.2569563],[-4.6624855,37.2574668],[-4.6620504,37.2576802],[-4.6587591,37.2577354],[-4.6547124,37.2562417],[-4.6533503,37.2558281],[-4.6529616,37.2555812],[-4.6520417,37.2547649],[-4.6511813,37.2535692],[-4.6504417,37.2527413],[-4.6497176,37.2521115],[-4.6491805,37.2512628],[-4.6489494,37.2494544],[-4.6486822,37.2490886],[-4.6481007,37.2487903],[-4.6472149,37.2484962],[-4.646722,37.2481245],[-4.6460402,37.2473589],[-4.6453303,37.246855],[-4.6446054,37.2467028],[-4.6437953,37.2467772],[-4.6429559,37.2470592],[-4.6423571,37.2475181],[-4.6415282,37.2488094],[-4.6408301,37.2493688],[-4.6401266,37.249685],[-4.6381237,37.2498659],[-4.6366002,37.2503196],[-4.6352628,37.251041],[-4.6338761,37.2520876],[-4.6320172,37.2537264],[-4.6310243,37.2542178],[-4.6302291,37.254463],[-4.629498,37.2545452],[-4.6247137,37.2538716],[-4.6234157,37.2538172],[-4.6219755,37.253963],[-4.6204944,37.2543077],[-4.6190518,37.2548681],[-4.6179607,37.2555228],[-4.6170843,37.2562017],[-4.616384,37.2561481],[-4.6141921,37.2554208],[-4.6137677,37.2550841],[-4.6137237,37.254607],[-4.6138445,37.2533977],[-4.6141739,37.2513924],[-4.6145778,37.2454835],[-4.6144151,37.2447287],[-4.6144949,37.2437091],[-4.6143603,37.2432152],[-4.6140921,37.2427953],[-4.6135856,37.2423064],[-4.6123733,37.2415027],[-4.6114742,37.2400458],[-4.6110038,37.2396646],[-4.610185,37.2393332],[-4.6093483,37.2392183],[-4.6086862,37.2393625],[-4.6079769,37.2394081],[-4.6074005,37.2393438],[-4.6063124,37.2385383],[-4.6049385,37.2380791],[-4.6044817,37.2378059],[-4.6032699,37.2364793],[-4.6023029,37.2350052],[-4.6010491,37.2338233],[-4.6008138,37.2333578],[-4.6005129,37.2313881],[-4.6002988,37.2308592],[-4.5997577,37.2303257],[-4.598876,37.2296796],[-4.5984711,37.2291893],[-4.5972085,37.2265114],[-4.5965253,37.2256553],[-4.596276,37.2250547],[-4.5964861,37.2227266],[-4.5962553,37.2219365],[-4.5962565,37.2214588],[-4.597681,37.2205925],[-4.601671,37.2189888],[-4.6019793,37.2186421],[-4.6023044,37.2180249],[-4.6025511,37.216904],[-4.6025047,37.2163097],[-4.6034831,37.2156747],[-4.6042136,37.215043],[-4.6043746,37.2146623],[-4.6034324,37.2122144],[-4.6030879,37.2119126],[-4.6023802,37.2114895],[-4.6022347,37.2110048],[-4.6022987,37.2092374],[-4.6006106,37.2098819],[-4.5999474,37.2099629],[-4.5941061,37.2097979],[-4.5924795,37.2096213],[-4.5906406,37.2095287],[-4.5879438,37.2099072],[-4.5872377,37.2100969],[-4.5849845,37.2112084],[-4.5803134,37.2104142],[-4.5788406,37.2100462],[-4.5767512,37.2092897],[-4.5762076,37.2091617],[-4.575432,37.2092621],[-4.5743791,37.2095734],[-4.5701911,37.2110868],[-4.5713321,37.2142554],[-4.5714048,37.2150476],[-4.5704673,37.2160334],[-4.569567,37.2166402],[-4.5670662,37.2172411],[-4.5655391,37.2175136],[-4.5642192,37.2179997],[-4.563362,37.2185158],[-4.5620783,37.2191185],[-4.5611694,37.2193108],[-4.5602569,37.2193318],[-4.5571816,37.2188585],[-4.5558453,37.2185516],[-4.5550956,37.218264],[-4.5540876,37.2174751],[-4.5531757,37.2169733],[-4.5524398,37.2168117],[-4.5483335,37.2166221],[-4.547446,37.2167599],[-4.5455074,37.2173079],[-4.5447202,37.2173903],[-4.5421926,37.2161344],[-4.539693,37.2151394],[-4.5394803,37.2146555],[-4.5394685,37.2113028],[-4.5385848,37.2116298],[-4.5378553,37.2117744],[-4.5355772,37.2116958],[-4.5337375,37.2121162],[-4.5326926,37.2117151],[-4.528627,37.2107311],[-4.5265687,37.2103701],[-4.5225817,37.2099257],[-4.5210051,37.209982],[-4.5171516,37.2105722],[-4.5112947,37.211287],[-4.503508,37.214712],[-4.5006046,37.2160647],[-4.5001153,37.2163954],[-4.4992404,37.2171726],[-4.4982148,37.2183122],[-4.4980865,37.2186653],[-4.4982523,37.2213491],[-4.4980774,37.2233343],[-4.4979129,37.2235617],[-4.4977751,37.2240051],[-4.49752,37.2242156],[-4.4957888,37.2250126],[-4.4943499,37.2257789],[-4.492277,37.2269768],[-4.4911092,37.2283435],[-4.4895297,37.2305626],[-4.4894384,37.2310775],[-4.4890758,37.2309829],[-4.4889263,37.2308316],[-4.488897,37.2304894],[-4.4890059,37.2297219],[-4.4886072,37.2289338],[-4.4890222,37.2276848],[-4.4889498,37.2274423],[-4.4882577,37.2266398],[-4.4878948,37.2259504],[-4.4873786,37.2254972],[-4.4872038,37.2252019],[-4.4863043,37.2247446],[-4.486248,37.2241684],[-4.4856278,37.2235813],[-4.4856136,37.2228605],[-4.4852243,37.2225499],[-4.4851535,37.2223885],[-4.4851928,37.2220906],[-4.4851294,37.2217309],[-4.4845117,37.2212699],[-4.4844205,37.2206402],[-4.4842678,37.2203266],[-4.484209,37.2196243],[-4.4837602,37.2191523],[-4.4836406,37.2188023],[-4.4834579,37.2186784],[-4.4824413,37.2185649],[-4.4821904,37.2184148],[-4.4819938,37.2181559],[-4.4817667,37.2180686],[-4.4815078,37.2175131],[-4.4808702,37.2171785],[-4.4807946,37.2161971],[-4.4802994,37.2156535],[-4.4802251,37.2153119],[-4.479825,37.2150195],[-4.479776,37.2148218],[-4.4801227,37.2141054],[-4.4801494,37.2131677],[-4.4800681,37.2130426],[-4.4795451,37.2128057],[-4.4796268,37.2123721],[-4.4794625,37.2120407],[-4.479356,37.2112038],[-4.4797319,37.2108295],[-4.479531,37.2103543],[-4.479453,37.2098236],[-4.4792561,37.2095466],[-4.4783912,37.2091158],[-4.4783176,37.2088102],[-4.4783442,37.2084404],[-4.4777113,37.2077633],[-4.4777414,37.2075736],[-4.4781355,37.2069829],[-4.4775467,37.2062601],[-4.4772905,37.2052539],[-4.4767529,37.204846],[-4.4767704,37.2045844],[-4.4769547,37.2042125],[-4.4768499,37.2040426],[-4.4760646,37.2036378],[-4.475627,37.2031565],[-4.4752854,37.2029715],[-4.4742352,37.2028584],[-4.4738957,37.2027815],[-4.4735426,37.2025876],[-4.4732327,37.202294],[-4.472832,37.2013887],[-4.4725678,37.2011306],[-4.4715435,37.2006026],[-4.4707702,37.1996568],[-4.4699294,37.1992977],[-4.4685173,37.1991079],[-4.4682965,37.1987591],[-4.4682413,37.198237],[-4.4680537,37.1978608],[-4.4677901,37.1976297],[-4.4675012,37.1978406],[-4.467277,37.1978975],[-4.4670716,37.1977648],[-4.4666671,37.1972381],[-4.4662919,37.1970624],[-4.466153,37.1968749],[-4.4671744,37.1949244],[-4.4668151,37.1944061],[-4.4654082,37.192729],[-4.4642295,37.1917882],[-4.4630133,37.1906496],[-4.4622936,37.1895498],[-4.4573102,37.1858347],[-4.4605902,37.1824144],[-4.4628949,37.1798352],[-4.4671117,37.1747897],[-4.4742535,37.1672833],[-4.4746983,37.1669893],[-4.4752126,37.1667936],[-4.4769211,37.1648796],[-4.4782155,37.1631059],[-4.480984,37.160115],[-4.4819459,37.1592016],[-4.4831319,37.1582314],[-4.4840347,37.1565977],[-4.4843332,37.1557377],[-4.4850034,37.1531516],[-4.4861973,37.1497116],[-4.4861719,37.1495677],[-4.4855061,37.1489181],[-4.4837632,37.1478853],[-4.4893195,37.1320606],[-4.4904605,37.1293964],[-4.4904165,37.1282973],[-4.4896427,37.1249992],[-4.4896261,37.1235753],[-4.4907283,37.1183608],[-4.4920165,37.1128826],[-4.4932358,37.1067652],[-4.4932657,37.1037003],[-4.492757,37.0989928],[-4.4925158,37.0958772],[-4.4924659,37.0939039],[-4.4921921,37.0925643],[-4.4918604,37.0876923],[-4.4917342,37.0841246],[-4.4846962,37.0837892],[-4.4796319,37.0837083],[-4.4731911,37.0834189],[-4.4721136,37.0794754],[-4.4711204,37.0775588],[-4.4707769,37.0772476],[-4.4694705,37.0765878],[-4.4689226,37.07618],[-4.4678088,37.075004],[-4.4639279,37.0720775],[-4.4628282,37.0710455],[-4.4615842,37.0701144],[-4.4600146,37.0692054],[-4.4590195,37.0677574],[-4.4584788,37.0659524],[-4.458215,37.0656852],[-4.457577,37.0652604],[-4.457002,37.0646005],[-4.4538701,37.0596184],[-4.4535128,37.0591631],[-4.453084,37.0573206],[-4.452606,37.0564341],[-4.4519119,37.0554151],[-4.4507676,37.0543835],[-4.4486411,37.0531476],[-4.4466339,37.051081],[-4.4464572,37.0506595],[-4.4457045,37.0477302],[-4.4451502,37.0445913],[-4.4418476,37.0423871],[-4.4392668,37.0408861],[-4.4376458,37.0413834],[-4.4372769,37.0403063],[-4.437475,37.0400785],[-4.4384853,37.0393903],[-4.4386382,37.0391541],[-4.438622,37.0388929],[-4.4385153,37.0385967],[-4.4378124,37.0376949],[-4.4364566,37.0367468],[-4.4359131,37.0359512],[-4.4358374,37.0355105],[-4.4359221,37.03523],[-4.4361876,37.0350015],[-4.4377792,37.0341439],[-4.4380223,37.0339156],[-4.4380831,37.0335634],[-4.4380422,37.0331853],[-4.4377406,37.0326932],[-4.4368706,37.0318655],[-4.4366671,37.03121],[-4.4364019,37.0290679],[-4.4353006,37.0278915],[-4.4347358,37.0271502],[-4.4341191,37.0260399],[-4.4335494,37.0244424],[-4.4333191,37.0241477],[-4.4327708,37.0236856],[-4.4321346,37.0239277],[-4.4315631,37.0252235],[-4.4313526,37.0253883],[-4.4308085,37.0251515],[-4.4301656,37.0244381],[-4.429459,37.02332],[-4.4286831,37.0227074],[-4.4270134,37.02179],[-4.4257717,37.0209126],[-4.4255651,37.0206807],[-4.4254812,37.0204023],[-4.4255764,37.0200857],[-4.4263346,37.0197521],[-4.4266892,37.0194774],[-4.4267192,37.0192788],[-4.4265216,37.0189296],[-4.4262029,37.0187171],[-4.4251458,37.0186938],[-4.4248858,37.0186158],[-4.424634,37.0183754],[-4.4245854,37.0181777],[-4.4250123,37.0169647],[-4.4265006,37.0141977],[-4.4264395,37.0139371],[-4.4260173,37.0135996],[-4.4250648,37.0137553],[-4.4242304,37.0136121],[-4.4239352,37.0134534],[-4.4238203,37.0133195],[-4.4238808,37.0129492],[-4.4241493,37.012279],[-4.4241458,37.0120898],[-4.4233703,37.0114861],[-4.4226452,37.0111794],[-4.422348,37.0109125],[-4.421529,37.0097866],[-4.4212897,37.0096092],[-4.4208385,37.0095245],[-4.4180707,37.0099722],[-4.4171716,37.0099739],[-4.4160754,37.0096535],[-4.4143465,37.0085474],[-4.4135326,37.0082957],[-4.4122748,37.0083467],[-4.4106135,37.0078527],[-4.4084925,37.0074181],[-4.4065122,37.0072974],[-4.404729,37.0068949],[-4.4043801,37.006872],[-4.4028235,37.0071788],[-4.4018891,37.0070907],[-4.4012891,37.0068544],[-4.4004374,37.0063777],[-4.398686,37.0052536],[-4.3941445,37.0051988],[-4.3869684,37.0048863],[-4.3847211,37.0049125],[-4.3790952,37.0001917],[-4.3774021,36.9985348],[-4.3730029,36.9951245],[-4.3718184,36.9948678],[-4.3708909,36.993905],[-4.3697357,36.9934045],[-4.368803,36.9927753],[-4.3675445,36.9921498],[-4.3670782,36.9918397],[-4.3661394,36.990868],[-4.3654617,36.9906685],[-4.3631408,36.9903256],[-4.3624625,36.990099],[-4.3616035,36.9900487],[-4.3608857,36.9879989],[-4.3600968,36.9872327],[-4.3598583,36.9870912],[-4.3587866,36.9868511],[-4.357397,36.9857944],[-4.3554465,36.9797143],[-4.3514966,36.973639],[-4.3503933,36.9715964],[-4.3483171,36.9685282],[-4.3469291,36.9668945],[-4.3493443,36.9675341],[-4.3497902,36.9673397],[-4.3522495,36.9666628],[-4.3531997,36.9662348],[-4.3532698,36.9660729],[-4.3535581,36.9658634],[-4.3533503,36.9654837],[-4.3532828,36.964965],[-4.3531213,36.964772],[-4.3533524,36.9643093],[-4.3533069,36.9637636],[-4.3537825,36.9637149],[-4.3537274,36.9633804],[-4.3537862,36.9631662],[-4.3539294,36.962817],[-4.3544399,36.962324],[-4.3543664,36.9621978],[-4.3545244,36.9619014],[-4.3544766,36.9618075],[-4.3546198,36.9616638],[-4.3549393,36.9616491],[-4.3551009,36.9615522],[-4.3552368,36.9612793],[-4.3554829,36.9610593],[-4.3557546,36.9609771],[-4.3558134,36.9607482],[-4.3561733,36.9603961],[-4.3568821,36.9598855],[-4.3569812,36.959639],[-4.3573852,36.9595245],[-4.3578443,36.9592516],[-4.3588946,36.958964],[-4.3593169,36.9586823],[-4.3591626,36.9584764],[-4.3592742,36.9582503],[-4.3598611,36.9577004],[-4.3600637,36.956777],[-4.3605649,36.9558639],[-4.3606168,36.9554385],[-4.3606947,36.9554178],[-4.3611569,36.9545088],[-4.3610816,36.9542412],[-4.3611388,36.9540668],[-4.3612738,36.9537929],[-4.3616218,36.9535294],[-4.3618581,36.9530604],[-4.3620347,36.9526101],[-4.3620191,36.9519045],[-4.3623255,36.951421],[-4.3623904,36.9511429],[-4.362245,36.9506988],[-4.3621126,36.950568],[-4.3621671,36.9504145],[-4.3619905,36.9500658],[-4.3620424,36.9498562],[-4.36191,36.9494681],[-4.3616347,36.9491506],[-4.3614426,36.9485654],[-4.36097,36.9479365],[-4.3608713,36.9469404],[-4.3610894,36.9467557],[-4.3610868,36.9465793],[-4.3610634,36.9463115],[-4.3608765,36.9463012],[-4.3608583,36.9460106],[-4.3610582,36.9452365],[-4.3610167,36.9450829],[-4.3607596,36.9449044],[-4.3607233,36.944782],[-4.3609388,36.9443773],[-4.3612868,36.9440659],[-4.3613782,36.9436085],[-4.3618288,36.9431797],[-4.3618985,36.9426267],[-4.3621399,36.9422751],[-4.3621453,36.9420607],[-4.3624135,36.9419921],[-4.3626281,36.941692],[-4.364173,36.9404786],[-4.3643715,36.939724],[-4.3647363,36.9388965],[-4.3648865,36.9383434],[-4.3648972,36.9380047],[-4.3647148,36.937816],[-4.3647363,36.9375201],[-4.3650689,36.9371728],[-4.3651494,36.9368513],[-4.3654551,36.9363968],[-4.3655624,36.936088],[-4.3658789,36.9357193],[-4.3658843,36.9355649],[-4.3662866,36.9352176],[-4.3661686,36.9349989],[-4.3663456,36.934553],[-4.366925,36.9342786],[-4.3674346,36.9342657],[-4.3671878,36.9338026],[-4.3673541,36.9328935],[-4.3674453,36.932692],[-4.3680193,36.932439],[-4.3680783,36.9322075],[-4.3680676,36.931873],[-4.3676641,36.9312787],[-4.3677607,36.9307256],[-4.3676427,36.9298079],[-4.3674871,36.929512],[-4.3675139,36.9290317],[-4.3679055,36.9283027],[-4.3684098,36.9279168],[-4.3689355,36.9273507],[-4.369708,36.9263601],[-4.3702391,36.9259313],[-4.3707701,36.9256697],[-4.3711886,36.9251894],[-4.3718698,36.9249149],[-4.3718269,36.9244218],[-4.3722293,36.9240572],[-4.3724063,36.923667],[-4.3721971,36.9232081],[-4.3722287,36.9227093],[-4.3723365,36.9223804],[-4.3731895,36.9220845],[-4.3735811,36.9216342],[-4.3739995,36.9216428],[-4.3745091,36.9213426],[-4.3751099,36.9211796],[-4.375641,36.9207851],[-4.376333,36.9205921],[-4.3768856,36.9199573],[-4.3769929,36.9196957],[-4.3768802,36.919284],[-4.3771162,36.9189752],[-4.3771484,36.9187822],[-4.3769017,36.9183791],[-4.3770304,36.917457],[-4.3774703,36.9168651],[-4.3775977,36.9163247]],[[-4.781692,37.1160599],[-4.7818422,37.1163679],[-4.7820354,37.116415],[-4.7825865,37.1162077],[-4.7848224,37.1134495],[-4.7866145,37.1093277],[-4.788183,37.1080645],[-4.7885338,37.10578],[-4.7901678,37.1035039],[-4.7921814,37.1015814],[-4.7926928,37.1007225],[-4.7931934,37.0992083],[-4.7932577,37.0948611],[-4.7927224,37.0942398],[-4.7890198,37.09236],[-4.7873703,37.0914025],[-4.7868046,37.0908132],[-4.7868142,37.0902097],[-4.7871238,37.088686],[-4.7870779,37.0879975],[-4.7869312,37.0874418],[-4.7866533,37.0870156],[-4.7861913,37.0863556],[-4.7856471,37.0858404],[-4.7849778,37.085494],[-4.7843913,37.0853642],[-4.7832735,37.0853467],[-4.7823998,37.0855677],[-4.781751,37.0860504],[-4.781649,37.0852871],[-4.7795729,37.0847777],[-4.7786914,37.0846962],[-4.777408,37.0848764],[-4.7739161,37.0855873],[-4.7725752,37.0864702],[-4.7711093,37.0878257],[-4.7699588,37.0882747],[-4.7688564,37.0883946],[-4.7682204,37.0886863],[-4.7663683,37.091322],[-4.7650026,37.0937153],[-4.7648389,37.0946522],[-4.7648555,37.0952203],[-4.7649788,37.0956498],[-4.7653292,37.0958362],[-4.7654369,37.0963686],[-4.7653216,37.096949],[-4.7650833,37.0971107],[-4.7648614,37.0971403],[-4.7642972,37.0976779],[-4.7639622,37.098279],[-4.7633671,37.1002671],[-4.7628861,37.1027102],[-4.7624606,37.1043794],[-4.7623843,37.1052026],[-4.7622203,37.1058476],[-4.7615211,37.1070604],[-4.7613884,37.107143],[-4.7598551,37.1072691],[-4.7587964,37.1074795],[-4.7583388,37.1077407],[-4.7577621,37.1085111],[-4.7575283,37.1086444],[-4.7568133,37.1101858],[-4.7566126,37.1111515],[-4.7563862,37.1137716],[-4.7560041,37.1140271],[-4.7557683,37.1143717],[-4.7536894,37.1160607],[-4.7524958,37.1172212],[-4.749971,37.1187072],[-4.7494131,37.1192457],[-4.7472223,37.1204358],[-4.7469057,37.1207403],[-4.7467008,37.1211273],[-4.7463521,37.1212918],[-4.7459003,37.1213444],[-4.7451063,37.1219277],[-4.7437056,37.1234491],[-4.7423843,37.124524],[-4.7418439,37.1251951],[-4.7415318,37.1258939],[-4.7413919,37.1267822],[-4.7415352,37.1276559],[-4.7418623,37.1279897],[-4.7429393,37.1282677],[-4.7421354,37.1284467],[-4.7420887,37.1287534],[-4.7431393,37.1306309],[-4.7436642,37.1308923],[-4.7447438,37.1316789],[-4.7455616,37.1321658],[-4.7466699,37.1326356],[-4.7486013,37.1336393],[-4.7488793,37.1335573],[-4.7488636,37.1333615],[-4.7492843,37.1331511],[-4.7497571,37.1326785],[-4.7487618,37.1343405],[-4.749006,37.1345463],[-4.7492988,37.1346381],[-4.749502,37.1344908],[-4.7499096,37.1347321],[-4.7515432,37.1344258],[-4.7536669,37.134343],[-4.7548914,37.1341727],[-4.7556839,37.1339069],[-4.7570658,37.1339287],[-4.7582798,37.1336665],[-4.7587992,37.1336453],[-4.7592134,37.1333854],[-4.7594853,37.1329171],[-4.7599531,37.1327742],[-4.7599791,37.132426],[-4.761039,37.1320497],[-4.7614458,37.1317013],[-4.7635655,37.1309305],[-4.7641875,37.1305381],[-4.764351,37.1303847],[-4.7645753,37.1297917],[-4.7650798,37.1288428],[-4.7674202,37.1255441],[-4.767938,37.1250166],[-4.7684233,37.1246813],[-4.7692439,37.1244729],[-4.7740667,37.1240685],[-4.7746824,37.1239307],[-4.7751453,37.1237181],[-4.7751889,37.1234516],[-4.7754374,37.1230735],[-4.7754569,37.1226628],[-4.7761024,37.1217443],[-4.7767962,37.1211038],[-4.7769211,37.1208448],[-4.7777379,37.1201687],[-4.7782213,37.1199226],[-4.7787041,37.1192082],[-4.7800445,37.1181862],[-4.7800666,37.1180405],[-4.7798413,37.1176982],[-4.7800505,37.1172063],[-4.7807372,37.1171037],[-4.7809196,37.1167529],[-4.7803831,37.1164877],[-4.7803456,37.1161711],[-4.7805655,37.1160214],[-4.7808176,37.1161284],[-4.780941,37.1163037],[-4.7815257,37.1159786],[-4.781692,37.1160599]],[[-4.7420997,37.1311671],[-4.7422108,37.1313018],[-4.7424998,37.131355],[-4.7426421,37.1315429],[-4.7427666,37.1314897],[-4.7426421,37.131277],[-4.742193,37.1310785],[-4.7420997,37.1311671]],[[-4.7437656,37.1346805],[-4.7442564,37.1346527],[-4.7443047,37.1345286],[-4.7442216,37.1343875],[-4.7443315,37.1342164],[-4.743838,37.134148],[-4.7436637,37.1339427],[-4.7432479,37.13387],[-4.7429475,37.1341587],[-4.742918,37.1343062],[-4.7434947,37.1344217],[-4.7437656,37.1346805]],[[-4.742167,37.1351487],[-4.7423734,37.1345874],[-4.7423548,37.1340839],[-4.7419417,37.1340753],[-4.7414106,37.1342122],[-4.7414321,37.1344816],[-4.7415876,37.1346441],[-4.7415286,37.1348665],[-4.7412965,37.1349966],[-4.7415823,37.135354],[-4.7418505,37.1354139],[-4.742167,37.1351487]],[[-4.7490144,37.1350731],[-4.748785,37.1350616],[-4.7487241,37.1351502],[-4.748785,37.1354646],[-4.7489822,37.135516],[-4.7491686,37.1354046],[-4.7490144,37.1350731]],[[-4.7500468,37.136902],[-4.7503443,37.1368763],[-4.7504375,37.1367791],[-4.7504841,37.1366477],[-4.7503264,37.1364505],[-4.7500432,37.1363933],[-4.7497565,37.1366305],[-4.7500468,37.136902]],[[-4.7481505,37.1369049],[-4.7478781,37.1363276],[-4.7476236,37.1364048],[-4.7475411,37.1365419],[-4.7476738,37.1369449],[-4.7478494,37.137042],[-4.7481218,37.1369877],[-4.7481505,37.1369049]],[[-4.7058284,36.9251065],[-4.705705,36.9250819],[-4.7058029,36.9251902],[-4.7058284,36.9251065]],[[-4.6958292,36.9768375],[-4.6956146,36.9767132],[-4.6950191,36.9768225],[-4.6951693,36.9773839],[-4.6957353,36.9772853],[-4.6959096,36.9769768],[-4.6958292,36.9768375]],[[-4.6931228,36.9779574],[-4.6929791,36.9780738],[-4.6931128,36.9781612],[-4.693234,36.978063],[-4.6931228,36.9779574]],[[-4.6840116,37.0212129],[-4.6850899,37.0215727],[-4.6862432,37.0205961],[-4.6848002,37.0200822],[-4.6840116,37.0212129]],[[-4.7217256,37.1035831],[-4.721852,37.1036105],[-4.7218429,37.1034689],[-4.7216988,37.103462],[-4.7217256,37.1035831]],[[-4.724588,37.1135479],[-4.7241665,37.1135974],[-4.7234832,37.1139936],[-4.7232246,37.1142657],[-4.7232384,37.1146611],[-4.7233413,37.1147655],[-4.7236573,37.1148001],[-4.7244097,37.1143013],[-4.7250736,37.1141112],[-4.7249889,37.1136564],[-4.724588,37.1135479]],[[-4.7409544,37.1302518],[-4.7406463,37.1302167],[-4.7407217,37.1306053],[-4.7410424,37.1308259],[-4.7411745,37.1307306],[-4.7411304,37.1304348],[-4.7409544,37.1302518]],[[-4.7397209,37.1318655],[-4.739374,37.1323547],[-4.7393563,37.1326241],[-4.7396853,37.1332834],[-4.7399165,37.1335103],[-4.7402722,37.1335528],[-4.7406101,37.133333],[-4.7401566,37.1322483],[-4.7401655,37.1320356],[-4.7404589,37.1314614],[-4.7404678,37.1312132],[-4.7400943,37.1302774],[-4.7398809,37.1299583],[-4.7397209,37.1299371],[-4.7395697,37.1300647],[-4.739463,37.1313125],[-4.7397209,37.1318655]],[[-4.7392611,37.1334019],[-4.7390911,37.1329143],[-4.7389082,37.1328156],[-4.738644,37.1328849],[-4.7385885,37.1329983],[-4.7387659,37.1335197],[-4.7389433,37.1335934],[-4.7391687,37.1335403],[-4.7392611,37.1334019]],[[-4.7384463,37.1329585],[-4.7381082,37.1329998],[-4.7380416,37.1330705],[-4.7382024,37.1336331],[-4.7384112,37.1337097],[-4.7386329,37.1336449],[-4.738692,37.1335168],[-4.7384463,37.1329585]],[[-4.7388214,37.1336729],[-4.7383354,37.1338335],[-4.7383465,37.1339852],[-4.7385257,37.1340412],[-4.7389414,37.1339484],[-4.7390227,37.133807],[-4.7388214,37.1336729]],[[-4.7391078,37.1395975],[-4.7391564,37.1394927],[-4.739025,37.1394539],[-4.7389764,37.1395587],[-4.7391078,37.1395975]],[[-4.7391459,37.1398017],[-4.7391945,37.139697],[-4.7390631,37.1396582],[-4.7390145,37.139763],[-4.7391459,37.1398017]],[[-4.7391722,37.1399823],[-4.7392207,37.1398776],[-4.7390893,37.1398388],[-4.7390407,37.1399436],[-4.7391722,37.1399823]],[[-4.7390362,37.1409069],[-4.739235,37.1409219],[-4.7393988,37.1408081],[-4.7394479,37.1406235],[-4.7392303,37.1401331],[-4.738966,37.1401014],[-4.7387742,37.1401983],[-4.7387204,37.1403568],[-4.7388256,37.1407167],[-4.7390362,37.1409069]],[[-4.6983677,37.1986225],[-4.6979326,37.1991442],[-4.6977255,37.199578],[-4.697549,37.2002318],[-4.6974361,37.2017228],[-4.6975448,37.202111],[-4.6975391,37.2025009],[-4.6974493,37.2027431],[-4.6982469,37.2028355],[-4.6986,37.2030852],[-4.6999683,37.2035683],[-4.7009528,37.2036602],[-4.7015114,37.2034211],[-4.7018797,37.2029479],[-4.7025825,37.2024015],[-4.703371,37.2020325],[-4.7038525,37.201649],[-4.7040549,37.2011253],[-4.70458,37.2003156],[-4.7047426,37.2003383],[-4.7049813,37.2000418],[-4.7052413,37.1999898],[-4.7057604,37.2000721],[-4.7062557,37.1995353],[-4.7061099,37.1993886],[-4.7064628,37.1990464],[-4.7066392,37.1990159],[-4.7067006,37.1988265],[-4.7061636,37.1987348],[-4.7057877,37.1989487],[-4.7055576,37.1986126],[-4.7049132,37.1985026],[-4.7047752,37.1986187],[-4.7047675,37.1991931],[-4.7049669,37.1994742],[-4.7041385,37.1993703],[-4.7030875,37.1990403],[-4.7029725,37.1986798],[-4.7022054,37.1985882],[-4.7017374,37.198747],[-4.7011161,37.1986004],[-4.6988608,37.1984843],[-4.6983677,37.1986225]],[[-4.6973629,37.2033879],[-4.6973522,37.203687],[-4.697835,37.2062762],[-4.6979637,37.2064471],[-4.6984251,37.2065753],[-4.700249,37.206242],[-4.7003563,37.2060455],[-4.7002812,37.2052508],[-4.699101,37.2047381],[-4.6991439,37.2040544],[-4.6986397,37.203875],[-4.6981998,37.2035588],[-4.6973629,37.2033879]],[[-4.6076519,36.9341816],[-4.6075228,36.9339992],[-4.6073297,36.9339724],[-4.6072371,36.9340495],[-4.6073659,36.9342189],[-4.6076519,36.9341816]],[[-4.6500925,36.964725],[-4.6499116,36.9642166],[-4.6496069,36.9642242],[-4.6496038,36.9643992],[-4.6498148,36.9648277],[-4.6500497,36.9648302],[-4.6500925,36.964725]],[[-4.5338215,36.9841644],[-4.5335417,36.9842214],[-4.5336959,36.9846319],[-4.5340071,36.9848052],[-4.5341727,36.9843103],[-4.5338215,36.9841644]],[[-4.5378716,36.9860539],[-4.5389965,36.9864006],[-4.5394333,36.9867107],[-4.5398816,36.9867062],[-4.5398987,36.9865876],[-4.5392991,36.9859924],[-4.5390279,36.9860038],[-4.5387909,36.9858487],[-4.5385311,36.985876],[-4.5382342,36.9857939],[-4.5378716,36.9860539]],[[-4.601982,37.0094171],[-4.6018686,37.009415],[-4.6010557,37.0097035],[-4.6011409,37.0097603],[-4.6014599,37.0097245],[-4.602011,37.0095434],[-4.601982,37.0094171]],[[-4.5991241,37.010047],[-4.5990978,37.0099859],[-4.5984334,37.0099754],[-4.5984149,37.0101691],[-4.5985784,37.0103397],[-4.5991241,37.010047]],[[-4.5986955,37.0106251],[-4.5989342,37.010849],[-4.5996644,37.0105141],[-4.5996978,37.0104297],[-4.5992613,37.0102386],[-4.5989133,37.0103323],[-4.5986955,37.0106251]],[[-4.599731,37.0111166],[-4.5998047,37.0108965],[-4.5995037,37.0109163],[-4.5995131,37.0111],[-4.599731,37.0111166]],[[-4.5997775,37.0118211],[-4.5999453,37.0118241],[-4.599921,37.011513],[-4.5996227,37.0116618],[-4.5997775,37.0118211]],[[-4.6001224,37.0118911],[-4.5999043,37.0121352],[-4.6000777,37.0121963],[-4.6001858,37.0119938],[-4.6001224,37.0118911]],[[-4.6006071,37.0124047],[-4.600898,37.0122022],[-4.6005176,37.0120787],[-4.6003722,37.0123005],[-4.6006071,37.0124047]],[[-4.6010851,37.0123006],[-4.6007507,37.0125417],[-4.6007142,37.012815],[-4.6008253,37.0130225],[-4.6011087,37.0129317],[-4.6012452,37.0126252],[-4.6012322,37.0124297],[-4.6010851,37.0123006]],[[-4.6011043,37.014378],[-4.6012451,37.0143384],[-4.6012853,37.0142441],[-4.6011405,37.0138983],[-4.6008427,37.0138479],[-4.6007462,37.0140043],[-4.6007784,37.0142377],[-4.6011043,37.014378]],[[-4.567686,37.0146967],[-4.5672582,37.0145714],[-4.56723,37.0146389],[-4.5676565,37.014762],[-4.567686,37.0146967]],[[-4.6025037,37.0155081],[-4.6026227,37.0156852],[-4.6026718,37.0156442],[-4.6025854,37.0154932],[-4.6027185,37.0151594],[-4.6026648,37.0150271],[-4.6020483,37.0149488],[-4.6018966,37.0150718],[-4.6020234,37.0152304],[-4.6025037,37.0155081]],[[-4.5988933,37.0164299],[-4.5990151,37.0163744],[-4.5990946,37.0161712],[-4.5990358,37.0160239],[-4.5987831,37.0159497],[-4.598385,37.0160071],[-4.5983474,37.0161488],[-4.5988933,37.0164299]],[[-4.6025355,37.0166431],[-4.6026771,37.0167413],[-4.6028095,37.0166773],[-4.6031041,37.0167532],[-4.6032456,37.0166561],[-4.6034289,37.0168227],[-4.6034808,37.0167865],[-4.6032898,37.0166359],[-4.603311,37.0165121],[-4.602899,37.0163349],[-4.6030071,37.0161771],[-4.6030165,37.0159613],[-4.6028207,37.0157023],[-4.6024683,37.0158184],[-4.6023565,37.0159494],[-4.6027275,37.0164302],[-4.6025355,37.0166431]],[[-4.597603,37.0184133],[-4.5978286,37.0184982],[-4.5980161,37.0183496],[-4.5983539,37.0182844],[-4.5984099,37.0181387],[-4.5983357,37.017876],[-4.5981157,37.0177717],[-4.5975713,37.018327],[-4.597603,37.0184133]],[[-4.5986583,37.0184018],[-4.598865,37.0183556],[-4.5986677,37.018275],[-4.5986583,37.0184018]],[[-4.5984321,37.0184886],[-4.5983815,37.0183125],[-4.5983185,37.0183617],[-4.5983587,37.0184942],[-4.5984321,37.0184886]],[[-4.5970082,37.0191576],[-4.5971406,37.0191383],[-4.597286,37.0192916],[-4.5978062,37.019051],[-4.5978826,37.0188733],[-4.5978006,37.0186619],[-4.5974445,37.0185607],[-4.5972599,37.0186128],[-4.5970194,37.0188554],[-4.5970082,37.0191576]],[[-4.5988073,37.0224883],[-4.5986201,37.0229367],[-4.5986544,37.0232272],[-4.5988601,37.0235198],[-4.5991811,37.0232221],[-4.5991685,37.0230335],[-4.5989339,37.0228967],[-4.5988732,37.0224841],[-4.5988073,37.0224883]],[[-4.5629554,37.0229994],[-4.5631812,37.0231462],[-4.5633519,37.0231254],[-4.5632072,37.0229916],[-4.5629554,37.0229994]],[[-4.5982431,37.023585],[-4.5977105,37.0237387],[-4.5975866,37.0239513],[-4.5977896,37.0241008],[-4.5981113,37.0240376],[-4.5983301,37.0239113],[-4.5983591,37.023745],[-4.5982431,37.023585]],[[-4.5980295,37.0243218],[-4.5978239,37.0243218],[-4.5976446,37.0246565],[-4.5976683,37.0248123],[-4.5979557,37.0248354],[-4.5980032,37.024707],[-4.5982615,37.0245828],[-4.5982378,37.0244628],[-4.5980295,37.0243218]],[[-4.5811912,37.0256236],[-4.5812519,37.025869],[-4.5813304,37.0258518],[-4.5813534,37.0256295],[-4.5811912,37.0256236]],[[-4.5811539,37.0259958],[-4.5810442,37.0260023],[-4.5810076,37.0261288],[-4.5811092,37.0261418],[-4.5811539,37.0259958]],[[-4.5968733,37.0270632],[-4.5969795,37.0271465],[-4.5969503,37.0268929],[-4.5968733,37.0270632]],[[-4.596836,37.0274663],[-4.5970519,37.0274749],[-4.5969185,37.0271693],[-4.5967871,37.0273111],[-4.596836,37.0274663]],[[-4.5528255,37.0375537],[-4.5531581,37.0377635],[-4.5536007,37.0376929],[-4.5535202,37.0369114],[-4.5529274,37.0368022],[-4.5528255,37.0375537]],[[-4.589719,37.0481161],[-4.5893595,37.0477736],[-4.5888526,37.0480604],[-4.5895232,37.0489981],[-4.589719,37.0481161]],[[-4.5760491,37.0498711],[-4.5759432,37.0494847],[-4.5761202,37.0490137],[-4.5760558,37.0488382],[-4.5754067,37.0489324],[-4.5752404,37.0485256],[-4.574645,37.0486498],[-4.5745109,37.0483886],[-4.5737813,37.0485428],[-4.5738081,37.0487526],[-4.5729123,37.0488382],[-4.5733039,37.0498401],[-4.5735962,37.0502382],[-4.5740844,37.0503827],[-4.5753745,37.0501644],[-4.5760491,37.0498711]],[[-4.5440378,37.0940306],[-4.5435658,37.0938595],[-4.5427933,37.0948462],[-4.543201,37.0952655],[-4.5440378,37.0940306]],[[-4.5455656,37.1034663],[-4.5446989,37.1030065],[-4.5440584,37.1040023],[-4.5449555,37.1044631],[-4.5455656,37.1034663]],[[-4.6058485,37.1155085],[-4.6055451,37.11532],[-4.6051274,37.1154964],[-4.6051523,37.1158024],[-4.6056447,37.1165442],[-4.6059481,37.1167326],[-4.6063659,37.1165562],[-4.606341,37.1162502],[-4.6058485,37.1155085]],[[-4.6572876,37.1616187],[-4.6570317,37.1616404],[-4.6570498,37.1617684],[-4.6573024,37.1617489],[-4.6572876,37.1616187]],[[-4.615819,37.1822619],[-4.6147516,37.1810755],[-4.6135016,37.1817894],[-4.614569,37.1829758],[-4.615819,37.1822619]],[[-4.5018945,36.9832099],[-4.5018713,36.9831225],[-4.5016906,36.9831128],[-4.5016702,36.9832358],[-4.5018166,36.9832772],[-4.5018945,36.9832099]],[[-4.5007762,37.008865],[-4.5010847,37.0089143],[-4.501377,37.0088243],[-4.5016238,37.0086037],[-4.501884,37.008201],[-4.5020691,37.0075156],[-4.5024633,37.0073357],[-4.5026484,37.00734],[-4.503158,37.0078455],[-4.503912,37.0080093],[-4.5039078,37.0075754],[-4.5035362,37.0074771],[-4.5028952,37.0063804],[-4.5023775,37.005937],[-4.502584,37.0064725],[-4.5025492,37.006601],[-4.5022407,37.0067252],[-4.501884,37.0070251],[-4.5015273,37.0071365],[-4.5012778,37.0070187],[-4.5013663,37.007265],[-4.5015755,37.0073828],[-4.5015541,37.0081496],[-4.5014629,37.0083916],[-4.5010981,37.0087408],[-4.5009077,37.0088007],[-4.500685,37.0087536],[-4.5007762,37.008865]],[[-4.4864345,37.0094069],[-4.4870916,37.0092013],[-4.4868234,37.0089785],[-4.4864345,37.0094069]],[[-4.4620881,37.0100666],[-4.461565,37.0098866],[-4.4613478,37.0100109],[-4.4613987,37.0102079],[-4.4617045,37.0103857],[-4.462375,37.0104285],[-4.4620881,37.0100666]],[[-4.4752228,37.0103536],[-4.4752067,37.0105035],[-4.4749653,37.0107177],[-4.4752443,37.0106277],[-4.4753784,37.0108291],[-4.4755393,37.0108847],[-4.4757003,37.0108162],[-4.4757968,37.010632],[-4.4757861,37.0104307],[-4.4755071,37.0102765],[-4.4752228,37.0103536]],[[-4.4825828,37.0105806],[-4.4826579,37.0104478],[-4.482446,37.0102572],[-4.4814938,37.0106556],[-4.4816387,37.0109468],[-4.4819874,37.0110304],[-4.4825828,37.0105806]],[[-4.4740319,37.0109811],[-4.4742104,37.0107539],[-4.4742519,37.0104499],[-4.4739488,37.0104114],[-4.4738308,37.0105185],[-4.4738361,37.0108697],[-4.4740319,37.0109811]],[[-4.4618493,37.0111075],[-4.4622812,37.0109597],[-4.4630161,37.011191],[-4.4632173,37.0110925],[-4.4632387,37.0109104],[-4.4630751,37.0107884],[-4.4616294,37.0107519],[-4.461565,37.0109576],[-4.4618493,37.0111075]],[[-4.4891596,37.0111974],[-4.4887894,37.0112146],[-4.4887573,37.0113088],[-4.4892079,37.0114288],[-4.4891596,37.0111974]],[[-4.4655937,37.0111675],[-4.4656071,37.0110646],[-4.4655266,37.0111032],[-4.4649795,37.0108912],[-4.4647756,37.0110432],[-4.4647649,37.0114909],[-4.4648802,37.0117029],[-4.4654623,37.0121548],[-4.4658244,37.012264],[-4.4664198,37.012037],[-4.4663876,37.0118657],[-4.466055,37.0114545],[-4.4655937,37.0111675]],[[-4.4679379,37.0128316],[-4.4679567,37.0129323],[-4.4683751,37.0131486],[-4.4685549,37.0131015],[-4.4688445,37.0132043],[-4.4690296,37.0131379],[-4.4688204,37.012973],[-4.4679379,37.0128316]],[[-4.4944811,37.0144101],[-4.4947171,37.0141702],[-4.4944489,37.0138018],[-4.4931722,37.013245],[-4.4928718,37.0133221],[-4.4928825,37.0137333],[-4.4933331,37.0143501],[-4.4935691,37.0144957],[-4.4944811,37.0144101]],[[-4.4717762,37.0152132],[-4.4718996,37.014984],[-4.4718727,37.0146928],[-4.4716796,37.01447],[-4.4716233,37.0140717],[-4.4716823,37.0137761],[-4.47198,37.0131871],[-4.4719076,37.0130201],[-4.4716662,37.0131336],[-4.4721437,37.0127609],[-4.4709313,37.0130865],[-4.4695795,37.0137204],[-4.4693461,37.0143501],[-4.4693649,37.0146007],[-4.4697431,37.0149369],[-4.4700569,37.0154188],[-4.4700435,37.0155452],[-4.4702768,37.0157379],[-4.470655,37.0157058],[-4.4713497,37.0159456],[-4.4716662,37.0157807],[-4.4717762,37.0152132]],[[-4.4578797,37.0195371],[-4.4580406,37.0192801],[-4.4576007,37.0187019],[-4.4573164,37.0186034],[-4.4570804,37.0186162],[-4.4569731,37.0187619],[-4.4570106,37.0190703],[-4.4574452,37.0195457],[-4.4576222,37.0196356],[-4.4578797,37.0195371]],[[-4.4539073,37.02058],[-4.4538456,37.0207856],[-4.4539341,37.0208841],[-4.4541729,37.0208799],[-4.4543579,37.0207664],[-4.4544438,37.0205436],[-4.4540548,37.0204815],[-4.4539073,37.02058]],[[-4.4697275,37.0204709],[-4.4693146,37.0205669],[-4.4690514,37.0208503],[-4.4686481,37.0217455],[-4.468149,37.0222166],[-4.4681602,37.0227228],[-4.4687212,37.0227682],[-4.4697645,37.0226203],[-4.4704762,37.0223945],[-4.4708222,37.0220491],[-4.4708111,37.0214782],[-4.4706728,37.021093],[-4.4701793,37.0205749],[-4.4697275,37.0204709]],[[-4.48578,37.0285868],[-4.4856942,37.0284883],[-4.4853294,37.0284326],[-4.485206,37.0285097],[-4.4856942,37.028741],[-4.48578,37.0285868]],[[-4.4750512,37.0319357],[-4.4754106,37.0316873],[-4.474909,37.0314432],[-4.474622,37.0317409],[-4.474673,37.0318651],[-4.4750512,37.0319357]],[[-4.4582874,37.0324111],[-4.4582981,37.0325995],[-4.4585717,37.0327622],[-4.4587594,37.0327622],[-4.4588345,37.0325096],[-4.4587058,37.0322526],[-4.4584966,37.0321627],[-4.4582874,37.0324111]],[[-4.4601113,37.0338157],[-4.4601488,37.0335802],[-4.460004,37.0333532],[-4.4596285,37.0333489],[-4.4593602,37.0335587],[-4.4593281,37.0338542],[-4.4596714,37.0341625],[-4.4599503,37.0340812],[-4.4601113,37.0338157]],[[-4.4921132,37.1166714],[-4.4917109,37.1167911],[-4.4918289,37.1169366],[-4.4921588,37.116866],[-4.4921132,37.1166714]],[[-4.503022,37.1182078],[-4.5027934,37.1181685],[-4.5026643,37.118646],[-4.502893,37.1186853],[-4.503022,37.1182078]],[[-4.5033207,37.1282626],[-4.5032644,37.1277301],[-4.5026985,37.1277408],[-4.5027843,37.1282647],[-4.5033207,37.1282626]],[[-4.487096,37.1698117],[-4.4871551,37.1699528],[-4.4874447,37.1699068],[-4.4873737,37.1697145],[-4.4871416,37.169738],[-4.487096,37.1698117]],[[-4.3693184,36.9426398],[-4.369103,36.9426944],[-4.3691353,36.9427776],[-4.3693533,36.9427691],[-4.3693184,36.9426398]],[[-4.3690856,36.9459968],[-4.3690418,36.9456569],[-4.3685798,36.9456946],[-4.3686028,36.9460554],[-4.3690856,36.9459968]],[[-4.3883924,36.9934084],[-4.3884202,36.9934527],[-4.3884911,36.9933665],[-4.3883924,36.9934084]],[[-4.4408805,37.0010609],[-4.4409881,37.0012229],[-4.4412427,37.0011733],[-4.4414393,37.0012989],[-4.4417332,37.0012444],[-4.4416442,37.0010774],[-4.4417932,37.0006625],[-4.4415076,37.0006047],[-4.4410129,37.0008824],[-4.4408805,37.0010609]],[[-4.4290846,37.0029124],[-4.4287898,37.0028872],[-4.4287845,37.0030427],[-4.4290582,37.0030806],[-4.4290846,37.0029124]],[[-4.4501334,37.0200854],[-4.4499618,37.0199654],[-4.4495487,37.0200125],[-4.4494951,37.0201967],[-4.4496131,37.0203552],[-4.450112,37.0202481],[-4.4501334,37.0200854]],[[-4.4476106,37.0247731],[-4.448779,37.0250132],[-4.4492102,37.0249686],[-4.4492322,37.0247795],[-4.4489479,37.02394],[-4.4485349,37.023803],[-4.4481218,37.0241242],[-4.4475426,37.0243207],[-4.4476106,37.0247731]]],[[[-4.44985227251996,36.84087897868125],[-4.4493234,36.8407601],[-4.4491982,36.8403463],[-4.4493934,36.8398569],[-4.449490868604757,36.83979574072782],[-4.44985227251996,36.84087897868125]]],[[[-4.776433775604417,36.920977945369074],[-4.7762804,36.921061],[-4.77600745283569,36.92096644609695],[-4.776433775604417,36.920977945369074]]],[[[-4.787830746597765,36.93275587014886],[-4.7876181,36.9326835],[-4.7876000314918254,36.93264488104572],[-4.787830746597765,36.93275587014886]]],[[[-4.7816727,36.9619817],[-4.7820208,36.9619722],[-4.7822332,36.9621231],[-4.7824028,36.962141],[-4.7824633,36.962571],[-4.7823217,36.9627972],[-4.7822273,36.9628114],[-4.7816255,36.9624154],[-4.7816019,36.9620854],[-4.7816727,36.9619817]]],[[[-4.7784357,36.966873],[-4.7781437,36.966853],[-4.7780269,36.9667396],[-4.7784357,36.966473],[-4.7787027,36.9664997],[-4.7787611,36.9666463],[-4.7784357,36.966873]]],[[[-4.7514856,36.9769426],[-4.7515815,36.9766796],[-4.7521189,36.9764499],[-4.7527731,36.97641],[-4.7530647,36.9765265],[-4.7533855,36.977129],[-4.7536105,36.977808],[-4.7529189,36.97866],[-4.7525356,36.9781408],[-4.7521689,36.9774485],[-4.751544,36.9771023],[-4.7514856,36.9769426]]],[[[-4.4413751,37.0008493],[-4.4414207,37.0009683],[-4.4412737,37.0009105],[-4.4413751,37.0008493]]]]}},{"type":"Feature","properties":{"id":"costa-del-sol-occidental","name":"Costa del Sol Occidental","type":"island","members":["benahavis","benalmadena","casares","estepona","fuengirola","manilva","marbella","mijas","torremolinos"]},"geometry":{"type":"MultiPolygon","coordinates":[[[[-5.2221241,36.3716306],[-5.2235409,36.3684464],[-5.2249327,36.3656921],[-5.2261374,36.362737],[-5.2270335,36.3607886],[-5.2276871,36.3590204],[-5.2285208,36.3570743],[-5.2285398,36.3567155],[-5.2284164,36.3563021],[-5.2281411,36.3559582],[-5.2278291,36.355891],[-5.2276235,36.356316],[-5.2274805,36.3563293],[-5.2273981,36.35621],[-5.227603,36.3557477],[-5.2273143,36.3554073],[-5.2273092,36.3552137],[-5.2278632,36.3540702],[-5.2282352,36.3535666],[-5.2284716,36.3535155],[-5.2285686,36.3535784],[-5.2285227,36.353757],[-5.2282443,36.3539661],[-5.2276239,36.3551426],[-5.2276272,36.3553358],[-5.2277355,36.3555126],[-5.2279243,36.3556216],[-5.2279779,36.3555074],[-5.228092,36.355544],[-5.2280063,36.3557183],[-5.2292608,36.3561439],[-5.2293617,36.3560117],[-5.22929,36.3561541],[-5.2293512,36.3561744],[-5.2294499,36.3560394],[-5.2294236,36.3560989],[-5.22956,36.3562512],[-5.2309553,36.3567271],[-5.2315156,36.3556455],[-5.2287811,36.3547119],[-5.2285624,36.3551241],[-5.2284503,36.3550857],[-5.2286768,36.354658],[-5.2286372,36.3545674],[-5.2292603,36.3540944],[-5.2294126,36.3541708],[-5.2293887,36.3542926],[-5.2298067,36.3542971],[-5.2303929,36.3539772],[-5.2307496,36.353624],[-5.230896,36.353239],[-5.2308764,36.3527626],[-5.2311121,36.3526214],[-5.2314734,36.352215],[-5.231568,36.3519771],[-5.2315845,36.3517544],[-5.2314138,36.3515305],[-5.2312225,36.3516034],[-5.2308738,36.3512869],[-5.2309771,36.3510683],[-5.231471,36.3510023],[-5.2315679,36.3512325],[-5.2318554,36.3511582],[-5.232358,36.3502213],[-5.2323123,36.3500381],[-5.2325725,36.3497745],[-5.233571,36.3469808],[-5.233626,36.3465025],[-5.2342203,36.3450292],[-5.23488,36.342632],[-5.235251,36.3418154],[-5.2353385,36.3412333],[-5.2362947,36.3381655],[-5.236327,36.337725],[-5.2369235,36.3363149],[-5.237205,36.335139],[-5.2383104,36.3324579],[-5.238682,36.331258],[-5.2391744,36.330273],[-5.2400203,36.3282185],[-5.2408991,36.325612],[-5.2415213,36.324278],[-5.242033,36.3228901],[-5.2423248,36.3224337],[-5.2422567,36.3217963],[-5.2425136,36.3217007],[-5.2427378,36.3214206],[-5.2428827,36.3209123],[-5.2427711,36.3205665],[-5.2431488,36.3204075],[-5.2444072,36.3185494],[-5.245235,36.316236],[-5.2460584,36.3143008],[-5.2464275,36.3136231],[-5.2463439,36.3134235],[-5.2461702,36.3133073],[-5.2460981,36.3130373],[-5.2464114,36.313204],[-5.2465958,36.3130324],[-5.2465527,36.3127065],[-5.2464606,36.3126141],[-5.2466132,36.3126017],[-5.2465568,36.3124886],[-5.246222,36.3125018],[-5.2463418,36.3124292],[-5.2462773,36.312331],[-5.2464463,36.3123682],[-5.246862,36.312096],[-5.2470683,36.3109127],[-5.2472858,36.3110018],[-5.2480068,36.3104347],[-5.2490453,36.3107805],[-5.249526,36.3106837],[-5.2504015,36.3103517],[-5.2510366,36.3104416],[-5.2512512,36.3103527],[-5.2515173,36.3104416],[-5.251646,36.3107736],[-5.252074,36.311227],[-5.252372,36.3112725],[-5.2529474,36.3125471],[-5.2538994,36.315053],[-5.2549215,36.3165119],[-5.2581745,36.320786],[-5.2595007,36.3223563],[-5.2678516,36.324181],[-5.2683347,36.3250912],[-5.2697571,36.3261278],[-5.2699894,36.3264568],[-5.2703532,36.3274775],[-5.2706016,36.3287436],[-5.2707534,36.3289841],[-5.2720437,36.3300682],[-5.2742416,36.3317209],[-5.2754985,36.3328056],[-5.2755746,36.3335072],[-5.2755076,36.3342655],[-5.2755831,36.3353276],[-5.275857,36.3359353],[-5.2761885,36.3362264],[-5.27783,36.3371234],[-5.2781635,36.337099],[-5.279111,36.3367385],[-5.2793894,36.3367332],[-5.2804576,36.3370733],[-5.2817883,36.3376247],[-5.2824598,36.337729],[-5.2842023,36.3375064],[-5.2854848,36.3379326],[-5.2877517,36.3373574],[-5.2898837,36.3371183],[-5.2913113,36.3367934],[-5.2936598,36.3359642],[-5.2975661,36.3343119],[-5.2991137,36.3339036],[-5.2998933,36.3335191],[-5.3003167,36.3331414],[-5.3186814,36.3258282],[-5.3200847,36.3250709],[-5.3201969,36.3254743],[-5.3202069,36.3261862],[-5.3206182,36.328035],[-5.321287840475451,36.32931868208924],[-5.3210307,36.3300471],[-5.3202851,36.3310021],[-5.3199766,36.331592],[-5.3198398,36.3323073],[-5.3198264,36.3331024],[-5.3196789,36.333513],[-5.3189869,36.3345112],[-5.3186248,36.3356391],[-5.3175893,36.3370706],[-5.3176886,36.3371733],[-5.3174955,36.3373385],[-5.3172165,36.3378096],[-5.3159452,36.3384502],[-5.3155804,36.3388304],[-5.3144646,36.3403904],[-5.3137136,36.3417882],[-5.3134936,36.3429311],[-5.3135821,36.3431385],[-5.3141481,36.3437802],[-5.3145129,36.3439142],[-5.3177637,36.3457181],[-5.31896,36.3469452],[-5.320167,36.3471094],[-5.3206873,36.3474162],[-5.3212801,36.347818],[-5.3216368,36.3484142],[-5.3217173,36.3490926],[-5.3213659,36.3506199],[-5.3210843,36.3509915],[-5.3209609,36.3515574],[-5.3205049,36.3520845],[-5.3203172,36.3524669],[-5.3201106,36.3529573],[-5.3198424,36.3541648],[-5.320006,36.354666],[-5.3205237,36.3555581],[-5.3208187,36.3565518],[-5.3209287,36.3572019],[-5.320867,36.3592],[-5.3207141,36.3596234],[-5.3205478,36.3598178],[-5.3200382,36.360077],[-5.3188419,36.3602217],[-5.3176779,36.360213],[-5.3175357,36.3603383],[-5.3170395,36.3611958],[-5.3165621,36.363507],[-5.3164521,36.3637662],[-5.3162268,36.3639973],[-5.3159666,36.3641528],[-5.3153068,36.3642457],[-5.3142822,36.3639001],[-5.3135124,36.3637834],[-5.3126541,36.3633752],[-5.3120922,36.3633266],[-5.3113975,36.3635998],[-5.3106679,36.3643169],[-5.3097761,36.365615],[-5.3096634,36.3659433],[-5.3098002,36.366263],[-5.3103152,36.3669822],[-5.312233,36.3683439],[-5.3123362,36.3683979],[-5.3123537,36.3683213],[-5.3124891,36.3683169],[-5.3132375,36.3689238],[-5.313735,36.3692003],[-5.3145397,36.3699389],[-5.3157172,36.3712563],[-5.3160954,36.3720727],[-5.3167149,36.3728761],[-5.3170019,36.3734225],[-5.3170529,36.3736384],[-5.3167981,36.3751134],[-5.3167874,36.3759535],[-5.3165084,36.3777287],[-5.3164789,36.3782577],[-5.3166175,36.378842],[-5.3163944,36.3790729],[-5.3164011,36.3795199],[-5.3165178,36.3802315],[-5.3170301,36.3811838],[-5.3171387,36.3815563],[-5.3174995,36.3834609],[-5.3174593,36.3842253],[-5.3175156,36.3851408],[-5.3176014,36.3852099],[-5.3175116,36.3852304],[-5.3170583,36.3875668],[-5.3163502,36.3899916],[-5.3165741,36.3908315],[-5.3171361,36.3915677],[-5.3173117,36.3922209],[-5.3172889,36.3925167],[-5.316402,36.3935913],[-5.3162724,36.3940809],[-5.3162804,36.3952058],[-5.3169858,36.395996],[-5.3173694,36.3967128],[-5.3174284,36.3976649],[-5.317525,36.3979412],[-5.3173828,36.3980751],[-5.3175062,36.3983536],[-5.3174177,36.3984421],[-5.3186274,36.3995669],[-5.3189439,36.399731],[-5.3191075,36.3996511],[-5.3178147,36.398224],[-5.3176671,36.3978721],[-5.3175411,36.3967214],[-5.3170475,36.3957369],[-5.3165272,36.3951885],[-5.3164038,36.3948819],[-5.3165245,36.3939557],[-5.3169537,36.3932885],[-5.3174391,36.392792],[-5.3174982,36.3927617],[-5.3175008,36.3929193],[-5.3172541,36.3931547],[-5.3171361,36.3934958],[-5.3173372,36.3932972],[-5.3174043,36.3930662],[-5.3177583,36.3927315],[-5.3175008,36.3914144],[-5.3171629,36.3909697],[-5.3168383,36.3902744],[-5.316782,36.3897735],[-5.3171736,36.3887198],[-5.3173748,36.3886248],[-5.3174928,36.3883959],[-5.3176966,36.387746],[-5.3176671,36.387502],[-5.3179863,36.3871392],[-5.3183323,36.3870766],[-5.3184745,36.38696],[-5.3187588,36.3857141],[-5.3188688,36.38452],[-5.3188688,36.3839133],[-5.3184477,36.3832309],[-5.3183779,36.3829826],[-5.3183726,36.3820584],[-5.3182304,36.3814213],[-5.3172594,36.3797499],[-5.3170207,36.3792273],[-5.3168893,36.3786702],[-5.3169081,36.377232],[-5.3175384,36.3737702],[-5.3175008,36.3732972],[-5.3171012,36.3723146],[-5.3168812,36.3719539],[-5.3167954,36.3719409],[-5.3166989,36.3714442],[-5.3149903,36.3694659],[-5.3138906,36.3685696],[-5.3124368,36.3678526],[-5.3122745,36.3676334],[-5.3118159,36.3674433],[-5.3114578,36.3671874],[-5.3112553,36.366926],[-5.3109898,36.3660783],[-5.3107068,36.3659444],[-5.3106102,36.3657468],[-5.3106478,36.365088],[-5.310967,36.3646031],[-5.3118749,36.3637392],[-5.3121686,36.3635934],[-5.3128552,36.3637165],[-5.3152733,36.3647403],[-5.3158928,36.3647532],[-5.3164347,36.3646366],[-5.3169027,36.3637122],[-5.3171414,36.3618697],[-5.317407,36.3613622],[-5.3182277,36.360658],[-5.3190632,36.3604744],[-5.3199644,36.3603945],[-5.3206712,36.3602001],[-5.3211661,36.359375],[-5.3211862,36.3582139],[-5.3210789,36.3577722],[-5.3211339,36.3567548],[-5.320643,36.3551833],[-5.3203708,36.3547027],[-5.3203252,36.3542339],[-5.3204566,36.353588],[-5.3204325,36.3532133],[-5.3210896,36.352468],[-5.3212827,36.3517335],[-5.3214557,36.3514732],[-5.321559,36.3508889],[-5.3218246,36.3505713],[-5.322074,36.349961],[-5.3222886,36.3490991],[-5.3221732,36.3487599],[-5.3218514,36.3483062],[-5.3217924,36.3479995],[-5.3213123,36.3475479],[-5.319947,36.346848],[-5.319023,36.3467238],[-5.3176202,36.3451575],[-5.3172152,36.3450862],[-5.3169899,36.3448809],[-5.3154878,36.344154],[-5.3151834,36.3438169],[-5.3143948,36.343427],[-5.3140166,36.342983],[-5.3139067,36.3425379],[-5.3139657,36.342068],[-5.3148052,36.3407717],[-5.3154637,36.3394689],[-5.316141,36.33865],[-5.3173922,36.3377804],[-5.3178938,36.3370274],[-5.317989,36.3366342],[-5.3181767,36.3364321],[-5.318328,36.3364436],[-5.3188528,36.3357363],[-5.3192873,36.3346581],[-5.3200598,36.333783],[-5.3203128,36.3330124],[-5.3203575,36.3317303],[-5.3206633,36.3310713],[-5.3213875,36.3300708],[-5.32153220806022,36.329724084155714],[-5.3227463,36.3314277],[-5.3229463,36.3317844],[-5.3230023,36.3321709],[-5.3228237,36.3325349],[-5.3214673,36.3333724],[-5.3215673,36.33374],[-5.3211157,36.3342895],[-5.318172,36.3372038],[-5.316377,36.3397892],[-5.3155061,36.3408516],[-5.3151422,36.3417329],[-5.3150069,36.3424296],[-5.3151563,36.343337],[-5.3153629,36.3435403],[-5.3162695,36.3440545],[-5.3177086,36.3444952],[-5.3201768,36.3458173],[-5.3206954,36.3460236],[-5.3213112,36.3464983],[-5.322252,36.3477869],[-5.3235044,36.3501871],[-5.3252252,36.3544708],[-5.326043,36.3576095],[-5.3262452,36.3580382],[-5.3278417,36.360008],[-5.3290525,36.3621205],[-5.3298321,36.363971],[-5.3307713,36.3644484],[-5.3308786,36.3646806],[-5.3309563,36.3654182],[-5.3312088,36.3660351],[-5.3328788,36.3674717],[-5.3336732,36.3683214],[-5.3348939,36.3700101],[-5.3351209,36.3705194],[-5.3354409,36.3719011],[-5.3353176,36.3726246],[-5.3346619,36.3741786],[-5.3340704,36.3752717],[-5.3337648,36.376233],[-5.3340323,36.3788416],[-5.3343877,36.3799162],[-5.3347946,36.3804761],[-5.3357348,36.38135],[-5.3364392,36.3829135],[-5.3365331,36.3834434],[-5.3364013,36.3846267],[-5.3357155,36.3870376],[-5.3352363,36.3900211],[-5.3352257,36.3907874],[-5.3349181,36.3931728],[-5.3349691,36.3948753],[-5.3351,36.3951521],[-5.3364914,36.396567],[-5.3376691,36.3971748],[-5.338212,36.3978041],[-5.3387597,36.3989651],[-5.338921,36.3995117],[-5.3400014,36.4039339],[-5.3405399,36.4051581],[-5.3413839,36.4065295],[-5.3427883,36.4083677],[-5.3433979,36.4089866],[-5.3439689,36.4098046],[-5.3441559,36.4104588],[-5.3440347,36.4119934],[-5.3441085,36.4122883],[-5.3445948,36.4131901],[-5.3453203,36.413951],[-5.3456872,36.4146558],[-5.3462581,36.4165823],[-5.3471567,36.4186466],[-5.3479445,36.419253],[-5.3509908,36.4204189],[-5.3518895,36.4206355],[-5.3534061,36.4213717],[-5.3546006,36.4221503],[-5.3568366,36.42344],[-5.3572835,36.4238368],[-5.357236,36.4244776],[-5.35643,36.4258544],[-5.3563346,36.4263881],[-5.3567044,36.4275524],[-5.3566705,36.4282741],[-5.3568625,36.42946],[-5.35707,36.4300507],[-5.3580176,36.4318796],[-5.3580514,36.4322575],[-5.3579359,36.4324941],[-5.357465,36.4327828],[-5.3554545,36.4337959],[-5.3551641,36.4341531],[-5.3541626,36.4360745],[-5.3529486,36.4379821],[-5.3525492,36.4384226],[-5.3516898,36.4391425],[-5.3511634,36.4394413],[-5.3486756,36.4405447],[-5.3479191,36.4409832],[-5.3476594,36.4412497],[-5.3469667,36.4423268],[-5.3445022,36.4453223],[-5.3403586,36.448513],[-5.3394493,36.4494411],[-5.3384767,36.450118],[-5.3357328,36.4527494],[-5.3341663,36.4537173],[-5.3325397,36.4545422],[-5.3269055,36.4586628],[-5.3265086,36.4588238],[-5.3245675,36.4588345],[-5.3243917,36.4589281],[-5.323066,36.460495],[-5.3218046,36.4623492],[-5.3189631,36.4632336],[-5.3166191,36.4665868],[-5.3155932,36.4684903],[-5.3153451,36.4691531],[-5.3149646,36.4706205],[-5.3146973,36.4710133],[-5.3134525,36.4719387],[-5.312574,36.4727939],[-5.3106202,36.4738952],[-5.3099708,36.4749533],[-5.3097496,36.4750206],[-5.308897,36.4748749],[-5.308406,36.4748754],[-5.3054136,36.4752036],[-5.304231,36.4755959],[-5.3035825,36.4759329],[-5.3029046,36.4764056],[-5.3014017,36.4776694],[-5.2998579,36.478303],[-5.2983588,36.4793143],[-5.2970165,36.4807281],[-5.2955092,36.4826047],[-5.2947698,36.4832678],[-5.293968,36.4837069],[-5.2932468,36.484613],[-5.2924051,36.4859721],[-5.2923213,36.4872986],[-5.2920719,36.4883038],[-5.291378,36.4897592],[-5.2895512,36.4944448],[-5.2893719,36.4951783],[-5.2891796,36.4973721],[-5.2887479,36.4982547],[-5.2884026,36.500181],[-5.2884238,36.5005231],[-5.288135,36.5009523],[-5.2870035,36.501368],[-5.2866554,36.501406],[-5.2859954,36.5017778],[-5.2849994,36.5015245],[-5.283993,36.5021806],[-5.2833416,36.5028272],[-5.2826485,36.5037005],[-5.2814362,36.5056183],[-5.2813061,36.5067498],[-5.2815756,36.507724],[-5.2815108,36.5082643],[-5.2812852,36.5084455],[-5.2801486,36.5083908],[-5.2767903,36.507181],[-5.2768884,36.5080419],[-5.2776189,36.5085981],[-5.2776377,36.5088591],[-5.2780271,36.5095727],[-5.2780599,36.5103111],[-5.2754268,36.5108052],[-5.2756793,36.5114438],[-5.2769828,36.5112869],[-5.2768249,36.5116055],[-5.2782539,36.5123624],[-5.2786861,36.5130121],[-5.2784484,36.5136655],[-5.275745,36.5146596],[-5.2777282,36.5151798],[-5.2778634,36.5169484],[-5.2781487,36.5175378],[-5.2786369,36.5181954],[-5.2788555,36.5187951],[-5.2785995,36.5195841],[-5.2777525,36.5193083],[-5.2778668,36.5197333],[-5.2774588,36.5195269],[-5.2772259,36.5184387],[-5.2770142,36.5180732],[-5.2768293,36.5178604],[-5.2755995,36.5170061],[-5.275474,36.5173365],[-5.2741901,36.5173429],[-5.2736349,36.5169704],[-5.2726804,36.5176511],[-5.2715893,36.5171838],[-5.2712085,36.5179284],[-5.2715305,36.5199533],[-5.2710863,36.5204214],[-5.270811,36.5205528],[-5.2700871,36.5206206],[-5.2684197,36.5204991],[-5.2680483,36.520398],[-5.2679867,36.5194348],[-5.2677352,36.5188538],[-5.2674553,36.5184445],[-5.2665995,36.5174333],[-5.2659811,36.5169042],[-5.2650347,36.5166158],[-5.2650754,36.5164798],[-5.2654441,36.5161033],[-5.2661839,36.5146652],[-5.2659947,36.5146868],[-5.2650689,36.5154885],[-5.2647793,36.515512],[-5.2637861,36.5159184],[-5.2634967,36.5159509],[-5.2618746,36.5158465],[-5.2610375,36.5154748],[-5.2597614,36.5157513],[-5.2565716,36.5154963],[-5.2548841,36.515447],[-5.2537807,36.5147468],[-5.2524214,36.5140785],[-5.2509558,36.5143675],[-5.2494538,36.5153242],[-5.2486155,36.5156825],[-5.2466664,36.5162419],[-5.2452563,36.5165208],[-5.2437022,36.5172261],[-5.2429267,36.5178265],[-5.2424167,36.5179532],[-5.2419697,36.517556],[-5.2410398,36.5162847],[-5.2408921,36.5161973],[-5.2383045,36.5155248],[-5.2372271,36.5153377],[-5.2361833,36.5155375],[-5.2360034,36.5154958],[-5.2330327,36.5135325],[-5.2315018,36.5107671],[-5.2313321,36.5103016],[-5.2296031,36.5091893],[-5.2288711,36.5085811],[-5.228025,36.5074973],[-5.2278688,36.5071126],[-5.2277988,36.5066182],[-5.227836,36.5059686],[-5.2265206,36.5029196],[-5.2262272,36.5024204],[-5.2257206,36.50188],[-5.2238243,36.5003741],[-5.223125,36.5001258],[-5.2221367,36.4995313],[-5.2213627,36.4986174],[-5.221198,36.498323],[-5.2210687,36.4977035],[-5.2203122,36.4962304],[-5.2195419,36.4958392],[-5.2170538,36.4951013],[-5.2162342,36.4949362],[-5.2153986,36.4946002],[-5.2144693,36.4941127],[-5.2137369,36.4938739],[-5.2132827,36.493603],[-5.2127222,36.4931267],[-5.2121501,36.492245],[-5.2121279,36.4914612],[-5.2120408,36.4911474],[-5.2113625,36.4900604],[-5.2107381,36.4892968],[-5.2104405,36.4886444],[-5.2103808,36.486933],[-5.2102507,36.486674],[-5.2100209,36.4864439],[-5.2088418,36.4857988],[-5.2085762,36.4854882],[-5.2083619,36.4850145],[-5.2082748,36.4843041],[-5.207597,36.4851999],[-5.2073894,36.485357],[-5.2058738,36.4856577],[-5.2053502,36.4858723],[-5.2043516,36.4872698],[-5.2029353,36.4877105],[-5.202336,36.4882263],[-5.2020824,36.4883391],[-5.2006818,36.4885452],[-5.2001986,36.4888245],[-5.1999496,36.4890995],[-5.1987102,36.4898794],[-5.1981902,36.4904388],[-5.1976614,36.4918726],[-5.1962095,36.4934315],[-5.1957036,36.4940988],[-5.1952363,36.4949456],[-5.1951483,36.4953889],[-5.193761,36.4984518],[-5.1934917,36.4987992],[-5.1917972,36.5000742],[-5.191481,36.5011345],[-5.1894542,36.5048851],[-5.1877228,36.5056469],[-5.1864825,36.5064087],[-5.1825384,36.507896],[-5.1818649,36.5101526],[-5.1820598,36.5107349],[-5.1822578,36.5122184],[-5.182781,36.5149489],[-5.1824827,36.5186407],[-5.1804031,36.5197423],[-5.1793331,36.5202125],[-5.17732,36.5208982],[-5.1768365,36.5211774],[-5.1762951,36.5217822],[-5.1756841,36.5226946],[-5.175474,36.5243659],[-5.1752914,36.5246216],[-5.1745846,36.5249049],[-5.1714612,36.5266292],[-5.1707836,36.5279575],[-5.1680457,36.5294944],[-5.1655046,36.5300814],[-5.1647964,36.5303195],[-5.1637964,36.5317077],[-5.1631984,36.532692],[-5.1627336,36.5336468],[-5.16177,36.5351424],[-5.160196,36.5351709],[-5.1552144,36.5347563],[-5.154522,36.5347598],[-5.1536592,36.5350638],[-5.1523912,36.5356545],[-5.1517693,36.5357829],[-5.1470483,36.5346962],[-5.1450299,36.5335969],[-5.1444112,36.5330312],[-5.1437615,36.5321505],[-5.1424271,36.5307414],[-5.1418598,36.5304181],[-5.1400946,36.5299901],[-5.1390411,36.5310726],[-5.13763,36.5337748],[-5.1369019,36.5345089],[-5.1362762,36.5349077],[-5.1349845,36.5354536],[-5.134009,36.5357234],[-5.1331916,36.5360535],[-5.1325763,36.536425],[-5.1307692,36.536917],[-5.1297309,36.5373411],[-5.1292159,36.5377018],[-5.1289072,36.5382571],[-5.1283427,36.5388531],[-5.1265011,36.5401298],[-5.1242341,36.5413689],[-5.1230624,36.5418224],[-5.120692,36.5433698],[-5.1158574,36.5483679],[-5.1143438,36.5500956],[-5.1080417,36.5567445],[-5.1063906,36.5588918],[-5.1062652,36.5592095],[-5.1063665,36.5625336],[-5.106299,36.5637516],[-5.1060735,36.5649093],[-5.1063897,36.5691489],[-5.1063871,36.5706993],[-5.1061978,36.5711352],[-5.103978,36.5721028],[-5.0996466,36.5722603],[-5.096497,36.5735596],[-5.0937499,36.5748697],[-5.0865975,36.5802499],[-5.0854294,36.5812798],[-5.0794394,36.5879552],[-5.0804071,36.5923638],[-5.0776199,36.5942962],[-5.0772423,36.5948075],[-5.0761038,36.5969545],[-5.0754141,36.5979129],[-5.0751415,36.59817],[-5.0720565,36.5994315],[-5.0701905,36.6007168],[-5.0694297,36.6011086],[-5.0643222,36.6019903],[-5.0603855,36.6023469],[-5.0601578,36.6047123],[-5.0601738,36.6053159],[-5.0609277,36.6076013],[-5.0611275,36.6079674],[-5.0616749,36.6083725],[-5.0620105,36.6087993],[-5.061952,36.6091248],[-5.0611233,36.6107526],[-5.060032,36.6134394],[-5.0596399,36.6155102],[-5.0581728,36.6171039],[-5.057891,36.6178569],[-5.0576258,36.6188169],[-5.0571714,36.6219163],[-5.0569956,36.6241366],[-5.0558294,36.6261217],[-5.0554962,36.6270468],[-5.0552345,36.6281419],[-5.0552926,36.6286457],[-5.0555529,36.629182],[-5.0557549,36.6300528],[-5.055686,36.6304055],[-5.0549371,36.6321039],[-5.0546758,36.6323698],[-5.0535004,36.6327506],[-5.053084,36.6330732],[-5.0510944,36.6356766],[-5.0498839,36.6362219],[-5.0484296,36.6385878],[-5.0456197,36.6417138],[-5.043521,36.6423626],[-5.0415722,36.6413921],[-5.0397486,36.6392511],[-5.0392253,36.6389176],[-5.0373519,36.6370027],[-5.0370378,36.6361158],[-5.0364209,36.6347743],[-5.0362262,36.6345974],[-5.0336952,36.6336131],[-5.0285662,36.6312128],[-5.0238083,36.6297344],[-5.0238877,36.6289219],[-5.0242322,36.627555],[-5.0227883,36.6249386],[-5.023232,36.6209471],[-5.0234217,36.6175098],[-5.023677,36.6170097],[-5.0246173,36.6157679],[-5.0246435,36.6154881],[-5.0242563,36.6147916],[-5.0240737,36.6137942],[-5.0236654,36.6131432],[-5.0238198,36.6109232],[-5.0237017,36.6106819],[-5.0229951,36.6105947],[-5.0228242,36.6096152],[-5.0229063,36.6093344],[-5.0236571,36.6085465],[-5.023201,36.6082027],[-5.0227171,36.6080847],[-5.0220281,36.6082406],[-5.021559,36.6082576],[-5.0211929,36.6079393],[-5.0207385,36.607235],[-5.0200965,36.6066239],[-5.0197048,36.6057473],[-5.0189779,36.6053089],[-5.0188406,36.6047614],[-5.0182898,36.6046446],[-5.0180647,36.603729],[-5.0178391,36.6036517],[-5.0165807,36.6038352],[-5.014388,36.6029169],[-5.0141177,36.6024077],[-5.0135583,36.6023901],[-5.0131278,36.6021721],[-5.0128193,36.6019159],[-5.0126584,36.6013147],[-5.0125059,36.6010379],[-5.012142,36.6008006],[-5.011776,36.6000497],[-5.0119785,36.5996677],[-5.010953,36.5997842],[-5.0104369,36.5992791],[-5.0097712,36.5994706],[-5.0091046,36.5987698],[-5.0083718,36.5985297],[-5.0082749,36.5978103],[-5.0072753,36.5967636],[-5.0062911,36.5958788],[-5.0052529,36.595067],[-5.0041921,36.5946793],[-5.0036088,36.5928684],[-5.0042019,36.5924618],[-5.0039298,36.5918805],[-5.0034891,36.591266],[-5.0038215,36.5902869],[-5.0041106,36.5897953],[-5.0041129,36.5894528],[-5.0035997,36.5890558],[-5.0038148,36.5887277],[-5.0035597,36.5879388],[-5.0029615,36.5877145],[-5.0026543,36.5875034],[-5.0023182,36.5870403],[-5.0022644,36.586257],[-5.0019404,36.5858298],[-5.0024378,36.5856142],[-5.0025174,36.5848016],[-5.0012483,36.5841289],[-5.0013247,36.5827576],[-5.0007452,36.5815234],[-5.0004818,36.5804102],[-4.9999817,36.5796524],[-4.9990152,36.578578],[-4.9983902,36.5781739],[-4.9985675,36.5776842],[-4.9985681,36.5768369],[-4.9984106,36.5750639],[-4.9983143,36.5747951],[-4.995442,36.5717426],[-4.9931514,36.5691399],[-4.9898638,36.5659951],[-4.9878362,36.5636133],[-4.9870147,36.5629509],[-4.9861065,36.5623892],[-4.9847784,36.5606988],[-4.9845553,36.5602788],[-4.9855863,36.5590899],[-4.9859306,36.5585704],[-4.9844415,36.5540794],[-4.9841999,36.553804],[-4.9829121,36.5532486],[-4.9816323,36.5525668],[-4.9813423,36.552148],[-4.9808907,36.5506502],[-4.9804059,36.5482877],[-4.9801234,36.5464086],[-4.9801568,36.5459664],[-4.981152,36.5438136],[-4.9811219,36.5435077],[-4.9805974,36.5430927],[-4.9801489,36.5425864],[-4.9794912,36.5422007],[-4.9786799,36.5419258],[-4.9778067,36.5418501],[-4.976649,36.5415719],[-4.975699,36.5411099],[-4.9747683,36.5405304],[-4.9742526,36.5400162],[-4.9739699,36.539444],[-4.9738293,36.5387433],[-4.9739105,36.5379848],[-4.9727997,36.5377868],[-4.9718828,36.5377479],[-4.9711402,36.5375348],[-4.9706036,36.5370737],[-4.964570430068031,36.53728745892814],[-4.9645354,36.5372418],[-4.9647452,36.5369811],[-4.9644088,36.5367825],[-4.96447,36.5362669],[-4.9653259,36.5359464],[-4.9665236,36.5358081],[-4.9665445,36.5356507],[-4.9664211,36.5355752],[-4.9662897,36.5356054],[-4.9662414,36.5354761],[-4.9661049,36.5354115],[-4.9653893,36.5354974],[-4.9644521,36.5350881],[-4.9639198,36.5354278],[-4.9635302,36.5354155],[-4.9630566,36.5353112],[-4.9629012,36.5349981],[-4.9622811,36.5349686],[-4.9621937,36.5348358],[-4.9609469,36.535418],[-4.9609017,36.5353687],[-4.9598144,36.5359795],[-4.9598541,36.5360637],[-4.9597044,36.5363255],[-4.9593026,36.5363753],[-4.9590046,36.5367375],[-4.959644,36.5369114],[-4.960077096494092,36.53744940679451],[-4.9593282,36.5374764],[-4.9532295,36.5396191],[-4.9456599,36.5404561],[-4.9394631,36.5427404],[-4.9267812,36.5500337],[-4.9268766,36.5503373],[-4.9266753,36.5505018],[-4.926421,36.5506181],[-4.926142,36.5506238],[-4.925283,36.5510108],[-4.9251223,36.5514706],[-4.9249707,36.5516098],[-4.9250545,36.5523493],[-4.9249138,36.5524665],[-4.9247574,36.5529455],[-4.9246278,36.5530972],[-4.9239566,36.5534782],[-4.9231407,36.5537275],[-4.9228002,36.5540555],[-4.9227144,36.5547246],[-4.922409,36.5549391],[-4.9221429,36.5549709],[-4.9220367,36.5548062],[-4.9221803,36.5541258],[-4.9217414,36.5539977],[-4.9212056,36.5535647],[-4.9201956,36.5524813],[-4.918406,36.5510408],[-4.9156276,36.5493639],[-4.9151821,36.5489655],[-4.9147478,36.5481161],[-4.9144548,36.5480127],[-4.9057665,36.5495039],[-4.8995287,36.5502524],[-4.8988243,36.5502275],[-4.8971746,36.5499203],[-4.8931733,36.549389],[-4.8885393,36.5481014],[-4.8879976,36.5478756],[-4.8862187,36.5467162],[-4.8855776,36.5462103],[-4.8835195,36.5442598],[-4.8788383,36.5400792],[-4.8783398,36.5397896],[-4.8739818,36.5383348],[-4.8724025,36.5376926],[-4.8683392,36.5345475],[-4.8659865,36.5319253],[-4.8656936,36.5318217],[-4.861323,36.5321423],[-4.856351,36.5311382],[-4.8520472,36.5300423],[-4.8449199,36.5309189],[-4.8395769,36.5331016],[-4.827458,36.5373712],[-4.8232277,36.5394099],[-4.8227731,36.5395521],[-4.8216689,36.539623],[-4.820113,36.5399623],[-4.8196274,36.540213],[-4.8191051,36.5403292],[-4.8184909,36.5403385],[-4.8172588,36.5401951],[-4.8165795,36.5402865],[-4.8153639,36.5408459],[-4.8145858,36.541011],[-4.8093924,36.5415315],[-4.8091942,36.5416517],[-4.8088405,36.5427748],[-4.8084625,36.5433304],[-4.808017,36.5443467],[-4.8080262,36.5447431],[-4.8079088,36.5449793],[-4.806839,36.5455724],[-4.8065328,36.5458564],[-4.8055018,36.5461965],[-4.8037752,36.546412],[-4.802611,36.5467901],[-4.8021021,36.5460406],[-4.801555,36.5455712],[-4.8007744,36.5451503],[-4.7999873,36.5449278],[-4.7990678,36.5447794],[-4.7964922,36.5445118],[-4.796253300270762,36.544249279505095],[-4.7963578,36.5442267],[-4.7962967,36.5441216],[-4.7962075693325925,36.544140831778414],[-4.7960161,36.5427613],[-4.7958578,36.5421958],[-4.7956503,36.5419195],[-4.7952909,36.5418348],[-4.7946248,36.542016],[-4.7925014,36.5429403],[-4.7918452,36.5430674],[-4.7914203,36.5430467],[-4.7909696,36.5428822],[-4.7903682,36.5424766],[-4.7895683,36.5416954],[-4.7886528,36.5412314],[-4.7877515,36.5404156],[-4.7870947,36.5400289],[-4.7867591,36.5400069],[-4.7860016,36.540183],[-4.7856129,36.5401953],[-4.7850494,36.5399784],[-4.7835892,36.5396307],[-4.7827412,36.5391836],[-4.7819229,36.5390606],[-4.7813539,36.5390872],[-4.7797959,36.538858],[-4.7788366,36.5389174],[-4.7785653,36.5387772],[-4.7769614,36.5375122],[-4.7766587,36.5374626],[-4.7754944,36.5378405],[-4.774944,36.5377045],[-4.7736353,36.5376248],[-4.7732736,36.5374409],[-4.7725573,36.5363969],[-4.7720715,36.5351782],[-4.7718985,36.5349374],[-4.7710865,36.5345979],[-4.7702774,36.5343846],[-4.7686001,36.5343013],[-4.7679942,36.5341841],[-4.7675528,36.5339292],[-4.767003,36.5328377],[-4.7664146,36.5325039],[-4.7659237,36.5320334],[-4.7656422,36.5314427],[-4.7655769,36.531029],[-4.7651837,36.5309266],[-4.7638873,36.5308917],[-4.7623308,36.5307164],[-4.7617952,36.5307424],[-4.7611211,36.5310588],[-4.7593103,36.5314911],[-4.7587177,36.5314638],[-4.7582788,36.5313171],[-4.7577871,36.5313063],[-4.7570221,36.5310652],[-4.7560152,36.5304941],[-4.754751,36.5299087],[-4.753265,36.5293898],[-4.7524905,36.5287251],[-4.7504418,36.5290076],[-4.7496462,36.528893],[-4.7494126,36.527941],[-4.7488724,36.5272639],[-4.7481875,36.5266069],[-4.747108,36.5257844],[-4.7465234,36.5256127],[-4.7456968,36.525111],[-4.7453816,36.5249984],[-4.7449019,36.5250234],[-4.7438571,36.525246],[-4.7428961,36.5247283],[-4.7425806,36.5236061],[-4.742373,36.5233117],[-4.7415174,36.5230087],[-4.7405503,36.5222116],[-4.7402117,36.5220543],[-4.7387675,36.521895],[-4.7374559,36.521175],[-4.736929,36.5210835],[-4.7354025,36.5212409],[-4.7379519,36.5278741],[-4.7437483,36.5318458],[-4.7433407,36.5330957],[-4.7451085,36.5342236],[-4.746405,36.5367466],[-4.7485254,36.5386445],[-4.7486655,36.5389129],[-4.7492936,36.5439875],[-4.7507039,36.5465898],[-4.7508729,36.5466504],[-4.7517285,36.5464486],[-4.7521198,36.5464609],[-4.7526376,36.5466335],[-4.7539633,36.5474614],[-4.7548863,36.5487548],[-4.7558907,36.5496955],[-4.7562014,36.5500965],[-4.7568765,36.5512944],[-4.7577063,36.552418],[-4.7590834,36.5530376],[-4.7596882,36.5535966],[-4.7601754,36.5538959],[-4.7610746,36.554135],[-4.7619655,36.5545004],[-4.7622622,36.5547755],[-4.7625274,36.5556279],[-4.762736,36.5559583],[-4.7630638,36.5561247],[-4.7641602,36.5561896],[-4.7651533,36.5566256],[-4.7664136,36.5565258],[-4.7672202,36.556622],[-4.767346,36.5567464],[-4.7674389,36.557394],[-4.7677509,36.5578491],[-4.7691536,36.559586],[-4.7693927,36.5597807],[-4.7699774,36.5599433],[-4.7701268,36.5601214],[-4.7701904,36.560463],[-4.7707945,36.5614725],[-4.7712081,36.5619712],[-4.7719589,36.5625549],[-4.7729652,36.5630718],[-4.7736748,36.5633226],[-4.7738597,36.5635903],[-4.7739858,36.5651929],[-4.7739243,36.5654372],[-4.7729862,36.5669294],[-4.7729812,36.5671999],[-4.7741242,36.5688054],[-4.774777,36.5699855],[-4.775171,36.5710883],[-4.775499,36.5717505],[-4.7759622,36.5724556],[-4.7761277,36.5728498],[-4.7761602,36.5747602],[-4.7766137,36.5755287],[-4.7768044,36.5760486],[-4.7768244,36.5764359],[-4.7767301,36.5767077],[-4.7764462,36.5770004],[-4.7763076,36.5772909],[-4.7756458,36.5796263],[-4.775546,36.5801506],[-4.7757634,36.5808595],[-4.7756467,36.5811316],[-4.7750183,36.5815105],[-4.7747231,36.5817944],[-4.7743377,36.5825392],[-4.7738711,36.5831501],[-4.7737883,36.5834398],[-4.7737548,36.5863698],[-4.7736481,36.5870834],[-4.7738907,36.5888916],[-4.7716182,36.5911879],[-4.7711237,36.591069],[-4.7705027,36.5907988],[-4.7687963,36.5904726],[-4.766778,36.5897093],[-4.7663524,36.5896705],[-4.7637693,36.5901144],[-4.7630649,36.5910893],[-4.7609613,36.5924725],[-4.7602148,36.5930694],[-4.7593542,36.5935688],[-4.758224,36.5940092],[-4.7577074,36.5943954],[-4.7573632,36.5944996],[-4.7569286,36.5945601],[-4.7563461,36.5945056],[-4.7523866,36.5948973],[-4.7518381,36.5948603],[-4.751299,36.5947511],[-4.7493371,36.5940047],[-4.7483812,36.5937483],[-4.746307,36.5934722],[-4.7454191,36.5937557],[-4.74356,36.5940983],[-4.7418771,36.594817],[-4.7414986,36.5948856],[-4.7400775,36.5948253],[-4.7380669,36.5948906],[-4.7361068,36.5952167],[-4.7349896,36.5957467],[-4.734275,36.5967847],[-4.7339093,36.5969252],[-4.7332512,36.5969889],[-4.7326902,36.5968979],[-4.7312373,36.5964142],[-4.7305988,36.5963514],[-4.7270888,36.596862],[-4.7219538,36.5986939],[-4.7211706,36.5976596],[-4.7208715,36.5977811],[-4.7202195,36.5976193],[-4.7200206,36.5977213],[-4.7197813,36.598527],[-4.719381,36.5991277],[-4.7188081,36.5995055],[-4.7181434,36.5997765],[-4.7169298,36.6000013],[-4.7164928,36.5999535],[-4.7164315,36.599711],[-4.716465,36.5992058],[-4.716196,36.5991736],[-4.7155321,36.5994806],[-4.7153836,36.5993385],[-4.715276,36.5990246],[-4.7149859,36.5990468],[-4.7145751,36.5996836],[-4.7136929,36.5997234],[-4.712535,36.5999383],[-4.7116097,36.6005645],[-4.7110555,36.6007798],[-4.7104973,36.6008149],[-4.7097093,36.6005648],[-4.7091661,36.6002661],[-4.7087538,36.5998213],[-4.7059926,36.6013481],[-4.7045783,36.6016919],[-4.7032262,36.6017792],[-4.7012796,36.6021635],[-4.7010559,36.603802],[-4.7008838,36.6040525],[-4.7005357,36.6041469],[-4.7005465,36.6043284],[-4.700213,36.6044143],[-4.6981701,36.6055701],[-4.6974277,36.6058782],[-4.6965412,36.6057285],[-4.6950432,36.6057318],[-4.6946145,36.6055576],[-4.694031,36.6054578],[-4.6930614,36.6055977],[-4.6921502,36.605854],[-4.6918155,36.6063996],[-4.6912295,36.607724],[-4.6900966,36.6096059],[-4.6877053,36.6101806],[-4.6846405,36.61218],[-4.6813854,36.6136591],[-4.6801286,36.6140815],[-4.6791021,36.6145837],[-4.6782641,36.6151273],[-4.6769336,36.6161646],[-4.6764004,36.6163253],[-4.675531,36.6164547],[-4.6736584,36.6162106],[-4.6720174,36.6152962],[-4.671625,36.6152476],[-4.6698708,36.6153082],[-4.668281,36.6152133],[-4.6665764,36.6154985],[-4.666062,36.6154967],[-4.6644175,36.6159794],[-4.6633438,36.6159673],[-4.6618503,36.6151499],[-4.6613829,36.6147327],[-4.6602395,36.6140726],[-4.6593737,36.6133275],[-4.6588432,36.6130915],[-4.6581233,36.6128942],[-4.6576095,36.6129194],[-4.6568936,36.6134251],[-4.6555037,36.6127413],[-4.6547519,36.6126166],[-4.6541259,36.6126252],[-4.6516398,36.6129662],[-4.6511798,36.6128914],[-4.6506938,36.6126458],[-4.6491458,36.6113602],[-4.6487317,36.6113389],[-4.6467643,36.6118888],[-4.6452586,36.6120629],[-4.6440458,36.612341],[-4.6435383,36.6126635],[-4.6432331,36.6130373],[-4.6427432,36.6141888],[-4.6423951,36.6146443],[-4.6410128,36.6158982],[-4.6408221,36.6163966],[-4.6402077,36.619596],[-4.6400376,36.6200129],[-4.6397218,36.6204139],[-4.6393259,36.6207258],[-4.6391984,36.6210431],[-4.6391999,36.6237562],[-4.6339374,36.622909],[-4.6291548,36.6204236],[-4.6219885,36.6252986],[-4.6120279,36.6211702],[-4.6122879,36.6202292],[-4.6112279,36.6198018],[-4.6096107,36.6183905],[-4.6090819,36.6182354],[-4.6083536,36.6181641],[-4.6072515,36.6178634],[-4.6065143,36.6173596],[-4.604969,36.6167134],[-4.6044897,36.6162511],[-4.6040377,36.615482],[-4.6035448,36.6148937],[-4.6027615,36.6143273],[-4.6020748,36.6141022],[-4.6015265,36.6140825],[-4.6007466,36.6142192],[-4.6000252,36.6144813],[-4.5994613,36.6147863],[-4.5987928,36.6149034],[-4.5981104,36.6148855],[-4.5974246,36.6147054],[-4.5969491,36.6144233],[-4.5968318,36.6141545],[-4.5969155,36.6138739],[-4.5972113,36.6135815],[-4.5971654,36.6124374],[-4.597041,36.6118261],[-4.5966775,36.6120924],[-4.595957,36.6123995],[-4.5923587,36.6135833],[-4.5913456,36.614345],[-4.5878009,36.614879],[-4.5872365,36.615166],[-4.5848015,36.6174789],[-4.5836083,36.617639],[-4.5829425,36.6178912],[-4.5824741,36.6179515],[-4.5812175,36.6177428],[-4.5790484,36.6177535],[-4.5761135,36.6174949],[-4.5752763,36.6175691],[-4.5740847,36.6178102],[-4.5733004,36.6177304],[-4.5726535,36.617811],[-4.5702371,36.6183116],[-4.5686647,36.6179717],[-4.568195,36.6179689],[-4.5666811,36.6183043],[-4.5657664,36.6184155],[-4.5641991,36.6183279],[-4.5634855,36.6184274],[-4.5611273,36.6190442],[-4.5613569,36.6198975],[-4.5614034,36.6205369],[-4.5615237,36.620959],[-4.5590057,36.623642],[-4.5503887,36.6272428],[-4.5462245,36.6309656],[-4.5458629,36.6320116],[-4.5453833,36.6327349],[-4.5441394,36.6338431],[-4.5437847,36.6342773],[-4.5436017,36.6346467],[-4.5436281,36.6357253],[-4.5435279,36.6366093],[-4.5433225,36.6370611],[-4.5423719,36.637756],[-4.5419836,36.6386902],[-4.5416515,36.6390412],[-4.5401612,36.6398154],[-4.5391953,36.6398913],[-4.5375455,36.6398194],[-4.5368181,36.6403439],[-4.5354317,36.6411016],[-4.534889,36.6402889],[-4.5349166,36.6401573],[-4.5338809,36.639546],[-4.5322535,36.6388213],[-4.5317475,36.6383053],[-4.5312568,36.6380277],[-4.5302611,36.6372522],[-4.5300215,36.6369352],[-4.5297076,36.6358377],[-4.5288749,36.6356619],[-4.5280157,36.6362455],[-4.5269695,36.6366641],[-4.5250939,36.6366756],[-4.5245159,36.636567],[-4.5234459,36.6365416],[-4.5228292,36.6366854],[-4.5212637,36.6375778],[-4.5202359,36.6379627],[-4.5173633,36.6387182],[-4.516657,36.6387959],[-4.5166781,36.63913],[-4.5151021,36.6392231],[-4.5135773,36.6394474],[-4.5125193,36.6398871],[-4.5118974,36.6402381],[-4.5117445,36.6404285],[-4.5113545,36.6405807],[-4.5109275,36.6406272],[-4.5099577,36.6405638],[-4.5099524,36.6403481],[-4.5093304,36.639405],[-4.5093128,36.6379258],[-4.5090847,36.6374741],[-4.5069244,36.6391335],[-4.5059096,36.6395022],[-4.5056835,36.6396645],[-4.5051356,36.6397361],[-4.504734,36.6395891],[-4.5041117,36.6395472],[-4.5039907,36.6396375],[-4.5041346,36.6400258],[-4.5041088,36.6402917],[-4.5038885,36.6406112],[-4.504257,36.6412714],[-4.5042208,36.6415738],[-4.5039667,36.6420202],[-4.5036298,36.6421601],[-4.5032871,36.6425014],[-4.5027952,36.6422046],[-4.5026407,36.6424035],[-4.502531,36.6428957],[-4.5027188,36.6440169],[-4.502413,36.6443957],[-4.5022199,36.6450198],[-4.5025422,36.645494],[-4.5023674,36.6455528],[-4.5019121,36.6451972],[-4.5016071,36.6452592],[-4.5004755,36.6451734],[-4.5000517,36.6454016],[-4.4999659,36.646611],[-4.4995635,36.6474349],[-4.4999391,36.6475536],[-4.4990014,36.6485112],[-4.4989363,36.6484558],[-4.4985027,36.6487538],[-4.4973858,36.6497935],[-4.497289,36.6500567],[-4.4975291,36.6502147],[-4.4970516,36.6508346],[-4.4966814,36.6511574],[-4.4964829,36.6515964],[-4.4961557,36.6520181],[-4.4956702,36.652115],[-4.4948924,36.6520052],[-4.4941226,36.652059],[-4.4933984,36.6522934],[-4.4921315,36.6523956],[-4.4923705,36.6519232],[-4.4934198,36.6510476],[-4.4935486,36.6506732],[-4.4931999,36.6500707],[-4.4928512,36.6498899],[-4.4922933,36.6498167],[-4.4914782,36.649981],[-4.4892732,36.6491089],[-4.4888727,36.6494154],[-4.48847,36.6495349],[-4.4875047,36.6494253],[-4.4835897,36.6485715],[-4.4828989,36.6486342],[-4.4821442,36.6489373],[-4.4816857,36.6488715],[-4.4803404,36.6482963],[-4.4759902,36.6466986],[-4.4752189,36.6463187],[-4.4798883,36.641177],[-4.4814788,36.639076],[-4.4819799,36.6382989],[-4.482413,36.6385529],[-4.482748,36.6385525],[-4.4829747,36.638673],[-4.4830512,36.6385916],[-4.4824627,36.6384968],[-4.4820127,36.6382581],[-4.4867433,36.6326653],[-4.4869592,36.632185],[-4.4890944,36.6293011],[-4.4897313,36.6295362],[-4.4897569,36.6294826],[-4.4891335,36.6292437],[-4.4917347,36.6254589],[-4.4927864,36.6235672],[-4.4931789,36.6231718],[-4.4935136,36.6225163],[-4.4961495,36.6189345],[-4.4973156,36.6177895],[-4.4972142,36.6176705],[-4.4971994,36.6166352],[-4.497314,36.616356],[-4.4977958,36.6160981],[-4.4979259,36.6161384],[-4.4981944,36.6160598],[-4.4988227,36.6156253],[-4.4990399,36.6153734],[-4.499255,36.6148725],[-4.4997015,36.6144802],[-4.4997937,36.6141177],[-4.5003926,36.6135277],[-4.5007265,36.6127823],[-4.5011346,36.6122315],[-4.5011835,36.6119168],[-4.5015138,36.6114858],[-4.5017846,36.6109345],[-4.5020336,36.6106696],[-4.5022797,36.6101675],[-4.5027653,36.6095471],[-4.5029599,36.6091554],[-4.5034098,36.6087064],[-4.5039705,36.6074826],[-4.5047361,36.6067149],[-4.5050196,36.606009],[-4.5052548,36.6057901],[-4.5053671,36.6054952],[-4.5055631,36.6052427],[-4.5059024,36.6049942],[-4.5063208,36.6043813],[-4.5063958,36.6041063],[-4.5076052,36.6026774],[-4.5080051,36.6021141],[-4.5081079,36.6018213],[-4.5087283,36.6008967],[-4.508962,36.6004076],[-4.5093254,36.6000154],[-4.5097973,36.5982874],[-4.5081823,36.5973815],[-4.5080424,36.5975051],[-4.5080408,36.5976077],[-4.5078193,36.5977186],[-4.5076523,36.5976247],[-4.5076437,36.5974731],[-4.5120683,36.5927096],[-4.5125921,36.5925113],[-4.5131133,36.5924723],[-4.5136805,36.5926135],[-4.5138216,36.5927823],[-4.5136533,36.5929429],[-4.5128323,36.5927825],[-4.5121737,36.5930018],[-4.5122896,36.5930691],[-4.51216,36.593209],[-4.5120309,36.5931315],[-4.5088765,36.5965995],[-4.5090695,36.5967153],[-4.5089778,36.5968195],[-4.5090948,36.5968875],[-4.5092115,36.5968003],[-4.5090908,36.5969362],[-4.5091418,36.5969676],[-4.5093738,36.5968079],[-4.5102175,36.5973039],[-4.5106271,36.5968541],[-4.5111954,36.5971919],[-4.5118654,36.5964528],[-4.5105607,36.5956845],[-4.5106956,36.595539],[-4.5121319,36.5963836],[-4.5122507,36.596252],[-4.5126664,36.5964934],[-4.5118651,36.5973752],[-4.5119712,36.5974391],[-4.5119184,36.5974984],[-4.5119938,36.5975633],[-4.512261,36.5977166],[-4.5124017,36.5975516],[-4.5125333,36.5976595],[-4.5129771,36.5976986],[-4.5129617,36.5977973],[-4.5134945,36.5978438],[-4.5135975,36.5977348],[-4.5140119,36.5976917],[-4.5142268,36.5974508],[-4.5141022,36.5972261],[-4.5144661,36.5968222],[-4.5149678,36.5966461],[-4.5149162,36.5965497],[-4.5150328,36.5964978],[-4.5148099,36.5960885],[-4.5146816,36.5960815],[-4.5146223,36.5959463],[-4.5146971,36.5959199],[-4.5145622,36.5956729],[-4.5142179,36.5955699],[-4.5137561,36.5952942],[-4.5128983,36.5962347],[-4.5124837,36.5959894],[-4.512607,36.5958598],[-4.5111997,36.5950391],[-4.5113616,36.5948395],[-4.5126453,36.5955933],[-4.5134158,36.594748],[-4.5125386,36.5942315],[-4.5121763,36.5946253],[-4.5121216,36.5945956],[-4.5122925,36.5944197],[-4.5119422,36.5942151],[-4.5123753,36.5937379],[-4.512564,36.5937369],[-4.5128184,36.5938917],[-4.5129873,36.5940114],[-4.5129259,36.594114],[-4.5143675,36.5949555],[-4.5146385,36.5945946],[-4.5143564,36.5944321],[-4.5141531,36.5944725],[-4.5140984,36.5943341],[-4.5145864,36.594212],[-4.5151818,36.5945716],[-4.515244,36.5948156],[-4.5151302,36.5951852],[-4.5166827,36.5952996],[-4.5184791,36.5948276],[-4.5196913,36.5943614],[-4.5203647,36.5938327],[-4.5207302,36.5936527],[-4.5214411,36.5925374],[-4.5215098,36.5923554],[-4.521373,36.592112],[-4.5213999,36.5919591],[-4.524262,36.5915155],[-4.5256001,36.5910143],[-4.5274373,36.5895844],[-4.5275635,36.5893186],[-4.5276197,36.5888242],[-4.5277067,36.5887264],[-4.5287453,36.5886437],[-4.5296716,36.5882814],[-4.5303797,36.5876892],[-4.5305353,36.5873898],[-4.5312017,36.5868008],[-4.5314177,36.5862785],[-4.5321886,36.5858078],[-4.5329839,36.584711],[-4.5332018,36.5842259],[-4.5339123,36.5833576],[-4.5339638,36.5828476],[-4.5335861,36.582689],[-4.5334241,36.5824543],[-4.5333195,36.5822001],[-4.5334375,36.5820515],[-4.5341992,36.5818482],[-4.5354947,36.5811663],[-4.5381474,36.5809165],[-4.5389441,36.5805309],[-4.539746,36.5799709],[-4.5398051,36.5798244],[-4.5396763,36.5793441],[-4.5387295,36.5786312],[-4.5388341,36.5785235],[-4.5398212,36.5792645],[-4.5401806,36.579314],[-4.540717,36.5793527],[-4.5416611,36.5792623],[-4.5426562,36.5789327],[-4.5432061,36.5792881],[-4.5433375,36.5791977],[-4.5434529,36.5792687],[-4.5434314,36.579398],[-4.5437694,36.5795057],[-4.5442897,36.5794367],[-4.5445445,36.5792946],[-4.5447242,36.5796069],[-4.5450756,36.5797469],[-4.5462059,36.5797177],[-4.5469236,36.5800571],[-4.5474172,36.5801433],[-4.5476532,36.5805042],[-4.548254,36.5806249],[-4.548533,36.5808661],[-4.5497775,36.5808661],[-4.5503354,36.5805387],[-4.5515755,36.5803678],[-4.5521754,36.5801411],[-4.5523524,36.5799709],[-4.552567,36.5800399],[-4.5531012,36.5798878],[-4.5534139,36.5801162],[-4.553642,36.580137],[-4.554037,36.5800407],[-4.5544553,36.5797469],[-4.5545532,36.5798309],[-4.554624,36.5797447],[-4.5547678,36.5797429],[-4.5548533,36.5798555],[-4.5550554,36.579873],[-4.5551419,36.5797814],[-4.5552769,36.5798657],[-4.5552221,36.5799647],[-4.5553682,36.580082],[-4.556026,36.5802871],[-4.5562565,36.5802782],[-4.556715,36.5800445],[-4.5569525,36.5801011],[-4.5571123,36.5800502],[-4.5572487,36.5802371],[-4.5572417,36.5803919],[-4.5577754,36.5805071],[-4.5593165,36.5801484],[-4.5600557,36.5796263],[-4.560442,36.5795574],[-4.5612574,36.57923],[-4.5612852,36.5786935],[-4.5615207,36.5783757],[-4.5616628,36.5783693],[-4.5615003,36.5786394],[-4.5615019,36.5787975],[-4.5619026,36.5789676],[-4.5622937,36.5789832],[-4.5626307,36.5788509],[-4.5626037,36.5785873],[-4.5624975,36.5786233],[-4.5624315,36.5785442],[-4.5628012,36.5783698],[-4.56285,36.5784137],[-4.5627594,36.5785063],[-4.56302,36.5787014],[-4.5633306,36.5786071],[-4.5636234,36.5781977],[-4.5635919,36.5777679],[-4.5629213,36.5777227],[-4.5629525,36.5775758],[-4.5632744,36.5775069],[-4.5636606,36.5775758],[-4.5642829,36.5778687],[-4.5646809,36.5774603],[-4.5650243,36.5776154],[-4.5661497,36.5774896],[-4.5664716,36.5771105],[-4.5667934,36.5771278],[-4.5671797,36.5774552],[-4.5675016,36.5774552],[-4.5677732,36.5772986],[-4.567854,36.5770241],[-4.5680267,36.5772813],[-4.5684242,36.5774896],[-4.5697761,36.5774379],[-4.5701715,36.5773353],[-4.5704976,36.5771493],[-4.5708479,36.5771105],[-4.5716288,36.5767248],[-4.5724819,36.5766057],[-4.5727012,36.5765059],[-4.572848,36.5762275],[-4.5728706,36.5764256],[-4.5729818,36.5764956],[-4.5737269,36.5764775],[-4.5740366,36.5762366],[-4.5740382,36.5758558],[-4.5743172,36.5761873],[-4.5745413,36.5762107],[-4.5763137,36.575791],[-4.5765572,36.5756848],[-4.5766395,36.5755683],[-4.5766137,36.5754608],[-4.5774269,36.5750131],[-4.5778625,36.5745254],[-4.5782973,36.5744511],[-4.5789626,36.574522],[-4.5796535,36.5744264],[-4.5803509,36.5740344],[-4.5811759,36.5738216],[-4.5832647,36.5741466],[-4.5839323,36.5738941],[-4.5849112,36.5737193],[-4.5868843,36.5727493],[-4.5879899,36.5720557],[-4.5884932,36.5718281],[-4.5888519,36.5714902],[-4.5904964,36.5706645],[-4.5912177,36.5701197],[-4.5923794,36.569425],[-4.5943779,36.5679423],[-4.599522,36.5635994],[-4.5988653,36.5626685],[-4.5990369,36.5626685],[-4.5997751,36.5637508],[-4.6018264,36.5635716],[-4.6022328,36.5636527],[-4.603574,36.5629143],[-4.6043253,36.5623343],[-4.6049152,36.5617157],[-4.6051997,36.5615817],[-4.6057559,36.5611199],[-4.6062497,36.5606416],[-4.6065373,36.5601635],[-4.6070255,36.5598089],[-4.6072533,36.5594737],[-4.6072291,36.5592699],[-4.6073288,36.5591002],[-4.6075324,36.5590014],[-4.6083607,36.558099],[-4.6089775,36.5573498],[-4.6094006,36.5565651],[-4.6097059,36.556313],[-4.6101055,36.5556752],[-4.6105164,36.5552537],[-4.6112545,36.5555687],[-4.6129375,36.556659],[-4.6153882,36.5584014],[-4.616092,36.5586867],[-4.6155044,36.5583835],[-4.6124547,36.5561734],[-4.6114705,36.5555511],[-4.6105273,36.5551473],[-4.6116129,36.5534682],[-4.6118269,36.553022],[-4.6121667,36.5526686],[-4.6125248,36.5517954],[-4.612918,36.5514056],[-4.6136055,36.5503497],[-4.6137898,36.5498731],[-4.614884,36.5484021],[-4.615184,36.5478028],[-4.615661,36.5479862],[-4.6157494,36.5481521],[-4.6185779,36.5491518],[-4.6187188,36.5489442],[-4.6152428,36.547706],[-4.6155378,36.5470266],[-4.6155715,36.5466295],[-4.6154749,36.5461873],[-4.615305,36.5459019],[-4.6147996,36.5456997],[-4.6146705,36.546032],[-4.6145582,36.5460573],[-4.614511,36.5459941],[-4.6146256,36.5457125],[-4.6149626,36.5452811],[-4.6150278,36.5453082],[-4.6148548,36.5456241],[-4.6162629,36.5461285],[-4.6168334,36.5453968],[-4.6170768,36.544946],[-4.6170348,36.5439777],[-4.616916,36.543403],[-4.6167154,36.5430942],[-4.6165072,36.5430154],[-4.6164188,36.5432737],[-4.6162169,36.5432457],[-4.6165088,36.5426535],[-4.6156667,36.5423564],[-4.6156049,36.5422555],[-4.6156981,36.542088],[-4.615829,36.5421375],[-4.6157795,36.5422198],[-4.6173252,36.5427908],[-4.6181563,36.5413424],[-4.6180304,36.5412652],[-4.6181985,36.5412746],[-4.6180671,36.5411963],[-4.6182123,36.5412429],[-4.6184026,36.54092],[-4.6169036,36.5403656],[-4.6169899,36.5402169],[-4.618484,36.5407746],[-4.6186814,36.5404242],[-4.6189505,36.5405273],[-4.618997,36.5404479],[-4.6187305,36.5403464],[-4.6190384,36.5398044],[-4.6165174,36.5388726],[-4.6141555,36.5429085],[-4.6145638,36.5431078],[-4.6143773,36.5430901],[-4.6140315,36.5432753],[-4.6137918,36.5431677],[-4.6137406,36.5430497],[-4.6149438,36.5407845],[-4.616208,36.5387236],[-4.6167917,36.5384409],[-4.6176414,36.5385719],[-4.617753,36.5380754],[-4.617984,36.5379203],[-4.6182422,36.5379237],[-4.6191735,36.5388804],[-4.6192772,36.5388492],[-4.6190317,36.5386095],[-4.6199897,36.5383544],[-4.6203676,36.5381456],[-4.6207966,36.5377526],[-4.6216977,36.5361949],[-4.6228545,36.533825],[-4.6234214,36.532527],[-4.6234654,36.5322397],[-4.6236814,36.5319329],[-4.6238079,36.5313899],[-4.6239714,36.531184],[-4.6240933,36.5305987],[-4.6242977,36.5304489],[-4.6243371,36.5300405],[-4.6244833,36.5297614],[-4.624725,36.5295336],[-4.6258479,36.5268299],[-4.6262782,36.526009],[-4.6275562,36.5265118],[-4.6285777,36.5270138],[-4.629449,36.5273031],[-4.6298544,36.5277737],[-4.6305199,36.5299379],[-4.6326997,36.5321998],[-4.6328672,36.5320898],[-4.6311934,36.530367],[-4.6307689,36.5298349],[-4.6300433,36.5275254],[-4.6298785,36.5273168],[-4.6264594,36.5255442],[-4.626792,36.5247866],[-4.6274399,36.5236583],[-4.6275848,36.5230974],[-4.6279825,36.5226398],[-4.6280756,36.5221539],[-4.628731,36.5210246],[-4.6294981,36.5193994],[-4.6293706,36.5190239],[-4.6296242,36.5188335],[-4.6303763,36.5177355],[-4.6304545,36.5174764],[-4.6312969,36.5163595],[-4.6313161,36.5160982],[-4.6315178,36.5155618],[-4.6319072,36.5154995],[-4.6321467,36.5153614],[-4.6321438,36.5152033],[-4.632448,36.5150921],[-4.6330473,36.5145272],[-4.6338244,36.5135985],[-4.6340318,36.5132584],[-4.6340185,36.5131114],[-4.6338023,36.5130319],[-4.6337907,36.5128503],[-4.6340501,36.5128199],[-4.6343833,36.5126558],[-4.6349343,36.5120595],[-4.6355099,36.511002],[-4.6355203,36.5106922],[-4.635276,36.5104242],[-4.6357816,36.5102947],[-4.6360129,36.5100911],[-4.6360931,36.5098206],[-4.636259,36.5096608],[-4.6362363,36.5095128],[-4.6366632,36.5090873],[-4.6370442,36.5084442],[-4.637129,36.5080872],[-4.6378434,36.5079271],[-4.6382502,36.5075169],[-4.6384564,36.5070231],[-4.6385761,36.50713],[-4.6388306,36.5070952],[-4.6390069,36.5069669],[-4.639115,36.5067342],[-4.6400515,36.5067209],[-4.6403875,36.5066259],[-4.6406004,36.5067743],[-4.6408691,36.506805],[-4.6433918,36.5067148],[-4.6436661,36.5066619],[-4.6441541,36.5063806],[-4.6447642,36.5064942],[-4.6450432,36.5067235],[-4.6452744,36.5067195],[-4.6453214,36.5068244],[-4.6460441,36.5072163],[-4.6466027,36.5073417],[-4.6470781,36.5073454],[-4.6486631,36.5069712],[-4.6489441,36.5067866],[-4.6489954,36.5064976],[-4.6493963,36.5067061],[-4.6508446,36.5066118],[-4.6512271,36.5063723],[-4.6519203,36.5060981],[-4.652626,36.5060015],[-4.6529904,36.5058245],[-4.6535325,36.505742],[-4.6539719,36.5055077],[-4.654308,36.5057225],[-4.6557745,36.5062817],[-4.6561165,36.5063025],[-4.6564362,36.5065182],[-4.6566788,36.5065703],[-4.6572316,36.5064439],[-4.6575093,36.5065657],[-4.6580721,36.5066257],[-4.6590012,36.5064439],[-4.6592325,36.5066302],[-4.6595595,36.5066581],[-4.6598899,36.5064987],[-4.660189,36.5066704],[-4.6608081,36.5068432],[-4.6620094,36.5068297],[-4.6633475,36.506431],[-4.6636248,36.506146],[-4.6636367,36.5058319],[-4.6650194,36.5056379],[-4.6657489,36.5054182],[-4.6666764,36.5050005],[-4.6668597,36.5047792],[-4.6681675,36.5046075],[-4.6684199,36.5045204],[-4.6686235,36.5043282],[-4.6689123,36.5042666],[-4.6692809,36.5039976],[-4.670193,36.5038948],[-4.6722869,36.5039777],[-4.6728397,36.503927],[-4.6732705,36.5037859],[-4.6752958,36.5036827],[-4.6760401,36.5035543],[-4.6765945,36.5033904],[-4.6780019,36.5027436],[-4.6789666,36.5021401],[-4.6798903,36.501717],[-4.6808892,36.5009337],[-4.6816622,36.5005713],[-4.6831765,36.4994143],[-4.68524,36.498226],[-4.6862386,36.4972996],[-4.6870504,36.4966798],[-4.6875535,36.4961542],[-4.6879465,36.4960029],[-4.6887655,36.4951212],[-4.6891326,36.4948301],[-4.6901147,36.4937011],[-4.6902052,36.4932435],[-4.6905496,36.4928242],[-4.6906188,36.492454],[-4.6911033,36.4920669],[-4.6911692,36.4918019],[-4.691391,36.4917163],[-4.691403,36.4915995],[-4.6918315,36.4916115],[-4.6925599,36.4912378],[-4.693043,36.491208],[-4.6931208,36.4912867],[-4.6934896,36.4912285],[-4.6939205,36.4909745],[-4.6946192,36.4903695],[-4.6947409,36.4901573],[-4.6951073,36.4903295],[-4.6970101,36.4902143],[-4.6977326,36.4902675],[-4.6981876,36.4900812],[-4.6984078,36.4897396],[-4.6995574,36.4895284],[-4.7001552,36.4897034],[-4.7005376,36.4896462],[-4.7012076,36.4897424],[-4.7021972,36.4901145],[-4.7027316,36.4901941],[-4.7035659,36.4904722],[-4.7045225,36.4904327],[-4.7053216,36.4902776],[-4.7055308,36.490065],[-4.7067746,36.48962],[-4.7089863,36.4885073],[-4.7095227,36.4883175],[-4.7106401,36.4880903],[-4.7109714,36.4879081],[-4.7115271,36.487392],[-4.7130749,36.4874146],[-4.7139385,36.4877895],[-4.7148528,36.4877414],[-4.7152652,36.4878036],[-4.7159559,36.4877324],[-4.7173039,36.4872135],[-4.7183319,36.4870652],[-4.7195587,36.4865911],[-4.7211585,36.4866146],[-4.7221954,36.4864051],[-4.7238643,36.4867955],[-4.7254057,36.4866197],[-4.7264265,36.4866413],[-4.727077,36.4867609],[-4.7279638,36.486639],[-4.7297497,36.486845],[-4.7311745,36.4867358],[-4.732861,36.486228],[-4.734127,36.485953],[-4.7353966,36.4858606],[-4.7369092,36.485497],[-4.7380526,36.4851756],[-4.7390129,36.4847742],[-4.739274,36.4845848],[-4.7389472,36.4834546],[-4.7389821,36.4831607],[-4.739356,36.482834],[-4.7404291,36.4826197],[-4.7405836,36.4826611],[-4.7405321,36.4827991],[-4.739897,36.4828405],[-4.7393477,36.4830199],[-4.7391331,36.4833374],[-4.7391628,36.4835618],[-4.7392962,36.4835759],[-4.7393116,36.4836378],[-4.7392041,36.4836537],[-4.7397108,36.4852559],[-4.7399709,36.4856223],[-4.7403669,36.4859487],[-4.7406192,36.4858138],[-4.7403432,36.4855189],[-4.7404239,36.4855037],[-4.7404429,36.4855704],[-4.7407677,36.4855163],[-4.7410441,36.4853989],[-4.7408755,36.4849867],[-4.7400834,36.485174],[-4.7399257,36.4847118],[-4.7400707,36.4846391],[-4.7399066,36.4846477],[-4.7400727,36.4846196],[-4.7399233,36.4845861],[-4.7400468,36.4845593],[-4.7397552,36.4835145],[-4.7396007,36.4835401],[-4.7395576,36.4833997],[-4.7398861,36.483224],[-4.7407549,36.483492],[-4.7407587,36.4836112],[-4.7405493,36.4835789],[-4.7405407,36.4838066],[-4.7409956,36.4840758],[-4.7421242,36.4841833],[-4.7431736,36.4840166],[-4.7432882,36.4838992],[-4.7435085,36.4842791],[-4.7445236,36.4845531],[-4.7451057,36.4848297],[-4.745754,36.4848486],[-4.7461764,36.484952],[-4.7487277,36.4849782],[-4.7493269,36.4848864],[-4.7503604,36.4849975],[-4.7509274,36.4849404],[-4.7516053,36.485062],[-4.7525374,36.4851091],[-4.7528141,36.4852192],[-4.7546236,36.4854283],[-4.75523,36.4855975],[-4.7566992,36.4856784],[-4.7575014,36.4858703],[-4.7584512,36.4862374],[-4.7605279,36.486493],[-4.7609904,36.4866486],[-4.7615533,36.4866867],[-4.7623737,36.4869732],[-4.7663906,36.4876767],[-4.7680028,36.487842],[-4.7688105,36.4881106],[-4.7757737,36.4895503],[-4.7787539,36.4904187],[-4.7867297,36.4922011],[-4.7926956,36.4937033],[-4.7937097,36.4938582],[-4.7973632,36.4946777],[-4.7992902,36.4952132],[-4.80404,36.496348],[-4.8132386,36.4983223],[-4.8166856,36.49894],[-4.8205009,36.4993995],[-4.8265267,36.5004878],[-4.8306929,36.5009934],[-4.8362223,36.5018019],[-4.8399751,36.5026735],[-4.8413418,36.5028395],[-4.8424576,36.502752],[-4.843187,36.50301],[-4.8449857,36.5040532],[-4.8457668,36.5043619],[-4.8479407,36.5049441],[-4.8543661,36.5064877],[-4.8586162,36.5070612],[-4.8608674,36.507319],[-4.8623214,36.5074027],[-4.8648948,36.5074506],[-4.8675525,36.5073169],[-4.86956,36.5070994],[-4.8724059,36.5066048],[-4.8740169,36.5055259],[-4.8771162,36.5055531],[-4.8771823,36.5056454],[-4.8771369,36.5058348],[-4.8767793,36.5058278],[-4.8764851,36.5059218],[-4.8764666,36.5061958],[-4.8763374,36.5062003],[-4.8763412,36.5057761],[-4.8746123,36.5057903],[-4.8745844,36.5059285],[-4.8740206,36.5059373],[-4.8726953,36.506737],[-4.8726228,36.5073718],[-4.8733545,36.5073746],[-4.8733732,36.5079341],[-4.8745641,36.507933],[-4.8745559,36.5068481],[-4.8747544,36.5068459],[-4.8747651,36.5077537],[-4.8757863,36.5077542],[-4.8757591,36.5067458],[-4.8759487,36.5067453],[-4.8760996,36.5070033],[-4.876703,36.5072457],[-4.876901,36.5071611],[-4.8773153,36.5066417],[-4.8773691,36.5067314],[-4.8770114,36.5071611],[-4.8773238,36.5073579],[-4.8781919,36.507586],[-4.8794442,36.5075934],[-4.8802473,36.5074086],[-4.8806284,36.507232],[-4.8806918,36.5071424],[-4.8805792,36.5066614],[-4.8806536,36.5065792],[-4.8811199,36.5067992],[-4.8819278,36.5068768],[-4.8840444,36.5063796],[-4.8849876,36.5065284],[-4.8867646,36.5062278],[-4.8874507,36.5060109],[-4.8879145,36.5057287],[-4.8879561,36.5054353],[-4.8880768,36.5052324],[-4.8876462,36.5048886],[-4.8876154,36.5048126],[-4.8877141,36.5047845],[-4.8881477,36.50503],[-4.8885507,36.5050788],[-4.8917454,36.5048668],[-4.8916636,36.5050789],[-4.8912333,36.5050557],[-4.8912196,36.505259],[-4.8910356,36.5052643],[-4.8910122,36.5050742],[-4.8887633,36.5052172],[-4.8884306,36.5052964],[-4.8882979,36.5054746],[-4.8881003,36.5062443],[-4.8882403,36.5062705],[-4.8882463,36.5064307],[-4.8897942,36.5063324],[-4.8897229,36.5056755],[-4.889789,36.5057801],[-4.889846,36.5057765],[-4.8898339,36.5056677],[-4.8901341,36.5056503],[-4.8908514,36.5060184],[-4.8907649,36.5061564],[-4.8905646,36.5061091],[-4.8906166,36.5063712],[-4.890917,36.506673],[-4.8913462,36.5068283],[-4.8916043,36.5067202],[-4.8914702,36.5066017],[-4.8916494,36.5064484],[-4.8918259,36.5065397],[-4.891818,36.5066898],[-4.8922982,36.5067392],[-4.8930179,36.5066131],[-4.893104,36.5064868],[-4.8934873,36.5067221],[-4.894225,36.5069732],[-4.8957186,36.507126],[-4.9005072,36.5065985],[-4.9008134,36.5065025],[-4.9012046,36.5062299],[-4.9015726,36.506166],[-4.9050725,36.5061568],[-4.9120255,36.5055807],[-4.9158636,36.5042642],[-4.9175956,36.5033963],[-4.9188542,36.5029385],[-4.9198087,36.5024692],[-4.9216773,36.5018233],[-4.9224426,36.5013526],[-4.9226233,36.5009142],[-4.9237278,36.5008324],[-4.9259137,36.4998777],[-4.92662,36.499697],[-4.9271315,36.4997388],[-4.9275955,36.4996061],[-4.9284771,36.4996679],[-4.9297557,36.5001267],[-4.9313255,36.5000454],[-4.9333287,36.5001015],[-4.9351592,36.4997396],[-4.935826,36.4994223],[-4.938845,36.4979226],[-4.9416088,36.4961122],[-4.9426385,36.4951513],[-4.943459,36.494521],[-4.944599,36.493369],[-4.945043,36.4932005],[-4.945305,36.4929208],[-4.9450787,36.4925348],[-4.9451727,36.492481],[-4.9453607,36.4925948],[-4.9474303,36.4907468],[-4.9484273,36.4900275],[-4.948718,36.4895967],[-4.948774,36.4890794],[-4.9486068,36.488698],[-4.9484226,36.4885422],[-4.9481879,36.488577],[-4.9481866,36.4888331],[-4.9479537,36.4888811],[-4.9478166,36.48869],[-4.9492317,36.4869549],[-4.9525722,36.4832256],[-4.9530259,36.4829929],[-4.9534848,36.4829121],[-4.9548246,36.4828697],[-4.9549728,36.4829336],[-4.955002,36.483079],[-4.9549254,36.4831675],[-4.9547325,36.4831966],[-4.9545212,36.4831107],[-4.9541942,36.4831122],[-4.9532134,36.4832357],[-4.9528016,36.4833861],[-4.9523988,36.4837183],[-4.9494613,36.4872727],[-4.9495725,36.487329],[-4.9493279,36.4875342],[-4.9492249,36.4880693],[-4.949452,36.4880898],[-4.9501211,36.4886952],[-4.9504349,36.4885043],[-4.9505829,36.4886529],[-4.9517099,36.4879411],[-4.9529305,36.487095],[-4.9528027,36.4869601],[-4.9544024,36.4859601],[-4.9533702,36.4843737],[-4.9528784,36.4845841],[-4.9527852,36.4844468],[-4.9529522,36.4842753],[-4.9530257,36.484324],[-4.9533444,36.4841588],[-4.9534971,36.484165],[-4.9545614,36.484499],[-4.9552943,36.484518],[-4.9559938,36.4843872],[-4.9560846,36.4845603],[-4.9557035,36.484582],[-4.9557147,36.4847521],[-4.9558724,36.4849672],[-4.9562105,36.4851794],[-4.9565248,36.4852325],[-4.9571875,36.4850851],[-4.9575229,36.4848782],[-4.9576636,36.4847015],[-4.9574716,36.4841545],[-4.9573075,36.4842027],[-4.9572645,36.4842969],[-4.9571549,36.4843016],[-4.9570812,36.4842005],[-4.9571309,36.4841127],[-4.9578396,36.4839378],[-4.957947,36.4839788],[-4.9579588,36.4840805],[-4.9578699,36.4841566],[-4.9575916,36.4841247],[-4.9580272,36.4850904],[-4.9587503,36.4851107],[-4.9592334,36.4850036],[-4.9598638,36.4846054],[-4.9600174,36.4843598],[-4.9601037,36.484108],[-4.9600739,36.4838227],[-4.959851,36.4834984],[-4.9601849,36.4834002],[-4.9604245,36.483795],[-4.9609352,36.4840046],[-4.9612348,36.4840284],[-4.9618434,36.4838458],[-4.9622475,36.4835778],[-4.962564,36.4830667],[-4.9624275,36.4826209],[-4.962244,36.4825324],[-4.9617121,36.4827279],[-4.9617419,36.4826557],[-4.9624527,36.4822587],[-4.9631784,36.4820504],[-4.9632322,36.4821734],[-4.9627773,36.4823178],[-4.9627492,36.4824904],[-4.962918,36.4828174],[-4.9631434,36.4830111],[-4.9635672,36.4831263],[-4.9639217,36.4831066],[-4.9643365,36.4829305],[-4.9640012,36.4824699],[-4.9640975,36.4823736],[-4.9642311,36.4824527],[-4.964188,36.4825523],[-4.9644069,36.4829458],[-4.9646949,36.4829218],[-4.9651817,36.482609],[-4.9653371,36.4823854],[-4.9653611,36.4820225],[-4.964986,36.4814598],[-4.9644365,36.4816284],[-4.9643013,36.4817533],[-4.9641984,36.4817204],[-4.9642534,36.4815922],[-4.9652956,36.4812015],[-4.9653038,36.4813254],[-4.9651072,36.4814078],[-4.9654054,36.4819246],[-4.965945,36.481973],[-4.9665398,36.481887],[-4.9669742,36.4816954],[-4.9672008,36.4814386],[-4.9668634,36.4808782],[-4.9669746,36.4807726],[-4.9671093,36.4807648],[-4.9671593,36.4808532],[-4.9670937,36.4809427],[-4.9672058,36.4812802],[-4.9675383,36.4813251],[-4.968806,36.4806184],[-4.9689191,36.4807802],[-4.9700356,36.4798099],[-4.9705316,36.4791466],[-4.9713149,36.4785314],[-4.9718175,36.4783215],[-4.9723355,36.4784351],[-4.9723929,36.478813],[-4.9726213,36.4792251],[-4.9725739,36.4794487],[-4.9727198,36.4799091],[-4.9730439,36.4797769],[-4.9728966,36.4795797],[-4.9728228,36.4789097],[-4.972633,36.4785685],[-4.9728409,36.4782458],[-4.9750833,36.4783515],[-4.9760355,36.4782396],[-4.976902,36.4779797],[-4.9779191,36.4775364],[-4.979538,36.4766161],[-4.9815273,36.4753354],[-4.9820395,36.4748813],[-4.9843934,36.4732515],[-4.9857065,36.4724569],[-4.986685,36.471996],[-4.988567,36.470937],[-4.9899162,36.470013],[-4.9911195,36.4689854],[-4.9918831,36.4686183],[-4.9928371,36.4678693],[-4.9960352,36.465807],[-4.9972356,36.4653376],[-4.999211,36.464337],[-4.9999874,36.4636835],[-5.000775,36.463283],[-5.0022585,36.4622249],[-5.0033732,36.4612019],[-5.0043227,36.4607143],[-5.004624,36.4602618],[-5.0049453,36.4600069],[-5.0062646,36.4594243],[-5.0079995,36.4590506],[-5.009451,36.4589929],[-5.0100572,36.4590792],[-5.0111737,36.4594691],[-5.0117363,36.4598989],[-5.0117982,36.4601624],[-5.0121816,36.4603735],[-5.0124498,36.4603951],[-5.0125302,36.4607402],[-5.0131482,36.461043],[-5.0143849,36.4615373],[-5.016059,36.4618261],[-5.0174081,36.461805],[-5.0186617,36.4616549],[-5.0214352,36.4610466],[-5.0225188,36.4607359],[-5.0234361,36.4607057],[-5.023921,36.46058],[-5.0250776,36.4605935],[-5.0255014,36.4606712],[-5.0262953,36.4609905],[-5.0266762,36.4613572],[-5.0274433,36.4616333],[-5.0282158,36.4616678],[-5.0300552,36.4614769],[-5.0316973,36.4614305],[-5.0328292,36.4612623],[-5.0334407,36.4612709],[-5.0351144,36.4608265],[-5.0356294,36.4608093],[-5.0379,36.460086],[-5.0388802,36.4596573],[-5.03947,36.459288],[-5.0407149,36.4587081],[-5.042919,36.457431],[-5.044177,36.456896],[-5.045117,36.456366],[-5.045428,36.456104],[-5.0469254,36.4552105],[-5.0473502,36.4548517],[-5.0490726,36.4539534],[-5.0504245,36.4528919],[-5.0514652,36.4522274],[-5.0518407,36.4521282],[-5.052319,36.452132],[-5.0534055,36.4524518],[-5.053906,36.4524691],[-5.0543995,36.4523698],[-5.0553436,36.4520721],[-5.0561108,36.4517269],[-5.0575001,36.4507949],[-5.0579883,36.4505489],[-5.0597264,36.4500225],[-5.0604881,36.4500052],[-5.0609394,36.4501272],[-5.0663626,36.4500991],[-5.0667676,36.450721],[-5.067211,36.4511015],[-5.0681576,36.4515988],[-5.069039,36.451947],[-5.0703962,36.4520799],[-5.0733115,36.4521126],[-5.0752571,36.4519281],[-5.0778196,36.4510459],[-5.0787662,36.4508446],[-5.08061,36.4507129],[-5.0821014,36.4502641],[-5.083657,36.4496773],[-5.087496,36.447668],[-5.0882865,36.4471702],[-5.0901355,36.4456643],[-5.0937368,36.4430232],[-5.0965423,36.4407383],[-5.0969115,36.4405483],[-5.0981624,36.4404211],[-5.098743,36.440278],[-5.1000829,36.4395406],[-5.1010109,36.4392256],[-5.102197,36.438676],[-5.1036931,36.4375943],[-5.1044871,36.4368865],[-5.1051844,36.4360363],[-5.1059086,36.4358033],[-5.1075176,36.4343567],[-5.1081832,36.4339129],[-5.1082046,36.4337662],[-5.1087035,36.4337403],[-5.1102646,36.4328728],[-5.1105167,36.4328296],[-5.1108171,36.4329159],[-5.1122106,36.4325845],[-5.1127707,36.4323367],[-5.1137556,36.4315777],[-5.1145492,36.4313247],[-5.1159585,36.430634],[-5.117552,36.430441],[-5.1181512,36.4301155],[-5.1190729,36.4297868],[-5.1206595,36.4288767],[-5.1219965,36.4284876],[-5.1224901,36.4284531],[-5.1247314,36.4287063],[-5.1261201,36.4285786],[-5.1264414,36.4284994],[-5.1273733,36.428053],[-5.1294261,36.4273909],[-5.1301452,36.427486],[-5.1313057,36.4277997],[-5.1326118,36.4278003],[-5.1337139,36.4281149],[-5.1340941,36.4281724],[-5.1346821,36.4281248],[-5.1356856,36.4278775],[-5.1365662,36.4274856],[-5.1377085,36.4272551],[-5.1402298,36.4261157],[-5.1431718,36.4243742],[-5.1446934,36.4236706],[-5.1453319,36.4232705],[-5.1482778,36.4209769],[-5.1501526,36.4192814],[-5.1511593,36.418122],[-5.1528191,36.4167028],[-5.1536885,36.4155568],[-5.1537496,36.415367],[-5.1537009,36.4151256],[-5.1542349,36.4152046],[-5.1545061,36.4151496],[-5.1554325,36.4143672],[-5.1560391,36.413628],[-5.1563344,36.4134911],[-5.1566972,36.4123245],[-5.1565334,36.4120809],[-5.1562911,36.4119295],[-5.1564965,36.4118399],[-5.1568667,36.412041],[-5.1574055,36.4117522],[-5.1580856,36.4115776],[-5.1582898,36.4115597],[-5.158468,36.411686],[-5.1583708,36.4117724],[-5.1574769,36.4119417],[-5.1572177,36.4121143],[-5.157265,36.412391],[-5.1570042,36.4125831],[-5.1566952,36.4134181],[-5.1567646,36.4136567],[-5.1566598,36.4137304],[-5.156478,36.4136789],[-5.1550518,36.4154191],[-5.1552141,36.4162379],[-5.1557042,36.4161823],[-5.1557313,36.4163213],[-5.1567584,36.4161567],[-5.1573664,36.4156117],[-5.1577315,36.4158914],[-5.1585366,36.4151797],[-5.1582906,36.4150026],[-5.1585395,36.4147772],[-5.1587158,36.414841],[-5.1587668,36.4147983],[-5.158672,36.414723],[-5.1589613,36.4144657],[-5.1595788,36.4149173],[-5.1603487,36.4142255],[-5.1598466,36.413412],[-5.1594642,36.4133353],[-5.1594472,36.413424],[-5.1580427,36.4131542],[-5.1580549,36.413077],[-5.1577639,36.4129838],[-5.1578986,36.4127991],[-5.1599628,36.4131841],[-5.1601502,36.4134389],[-5.1613649,36.4132346],[-5.162214,36.4132],[-5.1631013,36.413419],[-5.1640675,36.4141965],[-5.1650166,36.415226],[-5.1650206,36.4153129],[-5.1648912,36.4153339],[-5.1646882,36.415041],[-5.1644079,36.4152206],[-5.1643517,36.415633],[-5.1645007,36.4159969],[-5.1647763,36.4162407],[-5.1654808,36.4164953],[-5.1666654,36.4165099],[-5.1680273,36.416273],[-5.1697922,36.4156035],[-5.1703132,36.4152214],[-5.1705533,36.4153029],[-5.1712868,36.4160747],[-5.1717519,36.4162554],[-5.1728747,36.4161312],[-5.1738182,36.4158253],[-5.1753715,36.4149971],[-5.1761576,36.4147854],[-5.1768692,36.414394],[-5.1777382,36.4138586],[-5.180438,36.4119207],[-5.180943,36.4117718],[-5.1816488,36.411403],[-5.1827578,36.4105025],[-5.1834885,36.4097349],[-5.1844544,36.4089901],[-5.185739,36.407762],[-5.1862176,36.4071448],[-5.1881105,36.4053146],[-5.1887392,36.4045488],[-5.1898613,36.4030068],[-5.1902059,36.4026871],[-5.191202,36.4014583],[-5.1914592,36.4010049],[-5.1925098,36.3998969],[-5.1938527,36.3977697],[-5.1940612,36.3977115],[-5.1945571,36.3977862],[-5.1948089,36.3976899],[-5.1957071,36.3970334],[-5.1965296,36.3959856],[-5.1969905,36.3956282],[-5.1978199,36.3947186],[-5.198378,36.393916],[-5.1984178,36.3936081],[-5.1983556,36.3934374],[-5.1984291,36.3932984],[-5.1991423,36.3931547],[-5.1995811,36.3932893],[-5.2001183,36.3931496],[-5.2008167,36.3926375],[-5.201666,36.392185],[-5.2031468,36.3906771],[-5.2057324,36.3870151],[-5.2061791,36.3862229],[-5.2071646,36.3852283],[-5.2074597,36.3845477],[-5.2091765,36.3829788],[-5.2102435,36.3813031],[-5.21102,36.380324],[-5.211171,36.3797815],[-5.2112487,36.3797166],[-5.2114662,36.379878],[-5.2118387,36.3799241],[-5.2119333,36.3801393],[-5.2120972,36.3802241],[-5.2125714,36.380264],[-5.2136102,36.3798523],[-5.2140666,36.379477],[-5.2143338,36.3793815],[-5.2146434,36.379334],[-5.2149378,36.3795499],[-5.2159842,36.3796508],[-5.2169574,36.3792842],[-5.2172626,36.3790087],[-5.2193708,36.3764027],[-5.2211683,36.3735238],[-5.2221241,36.3716306]],[[-4.4919371,36.6263421],[-4.4919925,36.6263121],[-4.4919073,36.6262404],[-4.4913756,36.6260077],[-4.4919371,36.6263421]],[[-5.3194581,36.3299722],[-5.3194041,36.3296014],[-5.3191952,36.3296241],[-5.3192539,36.3299835],[-5.3194581,36.3299722]],[[-5.2562177,36.3298808],[-5.2559602,36.3301379],[-5.2561668,36.3302049],[-5.2565986,36.3299413],[-5.2565664,36.3298375],[-5.2562177,36.3298808]],[[-5.2537874,36.3438662],[-5.2535482,36.3439793],[-5.2536353,36.3442333],[-5.2538989,36.3444777],[-5.2555785,36.3450332],[-5.2560138,36.345322],[-5.2561118,36.3453097],[-5.2555847,36.3449295],[-5.2556398,36.3448653],[-5.2554498,36.3448036],[-5.2554437,36.3447196],[-5.2542789,36.344337],[-5.2537874,36.3438662]],[[-5.3141284,36.3524701],[-5.3142157,36.3523088],[-5.3142306,36.351969],[-5.3135403,36.352005],[-5.3131993,36.3522522],[-5.3131823,36.3523551],[-5.3132952,36.3524993],[-5.3141284,36.3524701]],[[-5.2366522,36.3528416],[-5.2364339,36.352705],[-5.2361002,36.3526919],[-5.2362871,36.3528846],[-5.2365826,36.3529576],[-5.2366522,36.3528416]],[[-5.2363071,36.3532439],[-5.2364386,36.353171],[-5.2367389,36.353224],[-5.2368981,36.3531111],[-5.2368161,36.3530405],[-5.2364853,36.353029],[-5.2360573,36.3528278],[-5.2358371,36.3528908],[-5.2358199,36.3530704],[-5.2363071,36.3532439]],[[-5.2833456,36.3542555],[-5.2831847,36.3534822],[-5.2834153,36.3529767],[-5.2837104,36.3527564],[-5.2837104,36.3524194],[-5.283816,36.3522702],[-5.2837418,36.3520146],[-5.2829433,36.3516287],[-5.2826222,36.3512777],[-5.2812803,36.3521558],[-5.2818328,36.3527348],[-5.2821386,36.3542296],[-5.2820903,36.3546876],[-5.2819669,36.3548561],[-5.2821225,36.3550289],[-5.2822942,36.3554695],[-5.2829808,36.3557547],[-5.2831152,36.3556232],[-5.2827823,36.3550634],[-5.2831847,36.3546141],[-5.2833456,36.3542555]],[[-5.3147569,36.3724549],[-5.3151351,36.3728653],[-5.3158808,36.3732346],[-5.3159881,36.373267],[-5.3161436,36.3731288],[-5.3147677,36.3712909],[-5.3145531,36.3708633],[-5.3136653,36.3701095],[-5.3134131,36.3695307],[-5.3121471,36.3690145],[-5.311828,36.3690426],[-5.3116402,36.3691528],[-5.3115973,36.3693428],[-5.3117448,36.3695199],[-5.3124047,36.3696236],[-5.3130411,36.36994],[-5.313043,36.3700555],[-5.3126256,36.3703729],[-5.3127158,36.3706019],[-5.3136143,36.3714593],[-5.3137484,36.3717962],[-5.3139379,36.3718739],[-5.3143271,36.3718472],[-5.314545,36.3720662],[-5.3147569,36.3724549]],[[-5.2461886,36.3753196],[-5.2462416,36.3752664],[-5.2461201,36.3752711],[-5.2461886,36.3753196]],[[-5.233913,36.3763519],[-5.2339295,36.3763089],[-5.2338445,36.3763314],[-5.233913,36.3763519]],[[-5.2317682,36.3882003],[-5.2316609,36.3878549],[-5.2312629,36.387558],[-5.2310672,36.3875923],[-5.2308992,36.3879326],[-5.2310387,36.3881053],[-5.2316635,36.3882384],[-5.2317682,36.3882003]],[[-5.2325509,36.3886304],[-5.232103,36.3884364],[-5.2318862,36.3885631],[-5.2320605,36.3887028],[-5.2329698,36.3888567],[-5.2332059,36.3888308],[-5.2331698,36.3886563],[-5.2329824,36.3885758],[-5.2325509,36.3886304]],[[-5.2431397,36.3980557],[-5.2426891,36.3979003],[-5.2425282,36.3982111],[-5.242658,36.3982444],[-5.242776,36.3980544],[-5.2430753,36.3982025],[-5.2431397,36.3980557]],[[-5.2371332,36.4029523],[-5.2371815,36.4027386],[-5.2369615,36.4026717],[-5.2367631,36.4027473],[-5.2366933,36.4029826],[-5.2369937,36.4033755],[-5.2372056,36.4033712],[-5.2371332,36.4029523]],[[-5.3200194,36.403752],[-5.3204796,36.4037633],[-5.3208835,36.4025841],[-5.3207426,36.4025425],[-5.3201979,36.4029205],[-5.3195874,36.4030528],[-5.3196907,36.4034194],[-5.3200194,36.403752]],[[-5.3155395,36.4027542],[-5.3149431,36.4032833],[-5.3155395,36.4035819],[-5.3160936,36.4031322],[-5.3155395,36.4027542]],[[-5.3218743,36.4053319],[-5.3214705,36.4048708],[-5.3211277,36.4048292],[-5.3205548,36.4043303],[-5.3195686,36.4050257],[-5.3196954,36.4051807],[-5.319794,36.4056947],[-5.3202073,36.405997],[-5.3218743,36.4053319]],[[-5.3147073,36.4068035],[-5.3142659,36.40683],[-5.3142706,36.4072797],[-5.3147308,36.4072797],[-5.3147073,36.4068035]],[[-5.265509,36.4085081],[-5.2653138,36.4084682],[-5.2655495,36.4086262],[-5.265509,36.4085081]],[[-5.2401303,36.4480354],[-5.2402188,36.4480365],[-5.2401314,36.4479787],[-5.2401303,36.4480354]],[[-5.2275363,36.3619963],[-5.2274461,36.3620132],[-5.227553,36.3620542],[-5.2275363,36.3619963]],[[-5.2241416,36.3791282],[-5.2243041,36.3787735],[-5.2243073,36.378244],[-5.2242489,36.3782065],[-5.2240535,36.3782606],[-5.2239515,36.3784936],[-5.2236601,36.3785008],[-5.2234575,36.3786266],[-5.2235385,36.3788097],[-5.2238938,36.3788084],[-5.2239769,36.3790834],[-5.2241416,36.3791282]],[[-5.2258483,36.3814608],[-5.2255831,36.3817745],[-5.2256056,36.3818334],[-5.2262335,36.3816124],[-5.226257,36.3813785],[-5.2260034,36.3812626],[-5.2258407,36.3813509],[-5.2258483,36.3814608]],[[-5.2231055,36.3867441],[-5.2232169,36.3870496],[-5.2234985,36.386919],[-5.223363,36.3867052],[-5.2231055,36.3867441]],[[-5.2260588,36.3877024],[-5.2261613,36.3874634],[-5.226017,36.3873772],[-5.225817,36.3876094],[-5.2259464,36.3881327],[-5.22624,36.3885111],[-5.2260603,36.3879484],[-5.2260588,36.3877024]],[[-5.224055,36.3898037],[-5.2240309,36.3896245],[-5.2234945,36.3893114],[-5.2235816,36.3896461],[-5.2239786,36.389848],[-5.224055,36.3898037]],[[-5.2187869,36.3918242],[-5.2189639,36.3920078],[-5.2193421,36.3917854],[-5.2192509,36.391617],[-5.2190846,36.3916083],[-5.2187869,36.3918242]],[[-5.2297491,36.3959447],[-5.229755,36.3958007],[-5.2295146,36.3958201],[-5.229229,36.3960876],[-5.2293824,36.3961485],[-5.2297491,36.3959447]],[[-5.2289022,36.3973845],[-5.2294024,36.3973811],[-5.2294765,36.3969219],[-5.2291708,36.3968474],[-5.2287543,36.3971385],[-5.2282973,36.3970296],[-5.2281188,36.3970838],[-5.2281494,36.3972679],[-5.2284201,36.3975108],[-5.2285886,36.3975515],[-5.2289022,36.3973845]],[[-5.2067938,36.3983151],[-5.2064619,36.3982982],[-5.2064163,36.3983948],[-5.2066749,36.3984431],[-5.2067938,36.3983151]],[[-5.2271864,36.3987972],[-5.2270409,36.3987807],[-5.2270623,36.3988317],[-5.2271864,36.3987972]],[[-5.2286011,36.3982674],[-5.2284342,36.3983592],[-5.2286367,36.3988035],[-5.2289391,36.3989966],[-5.2290302,36.399558],[-5.2291886,36.3996687],[-5.2292894,36.399588],[-5.229441,36.3990628],[-5.2293504,36.3987744],[-5.2290915,36.3986676],[-5.2289783,36.3984676],[-5.2286011,36.3982674]],[[-5.2068947,36.402325],[-5.2068841,36.4023573],[-5.2069744,36.4023378],[-5.2068947,36.402325]],[[-5.2078226,36.4110924],[-5.2079514,36.411114],[-5.2082169,36.4107643],[-5.2081928,36.410188],[-5.2074954,36.4106974],[-5.2078226,36.4110924]],[[-5.2093837,36.4119602],[-5.2093381,36.4117184],[-5.2090645,36.4115781],[-5.2088901,36.411291],[-5.2087641,36.4112543],[-5.2085039,36.4113407],[-5.208469,36.4114659],[-5.2091101,36.4119192],[-5.2093837,36.4119602]],[[-5.2077287,36.4128732],[-5.2080935,36.412502],[-5.2077341,36.4118717],[-5.2075517,36.4118587],[-5.2073318,36.4120487],[-5.2074283,36.4127783],[-5.2074981,36.4130028],[-5.2077073,36.4129812],[-5.2077287,36.4128732]],[[-5.2084852,36.4126362],[-5.208692,36.4125785],[-5.2085266,36.41231],[-5.208317,36.4123921],[-5.2084852,36.4126362]],[[-5.19516,36.4129973],[-5.1955016,36.4127792],[-5.1956129,36.4122101],[-5.1954228,36.4120696],[-5.195221,36.4120606],[-5.1950986,36.4121593],[-5.1950721,36.4122812],[-5.1952032,36.4126312],[-5.1950959,36.4128212],[-5.194912,36.4129623],[-5.1947806,36.4129683],[-5.1947095,36.4132172],[-5.1948071,36.4133268],[-5.1949249,36.4133006],[-5.19516,36.4129973]],[[-5.2230468,36.4152044],[-5.2234545,36.4153685],[-5.2235672,36.4152346],[-5.2237952,36.4152541],[-5.2240044,36.4148699],[-5.2243853,36.4147598],[-5.2245998,36.4145439],[-5.2243316,36.4143669],[-5.2228805,36.4141684],[-5.2226847,36.4145957],[-5.2230468,36.4152044]],[[-5.199796,36.4170893],[-5.1999866,36.4173489],[-5.2001588,36.4173348],[-5.2002104,36.41708],[-5.1999624,36.4169796],[-5.199796,36.4170893]],[[-5.2002448,36.4174383],[-5.2003145,36.4175906],[-5.2009635,36.4177977],[-5.2010917,36.4177727],[-5.2010703,36.4176846],[-5.2007879,36.41754],[-5.2011971,36.4171834],[-5.2008013,36.4168787],[-5.2006336,36.4168657],[-5.2005871,36.416937],[-5.2007219,36.4171339],[-5.2006953,36.4172579],[-5.200427,36.4172725],[-5.2002448,36.4174383]],[[-5.2119988,36.4173586],[-5.2118111,36.4174924],[-5.2117574,36.4176823],[-5.2119666,36.4180061],[-5.2123421,36.4182608],[-5.212605,36.4180795],[-5.2129269,36.4176694],[-5.2121598,36.4173456],[-5.2119988,36.4173586]],[[-5.2129966,36.4177557],[-5.2128089,36.418032],[-5.213415,36.4185284],[-5.2136082,36.4185586],[-5.2138174,36.4184809],[-5.2138978,36.4183644],[-5.2138442,36.4179845],[-5.2135599,36.417665],[-5.2133077,36.4176478],[-5.2129966,36.4177557]],[[-5.2139407,36.4180536],[-5.2144343,36.4188392],[-5.2146596,36.4188263],[-5.21474,36.4186665],[-5.2145469,36.4183255],[-5.2140856,36.4179672],[-5.2139407,36.4180536]],[[-5.2133775,36.4188737],[-5.2138227,36.4192364],[-5.2141017,36.4193227],[-5.214209,36.4191975],[-5.2142143,36.4188478],[-5.214107,36.4185414],[-5.2133614,36.4186968],[-5.2133775,36.4188737]],[[-5.2016614,36.4187893],[-5.2019082,36.4193224],[-5.2021912,36.4194098],[-5.2022972,36.4193462],[-5.2022864,36.4189253],[-5.2019082,36.4186577],[-5.2016614,36.4187893]],[[-5.1546893,36.4208315],[-5.1544935,36.4208251],[-5.1544586,36.4206567],[-5.1542923,36.4206265],[-5.154236,36.4207128],[-5.1546946,36.4210517],[-5.1547939,36.4210517],[-5.1546893,36.4208315]],[[-5.1900457,36.4227595],[-5.1907646,36.4230184],[-5.1909791,36.4227681],[-5.1912366,36.4226904],[-5.191301,36.4223451],[-5.1911937,36.4222069],[-5.1910006,36.4221638],[-5.1907324,36.4222242],[-5.1904427,36.422181],[-5.1902496,36.4222587],[-5.1901959,36.4224228],[-5.1900028,36.4224918],[-5.1899706,36.4226127],[-5.1900457,36.4227595]],[[-5.1476661,36.4229769],[-5.1476256,36.422931],[-5.14761,36.4230088],[-5.1476661,36.4229769]],[[-5.1977385,36.4235051],[-5.1980012,36.4238429],[-5.1983499,36.4240544],[-5.1984464,36.4240155],[-5.1984754,36.4237343],[-5.1983305,36.4233933],[-5.1980173,36.4231652],[-5.1977932,36.4232179],[-5.1977385,36.4235051]],[[-5.2052987,36.425235],[-5.2054101,36.4254745],[-5.2055918,36.4255135],[-5.2055525,36.4250753],[-5.205383,36.4249334],[-5.2052987,36.4249533],[-5.2053846,36.4251594],[-5.2052987,36.425235]],[[-5.1511199,36.426993],[-5.1511385,36.4270357],[-5.1511817,36.4269736],[-5.1511199,36.426993]],[[-5.1385223,36.4277846],[-5.1383924,36.4277818],[-5.1383893,36.4278714],[-5.1384966,36.4278887],[-5.1385223,36.4277846]],[[-5.1559623,36.4283598],[-5.1558972,36.4285113],[-5.1561135,36.4285823],[-5.1561854,36.4284092],[-5.1559623,36.4283598]],[[-5.1470293,36.4295596],[-5.1468728,36.4294487],[-5.1468335,36.4295855],[-5.1470293,36.4295596]],[[-5.1293019,36.4296964],[-5.1291515,36.4296572],[-5.1291355,36.4297565],[-5.1292447,36.4298005],[-5.1293019,36.4296964]],[[-5.1507406,36.4302822],[-5.1508501,36.4299673],[-5.1505669,36.4302242],[-5.1507406,36.4302822]],[[-5.1466565,36.4305199],[-5.1464839,36.4304897],[-5.1464016,36.430548],[-5.1466565,36.4305199]],[[-5.1884336,36.4316448],[-5.1884128,36.4315186],[-5.188213,36.4313805],[-5.187867,36.4313503],[-5.1875317,36.4314323],[-5.18736,36.4315693],[-5.1874351,36.4318135],[-5.1883256,36.4318067],[-5.1884336,36.4316448]],[[-5.1839671,36.4317948],[-5.1840061,36.431949],[-5.1841912,36.4320907],[-5.1848562,36.4319977],[-5.1852827,36.431838],[-5.1854158,36.4317061],[-5.1854102,36.4315938],[-5.1852626,36.4314787],[-5.1846135,36.4313114],[-5.1841758,36.4313303],[-5.1839671,36.4317948]],[[-5.1214466,36.431829],[-5.1214411,36.4318722],[-5.1215195,36.4318401],[-5.1214466,36.431829]],[[-5.1213056,36.432829],[-5.1212668,36.4329152],[-5.1213768,36.4329425],[-5.1214116,36.4328707],[-5.1213056,36.432829]],[[-5.2064654,36.4338762],[-5.2065083,36.4336453],[-5.2058227,36.4329568],[-5.2053081,36.4329375],[-5.2048729,36.4331874],[-5.2046705,36.4335532],[-5.2048209,36.4339797],[-5.2049486,36.4340877],[-5.2051176,36.4341114],[-5.2056095,36.4339667],[-5.2062412,36.4340142],[-5.2064654,36.4338762]],[[-5.105238,36.4370677],[-5.1052536,36.4371922],[-5.1055113,36.4374054],[-5.1055539,36.4375542],[-5.1057929,36.4378034],[-5.1059935,36.4376437],[-5.1060028,36.4375283],[-5.1054947,36.4370025],[-5.1053056,36.4366973],[-5.105078,36.4369047],[-5.105238,36.4370677]],[[-5.0965473,36.4412402],[-5.096347,36.4414604],[-5.0969346,36.4425899],[-5.0970665,36.4430775],[-5.0971033,36.4425241],[-5.0967043,36.4416055],[-5.0966642,36.4412173],[-5.0965473,36.4412402]],[[-5.0900528,36.4464706],[-5.0907812,36.4467793],[-5.0907594,36.4466503],[-5.0900455,36.4462984],[-5.0900528,36.4464706]],[[-5.0657254,36.4507731],[-5.0657863,36.450964],[-5.0658775,36.4507858],[-5.0657254,36.4507731]],[[-5.0642941,36.4510051],[-5.0641164,36.4511363],[-5.064327,36.4511373],[-5.0642941,36.4510051]],[[-5.0655552,36.4517643],[-5.0652072,36.4518155],[-5.0654741,36.4518823],[-5.0655552,36.4517643]],[[-5.059832,36.4553338],[-5.0595907,36.4547156],[-5.0592449,36.4546578],[-5.0584849,36.4540699],[-5.0575949,36.4524742],[-5.0574136,36.4520695],[-5.0574077,36.4518792],[-5.0571907,36.4518336],[-5.0571633,36.451681],[-5.0573047,36.4515362],[-5.0570583,36.4514734],[-5.0569613,36.4518709],[-5.0576345,36.4532113],[-5.0581957,36.4540685],[-5.0587295,36.4545277],[-5.0596309,36.4549555],[-5.0597346,36.4553094],[-5.059832,36.4553338]],[[-5.0610634,36.4589807],[-5.0610941,36.4588556],[-5.06088,36.4588216],[-5.0608829,36.4589828],[-5.0610634,36.4589807]],[[-5.0593918,36.4585971],[-5.0588012,36.4590223],[-5.0593218,36.4594901],[-5.0599124,36.4590649],[-5.0593918,36.4585971]],[[-5.061404,36.4594208],[-5.0614347,36.4592957],[-5.0612206,36.4592617],[-5.0612235,36.4594229],[-5.061404,36.4594208]],[[-5.0598831,36.4597419],[-5.0599889,36.4596447],[-5.0599859,36.4594746],[-5.0598267,36.4593626],[-5.0596168,36.4593828],[-5.0594949,36.4595218],[-5.0595788,36.4597197],[-5.0598831,36.4597419]],[[-5.0602215,36.4596411],[-5.0602573,36.459548],[-5.0601135,36.4595251],[-5.0601154,36.4596334],[-5.0602215,36.4596411]],[[-5.060732,36.4597861],[-5.0608539,36.4596471],[-5.0608348,36.4595188],[-5.0606756,36.4594068],[-5.0604657,36.459427],[-5.0603438,36.459566],[-5.0604277,36.4597639],[-5.060732,36.4597861]],[[-5.0602868,36.4601054],[-5.0603926,36.4600082],[-5.0603895,36.4598381],[-5.0602304,36.4597261],[-5.0600204,36.4597463],[-5.0598986,36.4598853],[-5.0599824,36.4600832],[-5.0602868,36.4601054]],[[-5.0619367,36.4606713],[-5.0619796,36.4604964],[-5.0618642,36.4604152],[-5.0617119,36.4604299],[-5.06162,36.4605622],[-5.0616844,36.4606742],[-5.0619367,36.4606713]],[[-5.0614867,36.460727],[-5.0615612,36.4605331],[-5.0614458,36.4604519],[-5.0612935,36.4604665],[-5.0612016,36.4605989],[-5.061266,36.4607109],[-5.0614867,36.460727]],[[-5.0615857,36.4607824],[-5.0616755,36.4607284],[-5.0615941,36.4607082],[-5.0615857,36.4607824]],[[-5.0619588,36.4610398],[-5.0620333,36.4608459],[-5.0618792,36.4607585],[-5.061734,36.4607983],[-5.0616737,36.4609117],[-5.061738,36.4610237],[-5.0619588,36.4610398]],[[-5.0615612,36.4610574],[-5.0616041,36.4608826],[-5.0614887,36.4608014],[-5.0613364,36.460816],[-5.0612445,36.4609484],[-5.0613089,36.4610603],[-5.0615612,36.4610574]],[[-5.0371502,36.4617315],[-5.0369641,36.4612994],[-5.0368409,36.4607113],[-5.0367527,36.4607024],[-5.0366959,36.4607613],[-5.0367548,36.4609747],[-5.037064,36.4617062],[-5.0371502,36.4617315]],[[-5.0614093,36.4615864],[-5.0618729,36.4615481],[-5.0618409,36.4611472],[-5.0613408,36.4611937],[-5.0614093,36.4615864]],[[-5.0619567,36.4618171],[-5.0619847,36.4617028],[-5.0617892,36.4616717],[-5.0617918,36.461819],[-5.0619567,36.4618171]],[[-5.0615766,36.4618662],[-5.0616253,36.4617395],[-5.0614504,36.4616959],[-5.0613926,36.4617618],[-5.0614323,36.4618556],[-5.0615766,36.4618662]],[[-5.061757,36.4618874],[-5.0616689,36.4618734],[-5.0617443,36.4619389],[-5.061757,36.4618874]],[[-5.062025,36.4619962],[-5.06185,36.4619526],[-5.0617899,36.4620392],[-5.0619763,36.4621229],[-5.062025,36.4619962]],[[-5.1273912,36.4622535],[-5.1274281,36.462282],[-5.1274268,36.4622238],[-5.1273912,36.4622535]],[[-5.0853899,36.4643726],[-5.0857075,36.464518],[-5.0860946,36.4648821],[-5.0861457,36.4647837],[-5.0860599,36.464606],[-5.0860927,36.4644519],[-5.0865893,36.4644592],[-5.0866203,36.4643682],[-5.085912,36.464195],[-5.0857221,36.4638999],[-5.0853223,36.4638338],[-5.0849189,36.464123],[-5.0849335,36.4647338],[-5.085211,36.4651713],[-5.0853132,36.465186],[-5.0853607,36.4649966],[-5.0852311,36.4647896],[-5.0853899,36.4643726]],[[-5.066287,36.4646642],[-5.0663423,36.4647919],[-5.0665884,36.4649238],[-5.0670183,36.4649066],[-5.0670218,36.4648148],[-5.0664547,36.4644993],[-5.066287,36.4646642]],[[-5.0754019,36.4654794],[-5.0754233,36.4653327],[-5.075316,36.4652033],[-5.0750934,36.4651097],[-5.0749968,36.4652046],[-5.0754019,36.4654794]],[[-5.075477,36.4655139],[-5.0753187,36.4656015],[-5.0755842,36.4657296],[-5.0755977,36.4655842],[-5.075477,36.4655139]],[[-5.0750719,36.4674652],[-5.0749432,36.4678534],[-5.0748037,36.4679138],[-5.0748761,36.4680506],[-5.0750827,36.4680346],[-5.0753938,36.4675946],[-5.0753402,36.467491],[-5.0750719,36.4674652]],[[-5.0841397,36.4693714],[-5.08402,36.4693592],[-5.0839118,36.4694685],[-5.0841397,36.4693714]],[[-5.0849071,36.4696495],[-5.0847662,36.4697182],[-5.0848517,36.469819],[-5.0850284,36.4698007],[-5.0849071,36.4696495]],[[-5.0352252,36.4701246],[-5.0354263,36.4703931],[-5.0356007,36.4704459],[-5.0353633,36.4696684],[-5.035425,36.4692833],[-5.0353673,36.4692208],[-5.0351125,36.4692585],[-5.0350454,36.4696716],[-5.0352252,36.4701246]],[[-5.0686845,36.4707576],[-5.068513,36.4707079],[-5.0686313,36.4709247],[-5.0687964,36.4709247],[-5.0686845,36.4707576]],[[-5.0540807,36.4720295],[-5.054095,36.4718395],[-5.0544298,36.4715826],[-5.0547509,36.4716435],[-5.0550113,36.4719779],[-5.0555447,36.4721384],[-5.0556772,36.4719431],[-5.0560758,36.4716627],[-5.0560167,36.4715016],[-5.0551338,36.4709864],[-5.0550903,36.470195],[-5.054993,36.4699563],[-5.0548191,36.4696959],[-5.0543331,36.4693763],[-5.0539263,36.4692642],[-5.0538962,36.4691188],[-5.0520909,36.4690644],[-5.0522691,36.4695398],[-5.052205,36.4697094],[-5.0519004,36.4698808],[-5.0519188,36.469979],[-5.052563,36.4700814],[-5.0527461,36.4701848],[-5.0528039,36.4705726],[-5.0527057,36.4709034],[-5.0528173,36.471086],[-5.0530336,36.4711239],[-5.0531918,36.4714904],[-5.052996,36.4722657],[-5.0529847,36.4727079],[-5.0531316,36.4730259],[-5.0531316,36.473453],[-5.0532973,36.4735408],[-5.0535362,36.4740296],[-5.0537356,36.4740392],[-5.0536761,36.4736511],[-5.0537719,36.4732137],[-5.0539602,36.473244],[-5.0541108,36.4734045],[-5.0542879,36.4732288],[-5.0543783,36.4727443],[-5.0543105,36.472402],[-5.0540807,36.4720295]],[[-5.0450052,36.4733923],[-5.0447682,36.4732501],[-5.0446491,36.4732705],[-5.0446357,36.4734629],[-5.0447227,36.4736286],[-5.0449903,36.4735193],[-5.0450052,36.4733923]],[[-5.0553239,36.473414],[-5.0550335,36.4735603],[-5.0548087,36.4739674],[-5.0548979,36.474205],[-5.0550311,36.4742881],[-5.0551557,36.474286],[-5.0554049,36.4735041],[-5.0553239,36.473414]],[[-5.0551821,36.4745429],[-5.0550501,36.4745779],[-5.0551243,36.4750233],[-5.0552721,36.4753346],[-5.0554816,36.4754271],[-5.0557171,36.4754111],[-5.0557758,36.4753223],[-5.0553229,36.4746246],[-5.0551821,36.4745429]],[[-5.0547433,36.4757379],[-5.0548485,36.4756496],[-5.0547913,36.4755444],[-5.0546411,36.4755011],[-5.0545931,36.475673],[-5.0547433,36.4757379]],[[-5.022764,36.472507],[-5.0226062,36.472533],[-5.0228883,36.4728218],[-5.0231619,36.4733685],[-5.0231056,36.4736979],[-5.0232276,36.4740431],[-5.0231566,36.4741477],[-5.0232759,36.4743321],[-5.0232712,36.4744847],[-5.0231612,36.4745785],[-5.0232819,36.4748713],[-5.0233658,36.4757966],[-5.023286,36.4759448],[-5.023357,36.4762576],[-5.0230794,36.4768884],[-5.0227777,36.4770858],[-5.0227468,36.4772103],[-5.022832,36.4774012],[-5.0226349,36.478011],[-5.0223928,36.4784219],[-5.0222962,36.4792279],[-5.0224357,36.4784817],[-5.0228481,36.4777004],[-5.0228823,36.4772982],[-5.0233819,36.4765078],[-5.0234777,36.476078],[-5.02341,36.4756041],[-5.0235233,36.475246],[-5.0233658,36.474874],[-5.0233866,36.4747672],[-5.0235609,36.4746367],[-5.0233456,36.4744151],[-5.0233316,36.4739722],[-5.0231914,36.4735583],[-5.0232476,36.4731262],[-5.022764,36.472507]],[[-5.1445913,36.4762321],[-5.1444496,36.4762262],[-5.1445337,36.4764778],[-5.1445913,36.4762321]],[[-5.1451714,36.4778071],[-5.1452783,36.4777887],[-5.1451758,36.4777454],[-5.1451714,36.4778071]],[[-5.0338714,36.4794211],[-5.0339778,36.4796425],[-5.0343423,36.4799378],[-5.0346996,36.47992],[-5.034791,36.4796951],[-5.034478,36.4792385],[-5.0344918,36.4790581],[-5.0346746,36.4788377],[-5.0345915,36.4786662],[-5.0341068,36.4786439],[-5.0339573,36.4787976],[-5.0338548,36.4790782],[-5.0338714,36.4794211]],[[-5.146981,36.4796526],[-5.146916,36.4795458],[-5.1468762,36.4796383],[-5.146981,36.4796526]],[[-5.0162569,36.4815525],[-5.0163711,36.481755],[-5.0165719,36.4817407],[-5.0163322,36.4814926],[-5.0162569,36.4815525]],[[-5.0772032,36.4818849],[-5.0772676,36.4818224],[-5.0772247,36.4817663],[-5.0771201,36.481831],[-5.0772032,36.4818849]],[[-5.0307919,36.4843195],[-5.0301876,36.4836049],[-5.0301551,36.4836818],[-5.0305796,36.4840814],[-5.0306802,36.4843159],[-5.0307919,36.4843195]],[[-5.0194773,36.4839459],[-5.0193925,36.4840427],[-5.0194685,36.4841123],[-5.019672,36.4840834],[-5.0197377,36.4842067],[-5.0198158,36.4841964],[-5.0197266,36.4839889],[-5.0194773,36.4839459]],[[-5.0228447,36.4838544],[-5.0227764,36.4838663],[-5.0230951,36.4848885],[-5.0235723,36.4856368],[-5.0231954,36.484944],[-5.0228575,36.4840981],[-5.0228447,36.4838544]],[[-5.1334683,36.4850399],[-5.1333919,36.484827],[-5.1333087,36.4848529],[-5.1332458,36.4850317],[-5.1333324,36.4850945],[-5.1334683,36.4850399]],[[-5.103157,36.4856584],[-5.1030685,36.4856584],[-5.103095,36.4859311],[-5.1031776,36.485924],[-5.103157,36.4856584]],[[-5.0244387,36.4873696],[-5.024491,36.4872876],[-5.0243635,36.4870741],[-5.0236796,36.4868369],[-5.023135,36.4870005],[-5.0231241,36.4871066],[-5.0244387,36.4873696]],[[-5.0234395,36.4879895],[-5.023595,36.4881609],[-5.0242417,36.4878572],[-5.0241446,36.4877657],[-5.023483,36.4878652],[-5.0234395,36.4879895]],[[-5.025761,36.4890969],[-5.025478,36.4885729],[-5.0253198,36.4879259],[-5.0251991,36.4878354],[-5.0242978,36.4879486],[-5.0236031,36.4882904],[-5.0236085,36.4884208],[-5.0238566,36.4886171],[-5.0249951,36.4889861],[-5.0254159,36.4892815],[-5.0257194,36.4892823],[-5.025761,36.4890969]],[[-5.0663133,36.4892299],[-5.0663754,36.4891628],[-5.0663141,36.4891122],[-5.0662282,36.489165],[-5.0663133,36.4892299]],[[-5.0270498,36.4919821],[-5.0272563,36.4921848],[-5.0273565,36.4921754],[-5.0274052,36.4920522],[-5.027263,36.491691],[-5.0271576,36.4916125],[-5.0270727,36.491717],[-5.0270498,36.4919821]],[[-5.0618521,36.493555],[-5.061829,36.4936949],[-5.0621001,36.4934831],[-5.0621571,36.4932454],[-5.0618521,36.493555]],[[-5.027458,36.4944032],[-5.0276409,36.4944245],[-5.0279721,36.4941822],[-5.0281029,36.4939264],[-5.0279737,36.4935723],[-5.027543,36.4933692],[-5.0272885,36.4934355],[-5.0271986,36.4935778],[-5.027458,36.4944032]],[[-5.0454765,36.494337],[-5.0453177,36.4936687],[-5.045222,36.4935768],[-5.0448881,36.4935373],[-5.044818,36.4936687],[-5.0450678,36.4938902],[-5.0450562,36.4940385],[-5.0448726,36.4942181],[-5.0449324,36.4943182],[-5.04486,36.4944853],[-5.0449534,36.4945435],[-5.0453621,36.494521],[-5.0454765,36.494337]],[[-5.0277914,36.4945632],[-5.0275634,36.4945418],[-5.0276275,36.4949491],[-5.0277823,36.4950034],[-5.0279444,36.494915],[-5.0277914,36.4945632]],[[-5.0448834,36.4954501],[-5.0451286,36.4950447],[-5.045285,36.4949508],[-5.0453527,36.494703],[-5.0452173,36.4946392],[-5.0449161,36.4946711],[-5.0447947,36.4948025],[-5.0447409,36.4953826],[-5.0448834,36.4954501]],[[-5.0613694,36.4955527],[-5.0613636,36.4953856],[-5.0609362,36.4952974],[-5.0607976,36.495374],[-5.0606532,36.4956386],[-5.0606301,36.4959683],[-5.0609738,36.4960727],[-5.0611932,36.4959125],[-5.0613694,36.4955527]],[[-5.0560164,36.4964395],[-5.0560242,36.4960942],[-5.0558124,36.4960283],[-5.0557977,36.4959065],[-5.0556054,36.4957695],[-5.055319,36.4957757],[-5.0552894,36.4959766],[-5.0557213,36.4964057],[-5.0560164,36.4964395]],[[-5.0563127,36.4967313],[-5.0562442,36.4965078],[-5.0561775,36.496559],[-5.056232,36.4967639],[-5.0563127,36.4967313]],[[-5.0622256,36.4973992],[-5.0621639,36.4974439],[-5.0622044,36.4978343],[-5.062356,36.49791],[-5.0622276,36.497841],[-5.0622256,36.4973992]],[[-5.0463363,36.4989656],[-5.0462932,36.4992741],[-5.0466317,36.4992441],[-5.0468676,36.4993454],[-5.0468979,36.4992778],[-5.0466434,36.499032],[-5.0463363,36.4989656]],[[-5.0699779,36.5004558],[-5.070294,36.5005481],[-5.0704406,36.5004687],[-5.0707256,36.5000842],[-5.0708283,36.4994762],[-5.0705512,36.4990395],[-5.0703514,36.499005],[-5.0700447,36.4991524],[-5.0699779,36.5004558]],[[-5.0565307,36.5004052],[-5.056402,36.5001048],[-5.0561795,36.4999801],[-5.0560059,36.5000195],[-5.0556731,36.5004035],[-5.0558283,36.5005791],[-5.0560958,36.5006497],[-5.056253,36.500612],[-5.0562652,36.5005414],[-5.0558038,36.5003297],[-5.055861,36.5002771],[-5.0563122,36.500484],[-5.0565307,36.5004052]],[[-5.0497921,36.5015463],[-5.049845,36.5012693],[-5.0497575,36.501111],[-5.0494785,36.5009278],[-5.0492852,36.5009058],[-5.0490008,36.5010407],[-5.0490299,36.501133],[-5.0492396,36.5011726],[-5.0496864,36.5015478],[-5.0497921,36.5015463]],[[-5.0221299,36.5035175],[-5.0219026,36.5032567],[-5.0217472,36.5032899],[-5.0218959,36.5033387],[-5.0220285,36.5035052],[-5.0219255,36.5036332],[-5.0216979,36.5035777],[-5.0215553,36.5033254],[-5.0214205,36.5033187],[-5.021639,36.5036784],[-5.021975,36.5036977],[-5.0218734,36.5038461],[-5.0218213,36.5041987],[-5.0219281,36.5043283],[-5.0222438,36.5043673],[-5.0221521,36.5045633],[-5.0221588,36.5048533],[-5.0220794,36.5048923],[-5.0222576,36.5050538],[-5.0222977,36.505],[-5.0221843,36.5048533],[-5.0222138,36.5044749],[-5.0222743,36.5043798],[-5.022495,36.5043891],[-5.0225902,36.5042282],[-5.0222208,36.5037488],[-5.0220097,36.5036815],[-5.0221299,36.5035175]],[[-5.0282166,36.5063938],[-5.0288496,36.5066077],[-5.0288593,36.5065194],[-5.02845,36.5063549],[-5.0283293,36.5062148],[-5.0282166,36.5063938]],[[-5.0909832,36.5071838],[-5.0906344,36.5070476],[-5.0909547,36.5075694],[-5.0910768,36.5075817],[-5.0911653,36.5073941],[-5.0909832,36.5071838]],[[-5.0275738,36.5074195],[-5.0275492,36.507471],[-5.0276502,36.507459],[-5.0275738,36.5074195]],[[-5.0176718,36.5082082],[-5.0175697,36.5080385],[-5.0171603,36.507987],[-5.0167484,36.508179],[-5.016809,36.5089483],[-5.0176129,36.5084127],[-5.0176718,36.5082082]],[[-5.034952,36.5110301],[-5.0348501,36.5111793],[-5.0348776,36.5113128],[-5.0351637,36.5115721],[-5.034952,36.5110301]],[[-5.0349973,36.5121419],[-5.0351362,36.5116064],[-5.0349796,36.512101],[-5.0349973,36.5121419]],[[-5.092442,36.5158568],[-5.0926006,36.5157355],[-5.09173,36.5157313],[-5.0917472,36.5162853],[-5.0922342,36.5165905],[-5.0927407,36.5167594],[-5.0933901,36.5167399],[-5.0940395,36.5164152],[-5.0947148,36.51561],[-5.0951109,36.5153178],[-5.0955135,36.5152983],[-5.0956174,36.515032],[-5.095085,36.5149606],[-5.0937148,36.5157983],[-5.0933641,36.5162074],[-5.0928511,36.5163503],[-5.0924875,36.5161425],[-5.092442,36.5158568]],[[-5.0398428,36.517217],[-5.0399675,36.5172817],[-5.0399957,36.5171491],[-5.0398428,36.517217]],[[-5.0436296,36.5185043],[-5.0437532,36.5185835],[-5.0438357,36.5184886],[-5.0435822,36.5183699],[-5.0435135,36.5186286],[-5.0436296,36.5185043]],[[-5.0210993,36.5209514],[-5.0213487,36.5210365],[-5.0211878,36.5208716],[-5.0210993,36.5209514]],[[-5.0196223,36.5227655],[-5.0198869,36.5226908],[-5.0200023,36.5225519],[-5.0195375,36.5226914],[-5.0196223,36.5227655]],[[-5.0319193,36.5258767],[-5.0318523,36.5258236],[-5.0317202,36.5258718],[-5.0319193,36.5258767]],[[-5.0315995,36.525914],[-5.031631,36.5259807],[-5.0316898,36.5258988],[-5.0315995,36.525914]],[[-5.0316444,36.526104],[-5.0316508,36.5260784],[-5.0315988,36.5260159],[-5.0316444,36.526104]],[[-5.0316146,36.5261067],[-5.031612,36.5261329],[-5.0316391,36.5261125],[-5.0316146,36.5261067]],[[-5.0316299,36.5261984],[-5.0316453,36.5261928],[-5.0316109,36.526143],[-5.0316299,36.5261984]],[[-5.0316762,36.526241],[-5.0316666,36.5262247],[-5.0316347,36.5262068],[-5.0316762,36.526241]],[[-5.0316701,36.5262559],[-5.0316811,36.5262751],[-5.0316814,36.5262505],[-5.0316701,36.5262559]],[[-5.0433514,36.5267302],[-5.043325,36.526737],[-5.043356,36.5267462],[-5.0433514,36.5267302]],[[-5.0472732,36.5311042],[-5.0461765,36.5308558],[-5.0457324,36.5311831],[-5.0454748,36.5312856],[-5.0451534,36.5312856],[-5.0455877,36.5322339],[-5.0461078,36.5320111],[-5.0468512,36.5323147],[-5.047234,36.5325966],[-5.0476805,36.532498],[-5.047889,36.5322141],[-5.0481908,36.5321885],[-5.0484092,36.5323009],[-5.0485785,36.5320959],[-5.0486226,36.5317292],[-5.0487502,36.5317351],[-5.0491035,36.532222],[-5.0495476,36.5330737],[-5.0496321,36.532994],[-5.0492164,36.5319638],[-5.0488778,36.5315951],[-5.0488925,36.5314946],[-5.0485858,36.5314709],[-5.0484902,36.5311831],[-5.0481638,36.5309426],[-5.0479013,36.5308834],[-5.0480902,36.5310293],[-5.0481172,36.5312067],[-5.0475112,36.5312639],[-5.0472732,36.5311042]],[[-5.0243611,36.5344777],[-5.0245641,36.5342954],[-5.025364,36.5338717],[-5.0254906,36.5335702],[-5.0259777,36.5330191],[-5.0260207,36.5328136],[-5.0259268,36.5326184],[-5.0255698,36.5324936],[-5.0253837,36.5325924],[-5.0252176,36.533043],[-5.0251488,36.5335398],[-5.024989,36.5336999],[-5.024698,36.533771],[-5.024128,36.5343649],[-5.0243611,36.5344777]],[[-5.0233859,36.5347855],[-5.0234979,36.5347609],[-5.0234351,36.5347179],[-5.0233859,36.5347855]],[[-5.02332,36.5348841],[-5.0232255,36.5348544],[-5.023241,36.5349622],[-5.02332,36.5348841]],[[-5.0230901,36.5350315],[-5.0230563,36.5349906],[-5.0230222,36.5350643],[-5.0230901,36.5350315]],[[-5.0227006,36.5352076],[-5.0228904,36.5351084],[-5.0227244,36.5351604],[-5.0227006,36.5352076]],[[-5.0368895,36.5382475],[-5.036926,36.5381169],[-5.0368519,36.5379749],[-5.036612,36.5379893],[-5.0366199,36.5382669],[-5.0365019,36.5383014],[-5.0366427,36.5383995],[-5.0368895,36.5382475]],[[-5.036687,36.5391031],[-5.036754,36.5393466],[-5.0369693,36.5394312],[-5.0370182,36.5392992],[-5.036687,36.5391031]],[[-5.0604243,36.541355],[-5.0602704,36.5411985],[-5.0601477,36.5411891],[-5.0603562,36.5413926],[-5.0604243,36.541355]],[[-5.0384451,36.5428301],[-5.0386316,36.5426922],[-5.0382531,36.5418125],[-5.0380375,36.5409661],[-5.037905,36.5409117],[-5.0370793,36.540957],[-5.0369954,36.5411805],[-5.0370678,36.5418291],[-5.0373052,36.5423312],[-5.0375091,36.542522],[-5.0375909,36.5428603],[-5.0377054,36.5428839],[-5.0382355,36.5426736],[-5.0384451,36.5428301]],[[-5.0410107,36.5432654],[-5.0414062,36.5434583],[-5.0416623,36.5434451],[-5.0417966,36.5432719],[-5.0415954,36.542968],[-5.0413795,36.5428646],[-5.0411488,36.5429109],[-5.0409642,36.5431121],[-5.0410107,36.5432654]],[[-5.0311133,36.5436619],[-5.0307389,36.5442888],[-5.0307162,36.5443824],[-5.0308419,36.5444915],[-5.0314902,36.5438677],[-5.031395,36.5436134],[-5.0312266,36.5435866],[-5.0311133,36.5436619]],[[-5.0069608,36.4669045],[-5.0069697,36.4666443],[-5.0068858,36.4665787],[-5.0069972,36.4666251],[-5.0070114,36.4667023],[-5.0071098,36.4666728],[-5.0069108,36.4664859],[-5.0068459,36.4662472],[-5.0067408,36.4663071],[-5.0069153,36.4665123],[-5.0068002,36.4665994],[-5.0069441,36.4669028],[-5.0069009,36.4669622],[-5.0068246,36.4667126],[-5.0066882,36.4665853],[-5.0065068,36.4666789],[-5.0068162,36.4671739],[-5.0069608,36.4669045]],[[-4.9866105,36.4732567],[-4.9864531,36.4733422],[-4.9867155,36.4732801],[-4.9866105,36.4732567]],[[-4.9996424,36.4759367],[-4.9998224,36.4760762],[-4.9998933,36.4758753],[-4.9996424,36.4759367]],[[-4.9876792,36.4772519],[-4.9875392,36.4772765],[-4.9876279,36.4776033],[-4.987768,36.4775787],[-4.9876792,36.4772519]],[[-4.973737,36.4787043],[-4.9737719,36.4788121],[-4.974117,36.4789243],[-4.9739533,36.4787262],[-4.973737,36.4787043]],[[-4.9933852,36.4792601],[-4.9932914,36.4791724],[-4.992998,36.4793434],[-4.9932119,36.4792411],[-4.9933852,36.4792601]],[[-4.9924808,36.4797958],[-4.9925044,36.4798207],[-4.9929264,36.4795265],[-4.9924808,36.4797958]],[[-4.9886248,36.4814003],[-4.9887518,36.4813545],[-4.9886957,36.481252],[-4.9885905,36.4812705],[-4.9886248,36.4814003]],[[-5.0105721,36.4819681],[-5.0107586,36.4819488],[-5.0106668,36.4817489],[-5.010574,36.4817866],[-5.0105721,36.4819681]],[[-4.9890586,36.4818901],[-4.9891078,36.4818438],[-4.9890033,36.4817291],[-4.9886002,36.4819597],[-4.9885748,36.4822089],[-4.9887672,36.482134],[-4.9887332,36.4820222],[-4.9888048,36.4819619],[-4.9890213,36.4819618],[-4.9888569,36.481875],[-4.9889561,36.4818315],[-4.9890586,36.4818901]],[[-5.0138881,36.4821765],[-5.0141521,36.4822074],[-5.0140916,36.4818536],[-5.0138771,36.481878],[-5.0138881,36.4821765]],[[-5.0024428,36.4821207],[-5.0025022,36.4826284],[-5.0027012,36.4828365],[-5.0031664,36.4826654],[-5.0032717,36.482531],[-5.0030718,36.4822618],[-5.0031157,36.4818321],[-5.0030017,36.4818068],[-5.0025376,36.4819929],[-5.0024428,36.4821207]],[[-4.9888168,36.4823031],[-4.9887156,36.4823674],[-4.9887625,36.4825242],[-4.9888624,36.4824622],[-4.9888168,36.4823031]],[[-4.9879824,36.4824267],[-4.9878928,36.4824734],[-4.9881486,36.482654],[-4.9879824,36.4824267]],[[-4.9864066,36.4835861],[-4.9857543,36.4838033],[-4.9858249,36.483897],[-4.9864066,36.4835861]],[[-4.9590381,36.4855019],[-4.9589966,36.4853687],[-4.9586,36.4854486],[-4.9585822,36.48557],[-4.9586592,36.4856232],[-4.9590381,36.4855019]],[[-4.9581281,36.4862074],[-4.958101,36.4860845],[-4.9580012,36.4860819],[-4.9580034,36.4862065],[-4.9581281,36.4862074]],[[-4.9554607,36.4864509],[-4.9555376,36.4863659],[-4.9554252,36.4863761],[-4.9554607,36.4864509]],[[-4.9895501,36.4868],[-4.9895615,36.486839],[-4.9896101,36.4868298],[-4.9896087,36.4867983],[-4.9895858,36.4867869],[-4.9895501,36.4868]],[[-4.9536247,36.4886701],[-4.953489,36.4886593],[-4.9534757,36.4887677],[-4.9536114,36.4887785],[-4.9536247,36.4886701]],[[-5.0035241,36.4934109],[-5.0035894,36.4935893],[-5.00354,36.494003],[-5.003686,36.4940155],[-5.0038149,36.4937848],[-5.0040203,36.4937115],[-5.0040418,36.493595],[-5.0039747,36.4932479],[-5.0037851,36.492961],[-5.0038194,36.4927025],[-5.0039399,36.4925729],[-5.0042459,36.4926033],[-5.0043454,36.4924191],[-5.0038921,36.4913139],[-5.0039591,36.4908762],[-5.0043558,36.4907819],[-5.005694,36.4910247],[-5.0057369,36.4909578],[-5.0055546,36.4908759],[-5.0055333,36.4907288],[-5.0054295,36.4906606],[-5.0048791,36.4905102],[-5.0043043,36.4901849],[-5.0037443,36.4901868],[-5.0034797,36.4899379],[-5.0019997,36.4901609],[-5.0020295,36.4902516],[-5.0022711,36.490304],[-5.0020575,36.4905451],[-5.0020737,36.491105],[-5.0016982,36.4921678],[-5.001804,36.4924955],[-5.001804,36.4930522],[-5.0019172,36.4937384],[-5.0017992,36.4942709],[-5.0019724,36.4942387],[-5.0024732,36.4935737],[-5.0027338,36.4935673],[-5.0034107,36.4933387],[-5.0035241,36.4934109]],[[-5.0061922,36.4931553],[-5.0061403,36.4933097],[-5.0062042,36.4933313],[-5.0062519,36.4932155],[-5.0061922,36.4931553]],[[-4.9461599,36.4952166],[-4.9456201,36.4943306],[-4.945651,36.4940138],[-4.9454835,36.4940142],[-4.9452941,36.4937897],[-4.9452331,36.4939088],[-4.9450622,36.4938689],[-4.9450194,36.493942],[-4.945604,36.4950096],[-4.945789,36.495236],[-4.9462155,36.4954991],[-4.946221,36.4956418],[-4.9465252,36.4957743],[-4.9468351,36.4965233],[-4.9467231,36.4966828],[-4.9470412,36.496697],[-4.9469967,36.4963486],[-4.9464898,36.4954574],[-4.9461599,36.4952166]],[[-4.9908904,36.4963072],[-4.9909065,36.4963342],[-4.9912968,36.4961692],[-4.9908904,36.4963072]],[[-4.9890602,36.4973294],[-4.9892016,36.4971587],[-4.988658,36.4968968],[-4.9884247,36.4964257],[-4.9884081,36.4966445],[-4.9885279,36.4969556],[-4.9887322,36.4972075],[-4.9890602,36.4973294]],[[-4.9938244,36.4996288],[-4.9941436,36.4987513],[-4.9937681,36.4988332],[-4.9935401,36.499051],[-4.993693,36.4996137],[-4.9938244,36.4996288]],[[-5.0146312,36.5000218],[-5.0147077,36.5002995],[-5.0146258,36.5004388],[-5.0149986,36.5005531],[-5.0152347,36.5007191],[-5.0153221,36.5006808],[-5.0153017,36.5004668],[-5.015417,36.5003655],[-5.0156799,36.5003418],[-5.0158546,36.5002243],[-5.0160802,36.5002634],[-5.0162661,36.5011931],[-5.0161832,36.5012857],[-5.0163275,36.5013625],[-5.0164309,36.5011094],[-5.0165978,36.501042],[-5.0167072,36.5005897],[-5.0166852,36.5002788],[-5.0168496,36.5002357],[-5.0173291,36.500356],[-5.0171578,36.5001499],[-5.0167823,36.4999429],[-5.0164497,36.4990804],[-5.0159884,36.4990287],[-5.0157029,36.4993208],[-5.0155216,36.4997165],[-5.0152584,36.4997218],[-5.0146312,36.5000218]],[[-4.9668288,36.5041726],[-4.9669408,36.5045387],[-4.9670882,36.5045588],[-4.9668989,36.5041693],[-4.9662388,36.5034214],[-4.9659974,36.5023261],[-4.9656544,36.5021152],[-4.965295,36.5017262],[-4.9650361,36.5016156],[-4.9647186,36.5013314],[-4.9646291,36.5013744],[-4.964972,36.501813],[-4.9649749,36.5019148],[-4.9648099,36.5020108],[-4.9649234,36.5021707],[-4.9654067,36.5023354],[-4.965501,36.5024633],[-4.965837,36.5023934],[-4.9659505,36.5024657],[-4.9660714,36.503206],[-4.9664427,36.5037782],[-4.9668288,36.5041726]],[[-4.9337586,36.5035295],[-4.9337956,36.5036443],[-4.9338511,36.50362],[-4.9338511,36.5035263],[-4.9337586,36.5035295]],[[-4.9494728,36.5051891],[-4.9496015,36.5050813],[-4.9493118,36.5048064],[-4.9495465,36.5048603],[-4.9496082,36.5047957],[-4.949399,36.5046059],[-4.9495116,36.5044399],[-4.9493936,36.5042728],[-4.9494567,36.5041219],[-4.9493239,36.5039581],[-4.9496458,36.5038686],[-4.9492756,36.5037101],[-4.9492166,36.5037867],[-4.9492474,36.5040087],[-4.9493306,36.5040831],[-4.9493453,36.5044238],[-4.9492193,36.5048075],[-4.9492957,36.5050856],[-4.9494728,36.5051891]],[[-4.9774515,36.5045661],[-4.977363,36.5045014],[-4.9769947,36.5045709],[-4.9770792,36.5046534],[-4.9774213,36.504634],[-4.9774515,36.5045661]],[[-4.9805986,36.5047084],[-4.9805181,36.5046114],[-4.9801278,36.5046324],[-4.9802384,36.5047505],[-4.9805342,36.5047828],[-4.9805986,36.5047084]],[[-4.9798823,36.5048491],[-4.9800533,36.5049203],[-4.980657,36.504909],[-4.9805986,36.5048216],[-4.9800513,36.5047181],[-4.9798823,36.5048491]],[[-4.9805845,36.5050481],[-4.9801841,36.5050707],[-4.9802686,36.5051839],[-4.9805825,36.505116],[-4.9805845,36.5050481]],[[-4.9564749,36.505193],[-4.9564505,36.5050441],[-4.9562163,36.5050413],[-4.9561884,36.5051817],[-4.9563212,36.5052407],[-4.9564749,36.505193]],[[-4.9569362,36.5051143],[-4.9566287,36.5050581],[-4.9565658,36.5051845],[-4.9569293,36.5052801],[-4.9569362,36.5051143]],[[-4.8418204,36.5075444],[-4.8419045,36.5077535],[-4.8419875,36.5077303],[-4.8419714,36.5071055],[-4.8417736,36.5060164],[-4.8419882,36.5045072],[-4.8422255,36.5037979],[-4.8423396,36.5031447],[-4.8421365,36.5031196],[-4.841705,36.5052773],[-4.8417763,36.505305],[-4.8417146,36.5056585],[-4.8418204,36.5075444]],[[-4.9828727,36.5053526],[-4.9830518,36.505668],[-4.983224,36.505663],[-4.9833331,36.5053958],[-4.9832081,36.5053019],[-4.9828727,36.5053526]],[[-4.958011,36.5057328],[-4.9581452,36.5056462],[-4.9576126,36.5054272],[-4.9574581,36.5055318],[-4.9575679,36.5056821],[-4.958011,36.5057328]],[[-4.8319363,36.5056574],[-4.8318775,36.5057089],[-4.8319481,36.5057704],[-4.8320186,36.5057087],[-4.8319363,36.5056574]],[[-4.9689271,36.5059985],[-4.9698275,36.5064606],[-4.969872,36.5066807],[-4.9698942,36.5064551],[-4.9698155,36.5062473],[-4.9695663,36.5062438],[-4.9693089,36.5059714],[-4.9684619,36.5056006],[-4.9687204,36.5057317],[-4.9689271,36.5059985]],[[-4.9672563,36.5052952],[-4.9676226,36.5053902],[-4.9679319,36.5053237],[-4.9674531,36.5051852],[-4.9672375,36.5049238],[-4.9671159,36.5045798],[-4.9670269,36.5046128],[-4.9668763,36.5053379],[-4.9665151,36.5060396],[-4.966397,36.5066917],[-4.9664124,36.5068059],[-4.9667745,36.5071265],[-4.967246,36.5073315],[-4.9672255,36.5072311],[-4.9669619,36.5071609],[-4.9666298,36.5069449],[-4.9664672,36.5067234],[-4.9666349,36.505968],[-4.9669619,36.5054315],[-4.9672563,36.5052952]],[[-4.998311,36.5058294],[-4.9979376,36.5058085],[-4.9976106,36.5059385],[-4.9975381,36.5060428],[-4.9975696,36.5063468],[-4.9976882,36.5064501],[-4.9978372,36.5064207],[-4.9983749,36.5060009],[-4.998311,36.5058294]],[[-4.8120238,36.5059817],[-4.8120938,36.5061606],[-4.8123097,36.506329],[-4.8126047,36.5063839],[-4.8126301,36.5063159],[-4.8122958,36.5059569],[-4.8120238,36.5059817]],[[-4.8149349,36.5062592],[-4.8151237,36.5063988],[-4.8151663,36.5066619],[-4.8154748,36.5065093],[-4.8154832,36.5062841],[-4.8150355,36.5061135],[-4.8149349,36.5062592]],[[-4.9598059,36.5075121],[-4.9598079,36.5072997],[-4.9595294,36.5070889],[-4.9593038,36.5066053],[-4.9591209,36.5065612],[-4.9590274,36.5062082],[-4.9587082,36.506053],[-4.9584582,36.5057965],[-4.9582671,36.5057916],[-4.9583322,36.5059452],[-4.9588038,36.5061396],[-4.9589034,36.506388],[-4.9591331,36.5066347],[-4.9591229,36.5067491],[-4.9594685,36.5070235],[-4.9595579,36.5073193],[-4.9598059,36.5075121]],[[-4.9944922,36.506839],[-4.9945417,36.5068699],[-4.994751,36.5066324],[-4.9945422,36.5065503],[-4.9943595,36.5066349],[-4.9945661,36.5067103],[-4.9944922,36.506839]],[[-4.8886398,36.5068579],[-4.8885998,36.5068188],[-4.88861,36.5069965],[-4.8886398,36.5068579]],[[-4.8890795,36.5068792],[-4.8890395,36.5068401],[-4.8890497,36.5070178],[-4.8890795,36.5068792]],[[-4.8864724,36.5072526],[-4.8863988,36.5073706],[-4.8864238,36.5073769],[-4.8864724,36.5072526]],[[-4.8867226,36.5073218],[-4.8866474,36.5074345],[-4.8866733,36.5074414],[-4.8867226,36.5073218]],[[-4.8863749,36.5075002],[-4.8862821,36.5076619],[-4.8863093,36.507668],[-4.8863749,36.5075002]],[[-4.8866286,36.5075549],[-4.8866024,36.5075479],[-4.886558,36.5077333],[-4.8866286,36.5075549]],[[-4.8193911,36.5073563],[-4.8192623,36.5078117],[-4.8194496,36.5080472],[-4.8194964,36.5079895],[-4.8193574,36.5078707],[-4.8194971,36.5078267],[-4.8196267,36.5076533],[-4.8193747,36.5075731],[-4.8195969,36.5074149],[-4.8193911,36.5073563]],[[-4.9882637,36.5076215],[-4.9880377,36.5077178],[-4.9881705,36.5079319],[-4.9882674,36.5079509],[-4.9884532,36.5078416],[-4.9883971,36.5076759],[-4.9882637,36.5076215]],[[-4.8862896,36.5077295],[-4.8861895,36.5079025],[-4.8862196,36.50791],[-4.8862896,36.5077295]],[[-4.8865401,36.5077774],[-4.8864282,36.5079877],[-4.8864526,36.5079952],[-4.8865401,36.5077774]],[[-4.8918551,36.5079078],[-4.8918539,36.5079293],[-4.891887,36.5079068],[-4.8918551,36.5079078]],[[-4.8104587,36.5084355],[-4.8105054,36.5085776],[-4.8106521,36.5086044],[-4.8110157,36.5081754],[-4.8113026,36.5080226],[-4.8117863,36.5075748],[-4.8117897,36.5074005],[-4.8116529,36.5072986],[-4.8104587,36.5084355]],[[-4.8861896,36.5079759],[-4.88609,36.5081482],[-4.8861177,36.5081558],[-4.8861896,36.5079759]],[[-4.9673131,36.5072778],[-4.9673295,36.5073656],[-4.9680493,36.5075588],[-4.968128,36.5077563],[-4.9680288,36.5079455],[-4.9681932,36.5082],[-4.9679792,36.5083513],[-4.9681281,36.5085054],[-4.9682462,36.5088177],[-4.9683831,36.5088851],[-4.9684208,36.5086829],[-4.9683438,36.5085109],[-4.9684687,36.5079964],[-4.9684054,36.5078175],[-4.9679929,36.5074336],[-4.9673131,36.5072778]],[[-4.8926084,36.508069],[-4.8926145,36.5080994],[-4.8926499,36.5080637],[-4.8926084,36.508069]],[[-4.9723301,36.5092019],[-4.9728165,36.5092576],[-4.9721977,36.5089465],[-4.9718144,36.5084416],[-4.9715603,36.5083525],[-4.9713641,36.507933],[-4.9704865,36.5071163],[-4.9701886,36.5069493],[-4.96996,36.5069957],[-4.9700108,36.5071201],[-4.9702533,36.5072778],[-4.9707198,36.507443],[-4.9709622,36.5076268],[-4.9713752,36.5081749],[-4.971527,36.5085031],[-4.9717392,36.5087328],[-4.9719116,36.5087861],[-4.9719986,36.5090065],[-4.9723301,36.5092019]],[[-4.8864345,36.5080383],[-4.8864091,36.5080323],[-4.8863645,36.508217],[-4.8864345,36.5080383]],[[-4.9859646,36.5083384],[-4.9861055,36.5085304],[-4.9864928,36.5085001],[-4.9864677,36.5083262],[-4.9865608,36.5080412],[-4.9857257,36.5080351],[-4.9856653,36.5081847],[-4.9857106,36.5082878],[-4.9859646,36.5083384]],[[-4.8860708,36.5082943],[-4.8859707,36.5084674],[-4.8860008,36.5084749],[-4.8860708,36.5082943]],[[-4.8863105,36.5083559],[-4.8862104,36.508529],[-4.8862404,36.5085365],[-4.8863105,36.5083559]],[[-4.8851046,36.5085325],[-4.8850232,36.5085547],[-4.8851251,36.5085965],[-4.8851046,36.5085325]],[[-4.8847486,36.5088272],[-4.8847703,36.5088436],[-4.8847708,36.5088108],[-4.8847486,36.5088272]],[[-4.8319857,36.5089955],[-4.8319669,36.5090782],[-4.8322399,36.5090074],[-4.8322216,36.5089346],[-4.8319857,36.5089955]],[[-4.8727472,36.5090597],[-4.8722412,36.5090865],[-4.8727594,36.5091411],[-4.8727472,36.5090597]],[[-4.8315571,36.5090274],[-4.8315741,36.5092486],[-4.8317861,36.5091775],[-4.831707,36.5090077],[-4.8315571,36.5090274]],[[-4.9809438,36.5096923],[-4.9811365,36.5096324],[-4.9816457,36.5097803],[-4.9818984,36.5097299],[-4.9819628,36.5096251],[-4.9818469,36.5094284],[-4.9812723,36.5096661],[-4.9810324,36.5095824],[-4.9809003,36.5096354],[-4.9804258,36.5095743],[-4.9809438,36.5096923]],[[-4.9735452,36.5092994],[-4.973083,36.5093049],[-4.9730539,36.5093613],[-4.9736085,36.5097094],[-4.973576,36.5099859],[-4.9736838,36.5101235],[-4.9737335,36.509781],[-4.9738447,36.5097204],[-4.9749214,36.5098993],[-4.9735452,36.5092994]],[[-4.8324392,36.5098258],[-4.8322949,36.5101121],[-4.8323812,36.5102238],[-4.8325152,36.5102408],[-4.8327473,36.5097938],[-4.8326794,36.5094374],[-4.8325219,36.5094059],[-4.8324094,36.5096233],[-4.8324392,36.5098258]],[[-4.8310838,36.5102689],[-4.8311849,36.5096805],[-4.8309733,36.509744],[-4.8309795,36.5102508],[-4.8310838,36.5102689]],[[-4.8839763,36.5100036],[-4.88395,36.5099965],[-4.8839683,36.5100242],[-4.8839763,36.5100036]],[[-4.8111605,36.5104636],[-4.8107602,36.5101251],[-4.8106393,36.5101989],[-4.8106518,36.5104368],[-4.8110104,36.5105307],[-4.8111605,36.5104636]],[[-4.8113106,36.5105307],[-4.8114608,36.5106815],[-4.8114941,36.5105508],[-4.8113649,36.5104435],[-4.8113106,36.5105307]],[[-4.9780013,36.5110685],[-4.978164,36.5108584],[-4.9768995,36.5106718],[-4.9768008,36.5110771],[-4.9777665,36.5112057],[-4.9778732,36.5110642],[-4.9780013,36.5110685]],[[-4.9685246,36.5119114],[-4.968758,36.511864],[-4.9691121,36.5116441],[-4.9692046,36.5115021],[-4.9690088,36.5113749],[-4.9680794,36.5113024],[-4.9678259,36.511449],[-4.967146,36.511463],[-4.9677991,36.5118036],[-4.9685246,36.5119114]],[[-4.9605883,36.5111424],[-4.9603367,36.5112239],[-4.9604345,36.5121508],[-4.9603367,36.5122913],[-4.9603961,36.5125721],[-4.9606127,36.5124598],[-4.9610181,36.5113138],[-4.9605883,36.5111424]],[[-4.8470847,36.5114514],[-4.8470379,36.5113975],[-4.8467118,36.5115766],[-4.8461354,36.5115987],[-4.8460163,36.5117244],[-4.8460093,36.511929],[-4.846235,36.5122234],[-4.8464941,36.5121842],[-4.8465114,36.512533],[-4.8469769,36.5125412],[-4.8469668,36.5124611],[-4.8468326,36.5124056],[-4.8467655,36.5121376],[-4.8468143,36.5120232],[-4.8470928,36.511886],[-4.8471151,36.5117226],[-4.8469911,36.5115625],[-4.8470847,36.5114514]],[[-4.9048837,36.5120781],[-4.9049257,36.5119407],[-4.9047736,36.5119439],[-4.9047384,36.512063],[-4.904861,36.5120891],[-4.9049799,36.5122619],[-4.9049791,36.5125445],[-4.9050337,36.5125262],[-4.9050166,36.5122616],[-4.9048837,36.5120781]],[[-4.9955667,36.512533],[-4.9955719,36.5124109],[-4.9953733,36.5121156],[-4.9951867,36.5122447],[-4.99517,36.5123428],[-4.9955667,36.512533]],[[-4.9765789,36.5129585],[-4.9772207,36.5129615],[-4.977412,36.5128857],[-4.9772666,36.5127021],[-4.9765917,36.5124939],[-4.9765789,36.5129585]],[[-4.8116424,36.5125817],[-4.8115039,36.5125945],[-4.8113815,36.5129169],[-4.8115732,36.5129696],[-4.8117377,36.5126736],[-4.8116424,36.5125817]],[[-5.0092643,36.513449],[-5.0095946,36.5131754],[-5.0097603,36.512905],[-5.0097369,36.5127146],[-5.0095987,36.5126812],[-5.0091769,36.5129442],[-5.0089563,36.5132138],[-5.0089574,36.5134253],[-5.0092643,36.513449]],[[-4.995599,36.5132473],[-4.9958404,36.51347],[-4.9956806,36.5131509],[-4.995599,36.5132473]],[[-4.9961897,36.5137421],[-4.9962179,36.5136833],[-4.9959801,36.5135723],[-4.9961897,36.5137421]],[[-4.8830602,36.5140167],[-4.8831577,36.5141179],[-4.8835306,36.5141467],[-4.8835267,36.513842],[-4.8833376,36.5137246],[-4.8836025,36.5137456],[-4.8837365,36.51329],[-4.8832174,36.5132095],[-4.8830895,36.5136787],[-4.8832898,36.5137208],[-4.8832806,36.5137753],[-4.883086,36.5138633],[-4.8830602,36.5140167]],[[-4.9608096,36.5138615],[-4.9608722,36.5136868],[-4.9607926,36.513643],[-4.9607363,36.5138413],[-4.9608096,36.5138615]],[[-4.9963197,36.5137137],[-4.9961884,36.5138072],[-4.9964204,36.5138458],[-4.9963197,36.5137137]],[[-4.8835187,36.5147117],[-4.883689,36.5145938],[-4.8835108,36.5144026],[-4.8834554,36.5142084],[-4.8831328,36.5142945],[-4.8832203,36.5145392],[-4.8835187,36.5147117]],[[-4.960734,36.5144933],[-4.9605035,36.5144853],[-4.9606271,36.5150221],[-4.960724,36.5150221],[-4.9607373,36.5148879],[-4.9608576,36.5148852],[-4.9609544,36.5150893],[-4.9611314,36.514853],[-4.9607407,36.514802],[-4.960734,36.5144933]],[[-5.0112054,36.5143556],[-5.0111812,36.5144943],[-5.0114158,36.5150344],[-5.0113208,36.5154622],[-5.0115884,36.5155861],[-5.0117242,36.5155455],[-5.0119249,36.5152385],[-5.0121944,36.5150889],[-5.0122157,36.5150024],[-5.0119055,36.5147118],[-5.0116563,36.5142208],[-5.0114217,36.514153],[-5.0112054,36.5143556]],[[-4.9918066,36.5161438],[-4.9919781,36.5161451],[-4.9921401,36.5154953],[-4.9920968,36.5150661],[-4.9920111,36.5149611],[-4.9921055,36.5148423],[-4.9920662,36.5147614],[-4.9916399,36.514989],[-4.9916525,36.5159757],[-4.9918066,36.5161438]],[[-4.9607847,36.5153915],[-4.960966,36.5158203],[-4.9611045,36.5156856],[-4.9609916,36.5153186],[-4.9607847,36.5153915]],[[-4.9613771,36.5158221],[-4.9612335,36.5157577],[-4.9611667,36.5158087],[-4.9613771,36.5161979],[-4.9614506,36.5160503],[-4.9613771,36.5158221]],[[-4.9918004,36.5161618],[-4.9916046,36.5160158],[-4.9914198,36.5161757],[-4.9918413,36.5162427],[-4.9919105,36.516323],[-4.9919074,36.5165764],[-4.9919868,36.5162016],[-4.9918004,36.5161618]],[[-4.9040828,36.5185015],[-4.9037315,36.5183873],[-4.9037038,36.518525],[-4.9038292,36.5185894],[-4.9040828,36.5185015]],[[-4.9038784,36.5190818],[-4.9037018,36.5190272],[-4.9037404,36.5194156],[-4.9038384,36.5194686],[-4.9039458,36.5192406],[-4.9038784,36.5190818]],[[-4.9762566,36.5203232],[-4.9765681,36.5205688],[-4.9767468,36.5209164],[-4.9764758,36.5211574],[-4.976643,36.521264],[-4.9768276,36.5211343],[-4.9771044,36.5211713],[-4.9777272,36.5214262],[-4.9777962,36.5215924],[-4.9780995,36.5215075],[-4.9782463,36.5213845],[-4.978229,36.5211482],[-4.977485,36.5205132],[-4.9769891,36.5197856],[-4.9773178,36.5190996],[-4.9778599,36.5191599],[-4.9777618,36.5190347],[-4.9773755,36.5189189],[-4.9770986,36.5186547],[-4.9762163,36.5189977],[-4.9762855,36.5190904],[-4.975951,36.5197114],[-4.9762566,36.5203232]],[[-4.9929219,36.5214753],[-4.9931627,36.5214945],[-4.9933487,36.5205834],[-4.9931842,36.5203497],[-4.9928587,36.5203181],[-4.9927555,36.5204033],[-4.9929219,36.5214753]],[[-4.8155769,36.5210389],[-4.815248,36.5207905],[-4.8151006,36.5209181],[-4.8151459,36.5210913],[-4.8152905,36.5211368],[-4.8155769,36.5210389]],[[-4.9646929,36.5224497],[-4.9647671,36.5231754],[-4.9646375,36.5234668],[-4.9649024,36.5234561],[-4.9653912,36.5239906],[-4.9655333,36.5240165],[-4.9658632,36.5238979],[-4.9659101,36.5235041],[-4.9657382,36.5226137],[-4.9659238,36.5222906],[-4.9656701,36.5219062],[-4.9662226,36.5215344],[-4.9662535,36.5212348],[-4.9660617,36.5212402],[-4.96598,36.5210364],[-4.965811,36.5209146],[-4.9655434,36.5209592],[-4.9654784,36.5208739],[-4.9655403,36.5207297],[-4.9648599,36.5204613],[-4.9647609,36.5207198],[-4.9647609,36.5210628],[-4.9648042,36.5211871],[-4.9652001,36.5214555],[-4.964897,36.5217687],[-4.9648413,36.5219874],[-4.9646001,36.5222856],[-4.9646929,36.5224497]],[[-4.9091303,36.5234845],[-4.9091497,36.5234167],[-4.9090851,36.5234654],[-4.9091303,36.5234845]],[[-5.0107139,36.5248039],[-5.0108334,36.5247185],[-5.0107271,36.5246225],[-5.0106076,36.5247079],[-5.0107139,36.5248039]],[[-4.8945767,36.5247009],[-4.894435,36.5246613],[-4.8943025,36.5247356],[-4.8944719,36.5248519],[-4.8945767,36.5247009]],[[-5.0108298,36.5248123],[-5.0107559,36.5248521],[-5.0109584,36.5250951],[-5.0110323,36.5250554],[-5.0108298,36.5248123]],[[-4.9603355,36.5350661],[-4.9606065,36.5349585],[-4.9601149,36.5340467],[-4.9597719,36.5341873],[-4.9603355,36.5350661]],[[-4.9961533,36.5381725],[-4.9961824,36.5382587],[-4.9966257,36.538162],[-4.9965966,36.5380759],[-4.9961533,36.5381725]],[[-4.9969018,36.5391412],[-4.9978581,36.538619],[-4.9970794,36.5386775],[-4.9968752,36.5383845],[-4.9969198,36.5382312],[-4.9959523,36.5384147],[-4.996113,36.538989],[-4.9959901,36.5392606],[-4.9960515,36.5395857],[-4.9965791,36.5407133],[-4.9968096,36.5408614],[-4.9970811,36.5408861],[-4.99723,36.5410602],[-4.9973747,36.5410744],[-4.9981985,36.5407954],[-4.9982182,36.540524],[-4.9981209,36.5402935],[-4.9979867,36.5401565],[-4.9974396,36.5398943],[-4.9969428,36.5393717],[-4.9969018,36.5391412]],[[-4.7746536,36.4912533],[-4.7744896,36.4912525],[-4.774627,36.491389],[-4.7746536,36.4912533]],[[-4.7749616,36.4915686],[-4.7749718,36.491658],[-4.7749827,36.4915684],[-4.7749616,36.4915686]],[[-4.7743954,36.4922166],[-4.7746089,36.4923651],[-4.7746926,36.4923171],[-4.7747521,36.4920756],[-4.7746409,36.4919763],[-4.7746052,36.4920453],[-4.7746936,36.4921249],[-4.7743954,36.4922166]],[[-4.7874477,36.4940785],[-4.7875065,36.4941539],[-4.7875357,36.4940947],[-4.7874477,36.4940785]],[[-4.7873805,36.4946605],[-4.7873343,36.494644],[-4.7872897,36.4946665],[-4.7873805,36.4946605]],[[-4.7870131,36.4956669],[-4.7870243,36.4957175],[-4.7870781,36.4957005],[-4.7870131,36.4956669]],[[-4.8028392,36.4968134],[-4.802894,36.4968258],[-4.8028586,36.4967706],[-4.8028392,36.4968134]],[[-4.8009058,36.4969501],[-4.8008968,36.4969328],[-4.8008836,36.4969559],[-4.8009058,36.4969501]],[[-4.8015915,36.4971699],[-4.8015871,36.4971177],[-4.8015148,36.4971785],[-4.8015915,36.4971699]],[[-4.8016294,36.4976627],[-4.8016284,36.4976404],[-4.8015917,36.4976612],[-4.8016294,36.4976627]],[[-4.7660247,36.5006455],[-4.7659008,36.5008458],[-4.7660735,36.501002],[-4.7660315,36.5012538],[-4.766132,36.5015529],[-4.7663902,36.5017211],[-4.7665143,36.5016603],[-4.7666181,36.5014231],[-4.7664821,36.5007677],[-4.7663051,36.5006372],[-4.7660247,36.5006455]],[[-4.7668531,36.5014561],[-4.7666319,36.5015875],[-4.7666473,36.5019023],[-4.7669673,36.5019644],[-4.7670492,36.5018018],[-4.7670073,36.5014818],[-4.7668531,36.5014561]],[[-4.7655052,36.5018497],[-4.7657434,36.5019698],[-4.7657679,36.5018093],[-4.7656056,36.5017793],[-4.7655052,36.5018497]],[[-4.7664205,36.5019341],[-4.7661403,36.5019003],[-4.766124,36.5019923],[-4.7664007,36.5020289],[-4.7664205,36.5019341]],[[-4.7792653,36.5053568],[-4.7791338,36.5054172],[-4.7792223,36.505663],[-4.7795818,36.5059713],[-4.7799948,36.506105],[-4.7803167,36.5060467],[-4.7803489,36.5059799],[-4.7799814,36.5058139],[-4.7798687,36.5056005],[-4.7796113,36.5055681],[-4.7792653,36.5053568]],[[-4.761275,36.5115677],[-4.7613286,36.5116992],[-4.7616478,36.5115138],[-4.7614641,36.511465],[-4.761275,36.5115677]],[[-4.7732302,36.5154167],[-4.7735388,36.5152889],[-4.7736182,36.5151081],[-4.7735317,36.5148863],[-4.7732796,36.5148162],[-4.7724795,36.5152197],[-4.7728595,36.5153818],[-4.7732302,36.5154167]],[[-4.772996,36.516295],[-4.7731623,36.5159458],[-4.7729195,36.5163047],[-4.7729008,36.5164535],[-4.7730349,36.516433],[-4.772996,36.516295]],[[-4.7729289,36.5165411],[-4.7727522,36.5167975],[-4.7726986,36.5170972],[-4.7727822,36.5172261],[-4.7731702,36.5172273],[-4.7735735,36.5168015],[-4.7734727,36.5165008],[-4.773155,36.5164605],[-4.7729289,36.5165411]],[[-4.7703838,36.5317175],[-4.7708559,36.5319545],[-4.7712046,36.5318877],[-4.7711134,36.5316507],[-4.7708291,36.5315968],[-4.7705555,36.5313813],[-4.7703838,36.5317175]],[[-4.7287446,36.4880282],[-4.7287202,36.4880327],[-4.7287482,36.4880462],[-4.7287446,36.4880282]],[[-4.7132195,36.4881852],[-4.7133742,36.488175],[-4.7132315,36.4880679],[-4.7130856,36.4880718],[-4.7132195,36.4881852]],[[-4.7400201,36.4909563],[-4.7399414,36.4908436],[-4.7397759,36.4908319],[-4.7397279,36.4911279],[-4.7398835,36.4911236],[-4.7400201,36.4909563]],[[-4.7394179,36.4913551],[-4.7395433,36.4914315],[-4.7396017,36.4916249],[-4.739685,36.4916406],[-4.7398167,36.4915529],[-4.7397559,36.4914559],[-4.7398868,36.4913507],[-4.7394483,36.4912568],[-4.7394179,36.4913551]],[[-4.7389822,36.4919635],[-4.7387602,36.4918577],[-4.738722,36.4919347],[-4.7392197,36.4921958],[-4.7395172,36.4921376],[-4.7397688,36.4919504],[-4.73968,36.4918539],[-4.7393428,36.4917538],[-4.7389822,36.4919635]],[[-4.7371151,36.4954466],[-4.7370277,36.4956795],[-4.7372015,36.4958944],[-4.7373987,36.4955602],[-4.7372543,36.4954401],[-4.7371151,36.4954466]],[[-4.7364956,36.4960259],[-4.7364272,36.4961159],[-4.7368088,36.4961542],[-4.7371474,36.4960173],[-4.7368892,36.4959456],[-4.7367618,36.4960383],[-4.7364956,36.4960259]],[[-4.7369055,36.4969072],[-4.7369687,36.4968762],[-4.7369548,36.4967288],[-4.737172,36.496631],[-4.7371782,36.4965295],[-4.7374216,36.4965208],[-4.7374647,36.4964353],[-4.7373384,36.4962966],[-4.7371196,36.4963177],[-4.7369871,36.4964155],[-4.73683,36.4963412],[-4.7367083,36.4964031],[-4.7369055,36.4969072]],[[-4.7241641,36.4966101],[-4.7240397,36.4965793],[-4.7239791,36.4966665],[-4.7240365,36.4969358],[-4.7243235,36.4970876],[-4.7241641,36.4966101]],[[-4.7043571,36.4997772],[-4.7041289,36.4999069],[-4.7040236,36.4998191],[-4.7042417,36.4995532],[-4.7043623,36.4996239],[-4.7043604,36.4997713],[-4.7044064,36.4996197],[-4.7043217,36.4994404],[-4.7041553,36.4995029],[-4.7039962,36.4997962],[-4.7040293,36.4999067],[-4.7041617,36.4999253],[-4.7043571,36.4997772]],[[-4.7089482,36.5008178],[-4.7090833,36.5008248],[-4.7091982,36.5003652],[-4.7094874,36.5000138],[-4.7095095,36.499815],[-4.7092677,36.4996594],[-4.7091385,36.4996943],[-4.7088118,36.5004397],[-4.7085416,36.5007736],[-4.7086201,36.5009587],[-4.7089023,36.5008923],[-4.7089482,36.5008178]],[[-4.7024782,36.5015251],[-4.7022544,36.5013185],[-4.7020701,36.5013376],[-4.7022195,36.5017968],[-4.7023831,36.5018308],[-4.7024782,36.5015251]],[[-4.7077949,36.5027838],[-4.7078028,36.5025446],[-4.7080015,36.5024754],[-4.7080015,36.5023015],[-4.7076088,36.50224],[-4.7072214,36.5025515],[-4.7073704,36.5028091],[-4.707406,36.5031998],[-4.7076928,36.5032464],[-4.7076637,36.5029812],[-4.7077949,36.5027838]],[[-4.6865483,36.5045172],[-4.6861727,36.5042118],[-4.6857391,36.5044206],[-4.6857219,36.5044999],[-4.6859323,36.5045275],[-4.6858722,36.5048208],[-4.6864581,36.5050227],[-4.6865848,36.5049192],[-4.6865483,36.5045172]],[[-4.688826,36.507219],[-4.6889953,36.5070739],[-4.6889352,36.5069261],[-4.6888075,36.5068809],[-4.6884236,36.5070592],[-4.6884822,36.5072864],[-4.6886645,36.5075278],[-4.689227,36.5074902],[-4.6889777,36.5073947],[-4.688826,36.507219]],[[-4.6893729,36.5098085],[-4.6894508,36.5099789],[-4.689681,36.509912],[-4.6896607,36.5097788],[-4.6895567,36.5097274],[-4.6893729,36.5098085]],[[-4.6900426,36.510112],[-4.6900912,36.5102443],[-4.6902726,36.5102038],[-4.6901903,36.5100564],[-4.6900426,36.510112]],[[-4.6894558,36.5101136],[-4.6894871,36.510338],[-4.6898048,36.510337],[-4.6897687,36.5100623],[-4.6894558,36.5101136]],[[-4.6682585,36.5119619],[-4.6683108,36.5123554],[-4.6684449,36.512337],[-4.6683121,36.5119145],[-4.6682585,36.5119619]],[[-4.712153,36.5126131],[-4.7119147,36.5127269],[-4.7114077,36.5127095],[-4.7112965,36.5128093],[-4.7114597,36.513045],[-4.7118338,36.5129428],[-4.712023,36.5129823],[-4.7121949,36.512778],[-4.712153,36.5126131]],[[-4.6686541,36.5128285],[-4.6683711,36.5127887],[-4.6686863,36.5132759],[-4.6687936,36.5131907],[-4.6686394,36.5130107],[-4.6686541,36.5128285]],[[-4.7092478,36.51425],[-4.7088781,36.5140809],[-4.7086452,36.51414],[-4.7085206,36.5142385],[-4.7085227,36.5146227],[-4.7085962,36.5147392],[-4.7089884,36.5148312],[-4.7092478,36.51425]],[[-4.6672577,36.5150615],[-4.6676108,36.5148366],[-4.6672067,36.5150055],[-4.6670887,36.5151556],[-4.6671924,36.5152555],[-4.6672577,36.5150615]],[[-4.7037169,36.5165405],[-4.7035432,36.5163789],[-4.7033274,36.5164153],[-4.7032727,36.5165807],[-4.7034408,36.5166482],[-4.7036126,36.5169195],[-4.7037689,36.5168669],[-4.7036588,36.5166957],[-4.7037169,36.5165405]],[[-4.6616272,36.5177678],[-4.6616961,36.5176705],[-4.6616418,36.5173064],[-4.6617963,36.5170664],[-4.6614518,36.5169003],[-4.6611762,36.5172007],[-4.6616272,36.5177678]],[[-4.6658519,36.5254775],[-4.6652684,36.5255922],[-4.6650591,36.5252787],[-4.6649163,36.5252329],[-4.6647641,36.5252762],[-4.6647134,36.5253883],[-4.6647197,36.5255055],[-4.6650464,36.5258954],[-4.6652937,36.5260611],[-4.6653857,36.5260662],[-4.6656489,36.5258572],[-4.6661278,36.5257527],[-4.6661246,36.5256075],[-4.6658519,36.5254775]],[[-4.7257297,36.5344706],[-4.7256102,36.5341233],[-4.725433,36.5343122],[-4.724943,36.534413],[-4.7250187,36.5345362],[-4.7252916,36.5346434],[-4.7257297,36.5344706]],[[-4.7226773,36.5367676],[-4.722967,36.5367417],[-4.7228088,36.5366297],[-4.7228383,36.5365176],[-4.7227369,36.5364919],[-4.7225701,36.536593],[-4.7226773,36.5367676]],[[-4.7388543,36.5386138],[-4.7388047,36.5383435],[-4.7386571,36.5382471],[-4.738147,36.538184],[-4.7379912,36.5380167],[-4.7378312,36.5383036],[-4.7379705,36.5386581],[-4.7383193,36.5388177],[-4.7387068,36.5388398],[-4.7388543,36.5386138]],[[-4.7399016,36.5384867],[-4.7399568,36.538798],[-4.740267,36.5388372],[-4.7403379,36.5387765],[-4.7403395,36.5383146],[-4.7402025,36.5382589],[-4.7399016,36.5384867]],[[-4.7109498,36.5387697],[-4.7112015,36.538668],[-4.711555,36.538677],[-4.7116309,36.5385764],[-4.7114732,36.5383513],[-4.7111417,36.5384374],[-4.7108618,36.5386092],[-4.7109498,36.5387697]],[[-4.7166415,36.5389921],[-4.7165777,36.5388616],[-4.7161754,36.5388024],[-4.7159906,36.5388536],[-4.7160901,36.5391576],[-4.716382,36.5391373],[-4.7166415,36.5389921]],[[-4.6931165,36.5408233],[-4.6934142,36.5408147],[-4.6936663,36.54061],[-4.6936717,36.5405109],[-4.6933364,36.540276],[-4.6931514,36.5403018],[-4.6931058,36.540416],[-4.6931943,36.5405604],[-4.6930709,36.5407199],[-4.6931165,36.5408233]],[[-4.7011057,36.5418013],[-4.7012225,36.5414101],[-4.7014404,36.5411089],[-4.7013792,36.5409222],[-4.70115,36.54098],[-4.7009935,36.5412188],[-4.7006715,36.5414194],[-4.7002617,36.5419488],[-4.700235,36.5421757],[-4.7013106,36.5426201],[-4.7014635,36.5425524],[-4.701498,36.5424113],[-4.7011232,36.542252],[-4.7011057,36.5418013]],[[-4.7235875,36.5420527],[-4.7231045,36.5423591],[-4.7229406,36.5425842],[-4.7229071,36.5427856],[-4.7230377,36.5429108],[-4.7240449,36.5430875],[-4.724184,36.5430204],[-4.7243623,36.5426639],[-4.7249456,36.5420638],[-4.7254239,36.5417938],[-4.7251346,36.5412975],[-4.7248102,36.541086],[-4.7246882,36.5412812],[-4.7247518,36.5414972],[-4.7245718,36.54168],[-4.7241272,36.5417702],[-4.7237394,36.541655],[-4.7235875,36.5420527]],[[-4.689981,36.5446095],[-4.6901285,36.5446009],[-4.6900775,36.5442066],[-4.6902519,36.5440342],[-4.6901795,36.5439135],[-4.6898254,36.5437368],[-4.6896484,36.5438122],[-4.689981,36.5446095]],[[-4.7245232,36.5449063],[-4.7249202,36.5447943],[-4.7251616,36.5446435],[-4.7251965,36.5445271],[-4.7250892,36.5444861],[-4.7246225,36.5446693],[-4.7245232,36.5449063]],[[-4.6919819,36.5444953],[-4.691711,36.5438618],[-4.691542,36.5438187],[-4.6912792,36.5442863],[-4.6914938,36.5445212],[-4.691424,36.5448164],[-4.6914777,36.5451008],[-4.6912309,36.5454478],[-4.6912668,36.5455938],[-4.6914385,36.5455894],[-4.6918478,36.545312],[-4.6917174,36.5449408],[-4.69177,36.5446677],[-4.6919819,36.5444953]],[[-4.6943905,36.5452194],[-4.694353,36.5452775],[-4.6946427,36.545493],[-4.6946936,36.5454413],[-4.6945675,36.545254],[-4.6943905,36.5452194]],[[-4.6614901,36.5468819],[-4.6617316,36.5468719],[-4.6618294,36.5467909],[-4.6616221,36.5465881],[-4.6613854,36.546605],[-4.661318,36.5467539],[-4.6614901,36.5468819]],[[-4.661366,36.5476987],[-4.6614344,36.5477805],[-4.6618775,36.5477088],[-4.6624729,36.5479252],[-4.6623701,36.5477117],[-4.6620997,36.5475172],[-4.6616618,36.5474269],[-4.6616012,36.5471908],[-4.6611576,36.5470175],[-4.661011,36.5468709],[-4.6610303,36.5470784],[-4.6613809,36.5474985],[-4.661366,36.5476987]],[[-4.6701684,36.5485422],[-4.6700226,36.5486795],[-4.670381,36.5486289],[-4.6703201,36.5485475],[-4.6701684,36.5485422]],[[-4.6735698,36.5492805],[-4.6735836,36.5491525],[-4.6734679,36.5490181],[-4.6730975,36.5491493],[-4.6728399,36.5490917],[-4.6725858,36.5492931],[-4.6733694,36.5493638],[-4.6735698,36.5492805]],[[-4.7105005,36.5498452],[-4.7104568,36.5496913],[-4.7103459,36.5496778],[-4.7101897,36.5498088],[-4.7102619,36.5499208],[-4.7105005,36.5498452]],[[-4.6725855,36.5502302],[-4.6726238,36.5501174],[-4.6725373,36.5499554],[-4.6729578,36.549633],[-4.6730834,36.549643],[-4.673132,36.5498658],[-4.6733774,36.5498916],[-4.6733763,36.5494848],[-4.6727683,36.5494493],[-4.6725714,36.5497312],[-4.6722172,36.5497651],[-4.6721201,36.5498547],[-4.6720168,36.549701],[-4.6712007,36.5497588],[-4.6709377,36.5498663],[-4.6709445,36.5499871],[-4.6710352,36.5500324],[-4.671344,36.549952],[-4.6716504,36.5500487],[-4.6720736,36.5499518],[-4.6720863,36.5503106],[-4.6722567,36.5503405],[-4.6725855,36.5502302]],[[-4.7269268,36.5498685],[-4.726746,36.549783],[-4.7265602,36.5500755],[-4.7266519,36.5501551],[-4.7267955,36.5501273],[-4.7269268,36.5498685]],[[-4.6619473,36.550417],[-4.6621957,36.5506596],[-4.6623309,36.550578],[-4.6623342,36.5505117],[-4.6621021,36.5503816],[-4.6620432,36.550211],[-4.6616399,36.550043],[-4.6616723,36.5498648],[-4.6615825,36.5496298],[-4.6616762,36.5494242],[-4.6611322,36.5493595],[-4.6610884,36.5495975],[-4.6614108,36.5498019],[-4.6614986,36.55008],[-4.6616761,36.5502994],[-4.6619473,36.550417]],[[-4.6631048,36.5508114],[-4.6630051,36.5505882],[-4.6628661,36.550536],[-4.6626586,36.5506031],[-4.6626315,36.5507721],[-4.6628049,36.550887],[-4.6629088,36.5511099],[-4.6631923,36.5513661],[-4.6633051,36.5513574],[-4.6633909,36.5512251],[-4.6633401,36.5510428],[-4.6630504,36.5509138],[-4.6631048,36.5508114]],[[-4.6640701,36.5515242],[-4.663883,36.551125],[-4.6636787,36.5510874],[-4.6636397,36.5514522],[-4.663427,36.5515301],[-4.6634063,36.5516064],[-4.6635157,36.5516768],[-4.6636906,36.5515193],[-4.6640701,36.5515242]],[[-4.6963488,36.5528295],[-4.6968723,36.5537797],[-4.6972565,36.5542195],[-4.6972934,36.5544746],[-4.6968119,36.5558824],[-4.6967248,36.5572042],[-4.6964659,36.5582566],[-4.6961697,36.5589457],[-4.695873,36.5592551],[-4.6955384,36.5598409],[-4.6951464,36.5601155],[-4.6945859,36.5602844],[-4.6947775,36.5604085],[-4.6950468,36.5603612],[-4.6953012,36.5602711],[-4.6959203,36.5598471],[-4.6966393,36.5584262],[-4.6971659,36.5563282],[-4.6971693,36.5556663],[-4.6973097,36.5553848],[-4.6974728,36.5552664],[-4.6978858,36.5554773],[-4.7000736,36.5572477],[-4.7015681,36.5580432],[-4.7028423,36.5582237],[-4.7030956,36.5579961],[-4.7019317,36.5578412],[-4.7010961,36.5575314],[-4.7003577,36.5571697],[-4.699805,36.5567573],[-4.6985426,36.5553028],[-4.6980802,36.5549367],[-4.6978308,36.5545425],[-4.6974901,36.5535284],[-4.6960644,36.551461],[-4.6920272,36.5487909],[-4.6889664,36.5465247],[-4.6883343,36.5456342],[-4.6869498,36.544154],[-4.6868444,36.5439273],[-4.6879223,36.5436436],[-4.6883185,36.5436343],[-4.6886191,36.543542],[-4.6885968,36.5434227],[-4.6863297,36.5436927],[-4.6833542,36.5430471],[-4.6816001,36.5429265],[-4.681243,36.5430632],[-4.6800174,36.5440378],[-4.6796265,36.5442161],[-4.6777556,36.5455052],[-4.6769519,36.5459553],[-4.6755855,36.5464924],[-4.6730758,36.5470582],[-4.6719718,36.5470471],[-4.6710813,36.5468573],[-4.6699816,36.546429],[-4.6693285,36.5460347],[-4.6680728,36.5456919],[-4.6675729,36.5457475],[-4.6659692,36.5462309],[-4.6660178,36.5465102],[-4.6671851,36.5461174],[-4.6681967,36.5461137],[-4.668819,36.5462583],[-4.6695265,36.5465468],[-4.6709157,36.5472745],[-4.6723096,36.5474282],[-4.6751207,36.5468333],[-4.6771825,36.5461963],[-4.6781311,36.5456489],[-4.6803862,36.5439916],[-4.6814022,36.5436018],[-4.6834017,36.5434189],[-4.6842114,36.5434722],[-4.6857692,36.5439248],[-4.6875796,36.545549],[-4.6895061,36.5475133],[-4.6915476,36.549261],[-4.6958985,36.5523665],[-4.6963488,36.5528295]],[[-4.7260389,36.5612947],[-4.7260854,36.5613798],[-4.7261915,36.5613455],[-4.726145,36.5612618],[-4.7260389,36.5612947]],[[-4.7218014,36.5614736],[-4.7218655,36.5614479],[-4.7217637,36.5614118],[-4.7218014,36.5614736]],[[-4.7228304,36.562034],[-4.7229335,36.5620012],[-4.7227971,36.5619883],[-4.7228304,36.562034]],[[-4.7333825,36.5621842],[-4.7330983,36.5619217],[-4.732959,36.5619194],[-4.7327601,36.5620792],[-4.7327686,36.5621727],[-4.7330045,36.5623827],[-4.7333171,36.5623257],[-4.7333825,36.5621842]],[[-4.7309016,36.5630382],[-4.7311302,36.5632876],[-4.7314263,36.563363],[-4.7317729,36.563189],[-4.7317849,36.5630556],[-4.731549,36.562841],[-4.7312049,36.5628391],[-4.7309016,36.5630382]],[[-4.6878514,36.5632774],[-4.6878795,36.5634237],[-4.688636,36.563705],[-4.6886827,36.5635737],[-4.6878514,36.5632774]],[[-4.7349721,36.5645662],[-4.7351638,36.5646314],[-4.7355177,36.5645592],[-4.7355661,36.564476],[-4.7353917,36.5642472],[-4.7349566,36.5644441],[-4.7349721,36.5645662]],[[-4.7378248,36.5822353],[-4.7380472,36.5823799],[-4.7384499,36.5823062],[-4.7386547,36.5819801],[-4.7388489,36.5818666],[-4.7388172,36.5817872],[-4.7386476,36.5817588],[-4.7379943,36.5819262],[-4.7378248,36.5822353]],[[-4.7354569,36.5832245],[-4.73512,36.5833365],[-4.7351934,36.5834789],[-4.7355303,36.583367],[-4.7354569,36.5832245]],[[-4.7350575,36.583352],[-4.7347206,36.583464],[-4.7347939,36.5836064],[-4.7351309,36.5834945],[-4.7350575,36.583352]],[[-4.6639562,36.583747],[-4.6638747,36.5837939],[-4.6640021,36.5839366],[-4.6640835,36.5838897],[-4.6639562,36.583747]],[[-4.6663232,36.5843743],[-4.6662417,36.5843855],[-4.6662769,36.584551],[-4.6663584,36.5845398],[-4.6663232,36.5843743]],[[-4.661522,36.5168096],[-4.6614423,36.5166482],[-4.6612636,36.5167443],[-4.6612887,36.5168452],[-4.661457,36.5168748],[-4.661522,36.5168096]],[[-4.6552947,36.5217186],[-4.6551559,36.5218983],[-4.6552947,36.5224992],[-4.655179,36.5229577],[-4.6552407,36.523094],[-4.6555568,36.5232055],[-4.6557032,36.5231374],[-4.6563277,36.5218549],[-4.6563277,36.5217062],[-4.6560193,36.5215699],[-4.6552947,36.5217186]],[[-4.6488117,36.5263254],[-4.6487939,36.5259946],[-4.6485525,36.5258606],[-4.6485003,36.526129],[-4.6486915,36.5263271],[-4.6488117,36.5263254]],[[-4.661389,36.5282997],[-4.6615911,36.5280821],[-4.6615717,36.5279557],[-4.6609749,36.5280593],[-4.6608482,36.5281742],[-4.6608388,36.5285751],[-4.6609954,36.5287247],[-4.6616702,36.5287915],[-4.6616883,36.5286238],[-4.6614596,36.528467],[-4.661389,36.5282997]],[[-4.6261314,36.5292132],[-4.6261024,36.5292352],[-4.6261588,36.5292366],[-4.6261314,36.5292132]],[[-4.6422137,36.5295794],[-4.642199,36.5294027],[-4.6419473,36.5294053],[-4.6419064,36.5295267],[-4.642005,36.5296245],[-4.6422137,36.5295794]],[[-4.642774,36.5296092],[-4.6427592,36.5294325],[-4.6425076,36.5294351],[-4.6424667,36.5295565],[-4.6425653,36.5296543],[-4.642774,36.5296092]],[[-4.642485,36.5298162],[-4.6424702,36.5296394],[-4.6422186,36.529642],[-4.6421776,36.5297635],[-4.6422763,36.5298613],[-4.642485,36.5298162]],[[-4.6431675,36.5297033],[-4.6426759,36.5297056],[-4.6426837,36.5299676],[-4.6431441,36.5299847],[-4.6431675,36.5297033]],[[-4.6435865,36.5299323],[-4.6436867,36.5297866],[-4.6434637,36.5296794],[-4.6433743,36.5297383],[-4.6433724,36.5298741],[-4.6435865,36.5299323]],[[-4.6438297,36.5299562],[-4.6439732,36.5298686],[-4.6438619,36.5297685],[-4.6437458,36.5298272],[-4.6438297,36.5299562]],[[-4.6438966,36.5302206],[-4.6439532,36.5301117],[-4.6437948,36.530051],[-4.643742,36.530189],[-4.6438966,36.5302206]],[[-4.6428918,36.5308223],[-4.6430033,36.5305379],[-4.6422786,36.5303869],[-4.642199,36.5307131],[-4.6428918,36.5308223]],[[-4.64342,36.5306956],[-4.6435565,36.5305234],[-4.6434364,36.5303924],[-4.6431804,36.5304593],[-4.6431793,36.530622],[-4.64342,36.5306956]],[[-4.6439178,36.5307453],[-4.643997,36.5305635],[-4.6439137,36.5304805],[-4.6437258,36.530475],[-4.6436199,36.5306055],[-4.6436585,36.5307075],[-4.6439178,36.5307453]],[[-4.6426793,36.531099],[-4.6426414,36.5309067],[-4.6423629,36.5309282],[-4.6423324,36.5310673],[-4.6424563,36.5311675],[-4.6426793,36.531099]],[[-4.6423037,36.5312955],[-4.6422659,36.5311031],[-4.6419874,36.5311246],[-4.6419569,36.5312637],[-4.6420808,36.5313639],[-4.6423037,36.5312955]],[[-4.6429197,36.5313957],[-4.6428818,36.5312034],[-4.6426033,36.5312249],[-4.6425728,36.531364],[-4.6426967,36.5314642],[-4.6429197,36.5313957]],[[-4.6425539,36.5315925],[-4.6425161,36.5314001],[-4.6422376,36.5314216],[-4.6422071,36.5315607],[-4.6423309,36.5316609],[-4.6425539,36.5315925]],[[-4.6329968,36.5327516],[-4.6334405,36.5323385],[-4.6331145,36.532011],[-4.6325821,36.5323547],[-4.6329968,36.5327516]],[[-4.6289996,36.5372313],[-4.6287838,36.5372041],[-4.6287147,36.5372778],[-4.6288064,36.5373344],[-4.6289996,36.5372313]],[[-4.6275039,36.5376222],[-4.6274351,36.5377078],[-4.6275479,36.5378129],[-4.6276234,36.5377214],[-4.6275039,36.5376222]],[[-4.654305,36.5369684],[-4.6539239,36.5368705],[-4.6532936,36.536913],[-4.6535241,36.5375494],[-4.6540959,36.5383197],[-4.6546031,36.5386868],[-4.655307,36.5389454],[-4.6552747,36.5385353],[-4.6551272,36.5384003],[-4.6549012,36.538349],[-4.6545278,36.5384225],[-4.6543687,36.5382746],[-4.6543802,36.5380704],[-4.6546326,36.5374767],[-4.6545717,36.5372195],[-4.654305,36.5369684]],[[-4.6277658,36.5380067],[-4.6277179,36.5380095],[-4.6277636,36.5380366],[-4.6277658,36.5380067]],[[-4.6467457,36.5381847],[-4.6468862,36.5381467],[-4.6467443,36.5381399],[-4.6467093,36.538239],[-4.6468161,36.5382652],[-4.6467457,36.5381847]],[[-4.6473868,36.5385199],[-4.6475528,36.5385084],[-4.6475649,36.5384291],[-4.6474778,36.5383701],[-4.6475171,36.5384961],[-4.6473868,36.5385199]],[[-4.6405969,36.5332495],[-4.6433169,36.5318791],[-4.643848,36.5315624],[-4.6446363,36.5309175],[-4.6448699,36.5308662],[-4.6466747,36.5308744],[-4.6474311,36.5310555],[-4.6486462,36.5314951],[-4.6491236,36.531812],[-4.6496655,36.532489],[-4.6496977,36.5329308],[-4.6499955,36.5338446],[-4.6504674,36.5345792],[-4.6511569,36.536183],[-4.6511998,36.5364049],[-4.6511113,36.5367066],[-4.6508805,36.5371179],[-4.6507411,36.5382885],[-4.6507948,36.5385384],[-4.6522029,36.5395039],[-4.6531041,36.5398487],[-4.6541743,36.5400965],[-4.6545659,36.5402538],[-4.654987,36.5406008],[-4.6555423,36.5423894],[-4.6559205,36.5429238],[-4.6559456,36.543091],[-4.6561297,36.5430423],[-4.6565588,36.5434281],[-4.657806,36.5442793],[-4.6600034,36.5451954],[-4.6608541,36.5458452],[-4.661232,36.5459891],[-4.6618571,36.5461615],[-4.6638445,36.5463076],[-4.6649941,36.5465984],[-4.6659868,36.5465217],[-4.6659099,36.5462411],[-4.6655827,36.5463324],[-4.6649455,36.546344],[-4.6642272,36.5461306],[-4.6613444,36.5457774],[-4.6606188,36.5454597],[-4.6595516,36.5447562],[-4.6581333,36.5443008],[-4.6562341,36.542861],[-4.655636,36.542124],[-4.6554456,36.5415379],[-4.6554027,36.5407729],[-4.6549549,36.5400944],[-4.654657,36.5399303],[-4.6529834,36.5396591],[-4.6522136,36.5393143],[-4.6517872,36.5390018],[-4.6512561,36.5384738],[-4.6510816,36.5381976],[-4.6510199,36.5378464],[-4.6514571,36.5365016],[-4.6511272,36.5353443],[-4.6501296,36.5334804],[-4.6499631,36.5329456],[-4.6499256,36.5324607],[-4.6497997,36.5321722],[-4.6495288,36.5318015],[-4.6490325,36.5314762],[-4.6479945,36.5311227],[-4.6472569,36.5307326],[-4.64601,36.5305276],[-4.644964,36.5305923],[-4.6444539,36.5307537],[-4.6435771,36.5315042],[-4.641372,36.5327258],[-4.6408519,36.5329761],[-4.6400607,36.5331679],[-4.6386767,36.5332153],[-4.6379015,36.5330558],[-4.637011,36.5326464],[-4.6366167,36.5326464],[-4.6352058,36.5328791],[-4.6343128,36.5328295],[-4.6334501,36.532424],[-4.6331631,36.5327085],[-4.6343155,36.5330429],[-4.6349725,36.5330817],[-4.635753,36.5330623],[-4.6371129,36.5328511],[-4.6381617,36.5332843],[-4.6386174,36.5333594],[-4.6405969,36.5332495]],[[-4.6189763,36.5431593],[-4.6189495,36.5431313],[-4.6189667,36.5431691],[-4.6189763,36.5431593]],[[-4.621669,36.5448073],[-4.6217025,36.5448454],[-4.6217224,36.5447733],[-4.621669,36.5448073]],[[-4.659581,36.5463578],[-4.6597932,36.5465293],[-4.6598475,36.5467685],[-4.660011,36.546922],[-4.6602623,36.5468382],[-4.6602457,36.5467024],[-4.6600196,36.5464063],[-4.6600842,36.5460726],[-4.659879,36.5458532],[-4.6596326,36.5458047],[-4.6594161,36.5455666],[-4.6591985,36.5457256],[-4.6591486,36.5459903],[-4.6593656,36.5463011],[-4.659581,36.5463578]],[[-4.6612904,36.5489353],[-4.6613213,36.5487421],[-4.6614375,36.5486474],[-4.6613216,36.5482009],[-4.6614169,36.5478845],[-4.6613148,36.547815],[-4.6611658,36.547929],[-4.6611184,36.54872],[-4.6612904,36.5489353]],[[-4.6606004,36.5493644],[-4.6606882,36.5491286],[-4.6605058,36.5490407],[-4.6603384,36.5492],[-4.6602805,36.5496452],[-4.6605954,36.5500118],[-4.6607492,36.5498409],[-4.6606004,36.5493644]],[[-4.6397147,36.5584053],[-4.6397295,36.5584587],[-4.6397544,36.5583989],[-4.6397147,36.5584053]],[[-4.6193443,36.5659502],[-4.6193485,36.5658655],[-4.6192415,36.5658538],[-4.6192342,36.5659368],[-4.6193443,36.5659502]],[[-4.5495516,36.5818501],[-4.5492609,36.5821501],[-4.5493655,36.582213],[-4.5497153,36.5821808],[-4.5499245,36.5820376],[-4.5495516,36.5818501]],[[-4.5479091,36.583884],[-4.5479928,36.5836648],[-4.5478133,36.5836512],[-4.5476973,36.5839292],[-4.5479091,36.583884]],[[-4.5476489,36.5850999],[-4.5476831,36.5849675],[-4.5475615,36.5849697],[-4.5475391,36.5850792],[-4.5476489,36.5850999]],[[-4.5430492,36.5866849],[-4.5430461,36.5868389],[-4.5432437,36.5869199],[-4.543973,36.5869751],[-4.5440607,36.5869141],[-4.5436652,36.586715],[-4.5436369,36.5866118],[-4.5438,36.5863104],[-4.5434309,36.5862735],[-4.5431251,36.5863936],[-4.5432426,36.5864842],[-4.543264,36.5866174],[-4.5431572,36.5867228],[-4.5430492,36.5866849]],[[-4.5489474,36.5877169],[-4.5490015,36.5877496],[-4.5489832,36.587679],[-4.5489474,36.5877169]],[[-4.5485733,36.5878494],[-4.5489579,36.5876932],[-4.5489476,36.5874386],[-4.5481755,36.5873918],[-4.5480279,36.5872661],[-4.5478713,36.5872798],[-4.5481856,36.5875824],[-4.5482616,36.5877682],[-4.5481993,36.5879179],[-4.5479716,36.5881021],[-4.5479966,36.5882009],[-4.5482512,36.5882354],[-4.5484218,36.5881224],[-4.5485733,36.5878494]],[[-4.5491991,36.5878425],[-4.5492681,36.587752],[-4.5490453,36.5877642],[-4.5491991,36.5878425]],[[-4.5309005,36.5880059],[-4.5309575,36.5879467],[-4.531044,36.5879862],[-4.5310051,36.5879203],[-4.5310869,36.5878611],[-4.5308871,36.5879003],[-4.5309005,36.5880059]],[[-4.5493303,36.5882586],[-4.5492002,36.5888352],[-4.5492174,36.5890116],[-4.5492842,36.5890353],[-4.5494902,36.5888894],[-4.5498504,36.5882502],[-4.5497718,36.5879436],[-4.5493105,36.5877708],[-4.5492481,36.5878688],[-4.5493762,36.5879732],[-4.5492972,36.5880973],[-4.5493303,36.5882586]],[[-4.5283739,36.589121],[-4.5283692,36.589184],[-4.5283928,36.5891219],[-4.5283739,36.589121]],[[-4.5284091,36.5891236],[-4.5284054,36.5891862],[-4.5284282,36.5891243],[-4.5284091,36.5891236]],[[-4.528357,36.5892651],[-4.5283519,36.5893242],[-4.5283758,36.5892661],[-4.528357,36.5892651]],[[-4.528398,36.5892664],[-4.5283925,36.5893276],[-4.5284167,36.5892675],[-4.528398,36.5892664]],[[-4.5492059,36.5894378],[-4.5495794,36.5897844],[-4.5496795,36.5897859],[-4.5497328,36.5896977],[-4.5494479,36.5893348],[-4.5492059,36.5894378]],[[-4.5503027,36.5901452],[-4.5503672,36.589955],[-4.5499028,36.5897892],[-4.5496353,36.5899556],[-4.5497989,36.5901897],[-4.5501017,36.5902502],[-4.5503027,36.5901452]],[[-4.6457351,36.5910249],[-4.6458367,36.5907719],[-4.6455664,36.5908225],[-4.6457351,36.5910249]],[[-4.5322989,36.5918627],[-4.5322035,36.5918195],[-4.5321562,36.5918988],[-4.532237,36.5919366],[-4.5322989,36.5918627]],[[-4.5320498,36.5918911],[-4.5319869,36.5918334],[-4.5318948,36.591888],[-4.5319702,36.5919571],[-4.5320498,36.5918911]],[[-4.5317286,36.5921256],[-4.5318844,36.5920474],[-4.5317827,36.5919245],[-4.5316402,36.5919871],[-4.5317286,36.5921256]],[[-4.5320339,36.5920901],[-4.5320635,36.5920137],[-4.5319517,36.5919806],[-4.5319384,36.5920865],[-4.5320339,36.5920901]],[[-4.5323122,36.5921944],[-4.5321589,36.5922656],[-4.5323141,36.5924199],[-4.5324489,36.5922938],[-4.5323122,36.5921944]],[[-4.5291488,36.5926961],[-4.5294651,36.5929747],[-4.5296852,36.5929549],[-4.5297826,36.5928356],[-4.5296352,36.5925181],[-4.5296346,36.5923182],[-4.5294962,36.5922652],[-4.528356,36.5923116],[-4.5280981,36.5924808],[-4.5280547,36.5926461],[-4.5281367,36.5928831],[-4.5283195,36.592978],[-4.5284691,36.59295],[-4.5288798,36.5926556],[-4.5291488,36.5926961]],[[-4.6391369,36.5930343],[-4.639101,36.5930662],[-4.6391766,36.5930631],[-4.6391369,36.5930343]],[[-4.6392111,36.5931748],[-4.6391753,36.5932067],[-4.6392509,36.5932035],[-4.6392111,36.5931748]],[[-4.6393065,36.5933239],[-4.6392707,36.5933558],[-4.6393462,36.5933527],[-4.6393065,36.5933239]],[[-4.5534135,36.5934147],[-4.5532187,36.5938055],[-4.5533903,36.5938744],[-4.5536854,36.5938184],[-4.5536317,36.5936849],[-4.5537015,36.5935729],[-4.5535083,36.5933619],[-4.5534135,36.5934147]],[[-4.5284599,36.5937419],[-4.5283838,36.593817],[-4.5284773,36.5938781],[-4.5285436,36.5937775],[-4.5284599,36.5937419]],[[-4.637946,36.5941924],[-4.638005,36.5941706],[-4.6378807,36.5941869],[-4.6379045,36.5942623],[-4.637946,36.5941924]],[[-4.637943,36.5942093],[-4.6379148,36.5942561],[-4.637976,36.5942209],[-4.637943,36.5942093]],[[-4.553224,36.5950028],[-4.5533957,36.5950976],[-4.55368,36.595076],[-4.553621,36.5948607],[-4.5532562,36.5947272],[-4.5531221,36.5948004],[-4.553224,36.5950028]],[[-4.5400492,36.5953007],[-4.5400277,36.5954343],[-4.5403818,36.5957164],[-4.5404462,36.595585],[-4.5402825,36.5952706],[-4.5400492,36.5953007]],[[-4.5431284,36.5974822],[-4.5432142,36.5975898],[-4.5438848,36.5972151],[-4.5433161,36.5973336],[-4.5431284,36.5974822]],[[-4.5410352,36.6004828],[-4.5412149,36.6004721],[-4.5413115,36.6003644],[-4.541113,36.6001598],[-4.540944,36.6001857],[-4.540893,36.6002933],[-4.5410352,36.6004828]],[[-4.5568381,36.6007468],[-4.5564815,36.6008751],[-4.5566082,36.6009804],[-4.5567878,36.6009048],[-4.5568381,36.6007468]],[[-4.557464,36.602836],[-4.5574899,36.6027503],[-4.5572375,36.6024563],[-4.5570599,36.6024307],[-4.5568803,36.6025092],[-4.5568863,36.6027719],[-4.557009,36.6029481],[-4.5571587,36.6029698],[-4.557464,36.602836]],[[-4.5108339,36.5978133],[-4.5108141,36.5978298],[-4.5108545,36.5978291],[-4.5108339,36.5978133]],[[-4.5060388,36.6144081],[-4.5061809,36.6146062],[-4.5065135,36.6146643],[-4.5067871,36.6145718],[-4.506881,36.6143629],[-4.5065269,36.6138893],[-4.5065323,36.6137989],[-4.5068519,36.6135045],[-4.5068247,36.6133597],[-4.5065101,36.6133995],[-4.5066437,36.6134506],[-4.5064956,36.6134137],[-4.5060978,36.6139969],[-4.5060388,36.6144081]],[[-4.4999403,36.6218462],[-4.4998987,36.6219045],[-4.5000101,36.6218848],[-4.4999403,36.6218462]],[[-4.4996046,36.6291944],[-4.4995935,36.629146],[-4.4995331,36.6292093],[-4.4996046,36.6291944]],[[-4.5111164,36.6308325],[-4.511192,36.6306759],[-4.511079,36.6306184],[-4.5110057,36.6307794],[-4.5111164,36.6308325]],[[-4.5116913,36.6307892],[-4.5117008,36.6308017],[-4.5117149,36.6307707],[-4.5116913,36.6307892]],[[-4.5109533,36.6310142],[-4.5108537,36.6310435],[-4.5109516,36.6310215],[-4.5109533,36.6310142]],[[-4.5111651,36.6321623],[-4.5112838,36.6321655],[-4.51121,36.6320934],[-4.5111651,36.6321623]],[[-4.4974495,36.6351401],[-4.497088,36.6350375],[-4.4969675,36.6352058],[-4.4971984,36.6351077],[-4.4974495,36.6351401]],[[-4.4948942,36.6359943],[-4.4953271,36.6361294],[-4.4954182,36.6358861],[-4.4951425,36.6358621],[-4.4948942,36.6359943]],[[-4.4963973,36.6371395],[-4.4963839,36.6371229],[-4.4963866,36.6371484],[-4.4963973,36.6371395]],[[-4.4832291,36.6386834],[-4.4831154,36.6388128],[-4.4835697,36.6394081],[-4.4836945,36.639252],[-4.4833322,36.6388171],[-4.4833772,36.6387386],[-4.4832291,36.6386834]]],[[[-4.4891111,36.6292743],[-4.4891335,36.6292437],[-4.4890944,36.6293011],[-4.4891111,36.6292743]]],[[[-4.6152104,36.5477509],[-4.6152428,36.547706],[-4.615184,36.5478028],[-4.6152104,36.5477509]]],[[[-5.3113022,36.3641625],[-5.3111829,36.3641225],[-5.3113988,36.3641107],[-5.3113022,36.3641625]]],[[[-5.3107296,36.3645934],[-5.3108852,36.364399],[-5.3108691,36.364534],[-5.3107296,36.3645934]]],[[[-5.315744,36.3644865],[-5.3163783,36.3645437],[-5.316039,36.3646442],[-5.3155924,36.3645524],[-5.315744,36.3644865]]],[[[-5.3170851,36.3747636],[-5.3170636,36.3750897],[-5.3169724,36.3752668],[-5.3169617,36.3749169],[-5.3170851,36.3747636]]],[[[-4.9895673,36.4868329],[-4.9895585,36.4868054],[-4.9895935,36.4867981],[-4.9895871,36.4868233],[-4.9895673,36.4868329]],[[-4.9895843,36.4868212],[-4.9895856,36.4868132],[-4.9895732,36.4868182],[-4.9895843,36.4868212]]],[[[-5.0029735,36.4931464],[-5.0025979,36.4933124],[-5.0025319,36.4932219],[-5.0025624,36.493047],[-5.0029355,36.492983],[-5.0029735,36.4931464]]],[[[-4.8832852,36.5138102],[-4.8834717,36.5139116],[-4.8832564,36.5141177],[-4.8831169,36.514037],[-4.8831013,36.5139301],[-4.8832852,36.5138102]]]]}},{"type":"Feature","properties":{"id":"guadalteba","name":"Guadalteba","type":"island","members":["almargen","ardales","campillos","canete-la-real","carratraca","cuevas-del-becerro","serrato","sierra-de-yeguas","teba"]},"geometry":{"type":"MultiPolygon","coordinates":[[[[-4.7875805,36.85165],[-4.7874983,36.851489],[-4.787687,36.8504406],[-4.7888772,36.8461684],[-4.7894857,36.8429234],[-4.7902367,36.8380989],[-4.7913329,36.8370188],[-4.7949237,36.8342426],[-4.7951532,36.8339867],[-4.7952198,36.833481],[-4.7951194,36.8330228],[-4.7955841,36.8322767],[-4.7957185,36.8317879],[-4.795855,36.8304338],[-4.7959777,36.8299272],[-4.7969145,36.8282726],[-4.7969358,36.8267851],[-4.7966047,36.8236534],[-4.7976187,36.822908],[-4.7996318,36.8226973],[-4.8031385,36.8230678],[-4.8061685,36.8231931],[-4.807627,36.8237118],[-4.810254,36.8238611],[-4.8107889,36.8246732],[-4.8116392,36.8250749],[-4.8130498,36.825459],[-4.8147878,36.8254686],[-4.8184358,36.8275401],[-4.8187753,36.8276701],[-4.8230167,36.8282812],[-4.8276009,36.8310411],[-4.8294752,36.8320578],[-4.836004,36.8307765],[-4.8388673,36.8300112],[-4.8435841,36.8279913],[-4.8446301,36.8281283],[-4.8462223,36.8281307],[-4.8473293,36.8280054],[-4.8543719,36.8317806],[-4.8553006,36.8326314],[-4.8546538,36.8337051],[-4.854374,36.8337274],[-4.8526747,36.8353313],[-4.8518396,36.836507],[-4.853235,36.8367106],[-4.853949,36.837024],[-4.8559393,36.8381827],[-4.8566527,36.838469],[-4.860264,36.8403415],[-4.8607336,36.8407487],[-4.8608276,36.8409275],[-4.8609047,36.8413319],[-4.8607861,36.8419918],[-4.8617912,36.8422825],[-4.8622833,36.8426894],[-4.8620714,36.8441259],[-4.8612969,36.8464094],[-4.858751,36.8491802],[-4.8591545,36.8496336],[-4.8578747,36.8514382],[-4.8597138,36.8514275],[-4.8626399,36.8518414],[-4.8635676,36.8517097],[-4.8641343,36.8514935],[-4.8648305,36.851068],[-4.8660204,36.8497244],[-4.8664956,36.8494375],[-4.8681067,36.849277],[-4.8701867,36.8485683],[-4.8723075,36.8476967],[-4.8730109,36.8475685],[-4.8773841,36.8475446],[-4.8798665,36.8477037],[-4.8807965,36.847671],[-4.8816669,36.8484053],[-4.8827081,36.8465051],[-4.8839375,36.8449623],[-4.8844559,36.846892],[-4.8869607,36.8497906],[-4.8877088,36.8501123],[-4.888044,36.8500619],[-4.8882309,36.8499057],[-4.8891364,36.8484221],[-4.8910043,36.8459408],[-4.8912781,36.8456751],[-4.8920535,36.8452842],[-4.893838,36.8448862],[-4.8943488,36.8446798],[-4.8950854,36.8440822],[-4.8954402,36.8434637],[-4.8958656,36.8429792],[-4.8963928,36.8425291],[-4.8970255,36.8422667],[-4.8982053,36.8428157],[-4.8989126,36.8433001],[-4.9007637,36.8437843],[-4.9011163,36.843986],[-4.9014387,36.8443233],[-4.9017199,36.8452652],[-4.9019636,36.8455948],[-4.9022145,36.8457621],[-4.9028592,36.8459861],[-4.9033659,36.8465188],[-4.9069031,36.8521225],[-4.9072777,36.8532071],[-4.9074203,36.85398],[-4.9073187,36.8553066],[-4.9069232,36.8578997],[-4.9069413,36.8586295],[-4.9068148,36.860308],[-4.9068997,36.8610187],[-4.9070549,36.8613948],[-4.9075794,36.8621886],[-4.9088726,36.863673],[-4.9090256,36.863959],[-4.9096846,36.8661026],[-4.9099004,36.8662073],[-4.9102699,36.8661833],[-4.9127361,36.865666],[-4.916989,36.865273],[-4.9178438,36.8653674],[-4.918206,36.8654968],[-4.9202503,36.8665003],[-4.9215482,36.8672635],[-4.9219389,36.8676357],[-4.922231,36.8680997],[-4.9223528,36.8684853],[-4.9227955,36.8709297],[-4.9259509,36.8732852],[-4.928403,36.8753275],[-4.9307703,36.8762265],[-4.9316115,36.8766635],[-4.9328085,36.8769685],[-4.9343805,36.8770241],[-4.9377251,36.8775194],[-4.9409936,36.8776644],[-4.946251,36.8801472],[-4.9482803,36.8814119],[-4.9498147,36.8813056],[-4.9502447,36.8814518],[-4.9506663,36.8817062],[-4.9527456,36.8805274],[-4.9548871,36.8795909],[-4.955174,36.8785226],[-4.9552489,36.8774709],[-4.954797,36.8775493],[-4.9551723,36.8761997],[-4.9552684,36.8748476],[-4.9555675,36.8742272],[-4.9558178,36.8739046],[-4.9573726,36.8728286],[-4.9575282,36.8724886],[-4.9575317,36.8722897],[-4.9571556,36.8715463],[-4.956399,36.8704628],[-4.956266,36.8699516],[-4.9592477,36.8642448],[-4.9590125,36.8631125],[-4.9586978,36.8630353],[-4.9581738,36.8631956],[-4.9583835,36.862259],[-4.9587528,36.8612019],[-4.9590115,36.859981],[-4.9603843,36.8586241],[-4.9620031,36.8567401],[-4.9621822,36.8566079],[-4.9631164,36.8562576],[-4.9640561,36.8553612],[-4.9641923,36.8550783],[-4.9648819,36.8497701],[-4.9674969,36.8436385],[-4.9699112,36.8394439],[-4.9744607,36.8380347],[-4.9755815,36.8380374],[-4.9775887,36.837031],[-4.9806426,36.8358175],[-4.9839646,36.8337655],[-4.9875414,36.8320389],[-4.9886569,36.8312244],[-4.9890837,36.8291432],[-4.9892478,36.8286427],[-4.9894501,36.8284178],[-4.9908277,36.8273818],[-4.9930874,36.8254473],[-4.9953409,36.8239755],[-4.9956287,36.8236151],[-4.9957246,36.823091],[-4.9987255,36.8249945],[-5.00013,36.8257959],[-5.0017259,36.8293871],[-5.0036999,36.8282972],[-5.0039849,36.8279974],[-5.0043509,36.8273657],[-5.0045226,36.8272723],[-5.0045358,36.8278235],[-5.0040683,36.828677],[-5.0039863,36.8290004],[-5.0046047,36.8295478],[-5.0058793,36.8301101],[-5.0068687,36.8304454],[-5.0071392,36.8306464],[-5.0072679,36.8309643],[-5.0073889,36.8310422],[-5.0069414,36.8323134],[-5.0069761,36.8332678],[-5.0071485,36.8338842],[-5.0073751,36.8342916],[-5.0078291,36.8347413],[-5.008117,36.8349192],[-5.006854,36.8352638],[-5.0058989,36.8358526],[-5.0057618,36.835832],[-5.0051645,36.8354268],[-5.0046045,36.8352994],[-5.0041253,36.835398],[-5.0037452,36.8356756],[-5.0037126,36.8359944],[-5.0040077,36.8364336],[-5.0042249,36.8371093],[-5.0041605,36.8372531],[-5.0039096,36.8374108],[-5.0038325,36.8376888],[-5.0040534,36.8379201],[-5.0045378,36.8381831],[-5.0045859,36.838305],[-5.0043682,36.8386127],[-5.0039864,36.8388327],[-5.0032842,36.838689],[-5.0030393,36.8389063],[-5.0028944,36.8392298],[-5.0033895,36.8393341],[-5.0036186,36.8395349],[-5.0041426,36.8396602],[-5.004286,36.83979],[-5.0043732,36.8402413],[-5.0042624,36.8404316],[-5.0031157,36.8406832],[-5.0027232,36.8408553],[-5.0024977,36.841053],[-5.003086,36.8415618],[-5.0034819,36.8420278],[-5.0036104,36.8422955],[-5.0036095,36.842792],[-5.0035062,36.8430094],[-5.0029703,36.8435717],[-5.0026589,36.844022],[-5.0025481,36.8443051],[-5.0024808,36.8451454],[-5.002567,36.8451616],[-5.0024706,36.8455875],[-5.0023034,36.8458651],[-5.001935,36.8462083],[-5.001807,36.847004],[-5.001332,36.8475532],[-5.0010526,36.8480215],[-5.0015069,36.8484007],[-5.0020995,36.8485738],[-5.0039874,36.8483975],[-5.0042555,36.848754],[-5.0047917,36.8490792],[-5.005631,36.8502851],[-5.0048903,36.8509136],[-5.0045895,36.8512825],[-5.0033881,36.8519678],[-5.0034445,36.8531958],[-5.0044554,36.8549777],[-5.0056891,36.8539068],[-5.0059791,36.853569],[-5.0064833,36.8527049],[-5.0097094,36.8500547],[-5.01067,36.849168],[-5.012356,36.8488491],[-5.0134563,36.8484022],[-5.0159056,36.8485913],[-5.0168071,36.848085],[-5.0174092,36.8478685],[-5.0180791,36.847756],[-5.0195376,36.8477908],[-5.020629,36.8479877],[-5.0210922,36.8474152],[-5.0180597,36.8464588],[-5.0176543,36.8456207],[-5.0160506,36.8435557],[-5.0151205,36.8426347],[-5.0158215,36.8425334],[-5.0159927,36.8426969],[-5.0166653,36.8426839],[-5.0183598,36.842984],[-5.018436,36.8426468],[-5.0188458,36.8422959],[-5.0192582,36.8421876],[-5.0223755,36.8441863],[-5.0237828,36.8447716],[-5.0242637,36.844309],[-5.0259854,36.8452727],[-5.029049,36.8467279],[-5.0293925,36.8485451],[-5.0288003,36.8491672],[-5.0277926,36.8504417],[-5.027482,36.8511449],[-5.0276495,36.8517128],[-5.0280221,36.8523476],[-5.0258678,36.8517647],[-5.024902,36.8528939],[-5.024565,36.8535196],[-5.0246549,36.8539005],[-5.0246238,36.8541449],[-5.0238513,36.8556761],[-5.0229636,36.8565238],[-5.0221801,36.8575415],[-5.0228627,36.8590817],[-5.0253292,36.8597562],[-5.0256637,36.8611878],[-5.0255571,36.8616138],[-5.0237805,36.8655098],[-5.0248743,36.8676371],[-5.0253618,36.8690788],[-5.0254988,36.8698166],[-5.0259951,36.8710446],[-5.0276273,36.8728141],[-5.0278759,36.8722913],[-5.0281978,36.8719565],[-5.0287986,36.8709266],[-5.0293458,36.870403],[-5.0303511,36.8699257],[-5.0319216,36.8695023],[-5.0327177,36.8690651],[-5.0329138,36.8688454],[-5.0334632,36.8671416],[-5.0337003,36.866777],[-5.0342361,36.8662541],[-5.0348912,36.8659995],[-5.0360858,36.8657898],[-5.0366822,36.8654371],[-5.0370195,36.8650437],[-5.0377017,36.8645453],[-5.039595,36.8636116],[-5.040056,36.8628105],[-5.0407595,36.8610048],[-5.0412039,36.8604204],[-5.0462583,36.8556377],[-5.0472181,36.8541971],[-5.0479782,36.8536793],[-5.0483233,36.8535832],[-5.04968,36.8535688],[-5.0497606,36.8528104],[-5.0499678,36.8525905],[-5.0508655,36.8521874],[-5.0528221,36.8515408],[-5.0526688,36.8508404],[-5.0526835,36.8505517],[-5.0531107,36.8497512],[-5.0542981,36.8484418],[-5.0555438,36.8472216],[-5.0557751,36.8470643],[-5.0560427,36.8470056],[-5.0571039,36.8472667],[-5.057784,36.8471197],[-5.0593051,36.8457144],[-5.0607061,36.8440137],[-5.0609393,36.8439285],[-5.0613669,36.8439842],[-5.0632219,36.844574],[-5.0655712,36.8456147],[-5.0721707,36.848312],[-5.0724227,36.8485059],[-5.0740628,36.8506855],[-5.0744715,36.8512823],[-5.0745607,36.8516773],[-5.073348,36.8532847],[-5.0729876,36.8536425],[-5.072614,36.8539284],[-5.0704063,36.8548231],[-5.0695479,36.8554329],[-5.0678749,36.8570303],[-5.0675283,36.857487],[-5.0673433,36.8581121],[-5.0672399,36.858853],[-5.067253,36.859754],[-5.0671584,36.85999],[-5.0628591,36.8648686],[-5.0625687,36.8653333],[-5.0625237,36.8665779],[-5.0623243,36.8679243],[-5.0631583,36.8684867],[-5.0659023,36.8699893],[-5.0665213,36.8704833],[-5.0673329,36.8714606],[-5.0662767,36.8718124],[-5.0659137,36.8720801],[-5.0653151,36.8731811],[-5.06477,36.8737674],[-5.065988,36.8744222],[-5.067489,36.8755858],[-5.0679334,36.8758395],[-5.0682835,36.8759235],[-5.0703799,36.875869],[-5.0720237,36.8748399],[-5.0729122,36.8740944],[-5.0727776,36.8745113],[-5.0727076,36.8764864],[-5.0727773,36.8794775],[-5.0726451,36.8824721],[-5.072541,36.883186],[-5.0726036,36.8838428],[-5.0725607,36.8864033],[-5.0726209,36.88697],[-5.0728671,36.8873623],[-5.073992,36.8882981],[-5.0679245,36.8921441],[-5.066548,36.8931144],[-5.0662029,36.8936342],[-5.0644856,36.8973683],[-5.0640564,36.8980968],[-5.0636108,36.8986363],[-5.0631358,36.8989149],[-5.0604821,36.8999704],[-5.0610566,36.9008888],[-5.0619061,36.9015951],[-5.068831,36.9057739],[-5.0734213,36.9086771],[-5.0776534,36.9111899],[-5.0850513,36.916123],[-5.092504,36.9215104],[-5.0939108,36.9228736],[-5.0959631,36.9252618],[-5.0970052,36.9268297],[-5.0980315,36.9286412],[-5.0993496,36.9316732],[-5.0998463,36.9325927],[-5.1003575,36.9340348],[-5.1018219,36.9403448],[-5.1024493,36.941929],[-5.101952,36.9430373],[-5.1024952,36.9444157],[-5.1032645,36.9470788],[-5.1040406,36.9479393],[-5.1042552,36.9483952],[-5.1046175,36.9501372],[-5.1050799,36.9530672],[-5.1054336,36.9544939],[-5.1055668,36.9548431],[-5.1062486,36.9559485],[-5.1073502,36.9568032],[-5.1089389,36.9586347],[-5.1091883,36.9606966],[-5.1082643,36.9614568],[-5.105943,36.9629944],[-5.1054255,36.9636983],[-5.105081,36.9637569],[-5.104644,36.9640602],[-5.1041255,36.9641613],[-5.1036656,36.9646477],[-5.1032815,36.9646537],[-5.1030694,36.9649556],[-5.102589,36.9652391],[-5.1000108,36.9642294],[-5.0996416,36.9647718],[-5.0959496,36.9672616],[-5.0957352,36.9675899],[-5.0956924,36.9679182],[-5.0970675,36.9685902],[-5.0972735,36.9692564],[-5.0975859,36.9696735],[-5.0976193,36.9701514],[-5.0973355,36.9708421],[-5.097331,36.9711162],[-5.097459,36.971352],[-5.098591,36.972181],[-5.0990616,36.9723437],[-5.0997887,36.9723779],[-5.101775,36.9729807],[-5.102791,36.9730204],[-5.1041106,36.9732166],[-5.1047721,36.9736185],[-5.1052218,36.9737308],[-5.1065037,36.9735774],[-5.1072983,36.9740683],[-5.10825,36.9742858],[-5.108823,36.9743146],[-5.1091268,36.9747674],[-5.1090701,36.97527],[-5.1091293,36.9754536],[-5.1097946,36.9756121],[-5.1100012,36.975858],[-5.1105607,36.9760698],[-5.1109304,36.9758068],[-5.1111833,36.9753874],[-5.1114126,36.9753243],[-5.1123079,36.9758605],[-5.1126274,36.9763759],[-5.1127041,36.976775],[-5.1121676,36.9771657],[-5.1119902,36.9777699],[-5.1119381,36.9788182],[-5.1121419,36.979629],[-5.1119331,36.9799239],[-5.1117309,36.9800392],[-5.1114213,36.980032],[-5.1112802,36.9804152],[-5.1114425,36.9808666],[-5.1113922,36.9810859],[-5.1111657,36.9812505],[-5.110136,36.9814788],[-5.1098376,36.9817126],[-5.1098184,36.9819917],[-5.1101365,36.9823043],[-5.1102948,36.9827916],[-5.1106362,36.9829477],[-5.1113688,36.9827294],[-5.1116437,36.9828382],[-5.1116567,36.9830097],[-5.1109421,36.9835271],[-5.1109322,36.9836425],[-5.1107458,36.983808],[-5.1108002,36.9844644],[-5.1111457,36.985162],[-5.1112888,36.9852927],[-5.1121613,36.9854322],[-5.1125787,36.9855819],[-5.1126406,36.9858],[-5.11239,36.9858882],[-5.1128528,36.986634],[-5.1132389,36.9870198],[-5.1136144,36.9872622],[-5.1147881,36.9877918],[-5.1151904,36.988082],[-5.1151639,36.988269],[-5.1165692,36.9888659],[-5.1177805,36.9886092],[-5.1180859,36.988686],[-5.1187856,36.9895334],[-5.1197061,36.9901674],[-5.1214207,36.9904424],[-5.1220578,36.9908051],[-5.1233879,36.9910824],[-5.1237168,36.9914954],[-5.1240008,36.9917041],[-5.1242272,36.9921052],[-5.124226,36.9925108],[-5.1247147,36.9931308],[-5.1255182,36.9935837],[-5.1262327,36.995065],[-5.1272047,36.9958566],[-5.1288481,36.9967314],[-5.1305443,36.9974151],[-5.131221,36.9978846],[-5.1314432,36.9983897],[-5.1315443,36.9988495],[-5.1329252,36.9988487],[-5.1337237,36.9992301],[-5.1339607,36.9997834],[-5.1344794,36.9999257],[-5.134805,37.0003353],[-5.1365549,37.001591],[-5.1367632,37.0019718],[-5.1370015,37.0020348],[-5.1371896,37.0019811],[-5.1383771,37.0022968],[-5.1390136,37.0023367],[-5.1405482,37.0031389],[-5.1414714,37.0038465],[-5.1422299,37.0041844],[-5.142437,37.0046003],[-5.1424153,37.0054298],[-5.1423141,37.0058282],[-5.1417871,37.0062703],[-5.1390415,37.0077438],[-5.1356361,37.0097428],[-5.1327412,37.0115163],[-5.1325221,37.0117185],[-5.1323739,37.0120456],[-5.1323363,37.0135153],[-5.1322173,37.0140853],[-5.1320107,37.0143323],[-5.1302061,37.0157166],[-5.1299399,37.0162441],[-5.129651,37.0175742],[-5.1285513,37.0184411],[-5.1281374,37.0189171],[-5.127666,37.0201513],[-5.127124,37.0212696],[-5.126042,37.0231816],[-5.1258345,37.0234016],[-5.1254344,37.023562],[-5.1246722,37.0236388],[-5.1241948,37.0238546],[-5.1240114,37.0241283],[-5.1239516,37.0256164],[-5.1236943,37.0264682],[-5.1231236,37.0273706],[-5.1228403,37.0276912],[-5.1222356,37.0277741],[-5.1216284,37.0281725],[-5.1207486,37.0284676],[-5.1199398,37.0284911],[-5.1195536,37.0283447],[-5.119254,37.0280797],[-5.1189835,37.0276519],[-5.1185858,37.0266857],[-5.1182661,37.0252944],[-5.1179128,37.0247149],[-5.1175321,37.0243612],[-5.1171673,37.0241784],[-5.1168397,37.0241212],[-5.1161214,37.024161],[-5.1146062,37.0246477],[-5.1138874,37.0246695],[-5.11349,37.0245234],[-5.1133586,37.0242463],[-5.113468,37.0229195],[-5.1137484,37.0220854],[-5.1137592,37.0216616],[-5.1136086,37.0210965],[-5.1132427,37.0204631],[-5.1122274,37.0191112],[-5.1114222,37.0196663],[-5.1111973,37.0200669],[-5.1108814,37.020433],[-5.1106495,37.0205813],[-5.1090819,37.0207985],[-5.1080785,37.0210957],[-5.1078498,37.0213611],[-5.1074864,37.0224491],[-5.1070787,37.0231503],[-5.1067279,37.023472],[-5.1063845,37.0236583],[-5.1053684,37.0239017],[-5.104168,37.023986],[-5.1038926,37.0241892],[-5.1036648,37.0244907],[-5.1033816,37.0252257],[-5.1026512,37.0256442],[-5.1013724,37.025739],[-5.0993192,37.0254689],[-5.098074,37.025563],[-5.0954049,37.026196],[-5.0948158,37.0264407],[-5.0940205,37.0269504],[-5.0930911,37.027084],[-5.0921786,37.02701],[-5.0914374,37.0274466],[-5.0912091,37.02773],[-5.0901488,37.0284157],[-5.0881157,37.0288841],[-5.085742,37.0300524],[-5.0849744,37.0303453],[-5.0842043,37.0309626],[-5.0833075,37.0314651],[-5.0829704,37.031471],[-5.081972,37.031137],[-5.0810345,37.0309732],[-5.0781133,37.0306188],[-5.0774979,37.0303142],[-5.0765968,37.0302488],[-5.0762905,37.030146],[-5.0749678,37.0294572],[-5.074606,37.0293824],[-5.0743031,37.0294057],[-5.0739167,37.0296648],[-5.0729193,37.0314307],[-5.0726794,37.0317053],[-5.0707866,37.0319636],[-5.0684763,37.0325808],[-5.0675872,37.0325422],[-5.0661287,37.0326487],[-5.0638775,37.0325437],[-5.0620103,37.0320895],[-5.0596788,37.0319227],[-5.0581189,37.0320219],[-5.0566485,37.032525],[-5.0552933,37.0327108],[-5.054434,37.0325274],[-5.0538246,37.0320242],[-5.0530894,37.0306039],[-5.0484794,37.0381011],[-5.0467865,37.0399509],[-5.0454963,37.0408924],[-5.0431406,37.042348],[-5.0399626,37.0437546],[-5.0395096,37.0440508],[-5.038523,37.0454197],[-5.0382462,37.0460013],[-5.0364415,37.0470507],[-5.0335795,37.0489294],[-5.0333351,37.0490417],[-5.0329855,37.0490027],[-5.0324852,37.0487949],[-5.0320614,37.0485048],[-5.0313591,37.0478859],[-5.0306344,37.0468528],[-5.0291144,37.0450853],[-5.027963,37.0440685],[-5.0240786,37.0459825],[-5.0257829,37.0474946],[-5.0272629,37.0490285],[-5.0276565,37.049878],[-5.0277089,37.0501565],[-5.0276286,37.0505184],[-5.0271666,37.0513284],[-5.0267149,37.0516786],[-5.024253,37.0521262],[-5.019672,37.0532318],[-5.012191,37.0552426],[-5.0118992,37.0552656],[-5.0095913,37.0547369],[-5.0063164,37.0567752],[-5.0001636,37.0592855],[-4.9948537,37.0617904],[-4.9941853,37.0620359],[-4.9931195,37.062135],[-4.9882912,37.0645774],[-4.9847846,37.0668262],[-4.9830271,37.0675766],[-4.9821053,37.0684573],[-4.980645,37.0689593],[-4.9797135,37.0694706],[-4.9791418,37.0699758],[-4.9788281,37.0704588],[-4.9786367,37.0721834],[-4.9784219,37.0730071],[-4.9757149,37.073584],[-4.9734681,37.0745588],[-4.9722852,37.0753535],[-4.9702627,37.0780459],[-4.9661997,37.0805739],[-4.9652054,37.0812753],[-4.9637181,37.0824896],[-4.9611933,37.0853524],[-4.9590665,37.0866404],[-4.9575745,37.0885577],[-4.9539503,37.0919973],[-4.953145,37.0926234],[-4.9517167,37.0935212],[-4.9495211,37.094774],[-4.9475839,37.0960136],[-4.9464405,37.0966182],[-4.9440037,37.0976856],[-4.9369812,37.1002791],[-4.9357266,37.1004979],[-4.9347299,37.1002437],[-4.9336048,37.1002441],[-4.9328142,37.1001308],[-4.9317497,37.0998597],[-4.9307386,37.0999213],[-4.9273148,37.1033478],[-4.9270147,37.1034969],[-4.9235066,37.1031573],[-4.9229436,37.1031394],[-4.9226194,37.1032257],[-4.9219325,37.1036515],[-4.9214088,37.1042999],[-4.9214062,37.1046424],[-4.9219578,37.1068776],[-4.9200239,37.1073867],[-4.9171464,37.107965],[-4.9169645,37.1110143],[-4.9148247,37.1122926],[-4.9140794,37.1126381],[-4.9092173,37.1144109],[-4.908368,37.1146499],[-4.9070396,37.1227107],[-4.906464,37.124892],[-4.9062785,37.1287164],[-4.9057948,37.1318696],[-4.9054069,37.1330115],[-4.9051167,37.1335569],[-4.9043234,37.1342456],[-4.9039971,37.1347015],[-4.9030849,37.1364826],[-4.9028646,37.1371261],[-4.9028426,37.1375951],[-4.9033115,37.1387862],[-4.9036122,37.1391059],[-4.9040243,37.1393786],[-4.9070538,37.1407719],[-4.9089595,37.1422374],[-4.9120231,37.1440806],[-4.9152089,37.1454081],[-4.9185552,37.1463995],[-4.9209606,37.1475772],[-4.9223788,37.1480048],[-4.9239966,37.148312],[-4.9246785,37.1485623],[-4.9271171,37.150154],[-4.9286177,37.1516077],[-4.9294792,37.1522786],[-4.9337149,37.1545709],[-4.9358511,37.1562123],[-4.9365584,37.1565703],[-4.9380985,37.1569146],[-4.9415212,37.1573362],[-4.9426649,37.1575879],[-4.9423243,37.1610002],[-4.9416586,37.1640304],[-4.9416073,37.1664286],[-4.9414826,37.1668362],[-4.9411337,37.1672835],[-4.9397943,37.1677561],[-4.939766,37.1701719],[-4.93986,37.1707652],[-4.9402035,37.1718681],[-4.9401507,37.1724458],[-4.9398798,37.1733064],[-4.93978,37.174687],[-4.9396031,37.1756993],[-4.9389016,37.1755756],[-4.9375256,37.1750574],[-4.9357583,37.1750953],[-4.9345945,37.1740688],[-4.9333589,37.1737555],[-4.9327999,37.1743595],[-4.9324927,37.1742383],[-4.9317139,37.1732867],[-4.9313143,37.1730769],[-4.9304197,37.1728842],[-4.929318,37.1729652],[-4.9287586,37.1726679],[-4.9263602,37.1709134],[-4.92516,37.1706626],[-4.9239762,37.1728358],[-4.9222206,37.1742252],[-4.921925,37.1750051],[-4.9215294,37.1749484],[-4.9188207,37.1738387],[-4.9185524,37.1739151],[-4.9172041,37.1749374],[-4.916981,37.1750221],[-4.915022,37.1750538],[-4.9139444,37.1751974],[-4.9112783,37.1748799],[-4.909465,37.1744315],[-4.9089246,37.1744402],[-4.9075725,37.1748676],[-4.9074469,37.1752481],[-4.9073137,37.1762236],[-4.907292,37.1784951],[-4.9071258,37.1790566],[-4.905512,37.1811735],[-4.9051126,37.1818649],[-4.9043515,37.1807145],[-4.9042662,37.1804545],[-4.9041984,37.1786531],[-4.9036255,37.1782657],[-4.9031823,37.17766],[-4.9043834,37.1770458],[-4.9040335,37.1752219],[-4.9037883,37.1748744],[-4.9033978,37.1745742],[-4.902487,37.1741833],[-4.9021064,37.1738289],[-4.9003178,37.1716675],[-4.8981538,37.1707018],[-4.89783,37.1703645],[-4.8961099,37.1673278],[-4.8960129,37.1643461],[-4.8962666,37.1636842],[-4.8965829,37.1632735],[-4.9003,37.159708],[-4.897618,37.1560288],[-4.8906573,37.1550495],[-4.8898467,37.1550534],[-4.8892985,37.1551974],[-4.8873781,37.1572108],[-4.8868926,37.1576151],[-4.8842378,37.1590813],[-4.8832526,37.1602236],[-4.8817632,37.1623743],[-4.8808812,37.1631363],[-4.8804453,37.1632694],[-4.8799802,37.1631326],[-4.8792554,37.1625132],[-4.8777109,37.1601673],[-4.8771302,37.1594555],[-4.8765185,37.1588524],[-4.8755,37.1581925],[-4.8736098,37.1591688],[-4.8702383,37.1617276],[-4.8686279,37.1630959],[-4.8668556,37.1647552],[-4.8657169,37.1660799],[-4.8649563,37.1667498],[-4.8566991,37.173567],[-4.8576049,37.175139],[-4.857789,37.1752983],[-4.8601834,37.1755672],[-4.8575915,37.1773563],[-4.8558892,37.1782122],[-4.8560328,37.179021],[-4.8568046,37.1815595],[-4.8568316,37.1840466],[-4.8590746,37.1841015],[-4.8585478,37.1878861],[-4.8588986,37.1907106],[-4.8581474,37.1913172],[-4.8553738,37.1926044],[-4.8553132,37.1933534],[-4.8543516,37.1936479],[-4.8536991,37.1936851],[-4.8536963,37.194956],[-4.8535571,37.1966345],[-4.8538639,37.1985854],[-4.8501124,37.198599],[-4.8481314,37.198675],[-4.847065,37.1988359],[-4.846218,37.1992186],[-4.8444436,37.2008415],[-4.8433603,37.2012369],[-4.8422828,37.2014068],[-4.8367786,37.2006992],[-4.8338785,37.2005098],[-4.831389,37.2005303],[-4.8288802,37.2002176],[-4.8275187,37.2002927],[-4.8262887,37.2006812],[-4.8259062,37.2007051],[-4.8194123,37.1977137],[-4.8192157,37.1975004],[-4.8191754,37.196762],[-4.8192807,37.1964539],[-4.8223169,37.1957493],[-4.8221564,37.195166],[-4.8217904,37.1944686],[-4.8213276,37.193962],[-4.8206903,37.1941611],[-4.8193441,37.1920548],[-4.8210873,37.1914602],[-4.8218533,37.1909888],[-4.8241272,37.1890431],[-4.8274225,37.1869464],[-4.8265865,37.1859138],[-4.8252372,37.1846098],[-4.8243075,37.1834254],[-4.8236044,37.1822916],[-4.8226534,37.1802153],[-4.8222957,37.1798603],[-4.8212304,37.1795883],[-4.8194477,37.1794624],[-4.8174871,37.1799071],[-4.815294,37.1805176],[-4.814597,37.1805733],[-4.8142064,37.1802548],[-4.8131766,37.1786393],[-4.8139596,37.178411],[-4.8134626,37.1774092],[-4.8116842,37.1751021],[-4.8094312,37.1731988],[-4.8074697,37.1717056],[-4.8063979,37.1711541],[-4.8040988,37.1734604],[-4.7992172,37.1723089],[-4.7993753,37.1709005],[-4.7998243,37.1689379],[-4.8002577,37.1677416],[-4.800516,37.1667643],[-4.8012127,37.1610036],[-4.8011204,37.1599595],[-4.8008057,37.1595136],[-4.7991678,37.1583488],[-4.7982051,37.1571647],[-4.7971879,37.1555758],[-4.7959865,37.1542962],[-4.7947662,37.1536387],[-4.7941885,37.1534942],[-4.7926318,37.1538513],[-4.7921979,37.1540741],[-4.7919112,37.1543308],[-4.7917258,37.154586],[-4.791591,37.1550747],[-4.7911359,37.1601288],[-4.7900102,37.1596682],[-4.7886403,37.1588777],[-4.7869393,37.1574162],[-4.785675,37.1568044],[-4.7861395,37.1564459],[-4.7868827,37.1554883],[-4.7878276,37.154014],[-4.7899093,37.1510894],[-4.7924827,37.1470578],[-4.7939375,37.1452512],[-4.7944161,37.144541],[-4.7962291,37.1412238],[-4.8011369,37.1335965],[-4.8066082,37.1255639],[-4.810058,37.1210679],[-4.81074,37.1199308],[-4.8111681,37.119005],[-4.8114684,37.1179098],[-4.8119131,37.1167314],[-4.8120729,37.1158817],[-4.8132425,37.1130157],[-4.8140763,37.111642],[-4.814929,37.1105925],[-4.8156026,37.1095817],[-4.817335,37.1076715],[-4.8178917,37.1069509],[-4.8191223,37.1057063],[-4.8199291,37.1046213],[-4.8211263,37.1019892],[-4.8223486,37.0999334],[-4.8240616,37.0972302],[-4.8250847,37.0957904],[-4.8269784,37.0926518],[-4.8277892,37.091747],[-4.7959935,37.0449589],[-4.7960013,37.0438591],[-4.795659,37.0426926],[-4.7933978,37.037382],[-4.7923079,37.0354966],[-4.7902694,37.0324719],[-4.7904533,37.0321627],[-4.7912097,37.0313401],[-4.7911809,37.0305924],[-4.7904721,37.029134],[-4.7896044,37.0276058],[-4.7863139,37.0205439],[-4.7848982,37.0172032],[-4.7843482,37.0162741],[-4.7836642,37.0153831],[-4.7833817,37.0148375],[-4.7831347,37.0134081],[-4.7835109,37.0112303],[-4.7835991,37.0101924],[-4.7835608,37.009517],[-4.7827477,37.0055003],[-4.7823537,37.004028],[-4.7818153,37.0007012],[-4.7819375,37.0001586],[-4.781828,36.9973931],[-4.7815495,36.9950899],[-4.7812137,36.9936979],[-4.7798576,36.9924023],[-4.7784822,36.9912421],[-4.7779133,36.9909352],[-4.7772215,36.9896927],[-4.7759363,36.9890269],[-4.7761397,36.9876268],[-4.7764533,36.9832326],[-4.7768053,36.9829118],[-4.7777556,36.9827083],[-4.7781428,36.9824502],[-4.7787547,36.9817109],[-4.7789087,36.9810867],[-4.7789479,36.980356],[-4.7787636,36.9791961],[-4.7783308,36.9779767],[-4.7783372,36.9777693],[-4.7788967,36.9771931],[-4.7804537,36.9750697],[-4.7811235,36.973924],[-4.7814639,36.9731077],[-4.781698,36.9720676],[-4.7816771,36.9706889],[-4.7819034,36.9697932],[-4.782045466559069,36.96870034843564],[-4.7821737,36.9687106],[-4.7823846,36.968568],[-4.7831147,36.9686677],[-4.7838339,36.9681683],[-4.783858,36.9678846],[-4.7845073,36.9675954],[-4.7854735,36.9675186],[-4.7862814,36.9676227],[-4.7870164,36.9684287],[-4.787419,36.9690981],[-4.786944,36.9701215],[-4.7868474,36.972429],[-4.7865952,36.9725884],[-4.7861252,36.9726771],[-4.7860848,36.9728127],[-4.786376,36.9731237],[-4.7862266,36.9733121],[-4.786843,36.9735382],[-4.7874435,36.9731284],[-4.7877685,36.9723784],[-4.7882881,36.97185],[-4.7891554,36.9716358],[-4.7890781,36.9708428],[-4.7891691,36.9703853],[-4.7894158,36.9700972],[-4.7897534,36.9702468],[-4.7900244,36.9706776],[-4.7900589,36.9717576],[-4.7904164,36.9723661],[-4.7915739,36.9738204],[-4.7916111,36.9727789],[-4.7918402,36.9722865],[-4.792268,36.9718748],[-4.794014,36.9716623],[-4.7944027,36.9714713],[-4.7949382,36.9714316],[-4.7954603,36.9712399],[-4.7958455,36.9714343],[-4.7964053,36.9712276],[-4.7965412,36.9710458],[-4.7980082,36.9712473],[-4.7985663,36.9712111],[-4.7990266,36.970964],[-4.7995989,36.9712197],[-4.7999171,36.9716456],[-4.8002947,36.9714881],[-4.800613,36.9714664],[-4.8006889,36.9710416],[-4.8010567,36.970526],[-4.8015599,36.97041],[-4.8015071,36.9699415],[-4.8003071,36.9702642],[-4.799977,36.9702515],[-4.7993422,36.9703868],[-4.7974459,36.9699902],[-4.7969971,36.9695058],[-4.7971239,36.9683204],[-4.7975522,36.9679265],[-4.7982077,36.9676167],[-4.7980347,36.9674257],[-4.7980137,36.9671996],[-4.7967661,36.9672288],[-4.796293,36.9673552],[-4.7960645,36.9675227],[-4.7956683,36.9673626],[-4.794663,36.9665598],[-4.7940833,36.9663659],[-4.7944222,36.9654534],[-4.7947152,36.9653145],[-4.7953438,36.9655686],[-4.795491,36.9654608],[-4.7955645,36.9649808],[-4.7960427,36.9648142],[-4.7960672,36.9644322],[-4.7963738,36.9641285],[-4.7961899,36.9640109],[-4.7953193,36.9640109],[-4.7951599,36.9637758],[-4.7963738,36.9625903],[-4.7961286,36.9625315],[-4.7955891,36.9626589],[-4.7949269,36.9622082],[-4.7950863,36.9615714],[-4.7948043,36.9612579],[-4.7950986,36.9597001],[-4.7955768,36.9590339],[-4.7955278,36.9586812],[-4.7951967,36.9584754],[-4.7949024,36.958446],[-4.794743,36.9582207],[-4.7948166,36.9577896],[-4.7942648,36.9567706],[-4.7943507,36.955977],[-4.7946449,36.9554871],[-4.7946817,36.9547228],[-4.7944978,36.9541643],[-4.7941667,36.9538018],[-4.7942526,36.9534197],[-4.7946572,36.9528514],[-4.7947553,36.9523027],[-4.7945346,36.9521165],[-4.7945714,36.9510877],[-4.7943384,36.9506565],[-4.7930111,36.9493363],[-4.7935154,36.948078],[-4.7938221,36.9481843],[-4.7940865,36.9484268],[-4.7941863,36.9489672],[-4.7946414,36.9495596],[-4.7948712,36.9494488],[-4.7950446,36.9494799],[-4.7952483,36.9497571],[-4.796007,36.9501243],[-4.7965835,36.9501832],[-4.7971687,36.9500828],[-4.7973812,36.9501728],[-4.7976239,36.9500793],[-4.7975589,36.9499303],[-4.7976759,36.9496462],[-4.7978797,36.949577],[-4.7981875,36.94904],[-4.7992582,36.9488771],[-4.7990328,36.9485861],[-4.7993926,36.9485827],[-4.7998088,36.9483159],[-4.8001209,36.9482813],[-4.8000905,36.9481115],[-4.8004287,36.9477062],[-4.8009532,36.9477547],[-4.8014301,36.9476195],[-4.8017465,36.9473389],[-4.8015558,36.9472073],[-4.8015514,36.9470029],[-4.8019286,36.9469786],[-4.802128,36.9468262],[-4.8019503,36.9467603],[-4.8018722,36.9465594],[-4.8019589,36.946407],[-4.8023621,36.9463481],[-4.8024835,36.9461541],[-4.8021237,36.9457799],[-4.8021323,36.9456586],[-4.802037,36.9455789],[-4.802167,36.9448444],[-4.8023231,36.9447059],[-4.8023232,36.944241],[-4.8021625,36.9440434],[-4.8016506,36.9437608],[-4.8018026,36.9435849],[-4.8021106,36.9437114],[-4.802385,36.9435216],[-4.8025458,36.9435592],[-4.8027646,36.9437573],[-4.8028381,36.9441625],[-4.8033626,36.9447159],[-4.8035445,36.9451469],[-4.8038572,36.9451812],[-4.8039798,36.9454311],[-4.8042986,36.945583],[-4.8045193,36.9459651],[-4.8049975,36.9462787],[-4.8050894,36.9464943],[-4.8054695,36.9468128],[-4.8055247,36.9471753],[-4.8053898,36.9476898],[-4.804881,36.9486844],[-4.8047645,36.9491449],[-4.8048871,36.9493801],[-4.8040656,36.9497475],[-4.804225,36.9498014],[-4.8042311,36.9501836],[-4.804317,36.9501836],[-4.8044028,36.9500366],[-4.804757,36.9500065],[-4.805065,36.9498685],[-4.8052475,36.9502463],[-4.8055515,36.9503164],[-4.8058072,36.9494953],[-4.8059122,36.9494366],[-4.8064468,36.950144],[-4.8064841,36.950745],[-4.8064237,36.9509918],[-4.8068056,36.9512568],[-4.806697,36.9513606],[-4.8069706,36.9514856],[-4.8073818,36.9518761],[-4.8077916,36.951983],[-4.8079614,36.9521056],[-4.8085033,36.9521528],[-4.8085777,36.9524287],[-4.8091165,36.9523858],[-4.8101028,36.9527982],[-4.8102768,36.9530379],[-4.8102787,36.9532665],[-4.8097488,36.9537742],[-4.810024,36.9540282],[-4.810291,36.9541103],[-4.8101881,36.9546297],[-4.8103346,36.9549727],[-4.8100277,36.9556831],[-4.8101466,36.9559591],[-4.8102835,36.9559695],[-4.8105111,36.9563151],[-4.810955,36.9565351],[-4.811049,36.9568755],[-4.8113164,36.9570396],[-4.8113937,36.9573495],[-4.8116525,36.9575234],[-4.8119092,36.9578895],[-4.8122524,36.9581684],[-4.8125874,36.9582097],[-4.8128526,36.9587949],[-4.8128206,36.9591043],[-4.8124567,36.9593107],[-4.8124103,36.9596938],[-4.8126011,36.9598981],[-4.8139113,36.9599585],[-4.8142232,36.9602606],[-4.8140942,36.9603497],[-4.8140899,36.9605566],[-4.8142288,36.9607983],[-4.8140144,36.9611902],[-4.8136123,36.9614451],[-4.8130767,36.9615861],[-4.8130187,36.9617382],[-4.8132103,36.9618631],[-4.8134709,36.9618457],[-4.8139415,36.96205],[-4.813967,36.9618418],[-4.8140818,36.9617128],[-4.814293,36.9616426],[-4.8143581,36.9617725],[-4.814538,36.9618375],[-4.815251,36.9617575],[-4.8151159,36.9623495],[-4.8144925,36.9627852],[-4.814415,36.9629424],[-4.8147698,36.9629826],[-4.8147607,36.9631301],[-4.814493,36.9632527],[-4.8143544,36.9634527],[-4.8147805,36.9634087],[-4.8149183,36.9635473],[-4.8156361,36.9634439],[-4.8157075,36.9632595],[-4.8158877,36.9631582],[-4.8163289,36.9631567],[-4.8169956,36.9639259],[-4.8171748,36.9639702],[-4.817382,36.9639126],[-4.8173118,36.9635223],[-4.8174942,36.9632828],[-4.8173029,36.9627922],[-4.8173034,36.9624776],[-4.8176988,36.9622214],[-4.8177522,36.9615838],[-4.8179322,36.9614327],[-4.8181359,36.9615344],[-4.818838,36.9613856],[-4.8189895,36.9611693],[-4.8188879,36.9606686],[-4.8190486,36.9604636],[-4.8193433,36.9605149],[-4.8195374,36.9608412],[-4.8194388,36.9610285],[-4.8195026,36.961302],[-4.819698,36.9614003],[-4.820012,36.9612459],[-4.8200549,36.9609876],[-4.8208656,36.9606639],[-4.8210344,36.960367],[-4.8214261,36.960397],[-4.8218021,36.9605281],[-4.8216919,36.9610558],[-4.8217721,36.9612642],[-4.8216161,36.9615927],[-4.8217155,36.9616936],[-4.8221372,36.9613418],[-4.8225116,36.9608509],[-4.8227225,36.960716],[-4.8232234,36.9609012],[-4.8237592,36.9605907],[-4.8239312,36.9603306],[-4.8238007,36.9599244],[-4.8244731,36.9593408],[-4.8247263,36.9593739],[-4.8248058,36.9596796],[-4.8251304,36.9598716],[-4.8253527,36.9601671],[-4.8260661,36.960379],[-4.8262575,36.9606362],[-4.8265834,36.9603498],[-4.8269711,36.9603181],[-4.8270923,36.9600671],[-4.8273321,36.9600626],[-4.827704,36.9604016],[-4.8280111,36.9604146],[-4.828193,36.9602187],[-4.8281295,36.9599371],[-4.8283645,36.9591987],[-4.8289272,36.9590769],[-4.829129,36.9586995],[-4.8291488,36.9584611],[-4.8287597,36.9580045],[-4.8283308,36.957658],[-4.8285154,36.9574878],[-4.8286182,36.9568317],[-4.828805,36.9565276],[-4.8290392,36.9562866],[-4.8294573,36.9560907],[-4.8296697,36.9564384],[-4.8299127,36.9566028],[-4.8302247,36.9566661],[-4.8304026,36.9570113],[-4.8302247,36.9575477],[-4.8303038,36.9577909],[-4.8302563,36.9580247],[-4.8304146,36.9582773],[-4.8302248,36.9584918],[-4.8303832,36.9587692],[-4.8301621,36.9591219],[-4.8302261,36.9593974],[-4.8305755,36.9595313],[-4.8306416,36.959736],[-4.8304625,36.9599533],[-4.8300724,36.9601883],[-4.8300039,36.9603438],[-4.8295347,36.960649],[-4.8292026,36.9613203],[-4.8297147,36.9613267],[-4.829947,36.9610203],[-4.83023,36.9609351],[-4.8303375,36.9607898],[-4.830584,36.9607773],[-4.8306185,36.9609734],[-4.8310011,36.9609293],[-4.8313106,36.9610535],[-4.831441,36.9608091],[-4.8312693,36.9605774],[-4.8312367,36.9601143],[-4.8310643,36.9599555],[-4.8311622,36.9595495],[-4.8314072,36.9592251],[-4.8318574,36.9590943],[-4.8319622,36.9589634],[-4.8317648,36.9588471],[-4.8314143,36.958244],[-4.8317164,36.9577032],[-4.831892,36.9571119],[-4.8317262,36.9569437],[-4.8317897,36.9566998],[-4.8317429,36.9560222],[-4.8320416,36.9558379],[-4.8321189,36.9556536],[-4.832052,36.9554367],[-4.8327091,36.9552429],[-4.8331376,36.9553611],[-4.8334655,36.9552586],[-4.833637,36.9548497],[-4.8335375,36.9543631],[-4.8340078,36.9539584],[-4.8343132,36.9538981],[-4.8347015,36.9540478],[-4.8347383,36.9543516],[-4.8348572,36.9544698],[-4.8348268,36.9546861],[-4.8354965,36.9550349],[-4.8357693,36.9553656],[-4.8357274,36.9560527],[-4.8358795,36.9563791],[-4.8357169,36.9570351],[-4.8357771,36.9572773],[-4.8363412,36.9578474],[-4.8374894,36.9587075],[-4.8376847,36.9598673],[-4.8383844,36.9604523],[-4.8378683,36.9618921],[-4.8359268,36.9637121],[-4.8381032,36.9630345],[-4.8380111,36.9637357],[-4.83721,36.9644926],[-4.8356709,36.9672092],[-4.8341939,36.9674502],[-4.835115,36.9678563],[-4.8357026,36.967704],[-4.8360997,36.9679324],[-4.8364649,36.9679451],[-4.8369572,36.9682369],[-4.8367905,36.9694296],[-4.8370262,36.9697115],[-4.8373359,36.9689375],[-4.8378466,36.9683258],[-4.837529,36.967666],[-4.8369496,36.9672362],[-4.8371691,36.9666916],[-4.837717,36.9665837],[-4.8384317,36.965575],[-4.8391305,36.9650674],[-4.8393528,36.9643822],[-4.8404724,36.9631133],[-4.8410918,36.9627834],[-4.8419017,36.9630245],[-4.8421558,36.9635574],[-4.8426549,36.9636887],[-4.8430356,36.9635646],[-4.8437262,36.963124],[-4.8443046,36.9629245],[-4.8444143,36.9625006],[-4.8446406,36.9622598],[-4.84499,36.9621312],[-4.8455149,36.962075],[-4.8459276,36.9621729],[-4.8464461,36.9625763],[-4.8472907,36.9626344],[-4.8477937,36.9629874],[-4.8481534,36.9634834],[-4.848298,36.9635428],[-4.8489401,36.9630573],[-4.8491688,36.9629671],[-4.8500446,36.9631964],[-4.8503728,36.9631376],[-4.8506185,36.9629997],[-4.8508385,36.9627806],[-4.8509353,36.9625476],[-4.8507031,36.961876],[-4.8509716,36.9616789],[-4.8534077,36.9609536],[-4.8535839,36.9610219],[-4.8540948,36.9609587],[-4.8555005,36.9610421],[-4.8556719,36.9611094],[-4.8557084,36.9612075],[-4.8552624,36.961983],[-4.8552466,36.9621496],[-4.8554603,36.9621651],[-4.8560355,36.96199],[-4.8565407,36.96225],[-4.8574171,36.9624431],[-4.8575274,36.9626564],[-4.8574424,36.9629605],[-4.857579,36.9632314],[-4.8580311,36.9628964],[-4.8584639,36.9627186],[-4.8595819,36.9631149],[-4.8598284,36.9635037],[-4.8595673,36.9639258],[-4.8595773,36.9641891],[-4.8602286,36.9636549],[-4.8605715,36.9636217],[-4.8609211,36.9637073],[-4.861133,36.9638588],[-4.8614094,36.9642289],[-4.8614691,36.9644744],[-4.8614343,36.9650573],[-4.861777,36.9658364],[-4.8618897,36.965804],[-4.8621298,36.9651622],[-4.8622565,36.9650886],[-4.8627252,36.9653333],[-4.8629805,36.9655649],[-4.8634256,36.9657472],[-4.8636407,36.966803],[-4.8640663,36.966126],[-4.8642437,36.9661179],[-4.8646043,36.9662901],[-4.8648653,36.966617],[-4.8650914,36.9667508],[-4.865104,36.9669355],[-4.8654939,36.9674103],[-4.8654891,36.9675752],[-4.8653214,36.9678025],[-4.8652689,36.9681777],[-4.8651546,36.9683739],[-4.8657938,36.9680253],[-4.8662033,36.9679749],[-4.8681364,36.9687769],[-4.8688233,36.9691629],[-4.8684927,36.9694718],[-4.8684066,36.9696989],[-4.8681561,36.9698348],[-4.8684909,36.9698713],[-4.8689063,36.9694743],[-4.8694755,36.9696419],[-4.8696617,36.9700365],[-4.8706534,36.9707522],[-4.8707477,36.9711737],[-4.8707139,36.9718291],[-4.8714756,36.9710154],[-4.872042,36.9710329],[-4.8724746,36.9709152],[-4.8726968,36.9709603],[-4.8729302,36.9711299],[-4.8735318,36.9710914],[-4.8749429,36.9703896],[-4.8759456,36.9699888],[-4.8764169,36.9699352],[-4.8767309,36.9697997],[-4.8777396,36.9705616],[-4.8781842,36.9705834],[-4.8789218,36.9709253],[-4.8811543,36.9714455],[-4.8817401,36.9718666],[-4.8817589,36.9721752],[-4.8820683,36.9726672],[-4.8818908,36.9732836],[-4.8815176,36.9739509],[-4.8814783,36.9741672],[-4.8815071,36.9746186],[-4.8817309,36.9750152],[-4.8818189,36.9754693],[-4.8817735,36.9760314],[-4.8820587,36.9765083],[-4.8817995,36.9773386],[-4.8818278,36.9778069],[-4.8821455,36.9769804],[-4.8822339,36.9762987],[-4.8820583,36.9760074],[-4.8822299,36.9753973],[-4.8822667,36.9747383],[-4.8826639,36.9744591],[-4.8827458,36.9742771],[-4.8827705,36.9738168],[-4.8835155,36.9729822],[-4.8837757,36.9719853],[-4.8837383,36.9714923],[-4.8836183,36.9711524],[-4.8843958,36.9708752],[-4.8848854,36.9705429],[-4.885117,36.9701811],[-4.8850276,36.9699475],[-4.8850314,36.9695549],[-4.8851743,36.9694564],[-4.885479,36.9694249],[-4.8856812,36.969186],[-4.8856611,36.9690835],[-4.8852756,36.9688289],[-4.8852139,36.9685743],[-4.8853666,36.968106],[-4.8856222,36.967721],[-4.8860747,36.9673557],[-4.8864827,36.9671861],[-4.8890537,36.9664571],[-4.8895237,36.966493],[-4.8897833,36.9668805],[-4.8900632,36.9669835],[-4.8917549,36.966681],[-4.8918884,36.9665892],[-4.8911353,36.9649103],[-4.8898551,36.9644309],[-4.8892856,36.9644309],[-4.8883114,36.9649697],[-4.8877569,36.9650535],[-4.8871574,36.9655924],[-4.8854039,36.9663229],[-4.8851192,36.9660953],[-4.8848494,36.9652811],[-4.8846096,36.9666103],[-4.8838003,36.967221],[-4.8837703,36.9677239],[-4.8827512,36.968119],[-4.8821067,36.968119],[-4.881852,36.9679753],[-4.8809527,36.9680831],[-4.8802483,36.9679634],[-4.8787196,36.9673766],[-4.8785098,36.9670653],[-4.8781501,36.9675682],[-4.8777005,36.9676401],[-4.8771909,36.9680352],[-4.8765165,36.9679753],[-4.8736689,36.9681909],[-4.8732643,36.9684543],[-4.8728113,36.9684537],[-4.8719628,36.9681469],[-4.8711436,36.967603],[-4.8704018,36.9672643],[-4.870105,36.9667732],[-4.8697659,36.9666208],[-4.8695752,36.9662397],[-4.8692784,36.9659011],[-4.8687592,36.9655624],[-4.86842,36.9655624],[-4.8676441,36.9650056],[-4.86771,36.9646309],[-4.8672013,36.964089],[-4.866629,36.9638265],[-4.8665019,36.9636318],[-4.8661628,36.9635302],[-4.8659614,36.9631406],[-4.8656329,36.9628781],[-4.8653679,36.9628527],[-4.864997,36.9624971],[-4.8644671,36.9624209],[-4.8636723,36.9620991],[-4.8631001,36.9617604],[-4.8629623,36.9613963],[-4.8625278,36.9613878],[-4.8619661,36.9610576],[-4.8615952,36.9610068],[-4.8604613,36.9604817],[-4.8604189,36.9603208],[-4.8597592,36.9600168],[-4.8575343,36.9596577],[-4.8574035,36.9595392],[-4.8573507,36.9592277],[-4.8574528,36.9590176],[-4.8573677,36.9588479],[-4.8564619,36.9586438],[-4.8557343,36.9582582],[-4.8557124,36.9580401],[-4.8560418,36.9573966],[-4.8561327,36.9567059],[-4.8566704,36.9563383],[-4.857084,36.9557787],[-4.8575263,36.9557044],[-4.8584046,36.9558441],[-4.8585206,36.9557148],[-4.8586696,36.9557473],[-4.8587787,36.9555808],[-4.8591122,36.955557],[-4.8591738,36.9556426],[-4.8592453,36.9556141],[-4.8593842,36.9560186],[-4.8598329,36.9563469],[-4.8604681,36.956504],[-4.8606289,36.9564802],[-4.8604959,36.9563327],[-4.8601644,36.9562756],[-4.8596343,36.9554126],[-4.8596522,36.9552619],[-4.8593624,36.9550636],[-4.859148,36.9550985],[-4.8587986,36.9550208],[-4.8587351,36.9551413],[-4.8586199,36.955043],[-4.8582864,36.9551017],[-4.8580244,36.9550366],[-4.8574427,36.9545433],[-4.857147,36.9544386],[-4.8567757,36.9539056],[-4.8568849,36.9536914],[-4.8573375,36.9534788],[-4.8575619,36.9531346],[-4.8581018,36.9529157],[-4.8586715,36.9527935],[-4.859017,36.952389],[-4.8594319,36.9523398],[-4.8600691,36.9525175],[-4.8600095,36.952151],[-4.8604621,36.9519131],[-4.8610517,36.9514514],[-4.8615718,36.9505028],[-4.8620562,36.9501569],[-4.8617505,36.9501506],[-4.861151,36.9504044],[-4.861016,36.9507185],[-4.8604482,36.9512611],[-4.8601703,36.9514007],[-4.859678,36.9513911],[-4.8586179,36.9517053],[-4.8585544,36.9518734],[-4.8578914,36.9523462],[-4.8570616,36.9524604],[-4.8568591,36.9524287],[-4.8568035,36.9523366],[-4.8572323,36.951756],[-4.8572958,36.9513911],[-4.8571966,36.9510834],[-4.8573236,36.9507058],[-4.857137,36.9504964],[-4.8569266,36.9500014],[-4.8565852,36.9504107],[-4.8562556,36.950655],[-4.8562398,36.950801],[-4.8560809,36.9509501],[-4.8561762,36.9510485],[-4.8561842,36.9513562],[-4.8557911,36.9518417],[-4.8558268,36.9521558],[-4.8557276,36.9523017],[-4.8555132,36.9523842],[-4.8550963,36.9523144],[-4.8550884,36.9525143],[-4.8549693,36.9526254],[-4.8545603,36.9526349],[-4.8542626,36.9528221],[-4.8541315,36.9527999],[-4.8540085,36.9529934],[-4.8537147,36.9531425],[-4.8535281,36.9533615],[-4.8531747,36.9533392],[-4.8533454,36.9534725],[-4.8538576,36.9536248],[-4.8543261,36.9535899],[-4.8547628,36.9537485],[-4.85487,36.9538627],[-4.855009,36.9544497],[-4.8548105,36.9546496],[-4.8546953,36.95497],[-4.8541633,36.9553031],[-4.8530199,36.9552778],[-4.8530874,36.9554903],[-4.8530556,36.9557188],[-4.8532343,36.9557315],[-4.8534764,36.9558933],[-4.8533613,36.9562169],[-4.8533573,36.9564961],[-4.8531866,36.9567784],[-4.853675,36.9569307],[-4.8536551,36.9571084],[-4.8537941,36.9573082],[-4.8537305,36.9576319],[-4.8520948,36.9580887],[-4.8491131,36.9592435],[-4.8483111,36.9593196],[-4.8472907,36.9590595],[-4.8468183,36.958609],[-4.8465086,36.9584948],[-4.8462982,36.9583076],[-4.8461799,36.958046],[-4.8464173,36.957432],[-4.8466356,36.9563628],[-4.8470327,36.9558488],[-4.8466595,36.9552048],[-4.846719,36.9547733],[-4.8470803,36.9547511],[-4.8471875,36.9551889],[-4.8477275,36.9555284],[-4.8478744,36.9554459],[-4.8480491,36.954529],[-4.8482635,36.9542149],[-4.848319,36.9539674],[-4.8477037,36.9534122],[-4.8480451,36.9530949],[-4.8479538,36.9529173],[-4.8480054,36.9525492],[-4.8484223,36.9521399],[-4.8470287,36.9516196],[-4.8442291,36.9517055],[-4.8426575,36.95091],[-4.8415573,36.9501983],[-4.8407715,36.9493191],[-4.8424479,36.9482305],[-4.8442291,36.947435],[-4.8454865,36.9463883],[-4.8462723,36.9471001],[-4.8471629,36.9472257],[-4.847844,36.9468907],[-4.8480535,36.9463046],[-4.8465342,36.9463883],[-4.8458532,36.9458022],[-4.8448578,36.9455928],[-4.8433385,36.9462208],[-4.8426842,36.94567],[-4.8401437,36.9467299],[-4.8391762,36.9473643],[-4.838076,36.9467363],[-4.8384251,36.9461775],[-4.8389379,36.9458859],[-4.8395666,36.9450066],[-4.839357,36.9435831],[-4.8394094,36.942955],[-4.8400905,36.9425363],[-4.8423955,36.9427038],[-4.8444588,36.9411911],[-4.8467564,36.9404894],[-4.8477278,36.9409671],[-4.8473915,36.9399817],[-4.8459718,36.9398772],[-4.8450752,36.9404147],[-4.8436182,36.9404296],[-4.842404,36.941639],[-4.8417502,36.9416987],[-4.8408909,36.9413404],[-4.839191,36.9418928],[-4.8388921,36.9418032],[-4.8391163,36.9407432],[-4.8393965,36.939922],[-4.8405173,36.9397429],[-4.8420304,36.9386529],[-4.8388361,36.9386679],[-4.8374641,36.9405211],[-4.8366632,36.9396676],[-4.8365742,36.9404856],[-4.8371081,36.9410902],[-4.8370636,36.9426549],[-4.8363072,36.9434018],[-4.8377311,36.9428683],[-4.838354,36.9431884],[-4.8384875,36.9437929],[-4.8381315,36.9443264],[-4.8371081,36.9449309],[-4.8362182,36.9448954],[-4.8365297,36.9455355],[-4.8363072,36.9458555],[-4.8357732,36.94614],[-4.8353728,36.9460333],[-4.8354618,36.9472069],[-4.8324805,36.9474913],[-4.8307897,36.9473847],[-4.8306562,36.9462467],[-4.8295883,36.9463178],[-4.8293658,36.945571],[-4.8289209,36.9457489],[-4.827675,36.9454644],[-4.8288764,36.9465312],[-4.8298998,36.9476692],[-4.8293658,36.9489493],[-4.8279864,36.9495894],[-4.8270454,36.9496587],[-4.8259559,36.9505307],[-4.8243205,36.9506875],[-4.8236258,36.9513318],[-4.8219147,36.9509317],[-4.821676,36.9517636],[-4.8200833,36.9521458],[-4.8195965,36.9519755],[-4.8189315,36.9520076],[-4.8182575,36.9523998],[-4.8170282,36.9526175],[-4.8166343,36.9525501],[-4.816802,36.9519713],[-4.8168623,36.9511083],[-4.8164465,36.9503204],[-4.8157623,36.9498219],[-4.81538,36.9497361],[-4.8150581,36.9495592],[-4.8147227,36.9497254],[-4.8133276,36.9494306],[-4.8135758,36.9491036],[-4.8129856,36.9490286],[-4.8125094,36.9487981],[-4.8113423,36.9487284],[-4.8111277,36.9483264],[-4.8098265,36.9475063],[-4.809631,36.9472199],[-4.810129,36.9470607],[-4.8105559,36.9468219],[-4.8112815,36.9466778],[-4.8116894,36.9463898],[-4.8116846,36.9461131],[-4.8118364,36.9459804],[-4.8122775,36.9460941],[-4.8123391,36.9460373],[-4.8120593,36.9456848],[-4.8119834,36.9453739],[-4.8129272,36.9448319],[-4.8130268,36.9446879],[-4.8123486,36.9447637],[-4.8121352,36.9448774],[-4.8119455,36.9448622],[-4.8118174,36.9446576],[-4.8117558,36.9446765],[-4.8117036,36.9449039],[-4.8113764,36.9449949],[-4.8111487,36.9452413],[-4.8109969,36.9456734],[-4.8106175,36.9458819],[-4.8098018,36.9461017],[-4.8096405,36.9460486],[-4.8095366,36.9457601],[-4.8090621,36.9454956],[-4.8087791,36.9449922],[-4.8086116,36.9449157],[-4.8084681,36.9444823],[-4.8084601,36.9440299],[-4.808799,36.9439502],[-4.8091219,36.9436857],[-4.8091538,36.9433639],[-4.8088508,36.9433575],[-4.808189,36.9430771],[-4.8080335,36.9429401],[-4.8084162,36.9423984],[-4.8082289,36.9424334],[-4.8076348,36.9422773],[-4.8077145,36.941828],[-4.808177,36.9416527],[-4.8083245,36.941487],[-4.8079498,36.9414233],[-4.8078939,36.941146],[-4.8072281,36.9410887],[-4.8065583,36.9412639],[-4.806339,36.9411333],[-4.8057888,36.9412034],[-4.8053484,36.9415141],[-4.8051141,36.941011],[-4.8051595,36.9408545],[-4.8053274,36.9408237],[-4.8054358,36.9403737],[-4.8047853,36.9399992],[-4.8045126,36.9399349],[-4.8045231,36.9396862],[-4.8040195,36.9394011],[-4.8038412,36.9391663],[-4.8029494,36.9387917],[-4.8025018,36.9387834],[-4.8014541,36.9391408],[-4.8014566,36.9392247],[-4.8007078,36.9401054],[-4.8003896,36.9403318],[-4.7993055,36.9407315],[-4.7993195,36.9408209],[-4.8004106,36.9415337],[-4.8008904,36.9420449],[-4.8009434,36.9422291],[-4.8009014,36.9426284],[-4.8009657,36.9428635],[-4.8008074,36.9431461],[-4.8006897,36.943277],[-4.8005651,36.9432667],[-4.8002065,36.943496],[-4.7999209,36.9438003],[-4.7997165,36.9437917],[-4.7988786,36.9441199],[-4.7987278,36.9440922],[-4.7986264,36.94378],[-4.7986898,36.9426718],[-4.7985502,36.9416644],[-4.7985947,36.9414549],[-4.7969824,36.9416039],[-4.7968374,36.94165],[-4.7967228,36.9419352],[-4.7961318,36.942119],[-4.7957881,36.9425044],[-4.7959488,36.9427474],[-4.7963173,36.9429668],[-4.7965398,36.9428561],[-4.7969083,36.942951],[-4.7969182,36.9430992],[-4.7966635,36.943621],[-4.7963346,36.9437692],[-4.796038,36.9438018],[-4.7957828,36.9439834],[-4.7956433,36.943942],[-4.79544,36.9440535],[-4.7952486,36.9440439],[-4.7946465,36.944541],[-4.7944631,36.9448469],[-4.7941322,36.9449903],[-4.7935302,36.9450636],[-4.7930876,36.9449616],[-4.7929919,36.9451273],[-4.79296,36.9452389],[-4.793283,36.9453759],[-4.7932072,36.9455001],[-4.7932511,36.9457232],[-4.7934903,36.9457997],[-4.7935262,36.9459654],[-4.7939129,36.9459654],[-4.7942758,36.9461438],[-4.7948698,36.9462936],[-4.7949376,36.9465453],[-4.7953522,36.946711],[-4.7954922,36.9470361],[-4.795743,36.9471507],[-4.79666,36.9471858],[-4.7972421,36.9470232],[-4.797577,36.947138],[-4.797258,36.9476573],[-4.7971623,36.9480684],[-4.7965762,36.9481831],[-4.7964328,36.9483903],[-4.7958899,36.9482599],[-4.7954284,36.9479715],[-4.7952509,36.9477114],[-4.7946268,36.9473592],[-4.7944434,36.9471133],[-4.7940617,36.9468982],[-4.7936121,36.9469265],[-4.792485,36.9474206],[-4.7921833,36.9474372],[-4.7919584,36.9470518],[-4.7917011,36.9469549],[-4.7911745,36.94704],[-4.7907484,36.9469027],[-4.790503,36.9469312],[-4.7903284,36.9470164],[-4.7904823,36.9471488],[-4.7905503,36.9473994],[-4.7904237,36.9476649],[-4.7891303,36.9480211],[-4.7888789,36.9479975],[-4.7887428,36.9483947],[-4.7887724,36.9486453],[-4.7885446,36.9491985],[-4.7878394,36.9496399],[-4.787662,36.9499639],[-4.7874255,36.9499977],[-4.7874001,36.9502002],[-4.7877042,36.9503217],[-4.787983,36.9506997],[-4.7877718,36.9510575],[-4.7872058,36.9511587],[-4.786944,36.9515097],[-4.786623,36.9516718],[-4.7862851,36.9520093],[-4.785981,36.9521173],[-4.7856854,36.952097],[-4.7856094,36.952313],[-4.7852293,36.9524075],[-4.7848069,36.9527518],[-4.784477609425921,36.952732114680096],[-4.7840624,36.9515989],[-4.7836002,36.9495958],[-4.7831442,36.9483408],[-4.7801419,36.9428606],[-4.7803613,36.9421543],[-4.7807399,36.9396068],[-4.7819909,36.9398044],[-4.7846821,36.9382047],[-4.7861936,36.9370553],[-4.7867954,36.9359016],[-4.787956249889669,36.93289446941014],[-4.7883803,36.9329429],[-4.7876000314918254,36.93264488104572],[-4.7874907,36.9324112],[-4.7876557,36.9321057],[-4.7876235,36.9319235],[-4.7874649,36.9318746],[-4.787102,36.9313882],[-4.7864842,36.9310179],[-4.7857164,36.93074],[-4.7855783,36.9305985],[-4.7853396,36.9306022],[-4.7852323,36.9304714],[-4.785005,36.9303977],[-4.7846429,36.9299882],[-4.7843773,36.9298673],[-4.784309,36.9297242],[-4.7840863,36.9297371],[-4.7839857,36.9295538],[-4.78391,36.9296256],[-4.7839127,36.9295645],[-4.783792,36.9295677],[-4.7837826,36.9294798],[-4.7836357,36.9294112],[-4.7835821,36.9291024],[-4.7834151,36.9290697],[-4.7833722,36.9289239],[-4.7829903,36.928749],[-4.7830057,36.9286943],[-4.7827912,36.9286029],[-4.7823865,36.9281781],[-4.782139,36.9281259],[-4.7820898,36.9280207],[-4.7818326,36.9278304],[-4.7816304,36.927563],[-4.7815775,36.9272816],[-4.7817578,36.9267252],[-4.7817216,36.9259171],[-4.7818147,36.9257309],[-4.7816653,36.9255611],[-4.7817163,36.9253467],[-4.7818933,36.9252138],[-4.781676,36.9249243],[-4.7814695,36.9249179],[-4.7811924,36.9250404],[-4.7808831,36.9249362],[-4.7804258,36.9246457],[-4.7795621,36.9242747],[-4.7789814,36.9238416],[-4.7788768,36.9236851],[-4.7788459,36.9232777],[-4.7790257,36.9229174],[-4.7788848,36.9228585],[-4.7788272,36.9225668],[-4.7788875,36.922257],[-4.7788097,36.9222259],[-4.7788003,36.9220393],[-4.7790136,36.9222967],[-4.7789143,36.9217692],[-4.7784329,36.9209061],[-4.7782116,36.9207892],[-4.7778482,36.9208675],[-4.7773157,36.9207554],[-4.776433775604417,36.920977945369074],[-4.77600745283569,36.92096644609695],[-4.7755824,36.9208192],[-4.7751291,36.9198886],[-4.7751995,36.9185856],[-4.7750426,36.9181267],[-4.774663,36.9175745],[-4.7738302,36.9173241],[-4.7735663,36.9170203],[-4.7733101,36.9170213],[-4.7730392,36.9167522],[-4.7726074,36.9160124],[-4.7726262,36.9156993],[-4.772535,36.9154977],[-4.7725779,36.9154033],[-4.7749838,36.9142389],[-4.775067,36.9141896],[-4.7750379,36.9141129],[-4.7746459,36.9141552],[-4.7740249,36.9144182],[-4.7729614,36.9145906],[-4.7726584,36.9147278],[-4.7725511,36.9146571],[-4.7723231,36.9146685],[-4.7723955,36.9145541],[-4.772024,36.9142828],[-4.7715922,36.913707],[-4.7708733,36.9130036],[-4.7701384,36.9124546],[-4.7699547,36.9120547],[-4.768289,36.9110274],[-4.7672001,36.9105631],[-4.7659153,36.9104987],[-4.7649765,36.9101406],[-4.7645903,36.9103293],[-4.7638272,36.9098511],[-4.7636314,36.9096012],[-4.7636944,36.9091605],[-4.7639801,36.9086222],[-4.7640203,36.9080699],[-4.7634825,36.9076399],[-4.76374,36.9074512],[-4.7637266,36.9073525],[-4.763144283083235,36.906852748530625],[-4.7631692,36.9060503],[-4.7629457,36.9051162],[-4.7627608,36.9048846],[-4.7626725,36.9044622],[-4.7627492,36.9038933],[-4.7631366,36.9026797],[-4.7632796,36.9015779],[-4.7643839,36.8978751],[-4.7648113,36.8969403],[-4.765949,36.8951748],[-4.7665936,36.8939304],[-4.7686865,36.8888247],[-4.7701582,36.8854948],[-4.7721861,36.8814807],[-4.7744064,36.8780315],[-4.7747894,36.8776111],[-4.7761345,36.8765906],[-4.7806637,36.8725749],[-4.7838332,36.8680027],[-4.7861929,36.8643168],[-4.7880238,36.8605667],[-4.7883523,36.8597416],[-4.790449,36.852977],[-4.7881153,36.8519755],[-4.7875805,36.85165]],[[-4.8738135,36.8681869],[-4.87371,36.868184],[-4.8735149,36.8684948],[-4.8728551,36.8689017],[-4.8728624,36.8690873],[-4.8732165,36.8689951],[-4.8736269,36.8686711],[-4.8737878,36.8684114],[-4.8738135,36.8681869]],[[-4.8481188,36.8868892],[-4.8469888,36.8876328],[-4.8462726,36.8888727],[-4.8448287,36.890005],[-4.8434876,36.8909275],[-4.8425588,36.8917936],[-4.8423844,36.892043],[-4.8422484,36.8926506],[-4.8424032,36.8928584],[-4.8432759,36.893456],[-4.8438539,36.893561],[-4.8449456,36.8935097],[-4.8469158,36.892842],[-4.8472252,36.8927767],[-4.8475784,36.8928257],[-4.847701,36.8930311],[-4.8477565,36.893519],[-4.8482848,36.8942754],[-4.8482615,36.8947119],[-4.8481651,36.8950317],[-4.8477594,36.89562],[-4.8473712,36.8958954],[-4.8472252,36.8959304],[-4.8462474,36.8966354],[-4.8456665,36.8966494],[-4.8440932,36.8964837],[-4.8429461,36.8965747],[-4.8425666,36.8967661],[-4.8414545,36.8978026],[-4.8409933,36.8981154],[-4.8399658,36.898127],[-4.8393616,36.8980033],[-4.8389938,36.8978469],[-4.8387019,36.8976018],[-4.8387362,36.8974651],[-4.8385812,36.8971674],[-4.8384675,36.8961093],[-4.838085,36.8953735],[-4.8374268,36.8945905],[-4.8367101,36.8941086],[-4.835635,36.8940424],[-4.8350561,36.8942161],[-4.8347764,36.8944707],[-4.8344565,36.8945964],[-4.8340449,36.8951996],[-4.8338587,36.8952156],[-4.8337248,36.8953795],[-4.8336237,36.8956264],[-4.8336331,36.895935],[-4.8330337,36.896467],[-4.832756,36.8965196],[-4.8323832,36.897034],[-4.8323466,36.8974432],[-4.8324636,36.8977939],[-4.832851,36.8980979],[-4.8331872,36.8985305],[-4.8331214,36.8987058],[-4.8327633,36.8986591],[-4.8327121,36.898852],[-4.8325367,36.8990215],[-4.8312282,36.8990683],[-4.8302486,36.8994247],[-4.8298958,36.8994139],[-4.8295293,36.8991968],[-4.8291222,36.899072],[-4.8288914,36.8988875],[-4.8289254,36.8987898],[-4.8294004,36.8986487],[-4.8297397,36.89841],[-4.8300043,36.897927],[-4.8300036,36.8975331],[-4.8298221,36.8972086],[-4.8290368,36.8968708],[-4.8281228,36.8970397],[-4.828357,36.8971347],[-4.8290137,36.8970212],[-4.8292578,36.8971057],[-4.8293997,36.8974566],[-4.8292215,36.8980319],[-4.8291325,36.89814],[-4.8282878,36.8980741],[-4.8280733,36.8981875],[-4.8275354,36.8987628],[-4.8275156,36.8989449],[-4.8276344,36.8991982],[-4.827156,36.8991744],[-4.8266214,36.8993143],[-4.8255689,36.8998684],[-4.8254534,36.9000689],[-4.8252686,36.9001481],[-4.824899,36.9010769],[-4.8249914,36.9013302],[-4.824899,36.9018685],[-4.8251531,36.9022959],[-4.8252422,36.9026811],[-4.8251462,36.9027567],[-4.8242512,36.9028365],[-4.8235624,36.9033165],[-4.8222259,36.9036404],[-4.8219668,36.9035845],[-4.8218013,36.9036384],[-4.8214844,36.9038679],[-4.8212283,36.9043325],[-4.8207535,36.9047769],[-4.8204105,36.904887],[-4.8203989,36.9050679],[-4.8205202,36.9051948],[-4.8209028,36.90515],[-4.8214535,36.905247],[-4.8219294,36.9055008],[-4.8223961,36.9059709],[-4.8225267,36.9066425],[-4.8228627,36.9066276],[-4.82318,36.9069037],[-4.8231436,36.9071872],[-4.8233423,36.9078101],[-4.8229747,36.908053],[-4.8231054,36.9083216],[-4.8234659,36.9086284],[-4.824048,36.9100669],[-4.8237677,36.9103767],[-4.8236116,36.9104342],[-4.823342,36.9103746],[-4.8218643,36.9095024],[-4.8219562,36.9094547],[-4.8219998,36.9092749],[-4.8218671,36.9090843],[-4.8211555,36.9089913],[-4.8207311,36.9086607],[-4.8207289,36.9084227],[-4.8205679,36.9083325],[-4.8203021,36.9083784],[-4.8199227,36.9082779],[-4.8195544,36.9084038],[-4.8188139,36.9082141],[-4.8185197,36.908003],[-4.8183927,36.9080174],[-4.8182792,36.9082735],[-4.8177489,36.90821],[-4.817287,36.9079395],[-4.8169539,36.9079871],[-4.8168192,36.9083565],[-4.8173757,36.9085464],[-4.8174357,36.9086943],[-4.8170671,36.9088131],[-4.8168007,36.9091653],[-4.8165303,36.9091678],[-4.816375,36.9095295],[-4.8154667,36.9096203],[-4.8151295,36.9095014],[-4.8150074,36.9095611],[-4.8151127,36.9097973],[-4.8150277,36.9099463],[-4.8151295,36.9100223],[-4.815177,36.9103424],[-4.8152901,36.9104293],[-4.8150952,36.9106199],[-4.8151951,36.9110086],[-4.8149206,36.9112246],[-4.8150308,36.9115343],[-4.8148895,36.9116657],[-4.8141456,36.9115252],[-4.8135061,36.9115175],[-4.8134602,36.9112648],[-4.8129767,36.9112036],[-4.812897,36.9113408],[-4.8130259,36.9114764],[-4.8128495,36.9115849],[-4.8129445,36.9117857],[-4.8128698,36.912019],[-4.8132566,36.912236],[-4.813372,36.9121221],[-4.8136298,36.9121166],[-4.8134398,36.912274],[-4.8133855,36.9124259],[-4.8134806,36.912491],[-4.8140842,36.9124753],[-4.8145275,36.9126548],[-4.8146492,36.9128927],[-4.8145531,36.913127],[-4.8138712,36.9135744],[-4.8132864,36.9141647],[-4.8132937,36.9144101],[-4.8130598,36.9142991],[-4.8129356,36.9143283],[-4.8121388,36.9147199],[-4.8118464,36.9149946],[-4.8116418,36.9153569],[-4.8116491,36.9156374],[-4.8118099,36.9158011],[-4.8119195,36.9157835],[-4.8120365,36.9159004],[-4.8121827,36.915877],[-4.8122558,36.9159706],[-4.8121392,36.9164212],[-4.8118975,36.9167881],[-4.8109839,36.9171718],[-4.8102941,36.9168516],[-4.8097039,36.916701],[-4.8086726,36.9178354],[-4.8081627,36.9180254],[-4.8073462,36.9179028],[-4.8072312,36.917581],[-4.8070932,36.9178109],[-4.8071469,36.9181143],[-4.8074426,36.9186729],[-4.8074087,36.9193855],[-4.8076082,36.9202296],[-4.8075647,36.920422],[-4.8072389,36.9204036],[-4.8068479,36.9196221],[-4.8066285,36.9194665],[-4.8058206,36.91938],[-4.8056749,36.9191961],[-4.8055216,36.9194014],[-4.8057209,36.9194995],[-4.8057707,36.9196098],[-4.8062461,36.9196313],[-4.8064168,36.919838],[-4.8065086,36.9202663],[-4.8063131,36.9206034],[-4.806547,36.9207842],[-4.8065853,36.9209304],[-4.8070772,36.9212441],[-4.807195,36.9214098],[-4.8071833,36.9215442],[-4.8068996,36.9218262],[-4.8073347,36.9220667],[-4.8075376,36.9227079],[-4.8072542,36.9231439],[-4.8077008,36.9232972],[-4.807789,36.9234688],[-4.807697,36.9238779],[-4.8080132,36.9239805],[-4.8084621,36.9239895],[-4.8082638,36.924096],[-4.8078695,36.9248493],[-4.8079461,36.9249474],[-4.8078637,36.9251481],[-4.8080745,36.9260837],[-4.808007,36.9263916],[-4.8077293,36.9267],[-4.8074325,36.9268228],[-4.8064569,36.9265087],[-4.8057343,36.9261058],[-4.8056615,36.9259096],[-4.8057669,36.9256752],[-4.8060172,36.9254895],[-4.8058056,36.9253529],[-4.8058098,36.9252192],[-4.8060046,36.9249658],[-4.8059518,36.9249047],[-4.8055484,36.9250133],[-4.8053605,36.9249045],[-4.8054538,36.9244956],[-4.8052778,36.9243564],[-4.805441,36.9238289],[-4.8055944,36.9237216],[-4.8053778,36.9236205],[-4.8054909,36.9232497],[-4.805372,36.9231761],[-4.805305,36.9228988],[-4.8051075,36.9227302],[-4.8049695,36.9221142],[-4.8046054,36.922767],[-4.8048181,36.9230413],[-4.8045805,36.9234994],[-4.8036087,36.9227364],[-4.8033538,36.9221771],[-4.803164,36.9225356],[-4.8030548,36.9225463],[-4.8028804,36.9224084],[-4.802865,36.9225402],[-4.8030548,36.9229539],[-4.8029666,36.9230612],[-4.8030989,36.9232037],[-4.8030433,36.9233033],[-4.8034838,36.9236691],[-4.8033088,36.9241298],[-4.8028915,36.9243131],[-4.8027796,36.9244568],[-4.8036294,36.9249678],[-4.8039882,36.9253317],[-4.8039866,36.9254882],[-4.8038832,36.9256119],[-4.8037019,36.9255877],[-4.8034731,36.9252282],[-4.8029645,36.9249978],[-4.8027019,36.9249723],[-4.8024087,36.9250816],[-4.802046,36.9249117],[-4.8018762,36.9250395],[-4.8018908,36.9253055],[-4.8021948,36.9255397],[-4.8022324,36.9257176],[-4.8026187,36.9256418],[-4.8026374,36.9258849],[-4.8023699,36.9259429],[-4.8019617,36.9257621],[-4.8016224,36.925759],[-4.8014461,36.92609],[-4.8011666,36.9262518],[-4.8011859,36.9263821],[-4.8014749,36.9266155],[-4.8021054,36.9267734],[-4.8021976,36.9269431],[-4.8021994,36.927305],[-4.8021016,36.9274199],[-4.8017489,36.9275502],[-4.8017183,36.9276911],[-4.8021976,36.9278792],[-4.8022979,36.9279875],[-4.8023142,36.9282259],[-4.8024535,36.9282568],[-4.802557,36.9281143],[-4.8028867,36.9279304],[-4.8036725,36.9277803],[-4.8037833,36.9276668],[-4.8040652,36.9277383],[-4.8044311,36.9279724],[-4.8045883,36.9282562],[-4.8045531,36.9284599],[-4.8046263,36.9285596],[-4.80477,36.9285639],[-4.8049678,36.9288478],[-4.8046094,36.9293812],[-4.8043507,36.9294525],[-4.8022349,36.9297325],[-4.8020548,36.9296857],[-4.801777,36.9293403],[-4.8011833,36.9294749],[-4.8010829,36.9296923],[-4.8012099,36.9298791],[-4.8011692,36.9300519],[-4.8009578,36.9300902],[-4.8009465,36.9301668],[-4.8011566,36.9304109],[-4.8010793,36.9306662],[-4.8007943,36.9306874],[-4.8008422,36.9309353],[-4.8013402,36.9312049],[-4.8018562,36.931373],[-4.8019772,36.9312896],[-4.8021164,36.931321],[-4.8027737,36.9315939],[-4.8031223,36.9319753],[-4.8031916,36.9324319],[-4.8038196,36.9328273],[-4.8038333,36.9331477],[-4.8037305,36.9334603],[-4.8034775,36.9337975],[-4.8030773,36.9341099],[-4.8039893,36.9344341],[-4.8041559,36.9344189],[-4.804317,36.9342234],[-4.8054541,36.9339694],[-4.8057244,36.9337418],[-4.8058145,36.9328978],[-4.8055638,36.9327479],[-4.8054263,36.9325511],[-4.8054093,36.9323415],[-4.8047694,36.931697],[-4.804651,36.9313477],[-4.8044932,36.9313545],[-4.8045564,36.9311903],[-4.8044987,36.9309623],[-4.8043437,36.9306919],[-4.8042027,36.9306851],[-4.8042337,36.9305589],[-4.8043122,36.9305162],[-4.804564,36.9307514],[-4.8049723,36.9306746],[-4.8050265,36.9308089],[-4.8052515,36.9309578],[-4.8055503,36.9309758],[-4.8061254,36.9308046],[-4.8060972,36.9304981],[-4.8063707,36.9302817],[-4.806616,36.9302231],[-4.8070473,36.9299617],[-4.8075582,36.9299552],[-4.8078075,36.9298252],[-4.8082087,36.9294655],[-4.8084418,36.9289889],[-4.8085354,36.9285779],[-4.8087671,36.9284992],[-4.8090436,36.9285425],[-4.8095477,36.9290192],[-4.809778,36.9293698],[-4.8101441,36.9294352],[-4.8105244,36.9293383],[-4.8106947,36.9294894],[-4.8115777,36.9297081],[-4.8119602,36.9296751],[-4.8124564,36.9300139],[-4.8126227,36.9297835],[-4.8136255,36.9296551],[-4.8140169,36.9297103],[-4.8145789,36.929567],[-4.8150395,36.9296074],[-4.8159188,36.9292786],[-4.816323,36.9293456],[-4.8170217,36.9299431],[-4.8173411,36.9300076],[-4.8175734,36.930551],[-4.8178008,36.9304766],[-4.8182004,36.9308253],[-4.8180696,36.9304849],[-4.8180282,36.9300387],[-4.8184922,36.9295344],[-4.8175347,36.9280696],[-4.8169126,36.9274064],[-4.816733,36.9266028],[-4.8158912,36.9252738],[-4.8158912,36.9248746],[-4.8157609,36.9245823],[-4.8158863,36.9244227],[-4.816234,36.9243467],[-4.8167344,36.9244626],[-4.8170979,36.9247747],[-4.8171806,36.9250308],[-4.8177595,36.9255432],[-4.8181626,36.925568],[-4.818297,36.9256589],[-4.8183384,36.9259399],[-4.8185554,36.9262291],[-4.8189069,36.9260473],[-4.8192481,36.9261217],[-4.819705,36.9260794],[-4.8190516,36.9258407],[-4.8188242,36.9255184],[-4.8182453,36.9251631],[-4.8181523,36.9249151],[-4.818235,36.9248077],[-4.8181316,36.9246838],[-4.8182597,36.9245652],[-4.8182559,36.9242621],[-4.8180734,36.9236779],[-4.8178452,36.9233984],[-4.8174973,36.9225362],[-4.8173295,36.9223003],[-4.8171161,36.9221913],[-4.8168729,36.9222588],[-4.8168655,36.9221706],[-4.8172211,36.921845],[-4.8176088,36.9216686],[-4.8177884,36.9217913],[-4.8184946,36.9216463],[-4.8186663,36.9214778],[-4.8186099,36.9213256],[-4.8187773,36.9209517],[-4.819005,36.9208807],[-4.8191646,36.9208954],[-4.819488,36.9213121],[-4.8200943,36.9224639],[-4.8206791,36.9230482],[-4.8212054,36.9237728],[-4.8218194,36.9241351],[-4.8216878,36.9247429],[-4.8217123,36.9250583],[-4.8223018,36.925561],[-4.8229743,36.9258999],[-4.8231059,36.9262038],[-4.8230182,36.9266128],[-4.8232228,36.9269166],[-4.8230182,36.927127],[-4.823179,36.9276412],[-4.8230474,36.9278866],[-4.8231644,36.9280269],[-4.8237345,36.9282139],[-4.8241298,36.9286584],[-4.8243631,36.9284476],[-4.8241439,36.9281671],[-4.8242754,36.9279568],[-4.8246263,36.9279684],[-4.824407,36.9277113],[-4.8241292,36.9276295],[-4.8241439,36.9272789],[-4.8238076,36.9271153],[-4.8238515,36.9268465],[-4.8240415,36.9264959],[-4.8244801,36.9260284],[-4.8245093,36.9257129],[-4.8242754,36.9253506],[-4.8243339,36.9250935],[-4.82429,36.9246961],[-4.8244509,36.9245442],[-4.8252991,36.9247853],[-4.8257081,36.9254441],[-4.8260298,36.9254324],[-4.8260005,36.9256545],[-4.8265122,36.9261219],[-4.8267938,36.926141],[-4.8269362,36.9264609],[-4.8264976,36.9267413],[-4.8264683,36.9269985],[-4.8269362,36.9269634],[-4.8269946,36.9273724],[-4.8275063,36.9276178],[-4.8275794,36.927875],[-4.8278279,36.9280503],[-4.8280247,36.9286143],[-4.8281203,36.9281321],[-4.8279449,36.9279334],[-4.828018,36.9275127],[-4.8281788,36.9272789],[-4.827901,36.9272322],[-4.8276166,36.9269726],[-4.8276817,36.9261687],[-4.8279303,36.9259817],[-4.8278037,36.925759],[-4.8283467,36.9255505],[-4.8285589,36.9257363],[-4.829056,36.9258415],[-4.8293483,36.9257363],[-4.8294207,36.9254979],[-4.8299324,36.9254044],[-4.8304148,36.9256849],[-4.8307365,36.9256966],[-4.8311312,36.9258719],[-4.8313366,36.9263206],[-4.8316728,36.9263907],[-4.8317971,36.9266654],[-4.8320602,36.9267472],[-4.8320602,36.9265368],[-4.8316948,36.926233],[-4.8320968,36.9261161],[-4.8318037,36.92572],[-4.8320529,36.9255785],[-4.8320968,36.9254675],[-4.8318994,36.9253506],[-4.8313585,36.9253681],[-4.8310515,36.9251227],[-4.8311904,36.9248539],[-4.8305691,36.9246026],[-4.8303717,36.9246961],[-4.829977,36.9245208],[-4.8295603,36.9245968],[-4.8290779,36.9248714],[-4.8281861,36.9247078],[-4.8276086,36.9243864],[-4.8272359,36.9242929],[-4.8268411,36.9240475],[-4.8268119,36.9239072],[-4.8266438,36.9238021],[-4.8266291,36.9236209],[-4.8265195,36.9235333],[-4.8267022,36.9233404],[-4.8266145,36.9232294],[-4.8263441,36.9231593],[-4.826249,36.9230307],[-4.8264099,36.9228788],[-4.8264903,36.9224288],[-4.8254732,36.9224714],[-4.8249991,36.9221951],[-4.8248163,36.9219555],[-4.8249625,36.9216282],[-4.8247652,36.9213419],[-4.8248237,36.9211432],[-4.824714,36.9210263],[-4.8242316,36.9209912],[-4.8239904,36.9208802],[-4.8238566,36.9206902],[-4.8238442,36.9204536],[-4.8239392,36.9198926],[-4.8237272,36.919653],[-4.8236468,36.9192614],[-4.8233763,36.9190394],[-4.8230649,36.9190234],[-4.8228281,36.9186712],[-4.8228939,36.9185718],[-4.8228574,36.918455],[-4.8231936,36.9178355],[-4.823121,36.9176721],[-4.8231693,36.9174327],[-4.8234557,36.9170324],[-4.8230986,36.9163922],[-4.8230314,36.9160644],[-4.8232166,36.9155522],[-4.8235281,36.915189],[-4.8238136,36.9146822],[-4.8243769,36.9142505],[-4.8252665,36.9144562],[-4.8260486,36.9144328],[-4.826129,36.9146023],[-4.826129,36.9149821],[-4.8265018,36.9151925],[-4.8275325,36.9151809],[-4.8277957,36.9153386],[-4.8281319,36.9153854],[-4.8288775,36.9158296],[-4.828914,36.9159581],[-4.8287898,36.916151],[-4.8288482,36.9163263],[-4.8291041,36.916414],[-4.8292722,36.9167763],[-4.8296596,36.9167588],[-4.8296854,36.9164977],[-4.8303248,36.9160633],[-4.830354,36.9158822],[-4.8300982,36.915777],[-4.8298204,36.9154614],[-4.8295242,36.9149049],[-4.8291187,36.9147601],[-4.8288556,36.914462],[-4.8288994,36.9143276],[-4.8292868,36.9141581],[-4.82955,36.9137899],[-4.8301055,36.9134918],[-4.830376,36.9134626],[-4.8308876,36.9136789],[-4.8313335,36.9135035],[-4.8311581,36.9130301],[-4.831487,36.9128139],[-4.8321011,36.912586],[-4.8337376,36.9110384],[-4.8340308,36.9109962],[-4.8343671,36.9111131],[-4.8345863,36.9114813],[-4.8347472,36.9115047],[-4.8347764,36.9111073],[-4.834601,36.9108443],[-4.8341624,36.9105988],[-4.833965,36.9103592],[-4.8338335,36.9099617],[-4.8341039,36.909687],[-4.834791,36.909576],[-4.8354123,36.9091552],[-4.8355732,36.9088045],[-4.8362603,36.9084246],[-4.8364138,36.9075595],[-4.8366769,36.9069224],[-4.8368889,36.9058704],[-4.8362895,36.9059522],[-4.8359386,36.9061568],[-4.8358802,36.9064724],[-4.8356463,36.9068348],[-4.8354781,36.9069458],[-4.8351492,36.9069809],[-4.8343013,36.9076764],[-4.8340016,36.9077173],[-4.8334972,36.9079804],[-4.8330075,36.907957],[-4.8325723,36.9077589],[-4.8322765,36.9074368],[-4.8320426,36.9073199],[-4.8319768,36.9071855],[-4.8310046,36.9066185],[-4.8304731,36.9064385],[-4.8301932,36.9061743],[-4.830166,36.9058015],[-4.8299453,36.9055943],[-4.8295792,36.9053911],[-4.8288512,36.9052337],[-4.8287169,36.9050725],[-4.8288512,36.9047656],[-4.8288704,36.9044586],[-4.8284482,36.904144],[-4.8285243,36.903797],[-4.8294857,36.9031729],[-4.8296925,36.9028794],[-4.8299922,36.9027595],[-4.8305401,36.9028009],[-4.8308916,36.9025859],[-4.8318737,36.902371],[-4.8321476,36.9027347],[-4.8321528,36.9024826],[-4.8322975,36.9021644],[-4.8331555,36.9027926],[-4.8337137,36.9029042],[-4.8342099,36.9028587],[-4.8346028,36.9029249],[-4.8349129,36.9028174],[-4.8356675,36.9029745],[-4.8368873,36.9034043],[-4.8375593,36.9032679],[-4.8379521,36.9028753],[-4.8379934,36.9020156],[-4.8375644,36.9010566],[-4.8378901,36.9005689],[-4.8382984,36.9005565],[-4.8383863,36.9000853],[-4.8381382,36.8999737],[-4.8380451,36.899734],[-4.8378125,36.8996058],[-4.837244,36.8997092],[-4.8369132,36.8996306],[-4.8364997,36.8993992],[-4.8361895,36.8990024],[-4.8357554,36.8988122],[-4.8356365,36.8988949],[-4.8351316,36.8985597],[-4.8353573,36.8983869],[-4.8352808,36.898164],[-4.8354393,36.8980197],[-4.837289,36.8969938],[-4.8381057,36.8970682],[-4.8383744,36.8975312],[-4.8386458,36.8978083],[-4.8392494,36.8981381],[-4.8399334,36.8982641],[-4.8411371,36.8982024],[-4.8416501,36.8978807],[-4.8422436,36.897272],[-4.8430785,36.8967732],[-4.8439,36.896615],[-4.8461901,36.8968242],[-4.8464114,36.8967545],[-4.847947,36.8956283],[-4.8483796,36.8947326],[-4.8484064,36.8942392],[-4.8479101,36.8934884],[-4.847823,36.8929709],[-4.8476151,36.8927081],[-4.8471021,36.892692],[-4.8451272,36.8933543],[-4.8447483,36.8934509],[-4.844081,36.893475],[-4.8435513,36.8934187],[-4.8430818,36.8932202],[-4.8424314,36.8927617],[-4.8423274,36.8926276],[-4.8423811,36.8923487],[-4.8426191,36.8922522],[-4.8430818,36.8916059],[-4.8439637,36.8907451],[-4.8447785,36.8902571],[-4.8463149,36.8890667],[-4.8467597,36.8885205],[-4.8472535,36.8875332],[-4.8477495,36.8872503],[-4.8488127,36.8868945],[-4.8491197,36.8869087],[-4.8501518,36.8865849],[-4.8504342,36.8864159],[-4.8505899,36.8859267],[-4.8505432,36.8855993],[-4.8506767,36.8853965],[-4.8503453,36.8844127],[-4.8503875,36.8837171],[-4.850323,36.8831335],[-4.8504654,36.8829627],[-4.8511038,36.8826941],[-4.8533214,36.8824877],[-4.8539864,36.8826603],[-4.855599,36.882751],[-4.856253,36.8826105],[-4.857027,36.8822635],[-4.8577922,36.8816604],[-4.857701,36.8815625],[-4.8562196,36.8825268],[-4.8553477,36.8826923],[-4.8535238,36.8823881],[-4.8507857,36.8825998],[-4.8505655,36.882703],[-4.8500761,36.883283],[-4.8499939,36.8840153],[-4.8500314,36.884558],[-4.8504365,36.8851724],[-4.850352,36.886254],[-4.8502007,36.8864017],[-4.8499071,36.886496],[-4.8491308,36.8866294],[-4.8490952,36.8865333],[-4.8481188,36.8868892]],[[-4.8870236,36.8858217],[-4.8869128,36.8855436],[-4.8866794,36.8857071],[-4.8869472,36.8858896],[-4.8870236,36.8858217]],[[-5.0066073,36.8879487],[-5.006495,36.8879188],[-5.0065302,36.887978],[-5.0066073,36.8879487]],[[-4.9234671,36.9908832],[-4.9230145,36.9912408],[-4.9231872,36.991412],[-4.9236318,36.9910212],[-4.9234671,36.9908832]],[[-4.9237215,36.991058],[-4.923207,36.9914659],[-4.9233261,36.9915468],[-4.9238788,36.9911849],[-4.9237215,36.991058]],[[-4.8432478,37.0162051],[-4.8436187,37.016038],[-4.8437518,37.015776],[-4.8431194,37.0151192],[-4.8425726,37.0147509],[-4.8419735,37.0145079],[-4.8413934,37.0145269],[-4.8409464,37.0148193],[-4.8404091,37.0154989],[-4.8403758,37.0158785],[-4.8405565,37.0161291],[-4.8408323,37.0162886],[-4.8414267,37.0164594],[-4.8418071,37.0164708],[-4.8432478,37.0162051]],[[-4.8109298,37.0175337],[-4.8102086,37.0166913],[-4.8097545,37.0164886],[-4.8090199,37.0170005],[-4.8087661,37.0173524],[-4.8088596,37.0175551],[-4.8097278,37.0184935],[-4.8100884,37.0186961],[-4.8104356,37.0186215],[-4.8106894,37.0181842],[-4.8109298,37.0175337]],[[-4.8247765,37.0220531],[-4.8246993,37.0228457],[-4.8247654,37.0229866],[-4.8251515,37.023471],[-4.8261443,37.0239201],[-4.8266517,37.0239289],[-4.8275892,37.0237264],[-4.8281187,37.0238057],[-4.8292659,37.023515],[-4.8293541,37.0233213],[-4.8292879,37.0231099],[-4.8290894,37.0229162],[-4.8288026,37.0228105],[-4.8287805,37.0222997],[-4.828935,37.0217889],[-4.8287585,37.0216392],[-4.8283283,37.0215335],[-4.8275562,37.0211108],[-4.8272914,37.0211108],[-4.8265744,37.0217449],[-4.8258685,37.0218682],[-4.8252067,37.0218153],[-4.8249419,37.0219034],[-4.8247765,37.0220531]],[[-4.8435483,37.0311305],[-4.8444013,37.0306109],[-4.8446884,37.0305232],[-4.8443418,37.0300913],[-4.8441397,37.0300605],[-4.8439703,37.0301482],[-4.8438544,37.0300984],[-4.8438217,37.0300249],[-4.8439822,37.0298873],[-4.8439436,37.0296524],[-4.8434324,37.0292894],[-4.8432571,37.0293629],[-4.8427875,37.0298707],[-4.8425824,37.0303286],[-4.8426746,37.0309763],[-4.8428291,37.03114],[-4.8432095,37.0312017],[-4.8435483,37.0311305]],[[-4.8459777,37.0357549],[-4.8459324,37.0354697],[-4.8456254,37.0349795],[-4.8452228,37.0346019],[-4.8447245,37.0344492],[-4.8434663,37.0347505],[-4.8431139,37.0349313],[-4.8424798,37.035534],[-4.8419714,37.0358473],[-4.8414229,37.0371169],[-4.8414178,37.0373097],[-4.8416292,37.0379525],[-4.8417651,37.0381695],[-4.8419111,37.0382298],[-4.8436323,37.038065],[-4.8450315,37.0374021],[-4.8462646,37.0370848],[-4.8463602,37.0369924],[-4.8463351,37.0368598],[-4.8458469,37.0363937],[-4.8458368,37.0360804],[-4.8459777,37.0357549]],[[-4.8154975,37.0385358],[-4.8151804,37.0383571],[-4.8143969,37.0382827],[-4.8139305,37.0383423],[-4.8135388,37.0385209],[-4.8132216,37.0389081],[-4.8128859,37.0390868],[-4.8126247,37.0393995],[-4.812606,37.0396079],[-4.8128485,37.0398611],[-4.8148259,37.0400547],[-4.8154042,37.0396824],[-4.8157213,37.0392804],[-4.8156467,37.0387741],[-4.8154975,37.0385358]],[[-4.9233556,37.0413093],[-4.9229479,37.0409154],[-4.921875,37.0405943],[-4.9204534,37.0403374],[-4.9195468,37.0403973],[-4.9192357,37.0406371],[-4.919107,37.0410482],[-4.9193162,37.0414892],[-4.9200028,37.0420587],[-4.9207646,37.0423199],[-4.9216712,37.0423841],[-4.9223846,37.0422214],[-4.9234307,37.0416091],[-4.9233556,37.0413093]],[[-4.8383577,37.0501334],[-4.8378378,37.0497523],[-4.8375725,37.0493543],[-4.8369008,37.0491216],[-4.8363242,37.0490389],[-4.8354097,37.0493337],[-4.8349728,37.0492833],[-4.834243,37.0490065],[-4.8338376,37.0489418],[-4.8334187,37.0489238],[-4.8329457,37.049064],[-4.8322519,37.0495278],[-4.8319501,37.0500096],[-4.8317429,37.050574],[-4.8315267,37.0524579],[-4.8315357,37.0530583],[-4.8316798,37.0537413],[-4.8319366,37.0541799],[-4.8322069,37.054428],[-4.8324276,37.0546113],[-4.8327655,37.0547048],[-4.8334232,37.0547407],[-4.8374133,37.0545114],[-4.8380287,37.0543844],[-4.838241,37.0542489],[-4.8385593,37.0537662],[-4.8386548,37.0526061],[-4.8390898,37.0518017],[-4.839111,37.0514375],[-4.8388139,37.0507685],[-4.8383577,37.0501334]],[[-4.8224074,37.0626423],[-4.823183,37.0628866],[-4.8235708,37.0628377],[-4.8238157,37.0621863],[-4.8233259,37.0617628],[-4.8228564,37.0616163],[-4.822285,37.0622351],[-4.8224074,37.0626423]],[[-4.7780637,36.9060209],[-4.7783275,36.9061315],[-4.7790886,36.9071413],[-4.7792777,36.9072324],[-4.7795731,36.9072367],[-4.7801105,36.906923],[-4.7801879,36.9067218],[-4.7800736,36.9064723],[-4.7789409,36.9055624],[-4.7787884,36.9052931],[-4.7787057,36.9050367],[-4.7783949,36.9015529],[-4.7782368,36.9011047],[-4.7761788,36.8992889],[-4.7756027,36.8986121],[-4.7751229,36.8984646],[-4.7746495,36.898721],[-4.7745881,36.8989533],[-4.7747893,36.8993116],[-4.7747823,36.9001967],[-4.7744479,36.9009802],[-4.7744334,36.901346],[-4.77477,36.9015521],[-4.7756378,36.901528],[-4.7761409,36.9016578],[-4.7765161,36.9019068],[-4.7774766,36.903059],[-4.7776112,36.9035696],[-4.7774942,36.9042572],[-4.7766624,36.90544],[-4.7756228,36.9060384],[-4.7754721,36.9063416],[-4.7757107,36.9070313],[-4.7759084,36.9071633],[-4.7762359,36.907157],[-4.7778153,36.9060363],[-4.7780637,36.9060209]],[[-4.790381,36.9317697],[-4.788659,36.9328181],[-4.7886492,36.9330306],[-4.7883839,36.9331979],[-4.7882828,36.9334298],[-4.7888399,36.9336298],[-4.7896922,36.9333639],[-4.7899104,36.9331589],[-4.7902318,36.9330057],[-4.7908098,36.9322279],[-4.7911695,36.9320063],[-4.7915705,36.9319167],[-4.7920659,36.9315773],[-4.7924374,36.9314265],[-4.7928561,36.930988],[-4.7932277,36.9308089],[-4.7944956,36.9307712],[-4.7951797,36.9309551],[-4.7957694,36.9312426],[-4.7963238,36.931648],[-4.7968015,36.9321336],[-4.7969017,36.932539],[-4.7967071,36.9331141],[-4.7963474,36.9336939],[-4.795911,36.9341606],[-4.79459,36.9351458],[-4.7937172,36.9359707],[-4.7936405,36.9364751],[-4.7937938,36.9367155],[-4.7940474,36.9368757],[-4.7945959,36.9369747],[-4.7952682,36.9368616],[-4.7960614,36.9365316],[-4.7968385,36.9359868],[-4.7978158,36.9357364],[-4.7980774,36.9357997],[-4.7984274,36.9360387],[-4.7985816,36.9359883],[-4.7996719,36.9362252],[-4.7994922,36.9363217],[-4.8000072,36.9368255],[-4.7989022,36.9375582],[-4.7980248,36.9384478],[-4.7979475,36.9389752],[-4.7975212,36.939587],[-4.797973,36.9398926],[-4.7981206,36.9397619],[-4.7980416,36.9397049],[-4.7981084,36.9395164],[-4.7981026,36.9384993],[-4.798182,36.9383632],[-4.7988458,36.937704],[-4.8001159,36.9369268],[-4.8002862,36.9370276],[-4.8004105,36.9369072],[-4.8003941,36.9366023],[-4.8005812,36.9364259],[-4.8005249,36.9363466],[-4.8007281,36.9359521],[-4.8006013,36.9360422],[-4.8003526,36.936017],[-4.8000314,36.9361499],[-4.7981847,36.9356322],[-4.7975226,36.9355366],[-4.7971953,36.9355814],[-4.7967589,36.9357629],[-4.7956,36.9365171],[-4.7946299,36.9367551],[-4.7940225,36.9364629],[-4.7939547,36.936239],[-4.7940343,36.9360433],[-4.7947963,36.9353292],[-4.7953034,36.9350746],[-4.7958519,36.9346645],[-4.7967896,36.9337406],[-4.7970844,36.9331514],[-4.7971965,36.9327318],[-4.796965,36.9317383],[-4.7968597,36.931569],[-4.7965318,36.9314686],[-4.7963284,36.9310161],[-4.7958359,36.9307686],[-4.7954909,36.9307191],[-4.7952403,36.9304786],[-4.7942761,36.9304221],[-4.7939134,36.9302971],[-4.7928578,36.9304126],[-4.7923211,36.9308958],[-4.7919614,36.9310726],[-4.7915751,36.9311504],[-4.790381,36.9317697]],[[-4.8016183,36.9343641],[-4.801738,36.9345115],[-4.8018061,36.9341154],[-4.8020609,36.9339503],[-4.8020073,36.9337574],[-4.801681,36.9335893],[-4.8015325,36.9339675],[-4.8016183,36.9343641]]],[[[-4.7860075,36.9314878],[-4.785554,36.9312963],[-4.7833917,36.9300489],[-4.7823189,36.9292988],[-4.7812159,36.9282157],[-4.7809818,36.9278046],[-4.7806719,36.9265474],[-4.7803927,36.9261279],[-4.7787565,36.9248004],[-4.7773672,36.9234692],[-4.776456,36.9229059],[-4.7763735,36.9227359],[-4.7764462,36.9224825],[-4.7772583,36.9221639],[-4.7776899,36.921896],[-4.7780824,36.9213944],[-4.7780882,36.92116],[-4.7779369,36.9209279],[-4.7766626,36.9209382],[-4.7773325,36.9208139],[-4.7781901,36.9209039],[-4.7784838,36.9211248],[-4.7787548,36.9217627],[-4.7786957,36.9218088],[-4.7787078,36.9221251],[-4.7788567,36.9223007],[-4.7787715,36.9225483],[-4.778803,36.9230225],[-4.7786823,36.9231286],[-4.7786005,36.923476],[-4.7786314,36.9238899],[-4.7795701,36.924412],[-4.7813856,36.9251369],[-4.7815473,36.9255461],[-4.78144,36.9256212],[-4.7816465,36.9257627],[-4.7816028,36.9261404],[-4.7817021,36.9264556],[-4.7814729,36.9272425],[-4.7815332,36.9272618],[-4.7815748,36.9275512],[-4.7819101,36.9279956],[-4.7820904,36.9280626],[-4.7821246,36.9281725],[-4.7825467,36.9284203],[-4.7826762,36.9285844],[-4.7829182,36.9286894],[-4.7828995,36.9287805],[-4.783222,36.9288955],[-4.7831918,36.928962],[-4.7832951,36.929104],[-4.783515,36.929171],[-4.7835244,36.9293383],[-4.7837068,36.9295452],[-4.7836786,36.9297017],[-4.7838456,36.9296444],[-4.7841842,36.9298722],[-4.7843197,36.9298582],[-4.7846643,36.9301533],[-4.7847609,36.9303323],[-4.7851337,36.9305384],[-4.7851036,36.9306547],[-4.7852504,36.9307807],[-4.7863313,36.9309881],[-4.7870059,36.9313561],[-4.7873974,36.9318921],[-4.787443144426468,36.9325478562604],[-4.7860075,36.9314878]]],[[[-4.775723033340724,36.92095877440448],[-4.7749275,36.9208917],[-4.7745852,36.9206535],[-4.7742176,36.9188383],[-4.7738977,36.9181129],[-4.773346968161102,36.91739864823011],[-4.773915,36.9175757],[-4.7745021,36.9176131],[-4.7747583,36.9179112],[-4.7750241,36.9186211],[-4.77502,36.9200128],[-4.7754706,36.9208716],[-4.775723033340724,36.92095877440448]]],[[[-4.77254,36.916682],[-4.772268494338932,36.915581324853115],[-4.772745,36.9163846],[-4.7727858,36.9167276],[-4.7730365,36.916882],[-4.7730401280029895,36.91712615116413],[-4.77254,36.916682]]],[[[-4.7631816819777475,36.90840093371856],[-4.763173778617463,36.90823621595708],[-4.7635578,36.9081964],[-4.7635842,36.9083592],[-4.7631816819777475,36.90840093371856]]],[[[-4.8039905,36.9259],[-4.8042507,36.9259346],[-4.8043754,36.9260863],[-4.8043429,36.9262467],[-4.8044621,36.9265587],[-4.8043374,36.9266237],[-4.8039905,36.9264677],[-4.8038821,36.92616],[-4.8039905,36.9259]]],[[[-4.8819324,36.976018],[-4.8820583,36.9760074],[-4.8817735,36.9760314],[-4.8819324,36.976018]]],[[[-4.7973065,36.9453775],[-4.7976182,36.9451299],[-4.7974434,36.9454063],[-4.7973065,36.9453775]]],[[[-4.8835253,36.9709746],[-4.8838511,36.9709404],[-4.8835658,36.9710408],[-4.8835253,36.9709746]]]]}},{"type":"Feature","properties":{"id":"la-axarquia","name":"La Axarquía","type":"island","members":["alcaucin","alfarnate","alfarnatejo","algarrobo","almachar","archez","arenas","benamargosa","benamocarra","canillas-de-aceituno","canillas-de-albaida","colmenar","comares","competa","cutar","el-borge","frigiliana","iznate","macharaviaya","moclinejo","nerja","periana","rincon-de-la-victoria","riogordo","salares","sayalonga","sedella","torrox","totalan","velez-malaga","vinuela"]},"geometry":{"type":"MultiPolygon","coordinates":[[[[-4.3161138,36.7317671],[-4.3154532,36.7330905],[-4.3147888,36.733558],[-4.3138248,36.7338554],[-4.3133465,36.734281],[-4.3125016,36.7347005],[-4.3119617,36.7345623],[-4.3115698,36.7345666],[-4.3106916,36.7349548],[-4.308817,36.7353631],[-4.3066091,36.7352701],[-4.3062181,36.7353285],[-4.3058288,36.735486],[-4.3054748,36.7357423],[-4.3050744,36.7363193],[-4.3046035,36.7365244],[-4.3045237,36.7367101],[-4.3039819,36.7371477],[-4.3035884,36.7372911],[-4.3030265,36.7373344],[-4.3029756,36.7374274],[-4.3030942,36.737826],[-4.3031154,36.7385751],[-4.3030084,36.7391183],[-4.3040777,36.7386782],[-4.3054906,36.7386627],[-4.3060484,36.7385304],[-4.3066975,36.7385053],[-4.3073602,36.7386152],[-4.3087359,36.7385009],[-4.3105323,36.7387606],[-4.3120851,36.7383675],[-4.3122668,36.7384843],[-4.3126111,36.7383296],[-4.3134907,36.7381961],[-4.3137831,36.7385383],[-4.3144184,36.7387958],[-4.3163595,36.7389487],[-4.3169501,36.7387709],[-4.317505468722418,36.738735188929155],[-4.3172193,36.7392535],[-4.3163699,36.7401698],[-4.3153389,36.7418533],[-4.3153555,36.7421358],[-4.3154846,36.7424026],[-4.3156593,36.7426259],[-4.3160663,36.7428821],[-4.316344,36.7435033],[-4.3157498,36.744158],[-4.3158757,36.7443107],[-4.3162698,36.7445592],[-4.3164887,36.7446045],[-4.3169999,36.7449735],[-4.3172363,36.7453116],[-4.3171167,36.7455086],[-4.3164617,36.7460943],[-4.3160715,36.74675],[-4.3159122,36.7477085],[-4.3160001,36.7480399],[-4.3159668,36.7484878],[-4.3157942,36.7492034],[-4.3154859,36.7495755],[-4.3139856,36.7500694],[-4.3131251,36.7508107],[-4.3124462,36.7515688],[-4.3114636,36.7523208],[-4.309199,36.7531157],[-4.3070216,36.7532462],[-4.3065315,36.7534323],[-4.3051241,36.7544988],[-4.3049776,36.7551897],[-4.3050874,36.7565465],[-4.305415,36.7569618],[-4.306120698013644,36.7586962890235],[-4.3057194,36.7601049],[-4.305329,36.7610331],[-4.3041912,36.7616808],[-4.3038604,36.7621354],[-4.3036342,36.7626697],[-4.3035821,36.7642297],[-4.3038351,36.7659795],[-4.3046775,36.7677545],[-4.3045916,36.7681584],[-4.304623,36.7683815],[-4.3048706,36.7687686],[-4.3048161,36.769228],[-4.3045101,36.7700794],[-4.3044654,36.7710072],[-4.304269,36.7713121],[-4.3039317,36.7722513],[-4.3036125,36.7727176],[-4.3034998,36.7730463],[-4.3035401,36.7731945],[-4.3034375,36.7734901],[-4.3034435,36.7737467],[-4.3029922,36.7748485],[-4.3021768,36.7758239],[-4.3016189,36.7761483],[-4.2997011,36.7785686],[-4.2994074,36.7790946],[-4.2956676,36.7779365],[-4.2961652,36.7788776],[-4.294971,36.779161],[-4.2947384,36.7793258],[-4.2949669,36.7795847],[-4.2948921,36.7798019],[-4.2936111,36.7809245],[-4.2923887,36.7822088],[-4.2904986,36.7817606],[-4.2905193,36.7823282],[-4.290814,36.7831994],[-4.2907524,36.7835336],[-4.2903643,36.7844482],[-4.2904041,36.7848174],[-4.2901732,36.7857484],[-4.2908693,36.786498],[-4.2912503,36.7871609],[-4.2913234,36.7875117],[-4.2912569,36.7888915],[-4.2914106,36.7900347],[-4.291625,36.7907895],[-4.2919486,36.7913719],[-4.2924389,36.7918714],[-4.2927901,36.7920929],[-4.2958008,36.7925109],[-4.2965859,36.7925474],[-4.2970251,36.7926688],[-4.2975506,36.793258],[-4.2970918,36.7939661],[-4.2966625,36.7944305],[-4.2964015,36.7949021],[-4.2963448,36.7955337],[-4.2954573,36.7954082],[-4.2948977,36.7954593],[-4.2943288,36.7956187],[-4.2932742,36.7962251],[-4.2929333,36.7966165],[-4.2922889,36.7962899],[-4.2908691,36.7951696],[-4.2903395,36.795004],[-4.2901638,36.7952223],[-4.2901478,36.7956011],[-4.2902572,36.7961137],[-4.290269,36.7968166],[-4.2878538,36.7964913],[-4.2873528,36.796695],[-4.2869781,36.7970776],[-4.2865065,36.7970287],[-4.2859698,36.7971066],[-4.2854587,36.7973735],[-4.2850645,36.7972606],[-4.2845829,36.7972838],[-4.284061,36.7975779],[-4.2840423,36.7984705],[-4.2803406,36.797627],[-4.2797981,36.7973624],[-4.2782621,36.7959817],[-4.2775856,36.7957456],[-4.2767422,36.7955744],[-4.2757053,36.795234],[-4.2752528,36.7949774],[-4.2747929,36.7949553],[-4.2745498,36.7951652],[-4.2745674,36.7955526],[-4.2749481,36.7968826],[-4.2753258,36.7973563],[-4.2758702,36.7977381],[-4.276378,36.797949],[-4.2768111,36.797701],[-4.2772794,36.7975517],[-4.2775909,36.7980892],[-4.2789977,36.7984347],[-4.2798235,36.7988855],[-4.2808611,36.799271],[-4.2803585,36.8000516],[-4.2803866,36.8003938],[-4.2806163,36.8007249],[-4.2813714,36.8009691],[-4.2831449,36.8024644],[-4.284275,36.8030111],[-4.2852978,36.8038474],[-4.2828124,36.8047035],[-4.2821338,36.8050173],[-4.281713,36.8053283],[-4.2814727,36.8057095],[-4.28099,36.8070127],[-4.2805864,36.8076841],[-4.2792233,36.8093033],[-4.2779433,36.8105339],[-4.2769748,36.811617],[-4.2763945,36.8124525],[-4.2758943,36.8133863],[-4.2755837,36.814264],[-4.2754846,36.8150493],[-4.2750127,36.8156583],[-4.2739909,36.8175983],[-4.2739002,36.8182122],[-4.2741312,36.8206526],[-4.2739783,36.8208976],[-4.2737526,36.8208099],[-4.2735135,36.8205871],[-4.2728898,36.819485],[-4.2720178,36.8196386],[-4.2710916,36.8192248],[-4.2706326,36.8192658],[-4.2693893,36.8200182],[-4.2690431,36.820103],[-4.2674606,36.8200027],[-4.2669661,36.8192508],[-4.2634154,36.8201449],[-4.2626268,36.820595],[-4.261943,36.8212873],[-4.2620146,36.822233],[-4.261962,36.823811],[-4.2620572,36.8248286],[-4.261965,36.8253614],[-4.2617392,36.8259497],[-4.2607737,36.82724],[-4.260514,36.8278196],[-4.2604897,36.8290728],[-4.2605786,36.8297029],[-4.2610473,36.8309329],[-4.2613118,36.8313357],[-4.2623318,36.8319919],[-4.2626462,36.8320156],[-4.2644102,36.8315462],[-4.2651838,36.8315379],[-4.2654318,36.8316164],[-4.265675,36.8320826],[-4.2654383,36.832689],[-4.2654851,36.8334908],[-4.2658832,36.8338291],[-4.2660007,36.8348374],[-4.2654946,36.8354287],[-4.2658036,36.8364891],[-4.2654847,36.8368711],[-4.2653999,36.8371694],[-4.2654877,36.8377364],[-4.2660921,36.8387216],[-4.2677896,36.8379102],[-4.2687501,36.8376746],[-4.2700737,36.8370114],[-4.2700443,36.8365881],[-4.2698559,36.8360493],[-4.2697796,36.8355002],[-4.2699321,36.8352282],[-4.2717313,36.8334963],[-4.2724311,36.8330922],[-4.2730572,36.8329773],[-4.2766321,36.8328398],[-4.2768551,36.8320893],[-4.2786582,36.8319527],[-4.2795559,36.8319881],[-4.2800297,36.8321543],[-4.2813605,36.8332848],[-4.2828144,36.8337198],[-4.2831208,36.8339418],[-4.283527,36.8340907],[-4.2831018,36.8348164],[-4.2827721,36.8352166],[-4.2827311,36.8354514],[-4.2831825,36.8356178],[-4.2823673,36.837168],[-4.2825168,36.8373917],[-4.2833095,36.8378519],[-4.283602,36.8385789],[-4.2837947,36.838703],[-4.2843761,36.8385976],[-4.2853723,36.8391547],[-4.2857102,36.8392412],[-4.2859972,36.8396347],[-4.2863923,36.8397927],[-4.2874983,36.8396704],[-4.2877904,36.8395702],[-4.2880636,36.8398106],[-4.2881466,36.8400802],[-4.288073,36.8403694],[-4.2881225,36.8406483],[-4.2886463,36.8411204],[-4.2886825,36.8412732],[-4.2878929,36.8416694],[-4.2881556,36.841955],[-4.2882738,36.8423143],[-4.2884438,36.8424206],[-4.2886681,36.8424182],[-4.2890006,36.8421802],[-4.2892363,36.8421957],[-4.28952,36.8423909],[-4.289516,36.8428236],[-4.2899405,36.8433869],[-4.2901417,36.8440157],[-4.2907545,36.8451088],[-4.2913442,36.845499],[-4.2917432,36.8458822],[-4.2919184,36.846295],[-4.2917511,36.8470179],[-4.2918061,36.8476213],[-4.2916032,36.8482274],[-4.2915438,36.8493638],[-4.2910017,36.8498114],[-4.2903985,36.8515681],[-4.2896596,36.8518888],[-4.2895194,36.8520314],[-4.2894808,36.8522343],[-4.2896046,36.8523326],[-4.290119,36.8524781],[-4.2901459,36.8527829],[-4.2900182,36.853206],[-4.2892709,36.8532678],[-4.2883252,36.8537969],[-4.2881808,36.8540454],[-4.2881764,36.8541854],[-4.2885045,36.8544338],[-4.2890905,36.8545983],[-4.2891693,36.8547208],[-4.2891518,36.8552423],[-4.2895717,36.8553395],[-4.2896775,36.8554582],[-4.2896833,36.855607],[-4.2894956,36.8557875],[-4.2885832,36.8556552],[-4.2883137,36.8556728],[-4.2880844,36.8558459],[-4.2880124,36.8561301],[-4.287711,36.8565027],[-4.2873035,36.8574123],[-4.2864337,36.8580418],[-4.2869762,36.858496],[-4.2872152,36.858481],[-4.2874809,36.8581945],[-4.2878705,36.858159],[-4.2882856,36.8586138],[-4.2886677,36.8587771],[-4.2890847,36.8587621],[-4.2908652,36.8596356],[-4.2913538,36.8594417],[-4.2920038,36.8594027],[-4.2933265,36.8594942],[-4.2938826,36.8593378],[-4.294192,36.8593635],[-4.2949279,36.8597535],[-4.2957636,36.8598525],[-4.2961357,36.8597712],[-4.2965714,36.8592098],[-4.2968192,36.8592211],[-4.2971325,36.8597845],[-4.297443,36.8599339],[-4.298028,36.859973],[-4.2984558,36.860123],[-4.2985314,36.8604771],[-4.2982744,36.8609253],[-4.2981464,36.8614156],[-4.2982151,36.861658],[-4.2983527,36.8617457],[-4.2985509,36.8617675],[-4.2992597,36.8616131],[-4.2996209,36.8613413],[-4.2998119,36.860838],[-4.300059,36.8606493],[-4.301407,36.8613413],[-4.3021315,36.8613413],[-4.3029234,36.8611885],[-4.3033278,36.8612559],[-4.3034567,36.8614512],[-4.3033966,36.8618971],[-4.3034676,36.8622206],[-4.3037189,36.8622949],[-4.3059099,36.8622643],[-4.3061906,36.8619625],[-4.3064617,36.8613725],[-4.3076309,36.8621375],[-4.3079096,36.8619364],[-4.3081554,36.8611321],[-4.3085215,36.8605245],[-4.3089914,36.8603015],[-4.3097071,36.8601966],[-4.3103604,36.8602555],[-4.311668,36.8609827],[-4.3124387,36.8612931],[-4.3133636,36.8613867],[-4.3144319,36.8616631],[-4.3154737,36.8616078],[-4.3159649,36.8617899],[-4.3167784,36.8611565],[-4.3182519,36.8610658],[-4.3190855,36.8606828],[-4.319623,36.8605817],[-4.3211679,36.8611256],[-4.3213886,36.8613112],[-4.3215659,36.861613],[-4.3220945,36.8618154],[-4.3218882,36.8622422],[-4.3217609,36.8628791],[-4.3218624,36.8635586],[-4.3217299,36.8640668],[-4.3236067,36.8641007],[-4.3237778,36.864261],[-4.3236554,36.8662725],[-4.323744,36.8668574],[-4.3240215,36.8673321],[-4.3244784,36.8678048],[-4.3245263,36.8679845],[-4.3243427,36.8683922],[-4.3247119,36.868983],[-4.3253655,36.870454],[-4.3257109,36.8709639],[-4.3262096,36.8712558],[-4.3273164,36.8716762],[-4.327544,36.8718629],[-4.3290866,36.8741262],[-4.329762,36.8749029],[-4.3301253,36.8751512],[-4.3305765,36.8752904],[-4.3315977,36.875297],[-4.3349894,36.8761333],[-4.3362105,36.8766694],[-4.3379793,36.8770822],[-4.3398739,36.8776377],[-4.3406439,36.8780347],[-4.3414664,36.8782327],[-4.3427348,36.8782635],[-4.3429725,36.878378],[-4.3431587,36.8787635],[-4.3441225,36.8818985],[-4.344408,36.8821837],[-4.3472522,36.883765],[-4.3480662,36.8841073],[-4.3492157,36.8843917],[-4.3497204,36.884377],[-4.3502057,36.8845337],[-4.350682,36.8848167],[-4.3513512,36.8858638],[-4.3517059,36.8862473],[-4.3522984,36.8873944],[-4.3526851,36.8876874],[-4.3531263,36.8878897],[-4.3541076,36.8882472],[-4.3543431,36.8882229],[-4.3546801,36.888053],[-4.3554024,36.8880284],[-4.3556342,36.8879326],[-4.3573306,36.8876705],[-4.3580874,36.8879503],[-4.3586166,36.8880525],[-4.3588374,36.8884826],[-4.3594315,36.8890797],[-4.3595506,36.889466],[-4.3587329,36.8908184],[-4.3587608,36.8911246],[-4.3590451,36.8913376],[-4.3593953,36.8914688],[-4.359889,36.8914632],[-4.3609966,36.8912702],[-4.3612683,36.8914023],[-4.3616244,36.892498],[-4.3619344,36.892891],[-4.3623886,36.8931923],[-4.3632255,36.8935523],[-4.3643198,36.8938732],[-4.3654855,36.8937967],[-4.3661745,36.8940412],[-4.3665965,36.893793],[-4.3671558,36.8936874],[-4.3685484,36.8937435],[-4.368319,36.8934667],[-4.369318,36.8934822],[-4.3699989,36.8932761],[-4.3711549,36.8932808],[-4.3736962,36.8941889],[-4.3734493,36.8960666],[-4.3737953,36.8965854],[-4.3741834,36.8969505],[-4.3734731,36.8980224],[-4.3737339,36.8981726],[-4.3758828,36.8984632],[-4.376018,36.8991197],[-4.3757894,36.9001409],[-4.3756656,36.9013682],[-4.3757756,36.9018717],[-4.378617,36.9055252],[-4.3784801,36.9058955],[-4.3782843,36.906985],[-4.3783997,36.9075233],[-4.3785901,36.9078579],[-4.3784614,36.9080359],[-4.3779652,36.9082997],[-4.3778901,36.9087415],[-4.3776299,36.9089024],[-4.3777559,36.9097366],[-4.3775011,36.910824],[-4.3779464,36.9113773],[-4.3780537,36.9119327],[-4.3782924,36.9120442],[-4.3783621,36.9121922],[-4.3783326,36.9124603],[-4.3781931,36.912694],[-4.3782227,36.9128141],[-4.3785043,36.9130886],[-4.3788208,36.9137942],[-4.3787671,36.9139593],[-4.3783273,36.9143775],[-4.3781878,36.9146584],[-4.3780805,36.9151023],[-4.3782441,36.9156792],[-4.3775977,36.9163247],[-4.3774703,36.9168651],[-4.3770304,36.917457],[-4.3769017,36.9183791],[-4.3771484,36.9187822],[-4.3771162,36.9189752],[-4.3768802,36.919284],[-4.3769929,36.9196957],[-4.3768856,36.9199573],[-4.376333,36.9205921],[-4.375641,36.9207851],[-4.3751099,36.9211796],[-4.3745091,36.9213426],[-4.3739995,36.9216428],[-4.3735811,36.9216342],[-4.3731895,36.9220845],[-4.3723365,36.9223804],[-4.3722287,36.9227093],[-4.3721971,36.9232081],[-4.3724063,36.923667],[-4.3722293,36.9240572],[-4.3718269,36.9244218],[-4.3718698,36.9249149],[-4.3711886,36.9251894],[-4.3707701,36.9256697],[-4.3702391,36.9259313],[-4.369708,36.9263601],[-4.3689355,36.9273507],[-4.3684098,36.9279168],[-4.3679055,36.9283027],[-4.3675139,36.9290317],[-4.3674871,36.929512],[-4.3676427,36.9298079],[-4.3677607,36.9307256],[-4.3676641,36.9312787],[-4.3680676,36.931873],[-4.3680783,36.9322075],[-4.3680193,36.932439],[-4.3674453,36.932692],[-4.3673541,36.9328935],[-4.3671878,36.9338026],[-4.3674346,36.9342657],[-4.366925,36.9342786],[-4.3663456,36.934553],[-4.3661686,36.9349989],[-4.3662866,36.9352176],[-4.3658843,36.9355649],[-4.3658789,36.9357193],[-4.3655624,36.936088],[-4.3654551,36.9363968],[-4.3651494,36.9368513],[-4.3650689,36.9371728],[-4.3647363,36.9375201],[-4.3647148,36.937816],[-4.3648972,36.9380047],[-4.3648865,36.9383434],[-4.3647363,36.9388965],[-4.3643715,36.939724],[-4.364173,36.9404786],[-4.3626281,36.941692],[-4.3624135,36.9419921],[-4.3621453,36.9420607],[-4.3621399,36.9422751],[-4.3618985,36.9426267],[-4.3618288,36.9431797],[-4.3613782,36.9436085],[-4.3612868,36.9440659],[-4.3609388,36.9443773],[-4.3607233,36.944782],[-4.3607596,36.9449044],[-4.3610167,36.9450829],[-4.3610582,36.9452365],[-4.3608583,36.9460106],[-4.3608765,36.9463012],[-4.3610634,36.9463115],[-4.3610868,36.9465793],[-4.3610894,36.9467557],[-4.3608713,36.9469404],[-4.36097,36.9479365],[-4.3614426,36.9485654],[-4.3616347,36.9491506],[-4.36191,36.9494681],[-4.3620424,36.9498562],[-4.3619905,36.9500658],[-4.3621671,36.9504145],[-4.3621126,36.950568],[-4.3623593,36.9509436],[-4.3623255,36.951421],[-4.3620191,36.9519045],[-4.3619775,36.9527615],[-4.3616218,36.9535294],[-4.3612738,36.9537929],[-4.3611388,36.9540668],[-4.3610816,36.9542412],[-4.3611569,36.9545088],[-4.3606947,36.9554178],[-4.3606168,36.9554385],[-4.3605649,36.9558639],[-4.3600637,36.956777],[-4.3598611,36.9577004],[-4.3592742,36.9582503],[-4.3591626,36.9584764],[-4.3593169,36.9586823],[-4.3592435,36.9587791],[-4.3582372,36.959187],[-4.3578443,36.9592516],[-4.3573852,36.9595245],[-4.3569812,36.959639],[-4.3568821,36.9598855],[-4.3561733,36.9603961],[-4.3558134,36.9607482],[-4.3557546,36.9609771],[-4.3554829,36.9610593],[-4.3552368,36.9612793],[-4.3551009,36.9615522],[-4.3549393,36.9616491],[-4.3546198,36.9616638],[-4.3544766,36.9618075],[-4.3545244,36.9619014],[-4.3543664,36.9621978],[-4.3544399,36.962324],[-4.3539294,36.962817],[-4.3537862,36.9631662],[-4.3537274,36.9633804],[-4.3537825,36.9637149],[-4.3533069,36.9637636],[-4.3533524,36.9643093],[-4.3531213,36.964772],[-4.3532828,36.964965],[-4.3533503,36.9654837],[-4.3535581,36.9658634],[-4.3532698,36.9660729],[-4.3531997,36.9662348],[-4.3522495,36.9666628],[-4.3497902,36.9673397],[-4.3493443,36.9675341],[-4.3469291,36.9668945],[-4.3460258,36.9659943],[-4.3422005,36.96565],[-4.3398623,36.9674791],[-4.337462,36.9676865],[-4.3364493,36.9675897],[-4.3355919,36.967383],[-4.3338687,36.9671229],[-4.3326982,36.9676409],[-4.3315364,36.9680144],[-4.3291538,36.96924],[-4.3215444,36.9742013],[-4.3208358,36.9748041],[-4.3190023,36.9766272],[-4.318122,36.9770426],[-4.3179274,36.9774865],[-4.3179121,36.9792083],[-4.3179754,36.9796222],[-4.3176167,36.9803203],[-4.3164831,36.9816939],[-4.3164038,36.9823077],[-4.3151564,36.9822945],[-4.3129582,36.9825261],[-4.309247,36.9836397],[-4.3073947,36.9843903],[-4.3071062,36.9846008],[-4.3067903,36.9851811],[-4.30672,36.9863266],[-4.3064772,36.9878977],[-4.3048315,36.9928644],[-4.3018273,36.995935],[-4.2994716,36.9981602],[-4.2978042,36.999242],[-4.296131,37.0006394],[-4.2942338,37.0014262],[-4.293064,37.0020339],[-4.2910892,37.0035517],[-4.2895636,37.0043885],[-4.2878071,37.0055253],[-4.281435,37.0089023],[-4.2796431,37.0099582],[-4.2790432,37.0103793],[-4.2760849,37.012935],[-4.2736939,37.0144749],[-4.2725096,37.0149023],[-4.2689342,37.0155264],[-4.2634358,37.0167749],[-4.2604432,37.0173025],[-4.2601752,37.0174135],[-4.2562755,37.020195],[-4.2559455,37.0206401],[-4.2552448,37.0224593],[-4.2550558,37.0225875],[-4.2519258,37.0229811],[-4.2486592,37.0218978],[-4.2450795,37.0209078],[-4.2414361,37.0201438],[-4.2405314,37.0198107],[-4.2379808,37.0184943],[-4.236228,37.0178455],[-4.2349076,37.0175257],[-4.2325514,37.0170995],[-4.2321825,37.0169287],[-4.2313348,37.0169409],[-4.2277964,37.0149945],[-4.2233476,37.0123363],[-4.2238695,37.0105371],[-4.2243986,37.0091886],[-4.2234715,37.0088466],[-4.2232888,37.0086683],[-4.223183,37.0083809],[-4.2231372,37.0076242],[-4.2229848,37.0072292],[-4.2211147,37.0057686],[-4.2207268,37.0053414],[-4.2182291,37.000094],[-4.2182696,36.9998142],[-4.2181455,36.9990763],[-4.2176723,36.9975939],[-4.2159701,36.9944385],[-4.215422,36.991767],[-4.2071532,36.9861816],[-4.193268,36.9806071],[-4.1930857,36.9804467],[-4.1928273,36.9797282],[-4.1923352,36.9791472],[-4.1917658,36.9786571],[-4.1908865,36.9784677],[-4.1898752,36.9784598],[-4.1894345,36.9783019],[-4.1880263,36.9773335],[-4.1876709,36.9761472],[-4.1858842,36.9746778],[-4.1843409,36.9736836],[-4.1836978,36.9727796],[-4.1834281,36.9720522],[-4.1831196,36.9717127],[-4.1813853,36.9707114],[-4.1800707,36.9692462],[-4.179034,36.9683101],[-4.1779666,36.9675635],[-4.1771325,36.9666523],[-4.17686,36.9664657],[-4.1761161,36.9663019],[-4.1751272,36.9662756],[-4.1748436,36.9660981],[-4.1740767,36.9651683],[-4.1733191,36.9648422],[-4.1725424,36.9647417],[-4.1692388,36.9624667],[-4.1691244,36.9623326],[-4.1690214,36.9614683],[-4.1688694,36.9610822],[-4.1685243,36.9605448],[-4.168003,36.9602434],[-4.1675865,36.9594543],[-4.1671981,36.9590255],[-4.1670793,36.958603],[-4.1670235,36.9578914],[-4.1666404,36.9570749],[-4.1647165,36.9568594],[-4.163451,36.956367],[-4.1609232,36.9563287],[-4.1601575,36.956201],[-4.1590304,36.9559415],[-4.1583287,36.9555878],[-4.1570672,36.9553568],[-4.1561187,36.9550235],[-4.154563,36.954642],[-4.1522878,36.9542224],[-4.1516251,36.9542198],[-4.1502965,36.9539983],[-4.1485679,36.9540691],[-4.1474439,36.9540169],[-4.1470833,36.9539393],[-4.1465146,36.953458],[-4.144923,36.9529325],[-4.1439937,36.9523736],[-4.1435985,36.9522332],[-4.1424843,36.9520816],[-4.1419986,36.951897],[-4.1414045,36.9519748],[-4.1408948,36.9524395],[-4.1406823,36.9524956],[-4.138949,36.9522508],[-4.1280085,36.9514088],[-4.1207272,36.950414],[-4.1113269,36.9496551],[-4.1040593,36.9519133],[-4.0998927,36.9527091],[-4.0991593,36.9423137],[-4.0951742,36.936933],[-4.0919999,36.9332485],[-4.0870642,36.9304272],[-4.0816239,36.9300172],[-4.0787904,36.928141],[-4.0755371,36.9267462],[-4.0741538,36.9265785],[-4.0733509,36.9253688],[-4.0722455,36.924207],[-4.067962,36.9221813],[-4.0657945,36.9213264],[-4.0636504,36.9213456],[-4.0575582,36.9167667],[-4.0559122,36.9154473],[-4.0554036,36.9151994],[-4.0543229,36.9149836],[-4.0537727,36.9149705],[-4.0490607,36.9061693],[-4.0484532,36.9052552],[-4.0479757,36.9039884],[-4.047409,36.9035877],[-4.0456796,36.902942],[-4.0425779,36.9032516],[-4.0356289,36.9048358],[-4.0156156,36.8989329],[-4.0141539,36.8987381],[-4.0121993,36.8960595],[-4.0101931,36.8954185],[-4.0096931,36.8949541],[-4.008027,36.8937152],[-4.0056896,36.8926263],[-4.004452,36.891537],[-3.9992112,36.8898324],[-3.9974608,36.8907215],[-3.9909831,36.8914157],[-3.9906188,36.8918875],[-3.9878579,36.8918834],[-3.9827268,36.892584],[-3.9800644,36.8923806],[-3.9747809,36.8916939],[-3.9726881,36.8912694],[-3.9707789,36.8920512],[-3.967492,36.8912758],[-3.9615317,36.8894041],[-3.9600044,36.8875324],[-3.9521194,36.8878663],[-3.9464499,36.8849549],[-3.9441342,36.8864606],[-3.9420025,36.8855851],[-3.9400343,36.8843117],[-3.9382403,36.884434],[-3.9361142,36.8840091],[-3.9337124,36.8830544],[-3.9295246,36.8828799],[-3.9241025,36.8789829],[-3.9231334,36.8767729],[-3.9224347,36.8737224],[-3.9221927,36.8722549],[-3.9216142,36.8707991],[-3.9206391,36.8699503],[-3.92009,36.8690711],[-3.9185972,36.868082],[-3.9169516,36.8683922],[-3.9150666,36.8693172],[-3.9140146,36.8695416],[-3.9125544,36.8693996],[-3.9111304,36.8685271],[-3.910844,36.8680335],[-3.9095696,36.8674754],[-3.9067121,36.8677676],[-3.9048215,36.8682328],[-3.9023446,36.8674944],[-3.8991015,36.8674378],[-3.8981449,36.8662191],[-3.8973727,36.8663871],[-3.8954984,36.8653646],[-3.8944308,36.8661749],[-3.8937897,36.8660355],[-3.8912828,36.8665682],[-3.8904593,36.8675404],[-3.8896015,36.8667069],[-3.8887931,36.8656853],[-3.8870773,36.8647697],[-3.8850878,36.8634774],[-3.883274,36.8608677],[-3.8830327,36.8603647],[-3.8807941,36.8598761],[-3.8817175,36.8591575],[-3.882553,36.8576911],[-3.8771375,36.8569287],[-3.8766015,36.8561664],[-3.8777074,36.85477],[-3.8757579,36.8530086],[-3.8676103,36.8506794],[-3.8660934,36.8524393],[-3.8640915,36.8529677],[-3.86103,36.8510428],[-3.8587809,36.8515278],[-3.8571767,36.8525219],[-3.8543227,36.8530923],[-3.8534753,36.8535582],[-3.8525522,36.8542679],[-3.8508919,36.8552714],[-3.8502335,36.8555826],[-3.8482552,36.8562367],[-3.8449451,36.8571798],[-3.8423314,36.8582079],[-3.8395914,36.8569292],[-3.8388684,36.8564656],[-3.8384632,36.8563422],[-3.8372392,36.8562247],[-3.8333745,36.8567296],[-3.8314792,36.8567699],[-3.8305131,36.8566504],[-3.826696,36.8553248],[-3.826278,36.8550483],[-3.8254594,36.8540353],[-3.8229039,36.852133],[-3.8224152,36.8515414],[-3.8218206,36.8504908],[-3.8214943,36.8493482],[-3.820154,36.8488256],[-3.8170476,36.8478374],[-3.815321,36.8468486],[-3.8154856,36.8465049],[-3.8156447,36.8456475],[-3.815552,36.8432502],[-3.8152005,36.8418374],[-3.8148616,36.8416053],[-3.8123707,36.8404505],[-3.809915,36.8394396],[-3.8081997,36.8384326],[-3.8073751,36.8378703],[-3.8049065,36.8356153],[-3.803788,36.8348206],[-3.8030894,36.8345098],[-3.8017737,36.8341671],[-3.8001193,36.8336013],[-3.7985988,36.8329805],[-3.7960943,36.831537],[-3.7954076,36.8302074],[-3.7939785,36.8286484],[-3.7933857,36.8266241],[-3.7953774,36.8240417],[-3.7953347,36.820995],[-3.7922205,36.8212862],[-3.790611,36.820693],[-3.7901943,36.8194337],[-3.7895754,36.8192125],[-3.7864194,36.8154202],[-3.7865005,36.8123818],[-3.7829459,36.8101335],[-3.7826422,36.8100364],[-3.7805986,36.8086255],[-3.7778483,36.8071651],[-3.7761647,36.8069688],[-3.7736329,36.8060387],[-3.7728624,36.8052324],[-3.7707943,36.804696],[-3.7697894,36.8039813],[-3.7694608,36.8036319],[-3.7681436,36.8019546],[-3.7694517,36.799368],[-3.7708699,36.798818],[-3.7710153,36.7965543],[-3.7696231,36.7952112],[-3.7695211223843486,36.79482735439208],[-3.7695704,36.7948828],[-3.7701703,36.7948474],[-3.7699084,36.7947369],[-3.7695456,36.7947071],[-3.7695078395075323,36.79477735740114],[-3.7690756,36.7931504],[-3.767147,36.7919548],[-3.7669981,36.7905135],[-3.7662368,36.7894817],[-3.7660638,36.788987],[-3.7659671,36.7882845],[-3.7663164,36.7862179],[-3.7669849,36.7846991],[-3.7673172,36.7843003],[-3.7676178,36.7841001],[-3.7693257,36.7834219],[-3.7704208,36.7830903],[-3.7711429,36.7813368],[-3.7714952,36.7807035],[-3.7725889,36.7791369],[-3.7727369,36.7782525],[-3.7728686,36.7779722],[-3.774715,36.7754811],[-3.7757417,36.7750507],[-3.7776547,36.7747227],[-3.7776878,36.7735686],[-3.7783714,36.7724643],[-3.7784489,36.7712558],[-3.7795515,36.7694817],[-3.7794863,36.7674719],[-3.7822793,36.7644516],[-3.7820666,36.7633622],[-3.7794445,36.7600169],[-3.7792311,36.7588644],[-3.7797626,36.75713],[-3.7799268,36.7545417],[-3.7795018,36.7534988],[-3.7794549,36.7532917],[-3.779541,36.7529486],[-3.7797404,36.7527219],[-3.7804771,36.7524557],[-3.7807886,36.7522463],[-3.7811325,36.7519105],[-3.7814844,36.7512591],[-3.7808919,36.7502804],[-3.7806938,36.7495244],[-3.7805462,36.7493271],[-3.7797016,36.7488909],[-3.7795756,36.7486123],[-3.7797575,36.7477727],[-3.7793841,36.7462967],[-3.7789533,36.7457857],[-3.7774681,36.7451463],[-3.7773422,36.7448767],[-3.7774174,36.7445607],[-3.7776394,36.7443519],[-3.7777149,36.7440629],[-3.777665,36.7435674],[-3.7772745,36.7426054],[-3.7774557,36.7416937],[-3.7774078,36.7413875],[-3.7770549,36.7408219],[-3.7767049,36.7405537],[-3.7765683,36.7403292],[-3.7765656,36.7400678],[-3.7767856,36.7396607],[-3.7772296,36.7392612],[-3.7777643,36.7380095],[-3.7780901,36.73756],[-3.7782924,36.73794],[-3.7786706,36.7381678],[-3.7789379,36.7381717],[-3.7790568,36.7383591],[-3.7795316,36.7385848],[-3.7798561,36.7386493],[-3.7799112,36.7388237],[-3.7802477,36.739112],[-3.7804195,36.7390919],[-3.780555,36.7391684],[-3.780478,36.7392366],[-3.7810725,36.7397417],[-3.782846,36.739292],[-3.7833523,36.7393773],[-3.783833,36.739561],[-3.7849513,36.7395403],[-3.7856172,36.7397442],[-3.7857738,36.740206],[-3.7858138,36.7410667],[-3.7856752,36.7413824],[-3.7857986,36.7414274],[-3.7857944,36.7415101],[-3.7862184,36.741673],[-3.7865844,36.7413124],[-3.7867232,36.7413044],[-3.7874975,36.740883],[-3.7880383,36.7408765],[-3.787842,36.7411292],[-3.7877073,36.7415029],[-3.7874403,36.7415989],[-3.787386,36.7420512],[-3.7870492,36.7423641],[-3.7871969,36.7426392],[-3.7875903,36.7428046],[-3.7875138,36.7428594],[-3.7874696,36.7431958],[-3.7876578,36.7435065],[-3.7884241,36.7441029],[-3.7908723,36.7456385],[-3.7921635,36.7463217],[-3.7925559,36.7464429],[-3.793772,36.746414],[-3.7945302,36.7461644],[-3.794974,36.746209],[-3.7954564,36.74637],[-3.7959518,36.7463792],[-3.7964341,36.7460732],[-3.7967831,36.7459809],[-3.7970132,36.7462401],[-3.7980404,36.7459943],[-3.7986774,36.7453155],[-3.7991678,36.7459405],[-3.7999954,36.7464943],[-3.8015124,36.747001],[-3.8018297,36.746956],[-3.8021732,36.747056],[-3.8038222,36.7480479],[-3.8045417,36.7481933],[-3.8046008,36.7479736],[-3.8046706,36.748225],[-3.8051709,36.748287],[-3.8054321,36.7482622],[-3.8054483,36.7480834],[-3.8057209,36.7482319],[-3.805922,36.74813],[-3.8060716,36.7479096],[-3.8063088,36.7481713],[-3.8060599,36.7483283],[-3.8062037,36.7484688],[-3.8091448,36.7499641],[-3.8096956,36.7500979],[-3.8105266,36.7500424],[-3.8118621,36.7501165],[-3.8118696,36.7500381],[-3.8119558,36.750034],[-3.8119923,36.7501143],[-3.8123353,36.750091],[-3.8126677,36.7503009],[-3.8143889,36.7508965],[-3.8153257,36.7507724],[-3.8162121,36.7512692],[-3.8170312,36.75158],[-3.8175937,36.7513364],[-3.8180293,36.7514885],[-3.8185133,36.751379],[-3.8202904,36.7517938],[-3.820964,36.751625],[-3.8212518,36.7516719],[-3.821657,36.7519899],[-3.8234249,36.7524035],[-3.8239507,36.752749],[-3.8254159,36.7524954],[-3.8256914,36.7518286],[-3.826044,36.7515107],[-3.8262382,36.7515003],[-3.8264421,36.7516293],[-3.8269155,36.7516053],[-3.8276222,36.7517346],[-3.827976,36.7516747],[-3.8282381,36.7518951],[-3.8288256,36.752074],[-3.8292477,36.7520763],[-3.8294901,36.7519306],[-3.8300711,36.7519602],[-3.8301003,36.7517697],[-3.8306886,36.7519004],[-3.8307349,36.7521138],[-3.8310193,36.7523483],[-3.8315409,36.7524803],[-3.8315731,36.7528607],[-3.8322102,36.7528777],[-3.8323724,36.7527425],[-3.8322801,36.7526247],[-3.832531,36.7525596],[-3.8327687,36.7526343],[-3.8326645,36.7530382],[-3.8329679,36.7532001],[-3.834479,36.7538105],[-3.8354899,36.7539803],[-3.8365172,36.7538484],[-3.837742,36.753178],[-3.8389073,36.7532395],[-3.8390353,36.7530887],[-3.8394178,36.7529986],[-3.8395,36.7531371],[-3.8402152,36.7530767],[-3.8400475,36.7529423],[-3.8406529,36.7523832],[-3.8412107,36.7523114],[-3.841249,36.7522123],[-3.8413969,36.7522031],[-3.8414685,36.7526823],[-3.8416264,36.7530509],[-3.841911,36.7532663],[-3.8437733,36.7535286],[-3.8449431,36.7534653],[-3.8456586,36.7533425],[-3.8463013,36.7530291],[-3.8468518,36.7524704],[-3.8470596,36.7520229],[-3.8471655,36.7519934],[-3.8470582,36.7518945],[-3.847085,36.7518365],[-3.8472607,36.7518687],[-3.8472191,36.752045],[-3.8474465,36.7519167],[-3.8473921,36.7518053],[-3.8475437,36.7518268],[-3.8476929,36.7516397],[-3.8475758,36.7516216],[-3.847612,36.7515313],[-3.8477529,36.7515109],[-3.8478105,36.7513282],[-3.8476161,36.7513949],[-3.8475667,36.7513273],[-3.8482668,36.7508558],[-3.8484905,36.7508318],[-3.8482549,36.7506342],[-3.8484663,36.750474],[-3.8489585,36.7506803],[-3.8491087,36.7506642],[-3.8488848,36.7504621],[-3.8489813,36.7504224],[-3.8489786,36.7505148],[-3.8493179,36.750561],[-3.8492817,36.7504535],[-3.8493421,36.7504278],[-3.8494427,36.7505137],[-3.8493501,36.7505685],[-3.8496586,36.7507738],[-3.8497578,36.7508092],[-3.8497913,36.7506459],[-3.8499375,36.7506341],[-3.8499697,36.7506921],[-3.8498329,36.750792],[-3.8499925,36.7509176],[-3.8502487,36.750993],[-3.8504096,36.7509247],[-3.8504266,36.7510376],[-3.8506832,36.751058],[-3.8512872,36.7510418],[-3.8514748,36.7509064],[-3.8516085,36.7506475],[-3.8519607,36.7504461],[-3.8525285,36.7502993],[-3.8538294,36.7505873],[-3.8540596,36.7507789],[-3.8543621,36.7508068],[-3.8546579,36.7506691],[-3.8552107,36.7507872],[-3.8554495,36.750684],[-3.8555925,36.7509353],[-3.8557526,36.7509118],[-3.8559376,36.7507593],[-3.8562775,36.7509403],[-3.8563775,36.7507399],[-3.8567074,36.7509247],[-3.8567342,36.7510795],[-3.8582889,36.75187],[-3.8592448,36.7519466],[-3.8593907,36.75186],[-3.859446,36.7519348],[-3.859737,36.7517801],[-3.8601192,36.7517554],[-3.8603697,36.7516296],[-3.8608926,36.7516312],[-3.8610491,36.751536],[-3.8614103,36.7515044],[-3.8615575,36.7514003],[-3.8619929,36.7515242],[-3.8620817,36.7517063],[-3.8623371,36.7517007],[-3.8623732,36.7515737],[-3.8625765,36.7514885],[-3.8628943,36.7515693],[-3.8629232,36.7514797],[-3.8630759,36.75155],[-3.8633327,36.7515243],[-3.865649,36.750537],[-3.8708108,36.7478288],[-3.8711796,36.7473891],[-3.8708665,36.7468837],[-3.8710483,36.7469814],[-3.8715565,36.7466195],[-3.8725486,36.7465079],[-3.8729479,36.7462025],[-3.8729834,36.7460639],[-3.8732509,36.7459534],[-3.87317,36.7458936],[-3.873224,36.7457391],[-3.8734085,36.7457374],[-3.8736491,36.7455547],[-3.8741801,36.7454666],[-3.8751766,36.7445704],[-3.8750497,36.7444001],[-3.8750588,36.7442061],[-3.8751865,36.7440366],[-3.8754158,36.7441056],[-3.8753595,36.7438799],[-3.8754614,36.7437617],[-3.8756519,36.743924],[-3.8756012,36.7439849],[-3.8758021,36.743967],[-3.8756319,36.7440646],[-3.8758648,36.7440915],[-3.8768234,36.7438966],[-3.8768772,36.7439665],[-3.8779346,36.7438155],[-3.8782696,36.7437021],[-3.8785732,36.7433693],[-3.8787226,36.7430233],[-3.8786492,36.7427242],[-3.8787604,36.7426461],[-3.878841,36.742708],[-3.8788463,36.7426132],[-3.8792131,36.7423932],[-3.8791293,36.7422738],[-3.879246,36.7423039],[-3.8793953,36.7418309],[-3.8793002,36.7417874],[-3.8793886,36.7416768],[-3.8796019,36.7417095],[-3.8798266,36.7415368],[-3.8800784,36.7416532],[-3.8801285,36.7416237],[-3.8800501,36.7415522],[-3.8801647,36.7415162],[-3.8805209,36.7416677],[-3.8811313,36.7417695],[-3.8815714,36.7416714],[-3.8828852,36.7416386],[-3.8840511,36.7412295],[-3.8841942,36.7406543],[-3.884353,36.7408341],[-3.884634,36.7407685],[-3.8846563,36.7409162],[-3.8845371,36.7410531],[-3.8848684,36.7412768],[-3.8864291,36.7415468],[-3.887869,36.7415413],[-3.8920045,36.7426106],[-3.8950906,36.7432976],[-3.8975386,36.7435345],[-3.8985445,36.7435238],[-3.9003947,36.7432844],[-3.9027709,36.7436595],[-3.9036074,36.7435954],[-3.9042859,36.7432721],[-3.905787,36.743045],[-3.9063821,36.7430496],[-3.9071524,36.7427486],[-3.9073388,36.7425654],[-3.9080388,36.7426175],[-3.9100968,36.7423968],[-3.9102303,36.7420914],[-3.9131815,36.7422911],[-3.9135423,36.7421943],[-3.9141813,36.7418231],[-3.9162911,36.7411422],[-3.919922,36.7408743],[-3.9206921,36.7407394],[-3.9220837,36.7402273],[-3.9231936,36.7396052],[-3.9238272,36.7391508],[-3.924717,36.7387538],[-3.9251849,36.7384545],[-3.9256547,36.7379707],[-3.9258018,36.7375472],[-3.9264414,36.7371406],[-3.9267662,36.7370278],[-3.9287359,36.7367104],[-3.9292844,36.7363612],[-3.9308359,36.7361875],[-3.9314298,36.7360399],[-3.931939,36.7358654],[-3.9324542,36.735466],[-3.9330829,36.7351743],[-3.933665,36.7347019],[-3.9362082,36.7340315],[-3.9375793,36.7333707],[-3.938831,36.7329879],[-3.9396903,36.7325202],[-3.9411356,36.7322108],[-3.9417462,36.7318413],[-3.9423842,36.731719],[-3.9442005,36.7311341],[-3.9456245,36.7305726],[-3.9477736,36.7300536],[-3.9492628,36.7295456],[-3.9502726,36.7293202],[-3.9507555,36.7290068],[-3.951646,36.7288294],[-3.9521623,36.7286427],[-3.9529577,36.7281076],[-3.9528224,36.7279341],[-3.9528947,36.7276984],[-3.9530982,36.7274458],[-3.9532894,36.7274154],[-3.9534062,36.7274939],[-3.9543366,36.7269559],[-3.9543983,36.7266408],[-3.9546223,36.7267276],[-3.9552727,36.7265008],[-3.956078,36.7263449],[-3.9570503,36.7263444],[-3.9572624,36.7260785],[-3.9574603,36.7260295],[-3.9574542,36.726204],[-3.9577151,36.7262293],[-3.9576585,36.7264187],[-3.9580312,36.7265894],[-3.9588568,36.7266761],[-3.9598399,36.7272045],[-3.9602802,36.7273044],[-3.9629612,36.7284658],[-3.9636846,36.7286678],[-3.9679846,36.7296649],[-3.9695162,36.7297599],[-3.9705783,36.7300555],[-3.9717224,36.7300722],[-3.9734297,36.7305446],[-3.9748944,36.7308338],[-3.975695,36.7312294],[-3.9786631,36.7320803],[-3.9806561,36.732774],[-3.9833448,36.733986],[-3.9870039,36.7354989],[-3.9922318,36.7374146],[-3.9972413,36.739376],[-3.9990764,36.7398711],[-3.9996838,36.7399318],[-4.0013766,36.7398618],[-4.0017758,36.7399568],[-4.0036203,36.7407473],[-4.0052019,36.7411912],[-4.0058533,36.7410985],[-4.0065308,36.7408423],[-4.007271,36.740687],[-4.0093673,36.7409467],[-4.0096082,36.7410704],[-4.0097873,36.7412951],[-4.010529,36.7416712],[-4.0113527,36.7419217],[-4.0123696,36.7419892],[-4.0130589,36.7421958],[-4.0142493,36.7422943],[-4.0155072,36.7427659],[-4.0186691,36.7431957],[-4.0229348,36.7440107],[-4.0251261,36.744082],[-4.0260519,36.7439152],[-4.0270672,36.743926],[-4.0276717,36.7438319],[-4.0284794,36.7435732],[-4.0293851,36.7427945],[-4.0299479,36.7425716],[-4.0307278,36.7424452],[-4.0309459,36.7425317],[-4.0330863,36.7423758],[-4.0352591,36.7431973],[-4.0395018,36.7440809],[-4.0397722,36.7438992],[-4.0413308,36.7441423],[-4.0414746,36.7440158],[-4.0421503,36.7441952],[-4.0428506,36.7442774],[-4.0429178,36.7441113],[-4.0430466,36.744081],[-4.0431096,36.7442388],[-4.0440024,36.744383],[-4.0442,36.7443259],[-4.0443017,36.7440963],[-4.0444473,36.7442344],[-4.0454171,36.7444558],[-4.0457032,36.7444113],[-4.0458504,36.7441199],[-4.0458959,36.7442189],[-4.0475396,36.7446848],[-4.0480533,36.7446619],[-4.04825,36.7443589],[-4.0482814,36.744547],[-4.0487119,36.744692],[-4.050023,36.7446349],[-4.0509924,36.7447726],[-4.0510927,36.7445949],[-4.0511443,36.7446127],[-4.0510622,36.7447975],[-4.0512151,36.7448694],[-4.0526104,36.7453044],[-4.0528796,36.7450874],[-4.05284,36.7452587],[-4.0553642,36.7462743],[-4.0562085,36.7462882],[-4.0563866,36.7462356],[-4.0564903,36.7459869],[-4.0566237,36.7459238],[-4.0565362,36.7464225],[-4.0567774,36.7465997],[-4.0588579,36.7473514],[-4.0593647,36.7472887],[-4.0613149,36.7476135],[-4.0631352,36.7477185],[-4.0637152,36.7476625],[-4.0641493,36.7474929],[-4.0641206,36.7470762],[-4.0643325,36.7468489],[-4.06451,36.7467952],[-4.0708143,36.7463414],[-4.0711005,36.7465109],[-4.0709658,36.746979],[-4.0707661,36.7469912],[-4.0707388,36.7467212],[-4.0662705,36.7470358],[-4.0663029,36.7473501],[-4.0660167,36.7474108],[-4.0660255,36.7474815],[-4.0662512,36.7475093],[-4.0658266,36.7475509],[-4.0659533,36.7486644],[-4.0664794,36.7486302],[-4.0664865,36.7486984],[-4.0668579,36.7486776],[-4.066869,36.7487489],[-4.0676659,36.7487681],[-4.0675496,36.7476711],[-4.0686263,36.7476115],[-4.0686321,36.7476616],[-4.067743,36.7477115],[-4.0678355,36.748514],[-4.0693192,36.7484278],[-4.0692223,36.7475695],[-4.0702847,36.7474983],[-4.070317,36.7477988],[-4.0707881,36.7480602],[-4.0708253,36.7484066],[-4.0716677,36.7486507],[-4.0722701,36.7486302],[-4.0726483,36.7485033],[-4.0725432,36.7476512],[-4.0726741,36.747601],[-4.072798,36.7476872],[-4.0727363,36.7479033],[-4.0727967,36.7481779],[-4.073375,36.7483867],[-4.0740835,36.7484442],[-4.0747976,36.7483488],[-4.0770731,36.7476892],[-4.0806397,36.7462805],[-4.0845458,36.7440956],[-4.0883484,36.7413032],[-4.0886865,36.740911],[-4.0885302,36.7407726],[-4.0888646,36.7407559],[-4.0891095,36.740615],[-4.0914229,36.738532],[-4.0975447,36.7323203],[-4.0990583,36.7306365],[-4.1001868,36.7296933],[-4.10096,36.7292041],[-4.10128,36.7288864],[-4.1011484,36.7285804],[-4.1012918,36.7284165],[-4.1016355,36.7281876],[-4.1021265,36.7280297],[-4.1026157,36.7281431],[-4.1035974,36.7280093],[-4.1049117,36.7277277],[-4.1058532,36.7273064],[-4.1064861,36.7281555],[-4.1079882,36.7298076],[-4.1086834,36.7310457],[-4.1099127,36.7327032],[-4.110688,36.7339877],[-4.1110619,36.7338539],[-4.1106306,36.7333245],[-4.1088384,36.7304977],[-4.1086265,36.7296047],[-4.1079109,36.7282453],[-4.1072895,36.7267808],[-4.1076443,36.7265795],[-4.10761,36.726498],[-4.1067451,36.7267121],[-4.1099525,36.7258676],[-4.1116595,36.7252167],[-4.1122389,36.7248207],[-4.1128524,36.7246376],[-4.1153162,36.7243878],[-4.1170227,36.7244294],[-4.1192887,36.7240989],[-4.1219388,36.7238649],[-4.1239959,36.7238722],[-4.127248,36.7235322],[-4.1300213,36.7234993],[-4.132717,36.7230533],[-4.1341218,36.7229692],[-4.1373922,36.7223696],[-4.1384915,36.7222636],[-4.140749,36.72227],[-4.1457813,36.7212691],[-4.146729,36.7209072],[-4.148092,36.7207747],[-4.1508029,36.7202883],[-4.1536604,36.7203957],[-4.1544207,36.7202593],[-4.1553263,36.7202399],[-4.1558384,36.7203123],[-4.1564694,36.7201614],[-4.1596712,36.7200648],[-4.1608863,36.7198003],[-4.1644295,36.7192891],[-4.1675506,36.7184845],[-4.1681202,36.7181754],[-4.1693004,36.7180249],[-4.1703134,36.7177477],[-4.1708153,36.7171479],[-4.1726648,36.7162374],[-4.1778781,36.7150105],[-4.1801901,36.7149804],[-4.1814742,36.7148601],[-4.1836023,36.7148985],[-4.1859086,36.7145804],[-4.1869535,36.7145531],[-4.1890218,36.7149444],[-4.1905153,36.7149928],[-4.1916998,36.7152236],[-4.1932339,36.7152732],[-4.1949895,36.7150573],[-4.1959261,36.7150382],[-4.1969208,36.7148809],[-4.1987935,36.7147939],[-4.2002811,36.7145634],[-4.2008641,36.7145555],[-4.2016146,36.7146687],[-4.2025605,36.714624],[-4.2044261,36.7143747],[-4.2049766,36.7144445],[-4.2068651,36.7143349],[-4.2091424,36.7140904],[-4.2124978,36.7139775],[-4.2132886,36.7140255],[-4.214286,36.7138218],[-4.2171269,36.7139746],[-4.2215434,36.7133016],[-4.2269549,36.7130576],[-4.2270844,36.7131408],[-4.2292905,36.712882],[-4.2294774,36.7129453],[-4.2310606,36.7128685],[-4.2310545,36.7128008],[-4.2326861,36.7127649],[-4.2343156,36.7125953],[-4.2344536,36.7125069],[-4.2355868,36.7124131],[-4.2374669,36.7120256],[-4.2382068,36.7120209],[-4.2396245,36.7116294],[-4.2405902,36.7114551],[-4.2410745,36.7114854],[-4.2439496,36.7109509],[-4.244784,36.7109538],[-4.2468916,36.710738],[-4.2478097,36.7105283],[-4.2480825,36.7103549],[-4.2482203,36.7108461],[-4.2483632,36.7122202],[-4.2483435,36.7137005],[-4.2487043,36.7143582],[-4.2488086,36.7149096],[-4.248741,36.7166995],[-4.2479093,36.7187176],[-4.2468709,36.7207213],[-4.2467064,36.7217041],[-4.2468218,36.7221412],[-4.2476239,36.7233715],[-4.248098,36.7257167],[-4.2482191,36.7260172],[-4.2492052,36.7278536],[-4.249406,36.7279766],[-4.2495625,36.7285587],[-4.2492584,36.7287504],[-4.2490605,36.7287362],[-4.2487239,36.7285138],[-4.2476286,36.728528],[-4.2474189,36.7287646],[-4.2473185,36.7292024],[-4.2473392,36.7302341],[-4.2472181,36.7310647],[-4.2467723,36.7317273],[-4.24648,36.7319048],[-4.2458245,36.7319],[-4.2455322,36.7321532],[-4.2453699,36.7326762],[-4.2456031,36.733573],[-4.2458256,36.7335053],[-4.2455246,36.7327701],[-4.245687,36.7322305],[-4.2465661,36.731989],[-4.2474451,36.7314943],[-4.2475695,36.7312682],[-4.2477673,36.7303217],[-4.2475725,36.7292284],[-4.2476787,36.7290178],[-4.2480766,36.7287645],[-4.248659,36.7287812],[-4.2492406,36.7289042],[-4.2496658,36.7288569],[-4.250029,36.7285753],[-4.2500526,36.7282417],[-4.2496422,36.7279127],[-4.2492908,36.7274726],[-4.2483874,36.7259841],[-4.2480567,36.7249073],[-4.2481157,36.7238637],[-4.2479474,36.7231087],[-4.247664,36.7226354],[-4.2470026,36.7220367],[-4.2469258,36.7217148],[-4.2469288,36.7214474],[-4.2471119,36.720922],[-4.2489483,36.7169531],[-4.2489661,36.7148324],[-4.2485852,36.7135023],[-4.2486177,36.7123543],[-4.2484305,36.710295],[-4.249377,36.710132],[-4.249696,36.710129],[-4.250657,36.710376],[-4.251933,36.710362],[-4.254813,36.710846],[-4.259279,36.710798],[-4.2599715,36.7108599],[-4.2649817,36.7114473],[-4.269833,36.712228],[-4.2706755,36.7122743],[-4.2702987,36.7138105],[-4.269835,36.7152476],[-4.2693562,36.7162616],[-4.2691247,36.716457],[-4.2685636,36.7178539],[-4.2688312,36.718897],[-4.2690587,36.7192959],[-4.2701318,36.7199677],[-4.2704524,36.7207231],[-4.270345,36.7219379],[-4.2700704,36.7234353],[-4.2699137,36.7238645],[-4.2698007,36.7249866],[-4.2694447,36.726104],[-4.2694265,36.7269644],[-4.2695897,36.7275779],[-4.2704597,36.7283702],[-4.2710737,36.7292975],[-4.2713345,36.730051],[-4.2709778,36.7326551],[-4.2710866,36.7352435],[-4.2712258,36.7356374],[-4.2715836,36.7362109],[-4.2721372,36.7367886],[-4.2727177,36.7380008],[-4.2725872,36.7383668],[-4.2723201,36.7386538],[-4.2716011,36.7391104],[-4.2714053,36.7393138],[-4.271405,36.73973],[-4.2713117,36.7399605],[-4.2718304,36.7407496],[-4.2720263,36.7411937],[-4.2721687,36.7411295],[-4.2718616,36.7405837],[-4.2716003,36.7397944],[-4.2716185,36.7395224],[-4.2716929,36.7393675],[-4.2725979,36.7386729],[-4.272881,36.7383452],[-4.2728876,36.7375783],[-4.2726958,36.7371341],[-4.2714721,36.7355716],[-4.2713684,36.7351937],[-4.2712954,36.7334865],[-4.2712072,36.7332153],[-4.2714439,36.7314598],[-4.2715145,36.7298299],[-4.2705372,36.7282276],[-4.2699196,36.7276936],[-4.2697159,36.7273963],[-4.2695579,36.7267738],[-4.2696085,36.7261182],[-4.2699853,36.7252217],[-4.2703814,36.7228401],[-4.2706225,36.7207344],[-4.2704971,36.7203304],[-4.2701411,36.7198054],[-4.2693242,36.7192952],[-4.2690593,36.7188902],[-4.2688345,36.7178643],[-4.2689236,36.7175182],[-4.2699423,36.7158316],[-4.2704593,36.7141086],[-4.2705884,36.7132771],[-4.2708645,36.7123102],[-4.2747304,36.713081],[-4.280705,36.713653],[-4.283904,36.714132],[-4.286461,36.714361],[-4.287341,36.7145372],[-4.2927095,36.7140384],[-4.2940798,36.7138018],[-4.2943034,36.7135297],[-4.2943112,36.7132501],[-4.2944351,36.7129775],[-4.2948751,36.7128101],[-4.2957992,36.7127886],[-4.2964296,36.7126677],[-4.2970894,36.7127286],[-4.2971979,36.7128039],[-4.2978915,36.712632],[-4.2980466,36.7126724],[-4.2982022,36.7128445],[-4.2986338,36.7129385],[-4.2986785,36.7130423],[-4.2988475,36.7129669],[-4.2990648,36.7129886],[-4.2991351,36.7130725],[-4.2995899,36.7130418],[-4.3000968,36.7133394],[-4.3003782,36.713317],[-4.3013681,36.71263],[-4.3014974,36.7126292],[-4.3008673,36.7130923],[-4.3013081,36.713325],[-4.3017166,36.7136664],[-4.3027393,36.7138937],[-4.3049585,36.7139829],[-4.3068926,36.7138857],[-4.3089834,36.7132787],[-4.3098185,36.7131216],[-4.311185,36.7131569],[-4.3126948,36.713073],[-4.3143588,36.7127417],[-4.3147666,36.7125297],[-4.3150972,36.7124767],[-4.3151183,36.7132336],[-4.3154445,36.714591],[-4.3157724,36.7151872],[-4.3163736,36.7160041],[-4.3165281,36.7168804],[-4.3164765,36.7171186],[-4.3158402,36.7179781],[-4.3147615,36.7186538],[-4.3140671,36.7194279],[-4.313518,36.721178],[-4.3135665,36.7214731],[-4.3138376,36.7220415],[-4.314629,36.7232542],[-4.3152588,36.7246806],[-4.3153396,36.7258455],[-4.3158434,36.7270544],[-4.3165411,36.7283098],[-4.3177813,36.7299898],[-4.3181624,36.7308233],[-4.318297069220656,36.73134498879286],[-4.3170782,36.7310101],[-4.3167963,36.7310745],[-4.3164645,36.7313215],[-4.3161138,36.7317671]],[[-4.2891727,36.7755282],[-4.2871154,36.7751268],[-4.284243,36.7748964],[-4.2845394,36.7725135],[-4.2834862,36.7725158],[-4.2830308,36.7727551],[-4.2826508,36.7734893],[-4.2823415,36.7737541],[-4.2814712,36.7739798],[-4.2806167,36.7744757],[-4.2782682,36.7754294],[-4.277992,36.7756668],[-4.2780191,36.7759459],[-4.2781226,36.7761071],[-4.27668,36.7769609],[-4.2761784,36.7771195],[-4.2747682,36.7772247],[-4.2744689,36.7774172],[-4.2743277,36.7776892],[-4.2743132,36.7781671],[-4.2744882,36.7785889],[-4.2747397,36.7788837],[-4.2754978,36.7793262],[-4.2760828,36.7794642],[-4.2763674,36.7797316],[-4.2764619,36.780028],[-4.2764086,36.7808669],[-4.2765408,36.7814063],[-4.2765472,36.7817939],[-4.2763733,36.7821202],[-4.2759752,36.78244],[-4.2747542,36.7831472],[-4.2739868,36.7834979],[-4.2734552,36.7838822],[-4.2734367,36.7841168],[-4.2737225,36.7844563],[-4.2740514,36.7846961],[-4.2753061,36.7846647],[-4.277409,36.7857779],[-4.2772302,36.7864829],[-4.2777568,36.7864773],[-4.2788964,36.7862667],[-4.2802835,36.7854405],[-4.2805212,36.7849061],[-4.2808201,36.7846866],[-4.2816152,36.784651],[-4.2818178,36.7840268],[-4.2825855,36.7843701],[-4.2848626,36.7838227],[-4.2852217,36.7838549],[-4.2866416,36.7843263],[-4.2872144,36.7844012],[-4.2872792,36.7842563],[-4.2871918,36.7830494],[-4.287286,36.7826517],[-4.2878575,36.7819785],[-4.2878842,36.7815636],[-4.2876478,36.781503],[-4.2871889,36.781535],[-4.2871705,36.7811025],[-4.2872992,36.7807586],[-4.2877512,36.780312],[-4.2880786,36.7797857],[-4.2880625,36.7794974],[-4.2877614,36.7789147],[-4.2887648,36.7786064],[-4.2918012,36.7779154],[-4.2936721,36.7778861],[-4.2933799,36.7771682],[-4.291482,36.7762513],[-4.2891727,36.7755282]],[[-4.347559,36.8866106],[-4.3475108,36.8866081],[-4.3475622,36.8866533],[-4.347559,36.8866106]],[[-4.3720095,36.8950638],[-4.3719584,36.8948769],[-4.3717515,36.8949003],[-4.3718732,36.895126],[-4.3720095,36.8950638]],[[-4.2791809,36.7145838],[-4.2789857,36.7145746],[-4.279144,36.7146467],[-4.2791809,36.7145838]],[[-4.2544676,36.7182547],[-4.2546071,36.7182557],[-4.2546138,36.7181149],[-4.254473,36.7181214],[-4.2544676,36.7182547]],[[-4.243128,36.7179793],[-4.24298,36.7179701],[-4.2426823,36.7183427],[-4.2426727,36.7187292],[-4.2427572,36.7188724],[-4.2430012,36.718954],[-4.2430703,36.7190541],[-4.2432298,36.7190326],[-4.2431894,36.7186199],[-4.2433085,36.7181656],[-4.243128,36.7179793]],[[-4.2384847,36.7186369],[-4.238537,36.7187626],[-4.2387971,36.7187509],[-4.2388007,36.7185723],[-4.238584,36.7185309],[-4.2384847,36.7186369]],[[-4.2380186,36.718708],[-4.2380709,36.7188337],[-4.238331,36.718822],[-4.2383346,36.7186434],[-4.2381179,36.718602],[-4.2380186,36.718708]],[[-4.2385978,36.7193956],[-4.2387859,36.719426],[-4.238717,36.718935],[-4.2385141,36.7189209],[-4.2385978,36.7193956]],[[-4.2382639,36.7189891],[-4.2383587,36.7194174],[-4.2385116,36.7194853],[-4.2385933,36.7194024],[-4.2384859,36.7189671],[-4.2383187,36.7189263],[-4.2382639,36.7189891]],[[-4.2472377,36.7192015],[-4.2469185,36.7192359],[-4.2468675,36.7193262],[-4.2472243,36.7195304],[-4.2473182,36.719352],[-4.2472377,36.7192015]],[[-4.2433055,36.7196284],[-4.2434614,36.7198489],[-4.2436679,36.7198612],[-4.2437331,36.7197855],[-4.2437005,36.7196814],[-4.2434198,36.719535],[-4.2433214,36.7191633],[-4.2431263,36.7191848],[-4.2430828,36.7193659],[-4.2427537,36.7194477],[-4.2433055,36.7196284]],[[-4.2456263,36.7216543],[-4.2456297,36.7216634],[-4.2457719,36.7217112],[-4.2456263,36.7216543]],[[-4.2580082,36.7221296],[-4.258035,36.7222166],[-4.2580645,36.722122],[-4.2580082,36.7221296]],[[-4.2291017,36.7255416],[-4.2294048,36.7254706],[-4.2291151,36.7251353],[-4.228863,36.7254255],[-4.2291017,36.7255416]],[[-4.2435563,36.7269388],[-4.2437626,36.7266518],[-4.2441207,36.7266341],[-4.244146,36.7264563],[-4.2434964,36.7262302],[-4.2433189,36.7266696],[-4.2434172,36.7269547],[-4.2435487,36.7269482],[-4.2438346,36.7271663],[-4.2439816,36.7273919],[-4.2440866,36.7273615],[-4.2439478,36.727101],[-4.2438424,36.727147],[-4.2435563,36.7269388]],[[-4.2504865,36.7275265],[-4.2506221,36.7274043],[-4.250588,36.7273217],[-4.2503881,36.7272887],[-4.2503129,36.7274407],[-4.2504865,36.7275265]],[[-4.2354519,36.72773],[-4.2354747,36.7276398],[-4.2353393,36.7275065],[-4.2351623,36.7276516],[-4.2351904,36.7277515],[-4.2354519,36.72773]],[[-4.2377869,36.7276227],[-4.2382127,36.7281743],[-4.2383439,36.728206],[-4.2384479,36.7281366],[-4.2384231,36.7278311],[-4.2385222,36.7275057],[-4.2384652,36.7271069],[-4.2378364,36.7271346],[-4.2377869,36.7276227]],[[-4.2517135,36.7276565],[-4.25111,36.7276565],[-4.2513111,36.7287206],[-4.2519173,36.7288496],[-4.2517135,36.7276565]],[[-4.2510322,36.7281166],[-4.2508579,36.7281359],[-4.2509464,36.7284455],[-4.2510992,36.728424],[-4.2510322,36.7281166]],[[-4.2543686,36.7280571],[-4.2546771,36.7287902],[-4.2548219,36.7287644],[-4.2546127,36.728027],[-4.2543686,36.7280571]],[[-4.2916322,36.7330876],[-4.2915598,36.7331999],[-4.2916262,36.7332332],[-4.2917026,36.733122],[-4.2916322,36.7330876]],[[-4.2853251,36.7336462],[-4.2851832,36.7336161],[-4.2851485,36.7337198],[-4.2852834,36.7337532],[-4.2853251,36.7336462]],[[-4.3011103,36.7356539],[-4.3011415,36.7357777],[-4.3010525,36.7359941],[-4.3012445,36.735919],[-4.3015629,36.7355638],[-4.3014599,36.7354625],[-4.3011103,36.7356539]],[[-4.2692965,36.7366859],[-4.2692925,36.736788],[-4.2693824,36.7367901],[-4.2693864,36.736688],[-4.2692965,36.7366859]],[[-4.2311847,36.7381232],[-4.2305439,36.7382385],[-4.2305057,36.7383069],[-4.2306339,36.7385718],[-4.2308834,36.7385538],[-4.2312095,36.7382817],[-4.2311847,36.7381232]],[[-4.243076,36.7395918],[-4.2431975,36.7396252],[-4.2432852,36.7394201],[-4.2431637,36.7393867],[-4.243076,36.7395918]],[[-4.2741795,36.7407849],[-4.2745925,36.7405399],[-4.2741071,36.7399531],[-4.2738925,36.7398649],[-4.2735921,36.740067],[-4.2741795,36.7407849]],[[-4.2465645,36.7403238],[-4.2464597,36.7402164],[-4.2461684,36.7404315],[-4.2462699,36.740509],[-4.2465645,36.7403238]],[[-4.3127859,36.7429673],[-4.3127281,36.7430092],[-4.312815,36.7430862],[-4.3128728,36.7430444],[-4.3127859,36.7429673]],[[-4.2531694,36.7449118],[-4.2530974,36.7448797],[-4.2531195,36.7449644],[-4.2531694,36.7449118]],[[-4.2495681,36.7450073],[-4.249781,36.7451424],[-4.2504997,36.7453272],[-4.2505795,36.7451921],[-4.2505085,36.7450073],[-4.2501714,36.7448366],[-4.2497278,36.7448011],[-4.2495681,36.7450073]],[[-4.240577,36.7464069],[-4.2411268,36.7463954],[-4.241443,36.7458138],[-4.2411663,36.7455576],[-4.241037,36.7455864],[-4.2408465,36.7457591],[-4.2407962,36.7460384],[-4.240577,36.7464069]],[[-4.2576312,36.7456466],[-4.2573485,36.7464075],[-4.2574458,36.746415],[-4.2577059,36.7460602],[-4.2577872,36.7456723],[-4.2576312,36.7456466]],[[-4.2718724,36.7465734],[-4.2719614,36.7467321],[-4.2722527,36.7466344],[-4.2722211,36.7464734],[-4.2718724,36.7465734]],[[-4.271976,36.7468856],[-4.2719962,36.7469963],[-4.2720287,36.7468794],[-4.271976,36.7468856]],[[-4.2470578,36.7480946],[-4.2471665,36.7480348],[-4.2470422,36.7479332],[-4.2469655,36.7480192],[-4.2470578,36.7480946]],[[-4.2506289,36.7487655],[-4.2511288,36.7488294],[-4.2511229,36.7486114],[-4.2505875,36.7485806],[-4.2506289,36.7487655]],[[-4.2547691,36.7489219],[-4.2549884,36.7487145],[-4.254812,36.7486519],[-4.2546271,36.7488135],[-4.2547691,36.7489219]],[[-4.244304,36.7497187],[-4.2447376,36.7499995],[-4.2448861,36.7499709],[-4.2452365,36.7496283],[-4.2452543,36.7495045],[-4.2451118,36.7493332],[-4.2444406,36.7493427],[-4.244304,36.7497187]],[[-4.2411697,36.7500141],[-4.2411082,36.7500093],[-4.2411672,36.7500346],[-4.2411697,36.7500141]],[[-4.2754684,36.7508684],[-4.2759366,36.7510155],[-4.2760078,36.7508456],[-4.2756093,36.7507418],[-4.2755111,36.7507475],[-4.2754684,36.7508684]],[[-4.2749061,36.7510305],[-4.2752492,36.7510019],[-4.275074,36.750751],[-4.2749385,36.7508336],[-4.2749061,36.7510305]],[[-4.2448961,36.7515551],[-4.2447299,36.7516357],[-4.2450329,36.7518431],[-4.2451805,36.7517238],[-4.2448961,36.7515551]],[[-4.2597824,36.7520731],[-4.2598307,36.7521398],[-4.2598246,36.7520535],[-4.2597824,36.7520731]],[[-4.2619114,36.752195],[-4.2620375,36.7521756],[-4.261902,36.7521556],[-4.2619114,36.752195]],[[-4.2454212,36.7526006],[-4.2454038,36.7526382],[-4.2454749,36.7526146],[-4.2454212,36.7526006]],[[-4.2621588,36.7530198],[-4.2622688,36.7530348],[-4.2621676,36.7529787],[-4.2621588,36.7530198]],[[-4.2576577,36.7531624],[-4.2576146,36.7531993],[-4.2577038,36.7531969],[-4.2576577,36.7531624]],[[-4.2986932,36.7538879],[-4.2986302,36.7538589],[-4.2986503,36.753918],[-4.2986932,36.7538879]],[[-4.2853551,36.754363],[-4.2853012,36.754333],[-4.2853176,36.7544062],[-4.2853551,36.754363]],[[-4.2365533,36.755381],[-4.2358474,36.755266],[-4.2356919,36.7555248],[-4.2358474,36.7558555],[-4.2361286,36.7559082],[-4.236679,36.7556159],[-4.2367089,36.7555104],[-4.2365533,36.755381]],[[-4.2739824,36.7567606],[-4.2737839,36.7566236],[-4.2736753,36.756709],[-4.2737122,36.7567789],[-4.2739824,36.7567606]],[[-4.3039511,36.7570353],[-4.3039955,36.7570288],[-4.3039311,36.7569548],[-4.3039511,36.7570353]],[[-4.2737559,36.7586029],[-4.2736289,36.7586327],[-4.2736728,36.7586685],[-4.2737559,36.7586029]],[[-4.2483241,36.7589466],[-4.2485442,36.7587988],[-4.248246,36.7584405],[-4.2479266,36.7587362],[-4.2483241,36.7589466]],[[-4.2238766,36.7593808],[-4.2235432,36.7593277],[-4.2233704,36.7594242],[-4.2232848,36.7596521],[-4.2234472,36.7597514],[-4.2237859,36.759578],[-4.2238766,36.7593808]],[[-4.2748295,36.7596215],[-4.2747886,36.7597021],[-4.2749448,36.7597531],[-4.2749777,36.7596929],[-4.2748295,36.7596215]],[[-4.2285393,36.7624944],[-4.2283931,36.762307],[-4.2279172,36.7625114],[-4.2279252,36.7626307],[-4.2281645,36.7629076],[-4.2283878,36.7629012],[-4.2285952,36.7627734],[-4.2285393,36.7624944]],[[-4.229402,36.7648968],[-4.2290923,36.764768],[-4.2290378,36.7648489],[-4.2293223,36.7650001],[-4.229402,36.7648968]],[[-4.239022,36.7656319],[-4.2390568,36.7655729],[-4.2389324,36.7655811],[-4.239022,36.7656319]],[[-4.2335926,36.7736773],[-4.2332444,36.7736904],[-4.23345,36.7739189],[-4.2335926,36.7736773]],[[-4.2225947,36.7782595],[-4.2226694,36.7783338],[-4.2229781,36.7781884],[-4.2229397,36.778017],[-4.2227279,36.7778894],[-4.2225947,36.7782595]],[[-4.234939,36.7783485],[-4.2348901,36.7783317],[-4.234908,36.7784066],[-4.234939,36.7783485]],[[-4.2870905,36.7887455],[-4.2873514,36.788629],[-4.2868537,36.7883121],[-4.286733,36.7887306],[-4.2870905,36.7887455]],[[-4.2400054,36.7918397],[-4.2399612,36.7918741],[-4.2400336,36.7918612],[-4.2400054,36.7918397]],[[-4.2246713,36.7966665],[-4.2250178,36.7967616],[-4.225426,36.7965639],[-4.2250035,36.7962066],[-4.2246713,36.7964461],[-4.2246713,36.7966665]],[[-4.2239973,36.7970086],[-4.2238881,36.7972671],[-4.2244292,36.7972785],[-4.2239973,36.7970086]],[[-4.223336,36.8049755],[-4.2232622,36.804924],[-4.2232522,36.8050169],[-4.223336,36.8049755]],[[-4.2429485,36.8059036],[-4.2429753,36.8058392],[-4.242632,36.8057576],[-4.2426266,36.8059079],[-4.2429485,36.8059036]],[[-4.24573,36.8086708],[-4.2454498,36.8085793],[-4.2453539,36.8086796],[-4.245542,36.8088125],[-4.2457337,36.8087712],[-4.24573,36.8086708]],[[-4.2428106,36.8091675],[-4.2425857,36.8094088],[-4.2428936,36.809507],[-4.2428106,36.8091675]],[[-4.2438735,36.8093092],[-4.2437186,36.8093284],[-4.2438624,36.809504],[-4.2439998,36.8094649],[-4.2438735,36.8093092]],[[-4.2408425,36.8096809],[-4.2405065,36.8098181],[-4.2406291,36.8099889],[-4.2409198,36.8097576],[-4.2408425,36.8096809]],[[-4.236242,36.811501],[-4.2362471,36.8113705],[-4.2358976,36.811501],[-4.2360354,36.811575],[-4.236242,36.811501]],[[-4.237104,36.8118628],[-4.237193,36.8116624],[-4.2369024,36.8116167],[-4.236857,36.8116987],[-4.237104,36.8118628]],[[-4.2229318,36.815571],[-4.2230676,36.8154753],[-4.2224699,36.8153774],[-4.2224427,36.8154492],[-4.2225786,36.8155536],[-4.2229318,36.815571]],[[-4.2250049,36.8154339],[-4.2251326,36.815658],[-4.2252141,36.8156493],[-4.2252467,36.8155405],[-4.2250049,36.8154339]],[[-4.2235092,36.8157776],[-4.2233882,36.8159299],[-4.2234976,36.8159478],[-4.2236097,36.8157863],[-4.2235092,36.8157776]],[[-4.2258145,36.8193491],[-4.2257575,36.8194753],[-4.2259993,36.8194231],[-4.2260074,36.8193383],[-4.2258145,36.8193491]],[[-4.2510419,36.8208877],[-4.2509839,36.820883],[-4.2510361,36.8209341],[-4.2510419,36.8208877]],[[-4.2428528,36.8210126],[-4.2427833,36.8210135],[-4.2427723,36.8210684],[-4.242838,36.8210866],[-4.2428528,36.8210126]],[[-4.2424098,36.8287966],[-4.2423101,36.8288211],[-4.2424367,36.8291958],[-4.2427397,36.8290269],[-4.2424098,36.8287966]],[[-4.2377665,36.83591],[-4.2377234,36.8360164],[-4.2378957,36.836048],[-4.2379388,36.8359474],[-4.2377665,36.83591]],[[-4.223063,36.8361963],[-4.2232588,36.8361148],[-4.2232749,36.8360353],[-4.2231247,36.8358743],[-4.2221242,36.8358099],[-4.2219365,36.8359538],[-4.222092,36.8361341],[-4.223063,36.8361963]],[[-4.2726925,36.8384611],[-4.2726887,36.838415],[-4.2726153,36.8384544],[-4.2726925,36.8384611]],[[-4.2240844,36.8454367],[-4.2241871,36.8455069],[-4.2244567,36.8453733],[-4.2241785,36.8452003],[-4.2240737,36.845298],[-4.2240844,36.8454367]],[[-4.2224901,36.8481988],[-4.2222333,36.8482468],[-4.2220108,36.8488016],[-4.2221948,36.8488872],[-4.2227469,36.8488119],[-4.2226956,36.8483666],[-4.2224901,36.8481988]],[[-4.2856358,36.8513907],[-4.2857733,36.851078],[-4.2854549,36.8510548],[-4.2854079,36.8512691],[-4.2856358,36.8513907]],[[-4.2752464,36.8589153],[-4.2746713,36.8595439],[-4.2745399,36.8599651],[-4.2743293,36.8602185],[-4.2742235,36.8607165],[-4.274025,36.8608281],[-4.2737138,36.8608066],[-4.2715557,36.8600423],[-4.271213,36.8613979],[-4.272212,36.8613863],[-4.2729392,36.8617337],[-4.2736065,36.8617809],[-4.2744166,36.8616049],[-4.2748886,36.8611671],[-4.2752481,36.8604375],[-4.2753981,36.859853],[-4.2756558,36.8592958],[-4.2754389,36.859023],[-4.2752464,36.8589153]],[[-4.2562628,36.8620653],[-4.2562032,36.8623453],[-4.2564315,36.8626081],[-4.2565311,36.8629449],[-4.2564568,36.8631986],[-4.2565273,36.8633178],[-4.2565127,36.8635601],[-4.2565922,36.8635527],[-4.2565931,36.8631289],[-4.2567171,36.8629275],[-4.2565922,36.8625452],[-4.2563923,36.8624461],[-4.2564284,36.8621098],[-4.2562628,36.8620653]],[[-4.2501972,36.8628385],[-4.2501202,36.8628949],[-4.2501995,36.8629022],[-4.2501972,36.8628385]],[[-4.2565587,36.8644231],[-4.256543,36.8642048],[-4.2567594,36.8638987],[-4.2578031,36.8637191],[-4.2578024,36.8636231],[-4.2567209,36.8637322],[-4.2565123,36.8636205],[-4.2565446,36.8637556],[-4.2562717,36.8638936],[-4.2560632,36.8644104],[-4.2570856,36.8650289],[-4.2581801,36.8653375],[-4.2582758,36.8654115],[-4.2583521,36.8656655],[-4.2582436,36.8661161],[-4.2580864,36.8661741],[-4.2576787,36.8661151],[-4.2574484,36.8664479],[-4.257454,36.8665875],[-4.2579807,36.8670698],[-4.258042,36.8672434],[-4.2578996,36.8675116],[-4.2572311,36.8677782],[-4.2562163,36.8680166],[-4.2561023,36.8681937],[-4.2563106,36.8684918],[-4.2572486,36.8688092],[-4.2575357,36.8690143],[-4.2576585,36.8691809],[-4.2575551,36.8693861],[-4.2571601,36.8694198],[-4.2564952,36.8696808],[-4.2562255,36.8698363],[-4.2560875,36.8701374],[-4.2549148,36.8707799],[-4.2539058,36.8708212],[-4.2536092,36.8707085],[-4.2532268,36.8695018],[-4.2528761,36.8687233],[-4.2525736,36.8684883],[-4.2524781,36.8685941],[-4.2527447,36.8689428],[-4.2528979,36.8693524],[-4.2532554,36.8709195],[-4.2535115,36.870971],[-4.2536828,36.8711099],[-4.2541305,36.8712023],[-4.2553396,36.8710237],[-4.2556377,36.8709431],[-4.2562689,36.8705012],[-4.2578557,36.8700979],[-4.2581363,36.8701435],[-4.2583556,36.8702809],[-4.2584519,36.8705047],[-4.2583379,36.8707116],[-4.2573619,36.8711982],[-4.2570711,36.8715988],[-4.2569396,36.8720337],[-4.2572793,36.8727806],[-4.2566656,36.8732487],[-4.2563062,36.873417],[-4.255767,36.8735047],[-4.2555128,36.8737852],[-4.2553813,36.8740447],[-4.2554207,36.8741745],[-4.2556092,36.8744655],[-4.255762,36.8744914],[-4.2558591,36.874462],[-4.2557056,36.8743393],[-4.2556223,36.8741394],[-4.2556596,36.8738019],[-4.2560936,36.8736134],[-4.2567905,36.8734994],[-4.2570645,36.8733574],[-4.2574393,36.8729366],[-4.2573558,36.8723161],[-4.2572136,36.8720845],[-4.2571851,36.8718355],[-4.2572442,36.8715427],[-4.2573692,36.8713621],[-4.258465,36.8709203],[-4.2586382,36.8707327],[-4.2586755,36.8705065],[-4.2584672,36.8699331],[-4.2581757,36.869635],[-4.2580968,36.8691844],[-4.2578645,36.8689442],[-4.256738,36.8684281],[-4.2566744,36.8681727],[-4.2566919,36.8680745],[-4.2568322,36.8679886],[-4.2576782,36.867815],[-4.2582941,36.8673766],[-4.2584146,36.8670242],[-4.2576716,36.8666244],[-4.2578009,36.8663105],[-4.2583969,36.8661302],[-4.2585412,36.8657275],[-4.2584769,36.8655243],[-4.2583526,36.8653238],[-4.2571702,36.8649073],[-4.2567375,36.8646414],[-4.2565587,36.8644231]],[[-4.2376217,36.8648702],[-4.2376338,36.8649089],[-4.2376694,36.8648599],[-4.2376217,36.8648702]],[[-4.2314507,36.8651757],[-4.2314132,36.8651444],[-4.2314187,36.8652107],[-4.2314507,36.8651757]],[[-4.2606669,36.8658401],[-4.2607311,36.8658092],[-4.2606283,36.8657887],[-4.2606669,36.8658401]],[[-4.2474765,36.8691944],[-4.2475407,36.8691635],[-4.2474379,36.869143],[-4.2474765,36.8691944]],[[-4.2555122,36.8697431],[-4.2553945,36.8695856],[-4.2552362,36.8695343],[-4.2551313,36.86975],[-4.255433,36.8698202],[-4.2555122,36.8697431]],[[-4.2363183,36.8713472],[-4.236105,36.8710001],[-4.2359839,36.8705816],[-4.2358369,36.8705055],[-4.2355415,36.8707845],[-4.2355919,36.8711742],[-4.2359306,36.8715928],[-4.2363183,36.8713472]],[[-4.2638004,36.8711158],[-4.2638646,36.8710849],[-4.2637618,36.8710644],[-4.2638004,36.8711158]],[[-4.2760527,36.8782904],[-4.276439,36.8779857],[-4.275822,36.8776768],[-4.2751944,36.8760504],[-4.2747868,36.8757521],[-4.2745858,36.8759724],[-4.2745603,36.875688],[-4.2741188,36.8768154],[-4.2745465,36.8768987],[-4.2748321,36.8770799],[-4.2752159,36.8777626],[-4.2760527,36.8782904]],[[-4.2438823,36.8793975],[-4.2439601,36.8793009],[-4.2437992,36.8792087],[-4.243708,36.8793202],[-4.2438823,36.8793975]],[[-4.263969,36.88368],[-4.263691,36.8837602],[-4.2637653,36.8838869],[-4.2640758,36.8838507],[-4.263969,36.88368]],[[-4.261919,36.8859068],[-4.2619772,36.8861758],[-4.2620936,36.8861913],[-4.2627144,36.8858965],[-4.262611,36.8855499],[-4.262016,36.8856999],[-4.261919,36.8859068]],[[-4.2716344,36.8872655],[-4.271538,36.8872269],[-4.271309,36.8874969],[-4.2714777,36.8877861],[-4.2715923,36.8877572],[-4.2717188,36.8875547],[-4.2716344,36.8872655]],[[-4.2690187,36.8881476],[-4.269091,36.8878825],[-4.2687294,36.8878439],[-4.2687053,36.8880994],[-4.2690187,36.8881476]],[[-4.3371867,36.8944344],[-4.3370104,36.8944994],[-4.3375392,36.8951987],[-4.3376324,36.8951459],[-4.3373578,36.8948342],[-4.3371867,36.8944344]],[[-4.3052498,36.898441],[-4.3053152,36.8985039],[-4.3053939,36.8984515],[-4.3053284,36.8983886],[-4.3052498,36.898441]],[[-4.2609532,36.9019998],[-4.2611462,36.902159],[-4.2616595,36.9017896],[-4.2618811,36.9014301],[-4.2615286,36.9012012],[-4.2613377,36.9012384],[-4.2609532,36.9019998]],[[-4.330662,36.9049664],[-4.3305124,36.9049402],[-4.3305078,36.905031],[-4.3306188,36.9050504],[-4.330662,36.9049664]],[[-4.2763096,36.9053309],[-4.2762205,36.9053728],[-4.2762687,36.9054214],[-4.27634,36.9053879],[-4.2763096,36.9053309]],[[-4.288505,36.9080707],[-4.2884825,36.9081185],[-4.2885609,36.9080952],[-4.288505,36.9080707]],[[-4.2950088,36.9113598],[-4.2950002,36.9113988],[-4.2950539,36.9113647],[-4.2950088,36.9113598]],[[-4.2829661,36.9176604],[-4.2826697,36.9175435],[-4.2825356,36.9176486],[-4.2829044,36.9177665],[-4.2829661,36.9176604]],[[-4.2332631,36.920508],[-4.2337143,36.9204044],[-4.2333926,36.9201105],[-4.2332297,36.9200704],[-4.2331377,36.920174],[-4.2331503,36.920371],[-4.2332631,36.920508]],[[-4.2318911,36.9213075],[-4.2319614,36.9211416],[-4.2314892,36.9211072],[-4.2315106,36.9212455],[-4.2317372,36.921357],[-4.2318911,36.9213075]],[[-4.3461246,36.9268643],[-4.3461577,36.9269268],[-4.3462505,36.9268954],[-4.3462174,36.9268329],[-4.3461246,36.9268643]],[[-4.2225016,36.9357458],[-4.2225199,36.93586],[-4.2227144,36.9358989],[-4.2231915,36.9358794],[-4.223146,36.9357045],[-4.2225016,36.9357458]],[[-4.2306935,36.9368081],[-4.2307873,36.936632],[-4.230563,36.9365049],[-4.2304406,36.9367298],[-4.2306935,36.9368081]],[[-4.3146729,36.9467092],[-4.3141354,36.9467326],[-4.3141427,36.9471857],[-4.3146876,36.9471954],[-4.3147633,36.9471251],[-4.3147413,36.9467873],[-4.3146729,36.9467092]],[[-4.2870678,36.9726728],[-4.2867639,36.9723879],[-4.2862843,36.9725103],[-4.2868644,36.9730941],[-4.2870678,36.9726728]],[[-4.2483009,36.973343],[-4.2480649,36.9732787],[-4.2479858,36.9733387],[-4.2480139,36.9734598],[-4.2483009,36.973343]],[[-4.2737729,36.9765205],[-4.2736965,36.9766287],[-4.2738454,36.9767027],[-4.2739205,36.9765837],[-4.2737729,36.9765205]],[[-4.273959,36.9767244],[-4.2739415,36.9768273],[-4.2740944,36.9769184],[-4.2742299,36.976838],[-4.2741051,36.9767009],[-4.273959,36.9767244]],[[-4.2336792,36.982387],[-4.2338992,36.9823634],[-4.2339448,36.9822863],[-4.2336417,36.9818235],[-4.2334378,36.9818342],[-4.2334378,36.9821213],[-4.2336792,36.982387]],[[-4.2245127,36.984265],[-4.2244162,36.9842168],[-4.2244135,36.9845007],[-4.2245758,36.9844771],[-4.2245127,36.984265]],[[-4.2336363,36.9852088],[-4.2333949,36.9851188],[-4.2330945,36.9851895],[-4.2324427,36.9857358],[-4.2323998,36.9860851],[-4.2329738,36.9862522],[-4.233478,36.9862308],[-4.2336872,36.9860036],[-4.2337489,36.9854423],[-4.2336363,36.9852088]],[[-4.2273733,36.9893523],[-4.2272982,36.9894251],[-4.2273223,36.989603],[-4.2275664,36.9897079],[-4.2277971,36.9896522],[-4.2278373,36.9895151],[-4.227722,36.9893802],[-4.2273733,36.9893523]],[[-4.2566636,36.9910738],[-4.2564222,36.9912601],[-4.2565067,36.9913512],[-4.2567763,36.9911723],[-4.2566636,36.9910738]],[[-4.2447433,36.9918996],[-4.2447299,36.991966],[-4.2450464,36.9919553],[-4.2450061,36.991891],[-4.2447433,36.9918996]],[[-4.2442256,36.9922316],[-4.244585,36.9921117],[-4.2444456,36.9918846],[-4.2440835,36.9919253],[-4.2442256,36.9922316]],[[-4.2703902,36.9935911],[-4.2703749,36.9935436],[-4.2703207,36.9936094],[-4.2703902,36.9935911]],[[-4.2684387,36.9976866],[-4.2688195,36.9979841],[-4.2690581,36.9977959],[-4.2687154,36.9974926],[-4.2684387,36.9976866]],[[-4.2783412,36.9976047],[-4.278102,36.997553],[-4.2778257,36.9980885],[-4.277984,36.9981764],[-4.2780971,36.9981295],[-4.278368,36.9976947],[-4.2783412,36.9976047]],[[-4.2654185,36.9987811],[-4.265735,36.9987157],[-4.2654148,36.9978535],[-4.2653106,36.9978119],[-4.265251,36.9978951],[-4.2654185,36.9987811]],[[-4.2672538,36.9984511],[-4.2670416,36.9982489],[-4.2666172,36.99846],[-4.2666954,36.9986979],[-4.2672538,36.9984511]],[[-4.2674902,37.0020292],[-4.2671998,37.0021779],[-4.2673153,37.0022299],[-4.2675572,37.0020946],[-4.2674902,37.0020292]],[[-4.2351168,37.0071219],[-4.23489,37.0073317],[-4.235181,37.007484],[-4.2353385,37.0072362],[-4.2351168,37.0071219]],[[-4.2547593,37.0079841],[-4.2550778,37.0078005],[-4.2549317,37.0076473],[-4.2546333,37.0077175],[-4.2547593,37.0079841]],[[-4.2280412,37.0146778],[-4.2281377,37.0146928],[-4.2286286,37.0144208],[-4.2283952,37.0139539],[-4.2278051,37.0142173],[-4.2280412,37.0146778]],[[-4.2159226,36.7209059],[-4.2158033,36.7208801],[-4.2158293,36.7209345],[-4.2159226,36.7209059]],[[-4.2104593,36.7216308],[-4.210352,36.72162],[-4.2103332,36.7217146],[-4.2104512,36.7217232],[-4.2104593,36.7216308]],[[-4.21811,36.7233339],[-4.2181476,36.7231469],[-4.218043,36.7230609],[-4.2172383,36.7230115],[-4.2172947,36.7232651],[-4.21741,36.7233468],[-4.2178204,36.7233941],[-4.21811,36.7233339]],[[-4.2188477,36.7234952],[-4.2185848,36.7235575],[-4.2186331,36.7236876],[-4.2189013,36.723622],[-4.2188477,36.7234952]],[[-4.2163438,36.7246969],[-4.2162633,36.7243992],[-4.215861,36.7244605],[-4.2160863,36.7248034],[-4.2163438,36.7246969]],[[-4.2040102,36.7253098],[-4.204198,36.7254796],[-4.2044394,36.7254173],[-4.2043616,36.7249422],[-4.2038654,36.7250024],[-4.2040102,36.7253098]],[[-4.2012589,36.7405979],[-4.201213,36.7405616],[-4.201188,36.7406383],[-4.2012589,36.7405979]],[[-4.2178245,36.7406387],[-4.2177709,36.7406709],[-4.2178541,36.7406703],[-4.2178245,36.7406387]],[[-4.2005377,36.7422729],[-4.2012486,36.7424166],[-4.2015708,36.7420466],[-4.2011988,36.7416553],[-4.2010526,36.7416313],[-4.2005177,36.7420306],[-4.2004646,36.7421611],[-4.2005377,36.7422729]],[[-4.2066733,36.7423168],[-4.2063487,36.7425047],[-4.2064314,36.7429418],[-4.2067048,36.7429719],[-4.2070489,36.7428202],[-4.207088,36.7425709],[-4.2068957,36.7423445],[-4.2066733,36.7423168]],[[-4.2111941,36.744049],[-4.2111361,36.743999],[-4.2111411,36.7440765],[-4.2111941,36.744049]],[[-4.2027632,36.7447413],[-4.20246,36.7454435],[-4.202813,36.7456332],[-4.2034941,36.7454801],[-4.2037059,36.7449144],[-4.2027632,36.7447413]],[[-4.2009775,36.7481663],[-4.2010098,36.7482259],[-4.2012394,36.7481352],[-4.2012167,36.7480264],[-4.2009775,36.7481663]],[[-4.1972771,36.7490921],[-4.1971933,36.7490626],[-4.1972154,36.7491045],[-4.1972771,36.7490921]],[[-4.1973254,36.7499169],[-4.197371,36.7499298],[-4.1973569,36.7498755],[-4.1973254,36.7499169]],[[-4.2126077,36.7507846],[-4.2129028,36.7505482],[-4.2127687,36.7504322],[-4.2124495,36.7505181],[-4.2126077,36.7507846]],[[-4.2101831,36.7507545],[-4.2103413,36.7504838],[-4.2101294,36.7505332],[-4.2100248,36.7506471],[-4.2101831,36.7507545]],[[-4.2125343,36.7510062],[-4.2127042,36.7513057],[-4.2128438,36.7512996],[-4.2129307,36.7510274],[-4.2126362,36.7508852],[-4.2125343,36.7510062]],[[-4.2166731,36.7514741],[-4.2161553,36.7515459],[-4.2161653,36.7518252],[-4.21624,36.751901],[-4.2165138,36.7519089],[-4.2168225,36.7516337],[-4.2168225,36.7515459],[-4.2166731,36.7514741]],[[-4.2016964,36.7523972],[-4.2021693,36.7521611],[-4.2021226,36.7519368],[-4.2019954,36.751896],[-4.2015331,36.7520591],[-4.2016964,36.7523972]],[[-4.2068169,36.7522933],[-4.2060792,36.7522052],[-4.2060256,36.7522718],[-4.2062831,36.7524545],[-4.206731,36.7524438],[-4.2068169,36.7522933]],[[-4.2131845,36.7526139],[-4.2132584,36.7523518],[-4.2129703,36.7523581],[-4.2129431,36.7525733],[-4.2131845,36.7526139]],[[-4.2124914,36.7526794],[-4.2123944,36.7526289],[-4.2121905,36.7527793],[-4.2122813,36.7530395],[-4.2124266,36.7530458],[-4.2125768,36.7528911],[-4.2124914,36.7526794]],[[-4.2023834,36.7529884],[-4.2022329,36.7531651],[-4.2024746,36.7533724],[-4.2025509,36.7533282],[-4.2025743,36.7530275],[-4.2023834,36.7529884]],[[-4.210588,36.7530842],[-4.2103627,36.7533679],[-4.2103681,36.7535398],[-4.2108723,36.7534882],[-4.2109743,36.7532561],[-4.210588,36.7530842]],[[-4.1981396,36.7537008],[-4.1982062,36.7537228],[-4.1981671,36.7536474],[-4.1981396,36.7537008]],[[-4.203333,36.7539593],[-4.2033879,36.7541617],[-4.2039772,36.7540444],[-4.2039589,36.7537453],[-4.2033843,36.7538743],[-4.203333,36.7539593]],[[-4.2076154,36.7540115],[-4.2076111,36.7539751],[-4.2075713,36.7540212],[-4.2076154,36.7540115]],[[-4.2101281,36.7549076],[-4.2107826,36.7550795],[-4.2108523,36.7549806],[-4.2107986,36.7548517],[-4.2101281,36.7549076]],[[-4.1978559,36.754955],[-4.1978808,36.7550123],[-4.1980041,36.7549779],[-4.1979792,36.7549206],[-4.1978559,36.754955]],[[-4.1973784,36.7550275],[-4.1973627,36.7549311],[-4.1969912,36.7548263],[-4.1968316,36.7550233],[-4.1968473,36.7551114],[-4.1971744,36.7552329],[-4.1973784,36.7550275]],[[-4.2091329,36.7558682],[-4.2094721,36.7556559],[-4.2093908,36.7554408],[-4.2092849,36.7554238],[-4.2089139,36.7556248],[-4.2091329,36.7558682]],[[-4.1976379,36.755717],[-4.1976192,36.7557739],[-4.1976743,36.7557247],[-4.1976379,36.755717]],[[-4.2074038,36.7559116],[-4.207114,36.7557155],[-4.2065444,36.7557315],[-4.2063346,36.756444],[-4.2072839,36.7563119],[-4.2074038,36.7559116]],[[-4.2038209,36.7561494],[-4.2033595,36.7561134],[-4.2033216,36.7562385],[-4.2036624,36.7566575],[-4.2038966,36.7567049],[-4.2043533,36.7563712],[-4.2042941,36.7560584],[-4.2038209,36.7561494]],[[-4.2012414,36.7565278],[-4.2011599,36.7562418],[-4.2004237,36.756197],[-4.2003248,36.7562808],[-4.2003138,36.7564532],[-4.2004184,36.756587],[-4.2010089,36.7566682],[-4.2012414,36.7565278]],[[-4.1976202,36.7575975],[-4.1975666,36.7572943],[-4.1971447,36.7574213],[-4.1970016,36.7576343],[-4.197178,36.7577634],[-4.1976202,36.7575975]],[[-4.2082933,36.7573754],[-4.2081459,36.7572958],[-4.2074946,36.7572601],[-4.2070181,36.7575732],[-4.2070181,36.7576528],[-4.2078408,36.7580538],[-4.2079745,36.7580373],[-4.2083482,36.7575539],[-4.2082933,36.7573754]],[[-4.2143546,36.7577729],[-4.2144937,36.7578852],[-4.2145297,36.7577815],[-4.2143809,36.7576895],[-4.2143546,36.7577729]],[[-4.1991606,36.7581075],[-4.1990208,36.7579254],[-4.1988434,36.7579074],[-4.1987584,36.7583057],[-4.1991382,36.7583557],[-4.1991606,36.7581075]],[[-4.2109535,36.7587224],[-4.2107836,36.7582621],[-4.2105988,36.758214],[-4.2099093,36.7583782],[-4.2100891,36.7591187],[-4.2109535,36.7587224]],[[-4.205512,36.7586178],[-4.2054704,36.7586953],[-4.2057172,36.7587802],[-4.2057587,36.7587026],[-4.205512,36.7586178]],[[-4.203091,36.7586357],[-4.2031808,36.7589565],[-4.2041026,36.7588791],[-4.204068,36.7586219],[-4.2031428,36.7585582],[-4.203091,36.7586357]],[[-4.2087092,36.7593524],[-4.2091139,36.7594364],[-4.2094687,36.7596286],[-4.2096785,36.7591802],[-4.2088491,36.7591482],[-4.2087092,36.7593524]],[[-4.1977831,36.7598749],[-4.1979709,36.7598985],[-4.1980675,36.7597266],[-4.1980594,36.7595117],[-4.197869,36.759501],[-4.1977831,36.7598749]],[[-4.2044523,36.7600149],[-4.2051358,36.7600204],[-4.2050392,36.7597162],[-4.2046905,36.7596609],[-4.2044212,36.7597577],[-4.2044523,36.7600149]],[[-4.202539,36.7601918],[-4.2025815,36.7601279],[-4.2023953,36.7598565],[-4.2020636,36.7598877],[-4.2019785,36.7602444],[-4.202539,36.7601918]],[[-4.1980008,36.7610692],[-4.1978912,36.761075],[-4.1978964,36.7611388],[-4.198006,36.761133],[-4.1980008,36.7610692]],[[-4.2057727,36.7629535],[-4.2058068,36.7628824],[-4.2056629,36.7629006],[-4.2057727,36.7629535]],[[-4.2079684,36.7635046],[-4.2080073,36.7635043],[-4.2079682,36.7634831],[-4.2079684,36.7635046]],[[-4.1999673,36.7635451],[-4.1996049,36.7637427],[-4.1998028,36.7639301],[-4.199993,36.7638601],[-4.2000676,36.7636563],[-4.1999673,36.7635451]],[[-4.202907,36.7647333],[-4.2029188,36.7648976],[-4.2032483,36.764973],[-4.2031995,36.7647373],[-4.2030331,36.7646269],[-4.202907,36.7647333]],[[-4.22181,36.7651067],[-4.2215302,36.7651067],[-4.2218052,36.7651649],[-4.22181,36.7651067]],[[-4.2220366,36.7652154],[-4.2220608,36.7651533],[-4.2218524,36.7651144],[-4.2218355,36.7651649],[-4.2220366,36.7652154]],[[-4.2051846,36.7652974],[-4.2051644,36.765587],[-4.2056352,36.7655251],[-4.2056385,36.7653244],[-4.2052586,36.7652449],[-4.2051846,36.7652974]],[[-4.2033967,36.7663173],[-4.2033714,36.7660372],[-4.203247,36.7659052],[-4.2031546,36.766021],[-4.2032689,36.7663564],[-4.2033967,36.7663173]],[[-4.2192198,36.7671914],[-4.218954,36.7676684],[-4.2197126,36.7678786],[-4.2201982,36.7675378],[-4.2202071,36.76741],[-4.2194201,36.7671601],[-4.2192198,36.7671914]],[[-4.2105559,36.7674277],[-4.2104539,36.7674492],[-4.2103896,36.7675781],[-4.2105237,36.7678639],[-4.2109582,36.7680852],[-4.211154,36.7680594],[-4.2112184,36.7678574],[-4.2105559,36.7674277]],[[-4.2048824,36.767608],[-4.2047647,36.7677777],[-4.2051783,36.7680686],[-4.2052052,36.7679016],[-4.20499,36.7676376],[-4.2048824,36.767608]],[[-4.2143452,36.7682104],[-4.2142733,36.767546],[-4.2138302,36.7675339],[-4.2137772,36.7677948],[-4.2139665,36.7682043],[-4.2142884,36.768268],[-4.2143452,36.7682104]],[[-4.19747,36.7694207],[-4.1974204,36.7694293],[-4.1974982,36.7695357],[-4.19747,36.7694207]],[[-4.2086983,36.7726852],[-4.2088384,36.7727757],[-4.208953,36.7725678],[-4.208926,36.772402],[-4.2087461,36.772365],[-4.2086983,36.7726852]],[[-4.1989172,36.7736241],[-4.199013,36.773578],[-4.1989555,36.7735013],[-4.1988957,36.7735085],[-4.1989172,36.7736241]],[[-4.2154524,36.7739032],[-4.2155651,36.7739754],[-4.2156403,36.7738746],[-4.2154975,36.7738279],[-4.2154524,36.7739032]],[[-4.1964445,36.7739734],[-4.1966276,36.7740097],[-4.196673,36.7738631],[-4.1964899,36.7738267],[-4.1964445,36.7739734]],[[-4.2126715,36.774779],[-4.2132432,36.7748993],[-4.2134257,36.7748191],[-4.213395,36.7746743],[-4.2128492,36.7744893],[-4.2126715,36.774779]],[[-4.2004157,36.7745615],[-4.2004076,36.7749485],[-4.2006009,36.7748485],[-4.2006935,36.7745293],[-4.2006331,36.7744648],[-4.2004157,36.7745615]],[[-4.2025989,36.7749278],[-4.2025384,36.7748874],[-4.2023199,36.774987],[-4.2025451,36.775084],[-4.2025989,36.7749278]],[[-4.2100222,36.7758687],[-4.2099512,36.776022],[-4.2101179,36.7760961],[-4.2102043,36.7760121],[-4.2100222,36.7758687]],[[-4.2130665,36.7766571],[-4.2129539,36.7764869],[-4.2127476,36.7764793],[-4.2127789,36.7766321],[-4.2129883,36.7767222],[-4.2130665,36.7766571]],[[-4.2209058,36.7769148],[-4.2207726,36.7768211],[-4.2206515,36.7769568],[-4.2208331,36.7769859],[-4.2209058,36.7769148]],[[-4.2206818,36.7782094],[-4.2208675,36.778148],[-4.2207464,36.7778215],[-4.2203913,36.7779088],[-4.2203872,36.7779799],[-4.2206818,36.7782094]],[[-4.2005109,36.7781865],[-4.2004436,36.7783158],[-4.2005008,36.7785959],[-4.2007328,36.7785743],[-4.2008303,36.7784101],[-4.2008068,36.778305],[-4.2006118,36.778165],[-4.2005109,36.7781865]],[[-4.2152053,36.7787102],[-4.2149327,36.7786208],[-4.2146129,36.7786741],[-4.2148662,36.7788443],[-4.2149993,36.7788511],[-4.2152053,36.7787102]],[[-4.2147846,36.7792036],[-4.2149456,36.7791365],[-4.2148726,36.7789715],[-4.2147245,36.7790506],[-4.2147846,36.7792036]],[[-4.2147609,36.7799792],[-4.2145796,36.7801372],[-4.2146178,36.7802111],[-4.2149741,36.7799996],[-4.2147609,36.7799792]],[[-4.2122855,36.7803294],[-4.2119877,36.7804023],[-4.2122254,36.7804406],[-4.2122855,36.7803294]],[[-4.2065642,36.7815876],[-4.2067968,36.7816522],[-4.206842,36.7813755],[-4.2066611,36.7813573],[-4.2065319,36.78151],[-4.2065642,36.7815876]],[[-4.2062594,36.7816579],[-4.206357,36.7815978],[-4.206282,36.7815196],[-4.2062177,36.7815335],[-4.2062594,36.7816579]],[[-4.2027724,36.781729],[-4.203061,36.7817542],[-4.2032552,36.7816155],[-4.2032499,36.7815398],[-4.2028353,36.781565],[-4.2027724,36.781729]],[[-4.2079788,36.7819213],[-4.2080693,36.7821049],[-4.2087087,36.7820661],[-4.2084827,36.7817842],[-4.2080499,36.7818126],[-4.2079788,36.7819213]],[[-4.2068485,36.7820609],[-4.2066644,36.7819238],[-4.2066385,36.7821127],[-4.2068485,36.7820609]],[[-4.1987095,36.7823828],[-4.1988235,36.7824827],[-4.1991024,36.7824419],[-4.1990367,36.7822077],[-4.1987095,36.7823828]],[[-4.203553,36.7827944],[-4.2034821,36.7829132],[-4.2035228,36.7829783],[-4.2036671,36.7828711],[-4.203553,36.7827944]],[[-4.2063199,36.783242],[-4.2066242,36.7831286],[-4.2065245,36.7828932],[-4.2062621,36.7830487],[-4.2063199,36.783242]],[[-4.2022882,36.7838813],[-4.202456,36.7839334],[-4.2025589,36.7838683],[-4.2025264,36.7836558],[-4.2022368,36.7837025],[-4.2022882,36.7838813]],[[-4.2039936,36.7841317],[-4.2041411,36.7840689],[-4.2040829,36.7839843],[-4.2039205,36.7840331],[-4.2039936,36.7841317]],[[-4.2131827,36.7847177],[-4.2136215,36.7847803],[-4.21361,36.784707],[-4.2131713,36.7844915],[-4.2131827,36.7847177]],[[-4.1991802,36.7849794],[-4.1990367,36.7850181],[-4.1991387,36.7852802],[-4.1993103,36.7852157],[-4.1993197,36.7851115],[-4.1991802,36.7849794]],[[-4.2069889,36.7852979],[-4.2066131,36.7851046],[-4.2064614,36.7854001],[-4.2068751,36.7854415],[-4.2069889,36.7852979]],[[-4.1973728,36.7857835],[-4.1971099,36.7860176],[-4.1972736,36.7861659],[-4.1975445,36.7862088],[-4.1976008,36.7860799],[-4.1973728,36.7857835]],[[-4.216382,36.7867975],[-4.2165785,36.7866441],[-4.2164427,36.7865586],[-4.2163238,36.7867354],[-4.216382,36.7867975]],[[-4.1989335,36.786677],[-4.1991105,36.7868918],[-4.1993117,36.7869584],[-4.1994431,36.7868982],[-4.1993626,36.7866297],[-4.1990086,36.7865696],[-4.1989335,36.786677]],[[-4.1976115,36.7866384],[-4.1970617,36.7865568],[-4.1970724,36.7867201],[-4.1974854,36.7870058],[-4.1977081,36.7870273],[-4.1976115,36.7866384]],[[-4.2054564,36.7872128],[-4.2056132,36.7872032],[-4.205627,36.7870306],[-4.2054202,36.7870182],[-4.2054564,36.7872128]],[[-4.2089342,36.7873654],[-4.2089953,36.7877718],[-4.2091403,36.7877749],[-4.2092814,36.7874449],[-4.2089342,36.7873654]],[[-4.2156556,36.7879737],[-4.2154628,36.7877328],[-4.2153925,36.7877639],[-4.2154264,36.7878629],[-4.2156556,36.7879737]],[[-4.2025475,36.7886775],[-4.2029063,36.7886554],[-4.202756,36.7884417],[-4.2025352,36.7884196],[-4.2025475,36.7886775]],[[-4.1993303,36.7913091],[-4.1990385,36.7912813],[-4.1980934,36.7915372],[-4.1979891,36.7921383],[-4.1984061,36.7925222],[-4.1986146,36.7925556],[-4.1987744,36.7923775],[-4.1988786,36.7919045],[-4.1993651,36.7915762],[-4.1993303,36.7913091]],[[-4.2114616,36.793122],[-4.2113672,36.7931291],[-4.2114667,36.7931657],[-4.2114616,36.793122]],[[-4.2166853,36.8048677],[-4.2166453,36.8049002],[-4.2167411,36.8049118],[-4.2166853,36.8048677]],[[-4.1976985,36.805118],[-4.1978429,36.8051008],[-4.1978339,36.8050529],[-4.1977255,36.8050312],[-4.1976985,36.805118]],[[-4.2005044,36.8073186],[-4.2006774,36.8072638],[-4.2006089,36.8071253],[-4.2004359,36.8071802],[-4.2005044,36.8073186]],[[-4.1997209,36.8077164],[-4.1998408,36.8077735],[-4.1999121,36.8076774],[-4.1997921,36.8076204],[-4.1997209,36.8077164]],[[-4.2001169,36.8079727],[-4.2002127,36.8079266],[-4.2001551,36.8078499],[-4.2000953,36.8078571],[-4.2001169,36.8079727]],[[-4.1994872,36.8082955],[-4.199583,36.8082494],[-4.1995741,36.8082016],[-4.1994656,36.8081799],[-4.1994872,36.8082955]],[[-4.2118857,36.8120741],[-4.2119184,36.8121269],[-4.2120019,36.8120966],[-4.2119563,36.8120368],[-4.2118857,36.8120741]],[[-4.2117982,36.8122341],[-4.2118599,36.8122016],[-4.2117586,36.8121819],[-4.2117982,36.8122341]],[[-4.2118095,36.8122594],[-4.2118423,36.8123123],[-4.2119257,36.8122819],[-4.2118801,36.8122221],[-4.2118095,36.8122594]],[[-4.2125854,36.8211761],[-4.2127376,36.8212501],[-4.2127647,36.8208977],[-4.2125745,36.8210282],[-4.2125854,36.8211761]],[[-4.2032879,36.8280731],[-4.2033693,36.8279576],[-4.2030342,36.8278804],[-4.2030396,36.8280679],[-4.2032879,36.8280731]],[[-4.2000425,36.8298251],[-4.2000794,36.8296938],[-4.1997678,36.829753],[-4.1997932,36.8298583],[-4.2000425,36.8298251]],[[-4.2076245,36.8348738],[-4.2075604,36.834884],[-4.2076256,36.8349127],[-4.2076245,36.8348738]],[[-4.1979838,36.8355901],[-4.1979708,36.8358298],[-4.1984433,36.8358463],[-4.1985259,36.8357781],[-4.1985646,36.8355302],[-4.1979838,36.8355901]],[[-4.2148101,36.8356671],[-4.2147796,36.8357394],[-4.214923,36.8357163],[-4.2148101,36.8356671]],[[-4.2060455,36.8362724],[-4.2059744,36.8362684],[-4.2059571,36.8363238],[-4.2060223,36.836347],[-4.2060455,36.8362724]],[[-4.2105881,36.8365399],[-4.2106523,36.836509],[-4.2105495,36.8364886],[-4.2105881,36.8365399]],[[-4.2188121,36.836609],[-4.2187242,36.836453],[-4.2184567,36.8364744],[-4.2181853,36.8367222],[-4.218277,36.8368078],[-4.2184567,36.8366702],[-4.2188121,36.836609]],[[-4.2044674,36.8367926],[-4.2043963,36.8367886],[-4.204379,36.8368439],[-4.2044441,36.8368671],[-4.2044674,36.8367926]],[[-4.2031907,36.8373806],[-4.2031196,36.8373766],[-4.2031024,36.837432],[-4.2031675,36.8374552],[-4.2031907,36.8373806]],[[-4.2198624,36.8373839],[-4.2199176,36.8377816],[-4.2202962,36.8377121],[-4.2201305,36.837406],[-4.2198624,36.8373839]],[[-4.2015611,36.8380362],[-4.2014261,36.8380146],[-4.2014237,36.8380963],[-4.2015239,36.8381124],[-4.2015611,36.8380362]],[[-4.2087224,36.8382339],[-4.2086513,36.8382299],[-4.2086341,36.8382853],[-4.2086992,36.8383085],[-4.2087224,36.8382339]],[[-4.2202307,36.8385068],[-4.2201826,36.8384175],[-4.220072,36.8385087],[-4.2202307,36.8385068]],[[-4.209771,36.8386654],[-4.2096999,36.8386614],[-4.2096827,36.8387167],[-4.2097478,36.8387399],[-4.209771,36.8386654]],[[-4.2198431,36.8395249],[-4.2199073,36.839494],[-4.2198045,36.8394735],[-4.2198431,36.8395249]],[[-4.220644,36.8402306],[-4.2207082,36.8401997],[-4.2206054,36.8401793],[-4.220644,36.8402306]],[[-4.2193592,36.8406378],[-4.2194169,36.8407192],[-4.2195186,36.840673],[-4.2194609,36.8405916],[-4.2193592,36.8406378]],[[-4.2149183,36.8408652],[-4.2149871,36.8409283],[-4.215066,36.8408733],[-4.2149972,36.8408101],[-4.2149183,36.8408652]],[[-4.2197061,36.8410782],[-4.2197811,36.8411582],[-4.219881,36.8410982],[-4.219806,36.8410182],[-4.2197061,36.8410782]],[[-4.2213581,36.841762],[-4.221439,36.841762],[-4.2215967,36.8412223],[-4.2211693,36.8412173],[-4.2213581,36.841762]],[[-4.2148764,36.8423302],[-4.2148378,36.8422788],[-4.2147796,36.8423417],[-4.2148764,36.8423302]],[[-4.2186298,36.8424107],[-4.218694,36.8423798],[-4.2185912,36.8423593],[-4.2186298,36.8424107]],[[-4.2012602,36.8423696],[-4.2011891,36.8423656],[-4.2011718,36.842421],[-4.2012369,36.8424442],[-4.2012602,36.8423696]],[[-4.2139605,36.8426094],[-4.2140247,36.8425785],[-4.2139219,36.842558],[-4.2139605,36.8426094]],[[-4.2187411,36.842784],[-4.2188053,36.8427532],[-4.2187025,36.8427327],[-4.2187411,36.842784]],[[-4.20475,36.8443478],[-4.2047327,36.8444032],[-4.2048377,36.8443791],[-4.20475,36.8443478]],[[-4.2204639,36.8446578],[-4.2206734,36.8443058],[-4.2206008,36.8442443],[-4.2200344,36.8444353],[-4.2201215,36.8447707],[-4.2202398,36.8447873],[-4.2204639,36.8446578]],[[-4.1995741,36.8445448],[-4.1995278,36.8445692],[-4.1995904,36.844575],[-4.1995741,36.8445448]],[[-4.2003682,36.8446578],[-4.2002971,36.8446538],[-4.2002799,36.8447092],[-4.200345,36.8447324],[-4.2003682,36.8446578]],[[-4.1996621,36.8451537],[-4.1998435,36.8451289],[-4.1996931,36.8449041],[-4.1996621,36.8451537]],[[-4.197203,36.8463209],[-4.1971319,36.8463169],[-4.1971146,36.8463722],[-4.1971797,36.8463954],[-4.197203,36.8463209]],[[-4.1966762,36.8478669],[-4.1966362,36.8478866],[-4.1966891,36.8478928],[-4.1966762,36.8478669]],[[-4.2100247,36.8484157],[-4.2101633,36.8483691],[-4.2100435,36.8482963],[-4.2100247,36.8484157]],[[-4.1977774,36.8483635],[-4.1977063,36.8483596],[-4.197689,36.8484149],[-4.1977541,36.8484381],[-4.1977774,36.8483635]],[[-4.1977789,36.8485599],[-4.1977617,36.8486152],[-4.1978666,36.8485911],[-4.1977789,36.8485599]],[[-4.2174968,36.8504271],[-4.2175908,36.8503881],[-4.217542,36.8503129],[-4.2174849,36.8503168],[-4.2174968,36.8504271]],[[-4.2132256,36.8509729],[-4.2132678,36.850953],[-4.2132007,36.8509391],[-4.2132256,36.8509729]],[[-4.2008416,36.8511378],[-4.2007705,36.8511338],[-4.2007533,36.8511892],[-4.2008184,36.8512124],[-4.2008416,36.8511378]],[[-4.2143735,36.8514095],[-4.2144377,36.8513787],[-4.2143349,36.8513582],[-4.2143735,36.8514095]],[[-4.1999155,36.8524939],[-4.2001391,36.8523477],[-4.199951,36.8522653],[-4.1998144,36.8524414],[-4.1999155,36.8524939]],[[-4.2128658,36.8527095],[-4.2128199,36.8526695],[-4.2128068,36.8527365],[-4.2128658,36.8527095]],[[-4.2107609,36.8531792],[-4.2106898,36.8531752],[-4.2106725,36.8532305],[-4.2107376,36.8532537],[-4.2107609,36.8531792]],[[-4.1995177,36.8627424],[-4.1993623,36.8629479],[-4.1993685,36.8630557],[-4.1995653,36.8630938],[-4.1997683,36.8628485],[-4.1995177,36.8627424]],[[-4.1984441,36.8704543],[-4.1987926,36.8706852],[-4.1989513,36.8704213],[-4.1989238,36.8703414],[-4.1986439,36.8702394],[-4.1984441,36.8704543]],[[-4.2039446,36.8909695],[-4.204634,36.8909971],[-4.2040751,36.8908731],[-4.2040046,36.8907295],[-4.2035358,36.8911113],[-4.2027602,36.891519],[-4.2019108,36.8914618],[-4.2016523,36.8915544],[-4.2012952,36.8914914],[-4.2008619,36.8915741],[-4.199973,36.8911921],[-4.1996283,36.8911271],[-4.1994535,36.8912472],[-4.19952,36.8913535],[-4.1993821,36.891391],[-4.199227,36.8913417],[-4.1991327,36.8910739],[-4.1991174,36.8914382],[-4.1987186,36.8916391],[-4.1985807,36.8917966],[-4.1977731,36.891706],[-4.1970123,36.8915367],[-4.1968301,36.8914106],[-4.1972486,36.8910089],[-4.196702,36.8913791],[-4.1962022,36.891385],[-4.1956359,36.8915111],[-4.19675,36.891519],[-4.1976611,36.8918478],[-4.1981018,36.8921924],[-4.1982298,36.8920487],[-4.1986164,36.8920428],[-4.1992763,36.8928048],[-4.1987247,36.8918498],[-4.1989266,36.8916706],[-4.1997318,36.8914461],[-4.1999337,36.891322],[-4.2009998,36.8917356],[-4.2011303,36.8919049],[-4.2010798,36.8916863],[-4.2013002,36.8916115],[-4.201699,36.8916666],[-4.2021201,36.8915623],[-4.2022801,36.891643],[-4.2029301,36.8916115],[-4.2032896,36.8918439],[-4.2046955,36.8921865],[-4.2047509,36.892603],[-4.2048137,36.8920329],[-4.2051141,36.8919571],[-4.2045232,36.8919866],[-4.2035038,36.8917572],[-4.2029671,36.8915229],[-4.2039446,36.8909695]],[[-4.1984867,36.8950759],[-4.1982641,36.895006],[-4.1982124,36.8950954],[-4.1983637,36.8951901],[-4.1984867,36.8950759]],[[-4.1993319,36.9011347],[-4.1994685,36.9012232],[-4.1997321,36.9010473],[-4.1993496,36.9010582],[-4.1993319,36.9011347]],[[-4.1975135,36.9021693],[-4.1977266,36.9023485],[-4.1976583,36.9022021],[-4.1975135,36.9021693]],[[-4.2144732,36.9030693],[-4.214437,36.9032012],[-4.2146167,36.9030832],[-4.2144732,36.9030693]],[[-4.2124468,36.9031578],[-4.2123958,36.9032478],[-4.2126238,36.9033894],[-4.2127365,36.9033336],[-4.2127391,36.9032114],[-4.2124468,36.9031578]],[[-4.2200696,36.9070843],[-4.2200119,36.9071529],[-4.2201407,36.9072162],[-4.2202104,36.9071165],[-4.2200696,36.9070843]],[[-4.2018774,36.9085517],[-4.2015381,36.9083062],[-4.2013571,36.9083415],[-4.2013665,36.9084584],[-4.201852,36.908645],[-4.2018774,36.9085517]],[[-4.1991386,36.9098492],[-4.1991542,36.9098177],[-4.199079,36.9098437],[-4.1991386,36.9098492]],[[-4.1995317,36.9100755],[-4.1995391,36.910024],[-4.1994579,36.9100522],[-4.1995317,36.9100755]],[[-4.1980172,36.9102969],[-4.1980772,36.9102597],[-4.1979706,36.9102489],[-4.1980172,36.9102969]],[[-4.2064574,36.9151519],[-4.2064775,36.9151111],[-4.206369,36.915124],[-4.2064574,36.9151519]],[[-4.2073375,36.9173936],[-4.2074883,36.9174041],[-4.2075014,36.9172836],[-4.2073189,36.9173093],[-4.2073375,36.9173936]],[[-4.2000512,36.9200895],[-4.2001295,36.9201702],[-4.2002305,36.9201076],[-4.2001522,36.9200269],[-4.2000512,36.9200895]],[[-4.212042,36.920975],[-4.2120603,36.9209378],[-4.2119616,36.9209496],[-4.212042,36.920975]],[[-4.2032821,36.9221835],[-4.2032124,36.9221395],[-4.2031543,36.9221984],[-4.203224,36.9222424],[-4.2032821,36.9221835]],[[-4.2009169,36.9225416],[-4.2005641,36.9223072],[-4.200385,36.9224678],[-4.2006998,36.9226891],[-4.2009169,36.9225416]],[[-4.1986317,36.9228714],[-4.1984689,36.9231014],[-4.1987186,36.9233183],[-4.1989846,36.923084],[-4.1986317,36.9228714]],[[-4.2069399,36.9256515],[-4.2068573,36.9256853],[-4.206888,36.9257332],[-4.2069546,36.9257247],[-4.2069399,36.9256515]],[[-4.202243,36.9281931],[-4.2021078,36.9282485],[-4.202158,36.928327],[-4.2022671,36.9283131],[-4.202243,36.9281931]],[[-4.197087,36.9284251],[-4.1969729,36.9284822],[-4.1970119,36.9285526],[-4.1971415,36.9285234],[-4.197087,36.9284251]],[[-4.1975983,36.9298931],[-4.1974966,36.9299631],[-4.1975785,36.9299851],[-4.1975983,36.9298931]],[[-4.2067184,36.9301174],[-4.2067689,36.9301782],[-4.2068451,36.9301378],[-4.2067945,36.930077],[-4.2067184,36.9301174]],[[-4.2024293,36.9308916],[-4.2023619,36.9308272],[-4.2022984,36.9309244],[-4.2024293,36.9308916]],[[-4.2027674,36.9387214],[-4.202727,36.9385732],[-4.2026316,36.9385463],[-4.2026157,36.9387155],[-4.2027136,36.9387776],[-4.2027674,36.9387214]],[[-4.2167608,36.9394878],[-4.2165301,36.9395789],[-4.216628,36.9397397],[-4.2168681,36.9396078],[-4.2167608,36.9394878]],[[-4.1992664,36.9508349],[-4.1992021,36.9509978],[-4.1994864,36.9512508],[-4.1997117,36.9509421],[-4.1992664,36.9508349]],[[-4.1980366,36.9523544],[-4.1980366,36.9525457],[-4.1981139,36.9525839],[-4.1984012,36.9524603],[-4.1982944,36.9522926],[-4.1980366,36.9523544]],[[-4.2214215,36.9766532],[-4.2214457,36.9768118],[-4.2216187,36.976695],[-4.2214215,36.9766532]],[[-4.1753992,36.7174977],[-4.174981,36.7162865],[-4.1748998,36.7163009],[-4.1752827,36.7175041],[-4.1753992,36.7174977]],[[-4.176341,36.7210387],[-4.176426,36.7211267],[-4.1765356,36.7210585],[-4.1764506,36.7209707],[-4.176341,36.7210387]],[[-4.1736193,36.7222419],[-4.1736702,36.7227263],[-4.1739041,36.7234037],[-4.1741912,36.7237749],[-4.1751452,36.7244226],[-4.17656,36.7257237],[-4.1765739,36.72608],[-4.1762706,36.7265496],[-4.175261,36.7272641],[-4.1749901,36.7275814],[-4.1748511,36.7279378],[-4.1748835,36.7282254],[-4.1751012,36.7286708],[-4.1754532,36.7287803],[-4.1759279,36.728797],[-4.176215,36.7289232],[-4.1765762,36.729287],[-4.1767754,36.7296155],[-4.1768564,36.7299514],[-4.1768337,36.7303673],[-4.1764184,36.732064],[-4.1763506,36.7333393],[-4.1766086,36.7337019],[-4.1770239,36.7339086],[-4.1781015,36.7340294],[-4.1788359,36.7342169],[-4.1791485,36.7344113],[-4.180178,36.7361017],[-4.1802938,36.7365116],[-4.1806436,36.7371212],[-4.1810446,36.7382149],[-4.1809867,36.7389642],[-4.1811069,36.7389655],[-4.1811889,36.7384444],[-4.1811528,36.7376012],[-4.181037,36.7369846],[-4.1807987,36.7367113],[-4.1795945,36.7344098],[-4.1790849,36.7339197],[-4.1787004,36.7338087],[-4.1781714,36.7338735],[-4.1770435,36.7337369],[-4.176567,36.7329276],[-4.1766501,36.7319781],[-4.1769495,36.7304225],[-4.1769736,36.7297305],[-4.1768621,36.7292102],[-4.1764475,36.7286384],[-4.1752717,36.7286691],[-4.1749767,36.7282231],[-4.1749311,36.7279092],[-4.1751886,36.7274438],[-4.1765008,36.7264796],[-4.1767147,36.7258723],[-4.176539,36.7255369],[-4.1748211,36.7239407],[-4.1739268,36.7227288],[-4.1738585,36.7224742],[-4.1742127,36.7207073],[-4.1745091,36.7199073],[-4.1750757,36.7191209],[-4.1753761,36.7184308],[-4.1754673,36.7176202],[-4.1753736,36.7176291],[-4.1753334,36.7177359],[-4.1750395,36.7189087],[-4.1747473,36.7192528],[-4.1739573,36.7206364],[-4.1736193,36.7222419]],[[-4.185252,36.7223565],[-4.1851773,36.7223964],[-4.185227,36.7224562],[-4.1853017,36.7224163],[-4.185252,36.7223565]],[[-4.1915366,36.7223787],[-4.1915716,36.7224856],[-4.191576,36.7223704],[-4.1915366,36.7223787]],[[-4.1919359,36.7225569],[-4.1919653,36.7226302],[-4.1919754,36.7225467],[-4.1919359,36.7225569]],[[-4.1719533,36.7227518],[-4.1718052,36.7227818],[-4.1718632,36.722895],[-4.1719692,36.7228736],[-4.1719533,36.7227518]],[[-4.1704874,36.7229405],[-4.1703908,36.7229599],[-4.1704176,36.7230523],[-4.1705115,36.72302],[-4.1704874,36.7229405]],[[-4.1703694,36.723909],[-4.1702487,36.7239445],[-4.1703171,36.7239778],[-4.1703694,36.723909]],[[-4.1764493,36.7242637],[-4.1758753,36.7239671],[-4.1763312,36.7243841],[-4.1764359,36.7243583],[-4.1764493,36.7242637]],[[-4.1874684,36.7271943],[-4.187469,36.7272281],[-4.1875214,36.7271936],[-4.1874684,36.7271943]],[[-4.1799877,36.7304961],[-4.179989,36.730566],[-4.1802237,36.7305649],[-4.1802344,36.7304983],[-4.1799877,36.7304961]],[[-4.1800802,36.7306853],[-4.1800547,36.7308293],[-4.1801446,36.7309121],[-4.1804289,36.7308197],[-4.1803283,36.7306197],[-4.1800802,36.7306853]],[[-4.1684623,36.7342471],[-4.1685583,36.7342361],[-4.1685493,36.7341747],[-4.1684666,36.73417],[-4.1684623,36.7342471]],[[-4.1872466,36.7343294],[-4.1862286,36.733979],[-4.1859787,36.7342768],[-4.1870905,36.7347023],[-4.1872466,36.7343294]],[[-4.1778379,36.7364113],[-4.1779192,36.7363863],[-4.1779008,36.7363322],[-4.1778145,36.7363441],[-4.1778379,36.7364113]],[[-4.1839805,36.7363522],[-4.1837247,36.7362696],[-4.1837047,36.736432],[-4.1839007,36.7365146],[-4.1839805,36.7363522]],[[-4.1825422,36.7367725],[-4.1821864,36.736465],[-4.1820471,36.7365071],[-4.1823163,36.736894],[-4.1825484,36.736951],[-4.1825422,36.7367725]],[[-4.1830568,36.7408948],[-4.1824372,36.7409034],[-4.1814824,36.7410603],[-4.1810774,36.740884],[-4.1810183,36.7406304],[-4.1811102,36.739018],[-4.1809867,36.7389981],[-4.1808337,36.7404123],[-4.1808862,36.741113],[-4.1809998,36.7412163],[-4.1806392,36.7421937],[-4.1807572,36.7422042],[-4.1811463,36.7410989],[-4.1817488,36.7411729],[-4.18287,36.741074],[-4.1833206,36.7411729],[-4.1841132,36.7420106],[-4.1841936,36.7419762],[-4.1841319,36.7417527],[-4.1834042,36.741027],[-4.1830568,36.7408948]],[[-4.18338,36.741861],[-4.1832137,36.7418385],[-4.1832012,36.7418978],[-4.1833675,36.7419203],[-4.18338,36.741861]],[[-4.180088,36.7445265],[-4.1801738,36.7445232],[-4.1802233,36.7438812],[-4.1807092,36.7422763],[-4.1806324,36.7422675],[-4.1800745,36.7439558],[-4.180088,36.7445265]],[[-4.1819251,36.7438387],[-4.1817755,36.7437815],[-4.1816776,36.7439459],[-4.1818272,36.7440031],[-4.1819251,36.7438387]],[[-4.1882422,36.7445483],[-4.1882245,36.7440396],[-4.1881464,36.7439941],[-4.1873626,36.7443465],[-4.1874052,36.7451622],[-4.1879939,36.7451139],[-4.1882422,36.7445483]],[[-4.1706964,36.7459422],[-4.171206,36.7458476],[-4.1712034,36.7455768],[-4.1705194,36.7456757],[-4.1706964,36.7459422]],[[-4.1927564,36.7468663],[-4.1928501,36.7468953],[-4.1930978,36.7467815],[-4.1930041,36.7464402],[-4.1926627,36.7464716],[-4.1926325,36.746566],[-4.1927564,36.7468663]],[[-4.1892576,36.7469707],[-4.1892375,36.7470008],[-4.1893099,36.7470266],[-4.1892576,36.7469707]],[[-4.1758909,36.7471141],[-4.1758271,36.7471024],[-4.1758803,36.7471512],[-4.1758909,36.7471141]],[[-4.1929313,36.7472038],[-4.1928251,36.7471532],[-4.1922383,36.7473636],[-4.1924133,36.7476108],[-4.1929801,36.7473521],[-4.1929313,36.7472038]],[[-4.1933744,36.7481335],[-4.193524,36.7479337],[-4.1935084,36.747729],[-4.1932997,36.7475966],[-4.1930379,36.7477615],[-4.1931189,36.748101],[-4.1933744,36.7481335]],[[-4.1868366,36.7482092],[-4.1859997,36.7480717],[-4.1859246,36.748106],[-4.1857959,36.7485703],[-4.1860748,36.7488497],[-4.1863806,36.7488969],[-4.1866381,36.7488153],[-4.1869117,36.7483296],[-4.1868366,36.7482092]],[[-4.1835762,36.7486215],[-4.1834616,36.7486443],[-4.183506,36.7487319],[-4.1835879,36.7487156],[-4.1835762,36.7486215]],[[-4.1924033,36.7491386],[-4.1925562,36.7493754],[-4.1932147,36.7491621],[-4.1930301,36.7488779],[-4.1928049,36.7489061],[-4.1924033,36.7491386]],[[-4.17047,36.7501604],[-4.1703534,36.7500288],[-4.1702296,36.7500193],[-4.170232,36.7501966],[-4.1703439,36.7502405],[-4.17047,36.7501604]],[[-4.1861969,36.7515242],[-4.186268,36.7513233],[-4.1860641,36.7512696],[-4.1859005,36.7513459],[-4.1858924,36.7514243],[-4.1860507,36.7515436],[-4.1861969,36.7515242]],[[-4.1743983,36.7523159],[-4.1744694,36.7523868],[-4.1749173,36.7521912],[-4.1748945,36.7520795],[-4.1746196,36.7520752],[-4.1743983,36.7523159]],[[-4.1878288,36.7529148],[-4.1878786,36.7524102],[-4.1874977,36.7521943],[-4.1873015,36.7522975],[-4.1872839,36.7524172],[-4.1876003,36.7529313],[-4.1878288,36.7529148]],[[-4.180517,36.7527551],[-4.1802828,36.7528945],[-4.180498,36.7530441],[-4.1806815,36.7529326],[-4.180517,36.7527551]],[[-4.1702252,36.7540577],[-4.1702692,36.7538902],[-4.1700839,36.7538048],[-4.1699254,36.7539197],[-4.1700127,36.7540759],[-4.1702252,36.7540577]],[[-4.1889624,36.7538466],[-4.1887544,36.7538443],[-4.1887339,36.7540743],[-4.1889976,36.7540626],[-4.1889624,36.7538466]],[[-4.1896743,36.7541564],[-4.1894897,36.7545672],[-4.1900258,36.7543771],[-4.1896743,36.7541564]],[[-4.1947013,36.7558005],[-4.1953182,36.7562496],[-4.1953987,36.7561186],[-4.1952699,36.7556479],[-4.1948006,36.7556651],[-4.1947013,36.7558005]],[[-4.1712055,36.7586362],[-4.1712135,36.7585397],[-4.1708742,36.7585622],[-4.1708461,36.7588404],[-4.1712055,36.7586362]],[[-4.1892424,36.7596161],[-4.189337,36.7596747],[-4.1892599,36.7595672],[-4.1892424,36.7596161]],[[-4.173235,36.7603635],[-4.1736626,36.7601287],[-4.1734297,36.7597475],[-4.1731045,36.7597652],[-4.1731567,36.7600402],[-4.1730242,36.7602943],[-4.173235,36.7603635]],[[-4.1821433,36.7603077],[-4.1821225,36.7601693],[-4.1819539,36.760196],[-4.1818665,36.7603894],[-4.1819955,36.7604761],[-4.1821433,36.7603077]],[[-4.180866,36.7604767],[-4.1807574,36.7605691],[-4.1808383,36.7606302],[-4.1809469,36.7605378],[-4.180866,36.7604767]],[[-4.194752,36.7605986],[-4.1947452,36.7606482],[-4.1948372,36.7606061],[-4.194752,36.7605986]],[[-4.1957472,36.7613955],[-4.1953097,36.7613966],[-4.1953644,36.7615236],[-4.1956734,36.7616649],[-4.1958196,36.7616211],[-4.195873,36.7614842],[-4.1957472,36.7613955]],[[-4.1940727,36.7624617],[-4.1940629,36.7624307],[-4.1940389,36.7624788],[-4.1940727,36.7624617]],[[-4.1702981,36.7627935],[-4.1706755,36.7623529],[-4.1703824,36.7622532],[-4.1699849,36.7623143],[-4.1696035,36.7627485],[-4.1697199,36.7629318],[-4.1699287,36.762935],[-4.1702981,36.7627935]],[[-4.1900793,36.7639995],[-4.1899704,36.7640489],[-4.1900058,36.7642055],[-4.1901738,36.7642107],[-4.1900793,36.7639995]],[[-4.1878893,36.7644751],[-4.1878456,36.7645076],[-4.1879939,36.7645654],[-4.1878893,36.7644751]],[[-4.1957496,36.7644881],[-4.1956802,36.7645128],[-4.1955877,36.7647661],[-4.1957316,36.7647311],[-4.1958087,36.7645828],[-4.1957496,36.7644881]],[[-4.1899234,36.7665489],[-4.189857,36.7665436],[-4.1898463,36.7666295],[-4.1899126,36.7666348],[-4.1899234,36.7665489]],[[-4.191563,36.7666033],[-4.1915406,36.7667161],[-4.1917344,36.7667408],[-4.1917038,36.7665855],[-4.191563,36.7666033]],[[-4.1726145,36.7671869],[-4.1728302,36.7671029],[-4.1730522,36.7668807],[-4.1731138,36.7665103],[-4.1730522,36.7664016],[-4.1722261,36.7665201],[-4.1721644,36.7665843],[-4.1725003,36.767119],[-4.1726145,36.7671869]],[[-4.1934396,36.7669425],[-4.1937212,36.7671199],[-4.1937759,36.7670454],[-4.1936911,36.7668855],[-4.1934779,36.7668768],[-4.1934396,36.7669425]],[[-4.1891187,36.7670624],[-4.1890528,36.7670468],[-4.1889831,36.7672359],[-4.189049,36.7672515],[-4.1891187,36.7670624]],[[-4.1741434,36.7677252],[-4.1741989,36.7674881],[-4.1737488,36.7674091],[-4.1735392,36.767256],[-4.1734098,36.7672906],[-4.1733666,36.7674931],[-4.1736132,36.7680264],[-4.173903,36.7679622],[-4.1741434,36.7677252]],[[-4.1939246,36.7681525],[-4.1936939,36.7683477],[-4.1940594,36.7684836],[-4.19419,36.7683128],[-4.1939246,36.7681525]],[[-4.192965,36.7682882],[-4.1928631,36.7684461],[-4.192961,36.768487],[-4.1930508,36.7683323],[-4.192965,36.7682882]],[[-4.1915394,36.7684499],[-4.1915583,36.7684805],[-4.1916748,36.7683962],[-4.1915394,36.7684499]],[[-4.1953083,36.7684976],[-4.1951995,36.768766],[-4.1954171,36.7688496],[-4.1955738,36.7686474],[-4.1953083,36.7684976]],[[-4.1953344,36.7701672],[-4.1954041,36.7699232],[-4.195156,36.7699372],[-4.1950777,36.7700487],[-4.1953344,36.7701672]],[[-4.1964043,36.7735946],[-4.1963458,36.7737376],[-4.1965244,36.7737845],[-4.1965829,36.7736415],[-4.1964043,36.7735946]],[[-4.1919566,36.7739247],[-4.1920524,36.7738786],[-4.1919949,36.7738018],[-4.1919351,36.773809],[-4.1919566,36.7739247]],[[-4.1937567,36.7741298],[-4.1938525,36.7740837],[-4.1937949,36.774007],[-4.1937351,36.7740142],[-4.1937567,36.7741298]],[[-4.1730974,36.7741142],[-4.1731616,36.7740833],[-4.1730588,36.7740628],[-4.1730974,36.7741142]],[[-4.1909089,36.774783],[-4.1910618,36.7748216],[-4.1910792,36.7745821],[-4.190929,36.7746423],[-4.1909089,36.774783]],[[-4.1938077,36.7747849],[-4.1939521,36.7747676],[-4.1939431,36.7747197],[-4.1938347,36.774698],[-4.1938077,36.7747849]],[[-4.1910255,36.7752425],[-4.1910202,36.775221],[-4.1909813,36.7752607],[-4.1910255,36.7752425]],[[-4.1691725,36.7752757],[-4.1690526,36.7754063],[-4.1692923,36.7754819],[-4.1693528,36.7753353],[-4.1691725,36.7752757]],[[-4.1959306,36.7756174],[-4.1957967,36.775221],[-4.1953384,36.7750976],[-4.1952167,36.7751398],[-4.1951478,36.7753607],[-4.1952573,36.7755784],[-4.1957237,36.7756824],[-4.1959306,36.7756174]],[[-4.1922567,36.7755115],[-4.192401,36.7754942],[-4.1923921,36.7754463],[-4.1922837,36.7754246],[-4.1922567,36.7755115]],[[-4.188233,36.7769626],[-4.1879633,36.7766907],[-4.1879426,36.7770004],[-4.1881123,36.7770502],[-4.188233,36.7769626]],[[-4.1958153,36.7769415],[-4.1958924,36.7770737],[-4.1960465,36.7770179],[-4.1959584,36.7768474],[-4.1958153,36.7769415]],[[-4.1851249,36.7777242],[-4.1851701,36.7777911],[-4.1852537,36.7777549],[-4.1852084,36.777688],[-4.1851249,36.7777242]],[[-4.1703799,36.7776889],[-4.1703132,36.7777934],[-4.1703799,36.7783345],[-4.1705364,36.7783554],[-4.170722,36.7780093],[-4.1707075,36.7777678],[-4.1703799,36.7776889]],[[-4.174598,36.7786248],[-4.1746314,36.7786681],[-4.1746723,36.778588],[-4.174598,36.7786248]],[[-4.1913955,36.77926],[-4.1915219,36.7791784],[-4.1914521,36.7790485],[-4.1913371,36.7790833],[-4.1913955,36.77926]],[[-4.1855675,36.7794143],[-4.1855099,36.7793375],[-4.1854231,36.7794315],[-4.1855675,36.7794143]],[[-4.1952903,36.7799567],[-4.1951947,36.7799953],[-4.1953092,36.7801544],[-4.1955117,36.7800643],[-4.1952903,36.7799567]],[[-4.1854375,36.7798506],[-4.1853064,36.779853],[-4.1849635,36.7804695],[-4.1850427,36.7805879],[-4.1853963,36.7800996],[-4.1854375,36.7798506]],[[-4.191494,36.7803628],[-4.1913988,36.7805906],[-4.1914503,36.780613],[-4.1916776,36.7804444],[-4.191494,36.7803628]],[[-4.1895607,36.7804412],[-4.1888401,36.7807636],[-4.188863,36.7808359],[-4.1892241,36.7809782],[-4.1896567,36.780852],[-4.1895607,36.7804412]],[[-4.1906338,36.7812215],[-4.1905393,36.7812226],[-4.1904361,36.7814911],[-4.1906138,36.7815634],[-4.1907613,36.7814211],[-4.1906338,36.7812215]],[[-4.1762228,36.7816429],[-4.176287,36.781612],[-4.1761842,36.7815915],[-4.1762228,36.7816429]],[[-4.1847827,36.7822429],[-4.1845375,36.7822985],[-4.1846323,36.7824096],[-4.1849053,36.7822985],[-4.1847827,36.7822429]],[[-4.1811239,36.782613],[-4.1811881,36.7825821],[-4.1810853,36.7825616],[-4.1811239,36.782613]],[[-4.1774415,36.7840846],[-4.1773797,36.7838965],[-4.1772355,36.7840714],[-4.1772623,36.7842066],[-4.1774415,36.7840846]],[[-4.1905317,36.7841755],[-4.1906761,36.7841582],[-4.1906672,36.7841103],[-4.1905588,36.7840886],[-4.1905317,36.7841755]],[[-4.1908526,36.7842156],[-4.1910644,36.7841984],[-4.1909825,36.7840551],[-4.1908553,36.7840898],[-4.1908526,36.7842156]],[[-4.174409,36.7848982],[-4.1743543,36.784875],[-4.1742751,36.7849947],[-4.1743298,36.7850179],[-4.174409,36.7848982]],[[-4.1683815,36.7851881],[-4.1689276,36.7851261],[-4.1689904,36.7850526],[-4.168744,36.7847468],[-4.1682268,36.7850952],[-4.1683815,36.7851881]],[[-4.1809621,36.7855256],[-4.1810107,36.7855972],[-4.1811001,36.7855583],[-4.1810515,36.7854867],[-4.1809621,36.7855256]],[[-4.1759489,36.7868684],[-4.1759676,36.7873152],[-4.1761393,36.7874549],[-4.176539,36.7876031],[-4.1766194,36.7875558],[-4.1766704,36.7873238],[-4.1765255,36.786877],[-4.176598,36.7864818],[-4.176555,36.7862927],[-4.1759489,36.7868684]],[[-4.1940822,36.7883008],[-4.1944853,36.7881823],[-4.1937124,36.7878358],[-4.1940822,36.7883008]],[[-4.1827664,36.789831],[-4.1829034,36.7898177],[-4.182974,36.7896614],[-4.1829075,36.7893821],[-4.1826916,36.7892889],[-4.1825837,36.7893588],[-4.1827664,36.789831]],[[-4.18221,36.789811],[-4.1822598,36.7899008],[-4.1825546,36.7898243],[-4.1824633,36.7896414],[-4.18221,36.789811]],[[-4.1872799,36.7895749],[-4.1871304,36.7895284],[-4.1869061,36.7895882],[-4.1867068,36.7900338],[-4.1868646,36.7901668],[-4.1872799,36.7901003],[-4.1872799,36.7895749]],[[-4.1932035,36.7910836],[-4.1930584,36.7909846],[-4.1927659,36.7912225],[-4.193047,36.7915242],[-4.1932286,36.7915634],[-4.1932035,36.7910836]],[[-4.1737049,36.7933072],[-4.173178,36.7934487],[-4.1731412,36.7935427],[-4.173367,36.7939394],[-4.1737329,36.79398],[-4.1739377,36.7938777],[-4.173873,36.7934249],[-4.1737049,36.7933072]],[[-4.1876493,36.7942854],[-4.1874282,36.7944319],[-4.1874983,36.7945271],[-4.1879893,36.7943953],[-4.1876493,36.7942854]],[[-4.1746315,36.7975757],[-4.1744082,36.7974856],[-4.1743821,36.7975665],[-4.1745353,36.7976605],[-4.1746315,36.7975757]],[[-4.1894837,36.8066362],[-4.1890146,36.806708],[-4.1889045,36.8071522],[-4.189292,36.8071195],[-4.1894837,36.8066362]],[[-4.1961669,36.8077629],[-4.1962607,36.8079457],[-4.196483,36.8079327],[-4.1963749,36.8077057],[-4.1961669,36.8077629]],[[-4.1711434,36.8215907],[-4.1710813,36.8216146],[-4.1711847,36.821668],[-4.1711434,36.8215907]],[[-4.1709174,36.8310544],[-4.1708375,36.8311288],[-4.1709501,36.831232],[-4.1710618,36.8311281],[-4.1709174,36.8310544]],[[-4.1714521,36.8327219],[-4.1717583,36.8328176],[-4.1717876,36.8326761],[-4.1715192,36.8325396],[-4.1714521,36.8327219]],[[-4.1837351,36.8333712],[-4.1836613,36.8333884],[-4.1836962,36.8335526],[-4.1837767,36.8335419],[-4.1837351,36.8333712]],[[-4.1690432,36.8339135],[-4.1689801,36.8340923],[-4.1690489,36.834222],[-4.1691723,36.8342311],[-4.1692686,36.8340889],[-4.1690432,36.8339135]],[[-4.1818091,36.8349855],[-4.1821705,36.8349629],[-4.1819396,36.8347163],[-4.1817032,36.8348561],[-4.1818091,36.8349855]],[[-4.1763054,36.8359162],[-4.1761015,36.83565],[-4.1757917,36.8357155],[-4.1756845,36.8358185],[-4.1758776,36.8359795],[-4.1762531,36.8360139],[-4.1763054,36.8359162]],[[-4.1693952,36.8360725],[-4.169284,36.836256],[-4.1695906,36.8362818],[-4.1696542,36.836168],[-4.1693952,36.8360725]],[[-4.1701705,36.8373572],[-4.1700646,36.8374709],[-4.1700699,36.837596],[-4.1701303,36.8375863],[-4.1701705,36.8373572]],[[-4.1780009,36.8377795],[-4.1783551,36.8378571],[-4.1785322,36.8378047],[-4.1781732,36.8374805],[-4.1780785,36.8375019],[-4.1780009,36.8377795]],[[-4.1713762,36.8383758],[-4.1712996,36.8383944],[-4.1713799,36.8385744],[-4.1715424,36.8386158],[-4.1713762,36.8383758]],[[-4.1838105,36.8390331],[-4.1837394,36.8390291],[-4.1837221,36.8390845],[-4.1837873,36.8391077],[-4.1838105,36.8390331]],[[-4.1951288,36.8392884],[-4.1950577,36.8392844],[-4.1950404,36.8393397],[-4.1951055,36.8393629],[-4.1951288,36.8392884]],[[-4.1836321,36.83966],[-4.183561,36.839656],[-4.1835437,36.8397114],[-4.1836089,36.8397346],[-4.1836321,36.83966]],[[-4.1838306,36.8401601],[-4.1837595,36.8401561],[-4.1837422,36.8402115],[-4.1838074,36.8402347],[-4.1838306,36.8401601]],[[-4.1945053,36.8411684],[-4.1944477,36.841202],[-4.1944789,36.8412532],[-4.1945474,36.8412375],[-4.1945053,36.8411684]],[[-4.1828194,36.8412441],[-4.1827483,36.8412401],[-4.182731,36.8412955],[-4.1827962,36.8413187],[-4.1828194,36.8412441]],[[-4.1830675,36.8413515],[-4.1829964,36.8413475],[-4.1829791,36.8414029],[-4.1830443,36.8414261],[-4.1830675,36.8413515]],[[-4.1789541,36.842692],[-4.1790909,36.8429754],[-4.1792545,36.8429475],[-4.179056,36.8425868],[-4.1789541,36.842692]],[[-4.1936253,36.8428407],[-4.193608,36.842896],[-4.193713,36.8428719],[-4.1936253,36.8428407]],[[-4.1741774,36.8430816],[-4.1743042,36.8430524],[-4.1742741,36.8428362],[-4.1741459,36.8429301],[-4.1741774,36.8430816]],[[-4.1824812,36.8439628],[-4.1828647,36.843673],[-4.1825616,36.8435141],[-4.1824007,36.8436837],[-4.1823095,36.843952],[-4.1824812,36.8439628]],[[-4.1941811,36.8437432],[-4.19411,36.8437392],[-4.1940928,36.8437946],[-4.1941579,36.8438178],[-4.1941811,36.8437432]],[[-4.1834199,36.8442203],[-4.1836399,36.8442633],[-4.183538,36.8440229],[-4.1833931,36.8440958],[-4.1834199,36.8442203]],[[-4.1850132,36.844332],[-4.1852868,36.8441559],[-4.1848764,36.8441559],[-4.1850132,36.844332]],[[-4.174161,36.8458098],[-4.1742374,36.8458474],[-4.1744721,36.8456595],[-4.1743957,36.8455833],[-4.1741824,36.8456821],[-4.174161,36.8458098]],[[-4.1947306,36.8457291],[-4.1946595,36.8457251],[-4.1946422,36.8457805],[-4.1947073,36.8458037],[-4.1947306,36.8457291]],[[-4.1935689,36.8460682],[-4.1934978,36.8460643],[-4.1934805,36.8461196],[-4.1935456,36.8461428],[-4.1935689,36.8460682]],[[-4.1938136,36.8463917],[-4.1937964,36.8464471],[-4.1939014,36.846423],[-4.1938136,36.8463917]],[[-4.1824091,36.8467628],[-4.182338,36.8467588],[-4.1823207,36.8468142],[-4.1823859,36.8468374],[-4.1824091,36.8467628]],[[-4.1871589,36.8466973],[-4.1870517,36.8466523],[-4.186821,36.8467939],[-4.1869846,36.8470086],[-4.1871482,36.8469206],[-4.1871589,36.8466973]],[[-4.186255,36.8478854],[-4.1866507,36.8477791],[-4.1865997,36.8476203],[-4.1864039,36.8475044],[-4.1860874,36.8475581],[-4.1861545,36.8478457],[-4.186255,36.8478854]],[[-4.1840823,36.8499782],[-4.1839293,36.8500212],[-4.1839683,36.8501102],[-4.1841213,36.8500672],[-4.1840823,36.8499782]],[[-4.1940685,36.8501454],[-4.1939974,36.8501414],[-4.1939802,36.8501968],[-4.1940453,36.85022],[-4.1940685,36.8501454]],[[-4.1842032,36.8507411],[-4.1846108,36.8506917],[-4.1845679,36.8505393],[-4.184171,36.8504792],[-4.1842032,36.8507411]],[[-4.1919514,36.8506956],[-4.1919341,36.8507509],[-4.1920391,36.8507268],[-4.1919514,36.8506956]],[[-4.1881838,36.851107],[-4.1881127,36.851103],[-4.1880954,36.8511584],[-4.1881606,36.8511816],[-4.1881838,36.851107]],[[-4.1887672,36.8511653],[-4.1887499,36.8512206],[-4.1888549,36.8511965],[-4.1887672,36.8511653]],[[-4.1939426,36.8512201],[-4.1938715,36.8512161],[-4.1938543,36.8512715],[-4.1939194,36.8512947],[-4.1939426,36.8512201]],[[-4.1858684,36.8512377],[-4.1858572,36.8513382],[-4.1860136,36.8513629],[-4.1860279,36.8512358],[-4.1858684,36.8512377]],[[-4.1825125,36.8513377],[-4.1824951,36.8513677],[-4.1825582,36.8513632],[-4.1825125,36.8513377]],[[-4.1926838,36.8517311],[-4.1926262,36.8517647],[-4.1926574,36.8518159],[-4.1927259,36.8518002],[-4.1926838,36.8517311]],[[-4.1779977,36.8575758],[-4.1779575,36.8574994],[-4.177832,36.8576134],[-4.1779977,36.8575758]],[[-4.1786692,36.8604957],[-4.1787669,36.8603921],[-4.1783902,36.8602502],[-4.1785078,36.8604973],[-4.1786692,36.8604957]],[[-4.1824662,36.8620256],[-4.1828616,36.8622189],[-4.1829181,36.8621908],[-4.1828499,36.8618963],[-4.1824662,36.8620256]],[[-4.1713784,36.8634444],[-4.1715994,36.8631621],[-4.1710024,36.8633203],[-4.1703394,36.8633575],[-4.1703239,36.8638817],[-4.1713784,36.8634444]],[[-4.1829803,36.864457],[-4.1831361,36.8638836],[-4.1830095,36.8639226],[-4.1826024,36.8643721],[-4.1829803,36.864457]],[[-4.1867949,36.8650794],[-4.1864485,36.8653682],[-4.1868603,36.8652771],[-4.1869063,36.8651434],[-4.1867949,36.8650794]],[[-4.1849053,36.865689],[-4.1846412,36.8657471],[-4.1846388,36.8660388],[-4.1846969,36.8660805],[-4.1849101,36.8659564],[-4.1849053,36.865689]],[[-4.1886282,36.8683259],[-4.1884228,36.8684501],[-4.1883224,36.8686295],[-4.188429,36.8686997],[-4.1886235,36.8685693],[-4.1886909,36.8683836],[-4.1886282,36.8683259]],[[-4.1638424,36.8897093],[-4.1639887,36.8896411],[-4.1642857,36.8896589],[-4.1639948,36.8895704],[-4.1638211,36.8894192],[-4.163815,36.8890268],[-4.1642475,36.8879146],[-4.1647984,36.887507],[-4.1657943,36.887104],[-4.1661251,36.8867776],[-4.1663697,36.8864803],[-4.1667066,36.8855149],[-4.1670458,36.8853788],[-4.1672515,36.884969],[-4.1680098,36.8845168],[-4.1680892,36.8843354],[-4.1680897,36.8836908],[-4.1694634,36.8831138],[-4.1702258,36.8830569],[-4.1714669,36.8835895],[-4.1718342,36.883877],[-4.1725704,36.8842606],[-4.1726789,36.8845129],[-4.1718828,36.8848667],[-4.1714606,36.8852606],[-4.1712503,36.8856909],[-4.1712628,36.8865204],[-4.171122,36.8867326],[-4.1710677,36.888152],[-4.1709082,36.8884194],[-4.1703304,36.8889366],[-4.1691291,36.8890176],[-4.1701948,36.8890932],[-4.1707353,36.888679],[-4.1711962,36.8885351],[-4.1714104,36.8883658],[-4.171527,36.8880627],[-4.171763,36.8877967],[-4.172675,36.8877044],[-4.1729036,36.8879776],[-4.1728628,36.8886097],[-4.1732973,36.8889229],[-4.1732202,36.88916],[-4.1727273,36.8893695],[-4.1722735,36.8899543],[-4.1736169,36.8902506],[-4.1741359,36.8902832],[-4.174371,36.8908878],[-4.1750609,36.8912401],[-4.1753885,36.8916671],[-4.1756737,36.8924389],[-4.1755009,36.892617],[-4.1754364,36.8928929],[-4.174861,36.8933462],[-4.1734794,36.8934496],[-4.1731809,36.8936686],[-4.1727305,36.8938482],[-4.1725397,36.8941764],[-4.1726141,36.8943659],[-4.1737281,36.8945074],[-4.1739833,36.8946091],[-4.1739374,36.8949078],[-4.1733553,36.8954235],[-4.1742212,36.8953457],[-4.1742756,36.8958407],[-4.1740499,36.8963551],[-4.174467,36.896524],[-4.1745443,36.8967525],[-4.1744858,36.8970608],[-4.1743094,36.8973491],[-4.1748811,36.8989499],[-4.1753071,36.8996919],[-4.1752664,36.8999891],[-4.1748007,36.900058],[-4.1745727,36.9002274],[-4.1741288,36.9008023],[-4.1724539,36.9010791],[-4.1733045,36.9012534],[-4.174479,36.9016649],[-4.1751198,36.9025042],[-4.1749618,36.9022017],[-4.1750027,36.9017259],[-4.174574,36.9009953],[-4.1745955,36.9005406],[-4.1747765,36.9002918],[-4.1755168,36.9000462],[-4.1755772,36.8997298],[-4.1754058,36.8992669],[-4.1764565,36.8997716],[-4.1768975,36.899774],[-4.1775576,36.8994313],[-4.1784686,36.8987045],[-4.1791468,36.8988858],[-4.1825656,36.9003688],[-4.1832255,36.9007554],[-4.1841525,36.9014443],[-4.1843681,36.901851],[-4.1856034,36.9029506],[-4.1860488,36.903754],[-4.1869347,36.9046773],[-4.1875613,36.9050395],[-4.1888694,36.9052558],[-4.1893447,36.905453],[-4.1904513,36.9061235],[-4.191004,36.9066021],[-4.1915307,36.906901],[-4.1908263,36.9062588],[-4.1892248,36.9051742],[-4.1880124,36.9049884],[-4.1874295,36.9047853],[-4.1864731,36.9039208],[-4.1862277,36.9033959],[-4.1852783,36.902214],[-4.1846855,36.9015832],[-4.1844732,36.9014696],[-4.1840524,36.9009297],[-4.1832557,36.9005276],[-4.1824165,36.8999334],[-4.1816919,36.8995799],[-4.1812494,36.8994851],[-4.1810538,36.8992893],[-4.1798415,36.8990459],[-4.1795575,36.8988276],[-4.1788344,36.8985472],[-4.1784686,36.89846],[-4.1780328,36.8986175],[-4.1774333,36.899022],[-4.1770953,36.8991035],[-4.1767359,36.8985565],[-4.1767091,36.8981662],[-4.1768753,36.8972654],[-4.1772531,36.8964681],[-4.177409,36.8958345],[-4.1784791,36.8952115],[-4.179454,36.8948298],[-4.18075,36.8946954],[-4.1813362,36.8947748],[-4.1819038,36.8949566],[-4.182237,36.8954018],[-4.1829277,36.8973018],[-4.1834878,36.8978352],[-4.1840009,36.8979323],[-4.1842598,36.8978688],[-4.183593,36.8977401],[-4.1831142,36.8972031],[-4.1827357,36.8960088],[-4.1827779,36.8954819],[-4.1830161,36.8947062],[-4.1834758,36.8944121],[-4.1857818,36.8940461],[-4.1860764,36.8941695],[-4.1868662,36.8941803],[-4.1882195,36.8951804],[-4.1886172,36.8953175],[-4.1892462,36.8953322],[-4.1896993,36.8957146],[-4.1894759,36.8953439],[-4.189787,36.8948446],[-4.1889273,36.8952255],[-4.1885989,36.8952353],[-4.1880835,36.8949454],[-4.187654,36.8945378],[-4.1868123,36.8939649],[-4.186303,36.8939039],[-4.1843224,36.8938482],[-4.1835287,36.8939454],[-4.1826213,36.8944104],[-4.1816566,36.8943601],[-4.1812181,36.8940285],[-4.1800918,36.893838],[-4.1791231,36.8941442],[-4.178659,36.8940198],[-4.1787556,36.8935222],[-4.1785732,36.8931703],[-4.1786081,36.8929322],[-4.1788494,36.8925955],[-4.1800672,36.8920162],[-4.1802684,36.8917288],[-4.1803749,36.8912926],[-4.1796817,36.890678],[-4.1795973,36.8900463],[-4.1799529,36.8890412],[-4.1798017,36.8883621],[-4.1795883,36.8881415],[-4.1793054,36.8881871],[-4.1791284,36.8879382],[-4.1788468,36.8879768],[-4.178313,36.8876958],[-4.1784243,36.8874695],[-4.1798574,36.8867146],[-4.1799849,36.8865771],[-4.1798527,36.8864515],[-4.1792303,36.8863099],[-4.1788414,36.8859431],[-4.1782482,36.885737],[-4.1785721,36.8852329],[-4.1787619,36.8847441],[-4.1787046,36.8842569],[-4.1791472,36.8839287],[-4.1799197,36.8838235],[-4.1803394,36.8836434],[-4.1805527,36.8834567],[-4.1813761,36.8833129],[-4.1799251,36.8832871],[-4.1788361,36.8827787],[-4.1783306,36.8826784],[-4.1781307,36.8820857],[-4.1785759,36.8809015],[-4.1779858,36.8812683],[-4.1776747,36.8812233],[-4.1774976,36.8810474],[-4.1777134,36.8806345],[-4.1773206,36.8801205],[-4.1764639,36.8797394],[-4.1762788,36.8783131],[-4.1755598,36.87824],[-4.1754461,36.8778888],[-4.1746311,36.8769314],[-4.1751158,36.8753359],[-4.1754189,36.8748875],[-4.1756318,36.874854],[-4.1758776,36.8749948],[-4.1764937,36.8750558],[-4.1776148,36.8753339],[-4.1779798,36.8753257],[-4.1782238,36.8754896],[-4.1783889,36.8757326],[-4.1787796,36.8757201],[-4.1792332,36.875851],[-4.1795848,36.876072],[-4.1798365,36.8766705],[-4.1799553,36.8767233],[-4.1804362,36.8765567],[-4.1806074,36.876638],[-4.1806159,36.8768299],[-4.1812413,36.8771419],[-4.181706,36.8770975],[-4.1819779,36.8772809],[-4.1819437,36.8774808],[-4.1820091,36.8775351],[-4.1829379,36.8776903],[-4.1833519,36.8778641],[-4.1835517,36.878333],[-4.1838263,36.8787013],[-4.1839249,36.8793927],[-4.1843986,36.8798242],[-4.1841452,36.8795092],[-4.1840662,36.8790281],[-4.1843677,36.8783708],[-4.1849074,36.8778295],[-4.1853553,36.8778899],[-4.185811,36.8778102],[-4.1866072,36.8775191],[-4.1868371,36.8772648],[-4.1871868,36.8766499],[-4.1880119,36.8770138],[-4.1883605,36.8776895],[-4.1886513,36.8779253],[-4.1894842,36.8783349],[-4.1902451,36.8790126],[-4.1909068,36.8800665],[-4.1911529,36.8811703],[-4.1910776,36.8816258],[-4.1912386,36.8812866],[-4.1911688,36.8806633],[-4.1915111,36.8807607],[-4.1919042,36.8807324],[-4.192486,36.8805107],[-4.1920625,36.8806457],[-4.191547,36.8806905],[-4.191097,36.880203],[-4.1907835,36.8794889],[-4.1902034,36.8787217],[-4.1896712,36.8782591],[-4.1888185,36.8777857],[-4.1884815,36.8775049],[-4.1881087,36.8768893],[-4.1873521,36.8765418],[-4.1883906,36.875994],[-4.188306,36.875936],[-4.1887368,36.8758399],[-4.1892785,36.8755572],[-4.1889907,36.8752691],[-4.1888512,36.875402],[-4.1885037,36.8754666],[-4.1880288,36.8757126],[-4.1872582,36.8762414],[-4.1869658,36.8762907],[-4.186652,36.8762092],[-4.1856623,36.876604],[-4.1854584,36.8762049],[-4.184804,36.8765353],[-4.1844392,36.8765525],[-4.1842192,36.8763808],[-4.1840645,36.8758945],[-4.1827571,36.8750059],[-4.182677,36.8745013],[-4.1821799,36.8742468],[-4.1819807,36.873753],[-4.1815692,36.8734671],[-4.181276,36.873008],[-4.1813841,36.8721168],[-4.1812063,36.8720569],[-4.1808666,36.8721061],[-4.1805446,36.8723299],[-4.1797892,36.8724594],[-4.1794825,36.8728298],[-4.1790614,36.8728877],[-4.1786312,36.8727395],[-4.1783847,36.8724337],[-4.1778088,36.8721153],[-4.177857,36.8718621],[-4.176693,36.8713343],[-4.1755074,36.8712484],[-4.1748053,36.8710796],[-4.1745606,36.8708686],[-4.1765052,36.8698794],[-4.1769505,36.8697464],[-4.1774547,36.8692958],[-4.1783068,36.8692535],[-4.1787717,36.8690834],[-4.1788249,36.8688754],[-4.1791179,36.868652],[-4.1799845,36.8683092],[-4.1803053,36.867925],[-4.1804317,36.8673024],[-4.1806586,36.8670991],[-4.1802957,36.867179],[-4.1801621,36.8678495],[-4.1799097,36.8681931],[-4.1788922,36.868602],[-4.1784265,36.8690106],[-4.1781195,36.8690915],[-4.1774049,36.8689593],[-4.1771673,36.8690861],[-4.1768688,36.8690369],[-4.1762777,36.8685982],[-4.1759017,36.8686349],[-4.175653,36.8685047],[-4.1754918,36.8683496],[-4.1755762,36.8678845],[-4.1755047,36.86776],[-4.175343,36.8676947],[-4.1745852,36.8680568],[-4.173599,36.8678726],[-4.1734205,36.8676854],[-4.173282,36.8673533],[-4.1726515,36.8669158],[-4.1707365,36.8661245],[-4.1698164,36.8659849],[-4.1683942,36.8654826],[-4.1681184,36.8653146],[-4.1680909,36.8649721],[-4.169563,36.8639405],[-4.16881,36.8641093],[-4.1682467,36.8637659],[-4.1683003,36.8633131],[-4.1686973,36.8629805],[-4.1678838,36.8629152],[-4.1677496,36.8630075],[-4.1677321,36.8632349],[-4.1670799,36.8638238],[-4.1660621,36.863146],[-4.1660419,36.8630535],[-4.1663771,36.8626011],[-4.1663212,36.8623555],[-4.1660332,36.8623102],[-4.1658005,36.8619333],[-4.165653,36.8618807],[-4.1655229,36.8619418],[-4.1657361,36.8624129],[-4.1656248,36.8625052],[-4.1652386,36.8623893],[-4.1650938,36.8622358],[-4.1651152,36.8620459],[-4.1654643,36.8617359],[-4.1649285,36.8614233],[-4.1641826,36.8613189],[-4.1637829,36.8609463],[-4.1617822,36.8606496],[-4.1599278,36.8600568],[-4.1596512,36.860508],[-4.159437,36.8606332],[-4.1591745,36.8605483],[-4.1592422,36.8607989],[-4.1590101,36.8609257],[-4.1587678,36.8609275],[-4.1585252,36.8608266],[-4.1579501,36.8604551],[-4.1576468,36.8604694],[-4.1574646,36.86037],[-4.1572991,36.8607414],[-4.1577183,36.8609019],[-4.1581357,36.8618221],[-4.1584335,36.8622302],[-4.1588026,36.8624848],[-4.1585522,36.8629599],[-4.1587028,36.8630916],[-4.1607669,36.8632236],[-4.1604837,36.8638104],[-4.1595071,36.8647229],[-4.1592347,36.865356],[-4.160579,36.865517],[-4.160789,36.8658847],[-4.1607928,36.8665432],[-4.1605477,36.8669708],[-4.1594741,36.8671989],[-4.1587235,36.8669287],[-4.1577278,36.866916],[-4.156964,36.8666938],[-4.1578939,36.8676448],[-4.158418,36.868065],[-4.15827,36.8685965],[-4.158356,36.8690937],[-4.1587405,36.8700437],[-4.1592523,36.8703221],[-4.1598591,36.8708376],[-4.1603166,36.8709679],[-4.1604873,36.8711453],[-4.1605811,36.8714443],[-4.1610128,36.8715145],[-4.1614346,36.8714813],[-4.1615512,36.8713172],[-4.1620052,36.8713128],[-4.1622412,36.8715016],[-4.1622734,36.8718106],[-4.1624657,36.8719198],[-4.1625953,36.8721404],[-4.1628568,36.8721581],[-4.1631815,36.8725092],[-4.1641831,36.8727032],[-4.1644353,36.8733727],[-4.1642246,36.8737632],[-4.1629144,36.8742742],[-4.1628302,36.8744461],[-4.1624117,36.8746406],[-4.1622207,36.8748385],[-4.1621815,36.8750626],[-4.1616044,36.8752174],[-4.1617539,36.8753669],[-4.1617542,36.8756182],[-4.1619033,36.8757172],[-4.1627143,36.8757214],[-4.162932,36.8760414],[-4.1638521,36.8756806],[-4.1644613,36.8755978],[-4.1652889,36.8751865],[-4.1666736,36.8748081],[-4.1669726,36.874969],[-4.1669887,36.8753681],[-4.1667827,36.8758856],[-4.1671859,36.8767533],[-4.1671726,36.8769632],[-4.1677069,36.8776762],[-4.1676223,36.8778687],[-4.1678743,36.8780685],[-4.1680465,36.8783884],[-4.1678685,36.8788139],[-4.1684479,36.8792301],[-4.1685337,36.8794061],[-4.1674725,36.8800591],[-4.1673048,36.8809947],[-4.1669373,36.8815464],[-4.1664596,36.8819467],[-4.1650711,36.8825465],[-4.1639483,36.8826938],[-4.1643081,36.8827738],[-4.1649851,36.8832029],[-4.1658365,36.8845006],[-4.1656888,36.8862904],[-4.1654715,36.8868025],[-4.1645619,36.8871631],[-4.1638442,36.8881501],[-4.1635341,36.8891932],[-4.1625015,36.8897361],[-4.162599,36.8898726],[-4.1632725,36.8896606],[-4.1635272,36.8894034],[-4.1638424,36.8897093]],[[-4.1834993,36.8908712],[-4.183196,36.8907415],[-4.1830757,36.8907687],[-4.1830731,36.8909318],[-4.183264,36.8911012],[-4.1834993,36.8908712]],[[-4.1837425,36.8910908],[-4.1836458,36.8910615],[-4.183447,36.8911765],[-4.183583,36.8913375],[-4.1837765,36.8912643],[-4.1837425,36.8910908]],[[-4.190756,36.8986157],[-4.190852,36.8985863],[-4.1907356,36.8985732],[-4.190756,36.8986157]],[[-4.1862886,36.898788],[-4.1863869,36.8987692],[-4.1863375,36.898722],[-4.1862886,36.898788]],[[-4.1912814,36.9073754],[-4.1912827,36.9074215],[-4.1913672,36.9073764],[-4.1912814,36.9073754]],[[-4.1924615,36.9077335],[-4.1920968,36.9076134],[-4.1920243,36.9077239],[-4.1927365,36.9080466],[-4.1928102,36.9079812],[-4.1924615,36.9077335]],[[-4.190844,36.9124184],[-4.1911628,36.9124657],[-4.1911783,36.9122005],[-4.1908851,36.9121861],[-4.190844,36.9124184]],[[-4.1932224,36.9123033],[-4.1928521,36.9122766],[-4.1928315,36.9124081],[-4.1932275,36.9124493],[-4.1932224,36.9123033]],[[-4.1909263,36.9136067],[-4.19061,36.9135758],[-4.1905946,36.9137095],[-4.1908903,36.9137465],[-4.1909263,36.9136067]],[[-4.186347,36.914172],[-4.1862467,36.9141083],[-4.186032,36.914171],[-4.1860757,36.9142902],[-4.186347,36.9143272],[-4.186347,36.914172]],[[-4.1945587,36.9163932],[-4.194677,36.9164641],[-4.1947786,36.916386],[-4.1946667,36.9162874],[-4.1945587,36.9163932]],[[-4.1945015,36.9165186],[-4.1945568,36.916569],[-4.1945517,36.9164847],[-4.1945015,36.9165186]],[[-4.1862174,36.9166349],[-4.1862211,36.9167185],[-4.1863257,36.9167155],[-4.186322,36.9166319],[-4.1862174,36.9166349]],[[-4.1958373,36.9169719],[-4.1959555,36.9170428],[-4.1960571,36.9169647],[-4.1959452,36.916866],[-4.1958373,36.9169719]],[[-4.1853242,36.9171732],[-4.1854805,36.9171628],[-4.1854751,36.917111],[-4.1853608,36.9170818],[-4.1853242,36.9171732]],[[-4.1793324,36.9192674],[-4.1794437,36.9192587],[-4.1794358,36.919194],[-4.1793565,36.91918],[-4.1793324,36.9192674]],[[-4.1836807,36.9206924],[-4.183855,36.9207042],[-4.1839006,36.9205927],[-4.1837115,36.9205724],[-4.1836807,36.9206924]],[[-4.184417,36.9209208],[-4.1843392,36.9207385],[-4.1841675,36.9206635],[-4.1840093,36.9207643],[-4.1841675,36.9208372],[-4.1842051,36.9210109],[-4.184417,36.9209208]],[[-4.1870433,36.9208225],[-4.1869446,36.9208493],[-4.1869689,36.9209066],[-4.1870446,36.9209058],[-4.1870433,36.9208225]],[[-4.1836874,36.9208318],[-4.1836418,36.9209165],[-4.1837478,36.9209326],[-4.1837625,36.92085],[-4.1836874,36.9208318]],[[-4.1840213,36.9209916],[-4.1838805,36.920894],[-4.1837357,36.9210302],[-4.1838819,36.9211288],[-4.1840213,36.9209916]],[[-4.1836101,36.9211017],[-4.1836768,36.9211722],[-4.1837498,36.9210725],[-4.1836101,36.9211017]],[[-4.1834318,36.9213242],[-4.1834618,36.9213538],[-4.1834828,36.9212911],[-4.1834318,36.9213242]],[[-4.1836767,36.9223232],[-4.1838752,36.9218043],[-4.183446,36.9215298],[-4.18321,36.9219844],[-4.1832475,36.9222803],[-4.1836767,36.9223232]],[[-4.1963653,36.9236265],[-4.1964441,36.9237077],[-4.1965456,36.9236447],[-4.1964669,36.9235635],[-4.1963653,36.9236265]],[[-4.1856569,36.9239722],[-4.185614,36.9237407],[-4.185158,36.9237492],[-4.1851687,36.9240108],[-4.1856569,36.9239722]],[[-4.195981,36.9247924],[-4.1960608,36.9248746],[-4.1961636,36.9248108],[-4.1960838,36.9247287],[-4.195981,36.9247924]],[[-4.1903693,36.9257429],[-4.1904126,36.9256513],[-4.190324,36.9256663],[-4.1903693,36.9257429]],[[-4.1903435,36.9290336],[-4.1903747,36.929076],[-4.1904509,36.9289884],[-4.1903949,36.9288009],[-4.1904722,36.9287369],[-4.1904562,36.9285153],[-4.1906268,36.9283044],[-4.1904224,36.9284817],[-4.1903435,36.9290336]],[[-4.1724439,36.9365946],[-4.1725742,36.9364672],[-4.1725453,36.9362102],[-4.1720238,36.9363214],[-4.1722034,36.9366409],[-4.1724439,36.9365946]],[[-4.1597966,36.7207181],[-4.159288,36.7207894],[-4.1593085,36.7208832],[-4.1598171,36.7208119],[-4.1597966,36.7207181]],[[-4.1447894,36.7266855],[-4.1447324,36.7265356],[-4.1446513,36.7265716],[-4.1447894,36.7266855]],[[-4.1499467,36.7279314],[-4.1499581,36.7279905],[-4.1499879,36.7279263],[-4.1499467,36.7279314]],[[-4.1500838,36.7280574],[-4.1500051,36.7279411],[-4.1500285,36.7280642],[-4.1500838,36.7280574]],[[-4.1499599,36.7279948],[-4.1499706,36.7280668],[-4.150002,36.7279908],[-4.1499599,36.7279948]],[[-4.1508002,36.729833],[-4.1508193,36.729867],[-4.1508564,36.7298127],[-4.1508002,36.729833]],[[-4.1650671,36.7319091],[-4.1650899,36.7317946],[-4.1647781,36.7316517],[-4.1646928,36.7318782],[-4.1650671,36.7319091]],[[-4.1566435,36.7328237],[-4.1565529,36.7328156],[-4.1566361,36.7328766],[-4.1566435,36.7328237]],[[-4.1514059,36.7336541],[-4.1513776,36.7337208],[-4.1514479,36.733763],[-4.1515204,36.7336854],[-4.1514059,36.7336541]],[[-4.1590468,36.7336432],[-4.1589355,36.7338411],[-4.1593237,36.7339314],[-4.159328,36.7336592],[-4.1590468,36.7336432]],[[-4.1550136,36.7353656],[-4.1549225,36.7353575],[-4.1550062,36.7354185],[-4.1550136,36.7353656]],[[-4.1565485,36.7408706],[-4.1565136,36.7408125],[-4.1564436,36.7408753],[-4.1565485,36.7408706]],[[-4.1530755,36.7442754],[-4.1529929,36.7443411],[-4.1530524,36.7443893],[-4.1531351,36.7443236],[-4.1530755,36.7442754]],[[-4.1533079,36.7444657],[-4.1532691,36.744526],[-4.1533727,36.7445687],[-4.1534114,36.7445084],[-4.1533079,36.7444657]],[[-4.1457031,36.745933],[-4.1457808,36.7457611],[-4.1454053,36.745602],[-4.14529,36.745673],[-4.1455019,36.7458814],[-4.1457031,36.745933]],[[-4.1677876,36.7459474],[-4.167763,36.7460705],[-4.1679015,36.7461273],[-4.167999,36.7459745],[-4.1677876,36.7459474]],[[-4.1646305,36.7469808],[-4.1647423,36.7470109],[-4.1646931,36.7469489],[-4.1646305,36.7469808]],[[-4.1524335,36.7476871],[-4.1524869,36.7476267],[-4.1524527,36.7475961],[-4.1523719,36.747632],[-4.1524335,36.7476871]],[[-4.1614904,36.7491209],[-4.1620778,36.748416],[-4.1615923,36.7482247],[-4.1611632,36.748934],[-4.1614904,36.7491209]],[[-4.1578115,36.7487865],[-4.1578,36.7486596],[-4.1575819,36.7486723],[-4.1576644,36.7488345],[-4.1578115,36.7487865]],[[-4.1683934,36.7533203],[-4.1684875,36.7532475],[-4.1683779,36.753232],[-4.1683934,36.7533203]],[[-4.1566354,36.7536021],[-4.1565362,36.7534807],[-4.1563296,36.7534613],[-4.1560976,36.7537128],[-4.1562384,36.7539535],[-4.1566193,36.753759],[-4.1566354,36.7536021]],[[-4.1441902,36.7545873],[-4.1451274,36.7541894],[-4.1451834,36.7533488],[-4.1439065,36.7533906],[-4.1437646,36.7534744],[-4.1438318,36.7542881],[-4.1439363,36.7545035],[-4.1441902,36.7545873]],[[-4.1635467,36.7548213],[-4.1637117,36.7545878],[-4.1636567,36.7545306],[-4.1630464,36.7544997],[-4.1629529,36.7545658],[-4.1630272,36.7548191],[-4.1633378,36.7549138],[-4.1635467,36.7548213]],[[-4.1553206,36.7547975],[-4.1552339,36.7548833],[-4.1553957,36.7548901],[-4.1553206,36.7547975]],[[-4.1629557,36.7573498],[-4.1632471,36.7573278],[-4.1632086,36.7570481],[-4.1629034,36.7570723],[-4.1629557,36.7573498]],[[-4.154101,36.7623162],[-4.1548822,36.7620834],[-4.1544256,36.7617176],[-4.1539613,36.7618204],[-4.154101,36.7623162]],[[-4.1534405,36.7630933],[-4.1538557,36.7629784],[-4.1535047,36.7624614],[-4.1533613,36.7624553],[-4.1531575,36.762673],[-4.1533235,36.7630419],[-4.1534405,36.7630933]],[[-4.1481202,36.7635164],[-4.14808,36.7635853],[-4.1481983,36.7636296],[-4.1482385,36.7635607],[-4.1481202,36.7635164]],[[-4.1508051,36.7648797],[-4.1509606,36.7649899],[-4.1512835,36.7648845],[-4.1512715,36.7645826],[-4.1511878,36.7644533],[-4.1507931,36.7644006],[-4.1506795,36.7644868],[-4.1508051,36.7648797]],[[-4.1571025,36.7655189],[-4.1570023,36.7654557],[-4.1568938,36.7655661],[-4.1569939,36.7656293],[-4.1571025,36.7655189]],[[-4.1512394,36.7690971],[-4.1513466,36.7691195],[-4.1512841,36.7690341],[-4.1512394,36.7690971]],[[-4.1474509,36.7695956],[-4.1475908,36.7698037],[-4.1478499,36.7699001],[-4.1480843,36.7698308],[-4.1481335,36.7696332],[-4.1480329,36.7694431],[-4.1475655,36.7693915],[-4.1474509,36.7695956]],[[-4.1540546,36.7701927],[-4.1541618,36.7702151],[-4.1540993,36.7701297],[-4.1540546,36.7701927]],[[-4.1499659,36.7703594],[-4.1500664,36.7703637],[-4.1500188,36.7703213],[-4.1499659,36.7703594]],[[-4.1520308,36.7705257],[-4.1519242,36.7705757],[-4.1520314,36.7705981],[-4.1520308,36.7705257]],[[-4.1458059,36.7720829],[-4.1458657,36.7720844],[-4.14582,36.7720454],[-4.1458059,36.7720829]],[[-4.1477184,36.7760604],[-4.1476119,36.7761105],[-4.1476905,36.7761463],[-4.1477184,36.7760604]],[[-4.1438568,36.7763749],[-4.1439337,36.7764303],[-4.1440028,36.7763687],[-4.1439237,36.7763139],[-4.1438568,36.7763749]],[[-4.1463785,36.7765664],[-4.1464387,36.7765955],[-4.1464148,36.7765182],[-4.1463785,36.7765664]],[[-4.1469445,36.7777991],[-4.1468054,36.7778607],[-4.1469051,36.7779088],[-4.1469445,36.7777991]],[[-4.1468633,36.778053],[-4.1469705,36.7780754],[-4.146908,36.77799],[-4.1468633,36.778053]],[[-4.1465773,36.7782099],[-4.1466551,36.7782253],[-4.1466089,36.7781639],[-4.1465773,36.7782099]],[[-4.1521337,36.7783589],[-4.1522173,36.7783423],[-4.1521351,36.7783026],[-4.1521337,36.7783589]],[[-4.1444113,36.7802304],[-4.1443048,36.7802805],[-4.1444119,36.7803028],[-4.1444113,36.7802304]],[[-4.1474788,36.7810656],[-4.147586,36.781088],[-4.1475235,36.7810026],[-4.1474788,36.7810656]],[[-4.1454706,36.7817786],[-4.1455533,36.7817977],[-4.1454844,36.7817403],[-4.1454706,36.7817786]],[[-4.1508667,36.781914],[-4.1509494,36.7819331],[-4.1508804,36.7818758],[-4.1508667,36.781914]],[[-4.1644001,36.7820531],[-4.1642829,36.7821167],[-4.1643623,36.7822107],[-4.1644795,36.782147],[-4.1644001,36.7820531]],[[-4.1636745,36.782201],[-4.1635188,36.7821912],[-4.1635299,36.7822836],[-4.1636454,36.7822909],[-4.1636745,36.782201]],[[-4.1634821,36.7822632],[-4.1633516,36.7821596],[-4.1632576,36.7822356],[-4.1633881,36.7823392],[-4.1634821,36.7822632]],[[-4.1557917,36.7836035],[-4.1558579,36.7836644],[-4.1559341,36.7836114],[-4.1558678,36.7835504],[-4.1557917,36.7836035]],[[-4.1576413,36.7837394],[-4.1577015,36.7837685],[-4.1576775,36.7836912],[-4.1576413,36.7837394]],[[-4.1550997,36.7838828],[-4.1551659,36.7839437],[-4.1552421,36.7838907],[-4.1551758,36.7838297],[-4.1550997,36.7838828]],[[-4.151401,36.7846943],[-4.1514672,36.7847552],[-4.1515434,36.7847022],[-4.1514771,36.7846412],[-4.151401,36.7846943]],[[-4.1462634,36.7850423],[-4.1463461,36.7850614],[-4.1462996,36.7849941],[-4.1462634,36.7850423]],[[-4.1607138,36.7852152],[-4.1607965,36.7852343],[-4.16075,36.785167],[-4.1607138,36.7852152]],[[-4.1514078,36.7868661],[-4.1515178,36.7868468],[-4.1518047,36.7864258],[-4.1520408,36.7863205],[-4.1522715,36.7863227],[-4.1522661,36.7861465],[-4.1519684,36.7857341],[-4.1511986,36.7861036],[-4.1508901,36.7865933],[-4.1514078,36.7868661]],[[-4.1622378,36.7881307],[-4.1621844,36.7882248],[-4.1623082,36.7882538],[-4.1623264,36.7881515],[-4.1622378,36.7881307]],[[-4.161758,36.791286],[-4.1618198,36.7912774],[-4.1618124,36.791265],[-4.161758,36.791286]],[[-4.1477573,36.7961372],[-4.1477327,36.796109],[-4.1477253,36.7961603],[-4.1477573,36.7961372]],[[-4.1457323,36.7965861],[-4.1456921,36.7965579],[-4.1457002,36.7966092],[-4.1457323,36.7965861]],[[-4.1583574,36.7966469],[-4.1582769,36.7965889],[-4.1582809,36.7966651],[-4.1583574,36.7966469]],[[-4.1470373,36.7968146],[-4.1470126,36.7967863],[-4.1470053,36.7968376],[-4.1470373,36.7968146]],[[-4.1502053,36.8132996],[-4.1502195,36.8131196],[-4.1493856,36.8127254],[-4.1489558,36.8127095],[-4.1488277,36.8129396],[-4.1493201,36.8135525],[-4.1496645,36.813687],[-4.1502053,36.8132996]],[[-4.1478686,36.8149083],[-4.1477832,36.815348],[-4.148028,36.8153572],[-4.1481447,36.8150359],[-4.1478686,36.8149083]],[[-4.1447998,36.8154251],[-4.1444189,36.8155797],[-4.1447086,36.8161681],[-4.1452236,36.8160135],[-4.1447998,36.8154251]],[[-4.1474555,36.8187324],[-4.1476929,36.818733],[-4.1479088,36.8186025],[-4.1479685,36.8184592],[-4.1476902,36.8173147],[-4.1474046,36.8170807],[-4.146909,36.8172047],[-4.1467454,36.8174457],[-4.147251,36.8186127],[-4.1474555,36.8187324]],[[-4.1587436,36.8287018],[-4.1594115,36.8288349],[-4.1594705,36.8287512],[-4.159264,36.8284098],[-4.158462,36.8283669],[-4.1584486,36.8284914],[-4.1587436,36.8287018]],[[-4.1524726,36.8285698],[-4.152313,36.8284592],[-4.1517645,36.8288403],[-4.1522634,36.8288993],[-4.1524726,36.8285698]],[[-4.145578,36.8293738],[-4.1456974,36.8292342],[-4.1456679,36.829173],[-4.1455217,36.8291838],[-4.145468,36.829348],[-4.145578,36.8293738]],[[-4.1436605,36.8297875],[-4.1432865,36.8296097],[-4.1429405,36.8298156],[-4.1430578,36.8300306],[-4.1436605,36.8297875]],[[-4.1654116,36.8333884],[-4.1655082,36.8335558],[-4.1657871,36.8336889],[-4.1660821,36.8334013],[-4.1660339,36.8332639],[-4.1658837,36.8331952],[-4.1654331,36.8332639],[-4.1654116,36.8333884]],[[-4.1593352,36.8362833],[-4.1595573,36.8362505],[-4.1595274,36.8355292],[-4.1594397,36.8354814],[-4.1592457,36.8355934],[-4.1593352,36.8362833]],[[-4.1582595,36.8359312],[-4.1580972,36.8359001],[-4.1581012,36.8359999],[-4.1582729,36.8360149],[-4.1582595,36.8359312]],[[-4.1675413,36.8371452],[-4.1674715,36.8370808],[-4.1670504,36.8371495],[-4.1670558,36.8372482],[-4.1672274,36.8374157],[-4.1675279,36.837289],[-4.1675413,36.8371452]],[[-4.1435435,36.8403072],[-4.1431882,36.8403909],[-4.143164,36.8404693],[-4.1434416,36.8405176],[-4.1435435,36.8403072]],[[-4.1439915,36.843248],[-4.1436307,36.8433446],[-4.1437916,36.8434272],[-4.1440813,36.8433381],[-4.1439915,36.843248]],[[-4.1465986,36.8453065],[-4.1465123,36.8454694],[-4.1469683,36.845624],[-4.1470546,36.845461],[-4.1465986,36.8453065]],[[-4.153349,36.8467456],[-4.1530701,36.8467577],[-4.1531331,36.8469983],[-4.1533891,36.8469184],[-4.153349,36.8467456]],[[-4.1463914,36.847093],[-4.1463506,36.8471489],[-4.1466299,36.8472798],[-4.1468513,36.847213],[-4.1468411,36.8470971],[-4.1463914,36.847093]],[[-4.1549847,36.8491571],[-4.1549203,36.8490582],[-4.1546966,36.8489855],[-4.1546295,36.8490771],[-4.1549847,36.8491571]],[[-4.154649,36.8492737],[-4.1547071,36.8493057],[-4.1546889,36.8492272],[-4.154649,36.8492737]],[[-4.1544337,36.8492363],[-4.1544502,36.8493806],[-4.1546341,36.8493235],[-4.1546391,36.8492325],[-4.1544337,36.8492363]],[[-4.1604173,36.8498418],[-4.1605997,36.8495134],[-4.1601813,36.8494683],[-4.1601223,36.8495885],[-4.1604173,36.8498418]],[[-4.1590443,36.8515565],[-4.1592186,36.8515234],[-4.1591101,36.8513254],[-4.158943,36.851416],[-4.1590443,36.8515565]],[[-4.1527537,36.8521919],[-4.1525318,36.8519457],[-4.1522472,36.851882],[-4.1521446,36.8519674],[-4.1523351,36.8524498],[-4.1526825,36.852361],[-4.1527537,36.8521919]],[[-4.1516639,36.8537695],[-4.1514869,36.8535452],[-4.1513582,36.8536697],[-4.1515392,36.8539326],[-4.1516639,36.8537695]],[[-4.160243,36.8555723],[-4.1600557,36.8555924],[-4.1600853,36.8557684],[-4.1602725,36.8557483],[-4.160243,36.8555723]],[[-4.1637434,36.8572456],[-4.1636656,36.8572428],[-4.1636851,36.8575679],[-4.1637611,36.8575679],[-4.1637434,36.8572456]],[[-4.1635898,36.8573664],[-4.1635902,36.8575018],[-4.1636358,36.8573663],[-4.1635898,36.8573664]],[[-4.1530706,36.8617282],[-4.1531022,36.8615344],[-4.1524957,36.8615411],[-4.1524045,36.8616338],[-4.1524124,36.8617867],[-4.1530706,36.8617282]],[[-4.1527005,36.861955],[-4.1528046,36.8623125],[-4.1531467,36.8622044],[-4.1531577,36.8619642],[-4.1530269,36.861911],[-4.1527005,36.861955]],[[-4.1453216,36.8628766],[-4.1456194,36.8626382],[-4.1454448,36.8624635],[-4.1451002,36.8627383],[-4.1453216,36.8628766]],[[-4.1515986,36.8634535],[-4.1515259,36.8632683],[-4.1514142,36.8632931],[-4.1513629,36.8634249],[-4.1514265,36.863498],[-4.1515986,36.8634535]],[[-4.147816,36.8638109],[-4.1480024,36.8633537],[-4.1477795,36.8629841],[-4.1476863,36.8629743],[-4.1474553,36.8631981],[-4.1474472,36.8633861],[-4.1476093,36.8638109],[-4.147816,36.8638109]],[[-4.149563,36.8639356],[-4.1496938,36.8638986],[-4.1496679,36.8637687],[-4.1495333,36.8637976],[-4.149563,36.8639356]],[[-4.1497751,36.8652692],[-4.1494785,36.8653428],[-4.1495104,36.8654893],[-4.1498499,36.8659401],[-4.1499975,36.8659386],[-4.1500356,36.8658307],[-4.1497751,36.8652692]],[[-4.1544346,36.8677849],[-4.1544637,36.8678505],[-4.1544764,36.867773],[-4.1544346,36.8677849]],[[-4.1579118,36.8722474],[-4.1577877,36.8722074],[-4.1577397,36.8722737],[-4.1578447,36.87234],[-4.1579118,36.8722474]],[[-4.1591749,36.8728646],[-4.1590971,36.8729105],[-4.1592041,36.8730266],[-4.1592819,36.8729807],[-4.1591749,36.8728646]],[[-4.1463894,36.8731341],[-4.1467479,36.8734125],[-4.1469366,36.8732297],[-4.146576,36.8730016],[-4.1463894,36.8731341]],[[-4.1506312,36.8733296],[-4.1509007,36.8732665],[-4.1509118,36.8732361],[-4.1506754,36.8731198],[-4.1506312,36.8733296]],[[-4.1596058,36.8757998],[-4.1595253,36.8758346],[-4.1596071,36.8759557],[-4.1596876,36.8759209],[-4.1596058,36.8757998]],[[-4.1650537,36.8782991],[-4.1650811,36.8783323],[-4.1651512,36.8782476],[-4.1650537,36.8782991]],[[-4.1653475,36.8789518],[-4.1653952,36.878951],[-4.1653448,36.878855],[-4.1653475,36.8789518]],[[-4.1479428,36.8886825],[-4.1474773,36.8887438],[-4.147604,36.8893188],[-4.1480754,36.8892552],[-4.1479428,36.8886825]],[[-4.1519508,36.8929054],[-4.1519554,36.8927337],[-4.151596,36.8926796],[-4.1515237,36.8928345],[-4.1518177,36.8929857],[-4.1519508,36.8929054]],[[-4.1583212,36.9042332],[-4.1581177,36.9041824],[-4.158052,36.9042924],[-4.1582293,36.904387],[-4.1583212,36.9042332]],[[-4.1588893,36.9456836],[-4.1588705,36.9455389],[-4.1587565,36.9455914],[-4.1588893,36.9456836]],[[-4.1251614,36.7248006],[-4.1251815,36.7247702],[-4.1251391,36.7247316],[-4.1251614,36.7248006]],[[-4.1229165,36.7304668],[-4.1230045,36.7304623],[-4.1229124,36.7304156],[-4.1229165,36.7304668]],[[-4.1179979,36.7350351],[-4.1179998,36.7350648],[-4.118034,36.7350284],[-4.1179979,36.7350351]],[[-4.1174934,36.7377322],[-4.1174994,36.7376707],[-4.1173939,36.7376641],[-4.1173879,36.7377255],[-4.1174934,36.7377322]],[[-4.1194918,36.7379228],[-4.1197131,36.7378703],[-4.1196405,36.7377915],[-4.1193852,36.7378555],[-4.1194918,36.7379228]],[[-4.1416941,36.7405374],[-4.1415856,36.7406358],[-4.1417084,36.7407227],[-4.1418169,36.7406243],[-4.1416941,36.7405374]],[[-4.1324333,36.7429684],[-4.1321431,36.7428716],[-4.1318706,36.742946],[-4.1316246,36.743581],[-4.1317425,36.7438666],[-4.1319663,36.7439657],[-4.1322683,36.743725],[-4.1324922,36.7431077],[-4.1324333,36.7429684]],[[-4.1406259,36.7442109],[-4.1400274,36.7441604],[-4.1399937,36.7442758],[-4.1400274,36.7443876],[-4.1406282,36.7443497],[-4.1406259,36.7442109]],[[-4.118307,36.7477321],[-4.118316,36.7477747],[-4.1183578,36.7477177],[-4.118307,36.7477321]],[[-4.1229538,36.7480449],[-4.1230343,36.7479745],[-4.1229276,36.7479782],[-4.1229538,36.7480449]],[[-4.1296682,36.7484491],[-4.1295481,36.748485],[-4.1295838,36.7485617],[-4.1296851,36.7485509],[-4.1296682,36.7484491]],[[-4.1218544,36.748599],[-4.1219945,36.7485891],[-4.121879,36.7484978],[-4.1218544,36.748599]],[[-4.1287943,36.7498151],[-4.128817,36.7498648],[-4.1288797,36.7497901],[-4.1287943,36.7498151]],[[-4.1345368,36.7511102],[-4.1345595,36.7511599],[-4.1346221,36.7510851],[-4.1345368,36.7511102]],[[-4.1346408,36.7511675],[-4.134659,36.7512578],[-4.1348541,36.7512325],[-4.1347879,36.7511146],[-4.1346408,36.7511675]],[[-4.1188566,36.7517047],[-4.1187673,36.7517207],[-4.1188053,36.7518572],[-4.1188946,36.7518412],[-4.1188566,36.7517047]],[[-4.1246695,36.7527743],[-4.1245614,36.7527497],[-4.1245841,36.7527994],[-4.1246695,36.7527743]],[[-4.1235602,36.7528595],[-4.1235829,36.7529092],[-4.1236455,36.7528345],[-4.1235602,36.7528595]],[[-4.1229729,36.7533115],[-4.1229096,36.7533865],[-4.1230385,36.7534564],[-4.1230816,36.7533366],[-4.1229729,36.7533115]],[[-4.1228293,36.7536876],[-4.1227659,36.7537627],[-4.1228948,36.7538325],[-4.1229379,36.7537127],[-4.1228293,36.7536876]],[[-4.1232935,36.7537653],[-4.1232088,36.7538257],[-4.1232888,36.7538294],[-4.1232935,36.7537653]],[[-4.1298598,36.7539867],[-4.1297336,36.7540082],[-4.1297982,36.7540978],[-4.1298794,36.7540602],[-4.1298598,36.7539867]],[[-4.1303098,36.7543162],[-4.130307,36.7543669],[-4.1303873,36.7543266],[-4.1303098,36.7543162]],[[-4.1368281,36.7554286],[-4.1368842,36.7554859],[-4.1369135,36.7554036],[-4.1368281,36.7554286]],[[-4.1371723,36.7555159],[-4.137195,36.7555656],[-4.1372576,36.7554908],[-4.1371723,36.7555159]],[[-4.1431037,36.7550779],[-4.1428983,36.7550719],[-4.1417446,36.755733],[-4.1417521,36.7558527],[-4.1424876,36.7563851],[-4.1436264,36.7563612],[-4.1437384,36.7561249],[-4.1437123,36.7559304],[-4.1431037,36.7550779]],[[-4.1349888,36.7565284],[-4.1350449,36.7565857],[-4.1350742,36.7565034],[-4.1349888,36.7565284]],[[-4.1427228,36.7566381],[-4.1425512,36.7567213],[-4.1425979,36.7568185],[-4.1427949,36.7567881],[-4.1427228,36.7566381]],[[-4.1376309,36.7565353],[-4.1373612,36.7565444],[-4.1371806,36.7566799],[-4.1370252,36.7571871],[-4.1376583,36.7571853],[-4.1381336,36.7572823],[-4.1383485,36.757189],[-4.1376309,36.7565353]],[[-4.1276278,36.757037],[-4.1277152,36.757057],[-4.1276785,36.7569766],[-4.1276278,36.757037]],[[-4.1211312,36.7571059],[-4.1212314,36.7570718],[-4.1211889,36.7569915],[-4.1210887,36.7570256],[-4.1211312,36.7571059]],[[-4.1109907,36.757837],[-4.1104034,36.7574116],[-4.1098937,36.7567429],[-4.1096373,36.756239],[-4.1090041,36.7563296],[-4.1093207,36.7568521],[-4.1101986,36.7575846],[-4.1123861,36.7587991],[-4.1133329,36.7595216],[-4.1150373,36.7612202],[-4.1154924,36.7617604],[-4.115616,36.76202],[-4.1161452,36.7645845],[-4.1158676,36.7667429],[-4.1153538,36.7690528],[-4.1153777,36.7694479],[-4.1158438,36.7712514],[-4.1158692,36.7737016],[-4.1155007,36.7753338],[-4.1155054,36.7757393],[-4.1157503,36.777131],[-4.1166475,36.7797712],[-4.1176559,36.7811882],[-4.1187093,36.7821261],[-4.1189615,36.7822055],[-4.1200836,36.7822074],[-4.1195642,36.7818964],[-4.1182612,36.7808279],[-4.1170675,36.779491],[-4.1164083,36.7779805],[-4.115888,36.7755611],[-4.1158868,36.7749237],[-4.1161105,36.7740864],[-4.1161834,36.7725585],[-4.1160045,36.7705657],[-4.1155654,36.7690732],[-4.1160655,36.7667863],[-4.1163158,36.7647561],[-4.1162561,36.7637617],[-4.1158913,36.7621002],[-4.1156555,36.7616313],[-4.1147671,36.7605984],[-4.1128988,36.7589279],[-4.1119734,36.7583406],[-4.1109907,36.757837]],[[-4.1327913,36.7576859],[-4.1326197,36.7577691],[-4.1326664,36.7578663],[-4.1328634,36.7578358],[-4.1327913,36.7576859]],[[-4.1301759,36.7591881],[-4.1300043,36.7592714],[-4.130051,36.7593685],[-4.1302479,36.7593381],[-4.1301759,36.7591881]],[[-4.1194825,36.7592827],[-4.1194119,36.7592357],[-4.1193347,36.7593166],[-4.1193999,36.7593619],[-4.1194825,36.7592827]],[[-4.119213,36.7593779],[-4.1191719,36.7594242],[-4.1192708,36.7594108],[-4.119213,36.7593779]],[[-4.1203133,36.7595111],[-4.120287,36.7594716],[-4.1202455,36.7595401],[-4.1203133,36.7595111]],[[-4.1338036,36.7594792],[-4.133632,36.7595624],[-4.1336787,36.7596596],[-4.1338757,36.7596292],[-4.1338036,36.7594792]],[[-4.1192385,36.7604391],[-4.1192612,36.7604888],[-4.1193238,36.7604141],[-4.1192385,36.7604391]],[[-4.1178228,36.7607904],[-4.1178537,36.7608217],[-4.1178575,36.7607686],[-4.1178228,36.7607904]],[[-4.1093168,36.760879],[-4.1092373,36.7608486],[-4.1092892,36.7609253],[-4.1093168,36.760879]],[[-4.1179466,36.7608579],[-4.117913,36.7609388],[-4.1179874,36.7609593],[-4.1180243,36.760884],[-4.1179466,36.7608579]],[[-4.136171,36.7636626],[-4.1362496,36.7638492],[-4.1364018,36.763937],[-4.1365298,36.7638465],[-4.1362969,36.7635819],[-4.136171,36.7636626]],[[-4.1428891,36.7639929],[-4.1429493,36.764022],[-4.1429254,36.7639447],[-4.1428891,36.7639929]],[[-4.1225121,36.7658688],[-4.1225487,36.7657883],[-4.1224161,36.7657333],[-4.1223704,36.7658285],[-4.1225121,36.7658688]],[[-4.1424901,36.767386],[-4.142933,36.7677023],[-4.1432282,36.7675208],[-4.1434136,36.7671412],[-4.1433244,36.767012],[-4.1426378,36.767155],[-4.1424901,36.767386]],[[-4.1352285,36.7714654],[-4.1350312,36.7713663],[-4.1348286,36.7713749],[-4.1346994,36.7715387],[-4.134807,36.7716177],[-4.135103,36.7716249],[-4.1352285,36.7714654]],[[-4.1289674,36.7736695],[-4.128851,36.7736827],[-4.1288585,36.7737599],[-4.1289701,36.7737636],[-4.1289674,36.7736695]],[[-4.1360435,36.7742704],[-4.135953,36.7742321],[-4.1359768,36.7743325],[-4.1360435,36.7742704]],[[-4.1422534,36.7765288],[-4.1417089,36.7765718],[-4.1417357,36.7768618],[-4.1422695,36.776821],[-4.1422534,36.7765288]],[[-4.1364473,36.7770377],[-4.136438,36.776915],[-4.1361903,36.7769162],[-4.1361717,36.7770291],[-4.1362724,36.7770936],[-4.1364473,36.7770377]],[[-4.14057,36.7787215],[-4.1405705,36.7788347],[-4.1407109,36.778848],[-4.1407103,36.7787074],[-4.14057,36.7787215]],[[-4.140838,36.7787431],[-4.1408061,36.7788318],[-4.1409472,36.7788339],[-4.1409195,36.7787443],[-4.140838,36.7787431]],[[-4.1303335,36.7827895],[-4.1303859,36.7828894],[-4.1305161,36.7828598],[-4.1304511,36.7827358],[-4.1303335,36.7827895]],[[-4.1300423,36.7866648],[-4.1299207,36.7865604],[-4.1297382,36.7865604],[-4.1295848,36.7866601],[-4.1297788,36.7869662],[-4.1299844,36.787001],[-4.1300423,36.7866648]],[[-4.1390153,36.7866557],[-4.1386311,36.7863273],[-4.138482,36.7862997],[-4.1378283,36.7866373],[-4.1377795,36.786736],[-4.138072,36.7870851],[-4.1387143,36.7873285],[-4.1388748,36.787294],[-4.1390325,36.7869335],[-4.1390153,36.7866557]],[[-4.1308405,36.7867947],[-4.1307876,36.7870056],[-4.1313256,36.7871176],[-4.1314629,36.7870177],[-4.1309476,36.786712],[-4.1308405,36.7867947]],[[-4.1342152,36.78728],[-4.1341345,36.7873537],[-4.1342542,36.787395],[-4.1343147,36.7873446],[-4.1342152,36.78728]],[[-4.1365694,36.7882013],[-4.1365694,36.7884193],[-4.1366551,36.788496],[-4.1372825,36.788506],[-4.1372346,36.7882255],[-4.1368239,36.7880823],[-4.1365694,36.7882013]],[[-4.1331751,36.7901472],[-4.1331134,36.7902027],[-4.1332016,36.7902007],[-4.1331751,36.7901472]],[[-4.1374394,36.7946608],[-4.1373461,36.7946668],[-4.1373562,36.7947778],[-4.1374595,36.7947697],[-4.1374394,36.7946608]],[[-4.1104176,36.7982518],[-4.1102506,36.7981638],[-4.110209,36.7983146],[-4.1104176,36.7982518]],[[-4.1169089,36.7990818],[-4.1170877,36.799046],[-4.1173113,36.7991247],[-4.1173381,36.7993342],[-4.1174633,36.7993699],[-4.1173738,36.7990872],[-4.1171101,36.7989977],[-4.1168151,36.7990549],[-4.1167413,36.7991677],[-4.1168441,36.7991928],[-4.1169089,36.7990818]],[[-4.1342202,36.7978686],[-4.1338624,36.7966448],[-4.1328236,36.795077],[-4.1311857,36.7936927],[-4.13031,36.7942544],[-4.1301034,36.794165],[-4.1304026,36.7951285],[-4.1304133,36.7961938],[-4.1299198,36.7986896],[-4.1286216,36.8020228],[-4.1280377,36.8064882],[-4.1283378,36.8065081],[-4.1288335,36.8027627],[-4.1294235,36.8008598],[-4.1296274,36.8009243],[-4.1298133,36.8005376],[-4.1299601,36.7997627],[-4.1310301,36.7969768],[-4.1312468,36.7961051],[-4.1314988,36.7958912],[-4.1318415,36.7959356],[-4.1326529,36.7963795],[-4.1331821,36.7968718],[-4.1336104,36.7975175],[-4.1344672,36.799156],[-4.134642,36.7989671],[-4.1342202,36.7978686]],[[-4.1429366,36.8020791],[-4.1427491,36.8023042],[-4.1431,36.8025101],[-4.1432981,36.802242],[-4.143033,36.8020662],[-4.1429366,36.8020791]],[[-4.1338394,36.8037625],[-4.1337689,36.8038525],[-4.1339164,36.8038085],[-4.1341256,36.8038836],[-4.1341411,36.8037322],[-4.1338394,36.8037625]],[[-4.1146315,36.805823],[-4.1142479,36.8060142],[-4.1142533,36.8060829],[-4.1148943,36.8063921],[-4.1151411,36.806201],[-4.1151411,36.8059991],[-4.1146315,36.805823]],[[-4.121112,36.8081333],[-4.1211348,36.8079508],[-4.1215251,36.8077929],[-4.1220079,36.8078098],[-4.1215431,36.8077093],[-4.1210737,36.807806],[-4.1209517,36.8079713],[-4.1209665,36.8081442],[-4.1213581,36.8085522],[-4.121112,36.8081333]],[[-4.1340211,36.8096547],[-4.1339404,36.8096309],[-4.1339111,36.8096742],[-4.1339801,36.8097153],[-4.1340211,36.8096547]],[[-4.1124435,36.8103226],[-4.1125734,36.8099259],[-4.1125124,36.8098986],[-4.1122828,36.8102025],[-4.1124435,36.8103226]],[[-4.1104148,36.8113802],[-4.1102582,36.8113577],[-4.1102649,36.8114563],[-4.1103774,36.8114627],[-4.1104148,36.8113802]],[[-4.1166777,36.811609],[-4.1168039,36.8118503],[-4.1169399,36.8118047],[-4.1168137,36.8115634],[-4.1166777,36.811609]],[[-4.1164956,36.8117885],[-4.1164955,36.8117076],[-4.1163785,36.8117002],[-4.1163971,36.8118061],[-4.1164956,36.8117885]],[[-4.116999,36.8122099],[-4.1171322,36.8124694],[-4.1172721,36.8124234],[-4.117139,36.8121639],[-4.116999,36.8122099]],[[-4.1123323,36.8131163],[-4.1123029,36.8131024],[-4.1123129,36.813134],[-4.1123323,36.8131163]],[[-4.1342024,36.8134679],[-4.1346396,36.8137084],[-4.1347684,36.813629],[-4.1346691,36.8132618],[-4.1341997,36.8132618],[-4.1342024,36.8134679]],[[-4.1169018,36.8146356],[-4.1168509,36.8146174],[-4.1168723,36.8146576],[-4.1169018,36.8146356]],[[-4.1426611,36.815671],[-4.142637,36.8150118],[-4.1425243,36.8149581],[-4.1419369,36.8149903],[-4.1418484,36.8150655],[-4.1419691,36.8156603],[-4.1423205,36.8157762],[-4.1426611,36.815671]],[[-4.1257491,36.8255334],[-4.1256957,36.8251058],[-4.1260581,36.8245592],[-4.128845,36.8226826],[-4.1294993,36.8216488],[-4.1296557,36.8210869],[-4.1298197,36.8186254],[-4.1296974,36.8178792],[-4.1295641,36.8174373],[-4.129381,36.8171655],[-4.1290415,36.8157239],[-4.1289346,36.8144106],[-4.1287973,36.8140258],[-4.1285341,36.8124956],[-4.1283891,36.8102018],[-4.1283319,36.8089922],[-4.1283736,36.8068008],[-4.1284888,36.8066511],[-4.1287959,36.806608],[-4.1277162,36.8065906],[-4.1278099,36.8074689],[-4.1279175,36.8120927],[-4.1284558,36.8150669],[-4.1285993,36.8150224],[-4.1287288,36.8163636],[-4.1292495,36.8183785],[-4.1293196,36.8206028],[-4.129236,36.8216696],[-4.1285076,36.8225895],[-4.1276201,36.8233259],[-4.1258073,36.8243797],[-4.125292,36.8247662],[-4.1250735,36.8251247],[-4.1251005,36.825414],[-4.1257262,36.8258279],[-4.1266743,36.8260936],[-4.126886,36.8262692],[-4.1270634,36.8265746],[-4.1270978,36.8268845],[-4.1265427,36.8277151],[-4.1264339,36.8282343],[-4.1264568,36.8290786],[-4.126023,36.8296575],[-4.1260601,36.8297825],[-4.1262452,36.829445],[-4.1265104,36.8294087],[-4.1271045,36.8314194],[-4.1273131,36.8324094],[-4.1279072,36.8332295],[-4.1286511,36.8339821],[-4.1291392,36.8342102],[-4.1297427,36.8342703],[-4.1301343,36.8345075],[-4.1304884,36.8350764],[-4.1310033,36.8362048],[-4.1319113,36.8372244],[-4.1323471,36.8375507],[-4.1323941,36.8374842],[-4.1321916,36.837394],[-4.1310731,36.8361846],[-4.1302604,36.834508],[-4.1298232,36.8341774],[-4.1291714,36.8341356],[-4.1286582,36.8338827],[-4.127871,36.8330272],[-4.1274861,36.8324894],[-4.1273332,36.832176],[-4.127323,36.8318199],[-4.1267309,36.8297535],[-4.1266421,36.8290615],[-4.12677,36.8284223],[-4.1274107,36.8267711],[-4.127408,36.8262637],[-4.1273028,36.8260693],[-4.1270465,36.8259441],[-4.1263711,36.8257991],[-4.1257491,36.8255334]],[[-4.1388324,36.8181986],[-4.1386954,36.8183449],[-4.1391125,36.8187348],[-4.1393287,36.8187592],[-4.1394688,36.8186008],[-4.1390547,36.8181523],[-4.1388324,36.8181986]],[[-4.1172632,36.8184915],[-4.1171264,36.8184227],[-4.1165497,36.8186911],[-4.1163646,36.8191141],[-4.1164397,36.8191957],[-4.116539,36.8191764],[-4.1170754,36.8188694],[-4.1172497,36.8186525],[-4.1172632,36.8184915]],[[-4.1336192,36.8199134],[-4.1334274,36.8203119],[-4.1335721,36.8203777],[-4.1337258,36.8203387],[-4.1339313,36.8198964],[-4.1336192,36.8199134]],[[-4.1393462,36.8217665],[-4.1389587,36.8223283],[-4.1390276,36.8224179],[-4.1395701,36.8224868],[-4.1399705,36.8222938],[-4.1400093,36.8221284],[-4.1393462,36.8217665]],[[-4.1153533,36.8233293],[-4.1150263,36.8234012],[-4.1149831,36.8236313],[-4.1151125,36.8237723],[-4.1153317,36.8238298],[-4.1157629,36.8237492],[-4.1161043,36.8234789],[-4.115957,36.8233494],[-4.1153533,36.8233293]],[[-4.1362612,36.8241468],[-4.1359985,36.8244915],[-4.1362095,36.8248223],[-4.1365238,36.8248809],[-4.1366142,36.824812],[-4.1368639,36.8240779],[-4.1365582,36.823809],[-4.1363989,36.8237987],[-4.1362612,36.8241468]],[[-4.1210368,36.8244965],[-4.1211285,36.8247037],[-4.121253,36.8247246],[-4.1213349,36.8246198],[-4.1211285,36.8243969],[-4.1210368,36.8244965]],[[-4.122361,36.8252865],[-4.1223076,36.8253261],[-4.1223471,36.8253751],[-4.1224142,36.8253525],[-4.122361,36.8252865]],[[-4.133502,36.8261891],[-4.1328169,36.8263255],[-4.1327408,36.8264206],[-4.1327621,36.826618],[-4.1329174,36.8267618],[-4.1333223,36.8266862],[-4.1337029,36.8262817],[-4.133502,36.8261891]],[[-4.1257567,36.8301814],[-4.125254,36.8305956],[-4.1248156,36.8307997],[-4.1248666,36.8308988],[-4.1256786,36.8304741],[-4.1260321,36.8300795],[-4.1259454,36.8298211],[-4.1257567,36.8301814]],[[-4.1247491,36.8308488],[-4.1240611,36.8311526],[-4.1236614,36.8315465],[-4.1241161,36.8311939],[-4.124796,36.8309256],[-4.1247491,36.8308488]],[[-4.1318674,36.8338036],[-4.1326553,36.8334593],[-4.132121,36.8326257],[-4.1313331,36.8330461],[-4.1318674,36.8338036]],[[-4.1128122,36.8382826],[-4.1129549,36.8384235],[-4.1130333,36.8383155],[-4.112879,36.8381972],[-4.1128122,36.8382826]],[[-4.1183568,36.8402023],[-4.1183712,36.8403292],[-4.118773,36.8403446],[-4.1187922,36.8401857],[-4.1187106,36.8401062],[-4.1183568,36.8402023]],[[-4.1255651,36.8401606],[-4.125317,36.8407527],[-4.1258177,36.8406406],[-4.1258937,36.8402826],[-4.1255651,36.8401606]],[[-4.1198405,36.8413795],[-4.1200261,36.8411965],[-4.1199106,36.8410008],[-4.1198223,36.84099],[-4.1196344,36.8411893],[-4.1198405,36.8413795]],[[-4.1343813,36.8414173],[-4.1341812,36.8414462],[-4.1339514,36.8416519],[-4.1343683,36.841859],[-4.1344392,36.8417927],[-4.1343813,36.8414173]],[[-4.1399519,36.8417408],[-4.1399275,36.8416091],[-4.1397222,36.8416261],[-4.1397759,36.8417796],[-4.1398858,36.8418146],[-4.1399519,36.8417408]],[[-4.1380702,36.8431081],[-4.1375235,36.8430096],[-4.1374573,36.8431308],[-4.1374975,36.8432179],[-4.1379613,36.8433107],[-4.1380702,36.8431081]],[[-4.1405755,36.8438061],[-4.1404569,36.8438265],[-4.1407115,36.8440102],[-4.140829,36.8439461],[-4.1405755,36.8438061]],[[-4.1093703,36.8448618],[-4.1091007,36.8448872],[-4.1093571,36.8449551],[-4.1093703,36.8448618]],[[-4.1182338,36.8451123],[-4.1183667,36.844863],[-4.1181756,36.844853],[-4.1180718,36.8450425],[-4.1182338,36.8451123]],[[-4.1102179,36.8479335],[-4.1103222,36.8479342],[-4.1104216,36.8477989],[-4.1102724,36.8476971],[-4.1101212,36.847797],[-4.1102179,36.8479335]],[[-4.1120456,36.848659],[-4.111663,36.8487219],[-4.1117416,36.8490252],[-4.1120046,36.8489296],[-4.1120456,36.848659]],[[-4.1111794,36.8502792],[-4.1108832,36.849841],[-4.1106981,36.8498891],[-4.1106842,36.8499743],[-4.1110822,36.8503521],[-4.1111794,36.8502792]],[[-4.1129118,36.8506663],[-4.1133547,36.8506908],[-4.1130318,36.8505624],[-4.1129118,36.8506663]],[[-4.1269232,36.8529821],[-4.126528,36.8530137],[-4.1265375,36.85309],[-4.1269328,36.8530584],[-4.1269232,36.8529821]],[[-4.1363697,36.8543816],[-4.136599,36.8543982],[-4.1366089,36.8542802],[-4.136433,36.8542025],[-4.1363697,36.8543816]],[[-4.1271274,36.8551262],[-4.1272099,36.8553395],[-4.1272135,36.8551185],[-4.1271274,36.8551262]],[[-4.1375405,36.855772],[-4.1377076,36.8556217],[-4.1376443,36.8555544],[-4.1374477,36.855675],[-4.1375405,36.855772]],[[-4.1397421,36.8560418],[-4.1401027,36.8562525],[-4.1401359,36.8562034],[-4.1398086,36.8558597],[-4.1397421,36.8560418]],[[-4.127776,36.8571436],[-4.1278641,36.8571953],[-4.1278372,36.8571279],[-4.127776,36.8571436]],[[-4.1340458,36.8581541],[-4.1339573,36.858124],[-4.1338715,36.8582893],[-4.1340056,36.8582979],[-4.1340458,36.8581541]],[[-4.1342551,36.8582592],[-4.1341317,36.8582335],[-4.1341639,36.8583687],[-4.1342551,36.8582592]],[[-4.133924,36.8583699],[-4.1338457,36.8584115],[-4.1339084,36.8584676],[-4.1339644,36.8584378],[-4.133924,36.8583699]],[[-4.1331914,36.8594371],[-4.1331439,36.8593934],[-4.1331276,36.8594644],[-4.1331914,36.8594371]],[[-4.111702,36.859509],[-4.1115706,36.8595209],[-4.1116128,36.8596766],[-4.1116971,36.8597124],[-4.111702,36.859509]],[[-4.1321415,36.86024],[-4.1322675,36.8603345],[-4.1324446,36.8601392],[-4.1321737,36.8600512],[-4.1321415,36.86024]],[[-4.1089358,36.8610348],[-4.1093778,36.8610181],[-4.1094824,36.8611544],[-4.1098376,36.8612643],[-4.1102574,36.8610668],[-4.1102854,36.8609175],[-4.1104612,36.8608334],[-4.1100444,36.8606778],[-4.1100023,36.8608415],[-4.109781,36.8610683],[-4.1095022,36.8608947],[-4.1090278,36.8609152],[-4.1089358,36.8610348]],[[-4.138345,36.861092],[-4.1385228,36.8610997],[-4.1385315,36.86099],[-4.1383701,36.8609567],[-4.138345,36.861092]],[[-4.1189584,36.8631726],[-4.1191529,36.8628474],[-4.118827,36.8628904],[-4.118768,36.8629751],[-4.1189584,36.8631726]],[[-4.1380461,36.863431],[-4.1382565,36.8635266],[-4.138188,36.8633553],[-4.1380461,36.863431]],[[-4.1394491,36.863381],[-4.1392733,36.863335],[-4.1391861,36.8633902],[-4.1392546,36.8635494],[-4.1395471,36.8635602],[-4.1394491,36.863381]],[[-4.1393102,36.8637553],[-4.1394839,36.8636963],[-4.1392801,36.8636373],[-4.1393102,36.8637553]],[[-4.1195901,36.8638013],[-4.1196544,36.8637123],[-4.1195083,36.8636768],[-4.1194493,36.8637863],[-4.1195901,36.8638013]],[[-4.1394396,36.8638492],[-4.1393996,36.8637646],[-4.139223,36.8638291],[-4.1392863,36.8639652],[-4.1394396,36.8638492]],[[-4.1396147,36.8642372],[-4.1395319,36.8642615],[-4.1397895,36.8645176],[-4.1398631,36.8644705],[-4.1396147,36.8642372]],[[-4.1235936,36.8681923],[-4.1236068,36.8682341],[-4.123666,36.868188],[-4.1235936,36.8681923]],[[-4.1240412,36.8735701],[-4.1240707,36.8737331],[-4.1241699,36.8737439],[-4.1242424,36.8736087],[-4.1240412,36.8735701]],[[-4.115144,36.8738924],[-4.1150904,36.8738043],[-4.1150227,36.873906],[-4.115144,36.8738924]],[[-4.1204169,36.8742223],[-4.1205376,36.8742352],[-4.1205912,36.8740432],[-4.1204464,36.8740378],[-4.1204169,36.8742223]],[[-4.1168647,36.8749771],[-4.1167831,36.8751059],[-4.1170737,36.875122],[-4.117191,36.8750048],[-4.1170111,36.8749369],[-4.1168647,36.8749771]],[[-4.1126319,36.8761329],[-4.1125271,36.8761394],[-4.1126319,36.876365],[-4.1127206,36.8763247],[-4.1126319,36.8761329]],[[-4.1126846,36.8780113],[-4.1126787,36.8779431],[-4.1125937,36.877936],[-4.1126017,36.8780278],[-4.1126846,36.8780113]],[[-4.1154972,36.8785269],[-4.1149591,36.8793209],[-4.1151544,36.8794242],[-4.115486,36.8792558],[-4.115604,36.8785671],[-4.1154972,36.8785269]],[[-4.1424985,36.8882026],[-4.142673,36.887947],[-4.1426732,36.8878086],[-4.142552,36.8877556],[-4.1423823,36.8881849],[-4.1424985,36.8882026]],[[-4.1404063,36.8931918],[-4.1403013,36.8932529],[-4.1404215,36.8932169],[-4.1404063,36.8931918]],[[-4.119299,36.8939091],[-4.1192804,36.8938701],[-4.1192542,36.8939305],[-4.119299,36.8939091]],[[-4.1371941,36.8945821],[-4.1372959,36.8946443],[-4.137458,36.8944921],[-4.1372854,36.8944333],[-4.1371941,36.8945821]],[[-4.1195824,36.8953719],[-4.1197182,36.8953848],[-4.1196359,36.8953147],[-4.1195824,36.8953719]],[[-4.1335153,36.8979198],[-4.1333646,36.897778],[-4.1330678,36.897698],[-4.1328555,36.8984609],[-4.1329144,36.8988827],[-4.133101,36.8990154],[-4.1333048,36.8984858],[-4.1338822,36.8981679],[-4.1336495,36.8980399],[-4.1336417,36.8978992],[-4.1335153,36.8979198]],[[-4.1343106,36.9005024],[-4.1344104,36.9004981],[-4.1344051,36.9004183],[-4.1343053,36.9004225],[-4.1343106,36.9005024]],[[-4.1332655,36.9012838],[-4.1333653,36.9012796],[-4.1333601,36.9011998],[-4.1332602,36.901204],[-4.1332655,36.9012838]],[[-4.135016,36.9015169],[-4.1351158,36.9015127],[-4.1351105,36.9014329],[-4.1350107,36.9014371],[-4.135016,36.9015169]],[[-4.1335599,36.9017708],[-4.1336013,36.9016257],[-4.1332317,36.9016102],[-4.13316,36.9018133],[-4.1335599,36.9017708]],[[-4.1330043,36.9017786],[-4.1331042,36.9017744],[-4.1330989,36.9016945],[-4.1329991,36.9016987],[-4.1330043,36.9017786]],[[-4.1328304,36.9020279],[-4.1327838,36.9020897],[-4.1328896,36.9020824],[-4.1328304,36.9020279]],[[-4.1337163,36.9021331],[-4.1336696,36.9021949],[-4.1337725,36.9021602],[-4.1337163,36.9021331]],[[-4.132717,36.902792],[-4.1326703,36.9028538],[-4.1327732,36.9028191],[-4.132717,36.902792]],[[-4.1264059,36.9030533],[-4.126489,36.9030131],[-4.1264454,36.9029643],[-4.1263717,36.9029798],[-4.1264059,36.9030533]],[[-4.1331492,36.9033314],[-4.133249,36.9033272],[-4.1332437,36.9032474],[-4.1331439,36.9032516],[-4.1331492,36.9033314]],[[-4.141017,36.9034188],[-4.1408865,36.9034316],[-4.1409448,36.9034842],[-4.141017,36.9034188]],[[-4.1312046,36.9049545],[-4.1312715,36.904895],[-4.1311972,36.9048416],[-4.1311303,36.904901],[-4.1312046,36.9049545]],[[-4.1259317,36.9331996],[-4.1258755,36.9331725],[-4.1258259,36.9332069],[-4.1258851,36.9332614],[-4.1259317,36.9331996]],[[-4.1201562,36.9393817],[-4.1201476,36.9393029],[-4.1201036,36.9393334],[-4.1201562,36.9393817]],[[-4.1286096,36.9398473],[-4.1285694,36.9397411],[-4.1284152,36.9397133],[-4.1281912,36.939888],[-4.1281631,36.9400016],[-4.1282878,36.9400541],[-4.1286096,36.9398473]],[[-4.1299018,36.941458],[-4.1297415,36.9413436],[-4.1296557,36.9413801],[-4.1294009,36.9419289],[-4.1295189,36.9421518],[-4.1296664,36.9421432],[-4.1299018,36.941458]],[[-4.1025829,36.728667],[-4.1026265,36.7286929],[-4.1026429,36.7286017],[-4.1025829,36.728667]],[[-4.1054775,36.7359977],[-4.1053716,36.7361103],[-4.1055121,36.7361952],[-4.105618,36.7360826],[-4.1054775,36.7359977]],[[-4.0933549,36.7380918],[-4.0934659,36.7381314],[-4.0935108,36.7380496],[-4.0934234,36.7380055],[-4.0933549,36.7380918]],[[-4.0913612,36.7440115],[-4.0913129,36.7440378],[-4.0914537,36.7441211],[-4.0913612,36.7440115]],[[-4.0903428,36.7442844],[-4.0907076,36.7442969],[-4.0906907,36.7441412],[-4.0903815,36.7441614],[-4.0903428,36.7442844]],[[-4.08587,36.7449225],[-4.0857425,36.7450064],[-4.0857755,36.7450435],[-4.0859671,36.7450238],[-4.08587,36.7449225]],[[-4.0874694,36.7473769],[-4.0868597,36.7476185],[-4.0869317,36.7477351],[-4.0875413,36.7474935],[-4.0874694,36.7473769]],[[-4.0640906,36.750386],[-4.063982,36.7504408],[-4.0640235,36.7504945],[-4.0641308,36.7504429],[-4.0640906,36.750386]],[[-4.1082375,36.7526974],[-4.1085357,36.7526846],[-4.1085237,36.7525054],[-4.1082255,36.7525182],[-4.1082375,36.7526974]],[[-4.1089193,36.7527179],[-4.1089302,36.752585],[-4.1087339,36.7525647],[-4.1086879,36.7526581],[-4.1087589,36.7527408],[-4.1089193,36.7527179]],[[-4.1079768,36.75276],[-4.1080055,36.752602],[-4.1078744,36.7525347],[-4.1077302,36.7525871],[-4.1077082,36.7527127],[-4.1077777,36.752779],[-4.1079768,36.75276]],[[-4.1089345,36.7529506],[-4.1089422,36.7528146],[-4.108742,36.7528004],[-4.1087012,36.7528946],[-4.1087742,36.7529753],[-4.1089345,36.7529506]],[[-4.1081683,36.7529934],[-4.108197,36.7528353],[-4.1080659,36.7527679],[-4.1079217,36.7528204],[-4.107889,36.7529029],[-4.1079691,36.7530124],[-4.1081683,36.7529934]],[[-4.104541,36.7538087],[-4.1044011,36.7540299],[-4.1046201,36.7542025],[-4.104703,36.7539739],[-4.104541,36.7538087]],[[-4.0642012,36.7548061],[-4.0646302,36.7549865],[-4.0646745,36.7549289],[-4.0646061,36.7547979],[-4.0642012,36.7548061]],[[-4.0755712,36.7552984],[-4.0754788,36.7552025],[-4.0753112,36.7552217],[-4.0753044,36.7553148],[-4.0755164,36.7553697],[-4.0755712,36.7552984]],[[-4.063673,36.7558037],[-4.0634459,36.7556984],[-4.0632079,36.7557203],[-4.0632352,36.7558826],[-4.0634678,36.7559374],[-4.063673,36.7558037]],[[-4.0758174,36.7561068],[-4.07592,36.7559479],[-4.0756943,36.7559013],[-4.0756122,36.7560082],[-4.0758174,36.7561068]],[[-4.0759782,36.7565508],[-4.0758277,36.7568851],[-4.0757969,36.7572414],[-4.0760739,36.7573839],[-4.0762655,36.7572551],[-4.0761748,36.7565647],[-4.0759782,36.7565508]],[[-4.0841548,36.7575116],[-4.0842768,36.7574622],[-4.0842433,36.7574091],[-4.0841213,36.7574585],[-4.0841548,36.7575116]],[[-4.0777284,36.7574801],[-4.0776252,36.7575339],[-4.0776801,36.7576058],[-4.0777861,36.7575532],[-4.0777284,36.7574801]],[[-4.0674319,36.7572113],[-4.0674389,36.7574614],[-4.067225,36.758085],[-4.0672461,36.758217],[-4.0674616,36.758465],[-4.0675805,36.7584326],[-4.0679543,36.7573799],[-4.0678351,36.7571832],[-4.0674319,36.7572113]],[[-4.0757439,36.7603287],[-4.0755885,36.7604392],[-4.0757527,36.7604743],[-4.0758928,36.7604059],[-4.0757439,36.7603287]],[[-4.0649783,36.7635724],[-4.0649776,36.7634791],[-4.0648627,36.7634634],[-4.0648636,36.7635891],[-4.0649783,36.7635724]],[[-4.0759613,36.7637057],[-4.0759469,36.7638884],[-4.0761802,36.7639002],[-4.0761946,36.7637175],[-4.0759613,36.7637057]],[[-4.0645111,36.7639165],[-4.0645962,36.7638636],[-4.0645311,36.7638423],[-4.0645111,36.7639165]],[[-4.0644726,36.7639829],[-4.0644719,36.7638895],[-4.0643571,36.7638738],[-4.064358,36.7639996],[-4.0644726,36.7639829]],[[-4.0767528,36.762373],[-4.0766249,36.7640076],[-4.0767169,36.7656941],[-4.0766525,36.76578],[-4.0774605,36.7686667],[-4.0776268,36.7699086],[-4.0769133,36.7719895],[-4.0761878,36.773115],[-4.0751753,36.7751392],[-4.0751029,36.7758761],[-4.0752155,36.7764969],[-4.0752182,36.7771618],[-4.0748681,36.7794241],[-4.0745744,36.7801211],[-4.0743156,36.7803913],[-4.0739153,36.7807361],[-4.0731569,36.781024],[-4.0729128,36.7812978],[-4.0729034,36.7814869],[-4.0731395,36.7817726],[-4.0731636,36.7821292],[-4.0728498,36.782793],[-4.0729256,36.7828838],[-4.073108,36.7826411],[-4.0733091,36.7820567],[-4.0732635,36.7817517],[-4.073057,36.7814638],[-4.073045,36.7813209],[-4.0732622,36.7810589],[-4.0738979,36.7808409],[-4.0746865,36.7801329],[-4.0750499,36.779105],[-4.0752081,36.7782209],[-4.0753396,36.7766119],[-4.075243,36.7759813],[-4.0753939,36.775263],[-4.0759087,36.7739046],[-4.0770454,36.7720078],[-4.07782,36.7699949],[-4.0771471,36.766703],[-4.0773002,36.7665925],[-4.0770517,36.7651932],[-4.0769075,36.7647731],[-4.0768833,36.7633485],[-4.0769529,36.7622905],[-4.0767528,36.762373]],[[-4.0625223,36.765169],[-4.0626074,36.7651161],[-4.0625423,36.7650948],[-4.0625223,36.765169]],[[-4.0626062,36.7653913],[-4.0627338,36.7653554],[-4.0626668,36.7653093],[-4.0626062,36.7653913]],[[-4.0623198,36.7657612],[-4.0624048,36.7657082],[-4.0623397,36.765687],[-4.0623198,36.7657612]],[[-4.062491,36.765796],[-4.0626268,36.7657615],[-4.0625581,36.7657112],[-4.062491,36.765796]],[[-4.0643077,36.7676548],[-4.0643251,36.7677042],[-4.0644136,36.7676376],[-4.0643077,36.7676548]],[[-4.0636891,36.7685107],[-4.0636835,36.7685742],[-4.063793,36.7685316],[-4.0636891,36.7685107]],[[-4.0665976,36.7688552],[-4.0664742,36.7689358],[-4.0665305,36.7690013],[-4.0666626,36.7689245],[-4.0665976,36.7688552]],[[-4.1008342,36.7758104],[-4.1007144,36.7759488],[-4.1012876,36.7759257],[-4.101028,36.7757512],[-4.1008342,36.7758104]],[[-4.0868823,36.7768886],[-4.087207,36.7766405],[-4.0867015,36.7764222],[-4.0865965,36.7768482],[-4.0868823,36.7768886]],[[-4.1069975,36.7783178],[-4.107335,36.7782597],[-4.1075649,36.7783062],[-4.1072646,36.7778865],[-4.1066164,36.778142],[-4.1065895,36.7785881],[-4.1069975,36.7783178]],[[-4.064012,36.779784],[-4.0640114,36.7796907],[-4.0638965,36.779675],[-4.0638974,36.7798008],[-4.064012,36.779784]],[[-4.0938972,36.7830886],[-4.0937229,36.7830532],[-4.0936384,36.7832616],[-4.0938757,36.7833507],[-4.0938972,36.7830886]],[[-4.077466,36.7842624],[-4.0771103,36.7840976],[-4.0766576,36.7843206],[-4.0766786,36.7844464],[-4.0768975,36.78461],[-4.0773858,36.7844247],[-4.077466,36.7842624]],[[-4.0821686,36.785143],[-4.0826783,36.7850528],[-4.0827071,36.7849718],[-4.0823921,36.7846976],[-4.082271,36.7847082],[-4.0818965,36.784985],[-4.0819064,36.7850561],[-4.0821686,36.785143]],[[-4.0744015,36.7858781],[-4.0745101,36.7858287],[-4.0744618,36.7858008],[-4.0744015,36.7858781]],[[-4.0834374,36.7871107],[-4.0833596,36.7873169],[-4.0836278,36.7873513],[-4.0837163,36.787246],[-4.0834374,36.7871107]],[[-4.0809472,36.7892008],[-4.0806544,36.7888384],[-4.0801167,36.7890686],[-4.0804627,36.7894395],[-4.0809472,36.7892008]],[[-4.101156,36.7895176],[-4.1010782,36.7895498],[-4.1011144,36.789611],[-4.1011908,36.7895798],[-4.101156,36.7895176]],[[-4.0726212,36.7898619],[-4.0723188,36.7902458],[-4.0724891,36.7903319],[-4.0728027,36.7908396],[-4.0730266,36.7908378],[-4.0732753,36.7904036],[-4.0728967,36.7897471],[-4.0726212,36.7898619]],[[-4.0911539,36.7907717],[-4.0911002,36.7909886],[-4.0916957,36.7911476],[-4.0917386,36.7908168],[-4.0911539,36.7907717]],[[-4.0846304,36.7923598],[-4.0846975,36.7925789],[-4.0849442,36.7927679],[-4.0853197,36.7927808],[-4.0854753,36.792667],[-4.0853761,36.7925102],[-4.0851615,36.7924028],[-4.0847001,36.792304],[-4.0846304,36.7923598]],[[-4.0921866,36.7931793],[-4.0920228,36.7929854],[-4.0918633,36.7930857],[-4.0919274,36.7931815],[-4.0921866,36.7931793]],[[-4.0911904,36.7941154],[-4.0913058,36.7940799],[-4.0912449,36.7940482],[-4.0911904,36.7941154]],[[-4.0898269,36.795051],[-4.0896464,36.7952267],[-4.0897705,36.7953067],[-4.0899208,36.7951611],[-4.0898269,36.795051]],[[-4.0653086,36.7952531],[-4.0654257,36.795182],[-4.0652951,36.7951676],[-4.0653086,36.7952531]],[[-4.0659783,36.7957036],[-4.0657525,36.7957732],[-4.065938,36.7960211],[-4.0660737,36.7959787],[-4.0659783,36.7957036]],[[-4.0783653,36.7982016],[-4.0784553,36.7981464],[-4.0783915,36.7981312],[-4.0783653,36.7982016]],[[-4.0875309,36.7987565],[-4.0873003,36.7987199],[-4.0872761,36.7988187],[-4.0875041,36.7988531],[-4.0875309,36.7987565]],[[-4.0715067,36.79947],[-4.0714723,36.7994608],[-4.071491,36.7995079],[-4.0715067,36.79947]],[[-4.0801018,36.7994834],[-4.0800482,36.7995596],[-4.0801501,36.7995092],[-4.0801018,36.7994834]],[[-4.0880178,36.799584],[-4.0880366,36.7996377],[-4.0882136,36.7996087],[-4.0882055,36.7995561],[-4.0880178,36.799584]],[[-4.0642071,36.8002379],[-4.0642525,36.8002553],[-4.0642288,36.8002015],[-4.0642071,36.8002379]],[[-4.0820351,36.8003175],[-4.0819095,36.8004512],[-4.0820152,36.8005072],[-4.0821718,36.8003742],[-4.0820351,36.8003175]],[[-4.0970257,36.8002562],[-4.0967771,36.8003026],[-4.096864,36.8005867],[-4.0971511,36.800519],[-4.0970257,36.8002562]],[[-4.0636244,36.8010754],[-4.0636698,36.8010928],[-4.0636461,36.801039],[-4.0636244,36.8010754]],[[-4.1066328,36.8013738],[-4.106753,36.8014122],[-4.1067889,36.8013497],[-4.1066882,36.8012973],[-4.1066328,36.8013738]],[[-4.0965142,36.802155],[-4.0965127,36.8020842],[-4.0964631,36.8021557],[-4.0965142,36.802155]],[[-4.0935254,36.8022677],[-4.0934297,36.8023346],[-4.0935351,36.802354],[-4.0935254,36.8022677]],[[-4.0936698,36.8048916],[-4.0937899,36.80493],[-4.0938258,36.8048675],[-4.0937251,36.8048151],[-4.0936698,36.8048916]],[[-4.1023958,36.8051945],[-4.1022885,36.8048788],[-4.1020739,36.8048681],[-4.1018218,36.8051366],[-4.1018164,36.8053857],[-4.1019962,36.8055682],[-4.1023958,36.8051945]],[[-4.091469,36.8053196],[-4.0915892,36.805358],[-4.0916251,36.8052955],[-4.0915243,36.8052431],[-4.091469,36.8053196]],[[-4.0896167,36.8056376],[-4.0896415,36.8056018],[-4.0895394,36.8056032],[-4.0896167,36.8056376]],[[-4.0870815,36.8057814],[-4.08708,36.8057106],[-4.0870304,36.8057821],[-4.0870815,36.8057814]],[[-4.093795,36.8058594],[-4.0939151,36.8058978],[-4.093951,36.8058353],[-4.0938503,36.8057829],[-4.093795,36.8058594]],[[-4.088537,36.8061535],[-4.0885618,36.8061178],[-4.0884597,36.8061191],[-4.088537,36.8061535]],[[-4.0889511,36.8063733],[-4.0889497,36.8063025],[-4.0889001,36.806374],[-4.0889511,36.8063733]],[[-4.0882825,36.8063607],[-4.0882562,36.8063256],[-4.0882067,36.8063971],[-4.0882825,36.8063607]],[[-4.0895242,36.8064453],[-4.0895868,36.8065231],[-4.0896132,36.8064819],[-4.0895242,36.8064453]],[[-4.087669,36.8066075],[-4.0876675,36.8065367],[-4.0876179,36.8066082],[-4.087669,36.8066075]],[[-4.1010291,36.807787],[-4.1010044,36.807801],[-4.1010566,36.8077971],[-4.1010291,36.807787]],[[-4.0942136,36.8098164],[-4.0943291,36.809781],[-4.0942325,36.8097602],[-4.0942136,36.8098164]],[[-4.0884742,36.8098281],[-4.0885897,36.8097927],[-4.0884931,36.8097719],[-4.0884742,36.8098281]],[[-4.0944454,36.8098626],[-4.0945609,36.8098272],[-4.0944643,36.8098064],[-4.0944454,36.8098626]],[[-4.0749409,36.8098967],[-4.0748792,36.8099463],[-4.0749808,36.809959],[-4.0749409,36.8098967]],[[-4.0783391,36.8099673],[-4.0783047,36.8099581],[-4.0783389,36.8099963],[-4.0783391,36.8099673]],[[-4.0918446,36.810197],[-4.0919648,36.8102355],[-4.0920007,36.810173],[-4.0918999,36.8101206],[-4.0918446,36.810197]],[[-4.1076503,36.8125058],[-4.1075778,36.8124135],[-4.1073284,36.8125101],[-4.1070307,36.8128279],[-4.107028,36.8129289],[-4.1072345,36.8130599],[-4.1076503,36.8125058]],[[-4.0843925,36.8148037],[-4.0844133,36.8147219],[-4.0842726,36.814699],[-4.0842888,36.8148131],[-4.0843925,36.8148037]],[[-4.1052564,36.8150859],[-4.1057043,36.814811],[-4.1057231,36.8147165],[-4.1056225,36.8146994],[-4.1051223,36.815058],[-4.1052564,36.8150859]],[[-4.1040002,36.8208794],[-4.1040375,36.8208321],[-4.1039411,36.8208495],[-4.1040002,36.8208794]],[[-4.1054512,36.8218747],[-4.105305,36.8218972],[-4.1053185,36.8221194],[-4.1055116,36.8220185],[-4.1054512,36.8218747]],[[-4.0734963,36.8280833],[-4.0737162,36.8279738],[-4.0734663,36.8277457],[-4.0734172,36.8273966],[-4.0733112,36.8275981],[-4.07333,36.8278278],[-4.0734963,36.8280833]],[[-4.0812469,36.8300948],[-4.0811346,36.8301667],[-4.0813199,36.8303756],[-4.0813339,36.8301509],[-4.0812469,36.8300948]],[[-4.0832633,36.8310423],[-4.0836579,36.8310586],[-4.0839217,36.8313382],[-4.0840946,36.8313304],[-4.0841719,36.8311133],[-4.0839003,36.8310523],[-4.0838294,36.8309505],[-4.0832038,36.8308442],[-4.0829584,36.8306306],[-4.0827426,36.8305887],[-4.0827911,36.8307489],[-4.0829966,36.830945],[-4.0832633,36.8310423]],[[-4.0757883,36.8344017],[-4.0756059,36.834114],[-4.0753377,36.8340067],[-4.0756005,36.834436],[-4.0757883,36.8344017]],[[-4.0950828,36.8348109],[-4.0949142,36.8348741],[-4.095022,36.8349337],[-4.0952181,36.83489],[-4.0950828,36.8348109]],[[-4.0646084,36.8351976],[-4.0655048,36.8350552],[-4.0653993,36.8346754],[-4.0651884,36.8346807],[-4.0644634,36.8350605],[-4.0644568,36.8351554],[-4.0646084,36.8351976]],[[-4.0893982,36.8351355],[-4.0895806,36.835126],[-4.0898796,36.8353844],[-4.0901414,36.8354523],[-4.0902498,36.8356055],[-4.0904006,36.8354005],[-4.0901148,36.8353319],[-4.0895791,36.8350184],[-4.0893087,36.8351056],[-4.0892973,36.8352534],[-4.0894087,36.8352557],[-4.0893982,36.8351355]],[[-4.1033204,36.8355312],[-4.1035712,36.8355149],[-4.1033283,36.8354497],[-4.1033204,36.8355312]],[[-4.1034152,36.8423837],[-4.103936,36.8424305],[-4.1038014,36.8421495],[-4.1034737,36.8422666],[-4.1034152,36.8423837]],[[-4.0677427,36.8424366],[-4.0677136,36.8423525],[-4.0676049,36.8423608],[-4.0676442,36.8424742],[-4.0677427,36.8424366]],[[-4.1002759,36.8442012],[-4.100195,36.8440924],[-4.0998717,36.8442717],[-4.0998901,36.8443629],[-4.1001363,36.8443834],[-4.1002759,36.8442012]],[[-4.07599,36.8450359],[-4.0762594,36.8453004],[-4.0764292,36.8452352],[-4.0761576,36.8449127],[-4.07599,36.8450359]],[[-4.0944086,36.845211],[-4.0943238,36.8452566],[-4.0943924,36.8453173],[-4.094453,36.8452846],[-4.0944086,36.845211]],[[-4.0802712,36.8453761],[-4.0801104,36.8453072],[-4.0797437,36.8457185],[-4.080047,36.8457928],[-4.0802599,36.8455971],[-4.0802712,36.8453761]],[[-4.0733141,36.845788],[-4.0732143,36.8453499],[-4.0729986,36.8453425],[-4.0729382,36.8457973],[-4.0733141,36.845788]],[[-4.095147,36.8455591],[-4.095162,36.8456727],[-4.0953082,36.8456617],[-4.0952673,36.8455292],[-4.095147,36.8455591]],[[-4.0799092,36.8462239],[-4.0800568,36.8462131],[-4.0799498,36.8461536],[-4.0799092,36.8462239]],[[-4.0769381,36.8464219],[-4.0765875,36.8467638],[-4.0771718,36.8469675],[-4.0773617,36.8465563],[-4.0769381,36.8464219]],[[-4.104741,36.8466414],[-4.1046696,36.846686],[-4.1048089,36.846844],[-4.104886,36.8467994],[-4.104741,36.8466414]],[[-4.0959053,36.8472636],[-4.0959756,36.8471197],[-4.0958771,36.8470721],[-4.0957755,36.8471835],[-4.0959053,36.8472636]],[[-4.0957751,36.8472994],[-4.0957995,36.8473311],[-4.095825,36.847266],[-4.0957751,36.8472994]],[[-4.0953657,36.8479362],[-4.0953901,36.8479679],[-4.0954156,36.8479028],[-4.0953657,36.8479362]],[[-4.1072618,36.8487211],[-4.1071662,36.8487198],[-4.1071632,36.8488617],[-4.1072587,36.8488631],[-4.1072618,36.8487211]],[[-4.0807121,36.8489833],[-4.0806502,36.8489423],[-4.080453,36.8491405],[-4.080638,36.8491509],[-4.0807121,36.8489833]],[[-4.102754,36.849415],[-4.1028685,36.8493743],[-4.1027307,36.8493387],[-4.102754,36.849415]],[[-4.1032339,36.8510074],[-4.1031758,36.8510722],[-4.1032642,36.851109],[-4.1033058,36.8510626],[-4.1032339,36.8510074]],[[-4.1010514,36.8517789],[-4.1012556,36.8517176],[-4.1013437,36.8514689],[-4.1010584,36.851467],[-4.1009563,36.8516526],[-4.1010514,36.8517789]],[[-4.1066985,36.8560908],[-4.106789,36.856398],[-4.1070056,36.8564529],[-4.1071865,36.8560821],[-4.1067725,36.8559833],[-4.1066985,36.8560908]],[[-4.0807103,36.8564011],[-4.0806715,36.8564567],[-4.0807608,36.8564236],[-4.0807103,36.8564011]],[[-4.0894091,36.8590355],[-4.0893941,36.8589736],[-4.0893029,36.8590369],[-4.0894091,36.8590355]],[[-4.078291,36.8644329],[-4.0783588,36.8644336],[-4.0782876,36.8643933],[-4.078291,36.8644329]],[[-4.089683,36.867215],[-4.0899561,36.8672211],[-4.0899531,36.8671674],[-4.0897761,36.867143],[-4.089683,36.867215]],[[-4.0708421,36.8678904],[-4.0708666,36.8679221],[-4.0708921,36.867857],[-4.0708421,36.8678904]],[[-4.0934697,36.8692382],[-4.0938844,36.8692896],[-4.0938323,36.869098],[-4.0935183,36.8690092],[-4.0934697,36.8692382]],[[-4.0883083,36.8696319],[-4.0882671,36.8696227],[-4.088274,36.869688],[-4.0883083,36.8696319]],[[-4.0760506,36.8697557],[-4.0760751,36.8697874],[-4.0761006,36.8697223],[-4.0760506,36.8697557]],[[-4.0750526,36.8723342],[-4.0748655,36.8723646],[-4.0751469,36.8724242],[-4.0750526,36.8723342]],[[-4.0791906,36.8725907],[-4.0791935,36.8725445],[-4.0791114,36.8725842],[-4.0791906,36.8725907]],[[-4.0799495,36.8728601],[-4.0799393,36.8729225],[-4.0800562,36.8729381],[-4.0800675,36.8728757],[-4.0799495,36.8728601]],[[-4.0975402,36.8791084],[-4.0975103,36.8791505],[-4.0976031,36.87915],[-4.0975402,36.8791084]],[[-4.085202,36.8816543],[-4.0852568,36.8816432],[-4.0851745,36.8815678],[-4.085202,36.8816543]],[[-4.1055223,36.881735],[-4.1055729,36.881741],[-4.1055408,36.8816969],[-4.1055223,36.881735]],[[-4.107374,36.9172283],[-4.1071393,36.9172722],[-4.1071728,36.9174706],[-4.1073726,36.9174288],[-4.107374,36.9172283]],[[-4.0950948,36.9175231],[-4.0950787,36.9176528],[-4.0952625,36.9176764],[-4.0952678,36.9175349],[-4.0950948,36.9175231]],[[-4.0998678,36.9442572],[-4.0996317,36.944373],[-4.099739,36.9445487],[-4.0999643,36.9444201],[-4.0998678,36.9442572]],[[-4.034735,36.7457091],[-4.0348766,36.7457773],[-4.0349616,36.7456638],[-4.0348201,36.7455956],[-4.034735,36.7457091]],[[-4.0495832,36.7459389],[-4.0497128,36.7462526],[-4.0502125,36.7463796],[-4.0506482,36.7453276],[-4.0496943,36.7451846],[-4.0495832,36.7459389]],[[-4.0379658,36.7463135],[-4.0380095,36.7462537],[-4.0378912,36.7462785],[-4.0379658,36.7463135]],[[-4.0347799,36.7466974],[-4.0348636,36.7466799],[-4.0348417,36.7466128],[-4.0347581,36.7466303],[-4.0347799,36.7466974]],[[-4.0335169,36.7474725],[-4.0336771,36.7474405],[-4.0336372,36.7473121],[-4.0334769,36.7473441],[-4.0335169,36.7474725]],[[-4.0366548,36.7480496],[-4.0367963,36.7481178],[-4.0368814,36.7480043],[-4.0367398,36.7479361],[-4.0366548,36.7480496]],[[-4.0401514,36.7482015],[-4.0401951,36.7481417],[-4.0400767,36.7481665],[-4.0401514,36.7482015]],[[-4.0409994,36.7482375],[-4.0410431,36.7481777],[-4.0409248,36.7482025],[-4.0409994,36.7482375]],[[-4.0402082,36.7483633],[-4.0402519,36.7483035],[-4.0401335,36.7483283],[-4.0402082,36.7483633]],[[-4.0336187,36.7485832],[-4.0336628,36.7486904],[-4.0339225,36.7487059],[-4.0339859,36.7486051],[-4.0339418,36.7484979],[-4.0336822,36.7484824],[-4.0336187,36.7485832]],[[-4.034365,36.7490301],[-4.0344087,36.7489703],[-4.0342903,36.7489951],[-4.034365,36.7490301]],[[-4.0346941,36.7490422],[-4.0345493,36.7490874],[-4.0345475,36.7491548],[-4.0347505,36.7491583],[-4.0346941,36.7490422]],[[-4.0415271,36.7493772],[-4.0415708,36.7493174],[-4.0414525,36.7493422],[-4.0415271,36.7493772]],[[-4.0514193,36.7496094],[-4.051544,36.7495446],[-4.0514115,36.7494905],[-4.0514193,36.7496094]],[[-4.0427945,36.7496985],[-4.0428382,36.7496387],[-4.0427198,36.7496635],[-4.0427945,36.7496985]],[[-4.0486164,36.7530162],[-4.0503625,36.7480264],[-4.0501809,36.7465157],[-4.0498554,36.746467],[-4.049732,36.7484465],[-4.0475864,36.7548423],[-4.0480236,36.7549224],[-4.0485976,36.7531843],[-4.048485,36.7529093],[-4.0485507,36.7528953],[-4.0486164,36.7530162]],[[-4.0401981,36.7499052],[-4.0401028,36.7499192],[-4.0401176,36.7499783],[-4.0401994,36.749975],[-4.0401981,36.7499052]],[[-4.0361629,36.750108],[-4.0363619,36.7500927],[-4.0363224,36.7499781],[-4.0361746,36.7499894],[-4.0361629,36.750108]],[[-4.0344225,36.7501625],[-4.034328,36.7501603],[-4.0343635,36.750192],[-4.0344225,36.7501625]],[[-4.0354723,36.7505039],[-4.0354107,36.7505533],[-4.0354608,36.7506105],[-4.0355424,36.750556],[-4.0354723,36.7505039]],[[-4.0360457,36.7506887],[-4.0360724,36.7507175],[-4.0361079,36.7506516],[-4.0360457,36.7506887]],[[-4.0427434,36.7510488],[-4.042699,36.7510398],[-4.0427323,36.7510844],[-4.0427434,36.7510488]],[[-4.0426716,36.751286],[-4.0425935,36.7512856],[-4.0426711,36.7513485],[-4.0426716,36.751286]],[[-4.0407406,36.7514974],[-4.0406651,36.7514825],[-4.0407219,36.7515579],[-4.0407406,36.7514974]],[[-4.0425973,36.7516377],[-4.042671,36.7515764],[-4.0425955,36.7515614],[-4.0425973,36.7516377]],[[-4.0422118,36.7523415],[-4.0421363,36.7523265],[-4.0421931,36.752402],[-4.0422118,36.7523415]],[[-4.0576374,36.7524245],[-4.0574798,36.7523912],[-4.057404,36.7525341],[-4.0576347,36.7525621],[-4.0576374,36.7524245]],[[-4.0376346,36.7526407],[-4.0376787,36.752748],[-4.0379384,36.7527634],[-4.0380018,36.7526626],[-4.0379577,36.7525554],[-4.037698,36.7525399],[-4.0376346,36.7526407]],[[-4.0336553,36.7530861],[-4.0335038,36.7530968],[-4.0335331,36.7531842],[-4.0336455,36.7531762],[-4.0336553,36.7530861]],[[-4.0442865,36.7534101],[-4.044211,36.7533951],[-4.0442678,36.7534706],[-4.0442865,36.7534101]],[[-4.0537714,36.7533859],[-4.0536413,36.753518],[-4.0538854,36.7536566],[-4.0540021,36.7535255],[-4.0537714,36.7533859]],[[-4.0407589,36.7535158],[-4.0406254,36.7535607],[-4.0406815,36.7536676],[-4.0408149,36.7536226],[-4.0407589,36.7535158]],[[-4.0406536,36.7537262],[-4.0405201,36.7537711],[-4.0405762,36.753878],[-4.0407096,36.753833],[-4.0406536,36.7537262]],[[-4.0526741,36.7544512],[-4.0527952,36.7544134],[-4.052761,36.7543429],[-4.0526667,36.7543472],[-4.0526741,36.7544512]],[[-4.0372356,36.7544334],[-4.0371021,36.7544783],[-4.0371582,36.7545852],[-4.0372916,36.7545402],[-4.0372356,36.7544334]],[[-4.0449624,36.7548628],[-4.0448869,36.7548479],[-4.0449437,36.7549233],[-4.0449624,36.7548628]],[[-4.0610078,36.7549618],[-4.0608857,36.7549618],[-4.0608857,36.7550811],[-4.0610078,36.7550811],[-4.0610078,36.7549618]],[[-4.0361641,36.7550641],[-4.0360099,36.7551152],[-4.0361309,36.7551747],[-4.0361641,36.7550641]],[[-4.0606468,36.7554358],[-4.060642,36.7555115],[-4.0607353,36.7555245],[-4.0607412,36.7554304],[-4.0606468,36.7554358]],[[-4.0396997,36.7555782],[-4.0395455,36.7556294],[-4.0396665,36.7556889],[-4.0396997,36.7555782]],[[-4.0506244,36.7556843],[-4.050641,36.7557636],[-4.0507184,36.7557124],[-4.0506244,36.7556843]],[[-4.053028,36.7559604],[-4.0530446,36.7560397],[-4.053122,36.7559885],[-4.053028,36.7559604]],[[-4.0480283,36.7549822],[-4.0475006,36.7548729],[-4.0470433,36.7561129],[-4.0465846,36.7569703],[-4.0468226,36.7571712],[-4.0470493,36.7569786],[-4.0478673,36.7554679],[-4.0480283,36.7549822]],[[-4.0531679,36.7560331],[-4.0531845,36.7561125],[-4.053262,36.7560613],[-4.0531679,36.7560331]],[[-4.0368409,36.7564033],[-4.036849,36.7564857],[-4.0369905,36.7564768],[-4.0369362,36.7563717],[-4.0368409,36.7564033]],[[-4.05721,36.7564955],[-4.0570625,36.756489],[-4.0570384,36.7566158],[-4.0572288,36.7566222],[-4.05721,36.7564955]],[[-4.0589969,36.7569037],[-4.0590848,36.7568449],[-4.0590045,36.7567666],[-4.0589145,36.7568377],[-4.0589969,36.7569037]],[[-4.0367887,36.7568821],[-4.0366345,36.7569333],[-4.0367556,36.7569928],[-4.0367887,36.7568821]],[[-4.0525465,36.7569371],[-4.0525631,36.7570164],[-4.0526037,36.7569294],[-4.0525465,36.7569371]],[[-4.0395429,36.7569392],[-4.0393887,36.7569903],[-4.0395097,36.7570498],[-4.0395429,36.7569392]],[[-4.0526324,36.7572541],[-4.0526121,36.7572976],[-4.0527264,36.7572822],[-4.0526324,36.7572541]],[[-4.0487243,36.7573791],[-4.0488048,36.7573877],[-4.0487511,36.7573157],[-4.0487243,36.7573791]],[[-4.0422119,36.7579519],[-4.042441,36.7576922],[-4.0420641,36.7574705],[-4.0417085,36.7576119],[-4.0422119,36.7579519]],[[-4.0579036,36.7580544],[-4.0579149,36.7580884],[-4.0579461,36.7580453],[-4.0579036,36.7580544]],[[-4.049286,36.7581128],[-4.0493026,36.7581922],[-4.04938,36.758141],[-4.049286,36.7581128]],[[-4.0576856,36.7581323],[-4.0575942,36.7581416],[-4.0576057,36.7582148],[-4.0576971,36.7582055],[-4.0576856,36.7581323]],[[-4.056938,36.7582188],[-4.0569493,36.7582528],[-4.0569805,36.7582097],[-4.056938,36.7582188]],[[-4.0446337,36.7590295],[-4.0451717,36.7579076],[-4.0451423,36.7577954],[-4.0442615,36.7575828],[-4.0441399,36.7578338],[-4.0439704,36.7587668],[-4.0441288,36.7589734],[-4.0446337,36.7590295]],[[-4.057626,36.7583122],[-4.0576373,36.7583463],[-4.0576685,36.7583032],[-4.057626,36.7583122]],[[-4.042442,36.7586305],[-4.0422878,36.7586817],[-4.0424089,36.7587411],[-4.042442,36.7586305]],[[-4.0338737,36.7588044],[-4.0337195,36.7588556],[-4.0338405,36.758915],[-4.0338737,36.7588044]],[[-4.0573102,36.7589145],[-4.0573215,36.7589485],[-4.0573527,36.7589054],[-4.0573102,36.7589145]],[[-4.0516561,36.7589537],[-4.0516674,36.7589877],[-4.0516986,36.7589446],[-4.0516561,36.7589537]],[[-4.0336121,36.7591556],[-4.0334578,36.7592068],[-4.0335789,36.7592663],[-4.0336121,36.7591556]],[[-4.061278,36.7591936],[-4.0611922,36.7592634],[-4.0613229,36.7592333],[-4.061278,36.7591936]],[[-4.0547955,36.7592482],[-4.054649,36.7592407],[-4.0546451,36.7592893],[-4.0547459,36.759329],[-4.0547955,36.7592482]],[[-4.0479368,36.7593339],[-4.0478414,36.7593591],[-4.0478729,36.7594356],[-4.0479683,36.7594103],[-4.0479368,36.7593339]],[[-4.0566068,36.7595324],[-4.0567203,36.7595825],[-4.0567828,36.7594916],[-4.0566694,36.7594415],[-4.0566068,36.7595324]],[[-4.056733,36.7597432],[-4.0567657,36.759819],[-4.0568635,36.7597494],[-4.056733,36.7597432]],[[-4.0544073,36.7599029],[-4.0544187,36.759937],[-4.0544498,36.7598939],[-4.0544073,36.7599029]],[[-4.0478621,36.7599373],[-4.0478734,36.7599714],[-4.0479046,36.7599283],[-4.0478621,36.7599373]],[[-4.0354116,36.7600399],[-4.0352574,36.7600911],[-4.0353785,36.7601505],[-4.0354116,36.7600399]],[[-4.0462318,36.7602476],[-4.0462432,36.7602817],[-4.0462743,36.7602385],[-4.0462318,36.7602476]],[[-4.0487285,36.7602411],[-4.0486147,36.760241],[-4.0486145,36.7603322],[-4.0487283,36.7603323],[-4.0487285,36.7602411]],[[-4.0485005,36.7604058],[-4.0485118,36.7604398],[-4.0485429,36.7603967],[-4.0485005,36.7604058]],[[-4.0340223,36.7605264],[-4.0338681,36.7605775],[-4.0339891,36.760637],[-4.0340223,36.7605264]],[[-4.0362248,36.7606752],[-4.0360706,36.7607264],[-4.0361916,36.7607858],[-4.0362248,36.7606752]],[[-4.0338377,36.7608817],[-4.0336834,36.7609328],[-4.0338045,36.7609923],[-4.0338377,36.7608817]],[[-4.0362619,36.761562],[-4.0362877,36.7616498],[-4.0363502,36.7615916],[-4.0362619,36.761562]],[[-4.0448333,36.7604295],[-4.0454708,36.7590118],[-4.0466067,36.7575075],[-4.046345,36.7572774],[-4.0457569,36.7580371],[-4.044742,36.7596701],[-4.0439682,36.7613358],[-4.0438959,36.7617586],[-4.0441333,36.7628009],[-4.0445409,36.763658],[-4.0446512,36.7640609],[-4.0443985,36.764802],[-4.0438969,36.7653413],[-4.0433912,36.7655569],[-4.042655,36.7657328],[-4.0417346,36.7658246],[-4.04109,36.7657826],[-4.0410015,36.7658476],[-4.0408418,36.766147],[-4.0408807,36.7666793],[-4.0409666,36.766857],[-4.0416678,36.7673506],[-4.041654,36.7677792],[-4.0407329,36.76899],[-4.0404217,36.7695728],[-4.0402487,36.7703485],[-4.04007,36.77055],[-4.0398474,36.771027],[-4.0385123,36.7712851],[-4.0382709,36.7717427],[-4.0384103,36.7717712],[-4.0386,36.7714582],[-4.0389567,36.7712526],[-4.0396063,36.7712299],[-4.0399161,36.7711139],[-4.0401562,36.7707282],[-4.0407332,36.7692445],[-4.0417257,36.767928],[-4.0418316,36.7675468],[-4.0418014,36.7673629],[-4.0409814,36.7666599],[-4.0409586,36.7661602],[-4.0410632,36.7659518],[-4.0412495,36.7658431],[-4.0415636,36.7658971],[-4.0426968,36.7658359],[-4.0435889,36.765592],[-4.0445363,36.7650146],[-4.0447473,36.764356],[-4.0447687,36.7640385],[-4.0445046,36.7629863],[-4.0442585,36.7624144],[-4.0441659,36.7614614],[-4.0442665,36.761181],[-4.0448333,36.7604295]],[[-4.0361127,36.7618699],[-4.0359584,36.7619211],[-4.0360795,36.7619805],[-4.0361127,36.7618699]],[[-4.0341752,36.7619283],[-4.034021,36.7619794],[-4.0341421,36.7620389],[-4.0341752,36.7619283]],[[-4.0404198,36.7622463],[-4.0402656,36.7622974],[-4.0403866,36.7623569],[-4.0404198,36.7622463]],[[-4.0388133,36.7624416],[-4.0386591,36.7624927],[-4.0387802,36.7625522],[-4.0388133,36.7624416]],[[-4.0349946,36.7625397],[-4.0354188,36.7629396],[-4.0357321,36.7625437],[-4.0350485,36.7624692],[-4.0349946,36.7625397]],[[-4.0340647,36.7627031],[-4.0342538,36.763177],[-4.0347789,36.7631908],[-4.0349093,36.7630817],[-4.0349131,36.7630009],[-4.0345945,36.7627509],[-4.0341187,36.7626326],[-4.0340647,36.7627031]],[[-4.0607064,36.7642153],[-4.0605995,36.7642117],[-4.0605963,36.7642738],[-4.0606691,36.7642955],[-4.0607064,36.7642153]],[[-4.0616794,36.7643347],[-4.061743,36.7642574],[-4.0616,36.7642079],[-4.0615733,36.764298],[-4.0616794,36.7643347]],[[-4.0607195,36.7643427],[-4.0608457,36.7643055],[-4.0607344,36.7642734],[-4.0607195,36.7643427]],[[-4.0394033,36.7644672],[-4.0392666,36.764511],[-4.0393725,36.7645645],[-4.0394033,36.7644672]],[[-4.0573065,36.7686019],[-4.0572026,36.7685797],[-4.0572729,36.7686599],[-4.0573065,36.7686019]],[[-4.057487,36.7686802],[-4.0575204,36.7685807],[-4.0573478,36.7685686],[-4.057359,36.7686712],[-4.057487,36.7686802]],[[-4.0571358,36.7687665],[-4.0572209,36.7687135],[-4.0571558,36.7686923],[-4.0571358,36.7687665]],[[-4.057261,36.7688004],[-4.0573461,36.7687475],[-4.0572809,36.7687262],[-4.057261,36.7688004]],[[-4.0609051,36.7693307],[-4.0610135,36.7692717],[-4.0609365,36.7692419],[-4.0609051,36.7693307]],[[-4.0561516,36.7695795],[-4.0560367,36.7695638],[-4.0559975,36.7696517],[-4.0560987,36.7696979],[-4.0561516,36.7695795]],[[-4.0536443,36.7697175],[-4.0536436,36.7696242],[-4.0534892,36.7696467],[-4.0535297,36.7697343],[-4.0536443,36.7697175]],[[-4.0559833,36.7697498],[-4.0559852,36.7696615],[-4.0558386,36.7696801],[-4.0558745,36.7697635],[-4.0559833,36.7697498]],[[-4.0538237,36.7697693],[-4.0538231,36.769676],[-4.0536686,36.7696985],[-4.0537091,36.769786],[-4.0538237,36.7697693]],[[-4.0572713,36.7697985],[-4.0573564,36.7697455],[-4.0572913,36.7697243],[-4.0572713,36.7697985]],[[-4.0520084,36.7699113],[-4.0520077,36.769818],[-4.0518533,36.7698405],[-4.0518938,36.7699281],[-4.0520084,36.7699113]],[[-4.0605984,36.7699706],[-4.0605755,36.7699007],[-4.0604855,36.7699066],[-4.0605163,36.7700008],[-4.0605984,36.7699706]],[[-4.0524299,36.7700861],[-4.0523959,36.7700042],[-4.0521977,36.7699717],[-4.0521233,36.7701224],[-4.0522957,36.7702073],[-4.0524299,36.7700861]],[[-4.0542612,36.7706342],[-4.0542548,36.7705158],[-4.0540602,36.7705502],[-4.0541167,36.7706598],[-4.0542612,36.7706342]],[[-4.0573953,36.7705528],[-4.0572795,36.7705667],[-4.057393,36.7706224],[-4.0573953,36.7705528]],[[-4.0581926,36.7707386],[-4.0580659,36.7706667],[-4.0579556,36.7707542],[-4.0581262,36.770851],[-4.0581926,36.7707386]],[[-4.0450702,36.7707731],[-4.045105,36.7708558],[-4.0451573,36.7708472],[-4.0451547,36.770757],[-4.0450702,36.7707731]],[[-4.060217,36.770838],[-4.0603021,36.770785],[-4.060237,36.7707638],[-4.060217,36.770838]],[[-4.052428,36.7710095],[-4.0524274,36.7709162],[-4.0522729,36.7709387],[-4.0523134,36.7710262],[-4.052428,36.7710095]],[[-4.0602916,36.7710793],[-4.0601973,36.7711104],[-4.0603078,36.7711385],[-4.0602916,36.7710793]],[[-4.0336341,36.7722922],[-4.0337424,36.7722281],[-4.0336824,36.7721316],[-4.0335366,36.7722179],[-4.0336341,36.7722922]],[[-4.0516524,36.7723475],[-4.0515842,36.7723559],[-4.0516513,36.7723885],[-4.0516524,36.7723475]],[[-4.0579075,36.7723482],[-4.0579018,36.7724117],[-4.0580113,36.772369],[-4.0579075,36.7723482]],[[-4.0551758,36.7724708],[-4.0551751,36.7723774],[-4.0550602,36.7723618],[-4.0550611,36.7724875],[-4.0551758,36.7724708]],[[-4.0554874,36.772535],[-4.0554867,36.7724417],[-4.0553719,36.772426],[-4.0553728,36.7725518],[-4.0554874,36.772535]],[[-4.0518039,36.7726301],[-4.0519229,36.7725724],[-4.0518001,36.772459],[-4.0517121,36.7725464],[-4.0518039,36.7726301]],[[-4.0552131,36.7726116],[-4.0553363,36.7725833],[-4.0552333,36.7725466],[-4.0552131,36.7726116]],[[-4.0334862,36.77294],[-4.0334674,36.7730238],[-4.0335954,36.772975],[-4.0334862,36.77294]],[[-4.0337636,36.7731587],[-4.0337812,36.773081],[-4.0336804,36.7730568],[-4.0336632,36.7731565],[-4.0337636,36.7731587]],[[-4.0350726,36.773208],[-4.0349898,36.7732168],[-4.0350805,36.7732562],[-4.0350726,36.773208]],[[-4.0563825,36.7736227],[-4.0564023,36.77354],[-4.0563041,36.77351],[-4.0562774,36.7736214],[-4.0563825,36.7736227]],[[-4.0566267,36.7738243],[-4.0566668,36.7737317],[-4.0565599,36.7736839],[-4.0565058,36.7738087],[-4.0566267,36.7738243]],[[-4.056377,36.7738134],[-4.0563968,36.7737307],[-4.0562552,36.773729],[-4.0562719,36.7738122],[-4.056377,36.7738134]],[[-4.0533609,36.7742067],[-4.0532084,36.7741735],[-4.0531411,36.7742879],[-4.0533465,36.7743327],[-4.0533609,36.7742067]],[[-4.0575887,36.7743824],[-4.0576736,36.7743333],[-4.0576112,36.7743109],[-4.0575887,36.7743824]],[[-4.0567772,36.7746002],[-4.0565824,36.7745592],[-4.0565701,36.7746785],[-4.0567147,36.7747089],[-4.0567772,36.7746002]],[[-4.0565018,36.7746943],[-4.0565011,36.774601],[-4.0563862,36.7745853],[-4.0563871,36.774711],[-4.0565018,36.7746943]],[[-4.0563806,36.7748383],[-4.0563799,36.774745],[-4.0562255,36.7747675],[-4.056266,36.774855],[-4.0563806,36.7748383]],[[-4.0402067,36.7762203],[-4.0401664,36.7761225],[-4.0400417,36.7761773],[-4.0401128,36.776259],[-4.0402067,36.7762203]],[[-4.0413128,36.7779271],[-4.0414228,36.7780517],[-4.0415314,36.7779819],[-4.0414308,36.7778691],[-4.0413128,36.7779271]],[[-4.039318,36.7789492],[-4.0393134,36.7789329],[-4.0392865,36.7789671],[-4.039318,36.7789492]],[[-4.0616923,36.7791413],[-4.0616916,36.779048],[-4.0615372,36.7790705],[-4.0615777,36.779158],[-4.0616923,36.7791413]],[[-4.0364743,36.7815439],[-4.0365313,36.7815557],[-4.0364977,36.7815063],[-4.0364743,36.7815439]],[[-4.0559647,36.7821815],[-4.0558128,36.7821386],[-4.0555333,36.7823116],[-4.0554401,36.7826033],[-4.0557069,36.7827288],[-4.0559647,36.7821815]],[[-4.0607546,36.7832331],[-4.0610216,36.7832301],[-4.0610969,36.7831548],[-4.0608261,36.7822601],[-4.0601039,36.7826216],[-4.0599798,36.7827812],[-4.0601716,36.7830493],[-4.0607546,36.7832331]],[[-4.0581124,36.7832603],[-4.0582211,36.7832203],[-4.0581418,36.7831968],[-4.0581124,36.7832603]],[[-4.0584956,36.7849408],[-4.0579592,36.7849189],[-4.057941,36.7849918],[-4.0583592,36.7851957],[-4.058532,36.7850027],[-4.0584956,36.7849408]],[[-4.0442001,36.7886416],[-4.0442366,36.7887128],[-4.0442811,36.7886269],[-4.0442001,36.7886416]],[[-4.0602328,36.7944641],[-4.0602532,36.7943984],[-4.0601486,36.794352],[-4.0601132,36.7944658],[-4.0602328,36.7944641]],[[-4.0563696,36.8012825],[-4.0564151,36.8013],[-4.0563913,36.8012461],[-4.0563696,36.8012825]],[[-4.0379617,36.8124224],[-4.0378919,36.8122678],[-4.0375325,36.8119714],[-4.0368995,36.8118426],[-4.03676,36.8119027],[-4.0367171,36.8125469],[-4.0367815,36.8126285],[-4.0370068,36.8127059],[-4.0377686,36.8125427],[-4.0379617,36.8124224]],[[-4.0361211,36.8130341],[-4.0366656,36.8130813],[-4.036451,36.8128516],[-4.0361398,36.8129224],[-4.0361211,36.8130341]],[[-4.0507647,36.8310924],[-4.0508602,36.8311786],[-4.0509185,36.8309665],[-4.0508284,36.830975],[-4.0507647,36.8310924]],[[-4.0526283,36.8333728],[-4.0524003,36.83342],[-4.05258,36.8337012],[-4.0527383,36.8336969],[-4.0527866,36.8335831],[-4.0526283,36.8333728]],[[-4.0373763,36.8541688],[-4.0373093,36.8542645],[-4.0375555,36.8542492],[-4.0373763,36.8541688]],[[-4.0373103,36.8544444],[-4.0373256,36.8544974],[-4.0374017,36.8544405],[-4.0373103,36.8544444]],[[-4.0372833,36.8545064],[-4.0372419,36.8545749],[-4.0373253,36.8546072],[-4.0373667,36.8545387],[-4.0372833,36.8545064]],[[-4.0575923,36.8583352],[-4.0578618,36.8582484],[-4.0577697,36.858017],[-4.05752,36.8580499],[-4.0575923,36.8583352]],[[-4.0351637,36.8588156],[-4.0350774,36.8590593],[-4.0351877,36.8590401],[-4.0352908,36.8588329],[-4.0351637,36.8588156]],[[-4.0398735,36.8609268],[-4.0397796,36.8608967],[-4.039734,36.861033],[-4.0398534,36.8610394],[-4.0398735,36.8609268]],[[-4.0397186,36.8645032],[-4.0397134,36.8644768],[-4.039639,36.8645133],[-4.0397186,36.8645032]],[[-4.03614,36.8697146],[-4.0359306,36.869715],[-4.0357154,36.8699121],[-4.0362351,36.8698285],[-4.03614,36.8697146]],[[-4.0175606,36.74466],[-4.0174478,36.7446698],[-4.0175465,36.7447333],[-4.0175606,36.74466]],[[-4.021929,36.744742],[-4.0219754,36.7447027],[-4.0218799,36.7447048],[-4.021929,36.744742]],[[-4.0205205,36.7448459],[-4.0205997,36.7447668],[-4.0205082,36.7447555],[-4.0205205,36.7448459]],[[-4.0076958,36.7449546],[-4.007583,36.7449644],[-4.0076817,36.7450279],[-4.0076958,36.7449546]],[[-4.0088474,36.745221],[-4.0087346,36.7452308],[-4.0088333,36.7452943],[-4.0088474,36.745221]],[[-4.0241975,36.7454199],[-4.0240847,36.7454297],[-4.0241834,36.7454932],[-4.0241975,36.7454199]],[[-4.0154864,36.7457381],[-4.0153273,36.7457465],[-4.0153377,36.745874],[-4.0155226,36.7458236],[-4.0154864,36.7457381]],[[-4.0210215,36.7459055],[-4.0211007,36.7458265],[-4.0210092,36.7458152],[-4.0210215,36.7459055]],[[-4.0228865,36.7462382],[-4.0229657,36.7461592],[-4.0228529,36.7461691],[-4.0228865,36.7462382]],[[-4.0244873,36.7462883],[-4.0246476,36.7462563],[-4.0246076,36.7461279],[-4.0244474,36.7461599],[-4.0244873,36.7462883]],[[-4.0306788,36.7465761],[-4.0306163,36.7466074],[-4.0307178,36.7466262],[-4.0306788,36.7465761]],[[-4.0213543,36.7467127],[-4.0214212,36.7466003],[-4.0212796,36.7465321],[-4.0211945,36.7466456],[-4.0213543,36.7467127]],[[-4.0261471,36.7466832],[-4.0260846,36.7467145],[-4.0261861,36.7467333],[-4.0261471,36.7466832]],[[-4.0308194,36.7467243],[-4.0307569,36.7467556],[-4.0308584,36.7467744],[-4.0308194,36.7467243]],[[-4.0260523,36.7468255],[-4.0259898,36.7468567],[-4.0260913,36.7468756],[-4.0260523,36.7468255]],[[-4.0254419,36.7469974],[-4.0255211,36.7469184],[-4.0254296,36.7469071],[-4.0254419,36.7469974]],[[-4.008645,36.7471159],[-4.0087405,36.7470097],[-4.0086079,36.7469332],[-4.0085184,36.7469918],[-4.008537,36.7470831],[-4.008645,36.7471159]],[[-4.0231616,36.7471204],[-4.0230489,36.7471302],[-4.0231475,36.7471937],[-4.0231616,36.7471204]],[[-4.0285901,36.7472494],[-4.0287504,36.7472174],[-4.0287105,36.7470889],[-4.0285502,36.7471209],[-4.0285901,36.7472494]],[[-4.0265834,36.7472682],[-4.0265208,36.7472994],[-4.0266223,36.7473183],[-4.0265834,36.7472682]],[[-4.0170386,36.7473789],[-4.0171178,36.7472999],[-4.0170263,36.7472886],[-4.0170386,36.7473789]],[[-4.0270984,36.7474014],[-4.0270358,36.7474327],[-4.0271373,36.7474515],[-4.0270984,36.7474014]],[[-4.0271914,36.7475659],[-4.0271979,36.7475974],[-4.0272864,36.7475533],[-4.0271914,36.7475659]],[[-4.0294163,36.748036],[-4.0295765,36.748004],[-4.0295366,36.7478755],[-4.0293763,36.7479076],[-4.0294163,36.748036]],[[-4.0229824,36.7480092],[-4.0230616,36.7479302],[-4.02297,36.7479188],[-4.0229824,36.7480092]],[[-4.0232413,36.7480269],[-4.0231285,36.7480367],[-4.0232272,36.7481002],[-4.0232413,36.7480269]],[[-4.0165707,36.7480822],[-4.0164579,36.7480921],[-4.0165566,36.7481556],[-4.0165707,36.7480822]],[[-4.0164419,36.7482112],[-4.0163292,36.748221],[-4.0164278,36.7482845],[-4.0164419,36.7482112]],[[-4.0209618,36.7484808],[-4.021041,36.7484018],[-4.0209283,36.7484116],[-4.0209618,36.7484808]],[[-4.0256093,36.7487018],[-4.0254966,36.7487116],[-4.0255952,36.7487751],[-4.0256093,36.7487018]],[[-4.0293461,36.7487812],[-4.0292835,36.7488124],[-4.029385,36.7488313],[-4.0293461,36.7487812]],[[-4.0097586,36.7487507],[-4.0096879,36.74883],[-4.0098241,36.7489079],[-4.0098947,36.7488287],[-4.0097586,36.7487507]],[[-4.0290135,36.7489832],[-4.0289509,36.7490145],[-4.0290524,36.7490333],[-4.0290135,36.7489832]],[[-4.0092792,36.7493571],[-4.0092241,36.7492931],[-4.0089804,36.7493512],[-4.0090331,36.749493],[-4.0092177,36.7494967],[-4.0092792,36.7493571]],[[-4.0211248,36.7494863],[-4.0212116,36.7494029],[-4.0211075,36.7493334],[-4.0210378,36.7494541],[-4.0211248,36.7494863]],[[-4.0216544,36.7495346],[-4.0216673,36.7494833],[-4.0215891,36.7495334],[-4.0216544,36.7495346]],[[-4.0196843,36.7496085],[-4.0197635,36.7495295],[-4.0196508,36.7495393],[-4.0196843,36.7496085]],[[-4.0125165,36.7496437],[-4.0124179,36.74968],[-4.0124508,36.7497374],[-4.0125494,36.7497011],[-4.0125165,36.7496437]],[[-4.0221451,36.749864],[-4.0222243,36.7497849],[-4.0221328,36.7497736],[-4.0221451,36.749864]],[[-4.0245001,36.7498983],[-4.0245793,36.7498193],[-4.0244878,36.749808],[-4.0245001,36.7498983]],[[-4.0154524,36.7499447],[-4.0154678,36.7498783],[-4.0153244,36.749857],[-4.0153337,36.7499521],[-4.0154524,36.7499447]],[[-4.0224544,36.7499897],[-4.0225336,36.7499107],[-4.0224421,36.7498994],[-4.0224544,36.7499897]],[[-4.020256,36.749957],[-4.0201641,36.749965],[-4.0202445,36.7500167],[-4.020256,36.749957]],[[-4.0289576,36.750471],[-4.0291179,36.750439],[-4.0290779,36.7503105],[-4.0289177,36.7503425],[-4.0289576,36.750471]],[[-4.0272195,36.750514],[-4.0273798,36.750482],[-4.0273399,36.7503535],[-4.0271796,36.7503855],[-4.0272195,36.750514]],[[-4.0229605,36.7506118],[-4.0230397,36.7505328],[-4.0229482,36.7505215],[-4.0229605,36.7506118]],[[-4.0215408,36.7506981],[-4.0215243,36.7506352],[-4.0213885,36.750658],[-4.0214396,36.7507391],[-4.0215408,36.7506981]],[[-4.0114974,36.7510473],[-4.0115953,36.7509115],[-4.0114259,36.750833],[-4.011328,36.7509114],[-4.0113637,36.7510185],[-4.0114974,36.7510473]],[[-4.0236371,36.7510137],[-4.02355,36.7510215],[-4.0236428,36.751054],[-4.0236371,36.7510137]],[[-4.021553,36.7510285],[-4.0214906,36.7511418],[-4.0216776,36.7511651],[-4.021661,36.751042],[-4.021553,36.7510285]],[[-4.0169672,36.7511862],[-4.0168545,36.751196],[-4.0169531,36.7512595],[-4.0169672,36.7511862]],[[-4.0174226,36.7513425],[-4.0175018,36.7512635],[-4.0174103,36.7512522],[-4.0174226,36.7513425]],[[-4.0238457,36.7513683],[-4.0239249,36.7512893],[-4.0238333,36.751278],[-4.0238457,36.7513683]],[[-4.022183,36.7513361],[-4.0221108,36.7512897],[-4.0220528,36.7513475],[-4.022125,36.751394],[-4.022183,36.7513361]],[[-4.016521,36.7513474],[-4.0164082,36.7513573],[-4.0165069,36.7514207],[-4.016521,36.7513474]],[[-4.0290187,36.7518665],[-4.0291734,36.7518128],[-4.0291063,36.7516889],[-4.0289517,36.7517427],[-4.0290187,36.7518665]],[[-4.0270379,36.752026],[-4.0268837,36.7520772],[-4.0270047,36.7521366],[-4.0270379,36.752026]],[[-4.015905,36.7523879],[-4.0159336,36.7522441],[-4.0158162,36.752202],[-4.0157121,36.7522625],[-4.0157771,36.7523985],[-4.015905,36.7523879]],[[-4.0161487,36.7524946],[-4.0162279,36.7524155],[-4.0161364,36.7524042],[-4.0161487,36.7524946]],[[-4.0223706,36.7530384],[-4.0222916,36.7529716],[-4.0222082,36.7530349],[-4.0222872,36.7531018],[-4.0223706,36.7530384]],[[-4.0078381,36.753182],[-4.0077253,36.7531918],[-4.007824,36.7532553],[-4.0078381,36.753182]],[[-4.0170406,36.7533045],[-4.0171489,36.7532404],[-4.0170889,36.7531439],[-4.0169431,36.7532302],[-4.0170406,36.7533045]],[[-4.0263503,36.7531959],[-4.026196,36.7532471],[-4.0263171,36.7533066],[-4.0263503,36.7531959]],[[-4.0254478,36.7535436],[-4.0254476,36.7536526],[-4.0256349,36.7536529],[-4.0255773,36.7535101],[-4.0254478,36.7535436]],[[-4.0083863,36.7538156],[-4.0082931,36.7538317],[-4.0083889,36.7538723],[-4.0083863,36.7538156]],[[-4.0199642,36.7540477],[-4.0202754,36.7542411],[-4.0204041,36.7542368],[-4.0207206,36.7538972],[-4.0203451,36.7536522],[-4.0199642,36.7540477]],[[-4.0182047,36.7542071],[-4.018313,36.754143],[-4.0181816,36.7540429],[-4.0181072,36.7541328],[-4.0182047,36.7542071]],[[-4.0333454,36.7544653],[-4.0332646,36.7545666],[-4.0334976,36.7546858],[-4.0335783,36.7545844],[-4.0333454,36.7544653]],[[-4.0190263,36.7548418],[-4.0189391,36.7548496],[-4.0190156,36.7548985],[-4.0190263,36.7548418]],[[-4.0091689,36.754971],[-4.0089833,36.7548893],[-4.0089327,36.7550085],[-4.0090705,36.7550692],[-4.0091689,36.754971]],[[-4.021273,36.7551039],[-4.021247,36.7550022],[-4.0211174,36.7550051],[-4.0211525,36.7551421],[-4.021273,36.7551039]],[[-4.0237324,36.7551494],[-4.0236616,36.7551408],[-4.0237217,36.7552061],[-4.0237324,36.7551494]],[[-4.0235744,36.7552715],[-4.0235483,36.7551698],[-4.0233859,36.7552213],[-4.0234539,36.7553097],[-4.0235744,36.7552715]],[[-4.0320489,36.7554816],[-4.0321738,36.7554111],[-4.0320723,36.7553735],[-4.0320489,36.7554816]],[[-4.0249973,36.7555756],[-4.0249712,36.7554739],[-4.0248416,36.7554768],[-4.0248768,36.7556138],[-4.0249973,36.7555756]],[[-4.0220777,36.755669],[-4.0220516,36.7555673],[-4.0218893,36.7556189],[-4.0219572,36.7557073],[-4.0220777,36.755669]],[[-4.0248195,36.7557083],[-4.0247934,36.7556066],[-4.0246311,36.7556581],[-4.024699,36.7557465],[-4.0248195,36.7557083]],[[-4.0321376,36.7558567],[-4.0322051,36.7557195],[-4.0320339,36.7556654],[-4.0319565,36.7557492],[-4.0320083,36.7558448],[-4.0321376,36.7558567]],[[-4.0269701,36.7560021],[-4.026944,36.7559004],[-4.0268144,36.7559033],[-4.0268496,36.7560404],[-4.0269701,36.7560021]],[[-4.0253071,36.7560623],[-4.025281,36.7559606],[-4.0251186,36.7560121],[-4.0251866,36.7561006],[-4.0253071,36.7560623]],[[-4.0077031,36.756552],[-4.0076849,36.7564867],[-4.0075908,36.756556],[-4.0077031,36.756552]],[[-4.029266,36.7567672],[-4.0292399,36.7566655],[-4.0290776,36.756717],[-4.0291455,36.7568054],[-4.029266,36.7567672]],[[-4.0324769,36.7567969],[-4.0323449,36.7568081],[-4.0323589,36.7569138],[-4.0324516,36.7569255],[-4.0324769,36.7567969]],[[-4.0218578,36.7570981],[-4.0218317,36.7569964],[-4.0216693,36.7570479],[-4.0217373,36.7571363],[-4.0218578,36.7570981]],[[-4.0278881,36.7570738],[-4.0277585,36.7570767],[-4.0277396,36.7571794],[-4.0278626,36.7572122],[-4.0278881,36.7570738]],[[-4.0266202,36.7573695],[-4.0266144,36.7572782],[-4.0265011,36.7572669],[-4.0265089,36.75739],[-4.0266202,36.7573695]],[[-4.0077244,36.7578876],[-4.0077909,36.7578191],[-4.0077208,36.7578113],[-4.0077244,36.7578876]],[[-4.0122117,36.7579414],[-4.0122782,36.7578729],[-4.0122081,36.7578651],[-4.0122117,36.7579414]],[[-4.0161017,36.7579534],[-4.0160756,36.7578517],[-4.0159133,36.7579032],[-4.0159812,36.7579916],[-4.0161017,36.7579534]],[[-4.0316737,36.7579213],[-4.0315195,36.7579725],[-4.0316406,36.7580319],[-4.0316737,36.7579213]],[[-4.0314454,36.7581151],[-4.0312912,36.7581663],[-4.0314122,36.7582257],[-4.0314454,36.7581151]],[[-4.0159255,36.7582146],[-4.0158035,36.7582631],[-4.0158635,36.7583283],[-4.0159541,36.7582923],[-4.0159255,36.7582146]],[[-4.0148426,36.7582775],[-4.0147728,36.7583362],[-4.0148328,36.7584014],[-4.0149234,36.7583654],[-4.0148426,36.7582775]],[[-4.0162682,36.7583237],[-4.0161985,36.7583824],[-4.0162584,36.7584476],[-4.016349,36.7584116],[-4.0162682,36.7583237]],[[-4.0304394,36.7584467],[-4.0304092,36.7583635],[-4.0302293,36.7584053],[-4.0303085,36.7585101],[-4.0304394,36.7584467]],[[-4.0157224,36.7585144],[-4.0157687,36.7585647],[-4.0158167,36.7584769],[-4.0157224,36.7585144]],[[-4.0253005,36.7585964],[-4.0251719,36.7586909],[-4.0252746,36.758754],[-4.0253701,36.7586839],[-4.0253005,36.7585964]],[[-4.0253397,36.7589243],[-4.0251837,36.7589173],[-4.0251973,36.7590095],[-4.0253131,36.7590148],[-4.0253397,36.7589243]],[[-4.018902,36.7590278],[-4.0188759,36.7589261],[-4.0187135,36.7589776],[-4.0187815,36.7590661],[-4.018902,36.7590278]],[[-4.011047,36.7590053],[-4.0109539,36.7590214],[-4.0110497,36.759062],[-4.011047,36.7590053]],[[-4.0251113,36.7591807],[-4.0251326,36.7591063],[-4.0250043,36.7591011],[-4.0250161,36.7591769],[-4.0251113,36.7591807]],[[-4.0185077,36.7591868],[-4.0185043,36.7590892],[-4.0182177,36.7590441],[-4.0182173,36.7592291],[-4.0183309,36.7592917],[-4.0185077,36.7591868]],[[-4.0241501,36.7592022],[-4.0240432,36.7591929],[-4.0241184,36.7592678],[-4.0241501,36.7592022]],[[-4.019197,36.7594189],[-4.0191709,36.7593172],[-4.0190086,36.7593687],[-4.0190765,36.7594572],[-4.019197,36.7594189]],[[-4.0241652,36.7594018],[-4.0241151,36.7593083],[-4.0239914,36.7593316],[-4.024059,36.7594576],[-4.0241652,36.7594018]],[[-4.0097147,36.7593886],[-4.0096216,36.7594047],[-4.0097174,36.7594453],[-4.0097147,36.7593886]],[[-4.0212248,36.759492],[-4.0211987,36.7593903],[-4.0210363,36.7594418],[-4.0211043,36.7595302],[-4.0212248,36.759492]],[[-4.0193244,36.7595414],[-4.0192983,36.7594397],[-4.019136,36.7594912],[-4.0192039,36.7595796],[-4.0193244,36.7595414]],[[-4.0241558,36.7595082],[-4.0240626,36.7595243],[-4.0241585,36.7595648],[-4.0241558,36.7595082]],[[-4.0333197,36.7596909],[-4.0331973,36.7597255],[-4.0332882,36.7597757],[-4.0333197,36.7596909]],[[-4.0215037,36.7601495],[-4.0214776,36.7600478],[-4.0213153,36.7600993],[-4.0213832,36.7601878],[-4.0215037,36.7601495]],[[-4.0321883,36.7606303],[-4.032034,36.7606814],[-4.0321551,36.7607409],[-4.0321883,36.7606303]],[[-4.0283587,36.7608878],[-4.0284538,36.7608056],[-4.0283285,36.7608094],[-4.0283587,36.7608878]],[[-4.0185666,36.7609255],[-4.0181857,36.7612033],[-4.0185552,36.7614173],[-4.0190099,36.7612989],[-4.0190213,36.7612033],[-4.0187598,36.7609073],[-4.0185666,36.7609255]],[[-4.0312422,36.7619182],[-4.031088,36.7619693],[-4.031209,36.7620288],[-4.0312422,36.7619182]],[[-4.0308672,36.7625947],[-4.0309717,36.7626841],[-4.0311624,36.7626025],[-4.0310606,36.7624497],[-4.0309116,36.7624775],[-4.0308672,36.7625947]],[[-4.0333824,36.7628198],[-4.0332282,36.762871],[-4.0333492,36.7629304],[-4.0333824,36.7628198]],[[-4.012158,36.7719476],[-4.0121386,36.7717665],[-4.0117546,36.7718393],[-4.0117111,36.7719147],[-4.011853,36.7720795],[-4.012158,36.7719476]],[[-4.0330762,36.7738331],[-4.0330939,36.7737554],[-4.0329931,36.7737312],[-4.0329758,36.7738309],[-4.0330762,36.7738331]],[[-4.03334,36.7739425],[-4.0332572,36.7739513],[-4.0333479,36.7739907],[-4.03334,36.7739425]],[[-4.03356,36.7740187],[-4.0334772,36.7740274],[-4.0335679,36.7740669],[-4.03356,36.7740187]],[[-4.0319808,36.7750167],[-4.0320582,36.7749804],[-4.0319555,36.7749232],[-4.0319808,36.7750167]],[[-4.0313384,36.7772862],[-4.0310247,36.7772261],[-4.0307706,36.7773851],[-4.0307673,36.7776434],[-4.0310173,36.7778065],[-4.0313324,36.7777516],[-4.0314753,36.77752],[-4.0313384,36.7772862]],[[-4.0214167,36.7786751],[-4.0211905,36.778494],[-4.020931,36.7787164],[-4.0211655,36.7788403],[-4.0214167,36.7786751]],[[-4.0121397,36.7790811],[-4.0120541,36.7791416],[-4.0121247,36.7791607],[-4.0121397,36.7790811]],[[-4.014176,36.7894415],[-4.0140903,36.789502],[-4.014161,36.7895211],[-4.014176,36.7894415]],[[-4.0174973,36.7940869],[-4.0175977,36.7940849],[-4.0175084,36.7940278],[-4.0174973,36.7940869]],[[-4.0100663,36.7954544],[-4.0099806,36.7955149],[-4.0100513,36.7955339],[-4.0100663,36.7954544]],[[-4.0079874,36.7981585],[-4.0078568,36.7981604],[-4.007903,36.7982094],[-4.0079874,36.7981585]],[[-4.0087128,36.7984014],[-4.0087818,36.7983829],[-4.0087845,36.7983514],[-4.0087194,36.7983255],[-4.0087128,36.7984014]],[[-4.0096133,36.7989006],[-4.0096823,36.7988821],[-4.009685,36.7988506],[-4.0096199,36.7988247],[-4.0096133,36.7989006]],[[-4.0095078,36.7989369],[-4.0095767,36.7989184],[-4.0095794,36.7988869],[-4.0095143,36.798861],[-4.0095078,36.7989369]],[[-4.0094144,36.798991],[-4.0094834,36.7989725],[-4.0094861,36.798941],[-4.009421,36.7989151],[-4.0094144,36.798991]],[[-4.0106705,36.8005333],[-4.010767,36.8005131],[-4.0107151,36.8004724],[-4.0106705,36.8005333]],[[-4.008261,36.8007302],[-4.0083417,36.800675],[-4.008221,36.8006758],[-4.008261,36.8007302]],[[-4.0121548,36.8012585],[-4.0120611,36.8012256],[-4.0121008,36.8013143],[-4.0121548,36.8012585]],[[-4.0167538,36.8013139],[-4.0168228,36.8012954],[-4.0168255,36.8012639],[-4.0167604,36.801238],[-4.0167538,36.8013139]],[[-4.0106249,36.8016479],[-4.0105711,36.8016494],[-4.0106223,36.801693],[-4.0106249,36.8016479]],[[-4.0143288,36.8017002],[-4.0143145,36.8016751],[-4.0142838,36.8017015],[-4.0143288,36.8017002]],[[-4.0114069,36.802056],[-4.0114342,36.8019919],[-4.011361,36.801971],[-4.0113293,36.8020305],[-4.0114069,36.802056]],[[-4.0139815,36.8019978],[-4.0139243,36.8019803],[-4.013954,36.8020483],[-4.0139815,36.8019978]],[[-4.0112375,36.8020303],[-4.0111883,36.8020126],[-4.0112132,36.8020701],[-4.0112375,36.8020303]],[[-4.0162726,36.8022359],[-4.0161702,36.8022893],[-4.0162187,36.8023488],[-4.0163044,36.8023303],[-4.0162726,36.8022359]],[[-4.0142533,36.8027035],[-4.0141331,36.8027404],[-4.0141666,36.8028103],[-4.01426,36.8028064],[-4.0142533,36.8027035]],[[-4.0092564,36.8028233],[-4.0093254,36.8028048],[-4.0093281,36.8027733],[-4.009263,36.8027474],[-4.0092564,36.8028233]],[[-4.0141842,36.8028844],[-4.0141384,36.8028781],[-4.0141755,36.8029175],[-4.0141842,36.8028844]],[[-4.0144823,36.8030877],[-4.0144591,36.8030325],[-4.0144133,36.8031062],[-4.0144823,36.8030877]],[[-4.017035,36.8031756],[-4.0169776,36.8031571],[-4.0170091,36.8032196],[-4.017035,36.8031756]],[[-4.0170441,36.8032329],[-4.0170823,36.8032233],[-4.0170372,36.8032152],[-4.0170441,36.8032329]],[[-4.0129514,36.8044452],[-4.0129546,36.8044985],[-4.0130312,36.8044591],[-4.0129514,36.8044452]],[[-4.0126042,36.8048361],[-4.0125814,36.8048002],[-4.0125594,36.8048544],[-4.0126042,36.8048361]],[[-4.0101192,36.8051324],[-4.0100906,36.8050763],[-4.0099844,36.805087],[-4.0100338,36.8051842],[-4.0101192,36.8051324]],[[-4.0127766,36.805447],[-4.0127745,36.8054253],[-4.0127112,36.8054512],[-4.0127766,36.805447]],[[-4.0083629,36.8056847],[-4.0084319,36.8056662],[-4.0084346,36.8056347],[-4.0083695,36.8056088],[-4.0083629,36.8056847]],[[-4.0087725,36.8058595],[-4.0087497,36.8058236],[-4.0087277,36.8058778],[-4.0087725,36.8058595]],[[-4.0104746,36.805913],[-4.0104518,36.8058772],[-4.0104091,36.8059172],[-4.0104746,36.805913]],[[-4.0122701,36.8061546],[-4.012268,36.8061329],[-4.0122046,36.8061588],[-4.0122701,36.8061546]],[[-4.0120179,36.8068277],[-4.0119951,36.8067918],[-4.0119731,36.806846],[-4.0120179,36.8068277]],[[-4.0086801,36.8069536],[-4.0086515,36.8068974],[-4.0085453,36.8069081],[-4.0085947,36.8070053],[-4.0086801,36.8069536]],[[-4.0127288,36.8071243],[-4.0127299,36.8071745],[-4.0128033,36.8071392],[-4.0127288,36.8071243]],[[-4.0135658,36.8071957],[-4.0135789,36.8072364],[-4.0136539,36.8071774],[-4.0135658,36.8071957]],[[-4.0107873,36.8073282],[-4.0106972,36.8073443],[-4.0107172,36.8074164],[-4.0107825,36.8074187],[-4.0107873,36.8073282]],[[-4.0109682,36.807587],[-4.0109454,36.8075512],[-4.0109027,36.8075912],[-4.0109682,36.807587]],[[-4.0178825,36.8080969],[-4.0179005,36.8080218],[-4.0177093,36.807808],[-4.0175362,36.8077965],[-4.0177382,36.8080969],[-4.0178825,36.8080969]],[[-4.0108642,36.808175],[-4.0108621,36.8081532],[-4.0107988,36.8081791],[-4.0108642,36.808175]],[[-4.0106956,36.8085353],[-4.0106727,36.8084994],[-4.0106508,36.8085536],[-4.0106956,36.8085353]],[[-4.0079675,36.8091725],[-4.0078517,36.8092176],[-4.0079318,36.8092551],[-4.0079675,36.8091725]],[[-4.0096432,36.8107641],[-4.0096204,36.8107282],[-4.0095777,36.8107682],[-4.0096432,36.8107641]],[[-4.0120594,36.8131617],[-4.0119276,36.8130413],[-4.0117933,36.8133044],[-4.0120271,36.8133414],[-4.0120594,36.8131617]],[[-4.0136926,36.8133473],[-4.0137322,36.8133953],[-4.0137526,36.8133155],[-4.0136926,36.8133473]],[[-4.0095859,36.8135696],[-4.0095857,36.8136101],[-4.0096734,36.8135698],[-4.0095859,36.8135696]],[[-4.0131092,36.8142156],[-4.0131071,36.8141939],[-4.0130437,36.8142198],[-4.0131092,36.8142156]],[[-4.0288921,36.8173195],[-4.0292547,36.8177448],[-4.0294107,36.8172655],[-4.0292406,36.817171],[-4.0288921,36.8173195]],[[-4.0081254,36.8195658],[-4.0081139,36.8195355],[-4.0080341,36.8195879],[-4.0081254,36.8195658]],[[-4.01095,36.8212662],[-4.0109572,36.821208],[-4.0108773,36.8212604],[-4.01095,36.8212662]],[[-4.0152273,36.825502],[-4.0148833,36.8254642],[-4.0151334,36.8255642],[-4.0152273,36.825502]],[[-4.0158386,36.8258113],[-4.0156133,36.8259359],[-4.0162911,36.8259514],[-4.0160658,36.8257989],[-4.0158386,36.8258113]],[[-4.0125081,36.8308291],[-4.0123009,36.831137],[-4.012443,36.8312934],[-4.012585,36.831246],[-4.0127389,36.8310375],[-4.0126324,36.8308386],[-4.0125081,36.8308291]],[[-4.0284641,36.8324735],[-4.0284588,36.8323169],[-4.0283301,36.8321623],[-4.0274709,36.832315],[-4.0273537,36.8324542],[-4.0273806,36.8325981],[-4.0276408,36.8328643],[-4.0284641,36.8324735]],[[-4.0218089,36.8581116],[-4.0217453,36.8581147],[-4.0218238,36.8581611],[-4.0218089,36.8581116]],[[-4.0131553,36.8633385],[-4.0132785,36.8632588],[-4.0131994,36.8631689],[-4.013063,36.8632392],[-4.0131553,36.8633385]],[[-3.9855683,36.7385049],[-3.9854983,36.7385828],[-3.9856082,36.7386317],[-3.9856548,36.7385438],[-3.9855683,36.7385049]],[[-3.9869302,36.7395682],[-3.9867459,36.7395854],[-3.9867615,36.7396927],[-3.9868936,36.739714],[-3.9869302,36.7395682]],[[-3.988821,36.7397801],[-3.9887077,36.7397864],[-3.9887134,36.7398523],[-3.9887934,36.7398684],[-3.988821,36.7397801]],[[-3.9864061,36.7399038],[-3.9862928,36.7399101],[-3.9862985,36.7399761],[-3.9863786,36.7399921],[-3.9864061,36.7399038]],[[-3.9861808,36.7399038],[-3.9860675,36.7399101],[-3.9860732,36.7399761],[-3.9861533,36.7399921],[-3.9861808,36.7399038]],[[-3.985344,36.739921],[-3.9852307,36.7399273],[-3.9852364,36.7399933],[-3.9853164,36.7400093],[-3.985344,36.739921]],[[-3.9882837,36.7402048],[-3.9881704,36.7402111],[-3.9881761,36.740277],[-3.9882561,36.7402931],[-3.9882837,36.7402048]],[[-3.9870713,36.7404068],[-3.986958,36.7404131],[-3.9869637,36.7404791],[-3.9870438,36.7404951],[-3.9870713,36.7404068]],[[-3.9855194,36.7404151],[-3.9853351,36.7404323],[-3.9853506,36.7405396],[-3.9854828,36.7405609],[-3.9855194,36.7404151]],[[-3.9874093,36.7404928],[-3.987296,36.7404991],[-3.9873017,36.740565],[-3.9873817,36.7405811],[-3.9874093,36.7404928]],[[-3.9881962,36.740845],[-3.9880119,36.7408621],[-3.9880275,36.7409694],[-3.9881596,36.7409907],[-3.9881962,36.740845]],[[-3.9845125,36.741086],[-3.9843992,36.7410923],[-3.9844049,36.7411583],[-3.984485,36.7411743],[-3.9845125,36.741086]],[[-3.9853493,36.7412838],[-3.985236,36.7412901],[-3.9852417,36.741356],[-3.9853218,36.741372],[-3.9853493,36.7412838]],[[-3.9918957,36.7415631],[-3.9917824,36.7415694],[-3.9917881,36.7416354],[-3.9918682,36.7416514],[-3.9918957,36.7415631]],[[-3.991665,36.7416663],[-3.9915517,36.7416726],[-3.9915574,36.7417385],[-3.9916375,36.7417546],[-3.991665,36.7416663]],[[-3.9869332,36.7417663],[-3.9868199,36.7417726],[-3.9868256,36.7418385],[-3.9869056,36.7418546],[-3.9869332,36.7417663]],[[-3.9868152,36.7418437],[-3.9867019,36.74185],[-3.9867076,36.7419159],[-3.9867876,36.741932],[-3.9868152,36.7418437]],[[-3.9922497,36.7418683],[-3.9921364,36.7418746],[-3.9921422,36.7419406],[-3.9922222,36.7419566],[-3.9922497,36.7418683]],[[-3.9873724,36.7419018],[-3.9871881,36.7419189],[-3.9872037,36.7420262],[-3.9873358,36.7420475],[-3.9873724,36.7419018]],[[-3.989771,36.7419511],[-3.9896577,36.7419574],[-3.9896634,36.7420234],[-3.9897434,36.7420394],[-3.989771,36.7419511]],[[-3.99218,36.7420188],[-3.9920667,36.7420251],[-3.9920724,36.742091],[-3.9921525,36.7421071],[-3.99218,36.7420188]],[[-3.9868125,36.7420199],[-3.9866992,36.7420262],[-3.9867049,36.7420922],[-3.9867849,36.7421082],[-3.9868125,36.7420199]],[[-3.9924589,36.7420918],[-3.9923457,36.7420982],[-3.9923514,36.7421641],[-3.9924314,36.7421801],[-3.9924589,36.7420918]],[[-3.9890521,36.7422692],[-3.9889388,36.7422755],[-3.9889445,36.7423415],[-3.9890246,36.7423575],[-3.9890521,36.7422692]],[[-3.9869785,36.7423904],[-3.9867942,36.7424075],[-3.9868098,36.7425148],[-3.9869419,36.7425361],[-3.9869785,36.7423904]],[[-3.9884942,36.7425873],[-3.9883809,36.7425936],[-3.9883866,36.7426596],[-3.9884667,36.7426756],[-3.9884942,36.7425873]],[[-3.9910893,36.7431381],[-3.990976,36.7431444],[-3.9909817,36.7432104],[-3.9910617,36.7432264],[-3.9910893,36.7431381]],[[-3.989197,36.7431677],[-3.9890837,36.743174],[-3.9890894,36.7432399],[-3.9891694,36.7432559],[-3.989197,36.7431677]],[[-3.9905689,36.7432413],[-3.9904556,36.7432476],[-3.9904613,36.7433135],[-3.9905414,36.7433296],[-3.9905689,36.7432413]],[[-3.9896248,36.7433874],[-3.9895115,36.7433937],[-3.9895172,36.7434597],[-3.9895972,36.7434757],[-3.9896248,36.7433874]],[[-3.9881925,36.7436668],[-3.9880792,36.7436731],[-3.9880849,36.7437391],[-3.9881649,36.7437551],[-3.9881925,36.7436668]],[[-3.9845125,36.7439231],[-3.9843992,36.7439294],[-3.9844049,36.7439954],[-3.984485,36.7440114],[-3.9845125,36.7439231]],[[-3.9985806,36.7439382],[-3.9984673,36.7439445],[-3.998473,36.7440105],[-3.9985531,36.7440265],[-3.9985806,36.7439382]],[[-3.987082,36.744058],[-3.9869687,36.7440643],[-3.9869745,36.7441303],[-3.9870545,36.7441463],[-3.987082,36.744058]],[[-3.9904938,36.7440795],[-3.9903805,36.7440858],[-3.9903862,36.7441518],[-3.9904663,36.7441678],[-3.9904938,36.7440795]],[[-3.9870374,36.7442015],[-3.987083,36.7442177],[-3.9870468,36.7441822],[-3.9870374,36.7442015]],[[-3.9869047,36.7441711],[-3.9867205,36.7441882],[-3.986736,36.7442955],[-3.9868682,36.7443168],[-3.9869047,36.7441711]],[[-3.9987297,36.7442134],[-3.9985951,36.7442931],[-3.9987312,36.7443711],[-3.9988019,36.7442918],[-3.9987297,36.7442134]],[[-3.9870246,36.744474],[-3.9870253,36.7444406],[-3.9869549,36.7444643],[-3.9870246,36.744474]],[[-3.9854834,36.7447872],[-3.9853701,36.7447935],[-3.9853759,36.7448594],[-3.9854559,36.7448754],[-3.9854834,36.7447872]],[[-3.988922,36.7451455],[-3.9888087,36.7451518],[-3.9888145,36.7452178],[-3.9889277,36.7452115],[-3.988922,36.7451455]],[[-3.9862536,36.7454238],[-3.9862469,36.7453979],[-3.9861996,36.7454437],[-3.9862536,36.7454238]],[[-3.9987037,36.7453509],[-3.9985691,36.7454306],[-3.9987053,36.7455086],[-3.998776,36.7454293],[-3.9987037,36.7453509]],[[-3.9914004,36.7454421],[-3.9912871,36.7454484],[-3.9912928,36.7455144],[-3.9913729,36.7455251],[-3.9914004,36.7454421]],[[-3.9913032,36.7455619],[-3.9913146,36.745615],[-3.9913944,36.7455493],[-3.9913032,36.7455619]],[[-4.0022974,36.7455808],[-4.0021846,36.7455906],[-4.0022833,36.7456541],[-4.0022974,36.7455808]],[[-4.0054969,36.7455503],[-4.0054263,36.7456296],[-4.0055624,36.7457075],[-4.0056331,36.7456282],[-4.0054969,36.7455503]],[[-3.987935,36.7457645],[-3.9878217,36.7457708],[-3.9878274,36.7458368],[-3.9879075,36.7458528],[-3.987935,36.7457645]],[[-3.9835683,36.7460122],[-3.983455,36.7460185],[-3.9834608,36.7460845],[-3.9835408,36.7461005],[-3.9835683,36.7460122]],[[-3.9901451,36.746074],[-3.9900318,36.7460803],[-3.9900375,36.7461463],[-3.9901176,36.7461623],[-3.9901451,36.746074]],[[-3.9898233,36.746362],[-3.98971,36.7463683],[-3.9897157,36.7464343],[-3.9897957,36.7464503],[-3.9898233,36.746362]],[[-3.9985992,36.7463751],[-3.9985349,36.7463364],[-3.9984423,36.7464353],[-3.9985067,36.746474],[-3.9985992,36.7463751]],[[-3.9991333,36.7463529],[-3.9990627,36.7464322],[-3.9991988,36.7465101],[-3.9992695,36.7464309],[-3.9991333,36.7463529]],[[-3.994744,36.7465923],[-3.9946744,36.7465453],[-3.9944721,36.7466459],[-3.9945634,36.7467637],[-3.9947314,36.7467306],[-3.994744,36.7465923]],[[-3.9918401,36.7468179],[-3.9917407,36.7467723],[-3.9916558,36.746834],[-3.9917618,36.7469276],[-3.9918401,36.7468179]],[[-3.9958316,36.7468999],[-3.9957183,36.7469062],[-3.995724,36.7469722],[-3.995804,36.7469882],[-3.9958316,36.7468999]],[[-3.9956988,36.7470117],[-3.9955855,36.747018],[-3.9955912,36.7470839],[-3.9956713,36.7471],[-3.9956988,36.7470117]],[[-3.9962266,36.7472819],[-3.9961133,36.7472882],[-3.996119,36.7473542],[-3.9961991,36.7473702],[-3.9962266,36.7472819]],[[-3.9907567,36.7472905],[-3.9906434,36.7472968],[-3.9906491,36.7473627],[-3.9907291,36.7473788],[-3.9907567,36.7472905]],[[-4.0046561,36.7473191],[-4.0044125,36.7473772],[-4.0044652,36.747519],[-4.0047088,36.7474609],[-4.0046561,36.7473191]],[[-3.9937994,36.7476421],[-3.9937216,36.7476442],[-3.9937907,36.7476947],[-3.9937994,36.7476421]],[[-3.9926396,36.7476687],[-3.9925263,36.747675],[-3.992532,36.747741],[-3.992612,36.747757],[-3.9926396,36.7476687]],[[-3.9951562,36.7486344],[-3.9950777,36.748593],[-3.9950053,36.7486812],[-3.9950838,36.7487226],[-3.9951562,36.7486344]],[[-3.9957377,36.7486225],[-3.995667,36.7487017],[-3.9958031,36.7487797],[-3.9958738,36.7487004],[-3.9957377,36.7486225]],[[-3.9995662,36.7495309],[-3.9994223,36.7495456],[-3.9994356,36.7496294],[-3.9995392,36.7496451],[-3.9995662,36.7495309]],[[-3.9999491,36.7499107],[-3.9998052,36.7499254],[-3.9998186,36.7500092],[-3.9999221,36.7500249],[-3.9999491,36.7499107]],[[-4.0031166,36.7501508],[-4.0030038,36.7501606],[-4.0031025,36.7502241],[-4.0031166,36.7501508]],[[-4.0045493,36.750321],[-4.0044365,36.7503308],[-4.0045352,36.7503943],[-4.0045493,36.750321]],[[-4.0000218,36.7514044],[-3.9999286,36.7514205],[-4.0000245,36.751461],[-4.0000218,36.7514044]],[[-4.0008758,36.7516449],[-4.0009841,36.7515808],[-4.0008527,36.7514807],[-4.0007783,36.7515706],[-4.0008758,36.7516449]],[[-4.0012094,36.751717],[-4.0011163,36.7517331],[-4.0012121,36.7517737],[-4.0012094,36.751717]],[[-4.004242,36.7519842],[-4.0041899,36.7520132],[-4.0042782,36.752026],[-4.004242,36.7519842]],[[-3.9995873,36.7521533],[-3.9994941,36.7521694],[-3.99959,36.75221],[-3.9995873,36.7521533]],[[-4.0059803,36.7525155],[-4.0059039,36.7524837],[-4.0059514,36.75256],[-4.0059803,36.7525155]],[[-4.0071891,36.7527405],[-4.0071267,36.7527315],[-4.0071779,36.7527906],[-4.0071891,36.7527405]],[[-4.0038025,36.7531032],[-4.0036897,36.753113],[-4.0037884,36.7531765],[-4.0038025,36.7531032]],[[-4.0012446,36.7532428],[-4.0013529,36.7531787],[-4.0012215,36.7530786],[-4.0011471,36.7531685],[-4.0012446,36.7532428]],[[-3.9975583,36.7533455],[-3.9975291,36.7532592],[-3.9974696,36.7533184],[-3.9975583,36.7533455]],[[-4.0025508,36.7534856],[-4.0026591,36.7534215],[-4.0025992,36.753325],[-4.0024533,36.7534113],[-4.0025508,36.7534856]],[[-4.0020195,36.753834],[-4.0019067,36.7538438],[-4.0020054,36.7539072],[-4.0020195,36.753834]],[[-3.99904,36.7544632],[-3.9990547,36.7544032],[-3.9989517,36.7543869],[-3.998937,36.7544469],[-3.99904,36.7544632]],[[-3.9973211,36.7547022],[-3.9974051,36.7546652],[-3.9973716,36.7546164],[-3.9973032,36.7546268],[-3.9973211,36.7547022]],[[-4.0074475,36.7550749],[-4.0073543,36.755091],[-4.0074502,36.7551316],[-4.0074475,36.7550749]],[[-4.0019572,36.7552131],[-4.0019317,36.7551307],[-4.0018012,36.755177],[-4.0018604,36.7552475],[-4.0019572,36.7552131]],[[-3.9969364,36.7554261],[-3.9969253,36.755392],[-3.9968994,36.7554451],[-3.9969364,36.7554261]],[[-4.0000397,36.7555276],[-4.0001574,36.7554706],[-4.0000862,36.7553763],[-3.9999686,36.7554334],[-4.0000397,36.7555276]],[[-4.0069889,36.7560885],[-4.0070659,36.7560628],[-4.0070478,36.7559976],[-4.0069644,36.7560006],[-4.0069889,36.7560885]],[[-3.9966833,36.756057],[-3.9966722,36.7560229],[-3.9966248,36.7560692],[-3.9966833,36.756057]],[[-3.9976114,36.7564601],[-3.9975788,36.7564192],[-3.9975528,36.7564723],[-3.9976114,36.7564601]],[[-3.9978435,36.7572437],[-3.9978902,36.757151],[-3.9978062,36.7571238],[-3.9977595,36.7572165],[-3.9978435,36.7572437]],[[-4.007582,36.7572774],[-4.0076485,36.7572089],[-4.0075784,36.7572011],[-4.007582,36.7572774]],[[-4.0076937,36.7574469],[-4.0076885,36.7573723],[-4.0075959,36.7573635],[-4.007603,36.757464],[-4.0076937,36.7574469]],[[-3.9986182,36.7575084],[-3.9986847,36.7574399],[-3.9986147,36.7574321],[-3.9986182,36.7575084]],[[-4.0074311,36.7581071],[-4.0075342,36.7580058],[-4.0074275,36.7579068],[-4.0072873,36.7579738],[-4.0072886,36.7580434],[-4.0074311,36.7581071]],[[-3.9993413,36.7589186],[-3.9991227,36.7590808],[-3.9993386,36.7590056],[-3.9993413,36.7589186]],[[-3.9999592,36.7600104],[-3.9998968,36.7600014],[-3.999948,36.7600605],[-3.9999592,36.7600104]],[[-3.9979251,36.760623],[-3.9978721,36.7606168],[-3.9979266,36.7606659],[-3.9979251,36.760623]],[[-3.9967509,36.7610156],[-3.9966577,36.7610317],[-3.9967535,36.7610722],[-3.9967509,36.7610156]],[[-4.0016383,36.7613792],[-4.0015759,36.7613702],[-4.0016271,36.7614293],[-4.0016383,36.7613792]],[[-4.0002804,36.7623294],[-4.0002694,36.7622953],[-4.0002219,36.7623416],[-4.0002804,36.7623294]],[[-4.0003906,36.7623871],[-4.000358,36.7623463],[-4.0003321,36.7623994],[-4.0003906,36.7623871]],[[-4.0051401,36.7623569],[-4.0050273,36.7623667],[-4.005126,36.7624302],[-4.0051401,36.7623569]],[[-4.0015467,36.7628152],[-4.0014904,36.7627975],[-4.0015084,36.7628527],[-4.0015467,36.7628152]],[[-4.0050248,36.7645405],[-4.0050514,36.7645942],[-4.0050918,36.7645192],[-4.0050248,36.7645405]],[[-3.9931268,36.7648067],[-3.9931007,36.7647584],[-3.9930439,36.7648354],[-3.9931268,36.7648067]],[[-3.992005,36.7652806],[-3.9921254,36.7652079],[-3.9919778,36.7651905],[-3.992005,36.7652806]],[[-4.0026379,36.7669446],[-4.0025868,36.7669239],[-4.0026296,36.7669763],[-4.0026379,36.7669446]],[[-4.0049741,36.771655],[-4.0046486,36.7714255],[-4.0040616,36.7717887],[-4.0042369,36.7720049],[-4.0049741,36.771655]],[[-3.9988044,36.7750548],[-3.9987011,36.7749945],[-3.9985842,36.775036],[-3.9986122,36.775179],[-3.9987393,36.7751899],[-3.9988044,36.7750548]],[[-4.0004396,36.7765024],[-4.0005061,36.7764339],[-4.000436,36.7764261],[-4.0004396,36.7765024]],[[-4.000521,36.7766002],[-4.0005875,36.7765317],[-4.0005174,36.7765239],[-4.000521,36.7766002]],[[-3.9892048,36.7776177],[-3.9895508,36.7771709],[-3.9895454,36.7770699],[-3.9893577,36.7769367],[-3.9888776,36.7775468],[-3.9892048,36.7776177]],[[-4.0033823,36.7880625],[-4.0033448,36.7881606],[-4.0035161,36.7881774],[-4.0035094,36.788075],[-4.0033823,36.7880625]],[[-3.9974489,36.7900024],[-3.9973929,36.7900764],[-3.9975286,36.7901186],[-3.9975496,36.7900337],[-3.9974489,36.7900024]],[[-4.0043142,36.7939172],[-4.0042285,36.7939777],[-4.0042992,36.7939968],[-4.0043142,36.7939172]],[[-4.0060604,36.7952574],[-4.006013,36.7952457],[-4.0060423,36.7952978],[-4.0060604,36.7952574]],[[-4.0058892,36.7953756],[-4.0060148,36.7954089],[-4.0060346,36.7953219],[-4.0059464,36.7952943],[-4.0058892,36.7953756]],[[-3.990115,36.7962401],[-3.9898606,36.7959857],[-3.9896957,36.7960206],[-3.9896908,36.7960939],[-3.990115,36.7962401]],[[-4.0056102,36.7964593],[-4.0057022,36.7964137],[-4.0056262,36.7963979],[-4.0056102,36.7964593]],[[-4.0049223,36.7964488],[-4.0048834,36.796447],[-4.0049196,36.7964776],[-4.0049223,36.7964488]],[[-4.0049268,36.7965202],[-4.0048734,36.796504],[-4.0049076,36.7965588],[-4.0049268,36.7965202]],[[-4.0057025,36.7969762],[-4.0056699,36.7970189],[-4.0057601,36.7970083],[-4.0057025,36.7969762]],[[-4.0065495,36.7972063],[-4.0064736,36.7971952],[-4.0065375,36.7972603],[-4.0065495,36.7972063]],[[-3.999851,36.7976448],[-3.999788,36.7974913],[-3.9995251,36.7975288],[-3.9995801,36.7977007],[-3.999851,36.7976448]],[[-3.9987607,36.798441],[-3.9988612,36.798439],[-3.9987719,36.798382],[-3.9987607,36.798441]],[[-4.0062431,36.8008582],[-4.0061575,36.8009187],[-4.0062281,36.8009378],[-4.0062431,36.8008582]],[[-4.0076181,36.8032139],[-4.0076871,36.8031954],[-4.0076898,36.8031639],[-4.0076247,36.803138],[-4.0076181,36.8032139]],[[-4.0070848,36.8033077],[-4.0071538,36.8032892],[-4.0071565,36.8032577],[-4.0070914,36.8032318],[-4.0070848,36.8033077]],[[-4.0019981,36.8035385],[-4.0019411,36.8035254],[-4.0019787,36.8035847],[-4.0019981,36.8035385]],[[-3.9893824,36.8038555],[-3.9892921,36.803556],[-3.9890293,36.8035728],[-3.989047,36.8039007],[-3.9893824,36.8038555]],[[-3.9990999,36.804],[-3.9991959,36.8039539],[-3.9991189,36.8039383],[-3.9990999,36.804]],[[-4.0053707,36.8043696],[-4.0052934,36.8043627],[-4.0053608,36.8044249],[-4.0053707,36.8043696]],[[-3.991715,36.8056592],[-3.9917245,36.8058559],[-3.9918906,36.8060982],[-3.9920999,36.8060546],[-3.9920056,36.8056754],[-3.9918626,36.805575],[-3.991715,36.8056592]],[[-4.0030915,36.8065137],[-4.0031134,36.8064673],[-4.0030306,36.8065044],[-4.0030915,36.8065137]],[[-4.0014182,36.806804],[-4.0013625,36.8067886],[-4.0013934,36.8068517],[-4.0014182,36.806804]],[[-4.007405,36.8079071],[-4.0073879,36.8079449],[-4.0074737,36.8079184],[-4.007405,36.8079071]],[[-3.9953382,36.8087907],[-3.99529,36.8087882],[-3.9953305,36.8088287],[-3.9953382,36.8087907]],[[-4.0025513,36.8089663],[-4.0025142,36.8088178],[-4.0021203,36.8087089],[-4.002168,36.8089337],[-4.0023023,36.8089974],[-4.0025513,36.8089663]],[[-4.0021037,36.8090778],[-4.0020752,36.8091644],[-4.0021768,36.809202],[-4.0022152,36.8090853],[-4.0021037,36.8090778]],[[-4.0017799,36.8104108],[-4.0018366,36.8104261],[-4.0017888,36.8103635],[-4.0017799,36.8104108]],[[-4.0043958,36.810459],[-4.0043619,36.8104923],[-4.00446,36.81049],[-4.0043958,36.810459]],[[-3.9912969,36.8107227],[-3.9913973,36.8107208],[-3.991308,36.8106637],[-3.9912969,36.8107227]],[[-4.0035684,36.8109662],[-4.0034716,36.8110076],[-4.0035487,36.81103],[-4.0035684,36.8109662]],[[-3.9909148,36.8129138],[-3.9908681,36.8129148],[-3.9909152,36.8129472],[-3.9909148,36.8129138]],[[-3.9844893,36.8143373],[-3.9845365,36.8143374],[-3.9844812,36.8143001],[-3.9844893,36.8143373]],[[-4.0005926,36.8143456],[-4.0005905,36.8143239],[-4.0005478,36.8143639],[-4.0005926,36.8143456]],[[-4.0017838,36.8144619],[-4.001781,36.8145071],[-4.0018615,36.8144649],[-4.0017838,36.8144619]],[[-4.0002651,36.8147578],[-4.0001948,36.8147978],[-4.0002575,36.8148683],[-4.0003277,36.8148283],[-4.0002651,36.8147578]],[[-4.0016376,36.8148817],[-4.0016119,36.814798],[-4.0014064,36.8147804],[-4.0012597,36.814895],[-4.0016376,36.8148817]],[[-4.0014219,36.8151094],[-4.0013991,36.8150735],[-4.0013771,36.8151277],[-4.0014219,36.8151094]],[[-4.0025793,36.815325],[-4.0026943,36.8153305],[-4.0027012,36.8152384],[-4.0025862,36.8152329],[-4.0025793,36.815325]],[[-4.0001633,36.8160722],[-4.0002703,36.816065],[-4.0002613,36.8159793],[-4.0001543,36.8159866],[-4.0001633,36.8160722]],[[-4.001104,36.8172517],[-4.0010812,36.8172158],[-4.0010592,36.81727],[-4.001104,36.8172517]],[[-4.0021505,36.8194825],[-4.0021484,36.8194608],[-4.0021057,36.8195008],[-4.0021505,36.8194825]],[[-4.0069372,36.8197975],[-4.0069144,36.8197616],[-4.0068718,36.8198016],[-4.0069372,36.8197975]],[[-3.9965826,36.8211389],[-3.9966317,36.8210648],[-3.9965645,36.8210362],[-3.9965154,36.8211103],[-3.9965826,36.8211389]],[[-3.9990655,36.8213885],[-3.9990192,36.8213433],[-3.999009,36.8214256],[-3.9990655,36.8213885]],[[-4.0068357,36.8231152],[-4.006728,36.8231079],[-4.0068319,36.8231509],[-4.0068357,36.8231152]],[[-3.9892073,36.826744],[-3.9891673,36.8266466],[-3.9889221,36.826539],[-3.9887187,36.82668],[-3.9890929,36.8268138],[-3.9892073,36.826744]],[[-3.9852664,36.8270966],[-3.9852509,36.8270224],[-3.9851949,36.8270681],[-3.9852664,36.8270966]],[[-3.9911757,36.8297558],[-3.9911042,36.8297273],[-3.9911198,36.8298015],[-3.9911757,36.8297558]],[[-3.9918302,36.8300481],[-3.9917888,36.8300155],[-3.9917742,36.8300938],[-3.9918302,36.8300481]],[[-3.9899373,36.830989],[-3.9899306,36.8309566],[-3.9898397,36.8310019],[-3.9899373,36.830989]],[[-3.9895471,36.831842],[-3.9894755,36.8318135],[-3.9894911,36.8318877],[-3.9895471,36.831842]],[[-3.9968894,36.832179],[-3.9968397,36.8321708],[-3.9968684,36.832216],[-3.9968894,36.832179]],[[-3.9885018,36.8324798],[-3.9884302,36.8324513],[-3.9884458,36.8325255],[-3.9885018,36.8324798]],[[-3.9984601,36.8345109],[-3.9982533,36.83433],[-3.998212,36.8345617],[-3.9984601,36.8345109]],[[-3.9905411,36.8346755],[-3.9905359,36.8346027],[-3.990445,36.8346069],[-3.9904502,36.8346797],[-3.9905411,36.8346755]],[[-3.9860197,36.8355431],[-3.9859799,36.8354825],[-3.9859371,36.8355607],[-3.9860197,36.8355431]],[[-3.9854144,36.8358807],[-3.9853714,36.8358522],[-3.9853787,36.8359151],[-3.9854144,36.8358807]],[[-3.9847632,36.835941],[-3.9848475,36.8359927],[-3.9848507,36.8358928],[-3.9847632,36.835941]],[[-3.9844629,36.8399954],[-3.9843841,36.8399846],[-3.9844429,36.8400401],[-3.9844629,36.8399954]],[[-3.9873472,36.8406019],[-3.987278,36.8405949],[-3.9873208,36.840639],[-3.9873472,36.8406019]],[[-3.9874698,36.8406356],[-3.9875141,36.8407005],[-3.9875282,36.8406115],[-3.9874698,36.8406356]],[[-3.98653,36.8423933],[-3.9866143,36.8423846],[-3.9866183,36.8423167],[-3.9865354,36.8423018],[-3.98653,36.8423933]],[[-3.9847814,36.8431065],[-3.9848096,36.8431387],[-3.984937,36.8430217],[-3.9847814,36.8431065]],[[-3.9835132,36.8434213],[-3.9835354,36.8434814],[-3.9835903,36.8434106],[-3.9835132,36.8434213]],[[-3.987273,36.8472116],[-3.9871805,36.8472921],[-3.9873483,36.8473572],[-3.987273,36.8472116]],[[-3.9833875,36.8474357],[-3.9834572,36.8475194],[-3.98359,36.847381],[-3.9835042,36.8472919],[-3.9833875,36.8474357]],[[-3.9979095,36.8496663],[-3.9978334,36.8496211],[-3.9977803,36.8496724],[-3.9978523,36.8497236],[-3.9979095,36.8496663]],[[-4.0022596,36.85411],[-4.0022498,36.8540449],[-4.0021493,36.8541052],[-4.0022596,36.85411]],[[-3.9922019,36.8639939],[-3.9922019,36.8640422],[-3.9922649,36.8639939],[-3.9922019,36.8639939]],[[-3.9595901,36.7308904],[-3.9595843,36.7308555],[-3.959531,36.7308885],[-3.9595901,36.7308904]],[[-3.9594546,36.7325047],[-3.9593585,36.7325502],[-3.9593997,36.7326061],[-3.9594788,36.732592],[-3.9594546,36.7325047]],[[-3.9642467,36.7328988],[-3.9643057,36.732894],[-3.9642527,36.7328687],[-3.9642467,36.7328988]],[[-3.9651145,36.7332738],[-3.965068,36.7332687],[-3.9651081,36.7333111],[-3.9651145,36.7332738]],[[-3.9615276,36.7333026],[-3.9615572,36.7333965],[-3.9617041,36.7333667],[-3.9616352,36.7332585],[-3.9615276,36.7333026]],[[-3.9594904,36.733411],[-3.9593943,36.7334565],[-3.9594355,36.7335124],[-3.9595147,36.7334983],[-3.9594904,36.733411]],[[-3.9615265,36.7339602],[-3.961557,36.7340007],[-3.9615961,36.7339266],[-3.9615265,36.7339602]],[[-3.9656608,36.7339875],[-3.9656143,36.7339823],[-3.9656543,36.7340247],[-3.9656608,36.7339875]],[[-3.9590284,36.7342209],[-3.9591093,36.7342265],[-3.9590334,36.7341737],[-3.9590284,36.7342209]],[[-3.9648481,36.7344238],[-3.9648016,36.7344187],[-3.9648416,36.7344611],[-3.9648481,36.7344238]],[[-3.958998,36.7346206],[-3.958898,36.7346137],[-3.9589284,36.7346542],[-3.958998,36.7346206]],[[-3.9626136,36.7348334],[-3.9625136,36.7348265],[-3.962544,36.734867],[-3.9626136,36.7348334]],[[-3.9589028,36.7350196],[-3.9589332,36.7350601],[-3.9589723,36.734986],[-3.9589028,36.7350196]],[[-3.9649312,36.7351203],[-3.9648847,36.7351151],[-3.9649248,36.7351575],[-3.9649312,36.7351203]],[[-3.9632146,36.7351547],[-3.9631681,36.7351495],[-3.9632082,36.7351919],[-3.9632146,36.7351547]],[[-3.9584581,36.7351833],[-3.9584885,36.7352238],[-3.9585277,36.7351497],[-3.9584581,36.7351833]],[[-3.9647354,36.735303],[-3.9646889,36.7352978],[-3.964729,36.7353402],[-3.9647354,36.735303]],[[-3.9590827,36.7354703],[-3.9589866,36.7355158],[-3.9590278,36.7355717],[-3.959107,36.7355576],[-3.9590827,36.7354703]],[[-3.9706101,36.7357953],[-3.9706406,36.7358358],[-3.9706797,36.7357617],[-3.9706101,36.7357953]],[[-3.9639122,36.7362762],[-3.9638351,36.7362794],[-3.9639082,36.7363342],[-3.9639122,36.7362762]],[[-3.9608989,36.7365654],[-3.9609603,36.7366081],[-3.9609685,36.7365318],[-3.9608989,36.7365654]],[[-3.9618411,36.7368948],[-3.9617411,36.7368879],[-3.9617716,36.7369284],[-3.9618411,36.7368948]],[[-3.9752929,36.7374494],[-3.9752948,36.7375182],[-3.9753782,36.7374577],[-3.9752929,36.7374494]],[[-3.9746173,36.7378153],[-3.974447,36.7378368],[-3.9744711,36.7379088],[-3.9746267,36.7378798],[-3.9746173,36.7378153]],[[-3.9683698,36.7379797],[-3.9684312,36.7380224],[-3.9684394,36.7379461],[-3.9683698,36.7379797]],[[-3.9623347,36.7381372],[-3.9622346,36.7381303],[-3.9622651,36.7381708],[-3.9623347,36.7381372]],[[-3.9669865,36.7381738],[-3.9670674,36.7381794],[-3.9670181,36.7381139],[-3.9669865,36.7381738]],[[-3.9789567,36.7384552],[-3.9790559,36.738251],[-3.9788816,36.7382209],[-3.9788494,36.738453],[-3.9789567,36.7384552]],[[-3.9668614,36.7384892],[-3.9669228,36.7385319],[-3.966931,36.7384556],[-3.9668614,36.7384892]],[[-3.9810847,36.7384519],[-3.9810146,36.7385299],[-3.9811246,36.7385788],[-3.9811712,36.7384909],[-3.9810847,36.7384519]],[[-3.9595246,36.7385671],[-3.9594911,36.7385831],[-3.9595446,36.738594],[-3.9595246,36.7385671]],[[-3.9703976,36.7385966],[-3.9704589,36.7386393],[-3.9704672,36.738563],[-3.9703976,36.7385966]],[[-3.9575941,36.7387966],[-3.957498,36.7388421],[-3.9575392,36.738898],[-3.9576183,36.7388839],[-3.9575941,36.7387966]],[[-3.9574331,36.7388224],[-3.9573371,36.7388679],[-3.9573783,36.7389238],[-3.9574574,36.7389097],[-3.9574331,36.7388224]],[[-3.97824,36.7388378],[-3.9780814,36.7389462],[-3.9782379,36.7390566],[-3.9783519,36.7389167],[-3.97824,36.7388378]],[[-3.9610867,36.7389771],[-3.961148,36.7390198],[-3.9611253,36.7389414],[-3.9610867,36.7389771]],[[-3.9709241,36.7390657],[-3.9708241,36.7390587],[-3.9708545,36.7390993],[-3.9709241,36.7390657]],[[-3.9812134,36.7391871],[-3.9811434,36.739265],[-3.9812533,36.7393139],[-3.9812999,36.739226],[-3.9812134,36.7391871]],[[-3.9602792,36.7393104],[-3.9602328,36.7393053],[-3.9602728,36.7393477],[-3.9602792,36.7393104]],[[-3.9673174,36.7394092],[-3.9673479,36.7394497],[-3.967387,36.7393756],[-3.9673174,36.7394092]],[[-3.9669551,36.7395901],[-3.9668222,36.7396554],[-3.9669408,36.7397366],[-3.9670144,36.7396675],[-3.9669551,36.7395901]],[[-3.961096,36.7398628],[-3.9610495,36.7398577],[-3.9610896,36.7399001],[-3.961096,36.7398628]],[[-3.9820718,36.7400339],[-3.9820017,36.7401118],[-3.9821117,36.7401607],[-3.9821583,36.7400729],[-3.9820718,36.7400339]],[[-3.9608479,36.7401702],[-3.9608014,36.740165],[-3.9608415,36.7402075],[-3.9608479,36.7401702]],[[-3.980913,36.7401672],[-3.980843,36.7402451],[-3.9809529,36.740294],[-3.9809995,36.7402061],[-3.980913,36.7401672]],[[-3.9719619,36.7405327],[-3.9719901,36.7405763],[-3.9720182,36.7405128],[-3.9719619,36.7405327]],[[-3.9698302,36.7407436],[-3.969802,36.7408199],[-3.9699254,36.7408672],[-3.9699657,36.7407619],[-3.9698302,36.7407436]],[[-3.9663079,36.7407367],[-3.9662343,36.7408058],[-3.9662935,36.7408832],[-3.9664265,36.7408179],[-3.9663079,36.7407367]],[[-3.9668758,36.7409158],[-3.9669372,36.7409585],[-3.9669145,36.7408801],[-3.9668758,36.7409158]],[[-3.9624918,36.7408899],[-3.9623589,36.7409552],[-3.9624181,36.7410327],[-3.9625511,36.7409673],[-3.9624918,36.7408899]],[[-3.958542,36.7410819],[-3.958442,36.741075],[-3.9584724,36.7411155],[-3.958542,36.7410819]],[[-3.97898,36.7410433],[-3.9788214,36.7411517],[-3.9789779,36.7412621],[-3.979092,36.7411222],[-3.97898,36.7410433]],[[-3.9625562,36.7412209],[-3.9624232,36.7412862],[-3.9624825,36.7413637],[-3.9626154,36.7412983],[-3.9625562,36.7412209]],[[-3.9793677,36.7412595],[-3.9792593,36.74133],[-3.9793643,36.7413449],[-3.9793677,36.7412595]],[[-3.9642621,36.7412467],[-3.9641291,36.741312],[-3.9641884,36.7413895],[-3.9643213,36.7413241],[-3.9642621,36.7412467]],[[-3.9725842,36.7415316],[-3.9724594,36.7415779],[-3.972564,36.7416112],[-3.9725842,36.7415316]],[[-3.9587206,36.7415648],[-3.9585877,36.7416301],[-3.9586469,36.7417076],[-3.9587799,36.7416422],[-3.9587206,36.7415648]],[[-3.9642634,36.7417756],[-3.9642938,36.7418161],[-3.9643329,36.741742],[-3.9642634,36.7417756]],[[-3.9645482,36.7419079],[-3.9646371,36.7419686],[-3.9646478,36.7418589],[-3.9645482,36.7419079]],[[-3.9711835,36.7419174],[-3.9712448,36.7419601],[-3.9712221,36.7418817],[-3.9711835,36.7419174]],[[-3.9598484,36.7418514],[-3.9597774,36.7419448],[-3.9599034,36.7420029],[-3.9599879,36.741861],[-3.9598484,36.7418514]],[[-3.9831317,36.7421436],[-3.9830184,36.7421499],[-3.9830241,36.7422159],[-3.9831041,36.7422319],[-3.9831317,36.7421436]],[[-3.959767,36.7423302],[-3.9597975,36.7423707],[-3.9598366,36.7422966],[-3.959767,36.7423302]],[[-3.9597563,36.7424935],[-3.9598176,36.7425362],[-3.9597949,36.7424578],[-3.9597563,36.7424935]],[[-3.9630813,36.7424764],[-3.9630242,36.74253],[-3.9630701,36.74259],[-3.9631732,36.7425393],[-3.9630813,36.7424764]],[[-3.982642,36.7430488],[-3.9826482,36.7430922],[-3.9827152,36.7430523],[-3.982642,36.7430488]],[[-3.9675129,36.7430908],[-3.96738,36.7431562],[-3.9674392,36.7432336],[-3.9675722,36.7431683],[-3.9675129,36.7430908]],[[-3.9651646,36.7432113],[-3.9652259,36.743254],[-3.9652033,36.7431756],[-3.9651646,36.7432113]],[[-3.9811205,36.7431863],[-3.9810081,36.7432661],[-3.9811227,36.7433439],[-3.9812025,36.7432419],[-3.9811205,36.7431863]],[[-3.956021,36.7435255],[-3.955895,36.7435349],[-3.9559648,36.7435885],[-3.956021,36.7435255]],[[-3.9812602,36.7439502],[-3.9811478,36.7440301],[-3.9812624,36.7441078],[-3.9813422,36.7440059],[-3.9812602,36.7439502]],[[-3.9831177,36.7441982],[-3.9830044,36.7442046],[-3.9830102,36.7442705],[-3.9830902,36.7442865],[-3.9831177,36.7441982]],[[-3.9594237,36.7442603],[-3.9594541,36.7443008],[-3.9594933,36.7442267],[-3.9594237,36.7442603]],[[-3.9810433,36.7449212],[-3.9808847,36.7450296],[-3.9810412,36.74514],[-3.9811553,36.7450001],[-3.9810433,36.7449212]],[[-3.9789574,36.7456568],[-3.9788856,36.7456364],[-3.9789527,36.7456799],[-3.9789574,36.7456568]],[[-3.9796212,36.7459002],[-3.9795676,36.745955],[-3.9796011,36.7459819],[-3.9796735,36.7459497],[-3.9796212,36.7459002]],[[-3.9717437,36.7481943],[-3.9717466,36.748247],[-3.9718253,36.7481993],[-3.9717437,36.7481943]],[[-3.9739841,36.7482079],[-3.9739787,36.7482472],[-3.9740438,36.7482191],[-3.9739841,36.7482079]],[[-3.9741343,36.7482358],[-3.9741289,36.7482751],[-3.9741837,36.7482354],[-3.9741343,36.7482358]],[[-3.9697826,36.7494283],[-3.9696462,36.7493813],[-3.9696125,36.7494733],[-3.9697224,36.7495111],[-3.9697826,36.7494283]],[[-3.969896,36.7497675],[-3.9698216,36.7497812],[-3.9698296,36.749842],[-3.9699058,36.749843],[-3.969896,36.7497675]],[[-3.9699377,36.7498608],[-3.9699094,36.7499194],[-3.9700235,36.7498976],[-3.9699377,36.7498608]],[[-3.9700963,36.7500938],[-3.9700908,36.7501331],[-3.9701457,36.7500934],[-3.9700963,36.7500938]],[[-3.9701285,36.7501593],[-3.970123,36.7501986],[-3.9701881,36.7501706],[-3.9701285,36.7501593]],[[-3.9585686,36.7504502],[-3.9586777,36.7504454],[-3.9586386,36.7503975],[-3.9585686,36.7504502]],[[-3.9708553,36.7507363],[-3.9708499,36.7507757],[-3.9709047,36.7507359],[-3.9708553,36.7507363]],[[-3.9707829,36.7510437],[-3.9707775,36.751083],[-3.9708426,36.7510549],[-3.9707829,36.7510437]],[[-3.9640479,36.7517201],[-3.9640424,36.7517594],[-3.9640973,36.7517197],[-3.9640479,36.7517201]],[[-3.9668041,36.7525861],[-3.9666908,36.7526411],[-3.9667567,36.7527084],[-3.966848,36.7526641],[-3.9668041,36.7525861]],[[-3.9637751,36.7528715],[-3.963793,36.7529083],[-3.9638186,36.7528527],[-3.9637751,36.7528715]],[[-3.9655566,36.754379],[-3.9655512,36.7544183],[-3.965606,36.7543786],[-3.9655566,36.754379]],[[-3.9611618,36.7562003],[-3.9611564,36.7562396],[-3.9612215,36.7562115],[-3.9611618,36.7562003]],[[-3.9636013,36.756442],[-3.9635959,36.7564813],[-3.963661,36.7564533],[-3.9636013,36.756442]],[[-3.9670935,36.7566225],[-3.9670881,36.7566619],[-3.9671429,36.7566221],[-3.9670935,36.7566225]],[[-3.963317,36.7571297],[-3.9633115,36.757169],[-3.9633664,36.7571293],[-3.963317,36.7571297]],[[-3.9567822,36.7573125],[-3.9567809,36.7572794],[-3.9566825,36.7573151],[-3.9567822,36.7573125]],[[-3.9568234,36.7573764],[-3.956893,36.7573511],[-3.9568916,36.757318],[-3.9568201,36.7572965],[-3.9568234,36.7573764]],[[-3.9625727,36.7574483],[-3.9625672,36.7574876],[-3.9626221,36.7574479],[-3.9625727,36.7574483]],[[-3.963718,36.7575874],[-3.9637125,36.7576267],[-3.9637674,36.757587],[-3.963718,36.7575874]],[[-3.9637884,36.7576465],[-3.9637829,36.7576858],[-3.9638378,36.7576461],[-3.9637884,36.7576465]],[[-3.9581605,36.7579307],[-3.9581373,36.7578937],[-3.9580931,36.7579347],[-3.9581605,36.7579307]],[[-3.9582571,36.7579888],[-3.9582339,36.7579517],[-3.9581897,36.7579927],[-3.9582571,36.7579888]],[[-3.9646903,36.7580193],[-3.9646848,36.7580587],[-3.9647397,36.7580189],[-3.9646903,36.7580193]],[[-3.968721,36.7582987],[-3.9687155,36.758338],[-3.9687806,36.75831],[-3.968721,36.7582987]],[[-3.9696698,36.7590626],[-3.9696644,36.7591019],[-3.9697295,36.7590739],[-3.9696698,36.7590626]],[[-3.9702572,36.7597954],[-3.9702518,36.7598347],[-3.9703169,36.7598066],[-3.9702572,36.7597954]],[[-3.969525,36.7598727],[-3.9695195,36.7599121],[-3.9695846,36.759884],[-3.969525,36.7598727]],[[-3.9687163,36.7598867],[-3.9687108,36.759926],[-3.9687657,36.7598863],[-3.9687163,36.7598867]],[[-3.9695163,36.7600278],[-3.9695103,36.7600565],[-3.9695596,36.760038],[-3.9695163,36.7600278]],[[-3.9685138,36.7605314],[-3.9685083,36.7605707],[-3.9685734,36.7605426],[-3.9685138,36.7605314]],[[-3.96912,36.7609225],[-3.9691145,36.7609618],[-3.9691693,36.760922],[-3.96912,36.7609225]],[[-3.9693439,36.7611502],[-3.9693385,36.7611895],[-3.9694036,36.7611615],[-3.9693439,36.7611502]],[[-3.9690247,36.7612706],[-3.9690193,36.7613099],[-3.9690844,36.7612818],[-3.9690247,36.7612706]],[[-3.9687132,36.7624378],[-3.9686875,36.7624895],[-3.9687803,36.762452],[-3.9687132,36.7624378]],[[-3.967583,36.7627479],[-3.9675776,36.7627872],[-3.9676427,36.7627591],[-3.967583,36.7627479]],[[-3.9687646,36.7628177],[-3.9687591,36.762857],[-3.9688242,36.762829],[-3.9687646,36.7628177]],[[-3.9622808,36.7628697],[-3.962303,36.7629287],[-3.9623751,36.7628674],[-3.9622808,36.7628697]],[[-3.9678888,36.7631336],[-3.9678854,36.7631639],[-3.9679268,36.7631326],[-3.9678888,36.7631336]],[[-3.9732854,36.7632077],[-3.97328,36.763247],[-3.9733451,36.763219],[-3.9732854,36.7632077]],[[-3.9728066,36.7632141],[-3.9728012,36.7632535],[-3.972856,36.7632137],[-3.9728066,36.7632141]],[[-3.9560009,36.7636106],[-3.9559909,36.7635727],[-3.9559536,36.7636187],[-3.9560009,36.7636106]],[[-3.9560545,36.7637858],[-3.9560343,36.7637527],[-3.9560132,36.763802],[-3.9560545,36.7637858]],[[-3.9730212,36.7640919],[-3.9730158,36.7641312],[-3.9730809,36.7641032],[-3.9730212,36.7640919]],[[-3.9729166,36.7648794],[-3.9729112,36.7649187],[-3.9729763,36.7648907],[-3.9729166,36.7648794]],[[-3.9620074,36.7649799],[-3.9620319,36.7650412],[-3.9621058,36.7649761],[-3.9620074,36.7649799]],[[-3.968668,36.7650008],[-3.9686626,36.7650401],[-3.9687174,36.7650004],[-3.968668,36.7650008]],[[-3.9684481,36.7651469],[-3.9684426,36.7651862],[-3.9685077,36.7651582],[-3.9684481,36.7651469]],[[-3.9682107,36.7656938],[-3.9682052,36.7657331],[-3.9682601,36.7656934],[-3.9682107,36.7656938]],[[-3.956409,36.7730792],[-3.9563233,36.7730785],[-3.9563974,36.7731292],[-3.956409,36.7730792]],[[-3.9563925,36.7764573],[-3.9564814,36.7763916],[-3.9563994,36.7763204],[-3.9563105,36.7763861],[-3.9563925,36.7764573]],[[-3.9561349,36.7764886],[-3.9562238,36.776423],[-3.9561418,36.7763517],[-3.9560529,36.7764174],[-3.9561349,36.7764886]],[[-3.956735,36.7769323],[-3.9568489,36.7769087],[-3.9567772,36.7768749],[-3.956735,36.7769323]],[[-3.9566134,36.7771547],[-3.9567023,36.7770891],[-3.9566203,36.7770179],[-3.9565314,36.7770835],[-3.9566134,36.7771547]],[[-3.9567361,36.7783776],[-3.956825,36.7783119],[-3.956743,36.7782407],[-3.9566541,36.7783064],[-3.9567361,36.7783776]],[[-3.9581427,36.7836407],[-3.9580957,36.7836617],[-3.9581689,36.7836784],[-3.9581427,36.7836407]],[[-3.9694263,36.7871695],[-3.9694928,36.787101],[-3.9694227,36.7870932],[-3.9694263,36.7871695]],[[-3.9802287,36.7872577],[-3.9802952,36.7871892],[-3.9802251,36.7871814],[-3.9802287,36.7872577]],[[-3.9799954,36.788986],[-3.9797402,36.7889593],[-3.9795904,36.7893392],[-3.97994,36.7893792],[-3.9799954,36.788986]],[[-3.9692023,36.7910065],[-3.9692688,36.790938],[-3.9691987,36.7909302],[-3.9692023,36.7910065]],[[-3.9740748,36.7910367],[-3.9741413,36.7909682],[-3.9740712,36.7909604],[-3.9740748,36.7910367]],[[-3.9742274,36.7911333],[-3.9741769,36.791056],[-3.9740731,36.7910824],[-3.9741411,36.7911866],[-3.9742274,36.7911333]],[[-3.9714124,36.7922285],[-3.9714789,36.7921601],[-3.9714088,36.7921523],[-3.9714124,36.7922285]],[[-3.9708738,36.7928007],[-3.9709403,36.7927323],[-3.9708702,36.7927245],[-3.9708738,36.7928007]],[[-3.9726371,36.792909],[-3.9726981,36.7929309],[-3.9726912,36.7928776],[-3.9726371,36.792909]],[[-3.9690145,36.7933556],[-3.969081,36.7932871],[-3.9690109,36.7932793],[-3.9690145,36.7933556]],[[-3.9683801,36.8017607],[-3.9684466,36.8016922],[-3.9683765,36.8016844],[-3.9683801,36.8017607]],[[-3.9551336,36.804234],[-3.9550762,36.8043614],[-3.9552604,36.8044289],[-3.9553425,36.8043471],[-3.9553019,36.8042473],[-3.9551336,36.804234]],[[-3.9674777,36.8110195],[-3.967443,36.8109362],[-3.9673345,36.810949],[-3.9673812,36.8110613],[-3.9674777,36.8110195]],[[-3.9645147,36.8139913],[-3.9645812,36.8139228],[-3.9645111,36.813915],[-3.9645147,36.8139913]],[[-3.9703076,36.8154416],[-3.9703741,36.8153731],[-3.970304,36.8153654],[-3.9703076,36.8154416]],[[-3.9704796,36.8186719],[-3.9704193,36.8187188],[-3.9704436,36.8187508],[-3.9705234,36.8187294],[-3.9704796,36.8186719]],[[-3.9780605,36.821075],[-3.9780811,36.8211096],[-3.9781037,36.8210585],[-3.9780605,36.821075]],[[-3.9703155,36.8220968],[-3.9703861,36.8221334],[-3.9703758,36.8220498],[-3.9703155,36.8220968]],[[-3.9722492,36.8246624],[-3.9722412,36.8247036],[-3.9723014,36.8246615],[-3.9722492,36.8246624]],[[-3.9765389,36.8249144],[-3.9764674,36.8248859],[-3.9764829,36.8249601],[-3.9765389,36.8249144]],[[-3.9814751,36.8249149],[-3.981374,36.8250014],[-3.9814953,36.8250693],[-3.9815619,36.8249635],[-3.9814751,36.8249149]],[[-3.9736962,36.8260219],[-3.9737259,36.826073],[-3.9737879,36.8260023],[-3.9736962,36.8260219]],[[-3.9674062,36.826702],[-3.9672123,36.826751],[-3.9673628,36.8268572],[-3.9674981,36.826847],[-3.9675159,36.8267714],[-3.9674062,36.826702]],[[-3.9720125,36.8268398],[-3.9720702,36.8268812],[-3.9720719,36.8268],[-3.9720125,36.8268398]],[[-3.9764571,36.8270088],[-3.9763855,36.8269803],[-3.9764011,36.8270545],[-3.9764571,36.8270088]],[[-3.9784094,36.8276253],[-3.9783938,36.8275511],[-3.9783378,36.8275968],[-3.9784094,36.8276253]],[[-3.9812189,36.8278654],[-3.9811183,36.8278756],[-3.981176,36.827917],[-3.9812189,36.8278654]],[[-3.982685,36.8290046],[-3.9828069,36.8289949],[-3.9827873,36.8289244],[-3.9827053,36.8289198],[-3.982685,36.8290046]],[[-3.9674704,36.829709],[-3.9673698,36.8297192],[-3.9674275,36.8297606],[-3.9674704,36.829709]],[[-3.9674787,36.8300315],[-3.9673725,36.8301334],[-3.9675137,36.8302031],[-3.9675897,36.8301302],[-3.9674787,36.8300315]],[[-3.9806481,36.8318852],[-3.9807058,36.8319266],[-3.9807075,36.8318454],[-3.9806481,36.8318852]],[[-3.9831773,36.8325691],[-3.983235,36.8326105],[-3.9832366,36.8325293],[-3.9831773,36.8325691]],[[-3.9832465,36.8331755],[-3.9833042,36.8332169],[-3.9833059,36.8331357],[-3.9832465,36.8331755]],[[-3.9819669,36.8335914],[-3.9819873,36.8336852],[-3.9821533,36.8336812],[-3.9821249,36.8335502],[-3.9819669,36.8335914]],[[-3.9812766,36.8336502],[-3.9813343,36.8336916],[-3.981336,36.8336104],[-3.9812766,36.8336502]],[[-3.9821932,36.8359302],[-3.9821776,36.835856],[-3.9821216,36.8359017],[-3.9821932,36.8359302]],[[-3.9750474,36.837437],[-3.9750747,36.8374969],[-3.9751018,36.8374211],[-3.9750474,36.837437]],[[-3.9829456,36.8466315],[-3.9828617,36.8466769],[-3.9829397,36.8467693],[-3.9830236,36.846724],[-3.9829456,36.8466315]],[[-3.9566423,36.8616597],[-3.9566529,36.8616406],[-3.9565883,36.861637],[-3.9566423,36.8616597]],[[-3.979104,36.8660082],[-3.9790034,36.8660184],[-3.9790611,36.8660598],[-3.979104,36.8660082]],[[-3.9578389,36.8680129],[-3.9578809,36.8680419],[-3.9578842,36.8679799],[-3.9578389,36.8680129]],[[-3.9782269,36.8715428],[-3.9782943,36.8714126],[-3.9782548,36.8712414],[-3.9781222,36.8712265],[-3.9780036,36.8713344],[-3.9780338,36.871487],[-3.9782269,36.8715428]],[[-3.9785648,36.8719058],[-3.9788721,36.8718589],[-3.978771,36.8717635],[-3.9784476,36.8717862],[-3.9785648,36.8719058]],[[-3.979482,36.8720628],[-3.9793813,36.872073],[-3.979439,36.8721143],[-3.979482,36.8720628]],[[-3.9799592,36.8720803],[-3.9798287,36.8720928],[-3.9799029,36.8721467],[-3.9799592,36.8720803]],[[-3.9468764,36.7348591],[-3.9468887,36.7348297],[-3.9468307,36.7348392],[-3.9468764,36.7348591]],[[-3.9536217,36.7384355],[-3.9535256,36.738481],[-3.9535669,36.7385369],[-3.953646,36.7385228],[-3.9536217,36.7384355]],[[-3.9497656,36.7420271],[-3.9496799,36.7420649],[-3.949789,36.7420822],[-3.9497656,36.7420271]],[[-3.953078,36.742218],[-3.9529838,36.7422601],[-3.9530363,36.7423356],[-3.9531305,36.7422935],[-3.953078,36.742218]],[[-3.9444111,36.7430949],[-3.9443257,36.7430641],[-3.9443369,36.7431073],[-3.9444111,36.7430949]],[[-3.9550066,36.7431979],[-3.954906,36.7432082],[-3.9549637,36.7432496],[-3.9550066,36.7431979]],[[-3.9447139,36.7432927],[-3.9447251,36.7433359],[-3.944788,36.7432803],[-3.9447139,36.7432927]],[[-3.9463222,36.7443735],[-3.9463833,36.7443135],[-3.9463201,36.7442548],[-3.9462378,36.7443358],[-3.9463222,36.7443735]],[[-3.9461564,36.7445268],[-3.9461143,36.7443979],[-3.945961,36.7444496],[-3.9460467,36.7445638],[-3.9461564,36.7445268]],[[-3.9513599,36.7450257],[-3.9514134,36.7450269],[-3.9513606,36.7450079],[-3.9513599,36.7450257]],[[-3.9418497,36.7466822],[-3.941961,36.7466989],[-3.9419322,36.7466512],[-3.9418497,36.7466822]],[[-3.9504495,36.7475663],[-3.9505072,36.7476078],[-3.9505088,36.7475265],[-3.9504495,36.7475663]],[[-3.9509748,36.7477197],[-3.9510723,36.7476134],[-3.9508943,36.7475331],[-3.9508314,36.7476549],[-3.9509748,36.7477197]],[[-3.9507476,36.7477931],[-3.9507723,36.7476627],[-3.9506138,36.7476274],[-3.9505454,36.7477018],[-3.9505831,36.7477892],[-3.9507476,36.7477931]],[[-3.9494464,36.7477348],[-3.9494026,36.7477993],[-3.9494407,36.7478263],[-3.9495151,36.7477834],[-3.9494464,36.7477348]],[[-3.9436302,36.7480975],[-3.9438314,36.748096],[-3.9438298,36.7479608],[-3.9436633,36.7479385],[-3.9436302,36.7480975]],[[-3.8987149,36.748378],[-3.8987195,36.7483504],[-3.8986612,36.7483903],[-3.8987149,36.748378]],[[-3.9408269,36.7485997],[-3.9407062,36.7486196],[-3.9408295,36.748673],[-3.9408269,36.7485997]],[[-3.9509471,36.748782],[-3.9508765,36.7488022],[-3.9509111,36.74888],[-3.9509817,36.7488598],[-3.9509471,36.748782]],[[-3.940355,36.749375],[-3.9402817,36.7493866],[-3.9403562,36.7494195],[-3.940355,36.749375]],[[-3.9453415,36.7507742],[-3.9452977,36.7508386],[-3.9453358,36.7508656],[-3.9454102,36.7508228],[-3.9453415,36.7507742]],[[-3.9499446,36.7511098],[-3.9502128,36.7512237],[-3.9504327,36.7509444],[-3.9501833,36.750809],[-3.9499446,36.7511098]],[[-3.9476204,36.7514173],[-3.9477087,36.7514372],[-3.9476643,36.7513528],[-3.9476204,36.7514173]],[[-3.9444233,36.7516811],[-3.9445115,36.751701],[-3.9444671,36.7516166],[-3.9444233,36.7516811]],[[-3.9347686,36.751874],[-3.9347418,36.7518794],[-3.9347928,36.7519127],[-3.9347686,36.751874]],[[-3.9412124,36.7519917],[-3.9411686,36.7520562],[-3.9412067,36.7520832],[-3.9412811,36.7520403],[-3.9412124,36.7519917]],[[-3.9337883,36.7522823],[-3.933858,36.7522737],[-3.9337977,36.7522264],[-3.9337883,36.7522823]],[[-3.8669777,36.752426],[-3.867038,36.7522906],[-3.8668691,36.7521381],[-3.866747,36.7522197],[-3.8668369,36.7524421],[-3.8669777,36.752426]],[[-3.9399932,36.7522825],[-3.9399493,36.752347],[-3.9399875,36.752374],[-3.9400619,36.7523311],[-3.9399932,36.7522825]],[[-3.9373943,36.7524415],[-3.9373394,36.7524346],[-3.9373954,36.7524859],[-3.9373943,36.7524415]],[[-3.9401863,36.7524652],[-3.9401424,36.7525297],[-3.9401806,36.7525567],[-3.940255,36.7525138],[-3.9401863,36.7524652]],[[-3.9375318,36.7525718],[-3.9374584,36.7525834],[-3.9375329,36.7526163],[-3.9375318,36.7525718]],[[-3.9316995,36.7529646],[-3.9320858,36.7528137],[-3.9320469,36.7527279],[-3.9316184,36.7528267],[-3.9316995,36.7529646]],[[-3.9118667,36.7545489],[-3.9119735,36.7545988],[-3.9120976,36.7545001],[-3.9120362,36.7544141],[-3.9118672,36.7544499],[-3.9118667,36.7545489]],[[-3.9197859,36.7546981],[-3.9197691,36.7546573],[-3.9197436,36.7547174],[-3.9197859,36.7546981]],[[-3.9119454,36.7548149],[-3.9118291,36.7548768],[-3.9119006,36.7549368],[-3.9119869,36.7548909],[-3.9119454,36.7548149]],[[-3.9102978,36.7550427],[-3.9104384,36.7550501],[-3.9104384,36.754944],[-3.9103517,36.7549238],[-3.9102978,36.7550427]],[[-3.953366,36.7555455],[-3.9533117,36.7555224],[-3.9533258,36.7555827],[-3.953366,36.7555455]],[[-3.9094693,36.7560532],[-3.9095672,36.756008],[-3.9094733,36.7559747],[-3.9094693,36.7560532]],[[-3.9082956,36.756486],[-3.9083489,36.7564433],[-3.9082424,36.7564433],[-3.9082956,36.756486]],[[-3.9056302,36.7563912],[-3.905527,36.7564743],[-3.9056308,36.7565574],[-3.9057345,36.7564743],[-3.9056302,36.7563912]],[[-3.905873,36.7565323],[-3.905873,36.756453],[-3.9057668,36.7565256],[-3.905873,36.7565323]],[[-3.9142171,36.7576563],[-3.9141285,36.7576283],[-3.9140676,36.7577522],[-3.9141562,36.7577802],[-3.9142171,36.7576563]],[[-3.9116372,36.7581512],[-3.9117631,36.7581596],[-3.9117735,36.7580587],[-3.9116476,36.7580504],[-3.9116372,36.7581512]],[[-3.9154222,36.7582855],[-3.9155334,36.7582969],[-3.9154849,36.7582466],[-3.9154222,36.7582855]],[[-3.9141869,36.75951],[-3.9141757,36.7594768],[-3.914087,36.7595318],[-3.9141869,36.75951]],[[-3.9185833,36.7595618],[-3.918646,36.7595229],[-3.9186348,36.7594898],[-3.9185562,36.7594817],[-3.9185833,36.7595618]],[[-3.9121703,36.7603359],[-3.9122025,36.7602715],[-3.9120871,36.7602328],[-3.912067,36.7603123],[-3.9121703,36.7603359]],[[-3.9235412,36.7602915],[-3.9234928,36.7602413],[-3.9234785,36.7603304],[-3.9235412,36.7602915]],[[-3.9152684,36.760349],[-3.9153609,36.7603265],[-3.9153502,36.7602556],[-3.9152442,36.7602738],[-3.9152684,36.760349]],[[-3.9112194,36.7604208],[-3.9113375,36.7603284],[-3.9111685,36.7602994],[-3.9112194,36.7604208]],[[-3.913056,36.7609417],[-3.9131819,36.76095],[-3.9131923,36.7608492],[-3.9130664,36.7608408],[-3.913056,36.7609417]],[[-3.9499691,36.7611308],[-3.9499405,36.7611216],[-3.949957,36.7611464],[-3.9499691,36.7611308]],[[-3.9072257,36.7612133],[-3.9073515,36.7612217],[-3.907362,36.7611208],[-3.9072361,36.7611125],[-3.9072257,36.7612133]],[[-3.9495093,36.7612794],[-3.9494937,36.7613039],[-3.9495462,36.7613016],[-3.9495093,36.7612794]],[[-3.9110553,36.7615848],[-3.9110158,36.7615306],[-3.9109633,36.7616061],[-3.9110553,36.7615848]],[[-3.9210386,36.7618493],[-3.9210273,36.7618161],[-3.9209387,36.7618711],[-3.9210386,36.7618493]],[[-3.9161209,36.7621571],[-3.9162467,36.7621654],[-3.9162572,36.7620646],[-3.9161313,36.7620563],[-3.9161209,36.7621571]],[[-3.9040081,36.7621028],[-3.903911,36.7621348],[-3.903911,36.76223],[-3.9040013,36.76223],[-3.9040081,36.7621028]],[[-3.9040555,36.7622644],[-3.9040156,36.7622354],[-3.9040111,36.7623096],[-3.9040555,36.7622644]],[[-3.9223924,36.7626455],[-3.9224551,36.7626067],[-3.9224439,36.7625735],[-3.9223652,36.7625654],[-3.9223924,36.7626455]],[[-3.9326276,36.7626868],[-3.9325961,36.762631],[-3.9325279,36.7626894],[-3.9326276,36.7626868]],[[-3.9211408,36.7627021],[-3.9209947,36.7627005],[-3.921024,36.7627932],[-3.9211084,36.7627941],[-3.9211408,36.7627021]],[[-3.9241869,36.7630726],[-3.9241384,36.7630223],[-3.9241242,36.7631114],[-3.9241869,36.7630726]],[[-3.8819295,36.7636364],[-3.8818465,36.7635957],[-3.8818786,36.7637028],[-3.8819295,36.7636364]],[[-3.8811818,36.7637593],[-3.8812608,36.7637133],[-3.881197,36.763682],[-3.8811818,36.7637593]],[[-3.8929714,36.7642768],[-3.8929865,36.7641283],[-3.892801,36.7641162],[-3.892786,36.7642648],[-3.8929714,36.7642768]],[[-3.9136133,36.7642507],[-3.913552,36.7642891],[-3.9135886,36.7643441],[-3.9136626,36.7643248],[-3.9136133,36.7642507]],[[-3.9031946,36.7647179],[-3.9032312,36.764773],[-3.9032944,36.7646919],[-3.9031946,36.7647179]],[[-3.9472734,36.7649196],[-3.9472849,36.7649532],[-3.947331,36.764907],[-3.9472734,36.7649196]],[[-3.8984098,36.7649714],[-3.8983695,36.7649324],[-3.8983445,36.7650092],[-3.8984098,36.7649714]],[[-3.9220175,36.7652763],[-3.9221558,36.7648794],[-3.9217165,36.7648843],[-3.9215858,36.7651327],[-3.9220175,36.7652763]],[[-3.9549838,36.7656746],[-3.9549825,36.7656415],[-3.9548841,36.7656772],[-3.9549838,36.7656746]],[[-3.9011928,36.7665865],[-3.9011315,36.7666249],[-3.9011681,36.7666799],[-3.9012421,36.7666606],[-3.9011928,36.7665865]],[[-3.9146264,36.7689121],[-3.9146203,36.7688896],[-3.9145679,36.7689285],[-3.9146264,36.7689121]],[[-3.9082415,36.7691338],[-3.908237,36.7690614],[-3.9081154,36.769062],[-3.9081199,36.769146],[-3.9082415,36.7691338]],[[-3.9139949,36.7693462],[-3.9139698,36.7692701],[-3.9139204,36.7693145],[-3.9139949,36.7693462]],[[-3.8981765,36.7721375],[-3.8983138,36.772073],[-3.8981598,36.7720409],[-3.8981765,36.7721375]],[[-3.9238352,36.7749525],[-3.9238824,36.7748641],[-3.9236209,36.7747077],[-3.9235642,36.7748086],[-3.9236493,36.7749525],[-3.9238352,36.7749525]],[[-3.9536203,36.7787819],[-3.9536475,36.7787025],[-3.9535546,36.7786672],[-3.9535179,36.7787742],[-3.9536203,36.7787819]],[[-3.9475171,36.7822845],[-3.9471986,36.7825311],[-3.9476906,36.7829903],[-3.9480409,36.7827663],[-3.9475171,36.7822845]],[[-3.9436943,36.7837374],[-3.9431426,36.7840235],[-3.9431517,36.7841671],[-3.9435302,36.7843449],[-3.9437673,36.7838981],[-3.9436943,36.7837374]],[[-3.8962674,36.794648],[-3.8960582,36.7946889],[-3.8960531,36.79501],[-3.8961581,36.7950782],[-3.8962674,36.794648]],[[-3.8918985,36.7956073],[-3.8917988,36.7957454],[-3.8922252,36.7958693],[-3.8922711,36.7957347],[-3.8918985,36.7956073]],[[-3.9550917,36.8039668],[-3.9550336,36.8040987],[-3.955225,36.8041607],[-3.9553005,36.8040786],[-3.9552603,36.8039819],[-3.9550917,36.8039668]],[[-3.9428344,36.8087912],[-3.9427558,36.8086542],[-3.9424911,36.8086109],[-3.9424444,36.8085335],[-3.9423023,36.8085656],[-3.9423372,36.808684],[-3.9428344,36.8087912]],[[-3.954582,36.8185666],[-3.9546574,36.8185615],[-3.9545757,36.8185062],[-3.954582,36.8185666]],[[-3.9394365,36.8292843],[-3.9396564,36.8291571],[-3.9396508,36.8290595],[-3.9395658,36.8290358],[-3.9394032,36.8291512],[-3.9394365,36.8292843]],[[-3.9387494,36.8309975],[-3.9387403,36.8311203],[-3.9388657,36.8310312],[-3.9387494,36.8309975]],[[-3.9538492,36.8316728],[-3.9536822,36.8316198],[-3.9536201,36.8317521],[-3.9537606,36.8318084],[-3.9538492,36.8316728]],[[-3.9376553,36.8344042],[-3.9378435,36.8344245],[-3.9378625,36.8343005],[-3.9377137,36.8342628],[-3.9376553,36.8344042]],[[-3.8954784,36.8466552],[-3.8954876,36.8465321],[-3.8953081,36.846543],[-3.8953502,36.8466682],[-3.8954784,36.8466552]],[[-3.9531694,36.8703854],[-3.9545522,36.8703371],[-3.9548605,36.8701235],[-3.954705,36.8699133],[-3.9544261,36.8700903],[-3.9531694,36.8703854]],[[-3.947197,36.8736325],[-3.9472799,36.8736716],[-3.94725,36.873612],[-3.947197,36.8736325]],[[-3.9543027,36.8805197],[-3.9541303,36.8805997],[-3.9542406,36.8807324],[-3.9543893,36.8806675],[-3.9543027,36.8805197]],[[-3.8514626,36.7548302],[-3.8515419,36.7548676],[-3.8515886,36.7548041],[-3.8515093,36.7547667],[-3.8514626,36.7548302]],[[-3.8506816,36.7561243],[-3.8505744,36.7561523],[-3.8506977,36.7561759],[-3.8506816,36.7561243]],[[-3.8325519,36.7573277],[-3.8324888,36.757352],[-3.8325821,36.757378],[-3.8325519,36.7573277]],[[-3.8574471,36.7621653],[-3.8573284,36.7622441],[-3.8574348,36.7623315],[-3.8575364,36.76224],[-3.8574471,36.7621653]],[[-3.8301918,36.7634182],[-3.8300872,36.7634247],[-3.8301086,36.763646],[-3.8302079,36.7636395],[-3.8301918,36.7634182]],[[-3.7884055,36.7657865],[-3.7883459,36.7658527],[-3.7884309,36.7658975],[-3.7884804,36.7658208],[-3.7884055,36.7657865]],[[-3.792675,36.7664778],[-3.7925707,36.7665001],[-3.7926356,36.7665357],[-3.792675,36.7664778]],[[-3.8035611,36.7736899],[-3.8036205,36.7737412],[-3.8036607,36.7736577],[-3.8035611,36.7736899]],[[-3.8146429,36.7782498],[-3.814594,36.7781924],[-3.814376,36.7782435],[-3.8144223,36.7783704],[-3.8145872,36.7783743],[-3.8146429,36.7782498]],[[-3.7970826,36.7783831],[-3.7970745,36.7783305],[-3.797017,36.7783895],[-3.7970826,36.7783831]],[[-3.8133373,36.7795432],[-3.8133541,36.7796902],[-3.8136115,36.7797009],[-3.8136471,36.779556],[-3.8134039,36.7794877],[-3.8133373,36.7795432]],[[-3.7708018,36.7828995],[-3.7706348,36.7830514],[-3.7708488,36.7833156],[-3.7709767,36.7831735],[-3.7709364,36.7829995],[-3.7708018,36.7828995]],[[-3.7882057,36.7881436],[-3.7881049,36.7882111],[-3.788221,36.7882166],[-3.7882057,36.7881436]],[[-3.8485625,36.7977108],[-3.8484645,36.7976295],[-3.8482655,36.7977175],[-3.8483502,36.7978579],[-3.8485366,36.7978218],[-3.8485625,36.7977108]]],[[[-4.1063038,36.7269774],[-4.1067451,36.7267121],[-4.1058532,36.7273064],[-4.1063038,36.7269774]]],[[[-4.2482521,36.7103257],[-4.2484305,36.710295],[-4.2480825,36.7103549],[-4.2482521,36.7103257]]],[[[-4.2707713,36.712289],[-4.2708645,36.7123102],[-4.2706755,36.7122743],[-4.2707713,36.712289]]],[[[-4.3153857,36.71245],[-4.315386203152992,36.712454638690616],[-4.3150972,36.7124767],[-4.3153857,36.71245]]],[[[-3.7879876,36.7427756],[-3.7876922,36.7428465],[-3.7876037,36.7427573],[-3.7877401,36.7425093],[-3.788067,36.7426352],[-3.7879876,36.7427756]]],[[[-4.1770998,36.8931872],[-4.1776937,36.8930608],[-4.1780712,36.8930645],[-4.1784324,36.8933959],[-4.1785218,36.8936198],[-4.1783501,36.8938675],[-4.1777487,36.8941457],[-4.1774647,36.8944135],[-4.1771415,36.894509],[-4.1765668,36.8943789],[-4.1764441,36.8942085],[-4.176658,36.8935801],[-4.1770998,36.8931872]]]]}},{"type":"Feature","properties":{"id":"malaga-costa-del-sol","name":"Málaga-Costa del Sol","type":"island","members":["malaga"]},"geometry":{"type":"MultiPolygon","coordinates":[[[[-4.5792155,36.7813982],[-4.5777587,36.7808496],[-4.5764329,36.7823184],[-4.5759378,36.7827666],[-4.5755999,36.7832308],[-4.5752574,36.7834697],[-4.574835,36.7836376],[-4.5727603,36.7841067],[-4.5721663,36.7841055],[-4.5687264,36.783574],[-4.5666094,36.7830701],[-4.5605238,36.7813743],[-4.5589223,36.7800177],[-4.5584725,36.7791297],[-4.5554415,36.7744191],[-4.553446,36.7715878],[-4.5528732,36.7709643],[-4.5521217,36.7703702],[-4.5512487,36.7698587],[-4.5500187,36.7694241],[-4.5488396,36.7715216],[-4.5481168,36.7712336],[-4.5473421,36.7711535],[-4.5451363,36.7712272],[-4.5438395,36.7713703],[-4.5429206,36.771923],[-4.5411621,36.7719548],[-4.5397923,36.7712514],[-4.5362475,36.7727214],[-4.5359437,36.7732211],[-4.5327189,36.7744525],[-4.5325457,36.7758879],[-4.5247828,36.7805216],[-4.5218426,36.7803069],[-4.5210214,36.7801461],[-4.5174072,36.7799063],[-4.5162316,36.7800785],[-4.513651,36.7808618],[-4.5129866,36.7812671],[-4.5126399,36.7818754],[-4.5126082,36.7825429],[-4.5121499,36.7831707],[-4.5115746,36.7835475],[-4.5109185,36.7838082],[-4.5069586,36.7847418],[-4.5056583,36.7852991],[-4.5047621,36.7858873],[-4.5039238,36.786574],[-4.5033483,36.7875187],[-4.5029421,36.7885244],[-4.5024993,36.7899542],[-4.5023091,36.7911194],[-4.5023565,36.7918218],[-4.502207769043524,36.792625970344794],[-4.5009259,36.7906663],[-4.5002448,36.7893352],[-4.4994683,36.7882006],[-4.49861,36.787546],[-4.4983784,36.7870005],[-4.498719,36.7867059],[-4.4999042,36.7861386],[-4.5009804,36.7855058],[-4.5021384,36.7846656],[-4.5035007,36.7827999],[-4.5035824,36.7823089],[-4.5041001,36.7814906],[-4.5051082,36.7810214],[-4.5079418,36.7809996],[-4.5084459,36.7806504],[-4.5101624,36.7770169],[-4.5106528,36.7756966],[-4.5113204,36.7744744],[-4.5122876,36.7736233],[-4.5135546,36.7729685],[-4.5165108,36.7720519],[-4.5216528,36.7695557],[-4.5221676,36.769103],[-4.523158,36.7669745],[-4.5234745,36.7665497],[-4.5246813,36.7654919],[-4.527084,36.7643995],[-4.5285289,36.7633568],[-4.5299656,36.7619327],[-4.5319246,36.7593748],[-4.5330339,36.758098],[-4.5348385,36.7562826],[-4.5392125,36.7522026],[-4.5403777,36.7508783],[-4.5410003,36.7490432],[-4.54184,36.7478576],[-4.5436479,36.7462095],[-4.5444247,36.7453876],[-4.5457759,36.7436693],[-4.5458673,36.7434425],[-4.545751,36.7430479],[-4.545527,36.742846],[-4.5447462,36.7425614],[-4.5444517,36.7423677],[-4.54435,36.7417444],[-4.5445244,36.7410919],[-4.5444954,36.7405049],[-4.5443318,36.740183],[-4.5440192,36.7399237],[-4.5429504,36.7395989],[-4.5424361,36.7392537],[-4.5420853,36.7388852],[-4.5417127,36.7382764],[-4.5415836,36.7378191],[-4.5416216,36.7369509],[-4.5424959,36.7373164],[-4.5435146,36.7375269],[-4.5439113,36.7377982],[-4.5445859,36.7380342],[-4.5448306,36.7383255],[-4.545588,36.738793],[-4.5476172,36.7395916],[-4.5483346,36.7400436],[-4.5490603,36.7406617],[-4.5505076,36.7424251],[-4.5516189,36.7431495],[-4.5527054,36.7435228],[-4.5549143,36.7438008],[-4.5562454,36.7441375],[-4.5575724,36.7446703],[-4.5590542,36.745635],[-4.5610543,36.7476055],[-4.5615437,36.7477893],[-4.5616556,36.7479056],[-4.5618049,36.7489833],[-4.5619307,36.7492115],[-4.5622891,36.749712],[-4.5631197,36.750165],[-4.5634084,36.7504249],[-4.564481,36.7524611],[-4.5638504,36.7538122],[-4.5638184,36.7555001],[-4.5639788,36.7558157],[-4.5641124,36.7558781],[-4.5642493,36.756559],[-4.564355,36.7566386],[-4.5641169,36.7568091],[-4.5641736,36.7571005],[-4.563965,36.7572928],[-4.5640361,36.7576289],[-4.5639462,36.7577278],[-4.5640732,36.7579881],[-4.5640344,36.7582945],[-4.5641744,36.7585766],[-4.5645361,36.758859],[-4.5645961,36.7592051],[-4.5648996,36.759302],[-4.5648556,36.7594022],[-4.5660322,36.7591798],[-4.5666858,36.7592645],[-4.5671328,36.7596572],[-4.5683534,36.7598459],[-4.5684063,36.7601462],[-4.5683533,36.7604829],[-4.5685027,36.7606141],[-4.5686135,36.7606033],[-4.5685264,36.760381],[-4.5686898,36.760073],[-4.5689703,36.7599554],[-4.5689347,36.7593691],[-4.5690164,36.7593445],[-4.5692962,36.7596113],[-4.5698192,36.7596765],[-4.5699538,36.759869],[-4.5700455,36.7606141],[-4.5697926,36.7607936],[-4.5699234,36.7608891],[-4.5703686,36.760493],[-4.5703384,36.7599943],[-4.5704778,36.7598557],[-4.5703288,36.759821],[-4.5702663,36.7595938],[-4.5699011,36.759128],[-4.5704221,36.7589514],[-4.5706433,36.7587541],[-4.5705819,36.7586208],[-4.5706346,36.7585249],[-4.5705496,36.7584704],[-4.5703937,36.7586212],[-4.5697118,36.7587455],[-4.5689351,36.7583425],[-4.568053,36.75827],[-4.5677118,36.7583585],[-4.5673252,36.7581231],[-4.5669074,36.7581237],[-4.5665752,36.7578847],[-4.5668302,36.7576418],[-4.5666235,36.7572491],[-4.5667437,36.7569911],[-4.5664601,36.7567216],[-4.5659237,36.7564518],[-4.5659429,36.756367],[-4.5661976,36.7562708],[-4.5665082,36.756325],[-4.5667647,36.7562127],[-4.5669859,36.7562545],[-4.5671893,36.7561919],[-4.5670614,36.7559076],[-4.5643037,36.7555664],[-4.5640741,36.7556157],[-4.56401,36.7555493],[-4.5640287,36.753688],[-4.5645473,36.7527012],[-4.5645954,36.7525156],[-4.5644636,36.7520215],[-4.5634779,36.7503763],[-4.5631589,36.7501021],[-4.5623756,36.749704],[-4.5619946,36.7491388],[-4.561865,36.7488611],[-4.5617937,36.7480457],[-4.5616208,36.7476872],[-4.5612429,36.7475758],[-4.5590026,36.7453979],[-4.5574092,36.7444382],[-4.5564717,36.7440683],[-4.5553275,36.7437398],[-4.5529962,36.7434385],[-4.5516577,36.7430271],[-4.5508503,36.7425215],[-4.5501766,36.7418346],[-4.5493781,36.7407762],[-4.5487436,36.7401707],[-4.5479042,36.7396094],[-4.5454232,36.7385739],[-4.5446265,36.7379625],[-4.5440419,36.7377944],[-4.5436373,36.7375098],[-4.5423879,36.7371927],[-4.5416453,36.7368761],[-4.541949,36.7359998],[-4.5419181,36.7351142],[-4.5416327,36.7345986],[-4.5406203,36.7333998],[-4.5402096,36.7327501],[-4.5398443,36.7311274],[-4.5396589,36.7306948],[-4.539399,36.7304296],[-4.5390064,36.7302286],[-4.5382339,36.7300363],[-4.5378886,36.7297902],[-4.5378649,36.7295061],[-4.5382521,36.7289555],[-4.5383102,36.7286729],[-4.5382539,36.7284529],[-4.5380631,36.7281513],[-4.5372524,36.7273137],[-4.536878,36.7266626],[-4.5368144,36.7263523],[-4.5368835,36.7257331],[-4.5367708,36.7253748],[-4.5361504,36.7242991],[-4.5360215,36.7233679],[-4.5356985,36.72248],[-4.535682,36.721006],[-4.5354767,36.7204148],[-4.5352338,36.7199582],[-4.5346993,36.719282],[-4.5338425,36.7178198],[-4.5331889,36.715462],[-4.5324292,36.7143821],[-4.5317844,36.7136669],[-4.5312014,36.7123145],[-4.5312014,36.7118506],[-4.5314953,36.7103106],[-4.5320193,36.7096851],[-4.5331013,36.7092285],[-4.5336424,36.7083656],[-4.5348127,36.7070781],[-4.5359744,36.7062374],[-4.537997,36.7053995],[-4.5378098,36.705379],[-4.5357851,36.7062192],[-4.5346579,36.7070615],[-4.5334374,36.7084661],[-4.5329874,36.7091281],[-4.5317003,36.7097353],[-4.5313871,36.7101371],[-4.5311632,36.7107216],[-4.5311644,36.7113457],[-4.5310804,36.7115083],[-4.5311346,36.7124801],[-4.5314267,36.7132358],[-4.5317626,36.7138079],[-4.5332003,36.715726],[-4.5336306,36.7175628],[-4.5342463,36.7187798],[-4.5351664,36.7199828],[-4.5354043,36.7204174],[-4.5355932,36.7210091],[-4.535528,36.7223688],[-4.5358371,36.7233604],[-4.5360319,36.7244426],[-4.5367408,36.7257005],[-4.5367192,36.7264335],[-4.5368653,36.7269431],[-4.5381532,36.7285023],[-4.5381749,36.72891],[-4.5377879,36.7294695],[-4.5377771,36.7297948],[-4.5381992,36.7300962],[-4.5388919,36.7302697],[-4.5394222,36.730634],[-4.5397307,36.7313692],[-4.5399417,36.7324339],[-4.5402394,36.7330953],[-4.5415273,36.7346999],[-4.5417654,36.7352247],[-4.5418385,36.7357213],[-4.5417762,36.7361484],[-4.5414732,36.7368987],[-4.5414164,36.7373085],[-4.5414299,36.7377595],[-4.5416436,36.738423],[-4.542017,36.7389803],[-4.5424743,36.7394226],[-4.5429559,36.7397154],[-4.5439327,36.7400059],[-4.544187,36.7402336],[-4.5443521,36.7405436],[-4.5443656,36.7409686],[-4.5441925,36.7419487],[-4.5442249,36.7422218],[-4.54462,36.7425948],[-4.5452585,36.7429092],[-4.5456292,36.7431975],[-4.5456914,36.7433688],[-4.5453099,36.7441103],[-4.5444576,36.7451315],[-4.5416707,36.7477896],[-4.5407291,36.7492205],[-4.5404531,36.7501788],[-4.5402177,36.7506817],[-4.5397604,36.7512628],[-4.5381424,36.7529126],[-4.5342461,36.7565546],[-4.533383,36.7575561],[-4.5319002,36.7588958],[-4.5296842,36.7619847],[-4.5284477,36.7632311],[-4.5268432,36.7643301],[-4.5261235,36.7646596],[-4.5236288,36.7655374],[-4.5187828,36.7676681],[-4.5175543,36.7683812],[-4.5162179,36.7693783],[-4.5135341,36.7723793],[-4.5129543,36.7725803],[-4.5116371,36.7722955],[-4.5103306,36.7721992],[-4.5098329,36.7720663],[-4.508066,36.7712606],[-4.5063966,36.77096],[-4.5059839,36.7707573],[-4.5056832,36.7704832],[-4.5052892,36.7697174],[-4.5052083,36.7686027],[-4.5050321,36.7682938],[-4.5041583,36.7674985],[-4.5041549,36.7671508],[-4.5036551,36.7668069],[-4.5022553,36.766792],[-4.5019089,36.7665993],[-4.5019152,36.7663268],[-4.5024253,36.7658783],[-4.5028027,36.765345],[-4.5028504,36.7650493],[-4.5027965,36.7648051],[-4.5025726,36.7645891],[-4.5023113,36.7644728],[-4.5017078,36.7646107],[-4.501347,36.7649629],[-4.5009073,36.7651839],[-4.5001234,36.7652387],[-4.4992545,36.7655111],[-4.4991342,36.7657088],[-4.4991093,36.7661707],[-4.4987692,36.7668535],[-4.4987091,36.7675063],[-4.498566,36.7676542],[-4.4982715,36.7677173],[-4.4975084,36.7675744],[-4.4973881,36.7669349],[-4.4970978,36.7668003],[-4.4964881,36.7666491],[-4.4947814,36.7665793],[-4.4945136,36.7664108],[-4.4943459,36.7660847],[-4.4942046,36.7659837],[-4.4934502,36.7662053],[-4.4930709,36.7661873],[-4.4929001,36.7657026],[-4.4922812,36.7651337],[-4.4924207,36.7648756],[-4.4919235,36.7647273],[-4.4918639,36.7644834],[-4.4916305,36.7642833],[-4.4913934,36.7642589],[-4.4910395,36.7643747],[-4.4904554,36.765551],[-4.4902605,36.7655959],[-4.4896218,36.7648034],[-4.4889768,36.7643848],[-4.4883692,36.7638017],[-4.4878943,36.7636438],[-4.4876517,36.7636804],[-4.4874442,36.7639384],[-4.4874682,36.7641514],[-4.487631,36.7638066],[-4.4879005,36.7638041],[-4.4880789,36.7638955],[-4.4889727,36.7646589],[-4.4895679,36.7648931],[-4.4901402,36.7656125],[-4.4903061,36.7656955],[-4.4906095,36.765569],[-4.4911916,36.7644147],[-4.4916354,36.7643366],[-4.4918957,36.7647511],[-4.4923115,36.7649064],[-4.4921912,36.7650908],[-4.4922099,36.7651888],[-4.4928581,36.7658207],[-4.4929668,36.7661757],[-4.4930578,36.7662479],[-4.4935848,36.7662753],[-4.4940659,36.7661175],[-4.4941883,36.7661507],[-4.4943376,36.766586],[-4.494489,36.766679],[-4.4941841,36.7667687],[-4.4940037,36.7669216],[-4.4939124,36.7673203],[-4.4939892,36.7673186],[-4.4941654,36.766978],[-4.4949058,36.7667388],[-4.496007,36.7667023],[-4.4970936,36.766875],[-4.4972471,36.7669847],[-4.4972865,36.7676392],[-4.4973715,36.7677339],[-4.4973134,36.7680628],[-4.4973653,36.7682539],[-4.4975955,36.7685197],[-4.4974897,36.7686194],[-4.4967126,36.7687111],[-4.4975996,36.7686493],[-4.4976992,36.7684449],[-4.4974171,36.7682123],[-4.4973964,36.7680462],[-4.4974773,36.7679233],[-4.4977313,36.7678002],[-4.4985391,36.7677306],[-4.4987692,36.7675645],[-4.4988605,36.7669232],[-4.4991716,36.7662471],[-4.4993188,36.7655676],[-4.5012205,36.7652237],[-4.5013781,36.7651473],[-4.5017078,36.7647652],[-4.5022055,36.7646307],[-4.5024481,36.7647386],[-4.5025041,36.7649563],[-4.5024544,36.765458],[-4.5022781,36.7657205],[-4.502023,36.7658667],[-4.5017161,36.7662122],[-4.501546,36.7664863],[-4.5015875,36.7667438],[-4.50177,36.7669182],[-4.5019836,36.7669498],[-4.5025435,36.7668917],[-4.5033627,36.7670063],[-4.5048848,36.7683386],[-4.5051544,36.7688785],[-4.5051275,36.76995],[-4.5053265,36.7704301],[-4.50575,36.7708371],[-4.5060565,36.7710198],[-4.5089411,36.7717989],[-4.5100465,36.7723653],[-4.5105774,36.7724766],[-4.5112679,36.7724118],[-4.5119564,36.7725547],[-4.5122758,36.7727424],[-4.512199,36.7728867],[-4.5110479,36.7737597],[-4.5104144,36.7744799],[-4.5092428,36.7760785],[-4.508514,36.7796957],[-4.5080576,36.780154],[-4.5073152,36.7805849],[-4.506273,36.7806831],[-4.5050946,36.7806286],[-4.5037187,36.7812233],[-4.5031601,36.7818452],[-4.5021861,36.7834327],[-4.4996045,36.7857022],[-4.4988825,36.7861167],[-4.498392,36.7862695],[-4.49767,36.7871641],[-4.4995636,36.7892261],[-4.5002993,36.7909281],[-4.5013891,36.7927391],[-4.501877841904199,36.7932186460987],[-4.500222,36.7955895],[-4.4993794,36.7966368],[-4.4988509,36.7971211],[-4.4958849,36.7991758],[-4.4950491,36.7998912],[-4.4945012,36.800538],[-4.4938712,36.8009966],[-4.4934153,36.8011826],[-4.4888331,36.8024569],[-4.4865758,36.8033956],[-4.4818899,36.8051126],[-4.476508,36.8073789],[-4.476222,36.8076619],[-4.475976,36.8082779],[-4.4758896,36.8090361],[-4.4748805,36.8101934],[-4.4744029,36.8104246],[-4.4737511,36.8103426],[-4.473023,36.8103696],[-4.4710258,36.811449],[-4.4691576,36.8122382],[-4.4676874,36.8127431],[-4.4669445,36.8131644],[-4.4674189,36.8139453],[-4.4673811,36.8143153],[-4.4670821,36.8150942],[-4.4665942,36.8159656],[-4.4663398,36.8167349],[-4.4662954,36.8173484],[-4.4669058,36.8187831],[-4.466953,36.8194946],[-4.466664,36.8213911],[-4.4667073,36.8218953],[-4.4668381,36.8222903],[-4.4675676,36.8229123],[-4.4679818,36.823466],[-4.4680004,36.8238534],[-4.4678227,36.8245316],[-4.4682021,36.8256086],[-4.4682681,36.8261306],[-4.4680782,36.8267549],[-4.4672917,36.8284322],[-4.4676389,36.8289958],[-4.4677011,36.8293195],[-4.4674931,36.8295835],[-4.4670369,36.8297694],[-4.4667508,36.8300523],[-4.4667113,36.8303323],[-4.4664051,36.8307417],[-4.4662449,36.8311583],[-4.4664403,36.8314083],[-4.4668928,36.831619],[-4.4671565,36.8319222],[-4.4671082,36.8323284],[-4.4672386,36.8326964],[-4.4684981,36.8334741],[-4.4686387,36.8337878],[-4.4686669,36.834094],[-4.4688967,36.8343796],[-4.46959,36.8348668],[-4.4697994,36.8358467],[-4.4692885,36.8361054],[-4.4686362,36.8360053],[-4.4671791,36.8360413],[-4.4669797,36.8361699],[-4.4670831,36.8374757],[-4.4670227,36.837837],[-4.4662308,36.838649],[-4.4660703,36.8396425],[-4.4650657,36.8404751],[-4.4650272,36.8408091],[-4.4648552,36.8411988],[-4.4639704,36.8418497],[-4.4633929,36.8421453],[-4.4631286,36.8424009],[-4.4629887,36.8427091],[-4.4630754,36.8431407],[-4.4633757,36.8435967],[-4.4646869,36.8447253],[-4.4648735,36.8451016],[-4.4649023,36.8454348],[-4.4647746,36.8457969],[-4.4650014,36.8465152],[-4.4648794,36.8471747],[-4.4650696,36.8483262],[-4.4652029,36.8488473],[-4.4657009,36.8496705],[-4.4648963,36.8498246],[-4.46447,36.8498208],[-4.4640189,36.8496912],[-4.4627634,36.8491388],[-4.460926,36.8480617],[-4.4605102,36.8480217],[-4.4588206,36.8482317],[-4.4573992,36.8477985],[-4.4556219,36.8469278],[-4.4552117,36.8465903],[-4.4538903,36.8461017],[-4.453221,36.8457043],[-4.4518982,36.8445486],[-4.4511398,36.8435844],[-4.4502832,36.8421706],[-4.450014661231686,36.84136570726484],[-4.4500352,36.8411931],[-4.4499191,36.840894],[-4.44985227251996,36.84087897868125],[-4.449490868604757,36.83979574072782],[-4.4499284,36.8395212],[-4.4506829,36.8392036],[-4.4511285,36.8389004],[-4.4513432,36.8385997],[-4.4513822,36.8383225],[-4.4511009,36.8374947],[-4.4513936,36.8370457],[-4.4515286,36.8366618],[-4.4518375,36.8364926],[-4.4524327,36.8371551],[-4.4530214,36.8374882],[-4.4534995,36.8377108],[-4.4542882,36.8378748],[-4.4546687,36.8378761],[-4.4552379,36.8374921],[-4.4555078,36.836844],[-4.4553241,36.8365329],[-4.4549858,36.8362036],[-4.4540752,36.8353863],[-4.4536215,36.8350934],[-4.4533954,36.834988],[-4.4530588,36.8349919],[-4.4522343,36.8353069],[-4.4519058,36.8352744],[-4.4514489,36.8348071],[-4.451335,36.8340795],[-4.4511301,36.8336526],[-4.4508309,36.8335121],[-4.4504211,36.8335042],[-4.4495966,36.8333181],[-4.4490909,36.8332895],[-4.448712,36.8334639],[-4.4485381,36.8340025],[-4.448825,36.8344903],[-4.4495088,36.8351572],[-4.4493641,36.8354058],[-4.4492616,36.8360982],[-4.449112,36.8362167],[-4.4487852,36.8362401],[-4.4484258,36.8360436],[-4.4480648,36.835506],[-4.4479948,36.8352744],[-4.4479477,36.8339051],[-4.4476664,36.8330292],[-4.4474517,36.8325111],[-4.4467736,36.8315206],[-4.4466861,36.8307589],[-4.4467178,36.8303762],[-4.4466151,36.8301519],[-4.4462714,36.8301175],[-4.4458436,36.8301893],[-4.4451282,36.8304868],[-4.4446929,36.8305765],[-4.4443884,36.8305451],[-4.4441101,36.8303821],[-4.444224,36.8300398],[-4.444465,36.8282679],[-4.4442651,36.8276325],[-4.4436935,36.8268176],[-4.4431724,36.8265604],[-4.4425279,36.826532],[-4.4421786,36.8263765],[-4.4419264,36.8251758],[-4.4429949,36.8234398],[-4.4434974,36.8228506],[-4.4441942,36.8223407],[-4.4445005,36.8219669],[-4.4448405,36.8210861],[-4.4448386,36.8208498],[-4.4447303,36.8206853],[-4.4445808,36.8205373],[-4.4443735,36.8204745],[-4.4429034,36.8206868],[-4.4425316,36.8204805],[-4.442427,36.8197403],[-4.442711,36.8192139],[-4.442795,36.818867],[-4.443163,36.8186068],[-4.4437141,36.8186202],[-4.4444015,36.8187578],[-4.4449619,36.8190614],[-4.4455783,36.8197178],[-4.4460005,36.8198958],[-4.4465703,36.8199556],[-4.4467627,36.8198883],[-4.44796,36.8188625],[-4.4482477,36.818538],[-4.4486718,36.8178336],[-4.4491742,36.8172968],[-4.4496093,36.8170715],[-4.4498716,36.8170494],[-4.4501544,36.8170465],[-4.450296,36.8171619],[-4.4504407,36.8185828],[-4.4506163,36.8188505],[-4.4509358,36.8189851],[-4.4512944,36.8189672],[-4.4527192,36.8185746],[-4.452978,36.8184148],[-4.45319,36.8180458],[-4.453259,36.8174065],[-4.4531801,36.8172289],[-4.4526214,36.8167192],[-4.4520034,36.8165213],[-4.4513334,36.8164185],[-4.4506293,36.8161138],[-4.4516489,36.8151882],[-4.452153,36.8144175],[-4.4522913,36.8141662],[-4.4522734,36.8140634],[-4.4519075,36.8137783],[-4.4509253,36.8136767],[-4.4500585,36.8137535],[-4.4497447,36.8139749],[-4.4493105,36.8145203],[-4.448969,36.8147208],[-4.4488112,36.8147299],[-4.4486985,36.8145082],[-4.4484088,36.8143332],[-4.4478267,36.813513],[-4.4470918,36.8129074],[-4.4464186,36.8126605],[-4.4446993,36.8124221],[-4.4429988,36.8119711],[-4.4419795,36.8119862],[-4.4417006,36.8118745],[-4.4410944,36.8114665],[-4.44071,36.8110694],[-4.4397694,36.80974],[-4.4397023,36.8092804],[-4.4397265,36.8081809],[-4.4393295,36.8075238],[-4.4386697,36.8071028],[-4.437688,36.8067506],[-4.4365534,36.8061386],[-4.436481,36.8059904],[-4.4365025,36.8057864],[-4.4366929,36.8050433],[-4.4364528,36.804777],[-4.4361752,36.8046417],[-4.4359687,36.8046782],[-4.4350889,36.8059045],[-4.4348824,36.8060699],[-4.434633,36.8061107],[-4.4343299,36.8060849],[-4.4340724,36.8059518],[-4.4332114,36.8048264],[-4.4331068,36.8043497],[-4.4332033,36.8038471],[-4.4339544,36.8021977],[-4.4339812,36.8015942],[-4.4336264,36.8001801],[-4.4332753,36.7996223],[-4.4332907,36.799137],[-4.4340697,36.7978443],[-4.4340536,36.7975243],[-4.4338068,36.7967532],[-4.4335359,36.7963773],[-4.4326589,36.7957652],[-4.4325918,36.7955182],[-4.4326776,36.7952325],[-4.4329244,36.7948824],[-4.4329646,36.7945839],[-4.4329646,36.7935013],[-4.4328198,36.7932114],[-4.432447,36.7928978],[-4.4314545,36.7932114],[-4.431138,36.7931899],[-4.4306365,36.7930181],[-4.4306687,36.7928398],[-4.4311032,36.7925906],[-4.4316664,36.7917851],[-4.4320473,36.7917572],[-4.4325918,36.791929],[-4.4329807,36.7919119],[-4.4331712,36.7917916],[-4.4332328,36.7915123],[-4.4331846,36.7912438],[-4.4329056,36.7908336],[-4.4325998,36.7906531],[-4.4319722,36.7905114],[-4.4318756,36.7902751],[-4.4320768,36.7900496],[-4.4325864,36.7899701],[-4.4352767,36.7891818],[-4.4354939,36.788997],[-4.4354081,36.7887865],[-4.4351774,36.7886662],[-4.434641,36.7886018],[-4.4325194,36.788706],[-4.4319159,36.7884836],[-4.4319347,36.7881443],[-4.4322673,36.7878027],[-4.4326696,36.78698],[-4.4327205,36.7865826],[-4.4325113,36.7862153],[-4.4318622,36.7855472],[-4.4318971,36.7853689],[-4.4320929,36.7852508],[-4.433021,36.7851476],[-4.433373,36.784971],[-4.4333219,36.7848407],[-4.4334056,36.7848195],[-4.433265,36.7845011],[-4.4330612,36.7843894],[-4.4317617,36.7843518],[-4.4316302,36.7842476],[-4.4316235,36.7841348],[-4.4324624,36.783588],[-4.4342335,36.7830979],[-4.4346774,36.7827079],[-4.4348024,36.7824766],[-4.4347808,36.7822764],[-4.4347205,36.7821246],[-4.434337,36.7819451],[-4.4323762,36.7817414],[-4.4321047,36.7815654],[-4.4319797,36.780951],[-4.4318073,36.7807854],[-4.4297044,36.7797568],[-4.4295535,36.7794772],[-4.4299347,36.7789371],[-4.4304822,36.7785436],[-4.4305533,36.7783123],[-4.4304994,36.7780155],[-4.4301331,36.7774425],[-4.430292,36.7771968],[-4.4308916,36.7773928],[-4.4309334,36.7772434],[-4.4311276,36.7771107],[-4.431802,36.7768874],[-4.4319856,36.7767235],[-4.4321217,36.7764672],[-4.4320481,36.7763258],[-4.4321052,36.7762543],[-4.4322513,36.7762779],[-4.4324721,36.7767511],[-4.4328908,36.7771278],[-4.4329212,36.7775409],[-4.4334685,36.7777878],[-4.43371,36.7777785],[-4.4337771,36.7776954],[-4.4336931,36.7776057],[-4.4333897,36.7775139],[-4.4333594,36.7774383],[-4.4335051,36.7771382],[-4.4339874,36.7769144],[-4.4342802,36.776309],[-4.4348181,36.7742856],[-4.4349202,36.7742646],[-4.4349195,36.7741915],[-4.4339528,36.7742772],[-4.4339125,36.7749291],[-4.4337763,36.77554],[-4.4335244,36.7759872],[-4.4331908,36.7761617],[-4.4331295,36.776009],[-4.4333406,36.7753709],[-4.4330682,36.7746728],[-4.4327847,36.7744573],[-4.4327123,36.7745105],[-4.4322579,36.7744274],[-4.4316383,36.7746074],[-4.4314204,36.7747873],[-4.4312979,36.7750273],[-4.4311617,36.7759818],[-4.4309574,36.7760908],[-4.4307123,36.7760799],[-4.4293573,36.7752891],[-4.4287989,36.7750982],[-4.4283836,36.7750819],[-4.4279819,36.7752291],[-4.4270581,36.7760843],[-4.4266257,36.7759092],[-4.4262398,36.7758701],[-4.4246571,36.7761224],[-4.4236346,36.775769],[-4.4233825,36.775824],[-4.4231533,36.7760958],[-4.422869,36.7762243],[-4.4227102,36.7761247],[-4.4225919,36.7762604],[-4.4229759,36.7763882],[-4.4231738,36.7763385],[-4.4235276,36.7759491],[-4.4248848,36.7763129],[-4.4262634,36.776057],[-4.4269339,36.7762273],[-4.4270511,36.7765589],[-4.4273139,36.7768695],[-4.4276186,36.7769286],[-4.4279371,36.7765466],[-4.428931,36.7763526],[-4.4298136,36.776798],[-4.4301648,36.7771243],[-4.43001,36.7772986],[-4.4298573,36.7772923],[-4.4297733,36.7773959],[-4.4301375,36.7777946],[-4.4301094,36.7783658],[-4.4300058,36.778597],[-4.4293618,36.7793323],[-4.4293079,36.7795998],[-4.4297216,36.7799673],[-4.4316996,36.7810684],[-4.4318526,36.7812617],[-4.4319043,36.7815378],[-4.4322297,36.7817587],[-4.4341301,36.7821125],[-4.4345072,36.7822039],[-4.434602,36.7823127],[-4.4346063,36.7825336],[-4.4345049,36.7827147],[-4.4340806,36.7830271],[-4.4323676,36.783512],[-4.431535,36.7839898],[-4.431425,36.7841531],[-4.4317067,36.7844624],[-4.4320393,36.7845505],[-4.4329204,36.7845193],[-4.4331336,36.7846407],[-4.4331765,36.7848405],[-4.4327313,36.7850531],[-4.4318569,36.7851176],[-4.4316825,36.7853088],[-4.4316772,36.7855902],[-4.4324014,36.7864172],[-4.4324952,36.7866685],[-4.4324631,36.7869521],[-4.432286,36.7873344],[-4.4317147,36.7882431],[-4.4317389,36.7885137],[-4.4319963,36.7887221],[-4.4325352,36.7888977],[-4.4330249,36.7887979],[-4.4346866,36.7886856],[-4.4351158,36.7887844],[-4.4351855,36.7889369],[-4.4350138,36.7891173],[-4.4335762,36.7895577],[-4.4327125,36.7898068],[-4.4320366,36.7898498],[-4.4316316,36.7901204],[-4.4315726,36.7903546],[-4.4316852,36.7905415],[-4.4323826,36.7907262],[-4.4327554,36.7909388],[-4.4329619,36.7912761],[-4.4329861,36.7915252],[-4.4328707,36.7916928],[-4.432624,36.7917508],[-4.4323343,36.791725],[-4.4321492,36.7916133],[-4.4317174,36.7916369],[-4.4314331,36.7918066],[-4.4310737,36.7924488],[-4.4304058,36.7928677],[-4.4304889,36.7930266],[-4.4307518,36.7931706],[-4.4312266,36.7932758],[-4.4322941,36.793134],[-4.4325328,36.7931469],[-4.4327313,36.7933402],[-4.4328091,36.7937892],[-4.432801,36.7946848],[-4.4324845,36.7953056],[-4.4324282,36.7956213],[-4.4325677,36.7959864],[-4.4329029,36.7963322],[-4.4333187,36.7965599],[-4.4337827,36.797462],[-4.4337693,36.7978142],[-4.4332905,36.7985047],[-4.4330397,36.7990954],[-4.4330505,36.7995775],[-4.4332382,36.8000157],[-4.4333401,36.8005182],[-4.4336325,36.8010144],[-4.4337693,36.8016952],[-4.4336781,36.8022428],[-4.4329807,36.8037956],[-4.4329271,36.8041521],[-4.4331282,36.8050927],[-4.4333911,36.805475],[-4.434008,36.806057],[-4.4346786,36.8062181],[-4.4350058,36.8061085],[-4.4352338,36.8058895],[-4.4359352,36.8049671],[-4.4361055,36.8048672],[-4.4362704,36.8049102],[-4.4364703,36.8051872],[-4.4365051,36.8053655],[-4.4363201,36.8058723],[-4.4363388,36.8061193],[-4.4366151,36.8063534],[-4.4373822,36.8067786],[-4.4388199,36.807324],[-4.4390774,36.807513],[-4.4394287,36.8085159],[-4.4395052,36.8093234],[-4.4399424,36.8102833],[-4.4404574,36.8109017],[-4.440503,36.8110907],[-4.4408409,36.8114236],[-4.44171,36.8120442],[-4.4430444,36.8120817],[-4.4440971,36.8124403],[-4.4452599,36.8125563],[-4.4467579,36.8128666],[-4.44736,36.8132574],[-4.4477811,36.8136568],[-4.4483538,36.814476],[-4.4486099,36.8145694],[-4.4487391,36.814778],[-4.4489529,36.8149069],[-4.4494134,36.8147619],[-4.4502443,36.8138973],[-4.4512022,36.8138639],[-4.4517923,36.8139412],[-4.4519189,36.8140512],[-4.4519275,36.8143329],[-4.4517644,36.8146164],[-4.4505199,36.8159683],[-4.4505092,36.8161177],[-4.4505456,36.816305],[-4.4517795,36.8166537],[-4.4523009,36.816877],[-4.4525348,36.8170797],[-4.4526421,36.8174886],[-4.4525326,36.8179111],[-4.4516529,36.8186377],[-4.4511486,36.8187975],[-4.4508439,36.8186326],[-4.4505392,36.8182152],[-4.4504834,36.8176775],[-4.4505499,36.8171948],[-4.4504898,36.8170196],[-4.4501766,36.816865],[-4.449623,36.8168358],[-4.449153,36.8169852],[-4.4481145,36.8178665],[-4.4469601,36.8192819],[-4.446797,36.8195997],[-4.4462198,36.8197216],[-4.4456404,36.8195791],[-4.4445976,36.8182581],[-4.4442671,36.8180949],[-4.4440676,36.8181138],[-4.4428402,36.8185192],[-4.4417544,36.8189899],[-4.4414133,36.8192166],[-4.4409369,36.8195997],[-4.4407931,36.819847],[-4.4407009,36.8200686],[-4.4407379,36.8206715],[-4.4412348,36.8209826],[-4.4419932,36.8211171],[-4.4434241,36.8211321],[-4.4442199,36.8207104],[-4.4443992,36.8207313],[-4.4446084,36.8208749],[-4.4446047,36.8213564],[-4.4444552,36.8216525],[-4.444246,36.8218499],[-4.4437454,36.8220652],[-4.4433157,36.822454],[-4.441911,36.8249511],[-4.4417877,36.8254386],[-4.4419069,36.8264352],[-4.4420393,36.8267541],[-4.4421514,36.8268184],[-4.4424129,36.8267421],[-4.4431713,36.8267406],[-4.4435225,36.8268797],[-4.444234,36.8279603],[-4.4442991,36.8287717],[-4.443948,36.8299728],[-4.4439735,36.8303717],[-4.4440613,36.8305054],[-4.4444011,36.8306686],[-4.4448852,36.8306731],[-4.4456723,36.8303739],[-4.4460602,36.8303128],[-4.4462867,36.8303377],[-4.4465387,36.8305326],[-4.4465642,36.8312125],[-4.4466718,36.8315864],[-4.4473372,36.8325495],[-4.4478245,36.8340887],[-4.4477973,36.8350948],[-4.4479527,36.835717],[-4.4481716,36.8361343],[-4.4484566,36.8363539],[-4.4487986,36.8364193],[-4.4492488,36.8362608],[-4.4496112,36.8358931],[-4.4496934,36.8356927],[-4.4496187,36.8351037],[-4.4487852,36.8342355],[-4.4487762,36.833933],[-4.4489742,36.83364],[-4.4497887,36.8334456],[-4.4509618,36.8337416],[-4.4510514,36.8338762],[-4.4509991,36.8342216],[-4.4513114,36.8349716],[-4.4519401,36.835607],[-4.4523607,36.8356397],[-4.4529915,36.835188],[-4.4531245,36.8351725],[-4.4541738,36.8357599],[-4.455251,36.8365773],[-4.4553604,36.8367474],[-4.455178,36.8371527],[-4.4546309,36.8376078],[-4.4541545,36.8376335],[-4.4536674,36.8375356],[-4.4529572,36.8371922],[-4.4518972,36.8363558],[-4.4517298,36.836093],[-4.4513178,36.8362562],[-4.450908,36.8376181],[-4.4511376,36.8385712],[-4.451011,36.8387618],[-4.4506762,36.8388322],[-4.4491849,36.8396342],[-4.448675,36.8401046],[-4.4484833,36.8405209],[-4.4480957,36.8408165],[-4.4475599,36.8408788],[-4.4471245,36.841042],[-4.4469765,36.8413837],[-4.447024,36.8416604],[-4.4469549,36.8418298],[-4.4466402,36.8418926],[-4.4464752,36.8418333],[-4.4455936,36.840903],[-4.445209,36.8407543],[-4.4449282,36.8408822],[-4.4453128,36.8412592],[-4.4452825,36.8414494],[-4.4450535,36.8416984],[-4.4435324,36.8427982],[-4.442949,36.8428051],[-4.442586,36.8424835],[-4.4421058,36.8423063],[-4.441484,36.8426322],[-4.4414149,36.8427982],[-4.4422359,36.8437717],[-4.4424023,36.8441989],[-4.4424,36.8447675],[-4.4422226,36.8447903],[-4.4418639,36.8444939],[-4.4408693,36.844085],[-4.4398257,36.8440595],[-4.4390503,36.8439397],[-4.4387143,36.844094],[-4.4386933,36.8442928],[-4.4390977,36.8447289],[-4.4391599,36.8450482],[-4.4390887,36.8451849],[-4.438597,36.8452383],[-4.4381746,36.8455613],[-4.4378827,36.8462315],[-4.4375492,36.846557],[-4.437176,36.8466142],[-4.4357879,36.8460244],[-4.4355573,36.8457204],[-4.4351141,36.845525],[-4.434404,36.8454398],[-4.434151,36.8454924],[-4.4336612,36.8458117],[-4.4333959,36.8458362],[-4.4332783,36.846075],[-4.4334289,36.8462422],[-4.4333708,36.8467972],[-4.4330983,36.8468846],[-4.4320035,36.846689],[-4.4314624,36.846681],[-4.4313688,36.8471422],[-4.4314554,36.8476783],[-4.4313398,36.8479941],[-4.4307905,36.8480958],[-4.4305374,36.8483928],[-4.4305607,36.8486734],[-4.4303499,36.8488708],[-4.4293949,36.8493972],[-4.4285578,36.8496806],[-4.4283356,36.8496862],[-4.4280204,36.8493788],[-4.4279612,36.8491186],[-4.4277779,36.8488805],[-4.4273682,36.8484831],[-4.4271373,36.8484018],[-4.4268774,36.8487033],[-4.4265357,36.8488865],[-4.426309,36.8492048],[-4.4262535,36.8495712],[-4.4265357,36.8501042],[-4.4265403,36.8503744],[-4.4263738,36.8506409],[-4.4258644,36.8509728],[-4.4254885,36.8509694],[-4.4248219,36.8507415],[-4.4243885,36.8507357],[-4.4234896,36.8503916],[-4.4231589,36.850381],[-4.4227961,36.8510007],[-4.4224615,36.850977],[-4.4221035,36.8500751],[-4.4221181,36.8488575],[-4.4219722,36.8485129],[-4.4213528,36.8480681],[-4.4201154,36.8477287],[-4.4197787,36.847728],[-4.4195996,36.847825],[-4.4195137,36.8481139],[-4.419634,36.848334],[-4.420267,36.8486935],[-4.4199084,36.8492417],[-4.4194277,36.8495722],[-4.4170895,36.8504527],[-4.4169173,36.8504322],[-4.4168832,36.8501776],[-4.4172099,36.8495447],[-4.4170207,36.8492145],[-4.4156797,36.8492008],[-4.4148388,36.8490161],[-4.4143428,36.849119],[-4.4140339,36.8495527],[-4.4139922,36.8505426],[-4.4138455,36.8506436],[-4.4134484,36.8504927],[-4.4131943,36.8501227],[-4.4127398,36.8500813],[-4.4124538,36.8503413],[-4.4117636,36.8512559],[-4.411512,36.8514515],[-4.4113097,36.8514858],[-4.4111068,36.8512129],[-4.4110218,36.8503417],[-4.4107501,36.8500775],[-4.4105008,36.850122],[-4.4103013,36.8502691],[-4.409733,36.8508209],[-4.4093769,36.8512904],[-4.4092419,36.8513311],[-4.4091338,36.8512921],[-4.4090437,36.8510741],[-4.4088827,36.8502376],[-4.4087339,36.8501225],[-4.4077162,36.8500594],[-4.4075133,36.8498887],[-4.4068823,36.8496797],[-4.40686,36.8493919],[-4.4071694,36.849187],[-4.4071234,36.8489752],[-4.4068897,36.8489064],[-4.4061857,36.8490854],[-4.4060538,36.8490474],[-4.4059447,36.8489201],[-4.406162,36.8485598],[-4.4061426,36.8482553],[-4.4059307,36.8482327],[-4.4049412,36.8485096],[-4.4049,36.8484028],[-4.4047996,36.8483928],[-4.4047237,36.848276],[-4.404658,36.8472204],[-4.4041145,36.8467112],[-4.4038773,36.8467803],[-4.4038557,36.8468896],[-4.4040141,36.847141],[-4.4039779,36.8473728],[-4.4028492,36.8472232],[-4.4024865,36.8470087],[-4.4021375,36.8465962],[-4.401584,36.8463373],[-4.4015408,36.8461934],[-4.401605,36.8460495],[-4.4015265,36.8459461],[-4.4011958,36.8459863],[-4.4006498,36.846225],[-4.4003934,36.8462296],[-4.3997079,36.8455962],[-4.3990362,36.8453285],[-4.3989499,36.845234],[-4.3989362,36.844976],[-4.3994585,36.8445653],[-4.3994931,36.8442948],[-4.399345,36.843962],[-4.3988884,36.8435306],[-4.3986335,36.8434585],[-4.3983809,36.8435516],[-4.3985417,36.8438853],[-4.3985178,36.8440498],[-4.3983831,36.8441291],[-4.3974915,36.8440328],[-4.3971947,36.8439176],[-4.3970259,36.84401],[-4.3967861,36.8442298],[-4.3952492,36.8469754],[-4.394628,36.8473523],[-4.3945105,36.8476782],[-4.3945487,36.8479301],[-4.393727,36.8490034],[-4.3933078,36.8493869],[-4.3924903,36.8506945],[-4.39222,36.8512565],[-4.3924341,36.85193],[-4.391391,36.8525462],[-4.3890874,36.8535556],[-4.3876234,36.8544741],[-4.3866725,36.8552334],[-4.3834041,36.8568669],[-4.3827194,36.8580827],[-4.3828879,36.8587208],[-4.3831921,36.8594203],[-4.3845563,36.860423],[-4.3832365,36.8618806],[-4.3824596,36.8629713],[-4.3823894,36.8634318],[-4.3826789,36.8639332],[-4.3830106,36.8642899],[-4.3841898,36.8649793],[-4.384272,36.8651857],[-4.3844536,36.8653007],[-4.3839627,36.8660726],[-4.3823556,36.8696518],[-4.3825028,36.8709752],[-4.3824087,36.8713548],[-4.3818028,36.8719748],[-4.3815298,36.8723926],[-4.3814228,36.8733043],[-4.3814656,36.8738086],[-4.381183,36.8749386],[-4.3812535,36.87574],[-4.3811547,36.8777332],[-4.3807687,36.8793512],[-4.3803133,36.8802309],[-4.3799484,36.8805325],[-4.3787695,36.8811141],[-4.3768493,36.8822811],[-4.3766403,36.8825179],[-4.3763684,36.8829988],[-4.3760974,36.8841557],[-4.3753404,36.8862941],[-4.3741401,36.8864542],[-4.3722631,36.888103],[-4.3716155,36.8889127],[-4.3714559,36.8894013],[-4.3714313,36.8899064],[-4.3715276,36.8902749],[-4.37179,36.8905152],[-4.3724894,36.8907145],[-4.3721721,36.8911688],[-4.3720924,36.8917376],[-4.371899,36.8922176],[-4.3715421,36.8923389],[-4.37131,36.8925399],[-4.3712124,36.8927303],[-4.3711549,36.8932808],[-4.3699989,36.8932761],[-4.369318,36.8934822],[-4.368319,36.8934667],[-4.3685484,36.8937435],[-4.3671558,36.8936874],[-4.3665965,36.893793],[-4.3661745,36.8940412],[-4.3654855,36.8937967],[-4.3643198,36.8938732],[-4.3632255,36.8935523],[-4.3623886,36.8931923],[-4.3619344,36.892891],[-4.3616244,36.892498],[-4.3612683,36.8914023],[-4.3609966,36.8912702],[-4.359889,36.8914632],[-4.3593953,36.8914688],[-4.3590451,36.8913376],[-4.3587608,36.8911246],[-4.3587329,36.8908184],[-4.3595506,36.889466],[-4.3594315,36.8890797],[-4.3588374,36.8884826],[-4.3586166,36.8880525],[-4.3580874,36.8879503],[-4.3573306,36.8876705],[-4.3556342,36.8879326],[-4.3554024,36.8880284],[-4.3546801,36.888053],[-4.3543431,36.8882229],[-4.3541076,36.8882472],[-4.3531263,36.8878897],[-4.3526851,36.8876874],[-4.3522984,36.8873944],[-4.3517059,36.8862473],[-4.3513512,36.8858638],[-4.350682,36.8848167],[-4.3502057,36.8845337],[-4.3497204,36.884377],[-4.3492157,36.8843917],[-4.3480662,36.8841073],[-4.3472522,36.883765],[-4.344408,36.8821837],[-4.3441225,36.8818985],[-4.3431587,36.8787635],[-4.3429725,36.878378],[-4.3427348,36.8782635],[-4.3414664,36.8782327],[-4.3406439,36.8780347],[-4.3398739,36.8776377],[-4.3379793,36.8770822],[-4.3362105,36.8766694],[-4.3349894,36.8761333],[-4.3315977,36.875297],[-4.3305765,36.8752904],[-4.3301253,36.8751512],[-4.329762,36.8749029],[-4.3290866,36.8741262],[-4.327544,36.8718629],[-4.3273164,36.8716762],[-4.3262096,36.8712558],[-4.3257109,36.8709639],[-4.3253655,36.870454],[-4.3247119,36.868983],[-4.3243427,36.8683922],[-4.3245263,36.8679845],[-4.3244784,36.8678048],[-4.3240215,36.8673321],[-4.323744,36.8668574],[-4.3236554,36.8662725],[-4.3237778,36.864261],[-4.3236067,36.8641007],[-4.3217299,36.8640668],[-4.3218624,36.8635586],[-4.3217609,36.8628791],[-4.3218882,36.8622422],[-4.3220945,36.8618154],[-4.3215659,36.861613],[-4.3213886,36.8613112],[-4.3211679,36.8611256],[-4.319623,36.8605817],[-4.3190855,36.8606828],[-4.3182519,36.8610658],[-4.3167784,36.8611565],[-4.3159649,36.8617899],[-4.3154737,36.8616078],[-4.3144319,36.8616631],[-4.3133636,36.8613867],[-4.3124387,36.8612931],[-4.311668,36.8609827],[-4.3103604,36.8602555],[-4.3097071,36.8601966],[-4.3089914,36.8603015],[-4.3085215,36.8605245],[-4.3081554,36.8611321],[-4.3079096,36.8619364],[-4.3076309,36.8621375],[-4.3064617,36.8613725],[-4.3061906,36.8619625],[-4.3059099,36.8622643],[-4.3037189,36.8622949],[-4.3034676,36.8622206],[-4.3033966,36.8618971],[-4.3034567,36.8614512],[-4.3033278,36.8612559],[-4.3029234,36.8611885],[-4.3021315,36.8613413],[-4.301407,36.8613413],[-4.300059,36.8606493],[-4.2998119,36.860838],[-4.2996209,36.8613413],[-4.2992597,36.8616131],[-4.2985509,36.8617675],[-4.2983527,36.8617457],[-4.2982151,36.861658],[-4.2981464,36.8614156],[-4.2982744,36.8609253],[-4.2985314,36.8604771],[-4.2984558,36.860123],[-4.298028,36.859973],[-4.297443,36.8599339],[-4.2971325,36.8597845],[-4.2968192,36.8592211],[-4.2965714,36.8592098],[-4.2961357,36.8597712],[-4.2957636,36.8598525],[-4.2949279,36.8597535],[-4.294192,36.8593635],[-4.2938826,36.8593378],[-4.2933265,36.8594942],[-4.2920038,36.8594027],[-4.2913538,36.8594417],[-4.2908652,36.8596356],[-4.2890847,36.8587621],[-4.2886677,36.8587771],[-4.2882856,36.8586138],[-4.2878705,36.858159],[-4.2874809,36.8581945],[-4.2872152,36.858481],[-4.2869762,36.858496],[-4.2864337,36.8580418],[-4.2873035,36.8574123],[-4.287711,36.8565027],[-4.2880124,36.8561301],[-4.2880844,36.8558459],[-4.2883137,36.8556728],[-4.2885832,36.8556552],[-4.2894956,36.8557875],[-4.2896833,36.855607],[-4.2896775,36.8554582],[-4.2895717,36.8553395],[-4.2891518,36.8552423],[-4.2891693,36.8547208],[-4.2890905,36.8545983],[-4.2885045,36.8544338],[-4.2881764,36.8541854],[-4.2881808,36.8540454],[-4.2883252,36.8537969],[-4.2892709,36.8532678],[-4.2900182,36.853206],[-4.2901459,36.8527829],[-4.290119,36.8524781],[-4.2896046,36.8523326],[-4.2894808,36.8522343],[-4.2895194,36.8520314],[-4.2896596,36.8518888],[-4.2903985,36.8515681],[-4.2910017,36.8498114],[-4.2915438,36.8493638],[-4.2916032,36.8482274],[-4.2918061,36.8476213],[-4.2917511,36.8470179],[-4.2919184,36.846295],[-4.2917432,36.8458822],[-4.2913442,36.845499],[-4.2907545,36.8451088],[-4.2901417,36.8440157],[-4.2899405,36.8433869],[-4.289516,36.8428236],[-4.28952,36.8423909],[-4.2892363,36.8421957],[-4.2890006,36.8421802],[-4.2886681,36.8424182],[-4.2884438,36.8424206],[-4.2882738,36.8423143],[-4.2881556,36.841955],[-4.2878929,36.8416694],[-4.2886825,36.8412732],[-4.2886463,36.8411204],[-4.2881225,36.8406483],[-4.288073,36.8403694],[-4.2881466,36.8400802],[-4.2880636,36.8398106],[-4.2877904,36.8395702],[-4.2874983,36.8396704],[-4.2863923,36.8397927],[-4.2859972,36.8396347],[-4.2857102,36.8392412],[-4.2853723,36.8391547],[-4.2843761,36.8385976],[-4.2837947,36.838703],[-4.283602,36.8385789],[-4.2833095,36.8378519],[-4.2825168,36.8373917],[-4.2823673,36.837168],[-4.2831825,36.8356178],[-4.2827311,36.8354514],[-4.2827721,36.8352166],[-4.2831018,36.8348164],[-4.283527,36.8340907],[-4.2831208,36.8339418],[-4.2828144,36.8337198],[-4.2813605,36.8332848],[-4.2800297,36.8321543],[-4.2795559,36.8319881],[-4.2786582,36.8319527],[-4.2768551,36.8320893],[-4.2766321,36.8328398],[-4.2730572,36.8329773],[-4.2724311,36.8330922],[-4.2717313,36.8334963],[-4.2699321,36.8352282],[-4.2697796,36.8355002],[-4.2698559,36.8360493],[-4.2700443,36.8365881],[-4.2700737,36.8370114],[-4.2687501,36.8376746],[-4.2677896,36.8379102],[-4.2660921,36.8387216],[-4.2654877,36.8377364],[-4.2653999,36.8371694],[-4.2654847,36.8368711],[-4.2658036,36.8364891],[-4.2654946,36.8354287],[-4.2660007,36.8348374],[-4.2658832,36.8338291],[-4.2654851,36.8334908],[-4.2654383,36.832689],[-4.265675,36.8320826],[-4.2654318,36.8316164],[-4.2651838,36.8315379],[-4.2644102,36.8315462],[-4.2626462,36.8320156],[-4.2623318,36.8319919],[-4.2613118,36.8313357],[-4.2610473,36.8309329],[-4.2605786,36.8297029],[-4.2604897,36.8290728],[-4.260514,36.8278196],[-4.2607737,36.82724],[-4.2617392,36.8259497],[-4.261965,36.8253614],[-4.2620572,36.8248286],[-4.261962,36.823811],[-4.2620146,36.822233],[-4.261943,36.8212873],[-4.2626268,36.820595],[-4.2634154,36.8201449],[-4.2669661,36.8192508],[-4.2674606,36.8200027],[-4.2690431,36.820103],[-4.2693893,36.8200182],[-4.2706326,36.8192658],[-4.2710916,36.8192248],[-4.2720178,36.8196386],[-4.2728898,36.819485],[-4.2735135,36.8205871],[-4.2737526,36.8208099],[-4.2739783,36.8208976],[-4.2741312,36.8206526],[-4.2739002,36.8182122],[-4.2739909,36.8175983],[-4.2750127,36.8156583],[-4.2754846,36.8150493],[-4.2755837,36.814264],[-4.2758943,36.8133863],[-4.2763945,36.8124525],[-4.2769748,36.811617],[-4.2779433,36.8105339],[-4.2792233,36.8093033],[-4.2805864,36.8076841],[-4.28099,36.8070127],[-4.2814727,36.8057095],[-4.281713,36.8053283],[-4.2821338,36.8050173],[-4.2828124,36.8047035],[-4.2852978,36.8038474],[-4.284275,36.8030111],[-4.2831449,36.8024644],[-4.2813714,36.8009691],[-4.2806163,36.8007249],[-4.2803866,36.8003938],[-4.2803585,36.8000516],[-4.2808611,36.799271],[-4.2798235,36.7988855],[-4.2789977,36.7984347],[-4.2775909,36.7980892],[-4.2772794,36.7975517],[-4.2768111,36.797701],[-4.276378,36.797949],[-4.2758702,36.7977381],[-4.2753258,36.7973563],[-4.2749481,36.7968826],[-4.2745674,36.7955526],[-4.2745498,36.7951652],[-4.2747929,36.7949553],[-4.2752528,36.7949774],[-4.2757053,36.795234],[-4.2767422,36.7955744],[-4.2775856,36.7957456],[-4.2782621,36.7959817],[-4.2797981,36.7973624],[-4.2803406,36.797627],[-4.2840423,36.7984705],[-4.284061,36.7975779],[-4.2845829,36.7972838],[-4.2850645,36.7972606],[-4.2854587,36.7973735],[-4.2859698,36.7971066],[-4.2865065,36.7970287],[-4.2869781,36.7970776],[-4.2873528,36.796695],[-4.2878538,36.7964913],[-4.290269,36.7968166],[-4.2902572,36.7961137],[-4.2901478,36.7956011],[-4.2901638,36.7952223],[-4.2903395,36.795004],[-4.2908691,36.7951696],[-4.2922889,36.7962899],[-4.2929333,36.7966165],[-4.2932742,36.7962251],[-4.2943288,36.7956187],[-4.2948977,36.7954593],[-4.2954573,36.7954082],[-4.2963448,36.7955337],[-4.2964015,36.7949021],[-4.2966625,36.7944305],[-4.2970918,36.7939661],[-4.2975506,36.793258],[-4.2970251,36.7926688],[-4.2965859,36.7925474],[-4.2958008,36.7925109],[-4.2927901,36.7920929],[-4.2924389,36.7918714],[-4.2919486,36.7913719],[-4.291625,36.7907895],[-4.2914106,36.7900347],[-4.2912569,36.7888915],[-4.2913234,36.7875117],[-4.2912503,36.7871609],[-4.2908693,36.786498],[-4.2901732,36.7857484],[-4.2904041,36.7848174],[-4.2903643,36.7844482],[-4.2907524,36.7835336],[-4.290814,36.7831994],[-4.2905193,36.7823282],[-4.2904986,36.7817606],[-4.2923887,36.7822088],[-4.2936111,36.7809245],[-4.2948921,36.7798019],[-4.2949669,36.7795847],[-4.2947384,36.7793258],[-4.294971,36.779161],[-4.2961652,36.7788776],[-4.2956676,36.7779365],[-4.2994074,36.7790946],[-4.2997011,36.7785686],[-4.3016189,36.7761483],[-4.3021768,36.7758239],[-4.3029922,36.7748485],[-4.3034435,36.7737467],[-4.3034375,36.7734901],[-4.3035401,36.7731945],[-4.3034998,36.7730463],[-4.3036125,36.7727176],[-4.3039317,36.7722513],[-4.304269,36.7713121],[-4.3044654,36.7710072],[-4.3045101,36.7700794],[-4.3048161,36.769228],[-4.3048706,36.7687686],[-4.304623,36.7683815],[-4.3045916,36.7681584],[-4.3046775,36.7677545],[-4.3038351,36.7659795],[-4.3035821,36.7642297],[-4.3036342,36.7626697],[-4.3038604,36.7621354],[-4.3041912,36.7616808],[-4.305329,36.7610331],[-4.3057194,36.7601049],[-4.306120698013644,36.7586962890235],[-4.3077391,36.7598072],[-4.3083229,36.7605475],[-4.3081866,36.7609515],[-4.307786,36.7615078],[-4.3078339,36.7618958],[-4.3081208,36.7618182],[-4.3080447,36.761486],[-4.308356,36.761205],[-4.308493,36.7609392],[-4.3085404,36.7604718],[-4.3079008,36.7596404],[-4.3064111,36.7583605],[-4.3060154,36.7574813],[-4.3055929,36.7559319],[-4.3055154,36.7552672],[-4.3056776,36.7544278],[-4.3066436,36.7538538],[-4.3074035,36.7537233],[-4.3095514,36.7536705],[-4.3099194,36.7537285],[-4.3113812,36.7531468],[-4.3120913,36.7526963],[-4.3126826,36.7521203],[-4.3140954,36.7504615],[-4.314824,36.7499959],[-4.315524,36.7497845],[-4.3162469,36.7490295],[-4.3163015,36.7482931],[-4.3165555,36.7475193],[-4.3165514,36.7467641],[-4.3166748,36.7461747],[-4.3168799,36.7459252],[-4.3178254,36.7453236],[-4.3178466,36.7448675],[-4.3173638,36.7445931],[-4.3166896,36.7444997],[-4.3164248,36.7440002],[-4.3170131,36.7430081],[-4.3158126,36.7425596],[-4.3155309,36.742108],[-4.3156067,36.7418368],[-4.3164474,36.7409773],[-4.3171256,36.7399058],[-4.3181017,36.738873],[-4.3181812,36.7381843],[-4.3180074,36.7378481],[-4.3174034,36.7376074],[-4.3172451,36.7374728],[-4.3172064,36.7372477],[-4.3174357,36.7369914],[-4.318508,36.7366808],[-4.3187179,36.7363495],[-4.3186921,36.7358629],[-4.3183045,36.7340821],[-4.318668,36.7322345],[-4.318621,36.7306913],[-4.3182076,36.7293634],[-4.3177425,36.7286774],[-4.3171386,36.7279863],[-4.3167671,36.7268525],[-4.3166153,36.7267432],[-4.3151886,36.7236451],[-4.3146491,36.7228461],[-4.3139993,36.7215337],[-4.314056,36.7207068],[-4.3148447,36.7192351],[-4.3151665,36.7188331],[-4.3164441,36.717862],[-4.3167407,36.7172501],[-4.3168448,36.7167696],[-4.3166681,36.7157429],[-4.3161066,36.7150981],[-4.3159772,36.7147921],[-4.3157915,36.7124237],[-4.3171817,36.7126135],[-4.3182245,36.7126086],[-4.3206804,36.7124063],[-4.3209344,36.7123122],[-4.3208876,36.712225],[-4.3209427,36.7121079],[-4.3212094,36.7120997],[-4.321731,36.7122989],[-4.3226633,36.712378],[-4.3233491,36.7125935],[-4.3257261,36.7121961],[-4.326585,36.7118396],[-4.3267304,36.7115853],[-4.3273109,36.7114608],[-4.3276349,36.7116069],[-4.3276732,36.7117119],[-4.3275248,36.7118954],[-4.3279532,36.7120098],[-4.3280429,36.7119488],[-4.3283544,36.7120969],[-4.3286049,36.7124845],[-4.3287235,36.7128785],[-4.3308397,36.7132782],[-4.3330518,36.7127285],[-4.3332617,36.7126558],[-4.3331844,36.7124865],[-4.3332921,36.7124991],[-4.3333859,36.7125291],[-4.3333172,36.7125955],[-4.3335433,36.7126688],[-4.3344458,36.7128073],[-4.3343226,36.7137111],[-4.334396,36.7137238],[-4.3345641,36.7127856],[-4.3349028,36.7125744],[-4.3349816,36.7123979],[-4.3347784,36.7123449],[-4.3350218,36.712156],[-4.3352318,36.7121703],[-4.3351524,36.7123983],[-4.3350499,36.7124044],[-4.3351314,36.7124703],[-4.3353899,36.7125753],[-4.3364085,36.7127354],[-4.3367537,36.71275],[-4.3370051,36.712642],[-4.3369321,36.7125005],[-4.3370088,36.7124734],[-4.3371201,36.7125762],[-4.3374062,36.712628],[-4.3381243,36.7126646],[-4.3393185,36.7125726],[-4.3399863,36.7126416],[-4.3399728,36.7127297],[-4.3404598,36.7129337],[-4.3420691,36.7134151],[-4.3441933,36.7138562],[-4.3445668,36.7138119],[-4.3447133,36.7136258],[-4.3461379,36.7136749],[-4.3462229,36.7138819],[-4.3467709,36.7141799],[-4.3467892,36.7142944],[-4.3464964,36.7142902],[-4.34616,36.7140081],[-4.3458238,36.713854],[-4.3448352,36.7138283],[-4.3442708,36.714576],[-4.3443212,36.7146946],[-4.3457214,36.715098],[-4.3457204,36.7150151],[-4.3460315,36.7150579],[-4.3459494,36.7143793],[-4.3461514,36.7143919],[-4.3465184,36.7152953],[-4.3464598,36.7153842],[-4.3478522,36.7160994],[-4.3490431,36.7165038],[-4.3489995,36.7167199],[-4.3490786,36.716514],[-4.3527522,36.7171339],[-4.3525163,36.7183343],[-4.3523474,36.7187535],[-4.3514388,36.7199551],[-4.3507533,36.7204508],[-4.348836,36.7215717],[-4.3483644,36.7219877],[-4.3466007,36.7231569],[-4.3459148,36.7237308],[-4.3455088,36.7242725],[-4.345409,36.7245412],[-4.3453268,36.7252153],[-4.3448174,36.727306],[-4.3436819,36.7279739],[-4.3436068,36.7283748],[-4.343702,36.7285263],[-4.3442908,36.7286381],[-4.3441718,36.7289136],[-4.3435411,36.7291175],[-4.3430932,36.729168],[-4.3426453,36.7294475],[-4.3428826,36.7295539],[-4.3431723,36.7294722],[-4.3430905,36.7298839],[-4.3431374,36.7301333],[-4.3436283,36.7310963],[-4.3438952,36.7314069],[-4.3439877,36.7317541],[-4.3440427,36.7327676],[-4.3436202,36.7337027],[-4.3426587,36.7339091],[-4.3423489,36.7340467],[-4.3418621,36.7343519],[-4.341618,36.7346561],[-4.3415971,36.734775],[-4.3418044,36.7349796],[-4.341917,36.7352859],[-4.3413913,36.7356244],[-4.341217,36.7358931],[-4.3412706,36.736006],[-4.3415912,36.7361758],[-4.3421075,36.7363381],[-4.3422389,36.7366326],[-4.3420941,36.7368368],[-4.3416703,36.7371194],[-4.3416663,36.7371936],[-4.3423609,36.736625],[-4.3423422,36.7364047],[-4.3421812,36.7362564],[-4.3416435,36.7361048],[-4.3414396,36.7359812],[-4.3414061,36.7358716],[-4.3416448,36.7356126],[-4.3420686,36.7354256],[-4.3419908,36.7349516],[-4.3420498,36.7346378],[-4.3425286,36.7342186],[-4.3438751,36.7338747],[-4.3440226,36.7337371],[-4.3443029,36.7320217],[-4.344209,36.7315305],[-4.3434405,36.7299172],[-4.3434687,36.7296055],[-4.3436685,36.7293389],[-4.3443404,36.729009],[-4.3444638,36.7287091],[-4.3444222,36.7285521],[-4.343753,36.7284113],[-4.3437865,36.7282028],[-4.3439582,36.727919],[-4.3448681,36.7275753],[-4.3452465,36.7265744],[-4.3453716,36.7256332],[-4.345525,36.7253492],[-4.3456784,36.7244132],[-4.3461565,36.7237626],[-4.3467482,36.7232969],[-4.3484934,36.7221398],[-4.3490287,36.721649],[-4.3511768,36.720425],[-4.3515901,36.7201014],[-4.3524055,36.7190842],[-4.3526586,36.7186095],[-4.3531485,36.7171725],[-4.3533536,36.7168424],[-4.3539143,36.716556],[-4.3544799,36.7166229],[-4.3544484,36.7168189],[-4.3542672,36.716863],[-4.3541461,36.7168033],[-4.3540931,36.716867],[-4.3541587,36.7171683],[-4.354532,36.7174663],[-4.3549952,36.7176053],[-4.3555124,36.717574],[-4.3560043,36.7173391],[-4.356057,36.7171458],[-4.3557209,36.7170871],[-4.3557806,36.7169035],[-4.3565413,36.7170043],[-4.3566805,36.7170851],[-4.3566785,36.7172187],[-4.3565388,36.7172804],[-4.3563525,36.7171984],[-4.3562837,36.7173746],[-4.3563514,36.7175588],[-4.3567119,36.7178948],[-4.3571663,36.7180163],[-4.357767,36.7180086],[-4.3581472,36.7178564],[-4.3582907,36.7176559],[-4.3580296,36.7175239],[-4.3580004,36.717412],[-4.3581684,36.7173351],[-4.3588949,36.7177116],[-4.3595339,36.7178564],[-4.3608174,36.7176782],[-4.3609247,36.7177531],[-4.3609348,36.7178659],[-4.360471,36.7179695],[-4.3605046,36.718161],[-4.3607091,36.7184586],[-4.3611506,36.718654],[-4.3622051,36.7187147],[-4.3626032,36.7185346],[-4.3627857,36.7183156],[-4.362831,36.7180171],[-4.3624452,36.7180456],[-4.3623902,36.7179527],[-4.3624337,36.7178488],[-4.3626822,36.7178099],[-4.3632391,36.7178468],[-4.363354,36.7179171],[-4.3632803,36.71805],[-4.3629482,36.7180171],[-4.3630077,36.7184659],[-4.3632011,36.7186401],[-4.3637498,36.718803],[-4.364231,36.7187958],[-4.3648976,36.7185416],[-4.3651235,36.718157],[-4.3646688,36.7181884],[-4.3645494,36.7180254],[-4.3646911,36.7178918],[-4.3655545,36.7179849],[-4.3656173,36.7181388],[-4.3654762,36.7182175],[-4.3660478,36.7184085],[-4.3659176,36.7218265],[-4.3659059,36.725566],[-4.3659905,36.7259539],[-4.3661889,36.7263821],[-4.3667347,36.7270245],[-4.3674409,36.72744],[-4.3687048,36.7277946],[-4.3692179,36.7282204],[-4.3709039,36.7321027],[-4.3714213,36.7335736],[-4.3720246,36.7344074],[-4.3718213,36.734903],[-4.3718902,36.7348967],[-4.3721744,36.7343539],[-4.3713064,36.733077],[-4.3710766,36.7321133],[-4.3707616,36.7312313],[-4.369937,36.7290162],[-4.3695801,36.7282945],[-4.3693856,36.7280087],[-4.3691235,36.7278263],[-4.3678218,36.7273709],[-4.3669787,36.7268601],[-4.3666515,36.7265523],[-4.3662567,36.7258133],[-4.366208,36.725317],[-4.3662787,36.7204628],[-4.3665031,36.718471],[-4.3678067,36.7186067],[-4.3680501,36.7185638],[-4.3679243,36.7184845],[-4.3679615,36.7183743],[-4.3680651,36.7183446],[-4.3691612,36.7186566],[-4.3693435,36.718828],[-4.3691936,36.7188831],[-4.3690692,36.7187662],[-4.3691413,36.7191909],[-4.3692999,36.7193965],[-4.3696299,36.7195154],[-4.37,36.7194552],[-4.3701503,36.7192789],[-4.3699488,36.719234],[-4.3699813,36.719072],[-4.3700889,36.7190779],[-4.3705891,36.7194471],[-4.3713827,36.7194207],[-4.3713649,36.7195635],[-4.3708691,36.7195605],[-4.3708744,36.7197497],[-4.371148,36.7202044],[-4.3714511,36.7203646],[-4.3718869,36.7203678],[-4.3719469,36.7200989],[-4.3718803,36.719969],[-4.3719876,36.7198583],[-4.3721833,36.7199196],[-4.3721927,36.7200303],[-4.3720519,36.7201131],[-4.3720077,36.7202668],[-4.3721213,36.7203687],[-4.3725454,36.7204312],[-4.3730685,36.7201754],[-4.3732589,36.7199862],[-4.3732831,36.7196852],[-4.372672,36.719598],[-4.372642,36.719539],[-4.3727413,36.7194573],[-4.3739214,36.7197132],[-4.3739908,36.7197828],[-4.3739295,36.7198658],[-4.3736805,36.719856],[-4.3736805,36.720071],[-4.3738092,36.7202258],[-4.3741951,36.720371],[-4.3742299,36.7202356],[-4.3745088,36.720227],[-4.3745331,36.7203877],[-4.3744076,36.7205677],[-4.3747505,36.7206931],[-4.3750899,36.7205919],[-4.3754328,36.7203001],[-4.3754771,36.7201225],[-4.3750539,36.7200541],[-4.3750135,36.7199291],[-4.3750988,36.7198947],[-4.3757594,36.7200722],[-4.3762254,36.719926],[-4.3764078,36.719969],[-4.3764233,36.7200742],[-4.3760675,36.720139],[-4.3760821,36.720358],[-4.3763509,36.720563],[-4.3766611,36.7206438],[-4.3769465,36.7205772],[-4.3768118,36.7203794],[-4.3768857,36.7202584],[-4.377012,36.7202312],[-4.3771568,36.7203201],[-4.3770606,36.7204907],[-4.3771978,36.7206307],[-4.3776379,36.7205656],[-4.3778675,36.7202912],[-4.3778831,36.7200607],[-4.3775346,36.7200617],[-4.3774864,36.7199628],[-4.3775634,36.7199399],[-4.3780383,36.7199931],[-4.3782772,36.7205872],[-4.3784635,36.7206182],[-4.3793619,36.7206074],[-4.3798272,36.720407],[-4.381018,36.720238],[-4.3815626,36.7203589],[-4.3820476,36.7209442],[-4.382951,36.721243],[-4.3835055,36.7213199],[-4.385823,36.72121],[-4.3860615,36.7209654],[-4.3867482,36.721103],[-4.3869199,36.7212406],[-4.3870808,36.721576],[-4.3879359,36.7220036],[-4.3885936,36.7221005],[-4.3918273,36.7221381],[-4.3926819,36.7208424],[-4.3927262,36.7206454],[-4.3928672,36.7206357],[-4.3929398,36.7207096],[-4.3928954,36.7208166],[-4.3923591,36.7215643],[-4.392619,36.7218006],[-4.3934358,36.7221532],[-4.3934306,36.7228182],[-4.3935038,36.7228186],[-4.3934993,36.7221714],[-4.3950123,36.7222521],[-4.3964276,36.722078],[-4.3988218,36.7214246],[-4.3989606,36.7213145],[-4.4006071,36.7206699],[-4.4011768,36.7202658],[-4.4018377,36.7195769],[-4.4019139,36.7185337],[-4.4026023,36.7184048],[-4.4028385,36.7189616],[-4.4033211,36.7193823],[-4.4042569,36.7196249],[-4.4048492,36.7196108],[-4.4048848,36.7197965],[-4.4048892,36.7196119],[-4.4054393,36.7195601],[-4.4062461,36.7193469],[-4.4069843,36.7189547],[-4.407971,36.7182476],[-4.4089498,36.7176681],[-4.410759,36.7160851],[-4.411316,36.7153348],[-4.4124594,36.7141063],[-4.4137841,36.7124707],[-4.4134064,36.711991],[-4.4127057,36.7102999],[-4.4127152,36.7095937],[-4.4128447,36.7090219],[-4.4135369,36.7080447],[-4.4125316,36.7076056],[-4.4115074,36.7091592],[-4.4112786,36.7090608],[-4.4129853,36.7064569],[-4.4133241,36.7057097],[-4.4145179,36.6987111],[-4.4152404,36.69879],[-4.4151734,36.699186],[-4.4147091,36.6991404],[-4.4138392,36.7043564],[-4.4143036,36.7051087],[-4.4145705,36.7050037],[-4.415212,36.70611],[-4.4149423,36.7062192],[-4.4150873,36.7064604],[-4.415355,36.7063556],[-4.4155124,36.7066148],[-4.4152386,36.706722],[-4.4155083,36.7072106],[-4.4154454,36.7075368],[-4.4134648,36.7094674],[-4.4134731,36.7097212],[-4.4135589,36.710196],[-4.4141147,36.7115419],[-4.4144643,36.7118544],[-4.4146321,36.7122185],[-4.4148945,36.7123229],[-4.4147831,36.7124991],[-4.4151743,36.713584],[-4.415626,36.713824],[-4.4132339,36.7176483],[-4.413235,36.7177594],[-4.4137904,36.7184433],[-4.418488,36.7171526],[-4.4187905,36.716965],[-4.4179628,36.7161137],[-4.4182847,36.7160191],[-4.4177279,36.7147491],[-4.4179943,36.7145172],[-4.4193414,36.715159],[-4.4195622,36.7148762],[-4.41981,36.7150725],[-4.4232383,36.712118],[-4.4232859,36.7119761],[-4.4229914,36.7111726],[-4.4176234,36.7124363],[-4.4172851,36.712349],[-4.4170959,36.7118371],[-4.4173194,36.7116442],[-4.420965,36.7107737],[-4.4205302,36.7096001],[-4.4206885,36.7095605],[-4.4211666,36.710868],[-4.4227706,36.7104934],[-4.4228431,36.7103883],[-4.4224219,36.7092519],[-4.4211174,36.7086088],[-4.4203911,36.7087483],[-4.420561,36.7092077],[-4.4204055,36.7092429],[-4.4201997,36.7086814],[-4.4198594,36.7087476],[-4.4198018,36.7085991],[-4.4219519,36.7082193],[-4.4219138,36.7081116],[-4.420176,36.7083847],[-4.4200471,36.7083015],[-4.4200672,36.7080641],[-4.4198884,36.707909],[-4.4192532,36.7078095],[-4.4192497,36.7078952],[-4.4190679,36.7078853],[-4.420133,36.7014273],[-4.4182034,36.7012261],[-4.4182198,36.7010919],[-4.4207381,36.7013632],[-4.4208063,36.7012252],[-4.4247529,36.7016471],[-4.4250941,36.7013523],[-4.4256452,36.701102],[-4.4263729,36.7010663],[-4.4274871,36.7012222],[-4.4276175,36.701351],[-4.4275577,36.7015005],[-4.4273568,36.7015532],[-4.4269837,36.701465],[-4.4269277,36.7015696],[-4.4270828,36.7016074],[-4.4267226,36.7025679],[-4.426619,36.7025427],[-4.4260908,36.7027611],[-4.4254742,36.7057599],[-4.4254112,36.7070737],[-4.4256837,36.7098428],[-4.425679,36.7099983],[-4.4258641,36.7150872],[-4.4256762,36.7179864],[-4.4253311,36.7194116],[-4.4252078,36.7204236],[-4.4253702,36.7216938],[-4.4257468,36.7266226],[-4.4258382,36.7267714],[-4.4258519,36.7271389],[-4.4248201,36.7403852],[-4.4243202,36.747828],[-4.4248294,36.7493067],[-4.4283593,36.7559162],[-4.4284269,36.7564135],[-4.4279744,36.7569983],[-4.4273819,36.7575164],[-4.4273731,36.757689],[-4.428332,36.7568521],[-4.4286933,36.7563346],[-4.4293502,36.757583],[-4.429529,36.757776],[-4.4296932,36.7578578],[-4.4308793,36.7578537],[-4.4308801,36.7577717],[-4.4299472,36.7576918],[-4.4295837,36.7573286],[-4.429158,36.7560882],[-4.4285148,36.7551618],[-4.4277937,36.7538073],[-4.4278872,36.7534989],[-4.4283121,36.7533324],[-4.4276996,36.7531665],[-4.4273416,36.7529447],[-4.4252697,36.7490486],[-4.4251515,36.7487772],[-4.4252177,36.748629],[-4.4250169,36.748383],[-4.4248807,36.7479772],[-4.4253453,36.7408192],[-4.4253155,36.7404343],[-4.4263523,36.7270932],[-4.4266903,36.7269815],[-4.4264728,36.7268947],[-4.4264311,36.7268015],[-4.4264776,36.7260702],[-4.4257016,36.7214161],[-4.4256199,36.7205214],[-4.4257334,36.7194313],[-4.4261112,36.7183216],[-4.4261627,36.7179604],[-4.4262639,36.7106273],[-4.4263391,36.7104789],[-4.4262629,36.7105221],[-4.4262608,36.7095988],[-4.4261626,36.7092286],[-4.4261844,36.7061707],[-4.4262962,36.7059779],[-4.4264936,36.7059779],[-4.4279271,36.706851],[-4.4298718,36.7045454],[-4.4294897,36.7041804],[-4.4287695,36.7032429],[-4.4285072,36.702726],[-4.4286094,36.7026155],[-4.42875,36.7026364],[-4.4290429,36.7032144],[-4.4296332,36.7040083],[-4.4302695,36.7038989],[-4.4304326,36.7042169],[-4.4309737,36.7045736],[-4.4314612,36.7047597],[-4.4304766,36.7041904],[-4.4303261,36.7038895],[-4.431167,36.7036126],[-4.4321542,36.7031413],[-4.4328153,36.7025754],[-4.4341128,36.7008598],[-4.4353122,36.6989817],[-4.4356997,36.6991422],[-4.4357379,36.6990829],[-4.4353504,36.6989223],[-4.4389125,36.6935304],[-4.4396157,36.6938185],[-4.4389798,36.6934232],[-4.4426712,36.6868302],[-4.4436993,36.684794],[-4.4441159,36.68329],[-4.444146,36.6829452],[-4.444068,36.6828408],[-4.441285,36.6821261],[-4.4410743,36.6819446],[-4.4413238,36.681688],[-4.4434176,36.6823574],[-4.4440762,36.68214],[-4.4447077,36.6817974],[-4.4453911,36.6808992],[-4.4458891,36.6799037],[-4.4462895,36.6800154],[-4.4463122,36.6799631],[-4.4459118,36.6798514],[-4.447729,36.6763965],[-4.4475511,36.6761873],[-4.4509703,36.6778974],[-4.452521,36.6784086],[-4.4557838,36.6792045],[-4.4588822,36.6795644],[-4.4616329,36.6796557],[-4.463318,36.6798672],[-4.4649327,36.679534],[-4.4666322,36.6795572],[-4.4675029,36.6794347],[-4.4648785,36.6794109],[-4.463309,36.6797904],[-4.4616744,36.6795616],[-4.4571447,36.6792487],[-4.4556581,36.6790093],[-4.4519467,36.6779812],[-4.4501424,36.6772324],[-4.4478363,36.6760204],[-4.4477157,36.6759627],[-4.447776,36.6756081],[-4.4479788,36.6755641],[-4.4481685,36.675724],[-4.4484312,36.6754518],[-4.4484997,36.6751458],[-4.4482173,36.674973],[-4.4482943,36.6748816],[-4.4504148,36.6759707],[-4.4521178,36.6766384],[-4.4538961,36.6772256],[-4.4554877,36.6775989],[-4.4583956,36.6780048],[-4.4606212,36.6781252],[-4.4636332,36.6781293],[-4.4661169,36.6782326],[-4.4668685,36.6781844],[-4.468141,36.6782729],[-4.4707491,36.6786291],[-4.4713213,36.6788161],[-4.4736624,36.6803883],[-4.4748502,36.6810689],[-4.4746849,36.6827057],[-4.4745284,36.6834978],[-4.4743904,36.6839106],[-4.4740519,36.6844508],[-4.4726609,36.6855957],[-4.4716303,36.6868229],[-4.4658327,36.6909755],[-4.4653284,36.6915323],[-4.4644697,36.694151],[-4.4642396,36.6960769],[-4.4643732,36.696778],[-4.4643283,36.6971703],[-4.4638009,36.6980535],[-4.4630686,36.7001197],[-4.4626369,36.7010697],[-4.4626656,36.701593],[-4.4629154,36.7021261],[-4.46337,36.702695],[-4.464062,36.7032379],[-4.4642104,36.7030797],[-4.4636624,36.7026646],[-4.4632141,36.7021588],[-4.4629267,36.7016444],[-4.4628752,36.7012169],[-4.464031,36.6981248],[-4.4645583,36.6972212],[-4.4646204,36.6967619],[-4.4644829,36.6961731],[-4.4646955,36.6941757],[-4.4655487,36.6916364],[-4.4657081,36.6913704],[-4.4662466,36.6909327],[-4.4715862,36.6871306],[-4.4720407,36.6867141],[-4.4728641,36.6857048],[-4.4742256,36.684601],[-4.474543,36.6841392],[-4.4747548,36.6835884],[-4.474943,36.6826156],[-4.4748922,36.681978],[-4.4750703,36.6811898],[-4.4807462,36.6844391],[-4.4811181,36.6844103],[-4.4825831,36.6851579],[-4.4828857,36.685661],[-4.4836734,36.6860673],[-4.4842266,36.686226],[-4.4849751,36.6866334],[-4.4867624,36.6871275],[-4.4892121,36.6883205],[-4.4902719,36.6886166],[-4.4908416,36.6888605],[-4.491283,36.6892213],[-4.4948617,36.6905045],[-4.4952278,36.6902595],[-4.496161,36.6903883],[-4.4990752,36.691226],[-4.5042244,36.6932804],[-4.5052842,36.6939938],[-4.5073771,36.6948035],[-4.5098796,36.6954786],[-4.5151582,36.6965694],[-4.5157732,36.6979714],[-4.5158673,36.6984779],[-4.5158169,36.698966],[-4.515643,36.6993551],[-4.5140095,36.7016101],[-4.5133894,36.701882],[-4.5122099,36.7019131],[-4.5116363,36.7020907],[-4.5112006,36.7021285],[-4.5091587,36.7021805],[-4.5087234,36.7023755],[-4.5092272,36.7022442],[-4.5115665,36.7021963],[-4.5119538,36.7020637],[-4.5118766,36.7022733],[-4.5120545,36.7021029],[-4.5137767,36.7019716],[-4.5143736,36.7015664],[-4.5144107,36.7018059],[-4.5144716,36.7017701],[-4.5144679,36.7014883],[-4.5147353,36.7010223],[-4.5157988,36.6995362],[-4.5160755,36.6990194],[-4.5161374,36.6987405],[-4.5160937,36.6981952],[-4.5156668,36.6973739],[-4.5155824,36.6968912],[-4.5156405,36.6966633],[-4.5164215,36.6968294],[-4.5194432,36.6968848],[-4.520064,36.6969886],[-4.5212612,36.6968258],[-4.5221698,36.69661],[-4.5234942,36.6961118],[-4.5263547,36.6948569],[-4.5271898,36.6943966],[-4.5279187,36.6942562],[-4.5296342,36.6942332],[-4.5309428,36.6944264],[-4.5326001,36.6953206],[-4.5331963,36.6959263],[-4.533792749911743,36.696340703659025],[-4.5347893,36.6973778],[-4.5353096,36.6976123],[-4.5358568,36.6976166],[-4.5365139,36.6974853],[-4.5371791,36.6976875],[-4.5378417,36.6981543],[-4.5381233,36.6985371],[-4.5382386,36.6988984],[-4.5384908,36.7014016],[-4.5389226,36.7025736],[-4.5386222,36.7035263],[-4.5382762,36.7041972],[-4.5379248,36.7052509],[-4.5381099,36.7052337],[-4.5389843,36.7029371],[-4.5390594,36.7025392],[-4.5386598,36.7014382],[-4.5383647,36.6987801],[-4.538236,36.6983973],[-4.5379677,36.6980296],[-4.5370397,36.6972575],[-4.5375413,36.6971503],[-4.538281079862689,36.69645641043642],[-4.5388019,36.696167],[-4.5394671,36.6959907],[-4.5412963,36.6961541],[-4.5423049,36.6966058],[-4.5430237,36.6971305],[-4.5443514,36.6993778],[-4.5455932,36.7004725],[-4.5464998,36.7010789],[-4.5472431,36.701293],[-4.5477688,36.701336],[-4.5495337,36.7019167],[-4.5499897,36.7021489],[-4.5501613,36.7023726],[-4.5501935,36.7027037],[-4.5496624,36.7041703],[-4.5497536,36.7044929],[-4.549759,36.7051466],[-4.5499253,36.7054047],[-4.5506817,36.7057229],[-4.5521569,36.7061014],[-4.553101,36.7064454],[-4.554544,36.7067723],[-4.5555311,36.7071723],[-4.5587015,36.7077873],[-4.5607024,36.7085098],[-4.5610457,36.7088194],[-4.5612174,36.7092667],[-4.5628643,36.7109094],[-4.5661312,36.7152786],[-4.5668983,36.7157731],[-4.5674187,36.716001],[-4.568519468780214,36.71613019423054],[-4.5688257,36.7163565],[-4.5689774,36.716661],[-4.5719795,36.7172794],[-4.5735623,36.7174839],[-4.5745468,36.7174438],[-4.5760698,36.7169099],[-4.5765854,36.7169391],[-4.5775866,36.7171692],[-4.5776522,36.7176371],[-4.5775117,36.718982],[-4.5766401,36.7201653],[-4.5760262,36.7213543],[-4.5755416,36.722848],[-4.5755808,36.7231179],[-4.5762007,36.7238668],[-4.5765828,36.7244837],[-4.5770237,36.7257849],[-4.5770792,36.7312376],[-4.5772859,36.732037],[-4.5777718,36.7327968],[-4.5781703,36.733116],[-4.5795186,36.7338823],[-4.5805529,36.7340759],[-4.5818402,36.7340498],[-4.5820875,36.7340916],[-4.5824285,36.7343394],[-4.5830141,36.7350438],[-4.5832861,36.7352024],[-4.5841152,36.7363091],[-4.5842687,36.7366946],[-4.5843751,36.7375135],[-4.5859677,36.7397998],[-4.5861119,36.7402756],[-4.5858732,36.7411982],[-4.5859596,36.7415846],[-4.5862025,36.74196],[-4.5863105,36.7423101],[-4.5862618,36.7426623],[-4.5860648,36.7428903],[-4.5855889,36.743167],[-4.5846742,36.7438913],[-4.584494,36.7443894],[-4.5849959,36.7453743],[-4.5850373,36.7457523],[-4.5846073,36.7471732],[-4.5846347,36.7474162],[-4.5854641,36.7479911],[-4.5858262,36.7503479],[-4.5849113,36.7532445],[-4.5840881,36.756248],[-4.5831741,36.7586488],[-4.5820316,36.7602955],[-4.5814048,36.7614125],[-4.5810991,36.7625163],[-4.5806342,36.7653528],[-4.5811277,36.7659231],[-4.5817301,36.7657979],[-4.5818596,36.7661027],[-4.5817658,36.7664464],[-4.5813256,36.7668309],[-4.5812935,36.7685439],[-4.5839764,36.7726095],[-4.5851362,36.774523],[-4.5851155,36.7762359],[-4.5847004,36.7794774],[-4.584661,36.78083],[-4.5848401,36.7813684],[-4.5850862,36.781888],[-4.5856869,36.7827633],[-4.5860155,36.7829392],[-4.5867806,36.7830913],[-4.5870865,36.7832494],[-4.5878887,36.7841131],[-4.5867281,36.7838041],[-4.5792155,36.7813982]],[[-4.3478448,36.7164007],[-4.34788,36.7164153],[-4.3480377,36.7161705],[-4.3478448,36.7164007]],[[-4.3991198,36.7214253],[-4.3991612,36.7214396],[-4.3990874,36.7212728],[-4.3991198,36.7214253]],[[-4.3994841,36.7213075],[-4.3995233,36.7213177],[-4.3994483,36.7211369],[-4.3994841,36.7213075]],[[-4.3999143,36.7211896],[-4.3999557,36.7212039],[-4.3998679,36.7209956],[-4.3999143,36.7211896]],[[-4.464733,36.7035605],[-4.4649594,36.7037915],[-4.4650728,36.7037409],[-4.4650391,36.7036711],[-4.4663403,36.7040631],[-4.4678517,36.7042532],[-4.4706479,36.7059076],[-4.4712552,36.7063773],[-4.4713883,36.7063037],[-4.4709692,36.7059345],[-4.467913,36.7041258],[-4.4662901,36.7039106],[-4.4646817,36.7033253],[-4.4642591,36.7031025],[-4.464062,36.7032379],[-4.464733,36.7035605]],[[-4.5305358,36.6955382],[-4.5302105,36.6955563],[-4.5300433,36.6952906],[-4.5299202,36.6953269],[-4.5301181,36.6956193],[-4.530328,36.6957026],[-4.5304263,36.6958315],[-4.5306712,36.6958906],[-4.5307317,36.695997],[-4.5309238,36.6960361],[-4.5305792,36.695718],[-4.5305358,36.6955382]],[[-4.5280547,36.6957178],[-4.5278137,36.695864],[-4.5278466,36.6960121],[-4.5280203,36.6961407],[-4.5279272,36.696364],[-4.5279796,36.69646],[-4.5282605,36.6963383],[-4.5283278,36.696115],[-4.5283004,36.6957743],[-4.5280547,36.6957178]],[[-4.53076,36.6962911],[-4.5309598,36.6961891],[-4.5308778,36.6960598],[-4.5305882,36.6960762],[-4.5303348,36.6959256],[-4.5301425,36.6959989],[-4.5302909,36.6961692],[-4.5306045,36.6961428],[-4.53076,36.6962911]],[[-4.5304048,36.6969383],[-4.5305388,36.696984],[-4.5308181,36.6968922],[-4.5309264,36.6966663],[-4.5308178,36.6965418],[-4.5299544,36.6963966],[-4.529732,36.696184],[-4.5297007,36.6958434],[-4.5295694,36.6957408],[-4.5294409,36.6957656],[-4.5293354,36.6959232],[-4.5293563,36.6960757],[-4.5296465,36.6962137],[-4.5297976,36.6966297],[-4.5301707,36.6966456],[-4.5304048,36.6969383]],[[-4.5291825,36.698393],[-4.5293618,36.6982051],[-4.529679,36.6981444],[-4.5296687,36.6980382],[-4.5295414,36.6979454],[-4.5295787,36.6978],[-4.5294912,36.6976772],[-4.5293047,36.6976298],[-4.5291542,36.6976927],[-4.5291349,36.6978268],[-4.5292918,36.6980114],[-4.5290488,36.6982094],[-4.5290732,36.6983672],[-4.5291825,36.698393]],[[-4.5212311,36.7062661],[-4.5212587,36.70648],[-4.5213139,36.7064597],[-4.5213047,36.7062274],[-4.5212311,36.7062661]],[[-4.5280158,36.7159126],[-4.5279071,36.7159852],[-4.5279325,36.7164381],[-4.528052,36.7167895],[-4.5282947,36.7168795],[-4.5284541,36.7166791],[-4.5284106,36.7163975],[-4.5281824,36.7159387],[-4.5280158,36.7159126]],[[-4.5470681,36.7219286],[-4.54827,36.7209424],[-4.5483107,36.7202745],[-4.5482542,36.7209258],[-4.5470566,36.7219179],[-4.5469976,36.7220031],[-4.5470402,36.7221749],[-4.5474641,36.7224217],[-4.5470559,36.7221706],[-4.5470681,36.7219286]],[[-4.5384781,36.7228673],[-4.5384895,36.7228859],[-4.5385021,36.7228518],[-4.5384781,36.7228673]],[[-4.5455518,36.7232541],[-4.5456744,36.7233433],[-4.5459946,36.7233536],[-4.5459389,36.723161],[-4.5456438,36.7231578],[-4.5455518,36.7232541]],[[-4.5323,36.7235932],[-4.5323567,36.7235776],[-4.53228,36.7235464],[-4.5323,36.7235932]],[[-4.5483842,36.7229407],[-4.5489295,36.7241396],[-4.5492113,36.7242365],[-4.5497069,36.7240257],[-4.5499225,36.7241727],[-4.5497142,36.7240194],[-4.5492028,36.7242287],[-4.5489429,36.7241362],[-4.5484728,36.7229757],[-4.5483842,36.7229407]],[[-4.5570932,36.726913],[-4.5574257,36.7271082],[-4.5575452,36.7270457],[-4.557481,36.7269346],[-4.5571482,36.7268388],[-4.5570932,36.726913]],[[-4.5573051,36.729498],[-4.5574661,36.7294754],[-4.5574272,36.729397],[-4.5573279,36.7294024],[-4.5573051,36.729498]],[[-4.571967,36.7296923],[-4.5720427,36.7289321],[-4.5719414,36.7291205],[-4.5719364,36.7296485],[-4.5717771,36.7300971],[-4.571967,36.7296923]],[[-4.5501226,36.7302752],[-4.5501775,36.7301996],[-4.5500638,36.7301506],[-4.5500253,36.7302475],[-4.5501226,36.7302752]],[[-4.5487904,36.7302916],[-4.5487486,36.7306736],[-4.5488173,36.7309833],[-4.5487904,36.7302916]],[[-4.570465,36.7314324],[-4.5717271,36.7301466],[-4.5716926,36.7301257],[-4.570465,36.7314324]],[[-4.5694237,36.7325482],[-4.5694781,36.7325504],[-4.5704223,36.7314897],[-4.5694237,36.7325482]],[[-4.5348528,36.7320794],[-4.5361747,36.7315601],[-4.5347983,36.7320672],[-4.5345106,36.7324191],[-4.5325937,36.7327449],[-4.5345683,36.732437],[-4.5348528,36.7320794]],[[-4.5501989,36.7322276],[-4.5500263,36.7322386],[-4.5500404,36.7323235],[-4.5501427,36.732349],[-4.5501989,36.7322276]],[[-4.5693157,36.7326196],[-4.5692469,36.7327579],[-4.5694075,36.7326233],[-4.5693157,36.7326196]],[[-4.5692493,36.7331351],[-4.5692879,36.7331361],[-4.5692679,36.7328495],[-4.5692493,36.7331351]],[[-4.5315267,36.7330095],[-4.5315452,36.7330757],[-4.5320539,36.7329221],[-4.5315267,36.7330095]],[[-4.5691778,36.7332188],[-4.5687915,36.7336277],[-4.5689763,36.73353],[-4.5691778,36.7332188]],[[-4.568474,36.734213],[-4.5686608,36.7344288],[-4.5689439,36.7346376],[-4.5686116,36.7343445],[-4.5684878,36.7341271],[-4.5685153,36.7339136],[-4.5687512,36.7336986],[-4.5684848,36.7339057],[-4.568474,36.734213]],[[-4.5689468,36.7347038],[-4.5689242,36.734933],[-4.5686097,36.7353182],[-4.568877,36.7350827],[-4.5690176,36.7348006],[-4.5689468,36.7347038]],[[-4.5686028,36.7358484],[-4.5686981,36.7356751],[-4.5686224,36.7354049],[-4.5686597,36.7357039],[-4.5685718,36.7358315],[-4.5675777,36.7360371],[-4.5686028,36.7358484]],[[-4.5549761,36.737724],[-4.5548206,36.7371892],[-4.5548479,36.7364662],[-4.5556608,36.7350625],[-4.5555917,36.7348988],[-4.5552558,36.7348047],[-4.554913,36.7356309],[-4.5550351,36.7356624],[-4.5547062,36.7364694],[-4.5546473,36.7377407],[-4.5543056,36.7380145],[-4.5562314,36.7381237],[-4.5576782,36.7394168],[-4.5579781,36.7395395],[-4.5562611,36.7380255],[-4.5554431,36.7378972],[-4.5549761,36.737724]],[[-4.5491092,36.7367099],[-4.5490425,36.7368045],[-4.549123,36.7367706],[-4.5491092,36.7367099]],[[-4.5481408,36.7379622],[-4.5484195,36.7378437],[-4.5484532,36.7379215],[-4.548138,36.7379919],[-4.5511731,36.738142],[-4.5516503,36.7379912],[-4.553151,36.7380215],[-4.5531522,36.7379663],[-4.5514293,36.7379175],[-4.5509807,36.7379794],[-4.5509794,36.7380467],[-4.5497211,36.7380133],[-4.5489333,36.7377101],[-4.5481495,36.7376629],[-4.5481408,36.7379622]],[[-4.5537896,36.7380516],[-4.5533925,36.7380317],[-4.5531688,36.7380367],[-4.5537896,36.7380516]],[[-4.5483695,36.7380838],[-4.5481365,36.7380778],[-4.5481263,36.7385198],[-4.5487309,36.7388353],[-4.5489601,36.738771],[-4.548888,36.7386402],[-4.5483365,36.7383612],[-4.5485228,36.7382015],[-4.5483695,36.7380838]],[[-4.5530801,36.7390111],[-4.5531989,36.7393393],[-4.5531055,36.7390065],[-4.5530801,36.7390111]],[[-4.5497139,36.7401533],[-4.54977,36.7399715],[-4.5495735,36.7398039],[-4.5494188,36.7397998],[-4.5493501,36.7400225],[-4.5495099,36.7402245],[-4.5497139,36.7401533]],[[-4.5563367,36.7409599],[-4.5566174,36.7411368],[-4.5563488,36.7409459],[-4.555689,36.7410984],[-4.5547602,36.7408731],[-4.5540523,36.7407925],[-4.5538062,36.7402726],[-4.5532121,36.7396589],[-4.553432,36.7399806],[-4.5537898,36.7402848],[-4.5540326,36.7408039],[-4.5547547,36.7408872],[-4.5556858,36.7411116],[-4.5563367,36.7409599]],[[-4.5589892,36.7396514],[-4.5583475,36.7400646],[-4.5575046,36.7402838],[-4.5580276,36.7408303],[-4.5582429,36.7413188],[-4.5582026,36.7416266],[-4.558261,36.7417153],[-4.5588222,36.7419636],[-4.5592748,36.7418523],[-4.5590737,36.7416073],[-4.5590878,36.7414203],[-4.5595887,36.7409061],[-4.5592628,36.740703],[-4.5591602,36.7399791],[-4.5589892,36.7396514]],[[-4.5370551,36.7429567],[-4.5371152,36.7431366],[-4.537429,36.7430693],[-4.5373688,36.7428893],[-4.5370551,36.7429567]],[[-4.5611243,36.7441704],[-4.5611167,36.7443703],[-4.5609793,36.7446179],[-4.5611779,36.7442756],[-4.5611604,36.7441651],[-4.5609865,36.7439284],[-4.5603913,36.74359],[-4.5595128,36.7435865],[-4.5587415,36.7429956],[-4.5585784,36.7429255],[-4.5594187,36.7435637],[-4.559608,36.743619],[-4.5602616,36.7435914],[-4.5610324,36.7439924],[-4.5611243,36.7441704]],[[-4.5325172,36.7460157],[-4.5326985,36.7456585],[-4.5323804,36.74566],[-4.5322176,36.7458927],[-4.5325172,36.7460157]],[[-4.5615543,36.746527],[-4.5614191,36.7467247],[-4.5614456,36.7468285],[-4.5617708,36.7468338],[-4.5617179,36.7465027],[-4.5615543,36.746527]],[[-4.5701972,36.7486291],[-4.5708194,36.7487752],[-4.5709509,36.7482766],[-4.5708409,36.7478962],[-4.5706531,36.7478403],[-4.5700872,36.7484099],[-4.5701972,36.7486291]],[[-4.5341615,36.7591652],[-4.5338305,36.7596242],[-4.5338369,36.7598893],[-4.5339196,36.759976],[-4.5344352,36.7596548],[-4.5342315,36.7591805],[-4.5341615,36.7591652]],[[-4.5316655,36.766016],[-4.5320453,36.7658849],[-4.5320649,36.7658115],[-4.5316655,36.7651978],[-4.5314822,36.7650719],[-4.5309453,36.765245],[-4.5309518,36.7654915],[-4.5314822,36.76578],[-4.5316655,36.766016]],[[-4.5257878,36.7767222],[-4.5256591,36.7766534],[-4.5253426,36.7767007],[-4.5252568,36.7768296],[-4.5252782,36.7769886],[-4.5255733,36.7772249],[-4.5257556,36.7772721],[-4.525879,36.7771991],[-4.5259059,36.7769585],[-4.5257878,36.7767222]],[[-4.5278075,36.778313],[-4.527601,36.7786825],[-4.5277016,36.7787438],[-4.5281106,36.7784774],[-4.5278075,36.778313]],[[-4.4713368,36.680643],[-4.4713109,36.6806174],[-4.4712066,36.6807227],[-4.4713368,36.680643]],[[-4.4717251,36.6802237],[-4.4743632,36.681982],[-4.4732939,36.6811746],[-4.4717251,36.6802237]],[[-4.4722045,36.6808202],[-4.4717052,36.6811096],[-4.4723414,36.6818155],[-4.4728407,36.6815261],[-4.4722045,36.6808202]],[[-4.471624,36.6811582],[-4.4711317,36.6814507],[-4.4717817,36.6821545],[-4.472274,36.6818621],[-4.471624,36.6811582]],[[-4.4734423,36.6820839],[-4.4730025,36.6816007],[-4.4726216,36.6818237],[-4.4730614,36.6823069],[-4.4734423,36.6820839]],[[-4.4514458,36.6820278],[-4.4514906,36.6820598],[-4.4514754,36.6819961],[-4.4514458,36.6820278]],[[-4.4726306,36.6825574],[-4.4721913,36.6820805],[-4.4718057,36.6823089],[-4.4722451,36.6827858],[-4.4726306,36.6825574]],[[-4.47299,36.682466],[-4.473184,36.6826763],[-4.4735749,36.6824442],[-4.4733808,36.682234],[-4.47299,36.682466]],[[-4.4561818,36.6826291],[-4.4562837,36.6826119],[-4.4562192,36.6825764],[-4.4561818,36.6826291]],[[-4.4728294,36.6825574],[-4.4724374,36.6827887],[-4.4726334,36.6830023],[-4.4730254,36.6827709],[-4.4728294,36.6825574]],[[-4.475538,36.684473],[-4.475615,36.684591],[-4.4757238,36.6845454],[-4.4756467,36.6844273],[-4.475538,36.684473]],[[-4.4750472,36.6846753],[-4.4749708,36.6847936],[-4.4750798,36.6848388],[-4.4751562,36.6847205],[-4.4750472,36.6846753]],[[-4.4745145,36.6849846],[-4.4743439,36.685049],[-4.4743867,36.685122],[-4.4745573,36.6850576],[-4.4745145,36.6849846]],[[-4.452928,36.6868465],[-4.4527472,36.6869534],[-4.4527982,36.6869931],[-4.4529343,36.6869597],[-4.4529511,36.6868522],[-4.4529203,36.6867758],[-4.4527657,36.6867277],[-4.4526601,36.6868264],[-4.4527209,36.686916],[-4.4527016,36.6867907],[-4.452824,36.6867505],[-4.452928,36.6868465]],[[-4.4612403,36.6946108],[-4.4610599,36.6947481],[-4.4612049,36.6947316],[-4.4612403,36.6946108]],[[-4.467299,36.6960543],[-4.467495,36.6960335],[-4.4673364,36.6960368],[-4.467299,36.6960543]],[[-4.4526586,36.6967221],[-4.4527004,36.69673],[-4.4526767,36.6966914],[-4.4526586,36.6967221]],[[-4.4674504,36.6977354],[-4.4653339,36.6979002],[-4.4653378,36.6979397],[-4.4674504,36.6977354]],[[-4.4863104,36.6982483],[-4.4856477,36.6980181],[-4.4853164,36.6980624],[-4.4851563,36.6982395],[-4.4855759,36.6988416],[-4.4860508,36.6993419],[-4.4867079,36.6995721],[-4.4870779,36.699612],[-4.4873264,36.6995544],[-4.4877295,36.6991781],[-4.488105,36.6993685],[-4.4885026,36.6991338],[-4.488497,36.6987885],[-4.4886572,36.6986291],[-4.4882265,36.698421],[-4.4881547,36.6981996],[-4.4883259,36.697903],[-4.4883093,36.6977214],[-4.4880111,36.6976816],[-4.4877571,36.698204],[-4.4875914,36.6983147],[-4.4863104,36.6982483]],[[-4.45117,36.7008231],[-4.4512099,36.7009132],[-4.4513028,36.7008527],[-4.451286,36.7007959],[-4.45117,36.7008231]],[[-4.4604278,36.7016791],[-4.4600648,36.7017795],[-4.4601784,36.7019694],[-4.4605029,36.7018059],[-4.4604278,36.7016791]],[[-4.4596956,36.7020296],[-4.4597536,36.702087],[-4.460122,36.7019866],[-4.4600138,36.7018031],[-4.4597375,36.7019064],[-4.4596956,36.7020296]],[[-4.4813233,36.7022875],[-4.4811109,36.7023662],[-4.4812879,36.7026087],[-4.4814648,36.7025739],[-4.4815292,36.7023997],[-4.4813233,36.7022875]],[[-4.462486,36.7036587],[-4.4624236,36.703672],[-4.4624878,36.7036704],[-4.462486,36.7036587]],[[-4.4593282,36.7042287],[-4.4593303,36.7044282],[-4.4593553,36.7042286],[-4.4593282,36.7042287]],[[-4.4594562,36.7042739],[-4.4594584,36.7044734],[-4.4594834,36.7042737],[-4.4594562,36.7042739]],[[-4.4595868,36.7043228],[-4.459589,36.7045223],[-4.459614,36.7043226],[-4.4595868,36.7043228]],[[-4.4629553,36.704593],[-4.4629986,36.704574],[-4.4629329,36.7045701],[-4.4629553,36.704593]],[[-4.4621394,36.7048938],[-4.4621864,36.7048744],[-4.462129,36.7048578],[-4.4621394,36.7048938]],[[-4.4532998,36.7061863],[-4.453053,36.7061207],[-4.4532073,36.705824],[-4.4531898,36.7057143],[-4.4530866,36.7056734],[-4.4529162,36.7057627],[-4.4527899,36.7060829],[-4.4527942,36.7064863],[-4.4531348,36.7064669],[-4.4533722,36.7063282],[-4.4532998,36.7061863]],[[-4.4516269,36.7063165],[-4.4516449,36.7063184],[-4.4515879,36.7062138],[-4.4516269,36.7063165]],[[-4.4535453,36.7063246],[-4.45348,36.7063634],[-4.4535512,36.7063472],[-4.4535453,36.7063246]],[[-4.4517267,36.7065011],[-4.4517387,36.7064907],[-4.4516404,36.7063415],[-4.4517267,36.7065011]],[[-4.4517847,36.7066084],[-4.451803,36.7066087],[-4.4517499,36.7065112],[-4.4517847,36.7066084]],[[-4.4517946,36.7066266],[-4.4519032,36.7068275],[-4.4518136,36.706628],[-4.4517946,36.7066266]],[[-4.5039029,36.7105998],[-4.503916,36.7113472],[-4.503672,36.7127818],[-4.503757,36.7127696],[-4.5039879,36.7112773],[-4.5039857,36.7105456],[-4.5042428,36.709896],[-4.5038027,36.7087503],[-4.5038616,36.708174],[-4.5040772,36.7077863],[-4.5041382,36.7073532],[-4.5047819,36.7068444],[-4.5048852,36.7066088],[-4.5048439,36.7063759],[-4.504775,36.7064192],[-4.5048113,36.7065795],[-4.5047351,36.7067716],[-4.5040685,36.707348],[-4.5040445,36.7077042],[-4.5038071,36.7081653],[-4.5037592,36.7087923],[-4.50416,36.7099536],[-4.5039029,36.7105998]],[[-4.4514289,36.7102227],[-4.4514684,36.7102005],[-4.4513992,36.7101939],[-4.4514289,36.7102227]],[[-4.4735876,36.7100094],[-4.4745733,36.7100914],[-4.4758683,36.710052],[-4.4781115,36.7107617],[-4.4791339,36.7113682],[-4.4805308,36.7125965],[-4.4817737,36.7134618],[-4.4819351,36.713765],[-4.4821443,36.713769],[-4.4816527,36.7132516],[-4.4805534,36.712524],[-4.4792247,36.7113314],[-4.4781178,36.7106927],[-4.4759104,36.7099914],[-4.4745703,36.7100298],[-4.473582,36.7099429],[-4.4728609,36.7096538],[-4.4725608,36.7093991],[-4.4723551,36.7090629],[-4.4720583,36.7082925],[-4.4717782,36.7069855],[-4.4716164,36.7070155],[-4.471864,36.7080821],[-4.472289,36.7091917],[-4.4723503,36.7095354],[-4.4724627,36.7095526],[-4.4724002,36.7093725],[-4.4730084,36.709829],[-4.4735876,36.7100094]],[[-4.4515146,36.7105085],[-4.4515541,36.7104863],[-4.4514849,36.7104797],[-4.4515146,36.7105085]],[[-4.4665104,36.7121748],[-4.466565,36.7120632],[-4.4664154,36.7120182],[-4.4663771,36.7121479],[-4.4665104,36.7121748]],[[-4.5036556,36.7128513],[-4.5036513,36.7129376],[-4.5037391,36.7129359],[-4.5037559,36.7128279],[-4.5036556,36.7128513]],[[-4.465654,36.7132039],[-4.4631429,36.7135004],[-4.4656381,36.7132529],[-4.465654,36.7132039]],[[-4.4627733,36.7135869],[-4.4627662,36.7135535],[-4.4610261,36.7137714],[-4.4627733,36.7135869]],[[-4.4714429,36.7152393],[-4.4714848,36.7152497],[-4.4714522,36.7152142],[-4.4714429,36.7152393]],[[-4.4718581,36.7155639],[-4.4719274,36.7156247],[-4.4720171,36.7155726],[-4.4719562,36.7154984],[-4.4718581,36.7155639]],[[-4.4715292,36.7155847],[-4.4715449,36.7156555],[-4.4715615,36.71558],[-4.4715292,36.7155847]],[[-4.4715862,36.7158652],[-4.4716019,36.715936],[-4.4716186,36.7158606],[-4.4715862,36.7158652]],[[-4.4923478,36.7174806],[-4.4923447,36.717642],[-4.4926531,36.7178388],[-4.4930999,36.7178791],[-4.4934776,36.7177959],[-4.4939087,36.7174629],[-4.4938615,36.717246],[-4.4937356,36.7172081],[-4.4932352,36.717309],[-4.4925146,36.7172409],[-4.4923478,36.7174806]],[[-4.4569554,36.7176192],[-4.4569238,36.7176242],[-4.4569769,36.7176371],[-4.4569554,36.7176192]],[[-4.4546133,36.7194498],[-4.4547353,36.7192571],[-4.4546276,36.7191479],[-4.4544539,36.7191426],[-4.4543362,36.719245],[-4.4543489,36.7193719],[-4.4546133,36.7194498]],[[-4.4602319,36.7198133],[-4.4600977,36.7197208],[-4.4599003,36.7197981],[-4.4602319,36.7198133]],[[-4.4603232,36.7198415],[-4.4597943,36.7198161],[-4.4597892,36.7198838],[-4.4603182,36.7199092],[-4.4603232,36.7198415]],[[-4.4600487,36.7200073],[-4.4602241,36.7199276],[-4.4598909,36.7199123],[-4.4600487,36.7200073]],[[-4.5144915,36.7207233],[-4.5146399,36.7206671],[-4.514787,36.7207176],[-4.5146864,36.720528],[-4.5145658,36.7205367],[-4.5144915,36.7207233]],[[-4.52075,36.7207966],[-4.5203906,36.7207458],[-4.5200519,36.7209791],[-4.5199517,36.7211703],[-4.5200471,36.7213462],[-4.5201855,36.72135],[-4.5208105,36.7210632],[-4.5209297,36.7211435],[-4.521049,36.7211168],[-4.52075,36.7207966]],[[-4.5166942,36.7216094],[-4.5166151,36.7215346],[-4.5165245,36.7215961],[-4.5166033,36.7216706],[-4.5166942,36.7216094]],[[-4.5167823,36.7218146],[-4.5169087,36.7218226],[-4.5166952,36.7216992],[-4.5168153,36.721884],[-4.5167823,36.7218146]],[[-4.4952641,36.7217176],[-4.4950683,36.7221956],[-4.4951128,36.7225023],[-4.4954465,36.7231444],[-4.4958159,36.723412],[-4.4959806,36.723387],[-4.4961007,36.7233014],[-4.4962209,36.722884],[-4.4961853,36.7228091],[-4.4960429,36.7228055],[-4.4958827,36.7219708],[-4.4956156,36.7217746],[-4.4952641,36.7217176]],[[-4.4622217,36.7227965],[-4.4623134,36.7227189],[-4.4622167,36.7226454],[-4.462125,36.722723],[-4.4622217,36.7227965]],[[-4.5146839,36.7236981],[-4.5146978,36.7236493],[-4.5146096,36.7236866],[-4.5146839,36.7236981]],[[-4.4730477,36.7243443],[-4.4731958,36.7242962],[-4.473124,36.7242032],[-4.4730207,36.7242347],[-4.4730477,36.7243443]],[[-4.4759954,36.7243944],[-4.4761435,36.7243463],[-4.4760717,36.7242533],[-4.4759684,36.7242848],[-4.4759954,36.7243944]],[[-4.4625624,36.726345],[-4.4629803,36.72601],[-4.4629955,36.7257939],[-4.462469,36.7258669],[-4.4623347,36.7260531],[-4.4622137,36.7260878],[-4.4621689,36.7263207],[-4.4625624,36.726345]],[[-4.4704672,36.726991],[-4.4699894,36.7269831],[-4.4695669,36.7268702],[-4.4695391,36.7267137],[-4.4694851,36.7267199],[-4.4695141,36.72688],[-4.4692309,36.7270177],[-4.4688049,36.7275016],[-4.4685412,36.7276492],[-4.4683471,36.7279444],[-4.4684814,36.7281398],[-4.4684118,36.7283113],[-4.4684566,36.728451],[-4.4686009,36.7286464],[-4.4690239,36.7288219],[-4.4695266,36.7287102],[-4.4700392,36.7284549],[-4.4702731,36.7284629],[-4.4704572,36.7287142],[-4.470716,36.7286783],[-4.4708604,36.728072],[-4.4707049,36.7277594],[-4.4706364,36.7270788],[-4.4704672,36.726991]],[[-4.4594339,36.7268405],[-4.4594765,36.7269256],[-4.459469,36.7268439],[-4.4593583,36.726829],[-4.459322,36.7268636],[-4.459433,36.7269569],[-4.4594339,36.7268405]],[[-4.4889866,36.7261777],[-4.4890362,36.7273268],[-4.489173,36.7275708],[-4.4891864,36.727789],[-4.4891368,36.7280738],[-4.4889324,36.7283869],[-4.4880626,36.7287359],[-4.4879539,36.7289144],[-4.4869857,36.729569],[-4.486751,36.7298301],[-4.4861783,36.7299752],[-4.4859678,36.7302031],[-4.4850759,36.7302397],[-4.4840819,36.7307426],[-4.4825841,36.7320556],[-4.4831716,36.7316923],[-4.4839279,36.7309254],[-4.4846293,36.730603],[-4.4849123,36.7303794],[-4.4852798,36.7302794],[-4.4859597,36.730273],[-4.4860616,36.730475],[-4.4865283,36.7307212],[-4.4866557,36.7309684],[-4.486637,36.7311651],[-4.4863433,36.7315424],[-4.4864307,36.7316915],[-4.4855547,36.7317519],[-4.4853428,36.7321163],[-4.4850397,36.7322066],[-4.4842766,36.7326559],[-4.4843088,36.7326967],[-4.4849928,36.7322926],[-4.4853415,36.7321883],[-4.4854662,36.7320787],[-4.4855547,36.7318315],[-4.4856606,36.7318035],[-4.4861555,36.7318164],[-4.4865,36.7317193],[-4.4873907,36.7321518],[-4.48762,36.7325892],[-4.4875865,36.7338973],[-4.4873706,36.7341359],[-4.4870105,36.7342783],[-4.4867966,36.7346496],[-4.486704,36.7349473],[-4.4869977,36.7352278],[-4.4867966,36.735029],[-4.4867603,36.7348581],[-4.4870802,36.7342745],[-4.487443,36.734152],[-4.4876522,36.7338801],[-4.4876723,36.7325559],[-4.4875556,36.7322539],[-4.4874135,36.7321099],[-4.4864492,36.731623],[-4.4864425,36.7314983],[-4.4867188,36.7311318],[-4.4866987,36.7308631],[-4.4865927,36.7306717],[-4.4860831,36.7304106],[-4.4860335,36.7302536],[-4.4863057,36.7299914],[-4.4868462,36.7298602],[-4.4871318,36.7295378],[-4.487907,36.7290541],[-4.4883066,36.7286672],[-4.4889558,36.7284301],[-4.489114,36.7282737],[-4.4893125,36.7278631],[-4.4893192,36.7276675],[-4.4891234,36.7273418],[-4.4890791,36.7261767],[-4.4894585,36.7254059],[-4.4906251,36.7254182],[-4.4909757,36.7256003],[-4.4911128,36.7257589],[-4.4910247,36.7267574],[-4.4910874,36.7271231],[-4.4913459,36.7276082],[-4.4916202,36.7277684],[-4.4919355,36.7278673],[-4.4925035,36.7277904],[-4.4928346,36.7275502],[-4.4927934,36.7273053],[-4.4928855,36.7270525],[-4.4931068,36.7269018],[-4.4934516,36.7268547],[-4.4936181,36.7269756],[-4.4938159,36.7274356],[-4.4937493,36.7277558],[-4.4934575,36.7282849],[-4.4931832,36.7285879],[-4.4924311,36.7290478],[-4.4921059,36.7294183],[-4.4921333,36.7296711],[-4.4922489,36.7298124],[-4.4932146,36.7303995],[-4.4933948,36.7305424],[-4.4934516,36.7307213],[-4.4934868,36.7311185],[-4.4932717,36.7316265],[-4.4930402,36.7327244],[-4.4914795,36.7333339],[-4.4910148,36.7338981],[-4.4912448,36.7341671],[-4.4925144,36.7350285],[-4.4927773,36.7353182],[-4.4929533,36.7355439],[-4.4931434,36.7360216],[-4.4931763,36.7363902],[-4.4933241,36.7368002],[-4.4934183,36.7368764],[-4.4936279,36.7370004],[-4.4940255,36.7370146],[-4.4943977,36.7368443],[-4.4945974,36.7366268],[-4.4949872,36.7365876],[-4.4953006,36.7366849],[-4.4959157,36.7370413],[-4.4967357,36.737901],[-4.4969381,36.7385309],[-4.4969381,36.7391399],[-4.4974533,36.7409498],[-4.4977334,36.7417456],[-4.4979067,36.7419697],[-4.4980128,36.7424671],[-4.4978483,36.7427222],[-4.4970525,36.7434917],[-4.4968282,36.7438507],[-4.4963083,36.7461822],[-4.4960415,36.7468181],[-4.4955253,36.7474769],[-4.4954625,36.7477441],[-4.4955013,36.7479124],[-4.4956258,36.7480046],[-4.4963903,36.7481144],[-4.4968916,36.7483222],[-4.4971722,36.748285],[-4.4972415,36.7483254],[-4.4972478,36.7485022],[-4.4970587,36.7486677],[-4.4961901,36.7485654],[-4.4959086,36.7487942],[-4.4957887,36.7492564],[-4.49548,36.7496417],[-4.4932386,36.7504509],[-4.4919755,36.7506358],[-4.4917088,36.7505841],[-4.491153,36.749715],[-4.4908023,36.7495673],[-4.4899169,36.7501445],[-4.4891018,36.7504533],[-4.4882328,36.7510655],[-4.4876289,36.7512732],[-4.4857952,36.751306],[-4.4853475,36.7514588],[-4.4847934,36.7518256],[-4.4844701,36.7518787],[-4.4842513,36.7518465],[-4.4839301,36.7516615],[-4.4834779,36.7511748],[-4.4834754,36.7512958],[-4.4837914,36.7516632],[-4.4843101,36.7519481],[-4.4848071,36.7519024],[-4.4857718,36.7513814],[-4.4873906,36.7513861],[-4.4881274,36.7512523],[-4.4900977,36.7501526],[-4.4905535,36.7498196],[-4.4908707,36.7496989],[-4.4910835,36.7498067],[-4.491479,36.7504985],[-4.4916999,36.7506915],[-4.4921723,36.7507264],[-4.4926314,36.7505837],[-4.4932779,36.750529],[-4.4951059,36.7499042],[-4.4959622,36.7495251],[-4.4960914,36.7495447],[-4.4959648,36.7494258],[-4.4960877,36.748751],[-4.4962383,36.748614],[-4.4970026,36.7487301],[-4.4971915,36.7486708],[-4.4973549,36.748364],[-4.497263,36.7482535],[-4.4969836,36.7482582],[-4.4965329,36.7480469],[-4.4957672,36.7479454],[-4.4956171,36.7478749],[-4.4955896,36.7477216],[-4.4956263,36.7475176],[-4.4962265,36.7466949],[-4.4964691,36.7460669],[-4.4969183,36.7439272],[-4.4971481,36.7436204],[-4.4978093,36.7430251],[-4.4981182,36.7426303],[-4.4982177,36.7423439],[-4.4981922,36.7420248],[-4.4978343,36.7413734],[-4.4975182,36.7402042],[-4.4971609,36.7393982],[-4.4970766,36.739034],[-4.4970868,36.7382321],[-4.4967856,36.7376798],[-4.4962419,36.7371233],[-4.4956726,36.7366835],[-4.495208,36.7364891],[-4.4948383,36.7363782],[-4.4944528,36.7365706],[-4.4941562,36.736884],[-4.4939495,36.7369392],[-4.4934823,36.7367735],[-4.4933368,36.7364564],[-4.4932781,36.7360206],[-4.4929488,36.7353394],[-4.4925633,36.7349404],[-4.4915022,36.7342357],[-4.4912231,36.7339646],[-4.4912588,36.7337661],[-4.4915447,36.7335309],[-4.4933189,36.7328046],[-4.493451,36.7326548],[-4.4937514,36.7311519],[-4.4937299,36.7309264],[-4.4936125,36.7305847],[-4.4925199,36.729748],[-4.4924691,36.7295475],[-4.4926912,36.729249],[-4.4930005,36.7290789],[-4.4936687,36.7283792],[-4.4940005,36.7276897],[-4.4940855,36.7272263],[-4.4938193,36.7268344],[-4.4936304,36.7267199],[-4.49313,36.7266953],[-4.4926373,36.7269183],[-4.4924842,36.7275383],[-4.4923233,36.7276488],[-4.4917541,36.7275894],[-4.4915013,36.7274298],[-4.4913073,36.7269633],[-4.4913022,36.7255086],[-4.4910648,36.7252303],[-4.4893015,36.7252014],[-4.4890715,36.7251572],[-4.4890124,36.7250646],[-4.4887265,36.7250482],[-4.4888375,36.7252222],[-4.489064,36.7253523],[-4.4893852,36.7253931],[-4.4889866,36.7261777]],[[-4.5143191,36.7271781],[-4.5142424,36.7272153],[-4.5143364,36.7274414],[-4.5145198,36.7273526],[-4.5143191,36.7271781]],[[-4.4606946,36.7281136],[-4.460959,36.7274813],[-4.4614462,36.726919],[-4.4613845,36.7268878],[-4.4609326,36.7274124],[-4.4607224,36.7275186],[-4.4606429,36.7276811],[-4.4607032,36.7278907],[-4.4606128,36.7280609],[-4.460696,36.7285543],[-4.4605243,36.7290756],[-4.4607389,36.7292916],[-4.460755,36.7295819],[-4.4606477,36.7299204],[-4.4608837,36.7308577],[-4.4607443,36.7312425],[-4.4603012,36.7316461],[-4.460262,36.7317828],[-4.4603655,36.7322081],[-4.4606227,36.7326285],[-4.4608556,36.7327451],[-4.4614215,36.7327472],[-4.4616616,36.7329858],[-4.4617394,36.7334523],[-4.4617125,36.7329643],[-4.4616388,36.7328515],[-4.461455,36.7327161],[-4.4607626,36.7326651],[-4.4605081,36.7323593],[-4.4603702,36.7320159],[-4.4603834,36.7316692],[-4.4608703,36.7312221],[-4.460987,36.7307147],[-4.4607537,36.7300602],[-4.4608971,36.7293336],[-4.4608717,36.7292261],[-4.4606195,36.7290305],[-4.4607778,36.7286231],[-4.4606946,36.7281136]],[[-4.5128194,36.7287413],[-4.5129253,36.7286908],[-4.5129642,36.7285489],[-4.5127107,36.7283896],[-4.5125739,36.7285102],[-4.5125538,36.7286478],[-4.5128194,36.7287413]],[[-4.5207089,36.7288151],[-4.5199907,36.7285048],[-4.5197943,36.728518],[-4.5196501,36.7286434],[-4.5196872,36.728825],[-4.5201624,36.7290617],[-4.5206856,36.7290044],[-4.5207625,36.7288999],[-4.5207089,36.7288151]],[[-4.4837171,36.7294498],[-4.4836484,36.729251],[-4.4826339,36.7283176],[-4.4822389,36.7277921],[-4.4825269,36.7283321],[-4.4830626,36.7288869],[-4.4834934,36.7292061],[-4.4836115,36.7294556],[-4.4832542,36.7301817],[-4.4826599,36.7307116],[-4.4823983,36.7319642],[-4.4825216,36.7322675],[-4.4827281,36.7323946],[-4.4856736,36.7333045],[-4.4859661,36.7333573],[-4.4865683,36.7332784],[-4.4857061,36.7332416],[-4.4828004,36.7323431],[-4.482577,36.7322034],[-4.4824958,36.7319094],[-4.4827467,36.7307197],[-4.4833391,36.7302233],[-4.4836648,36.7296773],[-4.4837171,36.7294498]],[[-4.5206059,36.7315754],[-4.5205043,36.7312298],[-4.520323,36.7313003],[-4.5201418,36.7315468],[-4.5203889,36.7317075],[-4.5206059,36.7315754]],[[-4.4712657,36.7328348],[-4.4712724,36.733102],[-4.4714478,36.7331157],[-4.4714299,36.7329338],[-4.471704,36.7325686],[-4.471698,36.731436],[-4.4713414,36.730728],[-4.4710138,36.7307823],[-4.4710849,36.7309616],[-4.4714469,36.731295],[-4.4713673,36.7315393],[-4.4714866,36.732601],[-4.4712657,36.7328348]],[[-4.4833299,36.733207],[-4.4833294,36.7332188],[-4.4833527,36.7332019],[-4.4833299,36.733207]],[[-4.4509549,36.7331234],[-4.4510534,36.7333169],[-4.4510722,36.7337108],[-4.4509884,36.7345803],[-4.4511138,36.733922],[-4.451095,36.7333104],[-4.4509549,36.7331234]],[[-4.4904361,36.7362059],[-4.4904251,36.7366728],[-4.4905379,36.7363327],[-4.4904797,36.7361861],[-4.4897527,36.7354601],[-4.4888991,36.7332025],[-4.4884872,36.7330022],[-4.4880301,36.7330685],[-4.4884587,36.733072],[-4.4888631,36.7332927],[-4.4897282,36.7355114],[-4.4904361,36.7362059]],[[-4.5008065,36.7350936],[-4.5009898,36.7351798],[-4.5012539,36.7347272],[-4.5008382,36.7345763],[-4.5006867,36.7348839],[-4.5008065,36.7350936]],[[-4.4520184,36.7350747],[-4.4516683,36.7351709],[-4.4514759,36.7351037],[-4.4512472,36.7348861],[-4.4511205,36.7348909],[-4.4516429,36.7352042],[-4.4520405,36.7351263],[-4.4522812,36.7352273],[-4.4524153,36.7354175],[-4.4525327,36.7360468],[-4.4524777,36.7354353],[-4.4522323,36.7351338],[-4.4520184,36.7350747]],[[-4.4525035,36.7363909],[-4.4524951,36.7361774],[-4.4524355,36.7362432],[-4.4525035,36.7363909]],[[-4.4874027,36.7407262],[-4.4873706,36.7407364],[-4.4874027,36.7408589],[-4.4874027,36.7407262]],[[-4.4835787,36.7419164],[-4.4835405,36.7419915],[-4.4838043,36.7419939],[-4.4839917,36.7419063],[-4.4840537,36.7418097],[-4.4840595,36.7412891],[-4.4844189,36.7406901],[-4.4847816,36.7404628],[-4.4857666,36.7403216],[-4.4859823,36.74014],[-4.4860389,36.7399893],[-4.4859701,36.7399751],[-4.4858967,36.7401596],[-4.4856907,36.7402869],[-4.484838,36.7403931],[-4.4848276,36.7403251],[-4.4846236,36.7403533],[-4.4842357,36.7406294],[-4.4839545,36.7412934],[-4.4839087,36.7418516],[-4.4835787,36.7419164]],[[-4.5127099,36.7411128],[-4.5126665,36.740834],[-4.5125223,36.7408551],[-4.5125715,36.7411587],[-4.5127099,36.7411128]],[[-4.481978,36.7410932],[-4.4826358,36.7411613],[-4.4823029,36.741043],[-4.481978,36.7410932]],[[-4.4872321,36.7410075],[-4.4871328,36.7411775],[-4.4872716,36.741968],[-4.4873305,36.7417903],[-4.4871525,36.7411702],[-4.4872321,36.7410075]],[[-4.480838,36.7410464],[-4.4794017,36.7421104],[-4.4790872,36.7425714],[-4.4794788,36.7420991],[-4.4808991,36.7410626],[-4.4811599,36.7409734],[-4.4814865,36.7410298],[-4.4812551,36.740947],[-4.480838,36.7410464]],[[-4.4790456,36.742731],[-4.4789504,36.7427783],[-4.4790148,36.7427826],[-4.4790456,36.742731]],[[-4.4875566,36.744707],[-4.487384,36.7442258],[-4.4873832,36.7436708],[-4.4871502,36.7424644],[-4.4871886,36.7420157],[-4.4870803,36.742447],[-4.4873305,36.7436416],[-4.4873428,36.7442538],[-4.4875566,36.744707]],[[-4.4588299,36.75691],[-4.4588189,36.7568748],[-4.4587897,36.7569182],[-4.4588299,36.75691]],[[-4.5199714,36.7719252],[-4.5205162,36.7718497],[-4.5206978,36.7714575],[-4.5200289,36.771382],[-4.5199254,36.7718479],[-4.5199714,36.7719252]],[[-4.5103846,36.7787347],[-4.5104415,36.778654],[-4.5103237,36.7786029],[-4.5102754,36.7786971],[-4.5103846,36.7787347]],[[-4.5120871,36.7830296],[-4.5122641,36.7828276],[-4.5113736,36.782398],[-4.5108372,36.7826815],[-4.5107406,36.782862],[-4.5110679,36.7833819],[-4.5112127,36.7834076],[-4.5120871,36.7830296]],[[-4.4452119,36.6897903],[-4.4452213,36.689807],[-4.4452332,36.6897826],[-4.4452119,36.6897903]],[[-4.4438366,36.6917281],[-4.4437772,36.6918947],[-4.4438708,36.69184],[-4.4438624,36.6917064],[-4.4436511,36.6915953],[-4.4431157,36.6914455],[-4.4428996,36.6914863],[-4.4431073,36.6914657],[-4.4431626,36.691496],[-4.4431192,36.6915431],[-4.443602,36.6916126],[-4.4438366,36.6917281]],[[-4.4429303,36.6917559],[-4.4435619,36.6919189],[-4.4435966,36.6918321],[-4.442965,36.6916691],[-4.4429303,36.6917559]],[[-4.449326,36.6921377],[-4.4493493,36.6920961],[-4.4492613,36.6921145],[-4.449326,36.6921377]],[[-4.4427859,36.6919459],[-4.4426231,36.6918852],[-4.4427879,36.6916151],[-4.4426093,36.6915527],[-4.4423376,36.6915168],[-4.4421692,36.691803],[-4.4435093,36.692294],[-4.4438667,36.6923782],[-4.4441938,36.692347],[-4.4443124,36.6926167],[-4.4447043,36.692707],[-4.4446778,36.6927518],[-4.4449042,36.6928348],[-4.4449749,36.6926629],[-4.4454171,36.6927641],[-4.4458997,36.6930276],[-4.4458391,36.6931312],[-4.446682,36.6934606],[-4.446829,36.6932179],[-4.4459847,36.6928887],[-4.4459212,36.6929902],[-4.4454998,36.6926566],[-4.4450662,36.6925111],[-4.4450023,36.6925858],[-4.4446736,36.6924844],[-4.4446741,36.6925713],[-4.4444044,36.6924772],[-4.4445796,36.6920782],[-4.4442468,36.6923077],[-4.4440105,36.6920919],[-4.4437841,36.6920331],[-4.4436548,36.6921658],[-4.4428314,36.6918965],[-4.4427859,36.6919459]],[[-4.4423987,36.6933398],[-4.4424066,36.6932976],[-4.4423287,36.6933352],[-4.4423987,36.6933398]],[[-4.442928,36.6936202],[-4.4432875,36.6937541],[-4.4429938,36.6936026],[-4.442928,36.6936202]],[[-4.4388239,36.6993172],[-4.4388646,36.6993358],[-4.4388471,36.6992845],[-4.4388239,36.6993172]],[[-4.4398185,36.6997869],[-4.4398275,36.6997583],[-4.4397758,36.6997825],[-4.4398185,36.6997869]],[[-4.4353614,36.7001736],[-4.4354072,36.7001461],[-4.4353315,36.7001313],[-4.4353614,36.7001736]],[[-4.44993,36.7026823],[-4.4499782,36.7026197],[-4.4496767,36.7024706],[-4.4496285,36.7025332],[-4.44993,36.7026823]],[[-4.4321011,36.7057195],[-4.4322408,36.7059565],[-4.432335,36.7059665],[-4.4325064,36.7056376],[-4.4327564,36.705493],[-4.4327849,36.705278],[-4.4322928,36.7049154],[-4.4318643,36.7054484],[-4.4319831,36.7055336],[-4.4319205,36.7056387],[-4.4321011,36.7057195]],[[-4.4328903,36.7068093],[-4.4328319,36.7069078],[-4.4329686,36.7069293],[-4.433371,36.7065594],[-4.4328903,36.7068093]],[[-4.4318801,36.7109001],[-4.4318347,36.7109213],[-4.4319069,36.7109368],[-4.4318801,36.7109001]],[[-4.4304258,36.7115412],[-4.4301255,36.7112925],[-4.4300569,36.7113783],[-4.4302767,36.7116267],[-4.4304258,36.7115412]],[[-4.4408707,36.712119],[-4.441055,36.7121164],[-4.4410481,36.7120062],[-4.4409735,36.7119747],[-4.4409419,36.7120399],[-4.4409137,36.7119826],[-4.4408707,36.712119]],[[-4.4323612,36.7140201],[-4.4322656,36.7139116],[-4.4321005,36.7139002],[-4.4319823,36.713996],[-4.4320606,36.7141804],[-4.4323114,36.7141559],[-4.4323612,36.7140201]],[[-4.4287622,36.7162354],[-4.4285363,36.716224],[-4.4287611,36.7162511],[-4.4287622,36.7162354]],[[-4.4198676,36.7165098],[-4.4198556,36.7165071],[-4.4198618,36.7165265],[-4.4198676,36.7165098]],[[-4.4347523,36.7168271],[-4.4346931,36.7168003],[-4.4346871,36.7168559],[-4.4347523,36.7168271]],[[-4.4295821,36.7168535],[-4.4295533,36.7168004],[-4.4294996,36.7168687],[-4.4295821,36.7168535]],[[-4.4210506,36.7168482],[-4.4210452,36.7168332],[-4.4210241,36.7168543],[-4.4210506,36.7168482]],[[-4.4132846,36.7169833],[-4.4131223,36.7169414],[-4.4132732,36.7170016],[-4.4132846,36.7169833]],[[-4.4183656,36.7177909],[-4.4183074,36.717652],[-4.4181768,36.7176872],[-4.418235,36.7178261],[-4.4183656,36.7177909]],[[-4.4203346,36.7179591],[-4.4203894,36.7178762],[-4.4202572,36.7178324],[-4.4202344,36.717937],[-4.4203346,36.7179591]],[[-4.3510736,36.7180047],[-4.3511142,36.7180128],[-4.3510803,36.7179708],[-4.3510736,36.7180047]],[[-4.3517441,36.7180788],[-4.3518296,36.7181769],[-4.3521209,36.7181676],[-4.3517868,36.7180228],[-4.3517441,36.7180788]],[[-4.4100585,36.7182402],[-4.4098674,36.7181534],[-4.4099937,36.7182405],[-4.4100585,36.7182402]],[[-4.3590027,36.7184402],[-4.3589576,36.7183877],[-4.3589191,36.7184765],[-4.3590027,36.7184402]],[[-4.3597105,36.718537],[-4.3596654,36.7184845],[-4.3596269,36.7185733],[-4.3597105,36.718537]],[[-4.4270143,36.7188881],[-4.4270882,36.7188861],[-4.4270269,36.7188409],[-4.4270143,36.7188881]],[[-4.4170718,36.718868],[-4.4170584,36.7188775],[-4.4170835,36.7188789],[-4.4170718,36.718868]],[[-4.4167546,36.7189572],[-4.4167412,36.7189667],[-4.4167662,36.7189681],[-4.4167546,36.7189572]],[[-4.4147377,36.7192475],[-4.4140819,36.7194185],[-4.4141985,36.7194668],[-4.4143778,36.719366],[-4.414375,36.7195107],[-4.4144598,36.7195444],[-4.4144948,36.7194732],[-4.414384,36.7193644],[-4.4146599,36.7193454],[-4.4147377,36.7192475]],[[-4.4179161,36.7193593],[-4.4178843,36.719344],[-4.4178977,36.7193832],[-4.4179161,36.7193593]],[[-4.4203029,36.7201324],[-4.4202935,36.7201063],[-4.4202695,36.7201383],[-4.4203029,36.7201324]],[[-4.3500251,36.7202377],[-4.3500689,36.7202519],[-4.3500487,36.7202088],[-4.3500251,36.7202377]],[[-4.3492883,36.7204469],[-4.3493202,36.7204751],[-4.3493194,36.7204291],[-4.3492883,36.7204469]],[[-4.4126415,36.7204793],[-4.4125704,36.7203873],[-4.4124616,36.7204515],[-4.4125508,36.7205332],[-4.4126415,36.7204793]],[[-4.4189883,36.720573],[-4.4189808,36.7204731],[-4.4189472,36.7205518],[-4.4189883,36.720573]],[[-4.4188831,36.7205609],[-4.4188749,36.7204622],[-4.4188421,36.7205631],[-4.4188831,36.7205609]],[[-4.4187555,36.7205857],[-4.4187758,36.7204834],[-4.4187144,36.7205646],[-4.4187555,36.7205857]],[[-4.4141457,36.7206041],[-4.4141562,36.7206278],[-4.4143683,36.7205411],[-4.4141457,36.7206041]],[[-4.4164209,36.7206904],[-4.4164237,36.7206976],[-4.41643,36.7206882],[-4.4164209,36.7206904]],[[-4.4135991,36.7207146],[-4.4135119,36.720756],[-4.4135679,36.7208291],[-4.4136571,36.7207899],[-4.4135991,36.7207146]],[[-4.4221736,36.7210096],[-4.4221062,36.7210255],[-4.4221943,36.7210557],[-4.4221736,36.7210096]],[[-4.4149052,36.72108],[-4.4150307,36.7210505],[-4.4150214,36.7210351],[-4.4149052,36.72108]],[[-4.4135403,36.721176],[-4.4135485,36.7211949],[-4.4137652,36.7211129],[-4.4135403,36.721176]],[[-4.4157884,36.7211807],[-4.4158074,36.721194],[-4.4158105,36.7211605],[-4.4157884,36.7211807]],[[-4.4158496,36.7212272],[-4.4158688,36.7212404],[-4.415871,36.7212072],[-4.4158496,36.7212272]],[[-4.4157896,36.7213207],[-4.4156902,36.7212837],[-4.4157699,36.721339],[-4.4157896,36.7213207]],[[-4.4128974,36.7212733],[-4.412978,36.7213309],[-4.4132582,36.7213819],[-4.4128974,36.7212733]],[[-4.4203826,36.7217712],[-4.4203898,36.7217785],[-4.4203902,36.7217663],[-4.4203826,36.7217712]],[[-4.4204351,36.7217935],[-4.4204423,36.7218008],[-4.4204427,36.7217886],[-4.4204351,36.7217935]],[[-4.4203765,36.7218004],[-4.4203819,36.7218044],[-4.4203807,36.7217968],[-4.4203765,36.7218004]],[[-4.4178224,36.7219151],[-4.4178321,36.721927],[-4.4178441,36.72191],[-4.4178224,36.7219151]],[[-4.4436054,36.7224081],[-4.4435138,36.7224527],[-4.4435671,36.7225232],[-4.4436587,36.7224786],[-4.4436054,36.7224081]],[[-4.4261055,36.7225118],[-4.4260974,36.7224974],[-4.4260816,36.722515],[-4.4261055,36.7225118]],[[-4.3506076,36.7223841],[-4.3509399,36.7211742],[-4.3508481,36.7212294],[-4.3505401,36.7223323],[-4.3505959,36.7228354],[-4.3502803,36.7233821],[-4.3502825,36.7238958],[-4.3503797,36.7239673],[-4.3507022,36.7238854],[-4.3506778,36.7238138],[-4.3503726,36.7238878],[-4.3503865,36.7234058],[-4.3506783,36.7228399],[-4.3506076,36.7223841]],[[-4.3934378,36.7229017],[-4.3934921,36.7229013],[-4.3934274,36.722863],[-4.3934378,36.7229017]],[[-4.4373735,36.7229985],[-4.4372903,36.7230746],[-4.4373803,36.7230813],[-4.4373735,36.7229985]],[[-4.4111396,36.7235338],[-4.4111851,36.7234892],[-4.4111053,36.7235113],[-4.4111396,36.7235338]],[[-4.4109887,36.7239195],[-4.4110156,36.7239215],[-4.411012,36.7238948],[-4.4109887,36.7239195]],[[-4.4317265,36.7239654],[-4.4318238,36.7240499],[-4.4317462,36.723951],[-4.4317265,36.7239654]],[[-4.4228105,36.7241327],[-4.4227994,36.7241451],[-4.4228308,36.7241426],[-4.4228105,36.7241327]],[[-4.4374816,36.7246644],[-4.4375279,36.7246587],[-4.4374784,36.7246319],[-4.4374816,36.7246644]],[[-4.3861252,36.7251509],[-4.3861247,36.7251685],[-4.3861542,36.7251514],[-4.3861252,36.7251509]],[[-4.3861208,36.7252333],[-4.3861203,36.7252509],[-4.3861499,36.7252338],[-4.3861208,36.7252333]],[[-4.3861207,36.7253478],[-4.3861202,36.7253654],[-4.3861497,36.7253483],[-4.3861207,36.7253478]],[[-4.3981429,36.7236397],[-4.3974073,36.7219511],[-4.3972746,36.7219737],[-4.3972075,36.7220812],[-4.3979233,36.7233739],[-4.3979679,36.7239264],[-4.3973626,36.7266399],[-4.3972777,36.7285498],[-4.3968393,36.7290885],[-4.3965171,36.7299696],[-4.3966487,36.7303039],[-4.3969977,36.7306303],[-4.3976184,36.7314333],[-4.3976377,36.7316095],[-4.3975085,36.7318789],[-4.3968435,36.7322122],[-4.3950367,36.7323939],[-4.3936744,36.7334002],[-4.3934299,36.7333611],[-4.3930989,36.732831],[-4.3929585,36.7327638],[-4.3926763,36.7328231],[-4.3924498,36.7332204],[-4.3921431,36.7333254],[-4.3911253,36.7331313],[-4.3909542,36.733231],[-4.3908119,36.7334751],[-4.3906719,36.733988],[-4.3910364,36.7352312],[-4.391172,36.7352045],[-4.3908586,36.7340949],[-4.3908586,36.7338277],[-4.3909119,36.7335695],[-4.391152,36.7332578],[-4.391412,36.7332417],[-4.3916742,36.7333486],[-4.3922454,36.7334038],[-4.3925143,36.7333219],[-4.3926232,36.7332275],[-4.3927299,36.7329122],[-4.3928943,36.7328713],[-4.3930321,36.7329372],[-4.3933344,36.7334163],[-4.3935588,36.7335089],[-4.3937344,36.7334822],[-4.3950234,36.7324509],[-4.3965346,36.7323921],[-4.3970413,36.7323209],[-4.3976212,36.7320948],[-4.3977875,36.731767],[-4.3975729,36.7309845],[-4.3967508,36.7302149],[-4.3966421,36.729943],[-4.3968071,36.7293669],[-4.3972908,36.7287794],[-4.3974729,36.7287885],[-4.3983534,36.7296539],[-4.3988978,36.7296931],[-4.4002699,36.729218],[-4.400738,36.7292898],[-4.4010443,36.7295719],[-4.4015145,36.7306584],[-4.4017153,36.7313915],[-4.4021867,36.7319467],[-4.4022589,36.7321375],[-4.4022084,36.7323495],[-4.4020424,36.7324921],[-4.4011982,36.7327524],[-4.4010131,36.732947],[-4.4008495,36.7333055],[-4.4008832,36.7334578],[-4.4009842,36.733454],[-4.4009674,36.7332477],[-4.4012199,36.7328198],[-4.4020352,36.732577],[-4.4022805,36.7324073],[-4.4023575,36.7321934],[-4.4022553,36.7319245],[-4.4017971,36.7313472],[-4.4016119,36.7306552],[-4.4011429,36.729489],[-4.4009517,36.7292683],[-4.4005904,36.7291215],[-4.4001232,36.7291255],[-4.3989086,36.7295459],[-4.3985863,36.7295382],[-4.3981642,36.7293521],[-4.3974637,36.7285957],[-4.3975272,36.7266675],[-4.3981429,36.7236397]],[[-4.3817637,36.7265721],[-4.3816507,36.726584],[-4.3816146,36.7266912],[-4.3817752,36.7266427],[-4.3817637,36.7265721]],[[-4.4141843,36.7268433],[-4.4141709,36.7267984],[-4.4141282,36.726854],[-4.4141843,36.7268433]],[[-4.4140545,36.7269081],[-4.414012,36.7268947],[-4.414038,36.7269411],[-4.4140545,36.7269081]],[[-4.426618,36.7277551],[-4.4266401,36.7277728],[-4.4266411,36.7277366],[-4.426618,36.7277551]],[[-4.4015419,36.7278973],[-4.4017595,36.7280212],[-4.4015902,36.7278425],[-4.4015419,36.7278973]],[[-4.4265247,36.7291127],[-4.4265341,36.7290043],[-4.4264266,36.7289983],[-4.4264172,36.7291067],[-4.4265247,36.7291127]],[[-4.4024042,36.7293405],[-4.4025863,36.7293236],[-4.4025832,36.7294755],[-4.4026399,36.729477],[-4.4025311,36.7289805],[-4.4025504,36.7291057],[-4.4024129,36.7291228],[-4.4025508,36.7291084],[-4.402562,36.7291763],[-4.4022892,36.7292079],[-4.4025626,36.7291801],[-4.4025856,36.7293196],[-4.4024042,36.7293405]],[[-4.4217951,36.7296149],[-4.4217744,36.7296185],[-4.4218001,36.729629],[-4.4217951,36.7296149]],[[-4.4179773,36.7297976],[-4.4181256,36.7298854],[-4.4180624,36.7298045],[-4.4179773,36.7297976]],[[-4.4273927,36.7304722],[-4.4274544,36.7305726],[-4.4273795,36.7307329],[-4.4274335,36.7308725],[-4.4273356,36.730948],[-4.4274079,36.7310853],[-4.4272909,36.7312416],[-4.4273607,36.7312448],[-4.4273003,36.7314629],[-4.4274149,36.7314682],[-4.4274414,36.7315814],[-4.4275653,36.7298687],[-4.427198,36.729852],[-4.427108,36.7316022],[-4.4270434,36.7316333],[-4.4271472,36.7316381],[-4.4272573,36.7298915],[-4.4275174,36.7299036],[-4.4274776,36.7304637],[-4.4273927,36.7304722]],[[-4.4066431,36.7313974],[-4.4065439,36.7314458],[-4.4065765,36.731507],[-4.4066887,36.731483],[-4.4066431,36.7313974]],[[-4.4289381,36.7316424],[-4.4289623,36.7316678],[-4.4289778,36.731618],[-4.4289381,36.7316424]],[[-4.437866,36.7321307],[-4.437689,36.7321161],[-4.4378287,36.7322051],[-4.437866,36.7321307]],[[-4.4033387,36.732826],[-4.4032573,36.7327983],[-4.4033136,36.7328733],[-4.4033387,36.732826]],[[-4.4343462,36.7328292],[-4.434201,36.732788],[-4.4341426,36.7329001],[-4.4343462,36.7328292]],[[-4.4341612,36.7329012],[-4.4341709,36.7329191],[-4.4343444,36.7328378],[-4.4341612,36.7329012]],[[-4.434165,36.7329285],[-4.4342837,36.7329555],[-4.4343591,36.7328613],[-4.434165,36.7329285]],[[-4.4186468,36.7330308],[-4.4186617,36.7330214],[-4.418635,36.7330187],[-4.4186468,36.7330308]],[[-4.437348,36.7339945],[-4.4375378,36.734231],[-4.4374301,36.7339774],[-4.4367311,36.7336823],[-4.437348,36.7339945]],[[-4.4378188,36.7345454],[-4.4380997,36.7346937],[-4.4378892,36.7345583],[-4.4378188,36.7345454]],[[-4.4009459,36.7341037],[-4.4010319,36.7345879],[-4.4016964,36.7353032],[-4.4018309,36.7352051],[-4.4012147,36.734692],[-4.4010365,36.734088],[-4.4009459,36.7341037]],[[-4.3665328,36.7356743],[-4.3667363,36.7355311],[-4.3666541,36.7354729],[-4.3664755,36.7356368],[-4.3665328,36.7356743]],[[-4.3933465,36.7376927],[-4.3937122,36.7378618],[-4.3933717,36.7376687],[-4.3932536,36.7375015],[-4.3933465,36.7376927]],[[-4.3670127,36.7385389],[-4.3671213,36.738422],[-4.3666278,36.7379534],[-4.3664917,36.7381929],[-4.3667004,36.7384521],[-4.3670127,36.7385389]],[[-4.4047657,36.7377591],[-4.4046774,36.7378342],[-4.4050689,36.7387509],[-4.4050193,36.7379535],[-4.4047657,36.7377591]],[[-4.4180508,36.739271],[-4.4175494,36.7393292],[-4.4175736,36.7394111],[-4.4180717,36.7393297],[-4.4180508,36.739271]],[[-4.3728146,36.7411905],[-4.3723398,36.7410177],[-4.3721064,36.7410954],[-4.3726781,36.7413443],[-4.3728759,36.7412888],[-4.3728146,36.7411905]],[[-4.3915835,36.7392947],[-4.3909639,36.7390109],[-4.3909156,36.7388347],[-4.3914803,36.7382238],[-4.3911865,36.7379416],[-4.3910833,36.7379652],[-4.3911088,36.738134],[-4.390896,36.7382125],[-4.3906421,36.7385617],[-4.3905991,36.7388325],[-4.3907064,36.739041],[-4.3914641,36.7394494],[-4.3914199,36.7395838],[-4.391208,36.7397643],[-4.3904033,36.7400158],[-4.3896778,36.7399954],[-4.388857,36.7402802],[-4.3886063,36.7407079],[-4.3873818,36.7408089],[-4.3859562,36.7412646],[-4.3858114,36.7413957],[-4.3858463,36.7417901],[-4.3866214,36.74222],[-4.3869084,36.742594],[-4.3869057,36.7431141],[-4.3867287,36.7437159],[-4.385857,36.7442275],[-4.3857474,36.7446806],[-4.3858543,36.744898],[-4.3856558,36.7452656],[-4.3855941,36.7456288],[-4.385916,36.7458351],[-4.3856853,36.7455944],[-4.385975,36.7449002],[-4.3860313,36.7443972],[-4.3867636,36.7439996],[-4.3870493,36.743722],[-4.3871257,36.7435332],[-4.3871203,36.7424629],[-4.3869245,36.7422135],[-4.3859509,36.7416676],[-4.385967,36.7414914],[-4.3861252,36.7413387],[-4.3868145,36.7412227],[-4.3871847,36.7410185],[-4.388153,36.7407842],[-4.3890408,36.7408788],[-4.3891751,36.7407812],[-4.3890488,36.740565],[-4.388845,36.7404339],[-4.3888959,36.7403737],[-4.3898132,36.7400943],[-4.3904936,36.7401693],[-4.3914226,36.7398557],[-4.3915647,36.739731],[-4.3916264,36.7394967],[-4.3915835,36.7392947]],[[-4.4176012,36.7421151],[-4.4176315,36.7421456],[-4.4178197,36.7420024],[-4.4176012,36.7421151]],[[-4.3730039,36.7424496],[-4.3730617,36.7423638],[-4.3729451,36.7423305],[-4.3729111,36.742411],[-4.3730039,36.7424496]],[[-4.3757593,36.7435212],[-4.3757726,36.7434235],[-4.3756297,36.7433944],[-4.3756156,36.7435276],[-4.3757593,36.7435212]],[[-4.4161769,36.746989],[-4.4160994,36.7469984],[-4.4161867,36.7470407],[-4.4161769,36.746989]],[[-4.4155197,36.7474911],[-4.4152456,36.7473846],[-4.4147979,36.7474195],[-4.4144255,36.7475023],[-4.4139621,36.7477405],[-4.414027,36.7477803],[-4.4148059,36.7474798],[-4.4155197,36.7474911]],[[-4.4151145,36.7489386],[-4.4150729,36.7488606],[-4.41503,36.7488741],[-4.4150515,36.7489724],[-4.4151145,36.7489386]],[[-4.3618005,36.7584489],[-4.3614399,36.7594353],[-4.3614331,36.7602029],[-4.3609677,36.7606527],[-4.3598087,36.7611741],[-4.3597297,36.7613722],[-4.3599546,36.7616817],[-4.3604835,36.7619954],[-4.3610398,36.7621783],[-4.3616855,36.7622251],[-4.3618555,36.7623228],[-4.3620392,36.762657],[-4.3618366,36.763155],[-4.3619302,36.7632071],[-4.3621237,36.762705],[-4.3618492,36.7622291],[-4.3611158,36.7621437],[-4.3605176,36.761973],[-4.3600423,36.7616678],[-4.3598516,36.7614093],[-4.3599272,36.7612126],[-4.3601092,36.7610792],[-4.3606913,36.7608921],[-4.3613953,36.7604588],[-4.3615447,36.7601424],[-4.3615973,36.7593858],[-4.3619535,36.7584166],[-4.3622932,36.7583211],[-4.3630575,36.7582797],[-4.3632993,36.7582169],[-4.3634593,36.7580505],[-4.363432,36.7577532],[-4.3630031,36.7572541],[-4.3620104,36.7568464],[-4.3618539,36.7566355],[-4.3617258,36.7561425],[-4.3620022,36.7546083],[-4.3617911,36.7539618],[-4.3617979,36.7531244],[-4.3623044,36.7527248],[-4.362935,36.7525816],[-4.3636942,36.7528216],[-4.3643444,36.7528107],[-4.3646338,36.7525352],[-4.3660092,36.7520851],[-4.3670646,36.7518478],[-4.3673189,36.7516251],[-4.3680748,36.7513568],[-4.3682515,36.7514127],[-4.3684322,36.7520088],[-4.3686069,36.7521069],[-4.3691788,36.7521288],[-4.3696725,36.7518123],[-4.3701456,36.7511465],[-4.3717083,36.7501729],[-4.3718922,36.7498838],[-4.3720318,36.7496055],[-4.3719841,36.7493436],[-4.3718684,36.7490845],[-4.3715007,36.7487108],[-4.3712291,36.7482393],[-4.3712325,36.7480164],[-4.371521,36.7476408],[-4.3721392,36.7473808],[-4.3741854,36.7474098],[-4.3745268,36.7473023],[-4.3746239,36.7469439],[-4.3745824,36.7467289],[-4.3743795,36.7465943],[-4.3740949,36.7462168],[-4.3740125,36.745826],[-4.3742357,36.7453004],[-4.3744384,36.7449427],[-4.376128,36.743597],[-4.3763787,36.7432118],[-4.3764474,36.7429558],[-4.3763924,36.7427467],[-4.3762207,36.7425568],[-4.3750909,36.7422706],[-4.374902,36.742177],[-4.3747303,36.7419074],[-4.3747996,36.7413248],[-4.3753475,36.7406163],[-4.3753948,36.7402397],[-4.3753364,36.7400002],[-4.3751836,36.73982],[-4.3744143,36.7393521],[-4.3743731,36.7388568],[-4.3745912,36.7384439],[-4.3750239,36.7380256],[-4.3748402,36.7377518],[-4.3744195,36.7376541],[-4.3736365,36.7376183],[-4.3732192,36.7374477],[-4.3729668,36.737244],[-4.3728586,36.7370349],[-4.372972,36.7367294],[-4.3734472,36.7363349],[-4.3735569,36.735949],[-4.3734026,36.7356372],[-4.3731117,36.7354303],[-4.3730587,36.7354887],[-4.3733641,36.7358607],[-4.3733441,36.7361054],[-4.3731371,36.7363405],[-4.372691,36.736603],[-4.3726086,36.736727],[-4.3726488,36.7370764],[-4.3728598,36.7374146],[-4.3734506,36.7377414],[-4.3743949,36.737867],[-4.3746883,36.7380442],[-4.374618,36.7382503],[-4.3742201,36.7384515],[-4.374016,36.7387315],[-4.37404,36.7391939],[-4.3740846,36.7393342],[-4.3744246,36.7395737],[-4.374953,36.7397777],[-4.3751576,36.7399459],[-4.3751963,36.7402296],[-4.374574,36.7412871],[-4.3745139,36.7420367],[-4.3746753,36.7422513],[-4.3749277,36.7423711],[-4.3758532,36.7425568],[-4.3761675,36.742704],[-4.3762722,36.7429201],[-4.3761503,36.7433177],[-4.3759305,36.7435736],[-4.3742963,36.7448445],[-4.3739789,36.7452762],[-4.3738327,36.7457514],[-4.3738369,36.746153],[-4.3740039,36.7464508],[-4.3744352,36.7467709],[-4.3744483,36.747207],[-4.3743294,36.7473023],[-4.3740698,36.7473075],[-4.3726114,36.7471703],[-4.371634,36.7474325],[-4.3711148,36.7477943],[-4.3710079,36.7480933],[-4.3713134,36.7486876],[-4.3718402,36.7492688],[-4.3719133,36.7495625],[-4.3718533,36.7497477],[-4.3715773,36.7501681],[-4.3703469,36.7508726],[-4.370035,36.7511304],[-4.3695627,36.7517824],[-4.3690642,36.75209],[-4.3687435,36.7520856],[-4.3684708,36.7519694],[-4.3683661,36.7513777],[-4.3679363,36.7513026],[-4.3672862,36.751535],[-4.3669306,36.7518077],[-4.3660078,36.7520122],[-4.3645505,36.7525017],[-4.3644196,36.7526974],[-4.3642364,36.7527638],[-4.363811,36.7527953],[-4.3630781,36.752539],[-4.3627245,36.7525226],[-4.3620352,36.7528093],[-4.3617385,36.7530523],[-4.361634,36.7532446],[-4.3616443,36.7538279],[-4.3618967,36.7545309],[-4.3617748,36.7550853],[-4.3613094,36.7562671],[-4.3613472,36.7565697],[-4.3615052,36.756794],[-4.3625698,36.7574172],[-4.3629887,36.7578175],[-4.3630918,36.7580431],[-4.3620237,36.7582013],[-4.3618005,36.7584489]],[[-4.4232365,36.7500159],[-4.423186,36.7499743],[-4.4231818,36.7500545],[-4.4232365,36.7500159]],[[-4.4333468,36.7518573],[-4.4334441,36.7518971],[-4.4334367,36.7518219],[-4.4333468,36.7518573]],[[-4.4254548,36.7539145],[-4.4256036,36.7541315],[-4.4255178,36.7539145],[-4.4254548,36.7539145]],[[-4.4216455,36.7573992],[-4.421287,36.7572528],[-4.4209759,36.7577418],[-4.4213344,36.7578882],[-4.4216455,36.7573992]],[[-4.4268906,36.7580515],[-4.4268954,36.7578741],[-4.4266787,36.7580176],[-4.4266315,36.758244],[-4.4268906,36.7580515]],[[-4.4288795,36.7586104],[-4.4288067,36.7586291],[-4.428878,36.758808],[-4.4289509,36.7587892],[-4.4288795,36.7586104]],[[-4.426797,36.7590727],[-4.4270576,36.7592471],[-4.4271718,36.7591653],[-4.4274195,36.7585665],[-4.4270856,36.758713],[-4.426797,36.7590727]],[[-4.4252796,36.7600479],[-4.4258844,36.7588838],[-4.4260112,36.758766],[-4.4259461,36.7586465],[-4.4252083,36.7600273],[-4.4252796,36.7600479]],[[-4.4261541,36.7600369],[-4.4261541,36.7599952],[-4.426102,36.7600369],[-4.4261541,36.7600369]],[[-4.4259192,36.7602526],[-4.4259947,36.760288],[-4.4261247,36.7601102],[-4.4260492,36.7600748],[-4.4259192,36.7602526]],[[-4.4221077,36.7605921],[-4.4217536,36.7603672],[-4.4216415,36.7604805],[-4.4219956,36.7607054],[-4.4221077,36.7605921]],[[-4.4266605,36.7605942],[-4.4266295,36.7605993],[-4.4266651,36.7606154],[-4.4266605,36.7605942]],[[-4.4223921,36.7606993],[-4.4222633,36.7606208],[-4.422064,36.7608307],[-4.4221928,36.7609092],[-4.4223921,36.7606993]],[[-4.4259542,36.7608964],[-4.4259823,36.7609048],[-4.4259587,36.7608797],[-4.4259542,36.7608964]],[[-4.4258448,36.7609063],[-4.4259018,36.7609258],[-4.4258691,36.7608607],[-4.4258448,36.7609063]],[[-4.4259456,36.760932],[-4.4259737,36.7609403],[-4.4259501,36.7609152],[-4.4259456,36.760932]],[[-4.4259998,36.7609577],[-4.4260444,36.7609711],[-4.4260071,36.760931],[-4.4259998,36.7609577]],[[-4.4265631,36.7616337],[-4.4267912,36.7615579],[-4.4269107,36.761175],[-4.4267782,36.7615488],[-4.4265631,36.7616337]],[[-4.4271136,36.7616029],[-4.4271852,36.76112],[-4.4270239,36.761706],[-4.4270961,36.7616295],[-4.4272482,36.7616743],[-4.4271136,36.7616029]],[[-4.4266779,36.7616988],[-4.4266635,36.761782],[-4.4267239,36.7617452],[-4.4266779,36.7616988]],[[-4.4254435,36.76185],[-4.4254903,36.7618588],[-4.4254868,36.7617024],[-4.4254435,36.76185]],[[-4.4256916,36.7621594],[-4.4256796,36.7621658],[-4.4256995,36.762169],[-4.4256916,36.7621594]],[[-4.4261141,36.7623481],[-4.4260914,36.7623124],[-4.4260638,36.7623604],[-4.4261141,36.7623481]],[[-4.4194577,36.7638603],[-4.4197754,36.7641318],[-4.4197714,36.7642162],[-4.4193251,36.764667],[-4.4184687,36.7660409],[-4.4178439,36.7662302],[-4.4168729,36.7660578],[-4.4164283,36.7660897],[-4.4156328,36.7666857],[-4.4153988,36.7672494],[-4.4145162,36.7673498],[-4.4140407,36.7677059],[-4.4132163,36.7679357],[-4.4116113,36.7681034],[-4.4113564,36.7682003],[-4.4112973,36.7683709],[-4.4116449,36.7682379],[-4.4138158,36.7679067],[-4.4142836,36.7677141],[-4.4145731,36.7674429],[-4.4154971,36.7673393],[-4.4157778,36.7667645],[-4.4160469,36.7664983],[-4.4165102,36.7662115],[-4.4168869,36.7661665],[-4.4178416,36.7663183],[-4.4185693,36.7660822],[-4.4190911,36.7651375],[-4.4198545,36.7642346],[-4.4198474,36.7641069],[-4.4195421,36.7638941],[-4.4195123,36.763747],[-4.4200652,36.7631997],[-4.4204083,36.7631306],[-4.4204493,36.7629481],[-4.4203084,36.7627831],[-4.4212522,36.7623949],[-4.4216519,36.7620688],[-4.4218455,36.7615577],[-4.4220068,36.7614165],[-4.4244825,36.7608037],[-4.4244314,36.7607207],[-4.4239379,36.7608985],[-4.4223928,36.7611898],[-4.4219323,36.7613589],[-4.4217685,36.761508],[-4.4215724,36.7620011],[-4.4212001,36.7623273],[-4.4205895,36.7625181],[-4.4203897,36.7626951],[-4.4202073,36.7627448],[-4.4204133,36.7630406],[-4.4200509,36.7631783],[-4.4194403,36.7637569],[-4.4194577,36.7638603]],[[-4.4249489,36.7639014],[-4.4248745,36.7640055],[-4.4249958,36.7639228],[-4.4249489,36.7639014]],[[-4.4263429,36.7648998],[-4.4260421,36.7650811],[-4.4261501,36.7652024],[-4.4266694,36.7653143],[-4.4263429,36.7648998]],[[-4.4444219,36.7652142],[-4.4444897,36.765213],[-4.4444203,36.765155],[-4.4444219,36.7652142]],[[-4.4308148,36.7665637],[-4.4310568,36.766643],[-4.4310801,36.7667403],[-4.4308573,36.7669096],[-4.4306229,36.766931],[-4.4303245,36.7670904],[-4.430334,36.7671875],[-4.4306525,36.7671589],[-4.4310079,36.7672449],[-4.4311347,36.7673956],[-4.4303347,36.7677632],[-4.4297386,36.7684659],[-4.4295535,36.768513],[-4.4295598,36.7687928],[-4.4289505,36.7693182],[-4.4289155,36.7696997],[-4.4289404,36.7697793],[-4.4290491,36.7697228],[-4.4292279,36.769475],[-4.4296509,36.7694187],[-4.4299168,36.7700312],[-4.4296048,36.7703507],[-4.4296265,36.7704144],[-4.4302516,36.7704838],[-4.4304528,36.7707342],[-4.4305494,36.7710747],[-4.4305226,36.7715402],[-4.4306213,36.771687],[-4.4311646,36.7719574],[-4.4313746,36.7722649],[-4.4317572,36.7720933],[-4.4319898,36.7721567],[-4.4320642,36.772022],[-4.4324736,36.7719425],[-4.4325477,36.7718382],[-4.4328622,36.7719675],[-4.433395,36.7720022],[-4.4340146,36.7719164],[-4.4347229,36.7719484],[-4.4351978,36.7720405],[-4.4353831,36.7721681],[-4.4352624,36.7722555],[-4.4340148,36.7723033],[-4.4335541,36.7725697],[-4.4334477,36.7728629],[-4.4335698,36.7737347],[-4.433927,36.7739445],[-4.4339045,36.7740798],[-4.434221,36.774095],[-4.4342064,36.7740139],[-4.4346102,36.7739674],[-4.4346258,36.7740545],[-4.4349284,36.7739963],[-4.4347629,36.7738012],[-4.4346204,36.7733556],[-4.4346572,36.7730352],[-4.4347997,36.7730021],[-4.4352226,36.7734145],[-4.4355126,36.7740546],[-4.4356743,36.7741791],[-4.435726,36.7741141],[-4.435569,36.7737496],[-4.4355802,36.7731411],[-4.4357325,36.773012],[-4.4362569,36.7729399],[-4.4367466,36.7729759],[-4.4368095,36.7730371],[-4.4367915,36.7732098],[-4.437079,36.7734545],[-4.437465,36.7734407],[-4.4377009,36.7732683],[-4.4378775,36.7733546],[-4.4378459,36.7731955],[-4.4373372,36.7733018],[-4.4372299,36.7731495],[-4.4373708,36.7728883],[-4.437353,36.7727852],[-4.4371958,36.7726844],[-4.4374743,36.7725261],[-4.4374519,36.7722418],[-4.4373999,36.7720367],[-4.4370161,36.7717524],[-4.4369731,36.7715863],[-4.4371136,36.7715546],[-4.4372624,36.7712355],[-4.4364615,36.7712094],[-4.4363513,36.7710723],[-4.4364684,36.7708578],[-4.436703,36.7708091],[-4.4365013,36.7706311],[-4.4358841,36.7708888],[-4.4355561,36.7708816],[-4.4351473,36.7706333],[-4.4347116,36.7707161],[-4.4342309,36.7706153],[-4.4336137,36.7706928],[-4.4335026,36.7704841],[-4.4337366,36.7697689],[-4.433539,36.7696268],[-4.4333413,36.7692418],[-4.433038,36.768957],[-4.4322017,36.7689],[-4.4323116,36.7686082],[-4.4325286,36.768361],[-4.4329166,36.7681327],[-4.4348113,36.7682176],[-4.4348697,36.7681241],[-4.4351887,36.7680409],[-4.4353894,36.768097],[-4.4355592,36.7680266],[-4.4356244,36.7678824],[-4.4358803,36.7679497],[-4.435852,36.7677443],[-4.4361042,36.7675159],[-4.4360875,36.7672945],[-4.4361874,36.7672422],[-4.4360992,36.7669395],[-4.4361371,36.7667536],[-4.435943,36.7661219],[-4.435746,36.7657977],[-4.4351874,36.7654409],[-4.4348727,36.7653435],[-4.4337415,36.7653451],[-4.4323905,36.7650807],[-4.4321099,36.7649177],[-4.4321215,36.7647282],[-4.4322761,36.7646235],[-4.433058,36.7647116],[-4.4333942,36.7646702],[-4.4337181,36.7644976],[-4.4347159,36.7644886],[-4.4349152,36.764344],[-4.4351001,36.7643937],[-4.4353578,36.7642996],[-4.4355181,36.7643717],[-4.4356531,36.7643001],[-4.4347684,36.7639656],[-4.4345726,36.7640808],[-4.4345453,36.7640278],[-4.4347055,36.7638582],[-4.4346786,36.7636084],[-4.4353514,36.7635069],[-4.4355473,36.7636861],[-4.435762,36.7636103],[-4.4356567,36.7635399],[-4.4356638,36.7632561],[-4.4347865,36.7630403],[-4.4348251,36.762841],[-4.4347422,36.7627547],[-4.4349382,36.7625985],[-4.4350831,36.7622587],[-4.4351103,36.7617128],[-4.4350325,36.7615126],[-4.4351237,36.7612672],[-4.4351323,36.7607452],[-4.4353756,36.7606521],[-4.4353879,36.7605607],[-4.4356164,36.760502],[-4.4345875,36.759986],[-4.4345366,36.7591433],[-4.4343555,36.7590069],[-4.434291,36.7588452],[-4.4335111,36.7584574],[-4.4331291,36.7584617],[-4.4323709,36.7594234],[-4.4316634,36.7599468],[-4.4310912,36.7602561],[-4.4300701,36.7605869],[-4.4299239,36.76074],[-4.429851,36.7610856],[-4.4301991,36.7613388],[-4.4300689,36.7619193],[-4.429834,36.7622563],[-4.4298604,36.762509],[-4.4297281,36.762612],[-4.4298858,36.7625773],[-4.4303583,36.762181],[-4.4305463,36.762249],[-4.430488,36.7624111],[-4.4302086,36.7626967],[-4.4299731,36.7636819],[-4.4296422,36.7639378],[-4.4292699,36.7645598],[-4.429366,36.7652395],[-4.4295341,36.7657653],[-4.4301344,36.7662367],[-4.4303965,36.7665645],[-4.4308148,36.7665637]],[[-4.4419534,36.7704923],[-4.4419757,36.770472],[-4.4419231,36.7704709],[-4.4419534,36.7704923]],[[-4.4454375,36.773954],[-4.4453833,36.774016],[-4.4454726,36.7740675],[-4.445538,36.7739945],[-4.4454375,36.773954]],[[-4.3594798,36.7748766],[-4.3592733,36.7748766],[-4.3588026,36.7751422],[-4.3585683,36.7753681],[-4.358743,36.775481],[-4.3592832,36.7753013],[-4.3596148,36.7750929],[-4.3594798,36.7748766]],[[-4.4326883,36.7797111],[-4.4327012,36.7797968],[-4.43277,36.7797901],[-4.4327571,36.7797044],[-4.4326883,36.7797111]],[[-4.442056,36.8019693],[-4.4417656,36.8022625],[-4.4418203,36.8023333],[-4.4422328,36.8023771],[-4.4424096,36.8022861],[-4.4423675,36.8021378],[-4.442056,36.8019693]],[[-4.4356672,36.8038681],[-4.4353896,36.8034294],[-4.4346731,36.8032189],[-4.4346384,36.8032785],[-4.4351788,36.8037172],[-4.4356672,36.8038681]],[[-4.4172207,36.8085257],[-4.4172764,36.8085256],[-4.4172205,36.8084756],[-4.4172207,36.8085257]],[[-4.389479,36.8179586],[-4.3896331,36.817896],[-4.3895481,36.8177767],[-4.3894129,36.8178264],[-4.389479,36.8179586]],[[-4.443384,36.8259774],[-4.4433315,36.8258375],[-4.4423611,36.8256975],[-4.4423699,36.8261174],[-4.4425097,36.8262783],[-4.442807,36.8263763],[-4.443078,36.8263413],[-4.4433315,36.8261874],[-4.443384,36.8259774]],[[-4.4391527,36.8257815],[-4.4388467,36.8263273],[-4.4388729,36.8267822],[-4.4391002,36.8267752],[-4.4397034,36.8260824],[-4.4393975,36.8257535],[-4.4391527,36.8257815]],[[-4.4156628,36.8267274],[-4.4155941,36.8268545],[-4.4157528,36.8269095],[-4.4158215,36.8267824],[-4.4156628,36.8267274]],[[-4.3343005,36.7137978],[-4.3342894,36.7140358],[-4.3343732,36.7138065],[-4.3343005,36.7137978]],[[-4.3353795,36.7211413],[-4.3353852,36.7211621],[-4.335438,36.721131],[-4.3353795,36.7211413]],[[-4.3407978,36.7320812],[-4.3407415,36.7321331],[-4.3408415,36.7321117],[-4.3407978,36.7320812]],[[-4.3347097,36.7374514],[-4.3346443,36.7374666],[-4.3347352,36.7375031],[-4.3347097,36.7374514]],[[-4.3447069,36.7498257],[-4.3446498,36.7497833],[-4.3446427,36.7498608],[-4.3447069,36.7498257]],[[-4.3397471,36.7468753],[-4.3399537,36.746669],[-4.3399027,36.7463875],[-4.3396345,36.7461059],[-4.3393233,36.7459426],[-4.3392576,36.7457276],[-4.3393756,36.7451216],[-4.3391168,36.7447798],[-4.3388533,36.7447105],[-4.3387789,36.7447572],[-4.339031,36.7448948],[-4.3391436,36.7451968],[-4.3389411,36.7458233],[-4.3390846,36.7460457],[-4.3396854,36.7465272],[-4.3395272,36.7467227],[-4.33874,36.7469774],[-4.3386796,36.7471773],[-4.3393421,36.7477458],[-4.3392563,36.7486721],[-4.3397632,36.7494651],[-4.3399993,36.749593],[-4.3402259,36.7498509],[-4.3401119,36.7502399],[-4.3399282,36.7503301],[-4.3392,36.7510726],[-4.3390404,36.7513896],[-4.3390659,36.7516765],[-4.3393394,36.7517969],[-4.3397042,36.7516787],[-4.3400985,36.7517045],[-4.341225,36.7524137],[-4.3425286,36.7535075],[-4.3427083,36.7539008],[-4.3425286,36.7541608],[-4.3415952,36.7546229],[-4.3408495,36.7553363],[-4.3409219,36.755534],[-4.3417105,36.7557167],[-4.3418419,36.7558467],[-4.3418393,36.7561798],[-4.3418983,36.7561701],[-4.3418768,36.7557489],[-4.3417212,36.7556264],[-4.341284,36.7555211],[-4.3411687,36.7554373],[-4.3411365,36.7552547],[-4.3416193,36.7547862],[-4.342432,36.7544681],[-4.3429041,36.7541286],[-4.342998,36.7538428],[-4.342829,36.7534796],[-4.3413578,36.7523417],[-4.3401736,36.7516121],[-4.3398008,36.7515175],[-4.3394226,36.7515347],[-4.3393126,36.7514229],[-4.3392532,36.7511504],[-4.3396506,36.7508915],[-4.3398383,36.7505676],[-4.3401495,36.7503591],[-4.3402849,36.75017],[-4.3403372,36.7498627],[-4.3402728,36.7496198],[-4.3398853,36.7493781],[-4.339377,36.748614],[-4.3393636,36.7482637],[-4.339495,36.7478994],[-4.3394977,36.7475094],[-4.3388955,36.7471182],[-4.3389787,36.7469882],[-4.3397471,36.7468753]],[[-4.3110708,36.7678994],[-4.311025,36.767934],[-4.3111123,36.7679377],[-4.3110708,36.7678994]],[[-4.3109601,36.7679193],[-4.3109346,36.7679381],[-4.3109831,36.7679401],[-4.3109601,36.7679193]],[[-4.3110279,36.7680666],[-4.3110379,36.7681545],[-4.3111362,36.7681467],[-4.3111262,36.7680588],[-4.3110279,36.7680666]],[[-4.3097401,36.7748424],[-4.309777,36.7748492],[-4.3097556,36.7747882],[-4.3097401,36.7748424]],[[-4.3095643,36.7749816],[-4.3095892,36.7749883],[-4.3095773,36.7749577],[-4.3095643,36.7749816]],[[-4.3143124,36.7754724],[-4.3143454,36.7753804],[-4.3142706,36.7754627],[-4.3143124,36.7754724]],[[-4.2999172,36.783846],[-4.2999128,36.784079],[-4.3001641,36.7842943],[-4.3002831,36.7842943],[-4.300477,36.7841002],[-4.3002126,36.7837401],[-4.2999172,36.783846]],[[-4.3206748,36.7878171],[-4.3206629,36.7877485],[-4.3206405,36.787821],[-4.3206748,36.7878171]],[[-4.2927449,36.7902881],[-4.2927014,36.7903438],[-4.2927771,36.7903042],[-4.2927449,36.7902881]],[[-4.2973415,36.7911624],[-4.2973407,36.7911175],[-4.2973056,36.7911628],[-4.2973415,36.7911624]],[[-4.3156059,36.7986368],[-4.3155696,36.7986163],[-4.3155572,36.7986919],[-4.3156059,36.7986368]],[[-4.3282278,36.7993483],[-4.3283076,36.7994213],[-4.3283224,36.7993198],[-4.3282278,36.7993483]],[[-4.3323192,36.8207973],[-4.3323594,36.8208224],[-4.3323312,36.8207768],[-4.3323192,36.8207973]],[[-4.3131343,36.8333154],[-4.312807,36.8333412],[-4.3122706,36.8336009],[-4.3121392,36.8337791],[-4.3121338,36.8339208],[-4.3122143,36.8340174],[-4.3123537,36.8340281],[-4.3132201,36.8333927],[-4.3131343,36.8333154]],[[-4.2961322,36.8587522],[-4.2956938,36.8587051],[-4.2956611,36.8591475],[-4.2958247,36.8592182],[-4.2959621,36.8591711],[-4.2961322,36.8587522]],[[-4.3364457,36.8589905],[-4.3364755,36.8589983],[-4.3364601,36.8589553],[-4.3364457,36.8589905]]],[[[-4.3169501,36.7387709],[-4.3163595,36.7389487],[-4.3144184,36.7387958],[-4.3137831,36.7385383],[-4.3134907,36.7381961],[-4.3126111,36.7383296],[-4.3122668,36.7384843],[-4.3120851,36.7383675],[-4.3105323,36.7387606],[-4.3087359,36.7385009],[-4.3073602,36.7386152],[-4.3066975,36.7385053],[-4.3060484,36.7385304],[-4.3054906,36.7386627],[-4.3040777,36.7386782],[-4.3030084,36.7391183],[-4.3031154,36.7385751],[-4.3030942,36.737826],[-4.3029756,36.7374274],[-4.3030265,36.7373344],[-4.3035884,36.7372911],[-4.3039819,36.7371477],[-4.3045237,36.7367101],[-4.3046035,36.7365244],[-4.3050744,36.7363193],[-4.3054748,36.7357423],[-4.3058288,36.735486],[-4.3062181,36.7353285],[-4.3066091,36.7352701],[-4.308817,36.7353631],[-4.3106916,36.7349548],[-4.3115698,36.7345666],[-4.3119617,36.7345623],[-4.3125016,36.7347005],[-4.3133465,36.734281],[-4.3138248,36.7338554],[-4.3147888,36.733558],[-4.3154532,36.7330905],[-4.3161138,36.7317671],[-4.3164645,36.7313215],[-4.3167963,36.7310745],[-4.3170782,36.7310101],[-4.318297069220656,36.73134498879286],[-4.3183852,36.732146],[-4.3180041,36.7325998],[-4.3178362,36.7330235],[-4.3179271,36.7334654],[-4.3178763,36.7341532],[-4.3179944,36.7352365],[-4.3181656,36.7357801],[-4.318143,36.7362926],[-4.3179201,36.736598],[-4.3172451,36.7366342],[-4.3170352,36.7365333],[-4.3168543,36.7365644],[-4.3165701,36.7367611],[-4.3167219,36.7373848],[-4.317539,36.7379827],[-4.3176521,36.7382519],[-4.317505468722418,36.738735188929155],[-4.3169501,36.7387709]]],[[[-4.315386203152992,36.712454638690616],[-4.3154403,36.7124415],[-4.3157915,36.7124237],[-4.315386203152992,36.712454638690616]]],[[[-4.4048692,36.7196113],[-4.4048892,36.7196119],[-4.4048492,36.7196108],[-4.4048692,36.7196113]]],[[[-4.4259762,36.7099248],[-4.4262447,36.7098588],[-4.425679,36.7099983],[-4.4259762,36.7099248]]],[[[-4.4353313,36.698952],[-4.4353504,36.6989223],[-4.4353122,36.6989817],[-4.4353313,36.698952]]],[[[-4.4459017,36.6798728],[-4.4459118,36.6798514],[-4.4458891,36.6799037],[-4.4459017,36.6798728]]],[[[-4.4477644,36.6761186],[-4.4478363,36.6760204],[-4.4476926,36.6762169],[-4.4477644,36.6761186]]],[[[-4.4485037,36.6746427],[-4.4486665,36.6743604],[-4.44837,36.6748936],[-4.4485037,36.6746427]]],[[[-4.448622,36.6743275],[-4.448742,36.6742337],[-4.4490313,36.6733748],[-4.4492868,36.6733999],[-4.454433,36.6651704],[-4.4545287,36.6646006],[-4.4543748,36.6640533],[-4.4544704,36.6643169],[-4.4545627,36.6643095],[-4.4546665,36.6642763],[-4.4547298,36.6640269],[-4.4547983,36.6640131],[-4.4554774,36.6647418],[-4.4556844,36.665165],[-4.4557464,36.6651352],[-4.4555867,36.6646731],[-4.454901,36.6639372],[-4.4549469,36.6638897],[-4.4551585,36.6641528],[-4.4554486,36.6641725],[-4.4560694,36.6639606],[-4.4561242,36.6637569],[-4.4567767,36.6633165],[-4.4573318,36.6630579],[-4.4573673,36.6628481],[-4.4571276,36.6626709],[-4.4571886,36.6626177],[-4.4573715,36.6627529],[-4.4579003,36.6624108],[-4.4582592,36.6620494],[-4.4583874,36.6617036],[-4.4585833,36.6617434],[-4.4590016,36.6620319],[-4.4592021,36.6620441],[-4.4594418,36.6623806],[-4.4597054,36.6623923],[-4.4599862,36.6623071],[-4.4608492,36.6617704],[-4.462696,36.6600208],[-4.4625165,36.6598915],[-4.4625927,36.6597861],[-4.4627095,36.6596994],[-4.462848,36.6597119],[-4.4629881,36.6598705],[-4.4639905,36.6589258],[-4.4647663,36.6579947],[-4.4655414,36.6568705],[-4.4669254,36.6554701],[-4.4691685,36.6528686],[-4.4698706,36.6522423],[-4.4712955,36.6506707],[-4.474107,36.6473572],[-4.4752189,36.6463187],[-4.4759902,36.6466986],[-4.4803404,36.6482963],[-4.4816857,36.6488715],[-4.4821442,36.6489373],[-4.4828989,36.6486342],[-4.4835897,36.6485715],[-4.4875047,36.6494253],[-4.48847,36.6495349],[-4.4888727,36.6494154],[-4.4892732,36.6491089],[-4.4914782,36.649981],[-4.4922933,36.6498167],[-4.4928512,36.6498899],[-4.4931999,36.6500707],[-4.4935486,36.6506732],[-4.4934198,36.6510476],[-4.4923705,36.6519232],[-4.4921315,36.6523956],[-4.4933984,36.6522934],[-4.4941226,36.652059],[-4.4948924,36.6520052],[-4.4956702,36.652115],[-4.4961557,36.6520181],[-4.4964829,36.6515964],[-4.4966814,36.6511574],[-4.4970516,36.6508346],[-4.4975291,36.6502147],[-4.497289,36.6500567],[-4.4973858,36.6497935],[-4.4985027,36.6487538],[-4.4989363,36.6484558],[-4.4990014,36.6485112],[-4.4999391,36.6475536],[-4.4995635,36.6474349],[-4.4999659,36.646611],[-4.5000517,36.6454016],[-4.5004755,36.6451734],[-4.5016071,36.6452592],[-4.5019121,36.6451972],[-4.5023674,36.6455528],[-4.5025422,36.645494],[-4.5022199,36.6450198],[-4.502413,36.6443957],[-4.5027188,36.6440169],[-4.502531,36.6428957],[-4.5026407,36.6424035],[-4.5027952,36.6422046],[-4.5032871,36.6425014],[-4.5036298,36.6421601],[-4.5039667,36.6420202],[-4.5040902,36.6418487],[-4.504257,36.6412714],[-4.5038885,36.6406112],[-4.5041088,36.6402917],[-4.5041346,36.6400258],[-4.5039907,36.6396375],[-4.5041117,36.6395472],[-4.504734,36.6395891],[-4.5051356,36.6397361],[-4.5056835,36.6396645],[-4.5059096,36.6395022],[-4.5069244,36.6391335],[-4.5090847,36.6374741],[-4.5093128,36.6379258],[-4.5093304,36.639405],[-4.5099524,36.6403481],[-4.5099577,36.6405638],[-4.5109275,36.6406272],[-4.5113545,36.6405807],[-4.5117445,36.6404285],[-4.5118974,36.6402381],[-4.5125193,36.6398871],[-4.5135773,36.6394474],[-4.5151021,36.6392231],[-4.5166781,36.63913],[-4.516657,36.6387959],[-4.5173633,36.6387182],[-4.5202359,36.6379627],[-4.5212637,36.6375778],[-4.5228292,36.6366854],[-4.5234459,36.6365416],[-4.5245159,36.636567],[-4.5250939,36.6366756],[-4.5269695,36.6366641],[-4.5280157,36.6362455],[-4.5288749,36.6356619],[-4.5297076,36.6358377],[-4.5300215,36.6369352],[-4.5302611,36.6372522],[-4.5312568,36.6380277],[-4.5317475,36.6383053],[-4.5322535,36.6388213],[-4.5338809,36.639546],[-4.5349166,36.6401573],[-4.534889,36.6402889],[-4.5357746,36.6416358],[-4.5376445,36.6441429],[-4.5376041,36.6449151],[-4.5385825,36.6457553],[-4.5368339,36.646049],[-4.5346479,36.6461922],[-4.5348536,36.6494226],[-4.5331075,36.6500876],[-4.5323508,36.650692],[-4.5308611,36.6524008],[-4.5301502,36.6533708],[-4.5298131,36.6540077],[-4.5292352,36.6555977],[-4.5292831,36.6556883],[-4.5291821,36.656257],[-4.5288987,36.6603538],[-4.5285481,36.6615684],[-4.5281014,36.6638028],[-4.5282242,36.6649655],[-4.5281632,36.6658793],[-4.5283753,36.666212],[-4.5272334,36.6664929],[-4.5265689,36.6667875],[-4.5254675,36.6669848],[-4.5255713,36.669586],[-4.5267756,36.6698539],[-4.5269665,36.6696395],[-4.5273864,36.6696804],[-4.5276322,36.669915],[-4.527529,36.6705382],[-4.5256999,36.6709072],[-4.5244458,36.6735325],[-4.5254569,36.6745156],[-4.5255052,36.6751398],[-4.5246461,36.6772956],[-4.5240855,36.677571],[-4.523703133961551,36.67813878445182],[-4.5221733,36.6788809],[-4.5215601,36.6793282],[-4.52087,36.6775911],[-4.5207498,36.6776133],[-4.5213229,36.6795258],[-4.5163918,36.6878966],[-4.5156858,36.6885385],[-4.5133252,36.6899506],[-4.5129245,36.6902766],[-4.5121407,36.6912806],[-4.5115399,36.6925109],[-4.5110357,36.6930313],[-4.510172,36.6935303],[-4.5084201,36.6942092],[-4.5079511,36.6942357],[-4.5016963,36.6920133],[-4.4987547,36.6907167],[-4.4965199,36.6901644],[-4.4948934,36.6898538],[-4.4930921,36.6893126],[-4.490551,36.6884502],[-4.4884485,36.6873726],[-4.4875151,36.6870301],[-4.4867131,36.6868988],[-4.4851105,36.6864236],[-4.4835543,36.6858187],[-4.4826742,36.6849809],[-4.4810833,36.6841604],[-4.4804504,36.6837328],[-4.4763061,36.6813827],[-4.4747736,36.6805873],[-4.473123,36.6794106],[-4.4723225,36.6787239],[-4.4720339,36.678203],[-4.4718704,36.6772713],[-4.4702914,36.6761747],[-4.4679953,36.6749695],[-4.4652681,36.6737953],[-4.4643116,36.6732988],[-4.462426,36.6722873],[-4.4602256,36.6709255],[-4.4575525,36.6679875],[-4.4552981,36.6657059],[-4.4552801,36.6655116],[-4.4547737,36.6649287],[-4.4547497,36.6651319],[-4.4550478,36.6654244],[-4.4550629,36.6656591],[-4.454642,36.6660948],[-4.4546243,36.6663025],[-4.4549319,36.6664494],[-4.4563107,36.6677138],[-4.4571984,36.6687234],[-4.4594737,36.6708613],[-4.4620472,36.6726373],[-4.4627005,36.6729357],[-4.4635156,36.6735197],[-4.4670145,36.6749968],[-4.4684869,36.6757234],[-4.4687375,36.6757554],[-4.4709731,36.6769939],[-4.4714708,36.6773899],[-4.4717511,36.6779882],[-4.4717628,36.6784439],[-4.4720204,36.6787881],[-4.4711756,36.6785251],[-4.4691379,36.6781309],[-4.4672112,36.6778642],[-4.4640516,36.677613],[-4.4594489,36.6775958],[-4.4570457,36.6773549],[-4.4548248,36.6769247],[-4.4526361,36.6762879],[-4.4510523,36.6756526],[-4.448622,36.6743275]],[[-4.5214789,36.6648722],[-4.521499,36.6646141],[-4.5212214,36.6645205],[-4.5210738,36.6646883],[-4.5211101,36.6648002],[-4.5214789,36.6648722]],[[-4.5209989,36.6654399],[-4.520999,36.6654698],[-4.521066,36.6654398],[-4.5209989,36.6654399]],[[-4.5210563,36.6656567],[-4.5210036,36.6656597],[-4.5210579,36.6656739],[-4.5210563,36.6656567]],[[-4.4749767,36.6496093],[-4.4751408,36.6496961],[-4.4752176,36.6495447],[-4.4755144,36.6495432],[-4.4752034,36.6494199],[-4.4749748,36.6495264],[-4.4749767,36.6496093]],[[-4.4733457,36.6500752],[-4.4733277,36.6499916],[-4.4734651,36.6498448],[-4.4732623,36.6497718],[-4.4731722,36.6499619],[-4.4733457,36.6500752]],[[-4.4739329,36.6502837],[-4.4738761,36.6502206],[-4.4734472,36.6502176],[-4.4734406,36.6501168],[-4.4733396,36.6501176],[-4.47336,36.6502313],[-4.4730285,36.6501831],[-4.4726819,36.650605],[-4.4722492,36.650629],[-4.4723648,36.6507166],[-4.4722679,36.6508196],[-4.4724307,36.6508813],[-4.4725226,36.650698],[-4.4728745,36.6504931],[-4.4730371,36.650208],[-4.4738405,36.6503595],[-4.4739329,36.6502837]],[[-4.4777005,36.6523961],[-4.4767,36.6507639],[-4.4762105,36.6503346],[-4.4752597,36.6501097],[-4.4743464,36.6497654],[-4.4731618,36.6494632],[-4.4731124,36.6495088],[-4.4749151,36.6499805],[-4.4749749,36.650072],[-4.4759789,36.6502959],[-4.4763298,36.650445],[-4.4765682,36.6506843],[-4.4777005,36.6523961]],[[-4.4762139,36.6531819],[-4.4762852,36.6533048],[-4.476368,36.6530187],[-4.4764718,36.6529607],[-4.4762611,36.6530583],[-4.4762139,36.6531819]],[[-4.476334151080135,36.65353137743656],[-4.4762027,36.6536715],[-4.4762566,36.6537314],[-4.4764958,36.6535234],[-4.4766271,36.6532591],[-4.476328358381503,36.653380968786124],[-4.476334151080135,36.65353137743656]],[[-4.4701314,36.6542999],[-4.4702152,36.6541438],[-4.4701227,36.6541342],[-4.4699951,36.6543331],[-4.4701314,36.6542999]],[[-4.4704962,36.6552326],[-4.4706032,36.655155],[-4.4698979,36.6546526],[-4.4699075,36.654495],[-4.4696207,36.6545962],[-4.4703276,36.6549923],[-4.4702118,36.6551768],[-4.4704355,36.6550762],[-4.4704962,36.6552326]],[[-4.4817057,36.6552081],[-4.4804652,36.654526],[-4.4804169,36.654583],[-4.4816601,36.6552533],[-4.4817057,36.6552081]],[[-4.4682786,36.6559005],[-4.4684314,36.6559532],[-4.4683874,36.6558486],[-4.4680541,36.6556672],[-4.4682385,36.6554456],[-4.468436,36.655349],[-4.4683296,36.655219],[-4.4679754,36.6556628],[-4.4676806,36.6556746],[-4.4675695,36.6557322],[-4.4675472,36.6559693],[-4.4679368,36.6563648],[-4.4682717,36.656444],[-4.4682516,36.656314],[-4.4677401,36.6561562],[-4.4675904,36.6560083],[-4.4675718,36.6558411],[-4.4677208,36.6556994],[-4.4682617,36.655812],[-4.4682786,36.6559005]],[[-4.476763,36.6571221],[-4.4768751,36.6571836],[-4.4767795,36.6571027],[-4.476763,36.6571221]],[[-4.4769363,36.6572205],[-4.4770531,36.657284],[-4.4769529,36.657201],[-4.4769363,36.6572205]],[[-4.4709126,36.6600882],[-4.4707973,36.6598945],[-4.466119,36.6574075],[-4.4655267,36.6571662],[-4.4654811,36.6572501],[-4.470808,36.6601118],[-4.4709126,36.6600882]],[[-4.4708831,36.660355],[-4.4711299,36.6611016],[-4.4713841,36.6613644],[-4.4714678,36.6612694],[-4.4710086,36.6603295],[-4.4708831,36.660355]],[[-4.4959869,36.6627795],[-4.4959057,36.6626875],[-4.4957945,36.6627506],[-4.4958757,36.6628426],[-4.4959869,36.6627795]],[[-4.5025626,36.663514],[-4.5025762,36.6635382],[-4.5025947,36.6634981],[-4.5025626,36.663514]],[[-4.5140991,36.6636986],[-4.5140815,36.6637414],[-4.5141903,36.6637231],[-4.5140991,36.6636986]],[[-4.4945565,36.665459],[-4.4947135,36.6654429],[-4.4945783,36.6654067],[-4.4945565,36.665459]],[[-4.4989111,36.6679067],[-4.4989308,36.6678276],[-4.4987279,36.6677951],[-4.4987082,36.6678741],[-4.4989111,36.6679067]],[[-4.4804673,36.6696539],[-4.4804578,36.6696764],[-4.4805242,36.6696694],[-4.4804673,36.6696539]],[[-4.5031445,36.669798],[-4.5031585,36.669749],[-4.5030672,36.6697817],[-4.5031445,36.669798]],[[-4.4559165,36.669193],[-4.4555083,36.6691385],[-4.4549754,36.6692476],[-4.4545559,36.6694841],[-4.4530988,36.6704526],[-4.452804,36.6708119],[-4.4528777,36.6711347],[-4.4533483,36.6716804],[-4.4537848,36.6716395],[-4.4547089,36.6705936],[-4.4560242,36.6693431],[-4.4559165,36.669193]],[[-4.4521067,36.6708528],[-4.4518176,36.6711893],[-4.4517042,36.6714712],[-4.4520387,36.6718213],[-4.4522314,36.6718213],[-4.4525716,36.6714985],[-4.4525943,36.6711893],[-4.4523108,36.6707846],[-4.4521067,36.6708528]],[[-4.4556634,36.6723728],[-4.4564405,36.6721902],[-4.4564751,36.6722934],[-4.4561287,36.6726984],[-4.4556337,36.6731073],[-4.4561534,36.6730557],[-4.4562672,36.6732026],[-4.4563118,36.6735043],[-4.4564454,36.6732701],[-4.4562524,36.6729684],[-4.456391,36.6726428],[-4.4569157,36.672623],[-4.4572671,36.6725038],[-4.4581581,36.6716701],[-4.4576087,36.6712016],[-4.4574998,36.6708919],[-4.4572424,36.67061],[-4.4569206,36.6704195],[-4.4565098,36.6697128],[-4.4551109,36.670643],[-4.4548848,36.6712263],[-4.4550192,36.6714089],[-4.454713,36.6716741],[-4.4548466,36.6718091],[-4.454812,36.6720036],[-4.4552723,36.6721624],[-4.4553169,36.6723411],[-4.4552228,36.6724721],[-4.4553416,36.6725753],[-4.4556634,36.6723728]],[[-4.4528494,36.6716395],[-4.4522881,36.6720396],[-4.4522485,36.6723852],[-4.4526453,36.6722897],[-4.4529798,36.6716804],[-4.4528494,36.6716395]],[[-4.4560813,36.6723822],[-4.4556665,36.6725453],[-4.4552061,36.6728946],[-4.4553471,36.673021],[-4.4556001,36.6727981],[-4.4559983,36.6726451],[-4.4560813,36.6723822]],[[-4.4585645,36.6731077],[-4.4581353,36.673581],[-4.4577759,36.673723],[-4.4578885,36.673809],[-4.4579475,36.6737058],[-4.4581407,36.6736885],[-4.4584504,36.67383],[-4.4587247,36.6737896],[-4.4590258,36.6739123],[-4.4593745,36.6742866],[-4.4598358,36.6741833],[-4.4599914,36.6742264],[-4.4601845,36.6745275],[-4.4599377,36.6749449],[-4.460147,36.6749535],[-4.4603776,36.6746308],[-4.4605225,36.674549],[-4.4605171,36.6742005],[-4.4602972,36.6740414],[-4.4601738,36.6740586],[-4.4602113,36.6739596],[-4.4601309,36.6738477],[-4.4597446,36.6736369],[-4.4594496,36.6735853],[-4.4586664,36.6730991],[-4.4585645,36.6731077]],[[-4.4530498,36.6737505],[-4.4530547,36.6742944],[-4.4529854,36.6745048],[-4.452827,36.6746318],[-4.4525003,36.6745564],[-4.45204,36.6739331],[-4.451941,36.6733257],[-4.4516044,36.6728532],[-4.4512537,36.6726084],[-4.4512113,36.6727687],[-4.4511305,36.672712],[-4.4510579,36.6727929],[-4.4513607,36.6729484],[-4.4516998,36.67329],[-4.4519299,36.6742129],[-4.4518916,36.6743181],[-4.4519804,36.6744299],[-4.4525033,36.6747553],[-4.4527455,36.6747893],[-4.4528908,36.6747812],[-4.4531513,36.6744995],[-4.4532259,36.6742631],[-4.4532428,36.6734885],[-4.4534953,36.672881],[-4.4538071,36.6728254],[-4.4543516,36.6729604],[-4.4549852,36.6736314],[-4.4551202,36.6739676],[-4.4551739,36.6748539],[-4.4547125,36.6757359],[-4.455882,36.67605],[-4.4560805,36.6759725],[-4.4561877,36.675766],[-4.4561234,36.6756111],[-4.4559195,36.6754132],[-4.455662,36.6753487],[-4.4555762,36.6752239],[-4.4555019,36.6739125],[-4.454614,36.6729962],[-4.4541437,36.6727897],[-4.4536289,36.6727579],[-4.4533963,36.672889],[-4.4531884,36.6732344],[-4.4530498,36.6737505]],[[-4.4570785,36.676141],[-4.4575506,36.67627],[-4.457631,36.6761065],[-4.4579368,36.6761668],[-4.4581568,36.6760506],[-4.4584303,36.6760936],[-4.4586181,36.6760291],[-4.4585859,36.6759258],[-4.4587683,36.6755085],[-4.4580173,36.6750783],[-4.4575291,36.6750266],[-4.4573253,36.6751213],[-4.4569444,36.6755214],[-4.456703,36.6755902],[-4.4566279,36.6758097],[-4.4563329,36.6760076],[-4.4565689,36.6761711],[-4.4567298,36.6760893],[-4.4567406,36.6758269],[-4.4569659,36.6759646],[-4.4570785,36.676141]],[[-4.4651615,36.6761106],[-4.4651903,36.6761234],[-4.4651879,36.6760723],[-4.4651615,36.6761106]]],[[[-4.4548552,36.6639708],[-4.454901,36.6639372],[-4.4547983,36.6640131],[-4.4548552,36.6639708]]],[[[-4.5230886,36.6792096],[-4.5225006,36.6794267],[-4.5220735,36.6809333],[-4.5220791,36.6833203],[-4.5239727,36.6828908],[-4.52567,36.6827704],[-4.5261533,36.6846441],[-4.5260406,36.6851032],[-4.5261239,36.687135],[-4.5241375,36.6877941],[-4.5198092,36.6884867],[-4.5188459,36.6889494],[-4.519337,36.6893786],[-4.5183335,36.6909509],[-4.5175008,36.6924398],[-4.516987,36.6936436],[-4.5170455,36.6942223],[-4.5164922,36.6950589],[-4.5162473,36.6958757],[-4.5165567,36.696247],[-4.5169022235318,36.696354585778586],[-4.5165435,36.6964826],[-4.5160836,36.6964896],[-4.514894,36.6962808],[-4.5141302,36.6959871],[-4.5097334,36.6948356],[-4.5089732,36.6943959],[-4.5106466,36.6938089],[-4.5116633,36.6931432],[-4.5122319,36.6922743],[-4.5125913,36.691371],[-4.5131984,36.690574],[-4.5140229,36.6899257],[-4.5159375,36.6887802],[-4.5167274,36.6880958],[-4.51688,36.6879242],[-4.5169293,36.687645],[-4.5167814,36.6875116],[-4.5170402,36.6875215],[-4.5171851,36.6874054],[-4.5216125,36.6797804],[-4.5220346,36.6793356],[-4.523527931274614,36.678444076274],[-4.5230886,36.6792096]]],[[[-4.520978659992908,36.696584032617054],[-4.522597,36.6960092],[-4.524267347322135,36.695277102325655],[-4.5237532,36.6957647],[-4.5227612,36.6961499],[-4.520978659992908,36.696584032617054]]],[[[-4.526602346075275,36.694232892463546],[-4.5277622,36.693959],[-4.528435662547754,36.69401975485366],[-4.526602346075275,36.694232892463546]]],[[[-4.5354158,36.6972138],[-4.535943830669478,36.697275380421246],[-4.5355753,36.6973545],[-4.5350347,36.6972573],[-4.534625988156742,36.69685241931317],[-4.5354158,36.6972138]]],[[[-4.539174399266461,36.69570069337696],[-4.5395435,36.6953938],[-4.5400774,36.6952246],[-4.5407162,36.6947026],[-4.5412036,36.6944439],[-4.5418821,36.6942278],[-4.5425766,36.693696],[-4.5431542,36.6934721],[-4.5436346,36.6934299],[-4.5447682,36.6935864],[-4.5464699,36.6936004],[-4.5485516,36.6941503],[-4.5498138,36.6951344],[-4.5510256,36.6958397],[-4.5517097,36.6964618],[-4.5520819,36.69716],[-4.5521098,36.6974301],[-4.5519618,36.6978647],[-4.5512998,36.6989009],[-4.5508307,36.7000698],[-4.5508039,36.7009625],[-4.5509974,36.7011222],[-4.5518413,36.7013366],[-4.5529398,36.7014124],[-4.5541221,36.7017576],[-4.5547952,36.7018299],[-4.5554886,36.7017938],[-4.5583836,36.7010258],[-4.5591799,36.7011055],[-4.5606891,36.7010047],[-4.5615213,36.7011921],[-4.5619395,36.7013939],[-4.5624172,36.7017662],[-4.5630622,36.7026591],[-4.5632384,36.7030715],[-4.5634472,36.704538],[-4.563387,36.7048813],[-4.5629935,36.705905],[-4.5612946,36.7082529],[-4.561156083141864,36.708675625997245],[-4.5608258,36.7084108],[-4.5586854,36.7075808],[-4.5529937,36.7060713],[-4.5517331,36.7056455],[-4.5512932,36.7056111],[-4.5503169,36.7053531],[-4.5500672,36.7052264],[-4.5499754,36.705073],[-4.5499813,36.7047304],[-4.5505529,36.7028973],[-4.5505636,36.7026822],[-4.5504403,36.702321],[-4.5497483,36.7017145],[-4.548552,36.7011631],[-4.5473259,36.7007262],[-4.5455814,36.6998283],[-4.5447623,36.6991083],[-4.5430785,36.696669],[-4.542076,36.6960296],[-4.5404537,36.6957101],[-4.539174399266461,36.69570069337696]]],[[[-4.563926742125933,36.7115581795914],[-4.5648176,36.7124973],[-4.565687,36.7139641],[-4.5663624,36.7146944],[-4.5673528,36.7155016],[-4.567972313852014,36.71581887821889],[-4.5675474,36.7157817],[-4.5666676,36.7154635],[-4.5659112,36.7145475],[-4.565922,36.7144056],[-4.5657879,36.7141949],[-4.563926742125933,36.7115581795914]]],[[[-4.2918012,36.7779154],[-4.2877614,36.7789147],[-4.2880625,36.7794974],[-4.2880786,36.7797857],[-4.2877512,36.780312],[-4.2872992,36.7807586],[-4.2871705,36.7811025],[-4.2871889,36.781535],[-4.2876478,36.781503],[-4.2878842,36.7815636],[-4.2878575,36.7819785],[-4.287286,36.7826517],[-4.2871918,36.7830494],[-4.2872792,36.7842563],[-4.2872144,36.7844012],[-4.2866416,36.7843263],[-4.2852217,36.7838549],[-4.2848626,36.7838227],[-4.2825855,36.7843701],[-4.2818178,36.7840268],[-4.2816152,36.784651],[-4.2808201,36.7846866],[-4.2805212,36.7849061],[-4.2802835,36.7854405],[-4.2788964,36.7862667],[-4.2777568,36.7864773],[-4.2772302,36.7864829],[-4.277409,36.7857779],[-4.2753061,36.7846647],[-4.2740514,36.7846961],[-4.2737225,36.7844563],[-4.2734367,36.7841168],[-4.2734552,36.7838822],[-4.2739868,36.7834979],[-4.2747542,36.7831472],[-4.2759752,36.78244],[-4.2763733,36.7821202],[-4.2765472,36.7817939],[-4.2765408,36.7814063],[-4.2764086,36.7808669],[-4.2764619,36.780028],[-4.2763674,36.7797316],[-4.2760828,36.7794642],[-4.2754978,36.7793262],[-4.2750912,36.7791323],[-4.2747397,36.7788837],[-4.2744882,36.7785889],[-4.2743132,36.7781671],[-4.2743277,36.7776892],[-4.2744689,36.7774172],[-4.2747682,36.7772247],[-4.2761784,36.7771195],[-4.27668,36.7769609],[-4.2781226,36.7761071],[-4.2780191,36.7759459],[-4.277992,36.7756668],[-4.2782682,36.7754294],[-4.2806167,36.7744757],[-4.2814712,36.7739798],[-4.2823415,36.7737541],[-4.2826508,36.7734893],[-4.2830308,36.7727551],[-4.2834862,36.7725158],[-4.2845394,36.7725135],[-4.284243,36.7748964],[-4.2871154,36.7751268],[-4.2891727,36.7755282],[-4.2903436,36.775858],[-4.291482,36.7762513],[-4.2933799,36.7771682],[-4.2936721,36.7778861],[-4.2918012,36.7779154]],[[-4.2856344,36.7800867],[-4.2851214,36.7800439],[-4.2849968,36.7802328],[-4.2857412,36.7805392],[-4.2857145,36.7801568],[-4.2856344,36.7800867]],[[-4.2853037,36.7807293],[-4.285281,36.780562],[-4.2851556,36.7805729],[-4.2851783,36.7807402],[-4.2853037,36.7807293]]],[[[-4.4803807,36.6839934],[-4.4797324,36.6834941],[-4.4802134,36.6837004],[-4.4803807,36.6839934]]],[[[-4.5164835,36.7717354],[-4.5148011,36.7719864],[-4.5147806,36.7718391],[-4.5157683,36.7703059],[-4.5178303,36.7684614],[-4.5199273,36.7673647],[-4.5230849,36.7660967],[-4.5229604,36.7666711],[-4.5223976,36.7683292],[-4.5218572,36.7691301],[-4.5176074,36.7712607],[-4.5164835,36.7717354]]],[[[-4.5493967,36.7379362],[-4.5493921,36.7379975],[-4.5493697,36.7379701],[-4.5493967,36.7379362]]],[[[-4.4568213,36.6725058],[-4.4565316,36.6724369],[-4.4566818,36.6723078],[-4.4563492,36.6718862],[-4.4563277,36.6717313],[-4.4570251,36.6714989],[-4.4574435,36.6714559],[-4.4576367,36.6716194],[-4.4574757,36.6719206],[-4.4568213,36.6725058]]],[[[-4.4586267,36.6734864],[-4.4587044,36.6735886],[-4.4586508,36.6737446],[-4.4583767,36.6737445],[-4.4582874,36.6735488],[-4.4583437,36.6734509],[-4.4586267,36.6734864]]],[[[-4.4593327,36.6741743],[-4.459383,36.6740694],[-4.4595192,36.674135],[-4.4594347,36.674234],[-4.4593327,36.6741743]]],[[[-4.46035,36.6743254],[-4.4603634,36.6744265],[-4.4602561,36.674434],[-4.4602467,36.6743609],[-4.46035,36.6743254]]],[[[-4.4588654,36.6736736],[-4.4591839,36.6738037],[-4.4591725,36.6738849],[-4.458858,36.6737801],[-4.4588654,36.6736736]]],[[[-4.4718627,36.7155632],[-4.4719245,36.7155263],[-4.4719029,36.7156029],[-4.4718627,36.7155632]]],[[[-4.5127536,36.728665],[-4.512696,36.7285005],[-4.5128287,36.7285328],[-4.5129012,36.7286521],[-4.5127536,36.728665]]],[[[-4.432353,36.7053159],[-4.4324987,36.7052786],[-4.4325244,36.7054188],[-4.4323964,36.7054972],[-4.432353,36.7053159]]],[[[-4.4303544,36.7115768],[-4.4303241,36.7115775],[-4.4303573,36.7115526],[-4.4303544,36.7115768]]],[[[-4.4321098,36.7141496],[-4.4320374,36.7141148],[-4.4320485,36.7140004],[-4.4321505,36.7140849],[-4.4321098,36.7141496]]],[[[-4.4150605,36.7488772],[-4.4150749,36.7488843],[-4.4150534,36.7488898],[-4.4150605,36.7488772]]],[[[-4.4341868,36.7588322],[-4.4341785,36.7588746],[-4.4341338,36.7588256],[-4.4341868,36.7588322]]],[[[-4.4328413,36.7696951],[-4.4328275,36.7700818],[-4.4326666,36.7702254],[-4.432524,36.7699603],[-4.4327125,36.7696657],[-4.4328413,36.7696951]]]]}},{"type":"Feature","properties":{"id":"nororma","name":"Nororma","type":"island","members":["archidona","cuevas-bajas","cuevas-de-san-marcos","villanueva-de-algaidas","villanueva-de-tapia","villanueva-del-rosario","villanueva-del-trabuco"]},"geometry":{"type":"MultiPolygon","coordinates":[[[[-4.2824488,37.0652271],[-4.2816859,37.0626664],[-4.2813791,37.0611464],[-4.2812258,37.0587144],[-4.281001,37.0567158],[-4.2808286,37.0558253],[-4.2805207,37.0549002],[-4.279296,37.0522904],[-4.2769942,37.0484754],[-4.274433,37.043933],[-4.2723538,37.0399532],[-4.2719047,37.0359469],[-4.271649,37.0300456],[-4.2700361,37.0270342],[-4.2711665,37.0220015],[-4.2725096,37.0149023],[-4.2736939,37.0144749],[-4.2760849,37.012935],[-4.2790432,37.0103793],[-4.2796431,37.0099582],[-4.281435,37.0089023],[-4.2878071,37.0055253],[-4.2895636,37.0043885],[-4.2910892,37.0035517],[-4.293064,37.0020339],[-4.2942338,37.0014262],[-4.296131,37.0006394],[-4.2978042,36.999242],[-4.2994716,36.9981602],[-4.3018273,36.995935],[-4.3048315,36.9928644],[-4.3064772,36.9878977],[-4.30672,36.9863266],[-4.3067903,36.9851811],[-4.3071062,36.9846008],[-4.3073947,36.9843903],[-4.309247,36.9836397],[-4.3129582,36.9825261],[-4.3151564,36.9822945],[-4.3164038,36.9823077],[-4.3164831,36.9816939],[-4.3176167,36.9803203],[-4.3179754,36.9796222],[-4.3179121,36.9792083],[-4.3179274,36.9774865],[-4.318122,36.9770426],[-4.3190023,36.9766272],[-4.3208358,36.9748041],[-4.3215444,36.9742013],[-4.3291538,36.96924],[-4.3315364,36.9680144],[-4.3326982,36.9676409],[-4.3338687,36.9671229],[-4.3355919,36.967383],[-4.3364493,36.9675897],[-4.3380348,36.96768],[-4.3398623,36.9674791],[-4.3422005,36.96565],[-4.3460258,36.9659943],[-4.3469291,36.9668945],[-4.3483171,36.9685282],[-4.3503933,36.9715964],[-4.3514966,36.973639],[-4.3554465,36.9797143],[-4.357397,36.9857944],[-4.3587866,36.9868511],[-4.3598583,36.9870912],[-4.3600968,36.9872327],[-4.3608857,36.9879989],[-4.3616035,36.9900487],[-4.3624625,36.990099],[-4.3631408,36.9903256],[-4.3654617,36.9906685],[-4.3661394,36.990868],[-4.3670782,36.9918397],[-4.3675445,36.9921498],[-4.368803,36.9927753],[-4.3697357,36.9934045],[-4.3708909,36.993905],[-4.3718184,36.9948678],[-4.3730029,36.9951245],[-4.3774021,36.9985348],[-4.3790952,37.0001917],[-4.3847211,37.0049125],[-4.3869684,37.0048863],[-4.3941445,37.0051988],[-4.398686,37.0052536],[-4.4004374,37.0063777],[-4.4012891,37.0068544],[-4.4018891,37.0070907],[-4.4028235,37.0071788],[-4.4043801,37.006872],[-4.404729,37.0068949],[-4.4065122,37.0072974],[-4.4084925,37.0074181],[-4.4106135,37.0078527],[-4.4122748,37.0083467],[-4.4135326,37.0082957],[-4.4143465,37.0085474],[-4.4160754,37.0096535],[-4.4171716,37.0099739],[-4.4180707,37.0099722],[-4.4208385,37.0095245],[-4.4212897,37.0096092],[-4.421529,37.0097866],[-4.422348,37.0109125],[-4.4226452,37.0111794],[-4.4233703,37.0114861],[-4.4241458,37.0120898],[-4.4241493,37.012279],[-4.4238808,37.0129492],[-4.4238203,37.0133195],[-4.4239352,37.0134534],[-4.4246031,37.0137067],[-4.4250648,37.0137553],[-4.4260173,37.0135996],[-4.4262787,37.0137497],[-4.4264395,37.0139371],[-4.4265006,37.0141977],[-4.4250123,37.0169647],[-4.4245854,37.0181777],[-4.424634,37.0183754],[-4.4248858,37.0186158],[-4.4251458,37.0186938],[-4.4262029,37.0187171],[-4.4265216,37.0189296],[-4.4267192,37.0192788],[-4.4266892,37.0194774],[-4.4263346,37.0197521],[-4.4255764,37.0200857],[-4.4254812,37.0204023],[-4.4255651,37.0206807],[-4.4257717,37.0209126],[-4.4270134,37.02179],[-4.4286831,37.0227074],[-4.429459,37.02332],[-4.4301656,37.0244381],[-4.4308085,37.0251515],[-4.4313526,37.0253883],[-4.4315631,37.0252235],[-4.4321346,37.0239277],[-4.4327708,37.0236856],[-4.4333191,37.0241477],[-4.4335494,37.0244424],[-4.4341191,37.0260399],[-4.4347358,37.0271502],[-4.4353006,37.0278915],[-4.4364019,37.0290679],[-4.4366671,37.03121],[-4.4368706,37.0318655],[-4.4377406,37.0326932],[-4.4380422,37.0331853],[-4.4380831,37.0335634],[-4.4380223,37.0339156],[-4.4377792,37.0341439],[-4.4361876,37.0350015],[-4.4359221,37.03523],[-4.4358374,37.0355105],[-4.4359131,37.0359512],[-4.4364566,37.0367468],[-4.4378124,37.0376949],[-4.4385153,37.0385967],[-4.438622,37.0388929],[-4.4386382,37.0391541],[-4.4384853,37.0393903],[-4.437475,37.0400785],[-4.4372769,37.0403063],[-4.4376458,37.0413834],[-4.4392668,37.0408861],[-4.4418476,37.0423871],[-4.4451502,37.0445913],[-4.4457045,37.0477302],[-4.4464572,37.0506595],[-4.4466339,37.051081],[-4.4486411,37.0531476],[-4.4507676,37.0543835],[-4.4519119,37.0554151],[-4.452606,37.0564341],[-4.453084,37.0573206],[-4.4535128,37.0591631],[-4.4538701,37.0596184],[-4.457002,37.0646005],[-4.457577,37.0652604],[-4.458215,37.0656852],[-4.4584788,37.0659524],[-4.4590195,37.0677574],[-4.4600146,37.0692054],[-4.4615842,37.0701144],[-4.4628282,37.0710455],[-4.4639279,37.0720775],[-4.4678088,37.075004],[-4.4689226,37.07618],[-4.4694705,37.0765878],[-4.4707769,37.0772476],[-4.4711204,37.0775588],[-4.4721136,37.0794754],[-4.4731911,37.0834189],[-4.4796319,37.0837083],[-4.4846962,37.0837892],[-4.4917342,37.0841246],[-4.4918604,37.0876923],[-4.4921921,37.0925643],[-4.4924659,37.0939039],[-4.4925158,37.0958772],[-4.492757,37.0989928],[-4.4932657,37.1037003],[-4.4932358,37.1067652],[-4.4920165,37.1128826],[-4.4907283,37.1183608],[-4.4896261,37.1235753],[-4.4896427,37.1249992],[-4.4904165,37.1282973],[-4.4904605,37.1293964],[-4.4893195,37.1320606],[-4.4837632,37.1478853],[-4.4855061,37.1489181],[-4.4861719,37.1495677],[-4.4861973,37.1497116],[-4.4850034,37.1531516],[-4.4843332,37.1557377],[-4.4840347,37.1565977],[-4.4831319,37.1582314],[-4.4819459,37.1592016],[-4.480984,37.160115],[-4.4782155,37.1631059],[-4.4769211,37.1648796],[-4.4752126,37.1667936],[-4.4746983,37.1669893],[-4.4742535,37.1672833],[-4.4671117,37.1747897],[-4.4628949,37.1798352],[-4.4605902,37.1824144],[-4.4573102,37.1858347],[-4.4622936,37.1895498],[-4.4630133,37.1906496],[-4.4642295,37.1917882],[-4.4654082,37.192729],[-4.4668151,37.1944061],[-4.4671744,37.1949244],[-4.466153,37.1968749],[-4.4662919,37.1970624],[-4.4666671,37.1972381],[-4.4670716,37.1977648],[-4.467277,37.1978975],[-4.4675012,37.1978406],[-4.4677901,37.1976297],[-4.4680537,37.1978608],[-4.4682413,37.198237],[-4.4682965,37.1987591],[-4.4685173,37.1991079],[-4.4699294,37.1992977],[-4.4707702,37.1996568],[-4.4715435,37.2006026],[-4.4725678,37.2011306],[-4.472832,37.2013887],[-4.4732327,37.202294],[-4.4735426,37.2025876],[-4.4738957,37.2027815],[-4.4742352,37.2028584],[-4.4752854,37.2029715],[-4.475627,37.2031565],[-4.4760646,37.2036378],[-4.4768499,37.2040426],[-4.4769547,37.2042125],[-4.4767704,37.2045844],[-4.4767529,37.204846],[-4.4772905,37.2052539],[-4.4775467,37.2062601],[-4.4781355,37.2069829],[-4.4777414,37.2075736],[-4.4777113,37.2077633],[-4.4783442,37.2084404],[-4.4783176,37.2088102],[-4.4783912,37.2091158],[-4.4792561,37.2095466],[-4.479453,37.2098236],[-4.479531,37.2103543],[-4.4797319,37.2108295],[-4.479356,37.2112038],[-4.4794625,37.2120407],[-4.4796268,37.2123721],[-4.4795451,37.2128057],[-4.4800681,37.2130426],[-4.4801494,37.2131677],[-4.4801227,37.2141054],[-4.479776,37.2148218],[-4.479825,37.2150195],[-4.4802251,37.2153119],[-4.4802994,37.2156535],[-4.4807946,37.2161971],[-4.4808702,37.2171785],[-4.4815078,37.2175131],[-4.4817667,37.2180686],[-4.4819938,37.2181559],[-4.4821904,37.2184148],[-4.4824413,37.2185649],[-4.4834579,37.2186784],[-4.4836406,37.2188023],[-4.4837602,37.2191523],[-4.484209,37.2196243],[-4.4842678,37.2203266],[-4.4844205,37.2206402],[-4.4845117,37.2212699],[-4.4851294,37.2217309],[-4.4851928,37.2220906],[-4.4851535,37.2223885],[-4.4852243,37.2225499],[-4.4856136,37.2228605],[-4.4856278,37.2235813],[-4.486248,37.2241684],[-4.4863043,37.2247446],[-4.4872038,37.2252019],[-4.4873786,37.2254972],[-4.4878948,37.2259504],[-4.4882577,37.2266398],[-4.4889498,37.2274423],[-4.4890222,37.2276848],[-4.4886072,37.2289338],[-4.4890059,37.2297219],[-4.488897,37.2304894],[-4.4889263,37.2308316],[-4.4890758,37.2309829],[-4.4899498,37.2312874],[-4.4903307,37.2317422],[-4.490485,37.2321369],[-4.4902197,37.2335463],[-4.4912067,37.2355798],[-4.4912476,37.2359399],[-4.4911226,37.2376089],[-4.4911644,37.2385818],[-4.4896827,37.2389069],[-4.4889732,37.2389429],[-4.4884182,37.2388146],[-4.4879499,37.2385051],[-4.487647,37.2380041],[-4.4869163,37.2375356],[-4.4856996,37.2370011],[-4.4824884,37.2376633],[-4.4813343,37.2380202],[-4.4807989,37.2383154],[-4.4804901,37.2386617],[-4.4801763,37.2393326],[-4.4801407,37.2398198],[-4.4803656,37.2409436],[-4.480317,37.2419177],[-4.4800832,37.2432185],[-4.4783484,37.2438711],[-4.4778155,37.2442924],[-4.4775534,37.2447283],[-4.4773851,37.2453433],[-4.477447,37.2456309],[-4.4779071,37.2460939],[-4.4784546,37.2464205],[-4.480578,37.2471871],[-4.4815384,37.2472923],[-4.4821187,37.2475644],[-4.4832042,37.2482989],[-4.4848352,37.2492519],[-4.4853409,37.2497412],[-4.4857022,37.2503406],[-4.4859982,37.2510579],[-4.4859743,37.251563],[-4.4857232,37.2519807],[-4.4851805,37.2524833],[-4.4825234,37.2538325],[-4.4816146,37.2546371],[-4.4796247,37.2549414],[-4.4785857,37.2554321],[-4.4779072,37.2559092],[-4.4770447,37.2573621],[-4.4765686,37.2572328],[-4.4763173,37.2570647],[-4.4753966,37.255535],[-4.4750632,37.2552056],[-4.4745612,37.2549054],[-4.4735222,37.2530887],[-4.4729699,37.2525187],[-4.4717113,37.251579],[-4.4706846,37.2515467],[-4.4679557,37.2509497],[-4.4669663,37.2510971],[-4.4652379,37.2515061],[-4.464144,37.2520785],[-4.4634604,37.2528801],[-4.4621714,37.2538605],[-4.4616631,37.2543985],[-4.4616595,37.2547951],[-4.4618354,37.2551445],[-4.4622816,37.2554815],[-4.4629143,37.2555458],[-4.463443,37.2554761],[-4.4640132,37.2552257],[-4.4645912,37.2547949],[-4.4652615,37.2544712],[-4.4657004,37.2544297],[-4.46636,37.254719],[-4.4673206,37.2554101],[-4.4677461,37.2558374],[-4.468245,37.2565613],[-4.4683698,37.2571817],[-4.4682415,37.2575438],[-4.4678191,37.2578555],[-4.4656382,37.2587838],[-4.4613877,37.2594042],[-4.4608565,37.2593387],[-4.4602201,37.2590852],[-4.459225,37.2583584],[-4.4585982,37.2580146],[-4.4581348,37.2579572],[-4.4576514,37.2580353],[-4.4569713,37.2584402],[-4.4558126,37.2597524],[-4.4558067,37.2600319],[-4.4562314,37.2610091],[-4.4567783,37.2618856],[-4.4564073,37.2625302],[-4.4551994,37.2642215],[-4.4547767,37.26511],[-4.4539245,37.2665355],[-4.4533158,37.2671379],[-4.4527485,37.2681363],[-4.4521985,37.2688551],[-4.4518158,37.2694817],[-4.4516898,37.2699699],[-4.4513935,37.2703972],[-4.4510051,37.2707264],[-4.449219,37.2716857],[-4.448834,37.2721952],[-4.4472942,37.2730612],[-4.4470422,37.2734519],[-4.4468504,37.274626],[-4.4471022,37.275407],[-4.4471447,37.2758572],[-4.4468265,37.2763207],[-4.4450009,37.2775869],[-4.4440378,37.2779501],[-4.4424067,37.2781773],[-4.4397245,37.2783002],[-4.4390838,37.2778212],[-4.4361482,37.2770728],[-4.4351719,37.2767421],[-4.4348579,37.2762412],[-4.4340359,37.2757194],[-4.4337658,37.2751548],[-4.4336356,37.2742371],[-4.4330204,37.273911],[-4.4324022,37.2740267],[-4.4308847,37.2748923],[-4.4298099,37.2753109],[-4.4272038,37.2758741],[-4.4256224,37.2775426],[-4.42503,37.2790279],[-4.4247429,37.2793559],[-4.4232972,37.279851],[-4.4227743,37.2802358],[-4.4217264,37.2814922],[-4.4212125,37.2817598],[-4.4179866,37.2824447],[-4.4160721,37.2819296],[-4.4152651,37.2816058],[-4.4138629,37.2808113],[-4.4133978,37.2800688],[-4.4126526,37.2795951],[-4.4124032,37.2787557],[-4.4125003,37.2773125],[-4.4123938,37.2770433],[-4.4121519,37.2767758],[-4.4105,37.2758942],[-4.4085012,37.2751609],[-4.4066397,37.2743558],[-4.4062595,37.274097],[-4.4050263,37.2751031],[-4.4042335,37.2755361],[-4.4033816,37.2764295],[-4.4030623,37.276604],[-4.4018248,37.2764119],[-4.3984328,37.2753525],[-4.3976599,37.2749983],[-4.3970497,37.2749722],[-4.3966363,37.2751844],[-4.3963065,37.275648],[-4.3959064,37.2759682],[-4.3953469,37.2762091],[-4.394751,37.2763153],[-4.3937549,37.2761197],[-4.3932615,37.2756659],[-4.3930716,37.2751543],[-4.3927575,37.2746353],[-4.3922763,37.2742263],[-4.3918776,37.2740147],[-4.3912085,37.2738153],[-4.3904514,37.273734],[-4.3891246,37.2739569],[-4.3884422,37.2742624],[-4.3873183,37.2757087],[-4.386824198510229,37.276128157150964],[-4.3851398,37.2744252],[-4.3850408,37.2750019],[-4.3847521,37.2751266],[-4.384312,37.275169],[-4.3836966,37.2749133],[-4.3827853,37.273064],[-4.3819697,37.27271],[-4.3817358,37.2725194],[-4.3821864,37.2718477],[-4.3808538,37.2717651],[-4.3795743,37.2720711],[-4.3792333,37.2719703],[-4.3790927,37.2715939],[-4.3788013,37.271192],[-4.3787634,37.2707066],[-4.3784476,37.2704014],[-4.378909,37.2685547],[-4.3792078,37.2684413],[-4.379174626412129,37.26810117315495],[-4.3795331,37.2675255],[-4.3795292,37.2660745],[-4.3796899,37.2656129],[-4.3806607,37.2638079],[-4.3808105,37.2633645],[-4.3804423,37.2629632],[-4.3801858,37.2625066],[-4.3803232,37.2607654],[-4.3802573,37.2602434],[-4.3774886,37.2580584],[-4.3760637,37.2572187],[-4.3797478,37.2490008],[-4.3799253,37.2482235],[-4.3799921,37.2469429],[-4.3797927,37.2457376],[-4.3772316,37.2450216],[-4.3772301,37.2432436],[-4.3774552,37.2417732],[-4.3822649,37.239895],[-4.384608,37.2385607],[-4.3850083,37.2382586],[-4.3850151,37.2380151],[-4.3825746,37.2315451],[-4.3799467,37.2277541],[-4.37577,37.220592],[-4.3731849,37.2166382],[-4.372517,37.2158527],[-4.3720127,37.2153899],[-4.3716375,37.215205],[-4.3686847,37.2145812],[-4.3674383,37.214208],[-4.3644679,37.2138547],[-4.3588997,37.2138015],[-4.3577285,37.213851],[-4.3526507,37.2147564],[-4.3458788,37.2141937],[-4.3450761,37.2140496],[-4.3321033,37.2075714],[-4.3292271,37.2054946],[-4.3288522,37.2053185],[-4.3280267,37.2051566],[-4.3257686,37.2049025],[-4.323964,37.2048055],[-4.3226294,37.2045229],[-4.3224552,37.2030682],[-4.3226683,37.2025586],[-4.323088,37.2025055],[-4.3233339,37.2028264],[-4.3236606,37.2028514],[-4.3240098,37.202677],[-4.3247952,37.2027231],[-4.3254745,37.2029048],[-4.3259118,37.2027827],[-4.3261449,37.2025818],[-4.3263586,37.2019124],[-4.3271861,37.2015516],[-4.3276264,37.2009608],[-4.328342,37.1993574],[-4.328674,37.1990111],[-4.3291433,37.1987896],[-4.3294759,37.1984794],[-4.3298902,37.1976905],[-4.3306087,37.1968983],[-4.3307726,37.196608],[-4.3307768,37.1962024],[-4.3308824,37.1958046],[-4.3311818,37.1955308],[-4.331311,37.1951869],[-4.331305,37.1948444],[-4.331108,37.1945312],[-4.3309758,37.194064],[-4.3312227,37.1933672],[-4.3317306,37.1927756],[-4.3322596,37.1914627],[-4.3322091,37.1911568],[-4.3315368,37.1907227],[-4.3312663,37.1900768],[-4.3304261,37.1897076],[-4.3301333,37.189071],[-4.3295652,37.1887979],[-4.3293815,37.1886017],[-4.3295532,37.188113],[-4.3295699,37.1877794],[-4.3294309,37.1875646],[-4.3287607,37.1872476],[-4.3286454,37.1870957],[-4.328635,37.1865009],[-4.3284851,37.1863043],[-4.3280893,37.1862186],[-4.3276059,37.1862781],[-4.327413,37.1861992],[-4.3276169,37.1843311],[-4.3245145,37.1814995],[-4.3236722,37.1810042],[-4.3233633,37.1807282],[-4.3220716,37.1777141],[-4.3176702,37.1694527],[-4.3166001,37.1668507],[-4.316521,37.1661846],[-4.3160615,37.1656669],[-4.3151851,37.1651359],[-4.3148573,37.1637694],[-4.3141019,37.1617678],[-4.3133415,37.1601268],[-4.3108918,37.1558724],[-4.3086243,37.1517152],[-4.3054577,37.148298],[-4.3035628,37.1461465],[-4.3028712,37.1452077],[-4.3018253,37.1433083],[-4.3010021,37.1412623],[-4.2993972,37.1382693],[-4.2975167,37.1342969],[-4.296974,37.1335006],[-4.2915375,37.130252],[-4.2875095,37.1204078],[-4.2870668,37.1195203],[-4.287222,37.1116499],[-4.2856665,37.108529],[-4.2860535,37.1055241],[-4.2857808,37.1033728],[-4.2858536,37.1023535],[-4.286204,37.0997808],[-4.2864945,37.0982968],[-4.286018,37.0960963],[-4.2850761,37.0942947],[-4.2834941,37.0918714],[-4.2846203,37.0888887],[-4.2827442,37.0707493],[-4.2826395,37.066532],[-4.2824488,37.0652271]],[[-4.4565808,37.1743292],[-4.4554871,37.1747187],[-4.4563066,37.1753503],[-4.4569504,37.1748255],[-4.4565808,37.1743292]],[[-4.4570577,37.17493],[-4.4566225,37.1752886],[-4.457314,37.175925],[-4.4577938,37.1755047],[-4.4570577,37.17493]],[[-4.4562888,37.1771455],[-4.4563454,37.177288],[-4.4568669,37.1772524],[-4.4569325,37.1770387],[-4.4566255,37.1768273],[-4.4562888,37.1771455]],[[-4.4596404,37.1774602],[-4.4602578,37.1770466],[-4.4602539,37.1769714],[-4.4598606,37.1767678],[-4.4591213,37.1772816],[-4.4596404,37.1774602]],[[-4.4574063,37.1772073],[-4.4570457,37.1771123],[-4.4569474,37.1772001],[-4.4569832,37.1772928],[-4.4573616,37.177307],[-4.4574063,37.1772073]],[[-4.4603089,37.177313],[-4.4597073,37.1776231],[-4.4597938,37.1777391],[-4.4599511,37.1777767],[-4.4612213,37.1772158],[-4.4611426,37.1769244],[-4.4608831,37.1767678],[-4.4605449,37.1768336],[-4.460478,37.17715],[-4.4603089,37.177313]],[[-4.4817804,37.2493399],[-4.4819382,37.2494699],[-4.4832007,37.2491339],[-4.4828782,37.2484657],[-4.4827172,37.2484067],[-4.4814231,37.2486682],[-4.4817804,37.2493399]],[[-4.3591403,37.0478415],[-4.3590839,37.0481326],[-4.3593924,37.0482225],[-4.3595426,37.0478736],[-4.3591403,37.0478415]],[[-4.4483009,37.0565161],[-4.4476162,37.0560217],[-4.4470648,37.0564049],[-4.4477881,37.0568899],[-4.4483009,37.0565161]],[[-4.4470381,37.0564617],[-4.4468039,37.0564451],[-4.4466379,37.056554],[-4.4466587,37.0568047],[-4.4469462,37.0569561],[-4.4473464,37.0570366],[-4.4475361,37.0569609],[-4.447382,37.0566746],[-4.4470381,37.0564617]],[[-4.3884596,37.0611902],[-4.3879814,37.0612968],[-4.3880655,37.0615498],[-4.3885583,37.0614405],[-4.3884596,37.0611902]],[[-4.4155458,37.0755977],[-4.415382,37.0755427],[-4.4149204,37.0762554],[-4.4152572,37.0763478],[-4.4157071,37.0759038],[-4.4155458,37.0755977]],[[-4.4201365,37.0792203],[-4.4201476,37.0789433],[-4.4197403,37.0787905],[-4.4196669,37.0789948],[-4.4198405,37.0792309],[-4.4201365,37.0792203]],[[-4.4016979,37.0921577],[-4.4017542,37.0922347],[-4.4027896,37.0923738],[-4.4027896,37.0922947],[-4.4018025,37.0920786],[-4.4016979,37.0921577]],[[-4.3529561,37.0959012],[-4.3526961,37.0957923],[-4.3526115,37.0958556],[-4.3526388,37.095923],[-4.3528781,37.0959686],[-4.3529561,37.0959012]],[[-4.379527,37.1274312],[-4.3796638,37.1276472],[-4.3801171,37.1274398],[-4.3799803,37.1271768],[-4.3796209,37.1273051],[-4.379527,37.1274312]],[[-4.4273039,37.2335589],[-4.4273311,37.2336413],[-4.4274836,37.2335914],[-4.4274101,37.2335069],[-4.4273039,37.2335589]],[[-4.4054675,37.2624047],[-4.4053952,37.2624616],[-4.4055057,37.2624846],[-4.4054675,37.2624047]],[[-4.4060248,37.2664298],[-4.4060736,37.2664281],[-4.4060179,37.2663561],[-4.4060248,37.2664298]],[[-4.4102308,37.2668543],[-4.4103345,37.2668673],[-4.4103569,37.2667152],[-4.4102471,37.2667071],[-4.4102308,37.2668543]],[[-4.4133947,37.2673761],[-4.4133925,37.2674083],[-4.4134382,37.2673755],[-4.4133947,37.2673761]],[[-4.40994,37.2686078],[-4.4099581,37.2686792],[-4.4099794,37.2686032],[-4.40994,37.2686078]],[[-4.4133268,37.270025],[-4.4133078,37.2700597],[-4.4133419,37.2700325],[-4.4133268,37.270025]],[[-4.3829274,37.2707471],[-4.3829283,37.2707746],[-4.3829619,37.2707492],[-4.3829274,37.2707471]],[[-4.3452305,37.0235148],[-4.3450983,37.023609],[-4.3452278,37.0237087],[-4.3453399,37.0236288],[-4.3452305,37.0235148]],[[-4.3377654,37.0271345],[-4.3376941,37.0271664],[-4.337791,37.0271971],[-4.3377654,37.0271345]],[[-4.3381158,37.0279805],[-4.3381675,37.0280044],[-4.3381486,37.0279402],[-4.3381158,37.0279805]],[[-4.280134,37.0298537],[-4.2800579,37.0300444],[-4.2799482,37.0302153],[-4.2800491,37.0301376],[-4.280134,37.0298537]],[[-4.3416635,37.0330552],[-4.3410476,37.033301],[-4.3408317,37.0335044],[-4.3409273,37.0335779],[-4.3416635,37.0330552]],[[-4.3417201,37.0331823],[-4.3409556,37.0336316],[-4.3409804,37.0338039],[-4.3417625,37.0333151],[-4.3417201,37.0331823]],[[-4.3417873,37.0334055],[-4.3411786,37.0337785],[-4.3418369,37.0336711],[-4.3417873,37.0334055]],[[-4.3400248,37.0336429],[-4.3397735,37.0338293],[-4.3397877,37.0340102],[-4.3403681,37.0336909],[-4.3400248,37.0336429]],[[-4.3405451,37.0340412],[-4.3409379,37.0338209],[-4.3408459,37.0337192],[-4.3404849,37.033996],[-4.3405451,37.0340412]],[[-4.339862,37.0341345],[-4.3398868,37.0343096],[-4.3403327,37.0340977],[-4.3403398,37.0339339],[-4.340814,37.0336344],[-4.3407397,37.0335638],[-4.339862,37.0341345]],[[-4.3082342,37.0982661],[-4.3087203,37.098726],[-4.3088623,37.0987033],[-4.3095258,37.0979604],[-4.3093602,37.0973054],[-4.3089848,37.0971758],[-4.3084775,37.0972602],[-4.3080264,37.0977064],[-4.3082342,37.0982661]],[[-4.3035531,37.1076546],[-4.303288,37.1076075],[-4.3025871,37.1077518],[-4.3019264,37.1076952],[-4.3016972,37.1078546],[-4.30147,37.1084436],[-4.3015273,37.1086588],[-4.3017581,37.1089267],[-4.3017553,37.1094553],[-4.3016027,37.1097294],[-4.3016594,37.1098402],[-4.3022038,37.1100438],[-4.302853,37.1099781],[-4.3034787,37.1094729],[-4.3036271,37.1086897],[-4.3035531,37.1076546]]],[[[-4.5242417,37.2168173],[-4.521009,37.2174717],[-4.5162993,37.2192265],[-4.5102204,37.2212781],[-4.5089477,37.2218892],[-4.5073674,37.2229008],[-4.505447,37.2243854],[-4.5045098,37.2254338],[-4.5032295,37.2273699],[-4.5018558,37.2291449],[-4.5003049,37.2299488],[-4.4993435,37.2303485],[-4.4986938,37.2299872],[-4.4982796,37.2295598],[-4.4991954,37.2291336],[-4.499357,37.228753],[-4.4993899,37.2275719],[-4.4992833,37.2238958],[-4.4994205,37.2234254],[-4.4980774,37.2233343],[-4.4982523,37.2213491],[-4.4980865,37.2186653],[-4.4982148,37.2183122],[-4.4992404,37.2171726],[-4.5001153,37.2163954],[-4.5006046,37.2160647],[-4.503508,37.214712],[-4.5112947,37.211287],[-4.5171516,37.2105722],[-4.5210051,37.209982],[-4.5225817,37.2099257],[-4.5265687,37.2103701],[-4.528627,37.2107311],[-4.5326926,37.2117151],[-4.5337375,37.2121162],[-4.5315738,37.2132347],[-4.528725,37.2150291],[-4.5272859,37.2157596],[-4.5257879,37.2163648],[-4.5242417,37.2168173]]]]}},{"type":"Feature","properties":{"id":"serrania-de-ronda","name":"Serranía de Ronda","type":"island","members":["algatocin","alpandeire","arriate","atajate","benadalid","benalauria","benaojan","benarraba","cartajima","cortes-de-la-frontera","farajan","gaucin","genalguacil","igualeja","jimera-de-libar","jubrique","juzcar","montecorto","montejaque","parauta","pujerra","ronda"]},"geometry":{"type":"Polygon","coordinates":[[[-5.2736349,36.5169704],[-5.2741901,36.5173429],[-5.275474,36.5173365],[-5.2755995,36.5170061],[-5.2768293,36.5178604],[-5.2770142,36.5180732],[-5.2772259,36.5184387],[-5.2774588,36.5195269],[-5.2778668,36.5197333],[-5.2777525,36.5193083],[-5.2785995,36.5195841],[-5.2788555,36.5187951],[-5.2786369,36.5181954],[-5.2781487,36.5175378],[-5.2778634,36.5169484],[-5.2777282,36.5151798],[-5.275745,36.5146596],[-5.2784484,36.5136655],[-5.2786861,36.5130121],[-5.2782539,36.5123624],[-5.2768249,36.5116055],[-5.2769828,36.5112869],[-5.2756793,36.5114438],[-5.2754268,36.5108052],[-5.2780599,36.5103111],[-5.2780271,36.5095727],[-5.2776377,36.5088591],[-5.2776189,36.5085981],[-5.2768884,36.5080419],[-5.2767903,36.507181],[-5.2801486,36.5083908],[-5.2812852,36.5084455],[-5.2815108,36.5082643],[-5.2815756,36.507724],[-5.2813061,36.5067498],[-5.2814362,36.5056183],[-5.2826485,36.5037005],[-5.2833416,36.5028272],[-5.283993,36.5021806],[-5.2849994,36.5015245],[-5.2859954,36.5017778],[-5.2866554,36.501406],[-5.2870035,36.501368],[-5.288135,36.5009523],[-5.2884238,36.5005231],[-5.2884026,36.500181],[-5.2887479,36.4982547],[-5.2891796,36.4973721],[-5.2893719,36.4951783],[-5.2895512,36.4944448],[-5.291378,36.4897592],[-5.2920719,36.4883038],[-5.2923213,36.4872986],[-5.2924051,36.4859721],[-5.2932468,36.484613],[-5.293968,36.4837069],[-5.2947698,36.4832678],[-5.2955092,36.4826047],[-5.2970165,36.4807281],[-5.2983588,36.4793143],[-5.2998579,36.478303],[-5.3014017,36.4776694],[-5.3029046,36.4764056],[-5.3035825,36.4759329],[-5.304231,36.4755959],[-5.3054136,36.4752036],[-5.308406,36.4748754],[-5.308897,36.4748749],[-5.3097496,36.4750206],[-5.3099708,36.4749533],[-5.3106202,36.4738952],[-5.312574,36.4727939],[-5.3134525,36.4719387],[-5.3146973,36.4710133],[-5.3149646,36.4706205],[-5.3153451,36.4691531],[-5.3155932,36.4684903],[-5.3166191,36.4665868],[-5.3189631,36.4632336],[-5.3218046,36.4623492],[-5.323066,36.460495],[-5.3243917,36.4589281],[-5.3245675,36.4588345],[-5.3265086,36.4588238],[-5.3269055,36.4586628],[-5.3325397,36.4545422],[-5.3341663,36.4537173],[-5.3357328,36.4527494],[-5.3384767,36.450118],[-5.3394493,36.4494411],[-5.3403586,36.448513],[-5.3445022,36.4453223],[-5.3469667,36.4423268],[-5.3476594,36.4412497],[-5.3479191,36.4409832],[-5.3486756,36.4405447],[-5.3511634,36.4394413],[-5.3516898,36.4391425],[-5.3525492,36.4384226],[-5.3529486,36.4379821],[-5.3541626,36.4360745],[-5.3551641,36.4341531],[-5.3554545,36.4337959],[-5.3557868,36.4344562],[-5.3606624,36.4400199],[-5.3662156,36.4454707],[-5.3686808,36.4480355],[-5.3695054,36.4487401],[-5.372276,36.4514339],[-5.3742484,36.4535577],[-5.375074,36.4542894],[-5.3793558,36.4575027],[-5.38015,36.458298],[-5.3840339,36.4608882],[-5.3899414,36.4654205],[-5.3909087,36.466032],[-5.3911458,36.4664869],[-5.3914772,36.4667416],[-5.3926328,36.4669438],[-5.3931086,36.4671776],[-5.3937374,36.4680301],[-5.3953165,36.4693053],[-5.3955481,36.46958],[-5.3957022,36.4698743],[-5.3959956,36.4710671],[-5.3963836,36.4731593],[-5.3973463,36.4765196],[-5.3974565,36.4775629],[-5.3979539,36.4799412],[-5.3991205,36.4837571],[-5.3990622,36.4843982],[-5.3991943,36.484702],[-5.4013624,36.4869655],[-5.4033962,36.4902953],[-5.403767,36.4910989],[-5.4038746,36.4920521],[-5.4039063,36.4941604],[-5.4041436,36.4946152],[-5.4047189,36.4948109],[-5.4061973,36.4949704],[-5.4074668,36.4952332],[-5.4088214,36.4957195],[-5.4092874,36.4959895],[-5.4096653,36.4962973],[-5.4098405,36.4965461],[-5.4099202,36.4969591],[-5.4098435,36.4977267],[-5.4097225,36.4981437],[-5.408958,36.4997724],[-5.4088701,36.5005402],[-5.4089912,36.5008442],[-5.4100834,36.5025886],[-5.4111034,36.5038027],[-5.4113982,36.5043105],[-5.4114931,36.5048493],[-5.4114317,36.5050308],[-5.4109587,36.5056172],[-5.4108803,36.5059703],[-5.4115211,36.5075525],[-5.4118664,36.507888],[-5.411998,36.5081738],[-5.4121105,36.5089195],[-5.4122302,36.5091785],[-5.4128709,36.5100397],[-5.4129568,36.5102903],[-5.4127678,36.5117542],[-5.4130339,36.5124158],[-5.4134804,36.5145697],[-5.414563,36.5181528],[-5.4146267,36.5187644],[-5.4145924,36.5190986],[-5.4140995,36.520127],[-5.4134908,36.520662],[-5.4141065,36.5207126],[-5.4150065,36.5209287],[-5.4165574,36.5216093],[-5.4174907,36.5218157],[-5.4213055,36.5234777],[-5.4232479,36.5238167],[-5.4241048,36.5240787],[-5.4251377,36.5246164],[-5.4261074,36.5252727],[-5.4265332,36.5256786],[-5.4268732,36.5261944],[-5.4269025,36.5264191],[-5.4266454,36.5271273],[-5.4266628,36.5273252],[-5.4269704,36.5278777],[-5.4271449,36.52846],[-5.4278742,36.5292833],[-5.4276937,36.5306569],[-5.4277898,36.5308712],[-5.4290781,36.5324312],[-5.4293242,36.5331562],[-5.4296202,36.5333394],[-5.4308327,36.53354],[-5.4323079,36.534285],[-5.4341778,36.5340845],[-5.4381944,36.5346694],[-5.4401424,36.5348187],[-5.4405959,36.5350348],[-5.4408259,36.5352464],[-5.44117,36.5358882],[-5.4414535,36.5360266],[-5.4418771,36.5359999],[-5.4427289,36.5357391],[-5.4432208,36.5357561],[-5.4443346,36.5360126],[-5.4455354,36.5358438],[-5.4464809,36.5360767],[-5.4470797,36.5366502],[-5.4472702,36.5370248],[-5.4474514,36.5371022],[-5.4490655,36.5369339],[-5.4497269,36.5370104],[-5.4504595,36.5372206],[-5.4513652,36.5376076],[-5.4520626,36.5377645],[-5.4531115,36.5377339],[-5.4546722,36.5372872],[-5.4550528,36.5373154],[-5.4563145,36.5376589],[-5.4568403,36.5376841],[-5.4591645,36.5366628],[-5.4593668,36.5367037],[-5.4599243,36.5370256],[-5.4606552,36.5371818],[-5.4616251,36.5371257],[-5.462877,36.5353965],[-5.4627455,36.5337139],[-5.4629347,36.532989],[-5.4639066,36.530887],[-5.4645088,36.5298021],[-5.464635,36.5292047],[-5.4652852,36.5278755],[-5.4661651,36.5281547],[-5.467364,36.5289861],[-5.467973,36.5295232],[-5.4685636,36.5301869],[-5.469892,36.5333318],[-5.4709368,36.5352839],[-5.4711443,36.5354869],[-5.4737231,36.5365059],[-5.4741163,36.5365788],[-5.4766507,36.5362018],[-5.4802602,36.5359195],[-5.4812332,36.5359624],[-5.4850935,36.5365399],[-5.4886977,36.5367892],[-5.4907189,36.536783],[-5.4914759,36.5367041],[-5.4923953,36.5364686],[-5.4929861,36.5360868],[-5.493607,36.5349022],[-5.4955937,36.5320848],[-5.4964873,36.5317417],[-5.4961286,36.5313526],[-5.496179,36.5308379],[-5.4965239,36.5301007],[-5.4968548,36.5296251],[-5.497148,36.5293666],[-5.4975588,36.5292949],[-5.4986316,36.5293175],[-5.5001672,36.5281047],[-5.5005453,36.5277092],[-5.5006479,36.5274277],[-5.5006383,36.5271305],[-5.5008044,36.5267395],[-5.5052223,36.521762],[-5.5082143,36.517941],[-5.5082128,36.517202],[-5.5081116,36.5168346],[-5.5074719,36.5156945],[-5.5076146,36.5156194],[-5.5082197,36.5156878],[-5.5083742,36.5156304],[-5.5086277,36.5151835],[-5.5086287,36.514868],[-5.5087039,36.5147763],[-5.5094214,36.5148694],[-5.5096434,36.5148287],[-5.5111655,36.512868],[-5.5117928,36.5122419],[-5.5144011,36.5103845],[-5.5142167,36.5091717],[-5.5141743,36.5075143],[-5.5142622,36.5071249],[-5.5149639,36.5067316],[-5.5155289,36.5048721],[-5.5157586,36.5043806],[-5.5151215,36.5033216],[-5.5163043,36.5008903],[-5.5188372,36.5008549],[-5.5194963,36.5005255],[-5.5210699,36.4994829],[-5.5227406,36.499024],[-5.5242497,36.4977123],[-5.5268246,36.4989736],[-5.5274498,36.4996633],[-5.5281,36.5000912],[-5.528186,36.5003327],[-5.5285417,36.5006315],[-5.529787,36.5011639],[-5.531974,36.5018205],[-5.5342036,36.5027555],[-5.5361039,36.5024898],[-5.5400274,36.5023072],[-5.5455982,36.503342],[-5.5494356,36.503936],[-5.5507895,36.5040332],[-5.5538802,36.5039851],[-5.5581626,36.5035148],[-5.5600147,36.5034841],[-5.5636944,36.5067397],[-5.564675,36.5077009],[-5.5679497,36.5098385],[-5.5700422,36.5113346],[-5.5720261,36.5125806],[-5.5773512,36.5132407],[-5.5795789,36.5134178],[-5.5812978,36.5137411],[-5.5830648,36.513829],[-5.5837388,36.5132827],[-5.5849323,36.5132478],[-5.5862824,36.5125517],[-5.5875524,36.5128035],[-5.5901952,36.5117007],[-5.5915637,36.5098865],[-5.5946631,36.5094226],[-5.5983612,36.5085039],[-5.5985958,36.5085078],[-5.599228,36.5087194],[-5.600564,36.509276],[-5.6021195,36.5100532],[-5.6047796,36.5111397],[-5.6082903,36.5122887],[-5.6077172,36.5138423],[-5.6077107,36.5153115],[-5.6078525,36.5162096],[-5.6072739,36.5172677],[-5.6064253,36.5212607],[-5.606088,36.5235211],[-5.6062471,36.525266],[-5.6081046,36.5303714],[-5.6087016,36.531521],[-5.6104524,36.5341052],[-5.6099498,36.535432],[-5.6096046,36.5361245],[-5.6094535,36.5366145],[-5.6094523,36.5369119],[-5.6117767,36.5416015],[-5.6104804,36.5442344],[-5.6102234,36.5445645],[-5.6052338,36.5483146],[-5.6041707,36.5489236],[-5.602698,36.5496407],[-5.6006591,36.5504602],[-5.5997058,36.5506793],[-5.5960636,36.550993],[-5.5951227,36.5509143],[-5.5835429,36.5490118],[-5.5806626,36.5477133],[-5.5797941,36.5474618],[-5.578169,36.5476321],[-5.5774933,36.5474664],[-5.5765112,36.5481636],[-5.5758068,36.5481428],[-5.5751669,36.5483819],[-5.5745647,36.5484129],[-5.5738508,36.5481039],[-5.5732874,36.5476204],[-5.5730392,36.5475446],[-5.571837,36.5476697],[-5.571488,36.5475871],[-5.5712808,36.5474023],[-5.5709342,36.5467158],[-5.569108,36.5448626],[-5.5676241,36.5428848],[-5.5673126,36.5425851],[-5.56704,36.5424467],[-5.5659587,36.5421726],[-5.56463,36.5421832],[-5.5637673,36.5421026],[-5.562592,36.5416862],[-5.5618286,36.5415675],[-5.5598525,36.5409159],[-5.5579314,36.5409121],[-5.5557255,36.5404006],[-5.5548108,36.5400958],[-5.5537792,36.5399737],[-5.5530346,36.5397463],[-5.5527153,36.5395458],[-5.5518929,36.5393291],[-5.5500813,36.5392597],[-5.5485707,36.5388324],[-5.543904,36.5385445],[-5.542947,36.5379701],[-5.5416415,36.5376644],[-5.5408212,36.5371682],[-5.5400281,36.5364821],[-5.5395102,36.535673],[-5.5393909,36.5347563],[-5.538925,36.533144],[-5.5387505,36.5329314],[-5.5387088,36.53268],[-5.5387845,36.5322638],[-5.5383724,36.5312722],[-5.5378223,36.5304998],[-5.5377115,36.5291593],[-5.5374272,36.5283182],[-5.5373411,36.5273918],[-5.5370653,36.5271543],[-5.5348967,36.5277682],[-5.5346109,36.5279095],[-5.5339555,36.5286984],[-5.5328222,36.5288757],[-5.5320193,36.5289108],[-5.5311609,36.5292985],[-5.5304056,36.5297652],[-5.5297167,36.5298699],[-5.5292007,36.5297997],[-5.5287951,36.5296912],[-5.5281112,36.5292641],[-5.525822,36.5302949],[-5.523325,36.5311228],[-5.5221629,36.5317873],[-5.5210717,36.5325764],[-5.5202114,36.533595],[-5.5181903,36.5349805],[-5.5176081,36.5356237],[-5.5151573,36.5392623],[-5.513507,36.541415],[-5.5130944,36.5421267],[-5.5127677,36.5423859],[-5.5106546,36.5437011],[-5.5081035,36.5449445],[-5.5020575,36.5476129],[-5.5015203,36.5482731],[-5.5006494,36.5496703],[-5.4984496,36.5528166],[-5.4961865,36.556433],[-5.4937896,36.5600611],[-5.4930612,36.5613832],[-5.4905179,36.5684661],[-5.489554,36.57046],[-5.4876749,36.5704001],[-5.4869191,36.570524],[-5.4769654,36.5740749],[-5.4743091,36.5759236],[-5.4730551,36.5772474],[-5.4738179,36.5776912],[-5.4743113,36.5780956],[-5.4726604,36.5788869],[-5.4720079,36.5794502],[-5.4710914,36.5804966],[-5.4696247,36.5811128],[-5.4693009,36.581471],[-5.4679686,36.5838509],[-5.4667043,36.5848594],[-5.4661642,36.5854474],[-5.465802,36.5860047],[-5.4649647,36.586734],[-5.463326,36.58757],[-5.4628669,36.5889494],[-5.4625791,36.5890365],[-5.4612291,36.5887579],[-5.4608165,36.5887845],[-5.4606114,36.589717],[-5.4600545,36.5908371],[-5.4599723,36.5917671],[-5.4597511,36.5928982],[-5.4594813,36.5935527],[-5.4587815,36.5947478],[-5.4580441,36.5972235],[-5.4580082,36.5978551],[-5.4581396,36.5988258],[-5.4580645,36.5996294],[-5.4576694,36.6005659],[-5.4571812,36.6020901],[-5.457379,36.6033928],[-5.4580479,36.6058034],[-5.4581366,36.6064866],[-5.4578636,36.6073935],[-5.4569519,36.6089624],[-5.4568829,36.6092523],[-5.4569498,36.6099539],[-5.4571755,36.6107243],[-5.4581602,36.6132185],[-5.4583286,36.6139451],[-5.4582268,36.6142626],[-5.4578309,36.6148206],[-5.4558483,36.6168172],[-5.4557904,36.6171068],[-5.4559136,36.6195827],[-5.4556156,36.6197061],[-5.4536859,36.619142],[-5.4502449,36.6185189],[-5.4478786,36.6179366],[-5.4474357,36.6177204],[-5.4457457,36.6166015],[-5.4447561,36.6157115],[-5.4443725,36.6156022],[-5.442354,36.6154093],[-5.4404049,36.6149356],[-5.4385027,36.6141724],[-5.4363759,36.6155137],[-5.4354721,36.6162803],[-5.4348293,36.6175282],[-5.4338553,36.618197],[-5.4254574,36.6192245],[-5.4191085,36.6203541],[-5.4172584,36.6205448],[-5.415007,36.6211313],[-5.4133876,36.6211912],[-5.4127672,36.621375],[-5.4115806,36.6220479],[-5.4091568,36.6232055],[-5.4090065,36.6234069],[-5.4086879,36.6243056],[-5.4081312,36.6254614],[-5.4078507,36.6257916],[-5.4066551,36.6265368],[-5.4053203,36.6271225],[-5.4004824,36.6283287],[-5.398579,36.6289709],[-5.3975056,36.628614],[-5.3960232,36.6284095],[-5.3943,36.6287326],[-5.3871515,36.6304443],[-5.3831743,36.6309295],[-5.3821324,36.6312298],[-5.380718,36.6317808],[-5.3787594,36.6328203],[-5.3784447,36.6331331],[-5.3764442,36.6357236],[-5.3753164,36.6361427],[-5.3747732,36.6370277],[-5.3744677,36.6372772],[-5.3716165,36.6391185],[-5.3695075,36.6403682],[-5.3690947,36.6411335],[-5.3677072,36.6422066],[-5.366417,36.6435391],[-5.3651913,36.6444197],[-5.3640562,36.645704],[-5.3636741,36.646009],[-5.3612221,36.6473915],[-5.3596029,36.6485773],[-5.3567499,36.6500217],[-5.354819,36.6512586],[-5.3530033,36.6526104],[-5.3525397,36.6539174],[-5.3514498,36.6555973],[-5.3512399,36.6560521],[-5.3506143,36.6553434],[-5.3492571,36.6563255],[-5.3433479,36.6599209],[-5.3429997,36.6602432],[-5.3409306,36.6639521],[-5.3402363,36.6650382],[-5.3397403,36.6656518],[-5.3374757,36.6673457],[-5.3365408,36.6686168],[-5.3356408,36.6695628],[-5.3352322,36.6701116],[-5.3339187,36.6714442],[-5.3337943,36.6717711],[-5.3338693,36.672031],[-5.3338242,36.6723924],[-5.3335452,36.6724159],[-5.3321582,36.6720555],[-5.3317436,36.6720366],[-5.3284691,36.6729028],[-5.325664,36.6733812],[-5.3250043,36.6733941],[-5.3251994,36.6733194],[-5.3240292,36.673341],[-5.3245113,36.6741158],[-5.3249757,36.6746745],[-5.3263211,36.675883],[-5.3297411,36.6779792],[-5.3300773,36.6783692],[-5.3303396,36.6789048],[-5.3303969,36.6793183],[-5.3303068,36.6800411],[-5.3296808,36.681919],[-5.3227035,36.6861832],[-5.3220637,36.6864931],[-5.3206799,36.6877368],[-5.3196083,36.6881993],[-5.3194907,36.6883819],[-5.3194774,36.6890581],[-5.3193535,36.689403],[-5.3187143,36.690479],[-5.3187346,36.6911545],[-5.3189497,36.6927276],[-5.3191829,36.6930385],[-5.3197093,36.6934248],[-5.3215865,36.6944427],[-5.3225752,36.6945676],[-5.3231781,36.6945198],[-5.3252144,36.6941286],[-5.3263542,36.6940702],[-5.3267481,36.6941437],[-5.3272255,36.6943867],[-5.3274554,36.6945895],[-5.3276213,36.6948927],[-5.3275882,36.6952809],[-5.3270109,36.697293],[-5.327594,36.6984443],[-5.3280366,36.70013],[-5.3280472,36.7004813],[-5.3279773,36.7007621],[-5.3277325,36.7011815],[-5.3264309,36.7025588],[-5.3263485,36.7027948],[-5.3262084,36.7037168],[-5.3262465,36.7042388],[-5.3266722,36.7061052],[-5.326648,36.7071601],[-5.3258092,36.7112683],[-5.325697,36.7116311],[-5.3252627,36.7124507],[-5.3244527,36.7134309],[-5.3240167,36.714566],[-5.3231345,36.7187291],[-5.3230798,36.7195143],[-5.3231837,36.71999],[-5.3241851,36.7223858],[-5.3246259,36.7240085],[-5.3243914,36.7244007],[-5.3207629,36.7277161],[-5.3196467,36.7285761],[-5.3164781,36.7300709],[-5.3145803,36.7324962],[-5.3135005,36.7334545],[-5.3125446,36.7344375],[-5.3121364,36.7350132],[-5.3122533,36.7362998],[-5.3104225,36.741716],[-5.309829,36.7443323],[-5.3090334,36.7461863],[-5.3082159,36.7465627],[-5.3085017,36.7482516],[-5.3081145,36.7499084],[-5.3076211,36.7510086],[-5.3071051,36.7517306],[-5.3054146,36.7532505],[-5.3028707,36.7550753],[-5.3019985,36.7558763],[-5.3015933,36.7565601],[-5.3012223,36.7583878],[-5.3000769,36.7601675],[-5.2990955,36.7610607],[-5.2977806,36.7620415],[-5.2972633,36.7627275],[-5.2967828,36.7631423],[-5.2964177,36.7632936],[-5.2955152,36.7634552],[-5.2952297,36.76365],[-5.2951807,36.7638852],[-5.2952725,36.7643341],[-5.2949318,36.7653051],[-5.2947367,36.7666517],[-5.294583,36.7671324],[-5.2942824,36.7675708],[-5.2930379,36.7686673],[-5.292434,36.7694541],[-5.2922751,36.7705116],[-5.2923346,36.7710062],[-5.2927014,36.7724141],[-5.2923703,36.7737094],[-5.291473,36.7744296],[-5.2909349,36.77517],[-5.2921464,36.7755974],[-5.2933958,36.7761681],[-5.2957386,36.7769611],[-5.2988009,36.7782088],[-5.3014315,36.778879],[-5.3028823,36.7794367],[-5.3042619,36.7798606],[-5.3072575,36.7803703],[-5.3198188,36.7867323],[-5.320016,36.7869538],[-5.3206666,36.7888338],[-5.3211516,36.7896805],[-5.3217443,36.791129],[-5.3226767,36.7923185],[-5.3229563,36.7930431],[-5.3239518,36.7948352],[-5.3252254,36.798785],[-5.3252014,36.8020661],[-5.3253223,36.8027306],[-5.3263068,36.8048925],[-5.3265422,36.8052664],[-5.3268067,36.8054865],[-5.3276388,36.8059479],[-5.3280368,36.8065079],[-5.3296405,36.8072787],[-5.329908,36.8075979],[-5.330382683897608,36.80880215845327],[-5.3301025,36.8086579],[-5.3292391,36.808718],[-5.3305759,36.8096337],[-5.3302353,36.8103756],[-5.3303769,36.8106211],[-5.3297048,36.8108055],[-5.3296688,36.8111706],[-5.3302463,36.811806],[-5.3314769,36.8121496],[-5.3321351,36.8119533],[-5.3327939,36.8122007],[-5.3334161,36.8133603],[-5.3329974,36.8139186],[-5.3330473,36.8148256],[-5.3349285,36.817213],[-5.335241,36.8174618],[-5.3351873,36.8175477],[-5.334962,36.8175434],[-5.3347635,36.8176894],[-5.3345865,36.8184474],[-5.3344671,36.8184463],[-5.3344926,36.8176078],[-5.3342514,36.8174749],[-5.3337074,36.8175943],[-5.3331549,36.8180719],[-5.3318739,36.818841],[-5.3306985,36.8189778],[-5.3300709,36.8188708],[-5.3288894,36.8192082],[-5.3297426,36.8201634],[-5.3314383,36.8204001],[-5.3315472,36.8211264],[-5.3311258,36.8216175],[-5.3315281,36.8215155],[-5.3321206,36.8210674],[-5.3325243,36.8203158],[-5.3335243,36.8197422],[-5.3341359,36.8196176],[-5.3345141,36.819317],[-5.3346938,36.8193986],[-5.3352758,36.8193127],[-5.3356862,36.8192118],[-5.3359678,36.8190057],[-5.3352597,36.8192247],[-5.334734,36.8192526],[-5.3344873,36.8190357],[-5.3344551,36.8185472],[-5.3345731,36.8185644],[-5.334616,36.8190014],[-5.3349218,36.8191474],[-5.3360876,36.818806],[-5.3372913,36.8188629],[-5.3377264,36.8191775],[-5.338245,36.8193363],[-5.3382277,36.8194091],[-5.3391859,36.8196634],[-5.340003078875156,36.820836415582],[-5.3394717,36.8216952],[-5.3379768,36.82341],[-5.3365907,36.824645],[-5.336098,36.8254027],[-5.3350892,36.8276216],[-5.3350857,36.827874],[-5.3355754,36.8284953],[-5.3349631,36.8301116],[-5.3342811,36.8327567],[-5.334013,36.833528],[-5.3335646,36.8342669],[-5.3332189,36.8350668],[-5.3323205,36.8361298],[-5.3320929,36.8373725],[-5.333027,36.8386046],[-5.3321452,36.8388461],[-5.330725,36.839847],[-5.3295596,36.8413193],[-5.3273669,36.8435992],[-5.3266857,36.8444327],[-5.3239001,36.8472451],[-5.3214627,36.8493386],[-5.3197987,36.8503084],[-5.3190655,36.8509085],[-5.3188303,36.8512916],[-5.3186235,36.852242],[-5.3180379,36.8529023],[-5.3166515,36.8537855],[-5.3159219,36.8548813],[-5.3154344,36.8554495],[-5.3140348,36.8562699],[-5.312665,36.8558459],[-5.3120695,36.8558125],[-5.3093318,36.8561451],[-5.3077628,36.8565541],[-5.3070469,36.8569916],[-5.3062911,36.8575921],[-5.3055973,36.8583896],[-5.3053034,36.8590623],[-5.305241,36.8595952],[-5.3050962,36.8600036],[-5.3042534,36.8614439],[-5.3040686,36.8623848],[-5.3037167,36.863365],[-5.3033183,36.8650401],[-5.3023692,36.8671277],[-5.3022178,36.867762],[-5.30177,36.8687652],[-5.3016159,36.8697378],[-5.3003865,36.8702976],[-5.2996108,36.8701671],[-5.2989773,36.8702351],[-5.2977786,36.8707538],[-5.2971431,36.8711145],[-5.2962229,36.8712596],[-5.2954796,36.871556],[-5.2944374,36.8716304],[-5.291567,36.8726125],[-5.2896031,36.8729561],[-5.2890218,36.8732972],[-5.2880383,36.8743879],[-5.2875465,36.8748164],[-5.2865485,36.8754123],[-5.2857418,36.8757017],[-5.2841859,36.8760443],[-5.2829077,36.8766636],[-5.2810921,36.8772615],[-5.2797145,36.8774296],[-5.2785835,36.8779761],[-5.2778937,36.878203],[-5.2751092,36.8799354],[-5.2738404,36.8812352],[-5.2732781,36.8820585],[-5.2730065,36.8822349],[-5.2712087,36.8826891],[-5.2704879,36.8833209],[-5.269202,36.8841246],[-5.2667093,36.87573],[-5.2663049,36.8753321],[-5.2579637,36.870552],[-5.251054,36.866357],[-5.2498117,36.8656865],[-5.2492444,36.866229],[-5.2470233,36.8654599],[-5.2454195,36.8646971],[-5.2452922,36.8645643],[-5.2450109,36.8637675],[-5.2445106,36.863155],[-5.2440282,36.8627676],[-5.2434713,36.8625167],[-5.2423461,36.8623938],[-5.2413125,36.8619536],[-5.2404648,36.8621138],[-5.2397431,36.8619832],[-5.2365837,36.8621058],[-5.2354196,36.8618032],[-5.2342949,36.8616982],[-5.2324404,36.8611833],[-5.2318664,36.8611129],[-5.2310942,36.8611725],[-5.2303938,36.8602303],[-5.2298262,36.8592225],[-5.2295394,36.8590026],[-5.2281806,36.8585594],[-5.2271388,36.8574433],[-5.226853,36.8572594],[-5.225639,36.8567774],[-5.2253751,36.8565751],[-5.2251658,36.8563176],[-5.2250083,36.855915],[-5.2249769,36.8544465],[-5.2239383,36.8526634],[-5.223547,36.8523192],[-5.2236158,36.8515969],[-5.2232188,36.8510546],[-5.2221289,36.8502097],[-5.2220684,36.8481199],[-5.2222232,36.8472698],[-5.2221695,36.8469644],[-5.2217892,36.8462234],[-5.2214871,36.8458595],[-5.2212317,36.8451703],[-5.2213448,36.8444292],[-5.2220131,36.8427223],[-5.2208652,36.8421939],[-5.2180275,36.8413907],[-5.2165846,36.8411292],[-5.2155697,36.8405443],[-5.2140584,36.840239],[-5.2116314,36.8400678],[-5.2097442,36.8395622],[-5.2063592,36.8392195],[-5.2037351,36.8388175],[-5.2017614,36.8384214],[-5.2012825,36.8381419],[-5.200912,36.8377342],[-5.2006409,36.8376671],[-5.200196,36.8377925],[-5.199882,36.8377893],[-5.1994968,36.8376522],[-5.1991745,36.8373608],[-5.1988363,36.8369074],[-5.1986452,36.8364963],[-5.1983458,36.8362224],[-5.1976185,36.8358844],[-5.1955489,36.8352647],[-5.1947401,36.83482],[-5.1923207,36.833729],[-5.1895878,36.8314721],[-5.1890872,36.8308233],[-5.1879858,36.8287616],[-5.1866626,36.8279658],[-5.1859382,36.8277267],[-5.1826469,36.8278953],[-5.1820382,36.8277803],[-5.1810962,36.8277706],[-5.1793156,36.8286324],[-5.1786962,36.828139],[-5.1756886,36.8252649],[-5.1749325,36.8246928],[-5.1735221,36.8239796],[-5.1722644,36.8235068],[-5.1715801,36.8234923],[-5.170917,36.8238288],[-5.1704046,36.8235498],[-5.168023,36.8249632],[-5.1669589,36.8253972],[-5.1647955,36.8258061],[-5.1641061,36.8260079],[-5.1633319,36.8263825],[-5.1624273,36.8269037],[-5.1614383,36.8276157],[-5.1589294,36.8296982],[-5.1576747,36.8305321],[-5.1564603,36.8312031],[-5.1552642,36.8317295],[-5.154265,36.8320811],[-5.1534066,36.8322589],[-5.152723,36.8322712],[-5.1502331,36.8326408],[-5.147498,36.8334653],[-5.1449349,36.835233],[-5.1417615,36.8368314],[-5.1407298,36.8372285],[-5.1388845,36.8378025],[-5.1377586,36.8380391],[-5.1345832,36.8383665],[-5.1340729,36.8385649],[-5.1332917,36.8391017],[-5.1328124,36.839606],[-5.1321448,36.8406004],[-5.1306322,36.8422589],[-5.130177,36.8428258],[-5.1295572,36.8443331],[-5.1275855,36.8472345],[-5.1261306,36.8505773],[-5.1255034,36.8518233],[-5.1252118,36.8522251],[-5.1241691,36.8530458],[-5.1210814,36.8577877],[-5.120505,36.8588435],[-5.12,36.8600512],[-5.1185157,36.8672249],[-5.1177244,36.8694382],[-5.1172651,36.8702756],[-5.1166502,36.8711608],[-5.116006,36.8718031],[-5.1138686,36.8732111],[-5.1124834,36.8738306],[-5.1124104,36.8764727],[-5.1122239,36.8774404],[-5.1117732,36.8789986],[-5.1117578,36.880477],[-5.111909,36.8810782],[-5.112209,36.8817849],[-5.1098269,36.889398],[-5.107253,36.8900566],[-5.1054627,36.8906471],[-5.1025866,36.8917435],[-5.103205,36.8926068],[-5.1027209,36.8929578],[-5.1023829,36.8933153],[-5.1022135,36.8936878],[-5.1021942,36.8942109],[-5.1022761,36.8947412],[-5.1025902,36.8955558],[-5.1029645,36.896108],[-5.1050795,36.8979362],[-5.1045303,36.8983695],[-5.1028204,36.8994453],[-5.1013271,36.9002378],[-5.0996831,36.9008526],[-5.0990679,36.9009266],[-5.0967301,36.9007966],[-5.0936203,36.9007523],[-5.092285,36.9019925],[-5.0913842,36.9027024],[-5.0900916,36.9034551],[-5.0867694,36.9050907],[-5.0901048,36.9088716],[-5.0929315,36.9116879],[-5.0922479,36.9178918],[-5.0917838,36.9210364],[-5.0850513,36.916123],[-5.0776534,36.9111899],[-5.0734213,36.9086771],[-5.068831,36.9057739],[-5.0619061,36.9015951],[-5.0610566,36.9008888],[-5.0604821,36.8999704],[-5.0631358,36.8989149],[-5.0636108,36.8986363],[-5.0640564,36.8980968],[-5.0644856,36.8973683],[-5.0662029,36.8936342],[-5.066548,36.8931144],[-5.0679245,36.8921441],[-5.073992,36.8882981],[-5.0728671,36.8873623],[-5.0726209,36.88697],[-5.0725607,36.8864033],[-5.0726036,36.8838428],[-5.072541,36.883186],[-5.0726451,36.8824721],[-5.0727773,36.8794775],[-5.0727076,36.8764864],[-5.0727776,36.8745113],[-5.0729122,36.8740944],[-5.0720237,36.8748399],[-5.0703799,36.875869],[-5.0682835,36.8759235],[-5.0679334,36.8758395],[-5.067489,36.8755858],[-5.065988,36.8744222],[-5.06477,36.8737674],[-5.0653151,36.8731811],[-5.0659137,36.8720801],[-5.0662767,36.8718124],[-5.0673329,36.8714606],[-5.0665213,36.8704833],[-5.0659023,36.8699893],[-5.0631583,36.8684867],[-5.0623243,36.8679243],[-5.0625237,36.8665779],[-5.0625687,36.8653333],[-5.0628591,36.8648686],[-5.0671584,36.85999],[-5.067253,36.859754],[-5.0672399,36.858853],[-5.0673433,36.8581121],[-5.0675283,36.857487],[-5.0678749,36.8570303],[-5.0695479,36.8554329],[-5.0704063,36.8548231],[-5.072614,36.8539284],[-5.0729876,36.8536425],[-5.073348,36.8532847],[-5.0745607,36.8516773],[-5.0744715,36.8512823],[-5.0724227,36.8485059],[-5.0721707,36.848312],[-5.0655712,36.8456147],[-5.0632219,36.844574],[-5.0613669,36.8439842],[-5.0609393,36.8439285],[-5.0607061,36.8440137],[-5.0593051,36.8457144],[-5.057784,36.8471197],[-5.0571039,36.8472667],[-5.0560427,36.8470056],[-5.0557751,36.8470643],[-5.0555438,36.8472216],[-5.0542981,36.8484418],[-5.0531107,36.8497512],[-5.0526835,36.8505517],[-5.0526688,36.8508404],[-5.0528221,36.8515408],[-5.0508655,36.8521874],[-5.0499678,36.8525905],[-5.0497606,36.8528104],[-5.04968,36.8535688],[-5.0483233,36.8535832],[-5.0479782,36.8536793],[-5.0472181,36.8541971],[-5.0462583,36.8556377],[-5.0412039,36.8604204],[-5.0407595,36.8610048],[-5.040056,36.8628105],[-5.039595,36.8636116],[-5.0377017,36.8645453],[-5.0370195,36.8650437],[-5.0366822,36.8654371],[-5.0360858,36.8657898],[-5.0348912,36.8659995],[-5.0342361,36.8662541],[-5.0337003,36.866777],[-5.0334632,36.8671416],[-5.0329138,36.8688454],[-5.0327177,36.8690651],[-5.0319216,36.8695023],[-5.0303511,36.8699257],[-5.0293458,36.870403],[-5.0287986,36.8709266],[-5.0281978,36.8719565],[-5.0278759,36.8722913],[-5.0276273,36.8728141],[-5.0259951,36.8710446],[-5.0254988,36.8698166],[-5.0253618,36.8690788],[-5.0248743,36.8676371],[-5.0237805,36.8655098],[-5.0255571,36.8616138],[-5.0256637,36.8611878],[-5.0253292,36.8597562],[-5.0228627,36.8590817],[-5.0221801,36.8575415],[-5.0229636,36.8565238],[-5.0238513,36.8556761],[-5.0246238,36.8541449],[-5.0246549,36.8539005],[-5.024565,36.8535196],[-5.024902,36.8528939],[-5.0258678,36.8517647],[-5.0280221,36.8523476],[-5.0276495,36.8517128],[-5.027482,36.8511449],[-5.0277926,36.8504417],[-5.0288003,36.8491672],[-5.0293925,36.8485451],[-5.029049,36.8467279],[-5.0259854,36.8452727],[-5.0242637,36.844309],[-5.0237828,36.8447716],[-5.0223755,36.8441863],[-5.0192582,36.8421876],[-5.0188458,36.8422959],[-5.018436,36.8426468],[-5.0183598,36.842984],[-5.0166653,36.8426839],[-5.0159927,36.8426969],[-5.0158215,36.8425334],[-5.0151205,36.8426347],[-5.0160506,36.8435557],[-5.0176543,36.8456207],[-5.0180597,36.8464588],[-5.0210922,36.8474152],[-5.020629,36.8479877],[-5.0195376,36.8477908],[-5.0180791,36.847756],[-5.0174092,36.8478685],[-5.0168071,36.848085],[-5.0159056,36.8485913],[-5.0134563,36.8484022],[-5.012356,36.8488491],[-5.01067,36.849168],[-5.0097094,36.8500547],[-5.0064833,36.8527049],[-5.0059791,36.853569],[-5.0056891,36.8539068],[-5.0044554,36.8549777],[-5.0034445,36.8531958],[-5.0033881,36.8519678],[-5.0045895,36.8512825],[-5.0048903,36.8509136],[-5.005631,36.8502851],[-5.0047917,36.8490792],[-5.0042555,36.848754],[-5.0039874,36.8483975],[-5.0020995,36.8485738],[-5.0015069,36.8484007],[-5.0010526,36.8480215],[-5.001332,36.8475532],[-5.001807,36.847004],[-5.001935,36.8462083],[-5.0023034,36.8458651],[-5.0024706,36.8455875],[-5.002567,36.8451616],[-5.0024808,36.8451454],[-5.0025481,36.8443051],[-5.0026589,36.844022],[-5.0029703,36.8435717],[-5.0035062,36.8430094],[-5.0036095,36.842792],[-5.0036104,36.8422955],[-5.0034819,36.8420278],[-5.003086,36.8415618],[-5.0024977,36.841053],[-5.0027232,36.8408553],[-5.0031157,36.8406832],[-5.0042624,36.8404316],[-5.0043732,36.8402413],[-5.004286,36.83979],[-5.0041426,36.8396602],[-5.0036186,36.8395349],[-5.0033895,36.8393341],[-5.0028944,36.8392298],[-5.0030393,36.8389063],[-5.0032842,36.838689],[-5.0039864,36.8388327],[-5.0043682,36.8386127],[-5.0045859,36.838305],[-5.0045378,36.8381831],[-5.0040534,36.8379201],[-5.0038325,36.8376888],[-5.0039096,36.8374108],[-5.0041605,36.8372531],[-5.0042249,36.8371093],[-5.0040077,36.8364336],[-5.0037126,36.8359944],[-5.0037452,36.8356756],[-5.0041253,36.835398],[-5.0046045,36.8352994],[-5.0051645,36.8354268],[-5.0057618,36.835832],[-5.0058989,36.8358526],[-5.006854,36.8352638],[-5.008117,36.8349192],[-5.0078291,36.8347413],[-5.0073751,36.8342916],[-5.0071485,36.8338842],[-5.0069761,36.8332678],[-5.0069414,36.8323134],[-5.0073889,36.8310422],[-5.0072679,36.8309643],[-5.0071392,36.8306464],[-5.0068687,36.8304454],[-5.0058793,36.8301101],[-5.0046047,36.8295478],[-5.0039863,36.8290004],[-5.0040683,36.828677],[-5.0045358,36.8278235],[-5.0045226,36.8272723],[-5.0043509,36.8273657],[-5.0039849,36.8279974],[-5.0036999,36.8282972],[-5.0017259,36.8293871],[-5.00013,36.8257959],[-4.9987255,36.8249945],[-4.9957246,36.823091],[-4.9953246,36.8220654],[-4.9955392,36.821447],[-4.9959684,36.8210519],[-4.9956841,36.8207493],[-5.004201,36.8127392],[-5.0053415,36.8083305],[-5.0048118,36.8077896],[-5.0039063,36.8074534],[-5.0029269,36.8072896],[-5.0035197,36.8068109],[-5.0067313,36.804891],[-5.007335,36.8044032],[-5.0078568,36.8037814],[-5.0084603,36.8032845],[-5.0097837,36.80246],[-5.0174857,36.7982647],[-5.0240777,36.7945114],[-5.0254491,36.793821],[-5.0327498,36.7910466],[-5.0341085,36.7890315],[-5.0353723,36.7868197],[-5.0364708,36.7851424],[-5.0365189,36.7810316],[-5.0359992,36.776633],[-5.035819,36.7761764],[-5.0351088,36.7755847],[-5.0348641,36.7752283],[-5.0341946,36.7710937],[-5.0329471,36.7696729],[-5.0323058,36.7687194],[-5.0319847,36.7680129],[-5.0315447,36.7674706],[-5.0310877,36.7671359],[-5.0293299,36.7667512],[-5.0270893,36.7658971],[-5.025877,36.7649533],[-5.0246859,36.7643877],[-5.0237042,36.764116],[-5.0230672,36.7637483],[-5.0221951,36.7633846],[-5.0205672,36.76325],[-5.0196442,36.7626527],[-5.0184947,36.7623928],[-5.0174951,36.7622926],[-5.0166921,36.7619998],[-5.0158019,36.7617985],[-5.0148665,36.7620127],[-5.0139648,36.7626589],[-5.0131591,36.7626905],[-5.0106244,36.7621475],[-5.0075129,36.7618215],[-5.0059583,36.7614872],[-5.0063655,36.7607773],[-5.0057783,36.7601652],[-5.0057273,36.7594991],[-5.0068411,36.759255],[-5.0068018,36.7586067],[-5.0064644,36.7581257],[-5.0055057,36.7578714],[-5.0048007,36.7574687],[-5.0043094,36.7566658],[-5.0037507,36.7549987],[-5.0033583,36.754122],[-5.0035128,36.753173],[-5.0037738,36.7524385],[-5.0038035,36.7518612],[-5.0032292,36.751312],[-5.0029239,36.7507674],[-5.0033818,36.7498583],[-5.0034729,36.748622],[-5.0049032,36.7476643],[-5.0049069,36.747345],[-5.0046801,36.746808],[-5.005098,36.7465125],[-5.0053681,36.7461294],[-5.0051023,36.7449532],[-5.0036707,36.740723],[-5.0030987,36.7385333],[-5.0025169,36.7372632],[-5.0001318,36.7338152],[-5.0003688,36.7321618],[-5.0008136,36.7272961],[-5.0013676,36.7236183],[-5.0014063,36.7225181],[-5.0019829,36.7162621],[-5.0022264,36.7144283],[-5.002472,36.7131082],[-5.0034252,36.7097212],[-5.0051367,36.7049334],[-5.0064235,36.7036228],[-5.011937,36.6974187],[-5.0135393,36.6957692],[-5.0142008,36.6949558],[-5.0171789,36.6928504],[-5.0194234,36.6913702],[-5.021365,36.6898681],[-5.0234269,36.6869758],[-5.0244781,36.685669],[-5.0294381,36.6725513],[-5.0307094,36.669411],[-5.0266034,36.6668581],[-5.0263934,36.6665281],[-5.0251178,36.6652429],[-5.0233883,36.6628567],[-5.0223163,36.6616491],[-5.0216785,36.6612183],[-5.0208628,36.6608265],[-5.0200863,36.6606504],[-5.019132,36.6605224],[-5.0169496,36.6604872],[-5.0179404,36.6594429],[-5.0189583,36.6590111],[-5.0191695,36.6585298],[-5.0194259,36.6563532],[-5.019599,36.6557013],[-5.0200477,36.6548915],[-5.0212729,36.6534016],[-5.0229725,36.6520928],[-5.02506,36.6510749],[-5.0255496,36.6509764],[-5.028416,36.6510809],[-5.0314895,36.6497035],[-5.0334647,36.649102],[-5.0342005,36.6490083],[-5.0365978,36.6478677],[-5.0387606,36.6471727],[-5.0396387,36.6465358],[-5.041835,36.6462638],[-5.043331,36.6457334],[-5.0435396,36.645162],[-5.0436252,36.6445927],[-5.043521,36.6423626],[-5.0456197,36.6417138],[-5.0484296,36.6385878],[-5.0498839,36.6362219],[-5.0510944,36.6356766],[-5.053084,36.6330732],[-5.0535004,36.6327506],[-5.0546758,36.6323698],[-5.0549371,36.6321039],[-5.055686,36.6304055],[-5.0557549,36.6300528],[-5.0555529,36.629182],[-5.0552926,36.6286457],[-5.0552345,36.6281419],[-5.0554962,36.6270468],[-5.0558294,36.6261217],[-5.0569956,36.6241366],[-5.0571714,36.6219163],[-5.0576258,36.6188169],[-5.057891,36.6178569],[-5.0581728,36.6171039],[-5.0596399,36.6155102],[-5.060032,36.6134394],[-5.0611233,36.6107526],[-5.061952,36.6091248],[-5.0620105,36.6087993],[-5.0616749,36.6083725],[-5.0611275,36.6079674],[-5.0609277,36.6076013],[-5.0601738,36.6053159],[-5.0601578,36.6047123],[-5.0603855,36.6023469],[-5.0643222,36.6019903],[-5.0694297,36.6011086],[-5.0701905,36.6007168],[-5.0720565,36.5994315],[-5.0751415,36.59817],[-5.0754141,36.5979129],[-5.0761038,36.5969545],[-5.0772423,36.5948075],[-5.0776199,36.5942962],[-5.0804071,36.5923638],[-5.0794394,36.5879552],[-5.0854294,36.5812798],[-5.0865975,36.5802499],[-5.0937499,36.5748697],[-5.096497,36.5735596],[-5.0996466,36.5722603],[-5.103978,36.5721028],[-5.1061978,36.5711352],[-5.1063871,36.5706993],[-5.1063897,36.5691489],[-5.1060735,36.5649093],[-5.106299,36.5637516],[-5.1063665,36.5625336],[-5.1062652,36.5592095],[-5.1063906,36.5588918],[-5.1080417,36.5567445],[-5.1143438,36.5500956],[-5.1158574,36.5483679],[-5.120692,36.5433698],[-5.1230624,36.5418224],[-5.1242341,36.5413689],[-5.1265011,36.5401298],[-5.1283427,36.5388531],[-5.1289072,36.5382571],[-5.1292159,36.5377018],[-5.1297309,36.5373411],[-5.1307692,36.536917],[-5.1325763,36.536425],[-5.1331916,36.5360535],[-5.134009,36.5357234],[-5.1349845,36.5354536],[-5.1362762,36.5349077],[-5.1369019,36.5345089],[-5.13763,36.5337748],[-5.1390411,36.5310726],[-5.1400946,36.5299901],[-5.1418598,36.5304181],[-5.1424271,36.5307414],[-5.1437615,36.5321505],[-5.1444112,36.5330312],[-5.1450299,36.5335969],[-5.1470483,36.5346962],[-5.1517693,36.5357829],[-5.1523912,36.5356545],[-5.1536592,36.5350638],[-5.154522,36.5347598],[-5.1552144,36.5347563],[-5.160196,36.5351709],[-5.16177,36.5351424],[-5.1627336,36.5336468],[-5.1631984,36.532692],[-5.1637964,36.5317077],[-5.1647964,36.5303195],[-5.1655046,36.5300814],[-5.1680457,36.5294944],[-5.1707836,36.5279575],[-5.1714612,36.5266292],[-5.1745846,36.5249049],[-5.1752914,36.5246216],[-5.175474,36.5243659],[-5.1756841,36.5226946],[-5.1762951,36.5217822],[-5.1768365,36.5211774],[-5.17732,36.5208982],[-5.1793331,36.5202125],[-5.1804031,36.5197423],[-5.1824827,36.5186407],[-5.182781,36.5149489],[-5.1822578,36.5122184],[-5.1820598,36.5107349],[-5.1818649,36.5101526],[-5.1825384,36.507896],[-5.1864825,36.5064087],[-5.1877228,36.5056469],[-5.1894542,36.5048851],[-5.191481,36.5011345],[-5.1917972,36.5000742],[-5.1934917,36.4987992],[-5.193761,36.4984518],[-5.1951483,36.4953889],[-5.1952363,36.4949456],[-5.1957036,36.4940988],[-5.1962095,36.4934315],[-5.1976614,36.4918726],[-5.1981902,36.4904388],[-5.1987102,36.4898794],[-5.2006818,36.4885452],[-5.2020824,36.4883391],[-5.202336,36.4882263],[-5.2029353,36.4877105],[-5.2043516,36.4872698],[-5.2053502,36.4858723],[-5.2058738,36.4856577],[-5.2073894,36.485357],[-5.207597,36.4851999],[-5.2082748,36.4843041],[-5.2083619,36.4850145],[-5.2085762,36.4854882],[-5.2088418,36.4857988],[-5.2100209,36.4864439],[-5.2102507,36.486674],[-5.2103808,36.486933],[-5.2104405,36.4886444],[-5.2107381,36.4892968],[-5.2113625,36.4900604],[-5.2120408,36.4911474],[-5.2121279,36.4914612],[-5.2121501,36.492245],[-5.2127222,36.4931267],[-5.2132827,36.493603],[-5.2137369,36.4938739],[-5.2144693,36.4941127],[-5.2153986,36.4946002],[-5.2162342,36.4949362],[-5.2170538,36.4951013],[-5.2195419,36.4958392],[-5.2203122,36.4962304],[-5.2210687,36.4977035],[-5.221198,36.498323],[-5.2213627,36.4986174],[-5.2221367,36.4995313],[-5.223125,36.5001258],[-5.2238243,36.5003741],[-5.2257206,36.50188],[-5.2262272,36.5024204],[-5.2265206,36.5029196],[-5.227836,36.5059686],[-5.2277988,36.5066182],[-5.2278688,36.5071126],[-5.228025,36.5074973],[-5.2288711,36.5085811],[-5.2296031,36.5091893],[-5.2313321,36.5103016],[-5.2315018,36.5107671],[-5.2330327,36.5135325],[-5.2360034,36.5154958],[-5.2361833,36.5155375],[-5.2372271,36.5153377],[-5.2383045,36.5155248],[-5.2408921,36.5161973],[-5.2410398,36.5162847],[-5.2419697,36.517556],[-5.2424167,36.5179532],[-5.2429267,36.5178265],[-5.2437022,36.5172261],[-5.2452563,36.5165208],[-5.2466664,36.5162419],[-5.2486155,36.5156825],[-5.2494538,36.5153242],[-5.2509558,36.5143675],[-5.2524214,36.5140785],[-5.2537807,36.5147468],[-5.2548841,36.515447],[-5.2565716,36.5154963],[-5.2597614,36.5157513],[-5.2610375,36.5154748],[-5.2618746,36.5158465],[-5.2634967,36.5159509],[-5.2637861,36.5159184],[-5.2647793,36.515512],[-5.2650689,36.5154885],[-5.2659947,36.5146868],[-5.2661839,36.5146652],[-5.2654441,36.5161033],[-5.2650754,36.5164798],[-5.2650347,36.5166158],[-5.2659811,36.5169042],[-5.2665995,36.5174333],[-5.2674553,36.5184445],[-5.2677352,36.5188538],[-5.2679867,36.5194348],[-5.2680483,36.520398],[-5.2684197,36.5204991],[-5.2700871,36.5206206],[-5.270811,36.5205528],[-5.2710863,36.5204214],[-5.2715305,36.5199533],[-5.2712085,36.5179284],[-5.2715893,36.5171838],[-5.2726804,36.5176511],[-5.2736349,36.5169704]],[[-5.4031154,36.4997304],[-5.403059,36.500056],[-5.4029357,36.5002543],[-5.4030859,36.5001163],[-5.4031556,36.4997239],[-5.4033769,36.4994694],[-5.4031154,36.4997304]],[[-5.3186118,36.5191598],[-5.3186377,36.5191568],[-5.3186183,36.5191214],[-5.3186118,36.5191598]],[[-5.6029446,36.5344781],[-5.6018262,36.5344336],[-5.6010251,36.5347405],[-5.601401,36.535602],[-5.6028799,36.5357951],[-5.6031202,36.5350178],[-5.6029446,36.5344781]],[[-5.3380004,36.5788113],[-5.3379209,36.578753],[-5.3364871,36.5799244],[-5.3369851,36.5802631],[-5.3371126,36.5801873],[-5.337578,36.5792868],[-5.3380004,36.5788113]],[[-5.336032,36.5804484],[-5.3358738,36.5804928],[-5.33586,36.5807148],[-5.3349785,36.5809922],[-5.3345424,36.5812253],[-5.3341858,36.5815022],[-5.334208,36.5816245],[-5.3343896,36.5816024],[-5.3351321,36.5811612],[-5.3358308,36.5809922],[-5.3370886,36.5804619],[-5.3371741,36.580308],[-5.3369431,36.5803231],[-5.3364433,36.5799585],[-5.3361487,36.5801697],[-5.336032,36.5804484]],[[-5.3935204,36.5848569],[-5.3934304,36.5847495],[-5.3931768,36.5847502],[-5.3930933,36.5848851],[-5.393278,36.5849614],[-5.3935204,36.5848569]],[[-5.3088714,36.6073304],[-5.3087912,36.6071902],[-5.3086065,36.6072272],[-5.3085061,36.60734],[-5.3086724,36.6075296],[-5.3088128,36.6074886],[-5.3088714,36.6073304]],[[-5.3033073,36.6252823],[-5.3034162,36.6249039],[-5.3033308,36.6248354],[-5.3030427,36.6248747],[-5.3029595,36.6252241],[-5.3033073,36.6252823]],[[-5.2816416,36.6628914],[-5.2818762,36.6629595],[-5.2821285,36.662289],[-5.2819186,36.6622644],[-5.2818007,36.6626995],[-5.2816416,36.6628914]],[[-5.2939378,36.7042624],[-5.2940979,36.7042054],[-5.2940564,36.7040842],[-5.29392,36.7041198],[-5.2939378,36.7042624]],[[-5.3110952,36.708378],[-5.3111325,36.7084493],[-5.3113305,36.7084263],[-5.3111727,36.7082975],[-5.3110952,36.708378]],[[-5.238184,36.7272129],[-5.2380506,36.7272935],[-5.2380213,36.7274327],[-5.2380835,36.7274591],[-5.2383211,36.7272642],[-5.238184,36.7272129]],[[-5.2643978,36.7320932],[-5.2643606,36.7320744],[-5.2643891,36.7321144],[-5.2643978,36.7320932]],[[-5.2414656,36.7533958],[-5.2410579,36.7533442],[-5.2408058,36.7535677],[-5.2399488,36.753248],[-5.2399405,36.7534388],[-5.2398474,36.7535621],[-5.2396434,36.7536559],[-5.2394154,36.7536472],[-5.2396336,36.753876],[-5.2391173,36.7543317],[-5.2402103,36.7550462],[-5.240795,36.7552267],[-5.2428871,36.754466],[-5.244475,36.7535333],[-5.245505,36.7533442],[-5.2460951,36.7531422],[-5.2477366,36.7523728],[-5.2482086,36.751943],[-5.249598,36.7514745],[-5.2499682,36.7511908],[-5.2502579,36.7505676],[-5.2502739,36.7498928],[-5.2501988,36.7495532],[-5.2497214,36.7490331],[-5.249185,36.7487064],[-5.2487451,36.7485517],[-5.2472055,36.7489643],[-5.2464545,36.749089],[-5.2463204,36.7496865],[-5.2464545,36.7503613],[-5.2463043,36.7504601],[-5.2462399,36.7506149],[-5.2455479,36.7509458],[-5.2447969,36.7511221],[-5.2446359,36.7514058],[-5.2442712,36.7515175],[-5.2442443,36.7515992],[-5.2441317,36.7515777],[-5.2438474,36.7521364],[-5.2433592,36.7523857],[-5.2426565,36.7530734],[-5.2422541,36.753327],[-5.2418411,36.7532711],[-5.2414656,36.7533958]],[[-5.2489598,36.761595],[-5.2496196,36.7615649],[-5.2509875,36.7617153],[-5.2513577,36.7622224],[-5.2515722,36.7629057],[-5.2515132,36.7633226],[-5.2512557,36.7636277],[-5.2512396,36.7638426],[-5.2513912,36.7639758],[-5.2521731,36.7633999],[-5.2521891,36.762158],[-5.2518244,36.761509],[-5.2508802,36.7608515],[-5.2498556,36.760512],[-5.2496518,36.7603487],[-5.2494855,36.7600693],[-5.2493728,36.7600564],[-5.2490456,36.7607397],[-5.2487774,36.7609202],[-5.2489598,36.761595]],[[-5.2643846,36.7786215],[-5.2647104,36.7786441],[-5.2643859,36.7786881],[-5.2644959,36.7788664],[-5.2647735,36.7789051],[-5.2650229,36.7788267],[-5.2650578,36.7787386],[-5.2648754,36.778426],[-5.2645039,36.7783809],[-5.2643846,36.7786215]],[[-5.2647721,36.7796141],[-5.2646796,36.7793197],[-5.2645871,36.7792671],[-5.2643202,36.7793219],[-5.2642732,36.7794089],[-5.2643698,36.7796785],[-5.2644704,36.7797473],[-5.2646943,36.779729],[-5.2647721,36.7796141]],[[-5.2992662,36.8115282],[-5.2992594,36.8115539],[-5.2993069,36.8115273],[-5.2992662,36.8115282]],[[-5.143278,36.6192326],[-5.1433316,36.6192309],[-5.1432767,36.6192073],[-5.143278,36.6192326]],[[-5.0763826,36.6203945],[-5.0765223,36.6203336],[-5.0764464,36.6202215],[-5.0763067,36.6202824],[-5.0763826,36.6203945]],[[-5.1282211,36.6254946],[-5.1282326,36.6254588],[-5.1281052,36.6254705],[-5.1282211,36.6254946]],[[-5.1290932,36.6261889],[-5.1292505,36.6261564],[-5.1292201,36.6261203],[-5.1290932,36.6261889]],[[-5.0959798,36.6323658],[-5.0962535,36.6321047],[-5.096128,36.6319679],[-5.0958377,36.6322005],[-5.0959798,36.6323658]],[[-5.1691236,36.6345047],[-5.1692012,36.6344377],[-5.1690841,36.6344752],[-5.1691236,36.6345047]],[[-5.1834876,36.6356739],[-5.1835181,36.6356823],[-5.1834945,36.635653],[-5.1834876,36.6356739]],[[-5.1498708,36.6363517],[-5.1498927,36.6363264],[-5.1498258,36.6363266],[-5.1498708,36.6363517]],[[-5.0662156,36.6372699],[-5.0665303,36.6371936],[-5.0665343,36.6369495],[-5.0659903,36.6368593],[-5.0659511,36.6369403],[-5.0661108,36.6372268],[-5.0662156,36.6372699]],[[-5.1560735,36.6413764],[-5.1561515,36.6413619],[-5.1560631,36.6413405],[-5.1560735,36.6413764]],[[-5.0830586,36.6600455],[-5.0829515,36.6599184],[-5.0827372,36.6599662],[-5.0828155,36.6601436],[-5.082994,36.6601285],[-5.0830586,36.6600455]],[[-5.2037886,36.6787665],[-5.2040407,36.6784826],[-5.2040648,36.6781491],[-5.2039093,36.6780459],[-5.2037027,36.6780502],[-5.2033648,36.6784352],[-5.2034614,36.6787235],[-5.203574,36.6788095],[-5.2037886,36.6787665]],[[-5.1192558,36.6789314],[-5.1193228,36.6787649],[-5.1191511,36.6787044],[-5.1190552,36.6788202],[-5.1192558,36.6789314]],[[-5.2085204,36.6795859],[-5.2084931,36.6798588],[-5.2085983,36.6799552],[-5.2087475,36.6799208],[-5.2086495,36.6798819],[-5.2087198,36.6797868],[-5.2086394,36.6795757],[-5.2085204,36.6795859]],[[-5.1975791,36.6898806],[-5.1976734,36.6891009],[-5.1975758,36.6890126],[-5.1972971,36.6890206],[-5.1972006,36.6892445],[-5.196632,36.6896784],[-5.1963287,36.6897281],[-5.1975791,36.6898806]],[[-5.0438621,36.692461],[-5.0438343,36.6925803],[-5.0440137,36.692616],[-5.044039,36.6924727],[-5.0438621,36.692461]],[[-5.1744367,36.6944298],[-5.1744551,36.6943952],[-5.1743549,36.6944036],[-5.1744367,36.6944298]],[[-5.1740774,36.6946387],[-5.1741174,36.6946513],[-5.1741089,36.6945778],[-5.1740774,36.6946387]],[[-5.151928,36.6981714],[-5.1518528,36.6982402],[-5.1519889,36.6983359],[-5.1520641,36.698267],[-5.151928,36.6981714]],[[-5.1463379,36.7003891],[-5.1463983,36.7003742],[-5.1463193,36.7003388],[-5.1463379,36.7003891]],[[-5.2107895,36.7166895],[-5.210969,36.7162912],[-5.2106674,36.7165038],[-5.2107077,36.7167073],[-5.2107895,36.7166895]],[[-5.1838933,36.7402232],[-5.1839081,36.7402654],[-5.1840181,36.740191],[-5.1838933,36.7402232]],[[-5.209151,36.7426767],[-5.2092985,36.7426316],[-5.2092201,36.7424486],[-5.2089867,36.742242],[-5.2088284,36.7422783],[-5.208859,36.742415],[-5.209151,36.7426767]],[[-5.1498822,36.7454339],[-5.1497497,36.7453429],[-5.1496891,36.7453995],[-5.1498216,36.7454905],[-5.1498822,36.7454339]],[[-5.1928438,36.7476995],[-5.1925585,36.7477127],[-5.1925699,36.7478124],[-5.1928512,36.7478022],[-5.1928438,36.7476995]],[[-5.192733,36.7481924],[-5.1928828,36.7481134],[-5.1927816,36.7480049],[-5.1926482,36.7480764],[-5.192733,36.7481924]],[[-5.192421,36.7482063],[-5.1925668,36.7481357],[-5.1924781,36.7480199],[-5.1923344,36.7480897],[-5.192421,36.7482063]],[[-5.1918699,36.7483684],[-5.1919567,36.7483185],[-5.191893,36.7482503],[-5.1918093,36.7482994],[-5.1918699,36.7483684]],[[-5.191981,36.7485535],[-5.1920567,36.7485118],[-5.1919489,36.7484901],[-5.191981,36.7485535]],[[-5.1917569,36.7486355],[-5.1919101,36.7485347],[-5.1917846,36.7484273],[-5.1916487,36.7485243],[-5.1917569,36.7486355]],[[-5.1930002,36.7486396],[-5.1928811,36.7484928],[-5.1927522,36.7485018],[-5.1926603,36.7486101],[-5.1928064,36.7487592],[-5.1930002,36.7486396]],[[-5.1925336,36.7487646],[-5.1926226,36.7486128],[-5.1924087,36.7485151],[-5.1923122,36.7485776],[-5.1923071,36.7487023],[-5.1925336,36.7487646]],[[-5.1915153,36.7487048],[-5.1915344,36.7486246],[-5.1914177,36.7486015],[-5.19141,36.7487043],[-5.1915153,36.7487048]],[[-5.1582153,36.7491229],[-5.1582531,36.7491525],[-5.158255,36.7490947],[-5.1582153,36.7491229]],[[-5.1288711,36.7516483],[-5.1289233,36.75171],[-5.1291146,36.7516873],[-5.1291456,36.7518824],[-5.1293005,36.7517491],[-5.1290437,36.7515306],[-5.1288711,36.7516483]],[[-5.1749073,36.7619216],[-5.1747601,36.7620424],[-5.1748855,36.7621474],[-5.1750424,36.7620294],[-5.1749073,36.7619216]],[[-5.1766332,36.7900957],[-5.17653,36.7900678],[-5.176572,36.7901268],[-5.1766332,36.7900957]]]}},{"type":"Feature","properties":{"id":"sierra-de-las-nieves","name":"Sierra de las Nieves","type":"island","members":["alozaina","casarabonela","el-burgo","guaro","istan","monda","ojen","tolox","yunquera"]},"geometry":{"type":"Polygon","coordinates":[[[-4.8064796,36.5930083],[-4.8050011,36.5923997],[-4.8046438,36.5924141],[-4.8029198,36.5927827],[-4.8015464,36.5928486],[-4.8002999,36.5930837],[-4.7983577,36.5922387],[-4.7974233,36.5919553],[-4.7968874,36.5919814],[-4.7949679,36.593083],[-4.7945843,36.5929265],[-4.7941257,36.5929154],[-4.7924552,36.5931839],[-4.7913578,36.5931012],[-4.7903303,36.5941082],[-4.7896318,36.594353],[-4.7881835,36.5945641],[-4.7864944,36.5945173],[-4.7861638,36.5947205],[-4.7841918,36.5964627],[-4.7826683,36.5958365],[-4.7820625,36.5957464],[-4.7816106,36.5955368],[-4.7799611,36.595264],[-4.7775407,36.5950117],[-4.7762137,36.5946619],[-4.7735077,36.5936476],[-4.7716182,36.5911879],[-4.7738907,36.5888916],[-4.7736481,36.5870834],[-4.7737548,36.5863698],[-4.7737883,36.5834398],[-4.7738711,36.5831501],[-4.7743377,36.5825392],[-4.7747231,36.5817944],[-4.7750183,36.5815105],[-4.7756467,36.5811316],[-4.7757634,36.5808595],[-4.775546,36.5801506],[-4.7756458,36.5796263],[-4.7763076,36.5772909],[-4.7764462,36.5770004],[-4.7767301,36.5767077],[-4.7768244,36.5764359],[-4.7768044,36.5760486],[-4.7766137,36.5755287],[-4.7761602,36.5747602],[-4.7761277,36.5728498],[-4.7759622,36.5724556],[-4.775499,36.5717505],[-4.775171,36.5710883],[-4.774777,36.5699855],[-4.7741242,36.5688054],[-4.7729812,36.5671999],[-4.7729862,36.5669294],[-4.7739243,36.5654372],[-4.7739858,36.5651929],[-4.7738597,36.5635903],[-4.7736748,36.5633226],[-4.7729652,36.5630718],[-4.7719589,36.5625549],[-4.7712081,36.5619712],[-4.7707945,36.5614725],[-4.7701904,36.560463],[-4.7701268,36.5601214],[-4.7699774,36.5599433],[-4.7693927,36.5597807],[-4.7691536,36.559586],[-4.7677509,36.5578491],[-4.7674389,36.557394],[-4.767346,36.5567464],[-4.7672202,36.556622],[-4.7664136,36.5565258],[-4.7651533,36.5566256],[-4.7641602,36.5561896],[-4.7630638,36.5561247],[-4.762736,36.5559583],[-4.7625274,36.5556279],[-4.7622622,36.5547755],[-4.7619655,36.5545004],[-4.7610746,36.554135],[-4.7601754,36.5538959],[-4.7596882,36.5535966],[-4.7590834,36.5530376],[-4.7577063,36.552418],[-4.7568765,36.5512944],[-4.7562014,36.5500965],[-4.7558907,36.5496955],[-4.7548863,36.5487548],[-4.7539633,36.5474614],[-4.7526376,36.5466335],[-4.7521198,36.5464609],[-4.7517285,36.5464486],[-4.7508729,36.5466504],[-4.7507039,36.5465898],[-4.7492936,36.5439875],[-4.7486655,36.5389129],[-4.7485254,36.5386445],[-4.746405,36.5367466],[-4.7451085,36.5342236],[-4.7433407,36.5330957],[-4.7437483,36.5318458],[-4.7379519,36.5278741],[-4.7354025,36.5212409],[-4.736929,36.5210835],[-4.7374559,36.521175],[-4.7387675,36.521895],[-4.7402117,36.5220543],[-4.7405503,36.5222116],[-4.7415174,36.5230087],[-4.742373,36.5233117],[-4.7425806,36.5236061],[-4.7428961,36.5247283],[-4.7438571,36.525246],[-4.7449019,36.5250234],[-4.7453816,36.5249984],[-4.7456968,36.525111],[-4.7465234,36.5256127],[-4.747108,36.5257844],[-4.7475274,36.5260577],[-4.7488724,36.5272639],[-4.7494126,36.527941],[-4.7496462,36.528893],[-4.7504418,36.5290076],[-4.7524905,36.5287251],[-4.753265,36.5293898],[-4.754751,36.5299087],[-4.7560152,36.5304941],[-4.7570221,36.5310652],[-4.7577871,36.5313063],[-4.7582788,36.5313171],[-4.7587177,36.5314638],[-4.7593103,36.5314911],[-4.7611211,36.5310588],[-4.7617952,36.5307424],[-4.7623308,36.5307164],[-4.7638873,36.5308917],[-4.7651837,36.5309266],[-4.7655769,36.531029],[-4.7656422,36.5314427],[-4.7659237,36.5320334],[-4.7664146,36.5325039],[-4.767003,36.5328377],[-4.7675528,36.5339292],[-4.7679942,36.5341841],[-4.7686001,36.5343013],[-4.7702774,36.5343846],[-4.7710865,36.5345979],[-4.7718985,36.5349374],[-4.7720715,36.5351782],[-4.7725573,36.5363969],[-4.7732736,36.5374409],[-4.7736353,36.5376248],[-4.774944,36.5377045],[-4.7754944,36.5378405],[-4.7766587,36.5374626],[-4.7769614,36.5375122],[-4.7785653,36.5387772],[-4.7788366,36.5389174],[-4.7797959,36.538858],[-4.7813539,36.5390872],[-4.7819229,36.5390606],[-4.7827412,36.5391836],[-4.7835892,36.5396307],[-4.7850494,36.5399784],[-4.7856129,36.5401953],[-4.7860016,36.540183],[-4.7867591,36.5400069],[-4.7870947,36.5400289],[-4.7877515,36.5404156],[-4.7886528,36.5412314],[-4.7895683,36.5416954],[-4.7903682,36.5424766],[-4.7909696,36.5428822],[-4.7914203,36.5430467],[-4.7918452,36.5430674],[-4.7925014,36.5429403],[-4.7946248,36.542016],[-4.7952909,36.5418348],[-4.7956503,36.5419195],[-4.7958578,36.5421958],[-4.7960161,36.5427613],[-4.7962075693325925,36.544140831778414],[-4.7961699,36.5442673],[-4.796253300270762,36.544249279505095],[-4.7964922,36.5445118],[-4.7990678,36.5447794],[-4.7999873,36.5449278],[-4.8007744,36.5451503],[-4.801555,36.5455712],[-4.8021021,36.5460406],[-4.802611,36.5467901],[-4.8037752,36.546412],[-4.8055018,36.5461965],[-4.8065328,36.5458564],[-4.806839,36.5455724],[-4.8079088,36.5449793],[-4.8080262,36.5447431],[-4.808017,36.5443467],[-4.8084625,36.5433304],[-4.8088405,36.5427748],[-4.8091942,36.5416517],[-4.8093924,36.5415315],[-4.8145858,36.541011],[-4.8153639,36.5408459],[-4.8165795,36.5402865],[-4.8172588,36.5401951],[-4.8184909,36.5403385],[-4.8191051,36.5403292],[-4.8196274,36.540213],[-4.820113,36.5399623],[-4.8216689,36.539623],[-4.8227731,36.5395521],[-4.8232277,36.5394099],[-4.827458,36.5373712],[-4.8395769,36.5331016],[-4.8449199,36.5309189],[-4.8520472,36.5300423],[-4.856351,36.5311382],[-4.861323,36.5321423],[-4.8656936,36.5318217],[-4.8659865,36.5319253],[-4.8683392,36.5345475],[-4.8724025,36.5376926],[-4.8739818,36.5383348],[-4.8783398,36.5397896],[-4.8788383,36.5400792],[-4.8835195,36.5442598],[-4.8855776,36.5462103],[-4.8862187,36.5467162],[-4.8879976,36.5478756],[-4.8885393,36.5481014],[-4.8931733,36.549389],[-4.8971746,36.5499203],[-4.8988243,36.5502275],[-4.8995287,36.5502524],[-4.9057665,36.5495039],[-4.9144548,36.5480127],[-4.9147478,36.5481161],[-4.9151821,36.5489655],[-4.9156276,36.5493639],[-4.918406,36.5510408],[-4.9201956,36.5524813],[-4.9212056,36.5535647],[-4.9217414,36.5539977],[-4.9221803,36.5541258],[-4.9220367,36.5548062],[-4.9221429,36.5549709],[-4.922409,36.5549391],[-4.9227144,36.5547246],[-4.9228002,36.5540555],[-4.9231407,36.5537275],[-4.9239566,36.5534782],[-4.9246278,36.5530972],[-4.9247574,36.5529455],[-4.9249138,36.5524665],[-4.9250545,36.5523493],[-4.9249707,36.5516098],[-4.9251223,36.5514706],[-4.925283,36.5510108],[-4.926142,36.5506238],[-4.926421,36.5506181],[-4.9266753,36.5505018],[-4.9268766,36.5503373],[-4.9267812,36.5500337],[-4.9394631,36.5427404],[-4.9456599,36.5404561],[-4.9532295,36.5396191],[-4.9593282,36.5374764],[-4.960077096494092,36.53744940679451],[-4.9602781,36.5376991],[-4.9601328,36.537918],[-4.9600977,36.5381655],[-4.9595641,36.5382435],[-4.9593561,36.5384336],[-4.9590276,36.5384889],[-4.9583347,36.5387816],[-4.9586692,36.5388654],[-4.9587526,36.5389799],[-4.9584444,36.5394077],[-4.9583808,36.5399785],[-4.9582764,36.5401545],[-4.9575506,36.5401422],[-4.9571431,36.5399723],[-4.9559498,36.539753],[-4.9557327,36.5398047],[-4.95558,36.5399871],[-4.9551379,36.5399258],[-4.9550315,36.5399889],[-4.9553831,36.5401421],[-4.9558634,36.5400275],[-4.9566007,36.5402384],[-4.95684,36.5403774],[-4.9567256,36.5405857],[-4.9567416,36.5408348],[-4.9560503,36.541266],[-4.9557843,36.5416102],[-4.9564103,36.5413096],[-4.9575146,36.5410204],[-4.9582684,36.5409875],[-4.9586791,36.5410857],[-4.9587965,36.5412036],[-4.9591534,36.5411211],[-4.9595286,36.5409146],[-4.9596336,36.5411336],[-4.959644,36.5412978],[-4.9595008,36.5413967],[-4.9587161,36.5416329],[-4.9578775,36.5421272],[-4.9574565,36.5421542],[-4.9568658,36.5425082],[-4.9564095,36.5425959],[-4.9558468,36.5434212],[-4.9563186,36.5440308],[-4.9561608,36.5434988],[-4.9567184,36.5429478],[-4.9571242,36.5430106],[-4.9575234,36.542858],[-4.957711,36.542936],[-4.957845,36.5427676],[-4.9582891,36.5426497],[-4.9595611,36.5424467],[-4.9599272,36.5426572],[-4.960255,36.5430553],[-4.9602804,36.5433431],[-4.9601134,36.5437618],[-4.9603501,36.5438531],[-4.9604568,36.5440445],[-4.960364,36.5444083],[-4.9600234,36.5446542],[-4.9598037,36.5449748],[-4.9593555,36.5452658],[-4.9589352,36.5461549],[-4.9584035,36.5463152],[-4.9586547,36.5467346],[-4.9590745,36.5469166],[-4.9586678,36.5471408],[-4.959244,36.5474862],[-4.9591083,36.5477579],[-4.9587018,36.547892],[-4.9594799,36.5483136],[-4.9591314,36.5484134],[-4.9592076,36.5488581],[-4.9587653,36.5491639],[-4.9590912,36.5493241],[-4.9590654,36.5495354],[-4.9584852,36.5497399],[-4.9590067,36.5499124],[-4.9592273,36.550367],[-4.9586993,36.550628],[-4.9592854,36.550698],[-4.959349,36.5505174],[-4.959525,36.5504113],[-4.9595494,36.5500067],[-4.9597548,36.5498025],[-4.9601813,36.5496635],[-4.9603348,36.5494293],[-4.960486,36.5493885],[-4.9607316,36.5495557],[-4.9606594,36.5500892],[-4.9605371,36.5503013],[-4.9606594,36.5502974],[-4.9612461,36.5498928],[-4.961564,36.5505134],[-4.9615004,36.5507295],[-4.9618329,36.5502306],[-4.9618182,36.5498692],[-4.9619747,36.5496021],[-4.9621849,36.5495628],[-4.9627619,36.5500538],[-4.9627179,36.5503995],[-4.9623463,36.5508591],[-4.9620774,36.5509966],[-4.961998,36.5512626],[-4.9616862,36.5516682],[-4.9616902,36.5519314],[-4.9618133,36.5520296],[-4.9615933,36.5523124],[-4.9617644,36.5524892],[-4.9617791,36.5526502],[-4.9613977,36.5529644],[-4.9611483,36.5529134],[-4.9608998,36.5532258],[-4.9608448,36.5533993],[-4.96116,36.5535404],[-4.9611935,36.5537192],[-4.9607979,36.5538334],[-4.9604809,36.5537165],[-4.960161,36.5537755],[-4.9598175,36.554065],[-4.9593844,36.5541157],[-4.9590348,36.5543144],[-4.9588801,36.5542837],[-4.9587889,36.554525],[-4.9583334,36.5545304],[-4.9581318,36.5542952],[-4.9578837,36.554343],[-4.9581282,36.5543759],[-4.9581009,36.5545358],[-4.9582726,36.5547147],[-4.9591632,36.5545631],[-4.9595194,36.554576],[-4.9595935,36.5544492],[-4.9599944,36.5545395],[-4.960146,36.5544374],[-4.9602633,36.5544649],[-4.9603318,36.5543235],[-4.960767,36.5545356],[-4.9607718,36.5547555],[-4.9610527,36.5549069],[-4.9609136,36.5554586],[-4.9611386,36.5553525],[-4.9612657,36.5554586],[-4.9613094,36.5556341],[-4.9612853,36.5559613],[-4.9611043,36.5561224],[-4.9613293,36.5561656],[-4.9613586,36.5563737],[-4.9611274,36.556681],[-4.9615982,36.5569197],[-4.9615444,36.5571711],[-4.9616419,36.5572283],[-4.9616618,36.5573714],[-4.9615102,36.5577523],[-4.9610554,36.5579998],[-4.9611483,36.5580823],[-4.961207,36.5580233],[-4.9614906,36.5580548],[-4.9615395,36.5583886],[-4.9612413,36.5594098],[-4.9610674,36.5594934],[-4.9610805,36.5598356],[-4.9609789,36.5600018],[-4.9607306,36.5601385],[-4.9603365,36.5599858],[-4.9601421,36.5601376],[-4.9603318,36.560211],[-4.9605567,36.5604348],[-4.9606301,36.5606744],[-4.9604589,36.5611339],[-4.9604051,36.561566],[-4.9605078,36.5615738],[-4.9605323,36.5616877],[-4.9603024,36.5621433],[-4.9603111,36.56227],[-4.9600803,36.5625914],[-4.9599482,36.5625929],[-4.9597677,36.5625684],[-4.9597478,36.5624363],[-4.9595198,36.5623178],[-4.9592266,36.5622068],[-4.9591626,36.5622463],[-4.9593706,36.5624288],[-4.9594513,36.562898],[-4.9596586,36.5628446],[-4.9598151,36.5630079],[-4.9596899,36.5634666],[-4.9595999,36.5635483],[-4.9600028,36.56363],[-4.9599363,36.5638091],[-4.9595999,36.5639096],[-4.9593104,36.5642961],[-4.9590712,36.5643498],[-4.9585898,36.564223],[-4.9583753,36.564407],[-4.9581747,36.564316],[-4.9582286,36.5644638],[-4.9584671,36.5645163],[-4.9586629,36.5644178],[-4.9588176,36.564538],[-4.9587433,36.5646291],[-4.9580795,36.5647199],[-4.9573606,36.5651077],[-4.9567142,36.565349],[-4.9563441,36.5657432],[-4.9562554,36.5663225],[-4.9555787,36.5669917],[-4.9560168,36.566998],[-4.9562046,36.5668252],[-4.9563297,36.5668472],[-4.9562359,36.567331],[-4.9563532,36.567686],[-4.9567522,36.5676515],[-4.9571031,36.5679582],[-4.9572451,36.568217],[-4.9580274,36.5687322],[-4.958034,36.568961],[-4.9575854,36.5694673],[-4.9578123,36.5694359],[-4.9580196,36.569238],[-4.9584068,36.5691972],[-4.9587472,36.5694705],[-4.9584352,36.5697065],[-4.958528,36.5698214],[-4.9588717,36.5696832],[-4.9589075,36.5697658],[-4.9593613,36.5697375],[-4.9594747,36.5698915],[-4.9593535,36.5700674],[-4.9594121,36.5700862],[-4.9592322,36.57057],[-4.9588762,36.5709627],[-4.9586614,36.5716045],[-4.9587433,36.5718958],[-4.958266,36.5726843],[-4.9582113,36.5728979],[-4.9575677,36.5728514],[-4.9577683,36.5731191],[-4.9577522,36.5733647],[-4.9573955,36.5736016],[-4.9571775,36.5735793],[-4.9576111,36.5737007],[-4.9575147,36.5738349],[-4.9576397,36.5744502],[-4.9575815,36.5749807],[-4.9578921,36.5751592],[-4.9577536,36.5752477],[-4.957914,36.5753765],[-4.9578983,36.5755838],[-4.957364,36.5767354],[-4.9571784,36.5776992],[-4.957249,36.578411],[-4.9576335,36.5797299],[-4.9579598,36.5798573],[-4.9587996,36.5795878],[-4.95928,36.5792861],[-4.959502,36.5793271],[-4.9600217,36.5796613],[-4.9605567,36.5803695],[-4.96031,36.5798289],[-4.9596606,36.5793163],[-4.9594312,36.5792214],[-4.9583981,36.579381],[-4.9581824,36.5791677],[-4.9584194,36.5787372],[-4.9583784,36.5783865],[-4.9585477,36.577712],[-4.958647,36.5774724],[-4.958811,36.5774059],[-4.9588593,36.5772983],[-4.9589231,36.5762685],[-4.9590071,36.5760439],[-4.9593075,36.5758507],[-4.9591824,36.5755753],[-4.9592683,36.5752532],[-4.9591919,36.574885],[-4.9592718,36.574403],[-4.9600159,36.5718395],[-4.9600152,36.5712137],[-4.9604526,36.5702503],[-4.9604206,36.569709],[-4.9600532,36.5689254],[-4.9600075,36.5685355],[-4.9603633,36.5679473],[-4.9607131,36.5678245],[-4.9610175,36.567861],[-4.9610533,36.5680504],[-4.9607992,36.5683155],[-4.9608146,36.5685585],[-4.960922,36.5689228],[-4.9612204,36.5691721],[-4.9631395,36.5694572],[-4.9633266,36.5697161],[-4.963978,36.5698241],[-4.9651026,36.5696794],[-4.9652111,36.5695671],[-4.9650879,36.5694572],[-4.963963,36.56944],[-4.9633271,36.5691061],[-4.9623805,36.5687916],[-4.9621438,36.5688803],[-4.9616536,36.5687916],[-4.9613505,36.5686192],[-4.9618955,36.5678443],[-4.9618038,36.5674582],[-4.9615059,36.5671808],[-4.9610044,36.5672235],[-4.9606154,36.5671201],[-4.9604183,36.5668989],[-4.9604976,36.5666446],[-4.9610345,36.5660084],[-4.9613434,36.5657821],[-4.9618283,36.5657433],[-4.9617751,36.5656014],[-4.9620544,36.5655224],[-4.9619481,36.5654197],[-4.9619505,36.5653015],[-4.9621978,36.5651838],[-4.9624656,36.564848],[-4.9623856,36.5646686],[-4.9624098,36.5644421],[-4.9621427,36.564218],[-4.962351,36.5638781],[-4.962195,36.5636913],[-4.9623413,36.5636472],[-4.9623642,36.5633824],[-4.9625017,36.5632037],[-4.9626304,36.5631734],[-4.9631127,36.5634814],[-4.963014,36.5629746],[-4.9633521,36.5625399],[-4.9638885,36.5622598],[-4.9641219,36.5619043],[-4.9643342,36.561816],[-4.965068,36.5617815],[-4.9654458,36.5620079],[-4.9657794,36.5620445],[-4.9660492,36.5619347],[-4.9663618,36.5619496],[-4.9665802,36.5617883],[-4.9666922,36.5618938],[-4.9669316,36.5616202],[-4.9675164,36.5613596],[-4.9678503,36.5616178],[-4.9681613,36.5617107],[-4.9685145,36.5615856],[-4.969169,36.5618032],[-4.9693323,36.5619671],[-4.9692468,36.5616634],[-4.9687321,36.5613807],[-4.9680849,36.5613983],[-4.9678853,36.5612318],[-4.9678914,36.5609422],[-4.9677075,36.5607495],[-4.9675114,36.5606053],[-4.9672172,36.5605278],[-4.9666961,36.5606763],[-4.9664893,36.5610169],[-4.9658402,36.561271],[-4.9650546,36.5611245],[-4.9646654,36.5609285],[-4.9648194,36.5606117],[-4.9650927,36.5603231],[-4.9654175,36.5591358],[-4.9653427,36.5587624],[-4.9656106,36.5577982],[-4.965325,36.5576538],[-4.9652795,36.5574922],[-4.9656131,36.5569795],[-4.9652259,36.5569492],[-4.9649939,36.556822],[-4.9650512,36.55604],[-4.9652082,36.5558314],[-4.9647728,36.5551936],[-4.9650432,36.5551686],[-4.9651654,36.5549575],[-4.9653108,36.5549976],[-4.9654344,36.554874],[-4.965141,36.5546335],[-4.9652694,36.554442],[-4.9652449,36.5541818],[-4.9654527,36.5539314],[-4.9657801,36.5538817],[-4.9655444,36.5536417],[-4.965795,36.5531654],[-4.9661711,36.5531017],[-4.9659433,36.5528684],[-4.96607,36.5520951],[-4.9660009,36.5518762],[-4.9660945,36.55183],[-4.9661923,36.5519331],[-4.9665162,36.5519773],[-4.9666262,36.5518152],[-4.9668524,36.5518005],[-4.9669379,36.5519527],[-4.9672802,36.5519036],[-4.9677003,36.5516151],[-4.9678303,36.5518103],[-4.9677997,36.5519576],[-4.9679647,36.5519134],[-4.9679953,36.5520362],[-4.9681542,36.5520705],[-4.9682887,36.5519871],[-4.9685821,36.5520607],[-4.9684048,36.5522031],[-4.9684476,36.5523013],[-4.9683254,36.5524732],[-4.9687532,36.5526695],[-4.9689671,36.5531753],[-4.9690649,36.5531507],[-4.9691199,36.5532685],[-4.9691688,36.5529641],[-4.9690649,36.5528561],[-4.9691077,36.5527285],[-4.9688204,36.5523897],[-4.9689818,36.5522428],[-4.9689488,36.5521196],[-4.9690771,36.5519822],[-4.968906,36.5518987],[-4.968252,36.5512359],[-4.968362,36.5510051],[-4.9687471,36.5509805],[-4.9689549,36.5508774],[-4.9682826,36.5507351],[-4.968197,36.5508578],[-4.968032,36.5508431],[-4.9678547,36.5510984],[-4.967653,36.550956],[-4.966999,36.55074],[-4.9668524,36.5508578],[-4.9664551,36.5507203],[-4.9658133,36.5501213],[-4.9661862,36.5499004],[-4.9657766,36.5499102],[-4.965471,36.5493455],[-4.9652021,36.5493848],[-4.9647315,36.5488692],[-4.963752,36.5480439],[-4.9638877,36.5472752],[-4.9642181,36.5471311],[-4.9645604,36.5471654],[-4.9639797,36.5464093],[-4.9640417,36.5459195],[-4.964212,36.5457562],[-4.9644259,36.5458495],[-4.9648171,36.5458299],[-4.9645848,36.545604],[-4.964707,36.5454419],[-4.9651043,36.5454861],[-4.9654588,36.5453683],[-4.9658748,36.545355],[-4.9658072,36.5451866],[-4.96563,36.5451915],[-4.9654301,36.5450168],[-4.9652877,36.545108],[-4.965196,36.5449755],[-4.9649638,36.5448969],[-4.9652205,36.5443027],[-4.9651716,36.5441653],[-4.9654405,36.5437528],[-4.9656116,36.5437282],[-4.9657033,36.5438264],[-4.9659356,36.5435711],[-4.9664625,36.5434256],[-4.9673537,36.5433198],[-4.967867,36.5437086],[-4.9680381,36.5437135],[-4.9683009,36.5438755],[-4.9686615,36.5441947],[-4.9687654,36.5441014],[-4.9694805,36.5442045],[-4.9697861,36.544126],[-4.9698472,36.5440032],[-4.9696639,36.5438903],[-4.9694927,36.5440032],[-4.9693277,36.5439934],[-4.9688815,36.543576],[-4.9681603,36.5433894],[-4.9677142,36.5428935],[-4.9671885,36.5428247],[-4.9668035,36.5426037],[-4.9667301,36.5426479],[-4.9667118,36.5425006],[-4.9663878,36.5423729],[-4.9662595,36.5424564],[-4.9661373,36.5423828],[-4.9660578,36.5424221],[-4.9654502,36.5414303],[-4.9648301,36.5408961],[-4.9653427,36.5409243],[-4.9661862,36.5407525],[-4.9667118,36.5409342],[-4.9672007,36.5408212],[-4.9667851,36.540777],[-4.9659274,36.5397386],[-4.9661189,36.5395494],[-4.9669502,36.5392204],[-4.9671152,36.5389208],[-4.9674941,36.5388668],[-4.9678119,36.5382775],[-4.9672863,36.5382382],[-4.9659139,36.5384399],[-4.96502,36.5382557],[-4.9651117,36.5379611],[-4.9649646,36.5379469],[-4.9649154,36.5377371],[-4.964570430068031,36.53728745892814],[-4.9706036,36.5370737],[-4.9711402,36.5375348],[-4.9718828,36.5377479],[-4.9727997,36.5377868],[-4.9739105,36.5379848],[-4.9738293,36.5387433],[-4.9739699,36.539444],[-4.9742526,36.5400162],[-4.9747683,36.5405304],[-4.975699,36.5411099],[-4.976649,36.5415719],[-4.9778067,36.5418501],[-4.9786799,36.5419258],[-4.9794912,36.5422007],[-4.9801489,36.5425864],[-4.9805974,36.5430927],[-4.9811219,36.5435077],[-4.981152,36.5438136],[-4.9801568,36.5459664],[-4.9801234,36.5464086],[-4.9804059,36.5482877],[-4.9808907,36.5506502],[-4.9813423,36.552148],[-4.9816323,36.5525668],[-4.9829121,36.5532486],[-4.9841999,36.553804],[-4.9844415,36.5540794],[-4.9859306,36.5585704],[-4.9855863,36.5590899],[-4.9845553,36.5602788],[-4.9847784,36.5606988],[-4.9861065,36.5623892],[-4.9870147,36.5629509],[-4.9878362,36.5636133],[-4.9898638,36.5659951],[-4.9931514,36.5691399],[-4.995442,36.5717426],[-4.9983143,36.5747951],[-4.9984106,36.5750639],[-4.9985681,36.5768369],[-4.9985675,36.5776842],[-4.9983902,36.5781739],[-4.9990152,36.578578],[-4.9999817,36.5796524],[-5.0004818,36.5804102],[-5.0007452,36.5815234],[-5.0013247,36.5827576],[-5.0012483,36.5841289],[-5.0025174,36.5848016],[-5.0024378,36.5856142],[-5.0019404,36.5858298],[-5.0022644,36.586257],[-5.0023182,36.5870403],[-5.0026543,36.5875034],[-5.0029615,36.5877145],[-5.0035597,36.5879388],[-5.0038148,36.5887277],[-5.0035997,36.5890558],[-5.0041129,36.5894528],[-5.0041106,36.5897953],[-5.0038215,36.5902869],[-5.0034891,36.591266],[-5.0039298,36.5918805],[-5.0042019,36.5924618],[-5.0036088,36.5928684],[-5.0041921,36.5946793],[-5.0052529,36.595067],[-5.0062911,36.5958788],[-5.0072753,36.5967636],[-5.0082749,36.5978103],[-5.0083718,36.5985297],[-5.0091046,36.5987698],[-5.0097712,36.5994706],[-5.0104369,36.5992791],[-5.010953,36.5997842],[-5.0119785,36.5996677],[-5.011776,36.6000497],[-5.012142,36.6008006],[-5.0125059,36.6010379],[-5.0126584,36.6013147],[-5.0128193,36.6019159],[-5.0131278,36.6021721],[-5.0135583,36.6023901],[-5.0141177,36.6024077],[-5.014388,36.6029169],[-5.0165807,36.6038352],[-5.0178391,36.6036517],[-5.0180647,36.603729],[-5.0182898,36.6046446],[-5.0188406,36.6047614],[-5.0189779,36.6053089],[-5.0197048,36.6057473],[-5.0200965,36.6066239],[-5.0207385,36.607235],[-5.0211929,36.6079393],[-5.021559,36.6082576],[-5.0220281,36.6082406],[-5.0227171,36.6080847],[-5.023201,36.6082027],[-5.0236571,36.6085465],[-5.0229063,36.6093344],[-5.0228242,36.6096152],[-5.0229951,36.6105947],[-5.0237017,36.6106819],[-5.0238198,36.6109232],[-5.0236654,36.6131432],[-5.0240737,36.6137942],[-5.0242563,36.6147916],[-5.0246435,36.6154881],[-5.0246173,36.6157679],[-5.023677,36.6170097],[-5.0234217,36.6175098],[-5.023232,36.6209471],[-5.0227883,36.6249386],[-5.0242322,36.627555],[-5.0238877,36.6289219],[-5.0238083,36.6297344],[-5.0285662,36.6312128],[-5.0336952,36.6336131],[-5.0362262,36.6345974],[-5.0364209,36.6347743],[-5.0370378,36.6361158],[-5.0373519,36.6370027],[-5.0392253,36.6389176],[-5.0397486,36.6392511],[-5.0415722,36.6413921],[-5.043521,36.6423626],[-5.0436252,36.6445927],[-5.0435396,36.645162],[-5.043331,36.6457334],[-5.041835,36.6462638],[-5.0396387,36.6465358],[-5.0387606,36.6471727],[-5.0365978,36.6478677],[-5.0342005,36.6490083],[-5.0334647,36.649102],[-5.0314895,36.6497035],[-5.028416,36.6510809],[-5.0255496,36.6509764],[-5.02506,36.6510749],[-5.0229725,36.6520928],[-5.0212729,36.6534016],[-5.0200477,36.6548915],[-5.019599,36.6557013],[-5.0194259,36.6563532],[-5.0191695,36.6585298],[-5.0189583,36.6590111],[-5.0179404,36.6594429],[-5.0169496,36.6604872],[-5.019132,36.6605224],[-5.0200863,36.6606504],[-5.0208628,36.6608265],[-5.0216785,36.6612183],[-5.0223163,36.6616491],[-5.0233883,36.6628567],[-5.0251178,36.6652429],[-5.0263934,36.6665281],[-5.0266034,36.6668581],[-5.0307094,36.669411],[-5.0294381,36.6725513],[-5.0244781,36.685669],[-5.0234269,36.6869758],[-5.021365,36.6898681],[-5.0194234,36.6913702],[-5.0171789,36.6928504],[-5.0142008,36.6949558],[-5.0135393,36.6957692],[-5.011937,36.6974187],[-5.0064235,36.7036228],[-5.0051367,36.7049334],[-5.0034252,36.7097212],[-5.002472,36.7131082],[-5.0022264,36.7144283],[-5.0019829,36.7162621],[-5.0014063,36.7225181],[-5.0013676,36.7236183],[-5.0008136,36.7272961],[-5.0003688,36.7321618],[-5.0001318,36.7338152],[-5.0025169,36.7372632],[-5.0030987,36.7385333],[-5.0036707,36.740723],[-5.0051023,36.7449532],[-5.0053681,36.7461294],[-5.005098,36.7465125],[-5.0046801,36.746808],[-5.0049069,36.747345],[-5.0049032,36.7476643],[-5.0034729,36.748622],[-5.0033818,36.7498583],[-5.0029239,36.7507674],[-5.0032292,36.751312],[-5.0038035,36.7518612],[-5.0037738,36.7524385],[-5.0035128,36.753173],[-5.0033583,36.754122],[-5.0037507,36.7549987],[-5.0043094,36.7566658],[-5.0048007,36.7574687],[-5.0055057,36.7578714],[-5.0064644,36.7581257],[-5.0068018,36.7586067],[-5.0068411,36.759255],[-5.0057273,36.7594991],[-5.0057783,36.7601652],[-5.0063655,36.7607773],[-5.0059583,36.7614872],[-5.0075129,36.7618215],[-5.0106244,36.7621475],[-5.0131591,36.7626905],[-5.0139648,36.7626589],[-5.0148665,36.7620127],[-5.0158019,36.7617985],[-5.0166921,36.7619998],[-5.0174951,36.7622926],[-5.0184947,36.7623928],[-5.0196442,36.7626527],[-5.0205672,36.76325],[-5.0221951,36.7633846],[-5.0230672,36.7637483],[-5.0237042,36.764116],[-5.0246859,36.7643877],[-5.025877,36.7649533],[-5.0270893,36.7658971],[-5.0293299,36.7667512],[-5.0310877,36.7671359],[-5.0315447,36.7674706],[-5.0319847,36.7680129],[-5.0323058,36.7687194],[-5.0329471,36.7696729],[-5.0341946,36.7710937],[-5.0348641,36.7752283],[-5.0351088,36.7755847],[-5.035819,36.7761764],[-5.0359992,36.776633],[-5.0365189,36.7810316],[-5.0364708,36.7851424],[-5.0353723,36.7868197],[-5.0341085,36.7890315],[-5.0327498,36.7910466],[-5.0254491,36.793821],[-5.0240777,36.7945114],[-5.0174857,36.7982647],[-5.0097837,36.80246],[-5.0084603,36.8032845],[-5.0078568,36.8037814],[-5.007335,36.8044032],[-5.0067313,36.804891],[-5.0035197,36.8068109],[-5.0029269,36.8072896],[-5.0039063,36.8074534],[-5.0048118,36.8077896],[-5.0053415,36.8083305],[-5.004201,36.8127392],[-4.9956841,36.8207493],[-4.9959684,36.8210519],[-4.9955392,36.821447],[-4.9953246,36.8220654],[-4.9957246,36.823091],[-4.9955361,36.8237688],[-4.9953409,36.8239755],[-4.9930874,36.8254473],[-4.9908277,36.8273818],[-4.9894501,36.8284178],[-4.9892478,36.8286427],[-4.9890837,36.8291432],[-4.9886569,36.8312244],[-4.9882823,36.8315469],[-4.9869657,36.8323544],[-4.9839646,36.8337655],[-4.9806426,36.8358175],[-4.9775887,36.837031],[-4.9755815,36.8380374],[-4.9744607,36.8380347],[-4.9699112,36.8394439],[-4.9674969,36.8436385],[-4.9648819,36.8497701],[-4.9641923,36.8550783],[-4.9640561,36.8553612],[-4.9631164,36.8562576],[-4.9621822,36.8566079],[-4.9620031,36.8567401],[-4.9603843,36.8586241],[-4.9590115,36.859981],[-4.9587528,36.8612019],[-4.9583835,36.862259],[-4.9581738,36.8631956],[-4.9586978,36.8630353],[-4.9590125,36.8631125],[-4.9592477,36.8642448],[-4.956266,36.8699516],[-4.956399,36.8704628],[-4.9571556,36.8715463],[-4.9575317,36.8722897],[-4.9575282,36.8724886],[-4.9573726,36.8728286],[-4.9558178,36.8739046],[-4.9555675,36.8742272],[-4.9552684,36.8748476],[-4.9551723,36.8761997],[-4.954797,36.8775493],[-4.9552489,36.8774709],[-4.955174,36.8785226],[-4.9548871,36.8795909],[-4.9527456,36.8805274],[-4.9506663,36.8817062],[-4.9502447,36.8814518],[-4.9498147,36.8813056],[-4.9482803,36.8814119],[-4.946251,36.8801472],[-4.9409936,36.8776644],[-4.9377251,36.8775194],[-4.9343805,36.8770241],[-4.9328085,36.8769685],[-4.9316115,36.8766635],[-4.9307703,36.8762265],[-4.928403,36.8753275],[-4.9259509,36.8732852],[-4.9227955,36.8709297],[-4.9223528,36.8684853],[-4.922231,36.8680997],[-4.9219389,36.8676357],[-4.9215482,36.8672635],[-4.9202503,36.8665003],[-4.918206,36.8654968],[-4.9178438,36.8653674],[-4.916989,36.865273],[-4.9127361,36.865666],[-4.9102699,36.8661833],[-4.9099004,36.8662073],[-4.9096846,36.8661026],[-4.9090256,36.863959],[-4.9088726,36.863673],[-4.9075794,36.8621886],[-4.9070549,36.8613948],[-4.9068997,36.8610187],[-4.9068148,36.860308],[-4.9069413,36.8586295],[-4.9069232,36.8578997],[-4.9073187,36.8553066],[-4.9074203,36.85398],[-4.9072777,36.8532071],[-4.9069031,36.8521225],[-4.9033659,36.8465188],[-4.9028592,36.8459861],[-4.9022145,36.8457621],[-4.9019636,36.8455948],[-4.9017199,36.8452652],[-4.9014387,36.8443233],[-4.9011163,36.843986],[-4.9007637,36.8437843],[-4.8989126,36.8433001],[-4.8982053,36.8428157],[-4.8970255,36.8422667],[-4.8963928,36.8425291],[-4.8958656,36.8429792],[-4.8954402,36.8434637],[-4.8950854,36.8440822],[-4.8943488,36.8446798],[-4.893838,36.8448862],[-4.8920535,36.8452842],[-4.8912781,36.8456751],[-4.8910043,36.8459408],[-4.8891364,36.8484221],[-4.8882309,36.8499057],[-4.888044,36.8500619],[-4.8877088,36.8501123],[-4.8869607,36.8497906],[-4.8844559,36.846892],[-4.8839375,36.8449623],[-4.8827081,36.8465051],[-4.8816669,36.8484053],[-4.8807965,36.847671],[-4.8798665,36.8477037],[-4.8773841,36.8475446],[-4.8730109,36.8475685],[-4.8723075,36.8476967],[-4.8701867,36.8485683],[-4.8681067,36.849277],[-4.8664956,36.8494375],[-4.8660204,36.8497244],[-4.8648305,36.851068],[-4.8641343,36.8514935],[-4.8635676,36.8517097],[-4.8626399,36.8518414],[-4.8597138,36.8514275],[-4.8578747,36.8514382],[-4.8591545,36.8496336],[-4.858751,36.8491802],[-4.8612969,36.8464094],[-4.8620714,36.8441259],[-4.8622833,36.8426894],[-4.8617912,36.8422825],[-4.8607861,36.8419918],[-4.8609047,36.8413319],[-4.8608276,36.8409275],[-4.8607336,36.8407487],[-4.860264,36.8403415],[-4.8566527,36.838469],[-4.8559393,36.8381827],[-4.853949,36.837024],[-4.853235,36.8367106],[-4.8518396,36.836507],[-4.8526747,36.8353313],[-4.854374,36.8337274],[-4.8546538,36.8337051],[-4.8553006,36.8326314],[-4.8543719,36.8317806],[-4.8473293,36.8280054],[-4.8462223,36.8281307],[-4.8446301,36.8281283],[-4.8435841,36.8279913],[-4.8388673,36.8300112],[-4.836004,36.8307765],[-4.8294752,36.8320578],[-4.8276009,36.8310411],[-4.8230167,36.8282812],[-4.8187753,36.8276701],[-4.8184358,36.8275401],[-4.8147878,36.8254686],[-4.8130498,36.825459],[-4.8116392,36.8250749],[-4.8107889,36.8246732],[-4.810254,36.8238611],[-4.807627,36.8237118],[-4.8061685,36.8231931],[-4.8031385,36.8230678],[-4.7996318,36.8226973],[-4.7976187,36.822908],[-4.7966047,36.8236534],[-4.7969358,36.8267851],[-4.7969145,36.8282726],[-4.7959777,36.8299272],[-4.795855,36.8304338],[-4.7957185,36.8317879],[-4.7955841,36.8322767],[-4.7951194,36.8330228],[-4.7952198,36.833481],[-4.7951532,36.8339867],[-4.7949237,36.8342426],[-4.7913329,36.8370188],[-4.7902367,36.8380989],[-4.7894857,36.8429234],[-4.7888772,36.8461684],[-4.787687,36.8504406],[-4.7874983,36.851489],[-4.7875805,36.85165],[-4.7881153,36.8519755],[-4.790449,36.852977],[-4.7876029,36.8530919],[-4.7858591,36.8533434],[-4.7839437,36.8534533],[-4.7808449,36.8537971],[-4.7750351,36.8542896],[-4.7703226,36.8478881],[-4.7703039,36.8475639],[-4.7706224,36.846784],[-4.769468,36.8458457],[-4.7684572,36.8452929],[-4.7682587,36.8449533],[-4.7679791,36.844011],[-4.7676045,36.8433316],[-4.7669712,36.8426109],[-4.765873,36.8416718],[-4.7656305,36.8413689],[-4.7655583,36.8411536],[-4.7656536,36.8404221],[-4.7655357,36.8396848],[-4.7656103,36.8395124],[-4.7656263,36.838746],[-4.7659228,36.8379845],[-4.7659081,36.8363713],[-4.7657537,36.8355083],[-4.7659867,36.8344232],[-4.7658802,36.8336947],[-4.7656627,36.8334996],[-4.7655127,36.8328258],[-4.7657612,36.831443],[-4.7653928,36.8305381],[-4.7642133,36.8289783],[-4.7638254,36.8286866],[-4.7625813,36.8282183],[-4.7623532,36.8280504],[-4.7617883,36.826887],[-4.7608097,36.8262615],[-4.7602896,36.8260709],[-4.7588138,36.826255],[-4.7582693,36.8259746],[-4.7573624,36.8250506],[-4.7558651,36.8247843],[-4.7554013,36.8246018],[-4.7546251,36.8240003],[-4.7537835,36.8229852],[-4.7535799,36.8229071],[-4.7528315,36.8230263],[-4.7520445,36.8229297],[-4.7517593,36.8227176],[-4.7514894,36.8221897],[-4.7512388,36.8220132],[-4.7502885,36.8216396],[-4.7494759,36.8209124],[-4.7488128,36.8193628],[-4.7486676,36.8184005],[-4.7486942,36.8175979],[-4.7484765,36.816898],[-4.7470391,36.8143232],[-4.7469877,36.8140355],[-4.7471908,36.8135999],[-4.7476934,36.8130247],[-4.7476976,36.8127181],[-4.7470271,36.8113309],[-4.746713,36.810335],[-4.7468283,36.8099818],[-4.7470249,36.8097535],[-4.7477007,36.8094011],[-4.7487436,36.8094218],[-4.7491556,36.8092986],[-4.7492181,36.8090904],[-4.748588,36.808],[-4.7485825,36.8077567],[-4.7487156,36.8072049],[-4.749068,36.8064336],[-4.7493322,36.8062224],[-4.7501304,36.8058321],[-4.7504486,36.80553],[-4.7501669,36.8044795],[-4.7502784,36.8039641],[-4.7505503,36.8035996],[-4.7512975,36.8029396],[-4.7528316,36.8018895],[-4.753875,36.800459],[-4.7541817,36.800148],[-4.7547229,36.7997975],[-4.7559115,36.7993293],[-4.7562199,36.7990904],[-4.7591538,36.7960365],[-4.7601472,36.7943904],[-4.7602105,36.7942182],[-4.7601094,36.7878381],[-4.7611728,36.7848478],[-4.7614678,36.7815806],[-4.7637227,36.7792487],[-4.7655021,36.7767075],[-4.7660279,36.776186],[-4.7705577,36.7729099],[-4.7708523,36.772563],[-4.7735579,36.7684216],[-4.7746716,36.7671611],[-4.776381,36.7659819],[-4.7763751,36.7657296],[-4.7759997,36.7649961],[-4.7758392,36.7643495],[-4.7744187,36.7634783],[-4.7720912,36.7616472],[-4.771124,36.7609946],[-4.7699339,36.7599036],[-4.7686776,36.7593454],[-4.768127,36.7592724],[-4.7671253,36.7595577],[-4.7665405,36.759945],[-4.7658045,36.7605778],[-4.7654704,36.7606639],[-4.7649892,36.7606891],[-4.7646176,36.7606044],[-4.7634715,36.7599634],[-4.7630997,36.7598698],[-4.7626861,36.759912],[-4.7621195,36.7601186],[-4.7604612,36.7610806],[-4.7588413,36.7612758],[-4.7582025,36.7612672],[-4.7579661,36.7612166],[-4.7572922,36.7606497],[-4.7559067,36.7598228],[-4.7558641,36.7594269],[-4.7559925,36.7591636],[-4.7584975,36.7584866],[-4.7587794,36.7580769],[-4.7593317,36.7567527],[-4.761855,36.7568777],[-4.7623916,36.7573204],[-4.7628304,36.757404],[-4.7634776,36.7572953],[-4.7643644,36.7568856],[-4.7684644,36.7564011],[-4.7686968,36.7562805],[-4.7693192,36.7555772],[-4.7718891,36.7533487],[-4.7723916,36.7532781],[-4.7725349,36.7531768],[-4.7726224,36.7525987],[-4.7727862,36.752416],[-4.7729241,36.7515937],[-4.7736608,36.7509968],[-4.7739963,36.7504871],[-4.7745161,36.7501999],[-4.7756329,36.7500571],[-4.7761335,36.7499054],[-4.7781089,36.7491097],[-4.7783664,36.7491059],[-4.7789543,36.7493405],[-4.7813221,36.7505039],[-4.7816933,36.7505704],[-4.782018,36.7505656],[-4.7839438,36.75005],[-4.7842348,36.7500367],[-4.7854171,36.7503074],[-4.7862654,36.7501775],[-4.788441,36.7483601],[-4.788527,36.7482056],[-4.7886464,36.7470771],[-4.7887324,36.7469226],[-4.7920573,36.7458901],[-4.7940117,36.7451667],[-4.7940984,36.7450392],[-4.7941008,36.7446606],[-4.7942199,36.7444875],[-4.7947849,36.7442176],[-4.8092347,36.7352287],[-4.8096265,36.7347451],[-4.814199,36.7334677],[-4.8193119,36.7318393],[-4.8191017,36.7305266],[-4.8184159,36.728509],[-4.8179476,36.7266954],[-4.8181303,36.7254217],[-4.8186343,36.7230525],[-4.8196159,36.7214691],[-4.8197294,36.7210618],[-4.8203393,36.7170144],[-4.8231285,36.7137539],[-4.824385,36.7124457],[-4.8259745,36.7110152],[-4.8278964,36.7094444],[-4.8297563,36.7080909],[-4.8329491,36.7059723],[-4.8277813,36.7022173],[-4.8244947,36.6995636],[-4.8183568,36.6941682],[-4.8173957,36.6928038],[-4.8162678,36.691487],[-4.8144531,36.6890359],[-4.8149372,36.6877306],[-4.8149796,36.6871531],[-4.8144228,36.6844124],[-4.8143909,36.6835296],[-4.8153664,36.681703],[-4.8151348,36.681373],[-4.8150725,36.6811035],[-4.8155215,36.6792579],[-4.8156845,36.6790481],[-4.8164767,36.6784772],[-4.8163779,36.6780821],[-4.8164144,36.67773],[-4.8167383,36.6767516],[-4.8166867,36.6759862],[-4.8155691,36.6746152],[-4.8148958,36.6735799],[-4.8148166,36.6730673],[-4.815361,36.6719503],[-4.8149653,36.6712984],[-4.8127445,36.6667803],[-4.8102375,36.6625507],[-4.8075552,36.656827],[-4.8107984,36.6548668],[-4.8096886,36.6519002],[-4.8081326,36.6494631],[-4.8068911,36.6470752],[-4.8063741,36.6455327],[-4.8026134,36.6425521],[-4.7989557,36.6309977],[-4.8007573,36.6252738],[-4.8017072,36.6228438],[-4.801533,36.622567],[-4.8011625,36.6225005],[-4.8009912,36.6223499],[-4.8009312,36.6216928],[-4.8007444,36.6213531],[-4.8007915,36.6209738],[-4.8012282,36.6200388],[-4.8011325,36.6197698],[-4.8017718,36.6184081],[-4.801957,36.6177202],[-4.8019945,36.6169265],[-4.8018813,36.6163874],[-4.802007,36.6160249],[-4.802594,36.615304],[-4.8043059,36.6134302],[-4.8051629,36.613264],[-4.8058945,36.6091517],[-4.8066243,36.6088071],[-4.806796,36.6084981],[-4.8067672,36.6077414],[-4.8075679,36.6070802],[-4.807759,36.6066447],[-4.8079674,36.6050371],[-4.807419,36.6045316],[-4.8072333,36.604237],[-4.8071749,36.603652],[-4.8075478,36.6023844],[-4.8076228,36.6008058],[-4.8078689,36.6003334],[-4.8091347,36.5990072],[-4.809407,36.5982189],[-4.8094964,36.5967843],[-4.8100854,36.5956757],[-4.8101832,36.5950793],[-4.8101015,36.5944496],[-4.8098523,36.5938314],[-4.8092924,36.5928304],[-4.8078207,36.5929969],[-4.8064796,36.5930083]],[[-4.9548179,36.5868178],[-4.9548635,36.5867424],[-4.9544893,36.586653],[-4.9543633,36.586849],[-4.9544638,36.5868986],[-4.9548179,36.5868178]],[[-4.9558057,36.587306],[-4.9560229,36.5872518],[-4.9560423,36.5871818],[-4.9556266,36.587227],[-4.9558057,36.587306]],[[-4.9512345,36.5873729],[-4.9509582,36.5874224],[-4.9511634,36.5874661],[-4.9512345,36.5873729]],[[-4.8169327,36.6096923],[-4.8172777,36.6091116],[-4.8165712,36.6089398],[-4.8164686,36.609181],[-4.8168468,36.6097058],[-4.8169327,36.6096923]],[[-4.9948823,36.6104736],[-4.995011,36.6103229],[-4.9948984,36.6102152],[-4.9947857,36.6102411],[-4.9947428,36.6104047],[-4.9948823,36.6104736]],[[-4.9376241,36.6147623],[-4.9373845,36.614945],[-4.9377064,36.6149998],[-4.9376241,36.6147623]],[[-4.8632362,36.6238117],[-4.8630799,36.6237681],[-4.862842,36.6245263],[-4.8626245,36.624739],[-4.8622261,36.6248958],[-4.8628951,36.6253134],[-4.8636066,36.6246316],[-4.8635896,36.6245372],[-4.8632566,36.6243354],[-4.8632362,36.6238117]],[[-4.9847582,36.6315552],[-4.9848762,36.6315638],[-4.9848654,36.6314777],[-4.9847421,36.631482],[-4.9847582,36.6315552]],[[-4.9528967,36.6503796],[-4.9530415,36.6502333],[-4.9528967,36.6501515],[-4.9527786,36.6502763],[-4.9528967,36.6503796]],[[-4.9252723,36.6687094],[-4.9253688,36.668647],[-4.9252991,36.6685782],[-4.9251757,36.6686147],[-4.9252723,36.6687094]],[[-4.9350948,36.6704468],[-4.9352546,36.6703797],[-4.9351551,36.6702619],[-4.9350245,36.6703261],[-4.9350948,36.6704468]],[[-4.9090096,36.6811144],[-4.9090981,36.6809702],[-4.9090176,36.680953],[-4.9089157,36.6811144],[-4.9090096,36.6811144]],[[-4.9386609,36.687001],[-4.9386368,36.6869278],[-4.9385724,36.68693],[-4.9385912,36.6870203],[-4.9386609,36.687001]],[[-4.9167216,36.6931712],[-4.9168043,36.6931785],[-4.9167253,36.6931537],[-4.9167216,36.6931712]],[[-4.9247805,36.700532],[-4.9248583,36.7005019],[-4.9248288,36.7004481],[-4.9247359,36.700466],[-4.9247805,36.700532]],[[-4.9260968,36.7188917],[-4.9260217,36.7189809],[-4.9266869,36.7189831],[-4.9269095,36.7188831],[-4.9260968,36.7188917]],[[-4.8603267,36.7255013],[-4.8602824,36.7255062],[-4.8603343,36.7255319],[-4.8603267,36.7255013]],[[-4.8598366,36.7273619],[-4.8598064,36.7273804],[-4.8598586,36.7273818],[-4.8598366,36.7273619]],[[-4.9664916,36.7345224],[-4.9666043,36.7346815],[-4.9666955,36.7345654],[-4.9666257,36.7344751],[-4.9664916,36.7345224]],[[-4.8073483,36.7388112],[-4.8064578,36.7385446],[-4.8062969,36.7388026],[-4.8072517,36.7390605],[-4.8073483,36.7388112]],[[-4.8109746,36.7390605],[-4.8099661,36.7386822],[-4.8097623,36.7389745],[-4.8107708,36.7393958],[-4.8109746,36.7390605]],[[-4.9556221,36.7462177],[-4.9557025,36.7460759],[-4.9555094,36.7458308],[-4.9553914,36.7459856],[-4.9554236,36.7462306],[-4.9556221,36.7462177]],[[-4.9549247,36.7464971],[-4.9551071,36.7464971],[-4.9551393,36.7463553],[-4.954973,36.7463209],[-4.9549247,36.7464971]],[[-4.8445109,36.7562355],[-4.8448596,36.7564461],[-4.8455838,36.7560894],[-4.8456536,36.7559862],[-4.8451332,36.7553974],[-4.8450206,36.7553716],[-4.844232,36.7557068],[-4.8445109,36.7562355]],[[-4.8499867,36.7642915],[-4.8500376,36.7640573],[-4.8497319,36.7640208],[-4.8496326,36.7642055],[-4.8496916,36.7642979],[-4.8499867,36.7642915]],[[-4.9950021,36.7741897],[-4.9951831,36.7741235],[-4.9953693,36.7738911],[-4.9954888,36.7733008],[-4.9953305,36.7732631],[-4.9951279,36.7734822],[-4.9951004,36.7737486],[-4.994991,36.773879],[-4.9945511,36.7736983],[-4.9935858,36.7735969],[-4.9934169,36.7738302],[-4.9950021,36.7741897]],[[-4.9840379,36.7784559],[-4.983723,36.7780765],[-4.9833102,36.7783212],[-4.9836007,36.7786299],[-4.9836382,36.7787846],[-4.9840915,36.7789779],[-4.984131,36.7788661],[-4.984003,36.7787674],[-4.9840379,36.7784559]],[[-4.9688324,36.785747],[-4.9689639,36.7858522],[-4.969224,36.7858071],[-4.9690121,36.7857212],[-4.9690242,36.7854711],[-4.9688084,36.7854578],[-4.9688324,36.785747]],[[-4.7784019,36.7688717],[-4.7780049,36.7688889],[-4.7776723,36.7692069],[-4.7778118,36.769353],[-4.7786272,36.7696452],[-4.7788954,36.7694389],[-4.7788632,36.7691983],[-4.7784019,36.7688717]],[[-4.7382976,36.5245674],[-4.7387536,36.5246407],[-4.7383808,36.5244252],[-4.7387938,36.5239682],[-4.7379168,36.5241881],[-4.7379731,36.5243325],[-4.7382976,36.5245674]],[[-4.7408296,36.5247011],[-4.7408538,36.5245696],[-4.7406955,36.5246515],[-4.7407089,36.5247118],[-4.7408296,36.5247011]],[[-4.7393169,36.5245566],[-4.7391667,36.5246256],[-4.7393812,36.5247571],[-4.7395502,36.5246385],[-4.7393169,36.5245566]]]}},{"type":"Feature","properties":{"id":"valle-del-guadalhorce","name":"Valle del Guadalhorce","type":"island","members":["alhaurin-de-la-torre","alhaurin-el-grande","almogia","alora","cartama","coin","pizarra","valle-de-abdalajis"]},"geometry":{"type":"MultiPolygon","coordinates":[[[[-4.568519468780214,36.71613019423054],[-4.5722734,36.716818],[-4.5736843,36.7169427],[-4.5744407,36.7168524],[-4.5750951,36.716517],[-4.575594,36.716388],[-4.5781314,36.7163149],[-4.5788931,36.7166503],[-4.5795315,36.716775],[-4.5802611,36.7170631],[-4.5811355,36.7177039],[-4.5815163,36.7181941],[-4.5822244,36.7194841],[-4.5829916,36.7205719],[-4.5848959,36.7223994],[-4.5862531,36.7234442],[-4.5881307,36.7241064],[-4.5888602,36.7247126],[-4.5894825,36.7254479],[-4.5897883,36.7256027],[-4.5902067,36.7255726],[-4.5907485,36.7252071],[-4.5918375,36.7242182],[-4.5942461,36.7216727],[-4.5953673,36.7213158],[-4.5968318,36.7210879],[-4.5984894,36.7211309],[-4.6001309,36.7216985],[-4.600383,36.7220726],[-4.6004849,36.7226832],[-4.600324,36.722881],[-4.6003508,36.723126],[-4.6005654,36.7231303],[-4.6006083,36.7224424],[-4.6005332,36.7220253],[-4.6003776,36.7217544],[-4.6001738,36.7215824],[-4.5996588,36.7213889],[-4.5994603,36.7213889],[-4.5985001,36.7209804],[-4.5964348,36.7209331],[-4.5947879,36.7211997],[-4.5940691,36.7214792],[-4.5935005,36.7218619],[-4.5923954,36.7231948],[-4.5901852,36.7253705],[-4.5897024,36.7254264],[-4.5889407,36.7245278],[-4.5881575,36.7238828],[-4.587267,36.7235216],[-4.5863711,36.7232894],[-4.5851159,36.7222747],[-4.5843809,36.7214964],[-4.5832383,36.7204902],[-4.5823746,36.7193465],[-4.5820313,36.718637],[-4.5812428,36.717549],[-4.5806151,36.7170846],[-4.5794779,36.7165987],[-4.5789468,36.7165084],[-4.5783406,36.7162074],[-4.5767313,36.7160999],[-4.5765274,36.7161816],[-4.5751702,36.716216],[-4.5741242,36.7167234],[-4.5737272,36.716775],[-4.571973,36.7165256],[-4.5711791,36.7162977],[-4.5702672,36.7161472],[-4.5695054,36.7161042],[-4.5690709,36.715915],[-4.567972313852014,36.71581887821889],[-4.5673528,36.7155016],[-4.5663624,36.7146944],[-4.565687,36.7139641],[-4.5648176,36.7124973],[-4.5643013,36.7118821],[-4.5630735,36.7105955],[-4.5622259,36.7099676],[-4.561156083141864,36.708675625997245],[-4.5612946,36.7082529],[-4.5629935,36.705905],[-4.563387,36.7048813],[-4.5634472,36.704538],[-4.5632384,36.7030715],[-4.5630622,36.7026591],[-4.5624172,36.7017662],[-4.5619395,36.7013939],[-4.5615213,36.7011921],[-4.5606891,36.7010047],[-4.5591799,36.7011055],[-4.5583836,36.7010258],[-4.5554886,36.7017938],[-4.5547952,36.7018299],[-4.5541221,36.7017576],[-4.5529398,36.7014124],[-4.5518413,36.7013366],[-4.5509974,36.7011222],[-4.5508039,36.7009625],[-4.5508307,36.7000698],[-4.5512998,36.6989009],[-4.5519618,36.6978647],[-4.5521098,36.6974301],[-4.5520819,36.69716],[-4.5517097,36.6964618],[-4.5510256,36.6958397],[-4.5498138,36.6951344],[-4.5485516,36.6941503],[-4.5464699,36.6936004],[-4.5447682,36.6935864],[-4.5436346,36.6934299],[-4.5431542,36.6934721],[-4.5425766,36.693696],[-4.5418821,36.6942278],[-4.5412036,36.6944439],[-4.5407162,36.6947026],[-4.5400774,36.6952246],[-4.5395435,36.6953938],[-4.539174399266461,36.69570069337696],[-4.5383882,36.6959383],[-4.535943830669478,36.697275380421246],[-4.5354158,36.6972138],[-4.534625988156742,36.69685241931317],[-4.5333946,36.6953412],[-4.5311482,36.6940441],[-4.5302255,36.6938075],[-4.5286432,36.6938391],[-4.5284671,36.6940161],[-4.5277622,36.693959],[-4.526602346075275,36.694232892463546],[-4.5251641,36.6944001],[-4.5248785,36.6945358],[-4.524267347322135,36.695277102325655],[-4.522597,36.6960092],[-4.520978659992908,36.696584032617054],[-4.5197528,36.6965799],[-4.5195222,36.6964466],[-4.5186759,36.6964571],[-4.5176138,36.6963238],[-4.5175151,36.6962055],[-4.517378,36.6961848],[-4.5169022235318,36.696354585778586],[-4.5165567,36.696247],[-4.5162473,36.6958757],[-4.5164922,36.6950589],[-4.5170455,36.6942223],[-4.516987,36.6936436],[-4.5175008,36.6924398],[-4.5183335,36.6909509],[-4.519337,36.6893786],[-4.5188459,36.6889494],[-4.5198092,36.6884867],[-4.5241375,36.6877941],[-4.5261239,36.687135],[-4.5260406,36.6851032],[-4.5261533,36.6846441],[-4.52567,36.6827704],[-4.5239727,36.6828908],[-4.5220791,36.6833203],[-4.5220735,36.6809333],[-4.5225006,36.6794267],[-4.5230886,36.6792096],[-4.523527931274614,36.678444076274],[-4.5239634,36.6781841],[-4.5239048,36.6780927],[-4.523703133961551,36.67813878445182],[-4.5240855,36.677571],[-4.5246461,36.6772956],[-4.5255052,36.6751398],[-4.5254569,36.6745156],[-4.5244458,36.6735325],[-4.5256999,36.6709072],[-4.527529,36.6705382],[-4.5276322,36.669915],[-4.5273864,36.6696804],[-4.5269665,36.6696395],[-4.5267756,36.6698539],[-4.5255713,36.669586],[-4.5254675,36.6669848],[-4.5265689,36.6667875],[-4.5272334,36.6664929],[-4.5283753,36.666212],[-4.5281632,36.6658793],[-4.5282242,36.6649655],[-4.5281014,36.6638028],[-4.5285481,36.6615684],[-4.5288987,36.6603538],[-4.5291821,36.656257],[-4.5292831,36.6556883],[-4.5292352,36.6555977],[-4.5298131,36.6540077],[-4.5301502,36.6533708],[-4.5308611,36.6524008],[-4.5323508,36.650692],[-4.5331075,36.6500876],[-4.5348536,36.6494226],[-4.5346479,36.6461922],[-4.5368339,36.646049],[-4.5385825,36.6457553],[-4.5376041,36.6449151],[-4.5376445,36.6441429],[-4.5354317,36.6411016],[-4.5368181,36.6403439],[-4.5375455,36.6398194],[-4.5391953,36.6398913],[-4.5401612,36.6398154],[-4.5416515,36.6390412],[-4.5419836,36.6386902],[-4.5423719,36.637756],[-4.5433225,36.6370611],[-4.5435279,36.6366093],[-4.5436281,36.6357253],[-4.5436017,36.6346467],[-4.5437847,36.6342773],[-4.5441394,36.6338431],[-4.5453833,36.6327349],[-4.5458629,36.6320116],[-4.5462245,36.6309656],[-4.5503887,36.6272428],[-4.5590057,36.623642],[-4.5615237,36.620959],[-4.5614034,36.6205369],[-4.5613569,36.6198975],[-4.5611273,36.6190442],[-4.5634855,36.6184274],[-4.5641991,36.6183279],[-4.5657664,36.6184155],[-4.5666811,36.6183043],[-4.568195,36.6179689],[-4.5686647,36.6179717],[-4.5702371,36.6183116],[-4.5726535,36.617811],[-4.5733004,36.6177304],[-4.5740847,36.6178102],[-4.5752763,36.6175691],[-4.5761135,36.6174949],[-4.5790484,36.6177535],[-4.5812175,36.6177428],[-4.5824741,36.6179515],[-4.5829425,36.6178912],[-4.5836083,36.617639],[-4.5848015,36.6174789],[-4.5872365,36.615166],[-4.5878009,36.614879],[-4.5913456,36.614345],[-4.5923587,36.6135833],[-4.595957,36.6123995],[-4.5966775,36.6120924],[-4.597041,36.6118261],[-4.5971654,36.6124374],[-4.5972113,36.6135815],[-4.5969155,36.6138739],[-4.5968318,36.6141545],[-4.5969491,36.6144233],[-4.5974246,36.6147054],[-4.5981104,36.6148855],[-4.5987928,36.6149034],[-4.5994613,36.6147863],[-4.6000252,36.6144813],[-4.6007466,36.6142192],[-4.6015265,36.6140825],[-4.6020748,36.6141022],[-4.6027615,36.6143273],[-4.6035448,36.6148937],[-4.6040377,36.615482],[-4.6044897,36.6162511],[-4.604969,36.6167134],[-4.6065143,36.6173596],[-4.6072515,36.6178634],[-4.6083536,36.6181641],[-4.6090819,36.6182354],[-4.6096107,36.6183905],[-4.6112279,36.6198018],[-4.6122879,36.6202292],[-4.6120279,36.6211702],[-4.6219885,36.6252986],[-4.6291548,36.6204236],[-4.6339374,36.622909],[-4.6391999,36.6237562],[-4.6391984,36.6210431],[-4.6393259,36.6207258],[-4.6397218,36.6204139],[-4.6400376,36.6200129],[-4.6402077,36.619596],[-4.6408221,36.6163966],[-4.6410128,36.6158982],[-4.6423951,36.6146443],[-4.6427432,36.6141888],[-4.6432331,36.6130373],[-4.6435383,36.6126635],[-4.6440458,36.612341],[-4.6452586,36.6120629],[-4.6467643,36.6118888],[-4.6487317,36.6113389],[-4.6491458,36.6113602],[-4.6506938,36.6126458],[-4.6511798,36.6128914],[-4.6516398,36.6129662],[-4.6541259,36.6126252],[-4.6547519,36.6126166],[-4.6555037,36.6127413],[-4.6568936,36.6134251],[-4.6576095,36.6129194],[-4.6581233,36.6128942],[-4.6588432,36.6130915],[-4.6593737,36.6133275],[-4.6602395,36.6140726],[-4.6613829,36.6147327],[-4.6618503,36.6151499],[-4.6633438,36.6159673],[-4.6644175,36.6159794],[-4.666062,36.6154967],[-4.6665764,36.6154985],[-4.668281,36.6152133],[-4.6698708,36.6153082],[-4.671625,36.6152476],[-4.6720174,36.6152962],[-4.6736584,36.6162106],[-4.675531,36.6164547],[-4.6764004,36.6163253],[-4.6769336,36.6161646],[-4.6782641,36.6151273],[-4.6791021,36.6145837],[-4.6801286,36.6140815],[-4.6813854,36.6136591],[-4.6846405,36.61218],[-4.6877053,36.6101806],[-4.6900966,36.6096059],[-4.6912295,36.607724],[-4.6918155,36.6063996],[-4.6921502,36.605854],[-4.6930614,36.6055977],[-4.694031,36.6054578],[-4.6946145,36.6055576],[-4.6950432,36.6057318],[-4.6965412,36.6057285],[-4.6974277,36.6058782],[-4.6981701,36.6055701],[-4.700213,36.6044143],[-4.7005465,36.6043284],[-4.7005357,36.6041469],[-4.7008838,36.6040525],[-4.7010559,36.603802],[-4.7012796,36.6021635],[-4.7032262,36.6017792],[-4.7045783,36.6016919],[-4.7059926,36.6013481],[-4.7087538,36.5998213],[-4.7091661,36.6002661],[-4.7097093,36.6005648],[-4.7104973,36.6008149],[-4.7110555,36.6007798],[-4.7116097,36.6005645],[-4.712535,36.5999383],[-4.7136929,36.5997234],[-4.7145751,36.5996836],[-4.7149859,36.5990468],[-4.715276,36.5990246],[-4.7153836,36.5993385],[-4.7155321,36.5994806],[-4.716196,36.5991736],[-4.716465,36.5992058],[-4.7164315,36.599711],[-4.7164928,36.5999535],[-4.7169298,36.6000013],[-4.7181434,36.5997765],[-4.7188081,36.5995055],[-4.719381,36.5991277],[-4.7197813,36.598527],[-4.7200206,36.5977213],[-4.7202195,36.5976193],[-4.7208715,36.5977811],[-4.7211706,36.5976596],[-4.7219538,36.5986939],[-4.7270888,36.596862],[-4.7305988,36.5963514],[-4.7312373,36.5964142],[-4.7326902,36.5968979],[-4.7332512,36.5969889],[-4.7339093,36.5969252],[-4.734275,36.5967847],[-4.7349896,36.5957467],[-4.7361068,36.5952167],[-4.7380669,36.5948906],[-4.7400775,36.5948253],[-4.7414986,36.5948856],[-4.7418771,36.594817],[-4.74356,36.5940983],[-4.7454191,36.5937557],[-4.746307,36.5934722],[-4.7483812,36.5937483],[-4.7493371,36.5940047],[-4.751299,36.5947511],[-4.7518381,36.5948603],[-4.7523866,36.5948973],[-4.7563461,36.5945056],[-4.7569286,36.5945601],[-4.7573632,36.5944996],[-4.7577074,36.5943954],[-4.758224,36.5940092],[-4.7593542,36.5935688],[-4.7602148,36.5930694],[-4.7609613,36.5924725],[-4.7630649,36.5910893],[-4.7637693,36.5901144],[-4.7663524,36.5896705],[-4.766778,36.5897093],[-4.7687963,36.5904726],[-4.7705027,36.5907988],[-4.7711237,36.591069],[-4.7716182,36.5911879],[-4.7735077,36.5936476],[-4.7762137,36.5946619],[-4.7775407,36.5950117],[-4.7799611,36.595264],[-4.7816106,36.5955368],[-4.7820625,36.5957464],[-4.7826683,36.5958365],[-4.7841918,36.5964627],[-4.7861638,36.5947205],[-4.7864944,36.5945173],[-4.7881835,36.5945641],[-4.7896318,36.594353],[-4.7903303,36.5941082],[-4.7913578,36.5931012],[-4.7924552,36.5931839],[-4.7941257,36.5929154],[-4.7945843,36.5929265],[-4.7949679,36.593083],[-4.7968874,36.5919814],[-4.7974233,36.5919553],[-4.7983577,36.5922387],[-4.8002999,36.5930837],[-4.8015464,36.5928486],[-4.8029198,36.5927827],[-4.8046438,36.5924141],[-4.8050011,36.5923997],[-4.8064796,36.5930083],[-4.8078207,36.5929969],[-4.8092924,36.5928304],[-4.8098523,36.5938314],[-4.8101015,36.5944496],[-4.8101832,36.5950793],[-4.8100854,36.5956757],[-4.8094964,36.5967843],[-4.809407,36.5982189],[-4.8092943,36.5986623],[-4.8091347,36.5990072],[-4.8078689,36.6003334],[-4.8076228,36.6008058],[-4.8075478,36.6023844],[-4.8071749,36.603652],[-4.8072333,36.604237],[-4.807419,36.6045316],[-4.8079674,36.6050371],[-4.807759,36.6066447],[-4.8075679,36.6070802],[-4.8067672,36.6077414],[-4.806796,36.6084981],[-4.8066243,36.6088071],[-4.8058945,36.6091517],[-4.8051629,36.613264],[-4.8043059,36.6134302],[-4.802007,36.6160249],[-4.8018813,36.6163874],[-4.8019945,36.6169265],[-4.801957,36.6177202],[-4.8017718,36.6184081],[-4.8011325,36.6197698],[-4.8012282,36.6200388],[-4.8007915,36.6209738],[-4.8007444,36.6213531],[-4.8009312,36.6216928],[-4.8009912,36.6223499],[-4.8011625,36.6225005],[-4.801533,36.622567],[-4.8017072,36.6228438],[-4.8007573,36.6252738],[-4.7989557,36.6309977],[-4.8026134,36.6425521],[-4.8063741,36.6455327],[-4.8068911,36.6470752],[-4.8081326,36.6494631],[-4.8096886,36.6519002],[-4.8107984,36.6548668],[-4.8075552,36.656827],[-4.8102375,36.6625507],[-4.8127445,36.6667803],[-4.8149653,36.6712984],[-4.815361,36.6719503],[-4.8148166,36.6730673],[-4.8148958,36.6735799],[-4.8155691,36.6746152],[-4.8166867,36.6759862],[-4.8167383,36.6767516],[-4.8164144,36.67773],[-4.8163779,36.6780821],[-4.8164767,36.6784772],[-4.8156845,36.6790481],[-4.8155215,36.6792579],[-4.8150725,36.6811035],[-4.8151348,36.681373],[-4.8153664,36.681703],[-4.8143909,36.6835296],[-4.8144228,36.6844124],[-4.8149796,36.6871531],[-4.8149372,36.6877306],[-4.8144531,36.6890359],[-4.8162678,36.691487],[-4.8173957,36.6928038],[-4.8183568,36.6941682],[-4.8244947,36.6995636],[-4.8277813,36.7022173],[-4.8329491,36.7059723],[-4.8297563,36.7080909],[-4.8278964,36.7094444],[-4.8259745,36.7110152],[-4.824385,36.7124457],[-4.8231285,36.7137539],[-4.8203393,36.7170144],[-4.8197294,36.7210618],[-4.8196159,36.7214691],[-4.8186343,36.7230525],[-4.8181303,36.7254217],[-4.8179476,36.7266954],[-4.8184159,36.728509],[-4.8191017,36.7305266],[-4.8193119,36.7318393],[-4.814199,36.7334677],[-4.8096265,36.7347451],[-4.8092347,36.7352287],[-4.7947849,36.7442176],[-4.7942199,36.7444875],[-4.7941008,36.7446606],[-4.7940984,36.7450392],[-4.7940117,36.7451667],[-4.7920573,36.7458901],[-4.7887324,36.7469226],[-4.7886464,36.7470771],[-4.788527,36.7482056],[-4.788441,36.7483601],[-4.7862654,36.7501775],[-4.7854171,36.7503074],[-4.7842348,36.7500367],[-4.7839438,36.75005],[-4.782018,36.7505656],[-4.7816933,36.7505704],[-4.7813221,36.7505039],[-4.7783664,36.7491059],[-4.7781089,36.7491097],[-4.7756329,36.7500571],[-4.7745161,36.7501999],[-4.7739963,36.7504871],[-4.7736608,36.7509968],[-4.7729241,36.7515937],[-4.7727862,36.752416],[-4.7726224,36.7525987],[-4.7725349,36.7531768],[-4.7723916,36.7532781],[-4.7718891,36.7533487],[-4.7693192,36.7555772],[-4.7686968,36.7562805],[-4.7684644,36.7564011],[-4.7643644,36.7568856],[-4.7634776,36.7572953],[-4.7628304,36.757404],[-4.7623916,36.7573204],[-4.761855,36.7568777],[-4.7593317,36.7567527],[-4.7587794,36.7580769],[-4.7584975,36.7584866],[-4.756114,36.7590897],[-4.7559925,36.7591636],[-4.7558641,36.7594269],[-4.7559067,36.7598228],[-4.7561238,36.7600089],[-4.7572922,36.7606497],[-4.7579661,36.7612166],[-4.7588413,36.7612758],[-4.7604612,36.7610806],[-4.7621195,36.7601186],[-4.7626861,36.759912],[-4.7630997,36.7598698],[-4.7634715,36.7599634],[-4.7646176,36.7606044],[-4.7649892,36.7606891],[-4.7654704,36.7606639],[-4.7658045,36.7605778],[-4.7665405,36.759945],[-4.7671253,36.7595577],[-4.768127,36.7592724],[-4.7686776,36.7593454],[-4.7699339,36.7599036],[-4.771124,36.7609946],[-4.7720912,36.7616472],[-4.7744187,36.7634783],[-4.7758392,36.7643495],[-4.7759997,36.7649961],[-4.7763751,36.7657296],[-4.776381,36.7659819],[-4.7746716,36.7671611],[-4.7735579,36.7684216],[-4.7708523,36.772563],[-4.7705577,36.7729099],[-4.7660279,36.776186],[-4.7655021,36.7767075],[-4.7637227,36.7792487],[-4.7614678,36.7815806],[-4.7611728,36.7848478],[-4.7601094,36.7878381],[-4.7602105,36.7942182],[-4.7601472,36.7943904],[-4.7591538,36.7960365],[-4.7562199,36.7990904],[-4.7559115,36.7993293],[-4.7547229,36.7997975],[-4.7541817,36.800148],[-4.753875,36.800459],[-4.7528316,36.8018895],[-4.7512975,36.8029396],[-4.7505503,36.8035996],[-4.7502784,36.8039641],[-4.7501669,36.8044795],[-4.7504486,36.80553],[-4.7501304,36.8058321],[-4.7493322,36.8062224],[-4.749068,36.8064336],[-4.7487156,36.8072049],[-4.7485825,36.8077567],[-4.748588,36.808],[-4.7492181,36.8090904],[-4.7491556,36.8092986],[-4.7487436,36.8094218],[-4.7477007,36.8094011],[-4.7470249,36.8097535],[-4.7468283,36.8099818],[-4.746713,36.810335],[-4.7470271,36.8113309],[-4.7476976,36.8127181],[-4.7476934,36.8130247],[-4.7471908,36.8135999],[-4.7469877,36.8140355],[-4.7470391,36.8143232],[-4.7484765,36.816898],[-4.7486942,36.8175979],[-4.7486676,36.8184005],[-4.7488128,36.8193628],[-4.7494759,36.8209124],[-4.7502885,36.8216396],[-4.7512388,36.8220132],[-4.7514894,36.8221897],[-4.7517593,36.8227176],[-4.7520445,36.8229297],[-4.7528315,36.8230263],[-4.7535799,36.8229071],[-4.7537835,36.8229852],[-4.7546251,36.8240003],[-4.7554013,36.8246018],[-4.7558651,36.8247843],[-4.7573624,36.8250506],[-4.7582693,36.8259746],[-4.7588138,36.826255],[-4.7602896,36.8260709],[-4.7608097,36.8262615],[-4.7617883,36.826887],[-4.7623532,36.8280504],[-4.7625813,36.8282183],[-4.7638254,36.8286866],[-4.7642133,36.8289783],[-4.7653928,36.8305381],[-4.7657612,36.831443],[-4.7655127,36.8328258],[-4.7656627,36.8334996],[-4.7658802,36.8336947],[-4.7659867,36.8344232],[-4.7657537,36.8355083],[-4.7659081,36.8363713],[-4.7659228,36.8379845],[-4.7656263,36.838746],[-4.7656103,36.8395124],[-4.7655357,36.8396848],[-4.7656536,36.8404221],[-4.7655583,36.8411536],[-4.7656305,36.8413689],[-4.765873,36.8416718],[-4.7669712,36.8426109],[-4.7676045,36.8433316],[-4.7679791,36.844011],[-4.7682587,36.8449533],[-4.7684572,36.8452929],[-4.769468,36.8458457],[-4.7706224,36.846784],[-4.7703039,36.8475639],[-4.7703226,36.8478881],[-4.7750351,36.8542896],[-4.7808449,36.8537971],[-4.7839437,36.8534533],[-4.7858591,36.8533434],[-4.7876029,36.8530919],[-4.790449,36.852977],[-4.7883523,36.8597416],[-4.7880238,36.8605667],[-4.7861929,36.8643168],[-4.7838332,36.8680027],[-4.7806637,36.8725749],[-4.7761345,36.8765906],[-4.7747894,36.8776111],[-4.7744064,36.8780315],[-4.7721861,36.8814807],[-4.7701582,36.8854948],[-4.7686865,36.8888247],[-4.7665936,36.8939304],[-4.765949,36.8951748],[-4.7648113,36.8969403],[-4.7643839,36.8978751],[-4.7632796,36.9015779],[-4.7631366,36.9026797],[-4.7627492,36.9038933],[-4.7626725,36.9044622],[-4.7627608,36.9048846],[-4.7629457,36.9051162],[-4.7631692,36.9060503],[-4.763144283083235,36.906852748530625],[-4.7622728,36.9059263],[-4.7618088,36.9055767],[-4.7615379,36.9050941],[-4.7615728,36.9048989],[-4.7613274,36.9048303],[-4.7600158,36.9053568],[-4.7603381,36.9060421],[-4.7607011,36.9063724],[-4.7606528,36.9064732],[-4.7608003,36.9068893],[-4.7607011,36.907138],[-4.7607145,36.9073697],[-4.7604758,36.9076077],[-4.7609477,36.9079929],[-4.7610498,36.908783],[-4.7611731,36.9089181],[-4.761495,36.9089096],[-4.7616693,36.9090768],[-4.7616828,36.9099862],[-4.7615889,36.9102135],[-4.7612737,36.9105459],[-4.7615714,36.9107164],[-4.7616385,36.9108987],[-4.7625625,36.9112344],[-4.76271,36.9113566],[-4.7629514,36.911378],[-4.763563,36.9117684],[-4.7639707,36.9118027],[-4.7647592,36.9116869],[-4.7656202,36.9117319],[-4.765977,36.9118348],[-4.7661996,36.9120686],[-4.7663471,36.9121051],[-4.7664356,36.9120514],[-4.766508,36.9117812],[-4.7667146,36.9117105],[-4.7683159,36.912238],[-4.7686994,36.9125618],[-4.7689945,36.9126412],[-4.7697777,36.9133167],[-4.7710222,36.9141274],[-4.7712789,36.9147232],[-4.7715867,36.9149767],[-4.771638522008711,36.91535177472004],[-4.7685946,36.9193637],[-4.7684507,36.919456],[-4.7651817,36.919838],[-4.7567043,36.9207298],[-4.7532754,36.9219792],[-4.7475648,36.9226221],[-4.7457261,36.9232169],[-4.7451782,36.9233151],[-4.7434842,36.923367],[-4.7369144,36.9242473],[-4.7308821,36.9245787],[-4.7280579,36.9242953],[-4.7275877,36.9243562],[-4.7252321,36.9249402],[-4.7226565,36.9257257],[-4.7164405,36.9278887],[-4.7154257,36.9271913],[-4.7149843,36.9270354],[-4.7142302,36.9269471],[-4.7128644,36.92712],[-4.7118772,36.9261518],[-4.7099646,36.9249625],[-4.7094551,36.9247715],[-4.7086042,36.9248739],[-4.7056816,36.923699],[-4.7025362,36.9220946],[-4.7018634,36.9221313],[-4.7002316,36.9214426],[-4.6977765,36.9205853],[-4.6969114,36.9205526],[-4.6951624,36.9196401],[-4.6923552,36.9185895],[-4.6905939,36.9186416],[-4.6900742,36.917982],[-4.6876967,36.9170693],[-4.6869511,36.9168546],[-4.6866786,36.9167142],[-4.6861627,36.9162258],[-4.6858567,36.9160949],[-4.6829968,36.915189],[-4.6831213,36.9157461],[-4.6837465,36.9160978],[-4.6841208,36.9167865],[-4.6852595,36.9175185],[-4.6891511,36.9209155],[-4.6904265,36.9219116],[-4.6953399,36.9261364],[-4.6960934,36.9267025],[-4.6968874,36.9275745],[-4.6984698,36.9295709],[-4.6992059,36.9303626],[-4.6996961,36.9306981],[-4.7018367,36.9315328],[-4.7086629,36.9325345],[-4.7107518,36.9325585],[-4.7120189,36.9324862],[-4.7123003,36.9345282],[-4.712419,36.9363202],[-4.7124013,36.9370325],[-4.7121379,36.9383072],[-4.7119262,36.9398876],[-4.7134348,36.9425699],[-4.6949194,36.9517587],[-4.6894966,36.9543687],[-4.6885282,36.954761],[-4.6880597,36.9549029],[-4.6879131,36.9548779],[-4.6876491,36.9546203],[-4.68731,36.9540122],[-4.6869754,36.9536113],[-4.6865868,36.9533014],[-4.686167,36.953109],[-4.6839948,36.9528965],[-4.6831253,36.9526834],[-4.6829329,36.9531278],[-4.68224,36.9532818],[-4.6813506,36.953691],[-4.679556,36.9543113],[-4.6786079,36.9551179],[-4.6771992,36.9559219],[-4.6753273,36.9566063],[-4.6749247,36.9566841],[-4.6725568,36.9567715],[-4.6715693,36.9583537],[-4.6712085,36.9588005],[-4.670887,36.959508],[-4.668374,36.9601563],[-4.6666485,36.9603517],[-4.6635743,36.9605029],[-4.6614118,36.9602267],[-4.6588703,36.9606047],[-4.6582636,36.9605952],[-4.6578803,36.9605284],[-4.6578477,36.9600602],[-4.6570785,36.9598095],[-4.6562498,36.9594064],[-4.6527943,36.9590669],[-4.6497712,36.9595055],[-4.6458333,36.9586678],[-4.6427856,36.9584846],[-4.6394335,36.9587742],[-4.6393261,36.9574327],[-4.6394937,36.9552942],[-4.6399911,36.9533494],[-4.6401106,36.9521129],[-4.6400105,36.9516366],[-4.6410161,36.9503518],[-4.6419683,36.9481484],[-4.642188,36.9473972],[-4.6422812,36.9465036],[-4.6424097,36.9462134],[-4.6434326,36.944694],[-4.6442657,36.943745],[-4.6464024,36.9397135],[-4.647168,36.9387655],[-4.6476638,36.9383259],[-4.6518707,36.9355455],[-4.6521669,36.9352259],[-4.6533956,36.9333701],[-4.6534688,36.9331167],[-4.6532592,36.9317315],[-4.6538144,36.929885],[-4.6537768,36.9281459],[-4.6538795,36.9277028],[-4.6540631,36.9273668],[-4.6549216,36.9265706],[-4.6557298,36.9250091],[-4.6566414,36.9235542],[-4.6576834,36.922422],[-4.6577154,36.9218267],[-4.6580776,36.9204065],[-4.6580698,36.920046],[-4.6576915,36.919168],[-4.6576731,36.9188347],[-4.6580081,36.9171986],[-4.6610734,36.9177507],[-4.6620409,36.9178454],[-4.6636197,36.917661],[-4.6662147,36.9182647],[-4.6677126,36.918487],[-4.6683229,36.9186768],[-4.6683566,36.9181625],[-4.6688568,36.9163889],[-4.669351,36.9153724],[-4.6702163,36.9143868],[-4.6707425,36.9132978],[-4.6713163,36.9118115],[-4.6716012,36.9114067],[-4.6666693,36.9092357],[-4.6607919,36.9068393],[-4.6590987,36.9063942],[-4.6479803,36.903998],[-4.6365773,36.9013793],[-4.6360579,36.9012332],[-4.6351263,36.9007052],[-4.6349025,36.9007353],[-4.634509,36.9012275],[-4.6341729,36.9012591],[-4.6261125,36.9000987],[-4.6253708,36.9000548],[-4.6218719,36.8991201],[-4.6198477,36.8983996],[-4.6064485,36.8941557],[-4.5788105,36.8926422],[-4.5779431,36.8924824],[-4.5767541,36.8925072],[-4.5518039,36.8995417],[-4.5365966,36.9000998],[-4.5218579,36.9027952],[-4.4922522,36.9075242],[-4.4928345,36.9022709],[-4.4922733,36.8993846],[-4.4913027,36.8962239],[-4.4914374,36.8944916],[-4.4906537,36.8934378],[-4.4906815,36.8925541],[-4.4913583,36.8904274],[-4.4913475,36.8892918],[-4.4915547,36.8889827],[-4.4915823,36.8886759],[-4.49144,36.8882811],[-4.4914099,36.8878848],[-4.4917515,36.8869882],[-4.4916832,36.8857812],[-4.491745,36.8849241],[-4.491323,36.883992],[-4.4910502,36.8826614],[-4.4910893,36.8823634],[-4.4914709,36.8817908],[-4.4915529,36.8813931],[-4.4914085,36.8808902],[-4.4907574,36.8797175],[-4.490301,36.8793266],[-4.488906,36.8785599],[-4.4885111,36.8761311],[-4.4886618,36.8758048],[-4.4892476,36.8753467],[-4.4891508,36.8749874],[-4.4889567,36.8748096],[-4.4886408,36.8747234],[-4.4865367,36.8744072],[-4.4860051,36.8741885],[-4.4858952,36.8725674],[-4.4855186,36.8704989],[-4.4851709,36.8699264],[-4.4843542,36.8688819],[-4.4838423,36.8685188],[-4.4823695,36.867771],[-4.4808468,36.8673483],[-4.4798508,36.8668919],[-4.4786325,36.8665465],[-4.4769888,36.8662425],[-4.4771226,36.8656188],[-4.4770584,36.865196],[-4.4765923,36.8642914],[-4.4762261,36.8639174],[-4.4764271,36.8632839],[-4.4739549,36.8630622],[-4.4736495,36.8629308],[-4.4714085,36.8624808],[-4.4715163,36.8622541],[-4.4716442,36.8613151],[-4.4702678,36.8609084],[-4.4704683,36.860248],[-4.4708625,36.8597473],[-4.4709231,36.859395],[-4.4708372,36.8590085],[-4.4703744,36.8582751],[-4.4697343,36.857652],[-4.469729,36.8573727],[-4.4700337,36.8562963],[-4.4700816,36.855872],[-4.4687575,36.8540856],[-4.4681998,36.8536598],[-4.4676666,36.852756],[-4.4668406,36.8523786],[-4.4667134,36.8521819],[-4.466755,36.8520101],[-4.4670609,36.8515827],[-4.4668268,36.8510718],[-4.4666331,36.850326],[-4.4664824,36.8500665],[-4.4657009,36.8496705],[-4.4652029,36.8488473],[-4.4648794,36.8471747],[-4.4650014,36.8465152],[-4.4647746,36.8457969],[-4.4649023,36.8454348],[-4.4648735,36.8451016],[-4.4646869,36.8447253],[-4.4633757,36.8435967],[-4.4630754,36.8431407],[-4.4629887,36.8427091],[-4.4631286,36.8424009],[-4.4633929,36.8421453],[-4.4639704,36.8418497],[-4.4648552,36.8411988],[-4.4650272,36.8408091],[-4.4650657,36.8404751],[-4.4660703,36.8396425],[-4.4662308,36.838649],[-4.4670227,36.837837],[-4.4670831,36.8374757],[-4.4669797,36.8361699],[-4.4671791,36.8360413],[-4.4686362,36.8360053],[-4.4692885,36.8361054],[-4.4697994,36.8358467],[-4.46959,36.8348668],[-4.4688967,36.8343796],[-4.4686669,36.834094],[-4.4686387,36.8337878],[-4.4684981,36.8334741],[-4.4672386,36.8326964],[-4.4671082,36.8323284],[-4.4671565,36.8319222],[-4.4668928,36.831619],[-4.4664403,36.8314083],[-4.4662449,36.8311583],[-4.4664051,36.8307417],[-4.4667113,36.8303323],[-4.4667508,36.8300523],[-4.4670369,36.8297694],[-4.4674931,36.8295835],[-4.4677011,36.8293195],[-4.4676389,36.8289958],[-4.4672917,36.8284322],[-4.4680782,36.8267549],[-4.4682681,36.8261306],[-4.4682021,36.8256086],[-4.4678227,36.8245316],[-4.4680004,36.8238534],[-4.4679818,36.823466],[-4.4675676,36.8229123],[-4.4668381,36.8222903],[-4.4667073,36.8218953],[-4.466664,36.8213911],[-4.466953,36.8194946],[-4.4669058,36.8187831],[-4.4662954,36.8173484],[-4.4663398,36.8167349],[-4.4665942,36.8159656],[-4.4670821,36.8150942],[-4.4673811,36.8143153],[-4.4674189,36.8139453],[-4.4669445,36.8131644],[-4.4676874,36.8127431],[-4.4691576,36.8122382],[-4.4710258,36.811449],[-4.473023,36.8103696],[-4.4737511,36.8103426],[-4.4744029,36.8104246],[-4.4748805,36.8101934],[-4.4758896,36.8090361],[-4.475976,36.8082779],[-4.476222,36.8076619],[-4.476508,36.8073789],[-4.4818899,36.8051126],[-4.4865758,36.8033956],[-4.4888331,36.8024569],[-4.4934153,36.8011826],[-4.4938712,36.8009966],[-4.4945012,36.800538],[-4.4950491,36.7998912],[-4.4958849,36.7991758],[-4.4988509,36.7971211],[-4.4993794,36.7966368],[-4.500222,36.7955895],[-4.501877841904199,36.7932186460987],[-4.5023564,36.7936882],[-4.5025888,36.7937207],[-4.5027787,36.7936337],[-4.502207769043524,36.792625970344794],[-4.5023565,36.7918218],[-4.5023091,36.7911194],[-4.5024993,36.7899542],[-4.5029421,36.7885244],[-4.5033483,36.7875187],[-4.5039238,36.786574],[-4.5047621,36.7858873],[-4.5056583,36.7852991],[-4.5069586,36.7847418],[-4.5109185,36.7838082],[-4.5115746,36.7835475],[-4.5121499,36.7831707],[-4.5126082,36.7825429],[-4.5126399,36.7818754],[-4.5129866,36.7812671],[-4.513651,36.7808618],[-4.5162316,36.7800785],[-4.5174072,36.7799063],[-4.5210214,36.7801461],[-4.5218426,36.7803069],[-4.5247828,36.7805216],[-4.5325457,36.7758879],[-4.5327189,36.7744525],[-4.5359437,36.7732211],[-4.5362475,36.7727214],[-4.5397923,36.7712514],[-4.5411621,36.7719548],[-4.5429206,36.771923],[-4.5438395,36.7713703],[-4.5451363,36.7712272],[-4.5473421,36.7711535],[-4.5481168,36.7712336],[-4.5488396,36.7715216],[-4.5500187,36.7694241],[-4.5512487,36.7698587],[-4.5521217,36.7703702],[-4.5528732,36.7709643],[-4.553446,36.7715878],[-4.5554415,36.7744191],[-4.5584725,36.7791297],[-4.5589223,36.7800177],[-4.56016,36.7811177],[-4.5605238,36.7813743],[-4.5666094,36.7830701],[-4.5687264,36.783574],[-4.5721663,36.7841055],[-4.5727603,36.7841067],[-4.574835,36.7836376],[-4.5752574,36.7834697],[-4.5755999,36.7832308],[-4.5759378,36.7827666],[-4.5764329,36.7823184],[-4.5777587,36.7808496],[-4.5792155,36.7813982],[-4.5867281,36.7838041],[-4.5878887,36.7841131],[-4.5870865,36.7832494],[-4.5867806,36.7830913],[-4.5860155,36.7829392],[-4.5856869,36.7827633],[-4.5850862,36.781888],[-4.5848401,36.7813684],[-4.584661,36.78083],[-4.5847004,36.7794774],[-4.5851155,36.7762359],[-4.5851362,36.774523],[-4.5839764,36.7726095],[-4.5812935,36.7685439],[-4.5813256,36.7668309],[-4.5817658,36.7664464],[-4.5818596,36.7661027],[-4.5817301,36.7657979],[-4.5811277,36.7659231],[-4.5806342,36.7653528],[-4.5810991,36.7625163],[-4.5814048,36.7614125],[-4.5820316,36.7602955],[-4.5831741,36.7586488],[-4.5840881,36.756248],[-4.5849113,36.7532445],[-4.5858262,36.7503479],[-4.5854641,36.7479911],[-4.5846347,36.7474162],[-4.5846073,36.7471732],[-4.5850373,36.7457523],[-4.5849959,36.7453743],[-4.584494,36.7443894],[-4.5846742,36.7438913],[-4.5855889,36.743167],[-4.5860648,36.7428903],[-4.5862618,36.7426623],[-4.5863105,36.7423101],[-4.5862025,36.74196],[-4.5859596,36.7415846],[-4.5858732,36.7411982],[-4.5861119,36.7402756],[-4.5859677,36.7397998],[-4.5843751,36.7375135],[-4.5842687,36.7366946],[-4.5841152,36.7363091],[-4.5832861,36.7352024],[-4.5830141,36.7350438],[-4.5824285,36.7343394],[-4.5820875,36.7340916],[-4.5818402,36.7340498],[-4.5805529,36.7340759],[-4.5795186,36.7338823],[-4.5781703,36.733116],[-4.5777718,36.7327968],[-4.5772859,36.732037],[-4.5770792,36.7312376],[-4.5770237,36.7257849],[-4.5765828,36.7244837],[-4.5762007,36.7238668],[-4.5755808,36.7231179],[-4.5755416,36.722848],[-4.5760262,36.7213543],[-4.5766401,36.7201653],[-4.5775117,36.718982],[-4.5776522,36.7176371],[-4.5775866,36.7171692],[-4.5765854,36.7169391],[-4.5760698,36.7169099],[-4.5745468,36.7174438],[-4.5735623,36.7174839],[-4.5719795,36.7172794],[-4.5689774,36.716661],[-4.5688257,36.7163565],[-4.568519468780214,36.71613019423054]],[[-4.7441808,36.6111607],[-4.7439774,36.6111511],[-4.744052,36.6112629],[-4.7441642,36.6112785],[-4.7441808,36.6111607]],[[-4.7451463,36.6116033],[-4.7453693,36.6115828],[-4.7461663,36.6118655],[-4.7453278,36.6113182],[-4.7450847,36.611441],[-4.7451463,36.6116033]],[[-4.7566951,36.6285836],[-4.7568533,36.6286503],[-4.7571591,36.6284846],[-4.757017,36.6284307],[-4.7570116,36.6282951],[-4.7572879,36.628321],[-4.7571994,36.6280519],[-4.756856,36.6279206],[-4.7565288,36.6280497],[-4.7565073,36.6282844],[-4.7566951,36.6285836]],[[-4.7455684,36.6402997],[-4.7457078,36.640309],[-4.7455556,36.6399343],[-4.745429,36.6399362],[-4.7454,36.6400276],[-4.7455684,36.6402997]],[[-4.7628236,36.6542033],[-4.7628905,36.6541311],[-4.7627833,36.6541791],[-4.7628236,36.6542033]],[[-4.7627416,36.655398],[-4.7627046,36.6553857],[-4.7627227,36.6554303],[-4.7627416,36.655398]],[[-4.7638598,36.6558231],[-4.7638631,36.6557855],[-4.7637822,36.6558187],[-4.7638598,36.6558231]],[[-4.7632763,36.6563008],[-4.7633104,36.6562797],[-4.7632225,36.6562445],[-4.7632763,36.6563008]],[[-4.7629458,36.6564304],[-4.7630126,36.6564086],[-4.7629667,36.6563173],[-4.7628999,36.6563391],[-4.7629458,36.6564304]],[[-4.7532793,36.6568353],[-4.7533027,36.6568928],[-4.7533067,36.6568276],[-4.7532793,36.6568353]],[[-4.7610984,36.6570585],[-4.7610939,36.6570908],[-4.7611705,36.6570656],[-4.7610984,36.6570585]],[[-4.7537717,36.6574196],[-4.7538161,36.6574353],[-4.7538011,36.6573656],[-4.7537717,36.6574196]],[[-4.7522979,36.658167],[-4.7523793,36.6581692],[-4.7523857,36.6580122],[-4.7523043,36.65801],[-4.7522979,36.658167]],[[-4.7612415,36.6582417],[-4.761246,36.6582032],[-4.7611513,36.6582348],[-4.7612415,36.6582417]],[[-4.7633243,36.6583318],[-4.7632373,36.6584066],[-4.7632907,36.6584469],[-4.7633777,36.6583722],[-4.7633243,36.6583318]],[[-4.7622183,36.6585815],[-4.7621478,36.6586394],[-4.7622582,36.6586131],[-4.7622183,36.6585815]],[[-4.7513248,36.6591801],[-4.7513727,36.659159],[-4.7512818,36.6591258],[-4.7513248,36.6591801]],[[-4.7638942,36.6593132],[-4.7638562,36.6593058],[-4.7638848,36.6593442],[-4.7638942,36.6593132]],[[-4.750972,36.6594099],[-4.7509458,36.6593695],[-4.7509018,36.6594395],[-4.750972,36.6594099]],[[-4.7491738,36.6601689],[-4.7492124,36.6601723],[-4.7491817,36.6601102],[-4.7491738,36.6601689]],[[-4.7511971,36.6602548],[-4.7511543,36.6602411],[-4.7511759,36.6602975],[-4.7511971,36.6602548]],[[-4.7607517,36.660382],[-4.760731,36.6603456],[-4.7606767,36.660394],[-4.7607517,36.660382]],[[-4.7570445,36.660528],[-4.7570943,36.6605397],[-4.7570914,36.6604839],[-4.7570445,36.660528]],[[-4.7489055,36.6613319],[-4.7488087,36.6612976],[-4.748883,36.6613538],[-4.7489055,36.6613319]],[[-4.763453,36.6614922],[-4.7634226,36.6614933],[-4.7634544,36.66152],[-4.763453,36.6614922]],[[-4.7493529,36.6619538],[-4.7493321,36.6620069],[-4.7494117,36.661989],[-4.7493529,36.6619538]],[[-4.7638167,36.6620362],[-4.7637764,36.662013],[-4.7637874,36.6620691],[-4.7638167,36.6620362]],[[-4.7616548,36.6621847],[-4.7615847,36.6622097],[-4.7616722,36.6622165],[-4.7616548,36.6621847]],[[-4.7565383,36.6626884],[-4.7566506,36.6627072],[-4.7565495,36.6626447],[-4.7565383,36.6626884]],[[-4.7499951,36.6640739],[-4.7499861,36.6640262],[-4.7499369,36.6640821],[-4.7499951,36.6640739]],[[-4.749427,36.6640674],[-4.749442,36.6640809],[-4.7494928,36.6640399],[-4.749427,36.6640674]],[[-4.7498521,36.6642523],[-4.7498872,36.6642448],[-4.7498365,36.6642045],[-4.7498521,36.6642523]],[[-4.749169,36.6646153],[-4.7492476,36.6646358],[-4.7491835,36.6645796],[-4.749169,36.6646153]],[[-4.7497068,36.6648774],[-4.7497699,36.6648727],[-4.7496978,36.6648],[-4.7497068,36.6648774]],[[-4.7467473,36.6649421],[-4.7468402,36.6649143],[-4.7467293,36.6649119],[-4.7467473,36.6649421]],[[-4.7518949,36.6651179],[-4.7518747,36.6650893],[-4.7518472,36.6651397],[-4.7518949,36.6651179]],[[-4.7483843,36.665233],[-4.7483409,36.6652333],[-4.7483849,36.6652849],[-4.7483843,36.665233]],[[-4.7504344,36.6661992],[-4.7505215,36.6662628],[-4.750453,36.666177],[-4.7504344,36.6661992]],[[-4.7443257,36.6691918],[-4.7443892,36.6691509],[-4.744306,36.6690599],[-4.7442503,36.6690958],[-4.7443257,36.6691918]],[[-4.7433121,36.6698441],[-4.743341,36.6698488],[-4.7433215,36.6698064],[-4.7433121,36.6698441]],[[-4.7436769,36.6699618],[-4.7436779,36.6699365],[-4.7436235,36.6699605],[-4.7436769,36.6699618]],[[-4.7428739,36.6699971],[-4.7428871,36.669934],[-4.742841,36.6699933],[-4.7428739,36.6699971]],[[-4.7421786,36.670075],[-4.7422361,36.6701577],[-4.7423604,36.6700473],[-4.742293,36.6700054],[-4.7421786,36.670075]],[[-4.7430664,36.6702095],[-4.7430728,36.670176],[-4.7430131,36.6702029],[-4.7430664,36.6702095]],[[-4.7413879,36.6705012],[-4.7413496,36.6705255],[-4.7414406,36.6705589],[-4.7413879,36.6705012]],[[-4.7441784,36.6707467],[-4.7440844,36.6707481],[-4.7441792,36.6707845],[-4.7441784,36.6707467]],[[-4.742921,36.6707864],[-4.7428525,36.6707704],[-4.742909,36.6708167],[-4.742921,36.6707864]],[[-4.7461585,36.6709236],[-4.7460917,36.6708892],[-4.7461379,36.6709608],[-4.7461585,36.6709236]],[[-4.7414879,36.6709909],[-4.7415165,36.6710163],[-4.7415499,36.6709455],[-4.7414879,36.6709909]],[[-4.7444647,36.6710026],[-4.7446033,36.6709635],[-4.7444743,36.6709485],[-4.7444647,36.6710026]],[[-4.7417552,36.6710484],[-4.7418335,36.6709842],[-4.7417073,36.6710105],[-4.7417552,36.6710484]],[[-4.7452891,36.6710314],[-4.7453029,36.6710912],[-4.7453442,36.6710401],[-4.7452891,36.6710314]],[[-4.7414396,36.6710569],[-4.7414096,36.6710266],[-4.741367,36.6711035],[-4.7414396,36.6710569]],[[-4.7429344,36.6711133],[-4.7429228,36.6711555],[-4.743016,36.6711279],[-4.7429344,36.6711133]],[[-4.7457611,36.6711362],[-4.7457119,36.6711089],[-4.7457207,36.6711834],[-4.7457611,36.6711362]],[[-4.7412313,36.6711933],[-4.7412832,36.6711553],[-4.7412035,36.6711687],[-4.7412313,36.6711933]],[[-4.7453032,36.67118],[-4.7453569,36.6712323],[-4.7453121,36.6711695],[-4.7453032,36.67118]],[[-4.74553,36.6712211],[-4.745491,36.6712582],[-4.7456238,36.6712831],[-4.74553,36.6712211]],[[-4.7423336,36.6712591],[-4.7423361,36.6712886],[-4.7424034,36.6712551],[-4.7423336,36.6712591]],[[-4.7435126,36.6712518],[-4.7434839,36.6713094],[-4.7435394,36.6712599],[-4.7435126,36.6712518]],[[-4.7417283,36.6713543],[-4.7417568,36.671334],[-4.7416849,36.6713149],[-4.7417283,36.6713543]],[[-4.7444729,36.6713123],[-4.7444317,36.6713068],[-4.7444585,36.6713811],[-4.7444729,36.6713123]],[[-4.7423024,36.6713628],[-4.742301,36.6713223],[-4.742267,36.6713684],[-4.7423024,36.6713628]],[[-4.7448491,36.6714023],[-4.7448712,36.6713402],[-4.7447869,36.6713879],[-4.7448491,36.6714023]],[[-4.744935,36.6713989],[-4.7449494,36.6713576],[-4.7448936,36.6713895],[-4.744935,36.6713989]],[[-4.7454006,36.6714728],[-4.7454734,36.6714441],[-4.7454042,36.6713537],[-4.7453428,36.6713792],[-4.7454006,36.6714728]],[[-4.7423606,36.6714229],[-4.7423656,36.6714569],[-4.7424294,36.6714163],[-4.7423606,36.6714229]],[[-4.7415685,36.6714387],[-4.741629,36.6714872],[-4.7416007,36.6714126],[-4.7415685,36.6714387]],[[-4.7430157,36.6714634],[-4.7430908,36.6714797],[-4.7430271,36.6714294],[-4.7430157,36.6714634]],[[-4.7428427,36.6714882],[-4.7428961,36.6714983],[-4.7428601,36.6714287],[-4.7428427,36.6714882]],[[-4.7432537,36.6715572],[-4.743263,36.671524],[-4.7431512,36.671536],[-4.7432537,36.6715572]],[[-4.7445814,36.6715648],[-4.7445941,36.67152],[-4.7445053,36.6715501],[-4.7445814,36.6715648]],[[-4.7423077,36.6716271],[-4.7422942,36.6715982],[-4.7422556,36.6716422],[-4.7423077,36.6716271]],[[-4.7444726,36.6716057],[-4.7444316,36.6715987],[-4.7444581,36.6716608],[-4.7444726,36.6716057]],[[-4.7445299,36.671645],[-4.7445357,36.6716524],[-4.7446103,36.6716419],[-4.7445299,36.671645]],[[-4.7423236,36.6716664],[-4.7422711,36.6716817],[-4.7423276,36.6716976],[-4.7423236,36.6716664]],[[-4.7417912,36.6717421],[-4.7417996,36.6717194],[-4.7417218,36.6716878],[-4.7417912,36.6717421]],[[-4.7432398,36.6716809],[-4.7431653,36.6716646],[-4.7432079,36.6717757],[-4.7432398,36.6716809]],[[-4.7419019,36.671758],[-4.7418786,36.671811],[-4.7419474,36.6718001],[-4.7419019,36.671758]],[[-4.7451663,36.6718369],[-4.7451855,36.6717807],[-4.7450608,36.6717534],[-4.7450412,36.6718099],[-4.7451663,36.6718369]],[[-4.7414462,36.6718182],[-4.7414387,36.6717845],[-4.7413802,36.6718277],[-4.7414462,36.6718182]],[[-4.7426327,36.6718126],[-4.7426128,36.6717848],[-4.7425697,36.6718419],[-4.7426327,36.6718126]],[[-4.7429379,36.671858],[-4.7429456,36.6718101],[-4.7428962,36.6718535],[-4.7429379,36.671858]],[[-4.7432479,36.67189],[-4.7432598,36.6718498],[-4.7431655,36.6718739],[-4.7432479,36.67189]],[[-4.7427528,36.6718934],[-4.7426883,36.6718649],[-4.7427463,36.6719311],[-4.7427528,36.6718934]],[[-4.7447234,36.6719205],[-4.7447085,36.6719545],[-4.7448024,36.671943],[-4.7447234,36.6719205]],[[-4.7416034,36.6719924],[-4.7414974,36.6720144],[-4.7415411,36.6720461],[-4.7416034,36.6719924]],[[-4.7413806,36.6720506],[-4.7414381,36.6720562],[-4.7413967,36.6719843],[-4.7413806,36.6720506]],[[-4.7450023,36.6721492],[-4.7450188,36.6721131],[-4.7449358,36.6721296],[-4.7450023,36.6721492]],[[-4.7446493,36.6721846],[-4.744604,36.6721705],[-4.7446219,36.6722417],[-4.7446493,36.6721846]],[[-4.7422191,36.6722324],[-4.7422674,36.6722552],[-4.74227,36.6721624],[-4.7422191,36.6722324]],[[-4.7414411,36.6722551],[-4.7414551,36.6722122],[-4.7413447,36.6722378],[-4.7414411,36.6722551]],[[-4.7427284,36.6722354],[-4.7426876,36.6722206],[-4.7426955,36.6722942],[-4.7427284,36.6722354]],[[-4.7413204,36.6723061],[-4.7414171,36.6723251],[-4.7413326,36.6722618],[-4.7413204,36.6723061]],[[-4.7443249,36.6722921],[-4.744384,36.6723345],[-4.7443566,36.6722636],[-4.7443249,36.6722921]],[[-4.7422191,36.6723618],[-4.7422384,36.6723292],[-4.7421435,36.6723326],[-4.7422191,36.6723618]],[[-4.7419904,36.672397],[-4.7420267,36.6724117],[-4.7420219,36.6723468],[-4.7419904,36.672397]],[[-4.7419325,36.6724263],[-4.7418938,36.6724107],[-4.7418888,36.6724906],[-4.7419325,36.6724263]],[[-4.7423418,36.6724695],[-4.7423831,36.6724872],[-4.7424344,36.6724732],[-4.7423418,36.6724695]],[[-4.7420166,36.672474],[-4.7419921,36.6725179],[-4.7420445,36.6724841],[-4.7420166,36.672474]],[[-4.7412419,36.6725255],[-4.7413446,36.6725366],[-4.7412483,36.6724875],[-4.7412419,36.6725255]],[[-4.741712,36.6726928],[-4.7416374,36.6726617],[-4.7416939,36.6727208],[-4.741712,36.6726928]],[[-4.741902,36.6727843],[-4.7419014,36.6727561],[-4.7417868,36.6727617],[-4.741902,36.6727843]],[[-4.7422168,36.6727948],[-4.7421746,36.6727553],[-4.7421558,36.6728069],[-4.7422168,36.6727948]],[[-4.7419641,36.6728413],[-4.7419971,36.6728521],[-4.7419667,36.6727976],[-4.7419641,36.6728413]],[[-4.7414021,36.6728818],[-4.741399,36.6728414],[-4.7413754,36.6728789],[-4.7414021,36.6728818]],[[-4.7418201,36.6731811],[-4.7418668,36.6731652],[-4.7418229,36.6731147],[-4.7418201,36.6731811]],[[-4.7412368,36.673123],[-4.741236,36.6732013],[-4.7412926,36.6731239],[-4.7412368,36.673123]],[[-4.7417873,36.6731575],[-4.7417096,36.6731382],[-4.741773,36.6731997],[-4.7417873,36.6731575]],[[-4.7417698,36.6732118],[-4.741699,36.6731998],[-4.7417604,36.6732475],[-4.7417698,36.6732118]],[[-4.743138,36.6732966],[-4.7431616,36.6733117],[-4.7431992,36.673267],[-4.743138,36.6732966]],[[-4.7412929,36.6733675],[-4.7413807,36.6733656],[-4.7412964,36.6733276],[-4.7412929,36.6733675]],[[-4.7430628,36.6736052],[-4.7431095,36.673623],[-4.7430937,36.6735524],[-4.7430628,36.6736052]],[[-4.7422633,36.6737131],[-4.7422593,36.6737481],[-4.7423643,36.6737223],[-4.7422633,36.6737131]],[[-4.7430358,36.6737305],[-4.7430084,36.6737228],[-4.7429509,36.6737463],[-4.7430358,36.6737305]],[[-4.7459671,36.7659539],[-4.7459498,36.7660056],[-4.7460417,36.7659653],[-4.7459671,36.7659539]],[[-4.7518216,36.7678982],[-4.7517036,36.7676726],[-4.7515225,36.7685418],[-4.7516325,36.7685589],[-4.7517157,36.7684547],[-4.7518216,36.7678982]],[[-4.7425187,36.8482422],[-4.7424461,36.8483375],[-4.7425558,36.8484096],[-4.7426585,36.8483131],[-4.7425187,36.8482422]],[[-4.7440724,36.878967],[-4.7439818,36.8790494],[-4.7441095,36.8791383],[-4.7442166,36.8790494],[-4.7440724,36.878967]],[[-4.7435823,36.8797215],[-4.7447932,36.8798335],[-4.7448797,36.8792405],[-4.744299,36.8791021],[-4.7435823,36.8797215]],[[-4.7430304,36.8821891],[-4.7429933,36.8819289],[-4.7428121,36.8819717],[-4.7425402,36.8822155],[-4.7427297,36.8824033],[-4.7430304,36.8821891]],[[-4.7591712,36.9023832],[-4.7593053,36.9031242],[-4.7593858,36.9017826],[-4.7592745,36.9012249],[-4.759127,36.9013558],[-4.759194,36.9016764],[-4.7591712,36.9023832]],[[-4.760206,36.903456],[-4.7600544,36.9032308],[-4.7599451,36.9032165],[-4.760206,36.903456]],[[-4.7602918,36.9036201],[-4.7602127,36.9034646],[-4.7601719,36.903486],[-4.7601679,36.9036415],[-4.7602918,36.9036201]],[[-4.7605788,36.903945],[-4.7603287,36.9036264],[-4.7601916,36.9036717],[-4.760486,36.9039918],[-4.7605788,36.903945]],[[-4.760615,36.9039912],[-4.7605233,36.9040403],[-4.7607285,36.9042585],[-4.7608001,36.9042196],[-4.760615,36.9039912]],[[-4.7608326,36.9042502],[-4.7607562,36.9042898],[-4.7611295,36.904696],[-4.7608326,36.9042502]],[[-4.76006,36.9045772],[-4.7603,36.9049545],[-4.7610225,36.9046645],[-4.7608073,36.9043608],[-4.7604114,36.9043509],[-4.76006,36.9045772]],[[-4.7565906,36.9077536],[-4.7564967,36.9077375],[-4.7564444,36.9078158],[-4.7565584,36.9078748],[-4.7565906,36.9077536]],[[-4.7522819,36.9080796],[-4.7522776,36.9080313],[-4.7522068,36.9080839],[-4.7522819,36.9080796]],[[-4.7563704,36.9087999],[-4.756431,36.9087423],[-4.7563382,36.9087742],[-4.7563704,36.9087999]],[[-4.7077385,36.6100382],[-4.70786,36.6096781],[-4.7078179,36.6096199],[-4.7074674,36.6097325],[-4.7071357,36.6103851],[-4.706846,36.6105127],[-4.7068249,36.6107527],[-4.7066544,36.6110153],[-4.7067665,36.6112722],[-4.7069254,36.6113679],[-4.7072315,36.6112347],[-4.7071917,36.6109853],[-4.707353,36.6107002],[-4.7072572,36.6104864],[-4.707381,36.6101188],[-4.7077385,36.6100382]],[[-4.7071964,36.6118367],[-4.7074067,36.6119717],[-4.7075235,36.6119455],[-4.7075726,36.6117392],[-4.7077688,36.6115779],[-4.7077572,36.6114841],[-4.7075352,36.6114654],[-4.707388,36.6113604],[-4.7071333,36.6115573],[-4.7071964,36.6118367]],[[-4.7075324,36.6175379],[-4.7072691,36.6173951],[-4.7072691,36.6171572],[-4.7071576,36.6171404],[-4.7071192,36.6174497],[-4.707372,36.6175882],[-4.7075324,36.6175379]],[[-4.7409572,36.6705649],[-4.74091,36.6705112],[-4.7408933,36.6705835],[-4.7409572,36.6705649]],[[-4.7400184,36.6706941],[-4.7400568,36.670715],[-4.7401295,36.6706696],[-4.7400184,36.6706941]],[[-4.7399795,36.6707953],[-4.7399366,36.6707701],[-4.7399315,36.6708331],[-4.7399795,36.6707953]],[[-4.7407902,36.6707864],[-4.7407374,36.6708214],[-4.7408142,36.6708098],[-4.7407902,36.6707864]],[[-4.7397812,36.6709659],[-4.7398094,36.6709895],[-4.7398426,36.6709183],[-4.7397812,36.6709659]],[[-4.7405239,36.670973],[-4.7404757,36.6710017],[-4.7405457,36.6709975],[-4.7405239,36.670973]],[[-4.7402695,36.6710021],[-4.7402501,36.6709816],[-4.740226,36.6710271],[-4.7402695,36.6710021]],[[-4.7405559,36.6710279],[-4.7405768,36.6710519],[-4.7406244,36.670992],[-4.7405559,36.6710279]],[[-4.740413,36.671161],[-4.7404899,36.6711311],[-4.7404081,36.6711404],[-4.740413,36.671161]],[[-4.7401903,36.6712582],[-4.740263,36.6712233],[-4.7401904,36.6712273],[-4.7401903,36.6712582]],[[-4.7408129,36.6712791],[-4.7408423,36.6713063],[-4.7408348,36.6712637],[-4.7408129,36.6712791]],[[-4.7401013,36.6713039],[-4.7401274,36.6713361],[-4.7401701,36.6712736],[-4.7401013,36.6713039]],[[-4.7411951,36.6713741],[-4.7411587,36.6713169],[-4.7411559,36.6713787],[-4.7411951,36.6713741]],[[-4.7410299,36.6714992],[-4.7410049,36.6715332],[-4.741097,36.6715314],[-4.7410299,36.6714992]],[[-4.7396115,36.6715817],[-4.7396252,36.6715906],[-4.7396496,36.6715585],[-4.7396115,36.6715817]],[[-4.7392231,36.6716355],[-4.7392049,36.6716017],[-4.739149,36.6716627],[-4.7392231,36.6716355]],[[-4.740654,36.6716492],[-4.7406898,36.6716722],[-4.7407216,36.6715963],[-4.740654,36.6716492]],[[-4.7403764,36.6716652],[-4.7403459,36.6716873],[-4.7404214,36.6717053],[-4.7403764,36.6716652]],[[-4.7405244,36.6717628],[-4.7404909,36.6717976],[-4.7405685,36.6717985],[-4.7405244,36.6717628]],[[-4.739889,36.6717631],[-4.7398413,36.67181],[-4.7399237,36.6717861],[-4.739889,36.6717631]],[[-4.7411269,36.6719089],[-4.7411566,36.6718138],[-4.7410654,36.6718957],[-4.7411269,36.6719089]],[[-4.7404423,36.6718934],[-4.7404145,36.6718536],[-4.7404104,36.6719168],[-4.7404423,36.6718934]],[[-4.739162,36.6718964],[-4.7391901,36.6719456],[-4.7391926,36.6718852],[-4.739162,36.6718964]],[[-4.7399469,36.67199],[-4.7400317,36.6719341],[-4.7399101,36.6719532],[-4.7399469,36.67199]],[[-4.7398697,36.6719631],[-4.7398416,36.6719157],[-4.7398228,36.6719811],[-4.7398697,36.6719631]],[[-4.7412741,36.6719369],[-4.7412137,36.6719239],[-4.7412435,36.6720395],[-4.7412741,36.6719369]],[[-4.7395038,36.6720966],[-4.7393815,36.6720743],[-4.739409,36.6721233],[-4.7395038,36.6720966]],[[-4.7409761,36.6721316],[-4.740911,36.6721195],[-4.7408827,36.6722151],[-4.7409489,36.672228],[-4.7409761,36.6721316]],[[-4.7385432,36.6721469],[-4.7384639,36.6722019],[-4.7385815,36.6721841],[-4.7385432,36.6721469]],[[-4.7377427,36.6723422],[-4.7377645,36.6723719],[-4.737814,36.6723083],[-4.7377427,36.6723422]],[[-4.7410934,36.6723515],[-4.7410912,36.6723795],[-4.741143,36.672354],[-4.7410934,36.6723515]],[[-4.7404012,36.6723275],[-4.7404128,36.6724226],[-4.7404524,36.6723235],[-4.7404012,36.6723275]],[[-4.7398296,36.6724113],[-4.7399066,36.6724025],[-4.7398238,36.6723783],[-4.7398296,36.6724113]],[[-4.7386275,36.6724162],[-4.7386805,36.6724022],[-4.7386166,36.6723894],[-4.7386275,36.6724162]],[[-4.7390982,36.6725184],[-4.7391923,36.6724898],[-4.7390762,36.6724715],[-4.7390982,36.6725184]],[[-4.7379376,36.6724786],[-4.7378688,36.6724785],[-4.7379342,36.6725025],[-4.7379376,36.6724786]],[[-4.7408386,36.6725248],[-4.740884,36.6725317],[-4.7408517,36.6724786],[-4.7408386,36.6725248]],[[-4.7374824,36.6724916],[-4.737469,36.6724841],[-4.7374151,36.6725312],[-4.7374824,36.6724916]],[[-4.7383667,36.6725181],[-4.7383377,36.6725248],[-4.7383738,36.6725295],[-4.7383667,36.6725181]],[[-4.7394829,36.6725591],[-4.7395595,36.6725617],[-4.7394856,36.6725194],[-4.7394829,36.6725591]],[[-4.7398527,36.672579],[-4.7399382,36.6725806],[-4.7398541,36.6725407],[-4.7398527,36.672579]],[[-4.7402336,36.6725561],[-4.7402345,36.6725951],[-4.7403245,36.6725548],[-4.7402336,36.6725561]],[[-4.7376506,36.6726191],[-4.7376817,36.6725858],[-4.7376291,36.6726052],[-4.7376506,36.6726191]],[[-4.7408116,36.6725718],[-4.7407823,36.672645],[-4.7408642,36.6725855],[-4.7408116,36.6725718]],[[-4.7384382,36.6726286],[-4.7384184,36.6726079],[-4.7383967,36.6726546],[-4.7384382,36.6726286]],[[-4.7410645,36.6726691],[-4.7409978,36.672662],[-4.7410584,36.6727049],[-4.7410645,36.6726691]],[[-4.7379571,36.6726921],[-4.737957,36.6727172],[-4.7380075,36.6726922],[-4.7379571,36.6726921]],[[-4.7392957,36.6727255],[-4.7392732,36.672693],[-4.7392094,36.6727642],[-4.7392957,36.6727255]],[[-4.7408828,36.672728],[-4.7408783,36.6727909],[-4.7409274,36.67273],[-4.7408828,36.672728]],[[-4.7406942,36.6727397],[-4.7406858,36.6727899],[-4.7407276,36.6727434],[-4.7406942,36.6727397]],[[-4.7412714,36.6727947],[-4.7412757,36.6727634],[-4.741188,36.6727872],[-4.7412714,36.6727947]],[[-4.7398542,36.6727993],[-4.739935,36.6728209],[-4.7398961,36.6727781],[-4.7398542,36.6727993]],[[-4.7401821,36.6728624],[-4.7401765,36.6727964],[-4.7401451,36.6728464],[-4.7401821,36.6728624]],[[-4.7383036,36.6729126],[-4.7382967,36.6728825],[-4.7382758,36.6729168],[-4.7383036,36.6729126]],[[-4.7375787,36.6728875],[-4.7376061,36.6729519],[-4.7376273,36.6728742],[-4.7375787,36.6728875]],[[-4.7368858,36.6729153],[-4.7368959,36.6729536],[-4.7369131,36.6729192],[-4.7368858,36.6729153]],[[-4.7395896,36.6730106],[-4.7395581,36.6729566],[-4.7395454,36.673016],[-4.7395896,36.6730106]],[[-4.7382301,36.6730003],[-4.7381999,36.6730167],[-4.7382726,36.673051],[-4.7382301,36.6730003]],[[-4.7368659,36.6730077],[-4.7368204,36.6730526],[-4.7368722,36.6730457],[-4.7368659,36.6730077]],[[-4.7409205,36.6730977],[-4.7409235,36.6730735],[-4.7408129,36.6730877],[-4.7409205,36.6730977]],[[-4.7398607,36.6731887],[-4.7399352,36.673176],[-4.7398528,36.6731583],[-4.7398607,36.6731887]],[[-4.7400161,36.6731569],[-4.7400513,36.6732066],[-4.7401187,36.6731352],[-4.7400161,36.6731569]],[[-4.7378214,36.6731509],[-4.7378214,36.673168],[-4.7378807,36.6731498],[-4.7378214,36.6731509]],[[-4.7397686,36.6731473],[-4.7396716,36.6731628],[-4.7397786,36.6731878],[-4.7397686,36.6731473]],[[-4.7375936,36.6732349],[-4.7376369,36.6732259],[-4.7375786,36.6731878],[-4.7375936,36.6732349]],[[-4.7410284,36.6732886],[-4.7410809,36.6732859],[-4.7410219,36.6732192],[-4.7410284,36.6732886]],[[-4.7384392,36.6732645],[-4.7383961,36.6732675],[-4.738444,36.6733158],[-4.7384392,36.6732645]],[[-4.7380248,36.673373],[-4.7380391,36.6733975],[-4.7380795,36.6733523],[-4.7380248,36.673373]],[[-4.7408668,36.6733749],[-4.7408855,36.673412],[-4.7409386,36.6733519],[-4.7408668,36.6733749]],[[-4.7371149,36.6734329],[-4.7371201,36.6734234],[-4.7370465,36.6733741],[-4.7371149,36.6734329]],[[-4.7380731,36.673425],[-4.7380887,36.6734506],[-4.7381453,36.6733957],[-4.7380731,36.673425]],[[-4.7375868,36.6734601],[-4.7376214,36.6734607],[-4.7375895,36.6734275],[-4.7375868,36.6734601]],[[-4.7396547,36.673425],[-4.7395667,36.6734378],[-4.7396627,36.6734604],[-4.7396547,36.673425]],[[-4.7399922,36.6734244],[-4.7399263,36.6734585],[-4.7400224,36.6734624],[-4.7399922,36.6734244]],[[-4.7409811,36.6735702],[-4.7409076,36.673602],[-4.7410036,36.673604],[-4.7409811,36.6735702]],[[-4.7396374,36.673596],[-4.7396467,36.6736313],[-4.739714,36.6735829],[-4.7396374,36.673596]],[[-4.7383175,36.6736349],[-4.7382483,36.6736614],[-4.7383223,36.6736576],[-4.7383175,36.6736349]],[[-4.7404097,36.6737129],[-4.7404608,36.6736965],[-4.7403948,36.673682],[-4.7404097,36.6737129]],[[-4.7379748,36.67371],[-4.7379885,36.6737316],[-4.7380073,36.6736994],[-4.7379748,36.67371]],[[-4.7381891,36.6737988],[-4.7382303,36.6738127],[-4.7382208,36.6737363],[-4.7381891,36.6737988]],[[-4.7385026,36.6737684],[-4.7384837,36.6737565],[-4.7384139,36.673803],[-4.7385026,36.6737684]],[[-4.7405846,36.6738469],[-4.7406194,36.6739139],[-4.7406405,36.6738281],[-4.7405846,36.6738469]],[[-4.7377234,36.673896],[-4.7377395,36.6739008],[-4.7377456,36.6738734],[-4.7377234,36.673896]],[[-4.7374092,36.6739157],[-4.7374533,36.6738957],[-4.737391,36.6738898],[-4.7374092,36.6739157]],[[-4.7403339,36.6739426],[-4.7403624,36.6739689],[-4.7404001,36.6738962],[-4.7403339,36.6739426]],[[-4.7401339,36.6739292],[-4.7401043,36.6738964],[-4.740066,36.673969],[-4.7401339,36.6739292]],[[-4.7387639,36.6740099],[-4.7387473,36.6739717],[-4.73869,36.6740308],[-4.7387639,36.6740099]],[[-4.7388703,36.6740693],[-4.7389589,36.6740532],[-4.7388679,36.6740372],[-4.7388703,36.6740693]],[[-4.7380947,36.6741101],[-4.7381428,36.6740954],[-4.7380796,36.6740781],[-4.7380947,36.6741101]],[[-4.7379961,36.6740851],[-4.7380061,36.6741106],[-4.7380469,36.6740723],[-4.7379961,36.6740851]],[[-4.739174,36.6741319],[-4.7391856,36.6741573],[-4.7392439,36.6741111],[-4.739174,36.6741319]],[[-4.7398177,36.6741292],[-4.7397773,36.6741279],[-4.7397959,36.6741541],[-4.7398177,36.6741292]],[[-4.7390261,36.6741744],[-4.7390373,36.6741999],[-4.7390964,36.6741544],[-4.7390261,36.6741744]],[[-4.7385448,36.674172],[-4.738546,36.6742278],[-4.7385694,36.6741716],[-4.7385448,36.674172]],[[-4.7388888,36.6742105],[-4.738899,36.6742363],[-4.7389598,36.6741923],[-4.7388888,36.6742105]],[[-4.7395596,36.6742009],[-4.7395837,36.6742562],[-4.7395997,36.6741896],[-4.7395596,36.6742009]],[[-4.7402453,36.6742466],[-4.7402809,36.6742775],[-4.7403114,36.6741972],[-4.7402453,36.6742466]],[[-4.7388097,36.6742301],[-4.7387382,36.6742472],[-4.7388192,36.674256],[-4.7388097,36.6742301]],[[-4.7401337,36.6742166],[-4.7400738,36.6742409],[-4.7401763,36.6742849],[-4.7401337,36.6742166]],[[-4.7394525,36.6743167],[-4.7394163,36.6742443],[-4.7394038,36.6743319],[-4.7394525,36.6743167]],[[-4.7386095,36.6745173],[-4.7386257,36.6745698],[-4.7386529,36.6745086],[-4.7386095,36.6745173]],[[-4.6872584,36.689636],[-4.6879352,36.689479],[-4.6878445,36.6893023],[-4.6871907,36.6893912],[-4.6870352,36.6894917],[-4.6872584,36.689636]],[[-4.7274993,36.7219973],[-4.7275986,36.7221527],[-4.7276676,36.7219774],[-4.7278581,36.721885],[-4.7276992,36.7218603],[-4.7278105,36.7214083],[-4.7277548,36.7213169],[-4.7274625,36.7211701],[-4.7273283,36.7208815],[-4.7271875,36.7207939],[-4.7273827,36.7211331],[-4.7277179,36.7213448],[-4.7274993,36.7219973]],[[-4.7391441,36.7742725],[-4.7395733,36.774266],[-4.7398984,36.7741659],[-4.7396822,36.7737665],[-4.7390868,36.7738472],[-4.7390287,36.7739216],[-4.7391441,36.7742725]],[[-4.7256598,36.7866412],[-4.7256035,36.7867078],[-4.7257041,36.786667],[-4.7256598,36.7866412]],[[-4.7272209,36.786837],[-4.7271829,36.786859],[-4.7272705,36.7868905],[-4.7272209,36.786837]],[[-4.6664805,36.8164484],[-4.6665744,36.8162573],[-4.666392,36.8162874],[-4.6663384,36.8164398],[-4.6664805,36.8164484]],[[-4.6713166,36.8188658],[-4.6718844,36.8192214],[-4.672175,36.818569],[-4.672352,36.8183551],[-4.6723253,36.8182],[-4.6722184,36.8181278],[-4.6719746,36.8181305],[-4.6718109,36.8183818],[-4.6710594,36.8186358],[-4.6709658,36.8187348],[-4.6710026,36.818807],[-4.6713166,36.8188658]],[[-4.6748904,36.820299],[-4.6748804,36.8201747],[-4.674493,36.8202135],[-4.6744946,36.8203311],[-4.6748904,36.820299]],[[-4.6814921,36.8357697],[-4.6811969,36.835892],[-4.6812202,36.8360931],[-4.6813808,36.8361511],[-4.6817822,36.8358423],[-4.6814921,36.8357697]],[[-4.7173066,36.8608852],[-4.7172388,36.8609369],[-4.7174766,36.8610667],[-4.7178823,36.8610826],[-4.7177066,36.8609244],[-4.7175698,36.8609665],[-4.7173066,36.8608852]],[[-4.7224192,36.8611457],[-4.7224058,36.8612261],[-4.7225051,36.8612841],[-4.7224702,36.8617315],[-4.7228224,36.8618108],[-4.7227605,36.8617192],[-4.7227572,36.8612143],[-4.7224192,36.8611457]],[[-4.7155327,36.9234394],[-4.7153677,36.9233922],[-4.7154763,36.9235048],[-4.7155327,36.9234394]],[[-4.6283084,36.63515],[-4.6284319,36.635231],[-4.6285458,36.6351325],[-4.6284259,36.6350394],[-4.6283084,36.63515]],[[-4.6268082,36.6449682],[-4.6265918,36.6450101],[-4.6267092,36.6451965],[-4.62668,36.6453707],[-4.6269849,36.6452447],[-4.6268082,36.6449682]],[[-4.6273848,36.6457494],[-4.6272986,36.6456565],[-4.627303,36.6455019],[-4.62718,36.6454591],[-4.626993,36.645539],[-4.6272715,36.6457898],[-4.6273848,36.6457494]],[[-4.6273961,36.6463507],[-4.6275185,36.6463698],[-4.6274916,36.6459929],[-4.6274223,36.6459286],[-4.6273306,36.6460392],[-4.6273961,36.6463507]],[[-4.6284273,36.6489219],[-4.6286547,36.6490123],[-4.6285689,36.6488272],[-4.6287101,36.6485808],[-4.6284689,36.6486078],[-4.6284273,36.6489219]],[[-4.6290617,36.6492468],[-4.6289477,36.6489823],[-4.6287952,36.649091],[-4.6289276,36.6493011],[-4.6290617,36.6492468]],[[-4.6288295,36.6504159],[-4.6290565,36.6503594],[-4.6290203,36.6502939],[-4.6281728,36.6502233],[-4.6281851,36.6502936],[-4.6288295,36.6504159]],[[-4.6290268,36.6507274],[-4.6293471,36.6505521],[-4.6293007,36.650458],[-4.6290366,36.6504275],[-4.6289242,36.6506823],[-4.6290268,36.6507274]],[[-4.628666,36.6508749],[-4.6287839,36.6510919],[-4.6289948,36.6510213],[-4.6290426,36.6508252],[-4.6288091,36.6508019],[-4.628666,36.6508749]],[[-4.6288021,36.651157],[-4.6287421,36.6514514],[-4.6290918,36.6514677],[-4.6291914,36.6513568],[-4.6290399,36.6512092],[-4.6288021,36.651157]],[[-4.6293069,36.6517077],[-4.6297112,36.6517879],[-4.6297686,36.6516689],[-4.6291125,36.6515148],[-4.6289968,36.6516819],[-4.6291852,36.6517492],[-4.6293069,36.6517077]],[[-4.6314203,36.6519417],[-4.6314234,36.65215],[-4.6315682,36.6521203],[-4.6315582,36.6519287],[-4.6314203,36.6519417]],[[-4.5916445,36.6554878],[-4.5917954,36.6558356],[-4.5919112,36.655875],[-4.5924728,36.6557047],[-4.592292,36.6552907],[-4.591927,36.65534],[-4.5916445,36.6554878]],[[-4.5857043,36.6578165],[-4.5856259,36.6578335],[-4.5856632,36.6579445],[-4.5857416,36.6579276],[-4.5857043,36.6578165]],[[-4.5615537,36.6638918],[-4.5616887,36.6638076],[-4.5616391,36.6637626],[-4.561495,36.6638395],[-4.5615537,36.6638918]],[[-4.5862534,36.6922521],[-4.586404,36.692263],[-4.5866577,36.692116],[-4.5867879,36.6918336],[-4.5872999,36.6918607],[-4.5874519,36.6917678],[-4.5874688,36.6916258],[-4.5871207,36.6912465],[-4.5869096,36.691228],[-4.5864737,36.6915109],[-4.5860916,36.6920865],[-4.5862534,36.6922521]],[[-4.6484271,36.703842],[-4.6485352,36.7038176],[-4.6484846,36.7034182],[-4.6478718,36.7034438],[-4.6484271,36.703842]],[[-4.5841418,36.7268844],[-4.5839528,36.7264572],[-4.5834007,36.7265798],[-4.5835621,36.7270274],[-4.5841418,36.7268844]],[[-4.6132032,36.7327685],[-4.6130582,36.7327598],[-4.6130552,36.7328542],[-4.6131544,36.732878],[-4.6132032,36.7327685]],[[-4.5887805,36.7397422],[-4.5889423,36.7403952],[-4.5890578,36.7405409],[-4.5893305,36.7405495],[-4.5894152,36.740431],[-4.5893382,36.7397039],[-4.5891919,36.7395508],[-4.5888915,36.7395916],[-4.5887805,36.7397422]],[[-4.625006,36.7592889],[-4.6251229,36.7592969],[-4.6252264,36.7590694],[-4.6251997,36.7589009],[-4.6249292,36.7588741],[-4.6248523,36.75904],[-4.625006,36.7592889]],[[-4.6473903,36.7698375],[-4.6479288,36.7699018],[-4.6479524,36.7691678],[-4.6473903,36.769111],[-4.6473194,36.7691943],[-4.6473903,36.7698375]],[[-4.6350665,36.8106419],[-4.6348975,36.8106681],[-4.634691,36.8111101],[-4.6347715,36.8113463],[-4.6350021,36.8111401],[-4.6353025,36.81108],[-4.6353535,36.8107369],[-4.6350665,36.8106419]],[[-4.5210876,36.8522898],[-4.521594,36.8523588],[-4.5216405,36.8523181],[-4.5213131,36.8520668],[-4.5210876,36.8522898]],[[-4.4955222,36.8036738],[-4.4945643,36.80297],[-4.4939192,36.8023724],[-4.4935885,36.8019545],[-4.4933409,36.8020137],[-4.492666,36.8027345],[-4.4923994,36.8027305],[-4.4922584,36.8030068],[-4.49193,36.8031323],[-4.4914162,36.803531],[-4.4913336,36.8040025],[-4.4911093,36.8043066],[-4.4908445,36.8044386],[-4.4909593,36.8045373],[-4.490909,36.8047082],[-4.4910748,36.8048912],[-4.4911366,36.8051025],[-4.4907207,36.8056432],[-4.4908426,36.8059101],[-4.490894,36.8063649],[-4.4911989,36.8064386],[-4.4911648,36.8068988],[-4.4905901,36.8070929],[-4.4899007,36.8075351],[-4.4894886,36.8076228],[-4.4888084,36.8075822],[-4.4873689,36.8082795],[-4.4875307,36.808349],[-4.4880543,36.8082814],[-4.4884505,36.8081626],[-4.488592,36.8080297],[-4.489564,36.8081575],[-4.4906001,36.8080018],[-4.4912195,36.8080396],[-4.4914491,36.8082065],[-4.491449,36.8084582],[-4.4917873,36.8087817],[-4.4914261,36.8090931],[-4.49199,36.8091384],[-4.4923829,36.8092413],[-4.4924722,36.8093326],[-4.4923959,36.8094802],[-4.4925155,36.8098751],[-4.4924956,36.8102056],[-4.4923498,36.810528],[-4.4916138,36.8108032],[-4.491267,36.8112008],[-4.4910502,36.811826],[-4.4911194,36.8126288],[-4.4914105,36.8130039],[-4.491419,36.8134659],[-4.4917623,36.8140753],[-4.4917368,36.8142998],[-4.4920354,36.8145623],[-4.4924101,36.8153872],[-4.4918989,36.8166334],[-4.4926794,36.8157622],[-4.4931395,36.814188],[-4.4938971,36.814028],[-4.4949041,36.8141967],[-4.4955569,36.8139559],[-4.4961555,36.8129578],[-4.4968947,36.8127919],[-4.4977085,36.8115907],[-4.4980652,36.8115812],[-4.4992846,36.8127107],[-4.4978571,36.8134649],[-4.4971946,36.8150488],[-4.4988458,36.8187605],[-4.5041574,36.8241608],[-4.5050315,36.8248945],[-4.5053026,36.8254082],[-4.5053057,36.8256936],[-4.5050294,36.8260754],[-4.5052286,36.826311],[-4.5052792,36.8261633],[-4.5054246,36.8260867],[-4.5053167,36.8260401],[-4.5055685,36.825271],[-4.5054001,36.8248179],[-4.5044132,36.8239549],[-4.5012664,36.819231],[-4.5010852,36.8187464],[-4.4992528,36.8161392],[-4.4995018,36.8151513],[-4.500403,36.8144912],[-4.5006891,36.8148879],[-4.5008542,36.8147415],[-4.5017238,36.8145871],[-4.5019042,36.8146659],[-4.5020959,36.814902],[-4.5023436,36.8149138],[-4.5021607,36.8147367],[-4.502215,36.8144471],[-4.5026548,36.8142709],[-4.5019484,36.8141913],[-4.5016186,36.8140666],[-4.50191,36.8135038],[-4.5019626,36.8129777],[-4.5015151,36.8125553],[-4.5006351,36.8120381],[-4.5008551,36.8118378],[-4.5008489,36.8117415],[-4.500457,36.8116227],[-4.5001452,36.8103696],[-4.4999828,36.8100672],[-4.4994923,36.8097442],[-4.4991244,36.8090718],[-4.4986389,36.8088171],[-4.497627,36.8086914],[-4.4974132,36.8086011],[-4.4970386,36.8085896],[-4.4967123,36.8088163],[-4.4960892,36.8087022],[-4.4959611,36.8084459],[-4.4957762,36.8084969],[-4.495614,36.8083853],[-4.4946848,36.8082556],[-4.494373,36.8081435],[-4.4941132,36.8077756],[-4.4941591,36.8075379],[-4.4938851,36.8069519],[-4.4940079,36.8067609],[-4.4941525,36.8059345],[-4.4944021,36.8056611],[-4.4950668,36.8055847],[-4.4956085,36.8056425],[-4.4959306,36.8054927],[-4.4956719,36.8050083],[-4.4956134,36.8045645],[-4.4959673,36.8038304],[-4.4955222,36.8036738]],[[-4.4873047,36.820223],[-4.4870087,36.8204143],[-4.4871645,36.820512],[-4.487567,36.8205681],[-4.4878527,36.8208051],[-4.4880163,36.8205432],[-4.487567,36.8202313],[-4.4873047,36.820223]],[[-4.5003848,36.8333862],[-4.5004071,36.8334752],[-4.5006926,36.8336384],[-4.5010336,36.8332378],[-4.5006184,36.8329055],[-4.5003848,36.8333862]],[[-4.5185088,36.8524774],[-4.5184491,36.852734],[-4.5187698,36.8528118],[-4.5188162,36.8525287],[-4.5185088,36.8524774]]],[[[-4.538281079862689,36.69645641043642],[-4.5375413,36.6971503],[-4.537047853797916,36.697239976486934],[-4.538281079862689,36.69645641043642]]],[[[-4.5331963,36.6959263],[-4.5326001,36.6953206],[-4.532520529531945,36.69527696801857],[-4.5327911,36.6952983],[-4.533792749911743,36.696340703659025],[-4.5331963,36.6959263]]],[[[-4.763173778617463,36.90823621595708],[-4.7631816819777475,36.90840093371856],[-4.7627123,36.9084496],[-4.7626859,36.9082868],[-4.763173778617463,36.90823621595708]]],[[[-4.6875378,36.6894409],[-4.6876947,36.6894282],[-4.6875306,36.6894755],[-4.6875378,36.6894409]]]]}}]}
